idx	case	relation	subject	predicate	quote	context	licensed
0	DA_d2_heldout200b/529	sufficient_for	Cytomegalovirus infection	PCR	Diagnosis of CMV infection is generally established with PCR	Cytomegalovirus infection is usually seen in patients with HIV/AIDS with CD4 counts of <100 cells/mm3.[12] Diagnosis of CMV infection is generally established with PCR or serologic testing.[4][11] Kaposi sarcoma is diagnosed via biopsy, and a PCR identifies the HHV-8.[4][11] Verruca Vulgaris, Oral Squamous Papillomas, Condyloma Acuminatum, and Heck's Disease	
1	MCR_seq200b/291	pathognomonic_for	Necrolytic acral erythema	vacuolar degeneration of basal cells	necrosis of keratinocytes and vacuolar degeneration of some basal cells are critical diagnostic features	erythema, including its impact on enzymatic processes and skin integrity, underscores the importance of addressing zinc levels in affected patients.[9] In addition, malabsorption of essential nutrients, including amino acids and vitamins, can contribute to skin manifestations. The resultant hypoaminoacidemia may impair protein synthesis and skin barrier function, exacerbating the symptoms of necro	
2	DA_d2_heldout100/261	pathognomonic_for	Malakoplakia	MG bodies	MG bodies	Histologic sections reveal a dense inflammatory infiltrate composed mainly of lymphocytes, plasma cells, histiocytes, and associated nuclear debris. The foamy histiocytes are enlarged with ecentric nucleaus having granular cytoplasm exhibiting variably sized, round cytoplasmic inclusions, many displaying concentrically layered structures with a central basophilic focus and surrounding pale halo. T	
3	DA_d2_heldout200b/529	sufficient_for	Immune reconstitution inflammatory syndrome (IRIS)	paracetamol	paracetamol or with the use of nonsteroidal anti-inflammatory drugs (NSAIDs)	Approaches to prevent IRIS in HIV patients: [37] The management of immune reconstitution inflammatory syndrome should focus on symptom control. It is equally important that the treatment includes initiating anti-microbial agents for the underlying opportunistic infection associated with the IRIS. It is also highly recommended to continue HAART unless there is evidence of severe HAART-related toxic	
4	DA_d2_heldout100/261	pathognomonic_for	Malakoplakia	Michaelis-Gutmann bodies	The pathognomonic Michaelis-Gutmann bodies	t frequently associated organism, although a variety of other bacterial pathogens have also been reported. Management strategies range from antimicrobial therapy to surgical resection, depending on the extent of disease and clinical context.[1] The precise pathogenesis of malakoplakia remains incompletely characterized, representing a significant gap in our understanding of this distinctive chroni	
5	MCR_v1_seq100/114	sufficient_for	Leiomyosarcoma	Coagulative tumor cell necrosis	Coagulative tumor cell necrosis	Benign Malignant Low mitotic index (<5 mitotic figures for 10 High Power Field)No cell atypiaNo tumor cell necrosis (with the exception of ischemic necrosis)Typical presentation of the smooth muscle cells, with uniform shape and sizeNo intravascular componentWell-demarcated Numerous mitotic figures (≥5 for 10 High-Power Field)Significant cell atypiaAreas of tumor cell necrosis with island-like pre	
6	DA_d2_heldout100/261	required_for	COVID-19	molecular testing	confirmation by molecular testing	Viral hepatitis (A through E) can enter the differential when prominent hepatic manifestations accompany systemic symptoms, and diagnosis is established using pathogen-specific serology and PCR-based testing as appropriate. In contemporary practice, COVID-19 and seasonal influenza should be considered based on circulating community transmission and respiratory features, with confirmation by molecu	
7	MCR_v1_seq100/114	required_for	Pilonidal disease	incision and drainage	The mainstay of acute pilonidal disease, or abscess, is similar to any abscess and requires incision and drainage (I&D)	Pilonidal disease is largely considered a surgical disease, despite the many nonoperative approaches. The mainstay of acute pilonidal disease, or abscess, is similar to any abscess and requires incision and drainage (I&D). An early study looking at simple incision and drainage reported an immediate return to work, with 58% of patients healing within ten weeks; 21% of patients developed recurrence,	
8	DA_d2_seq100/100	sufficient_for	Angiosarcoma	local control	local control which involves surgery with perioperative RT	The patients and physicians must understand the rarity and the aggressive nature of the disease, and the need for multidisciplinary discussions. Although no large randomized trials have been done specifically for AS, retrospective data clearly shows the survival benefit of local control which involves surgery with perioperative RT. Despite of good local control measures, recurrence rates are high,	
9	DA_d2_heldout100/261	required_for	Dermatitis Herpetiformis	serological testing	Diagnosis of dermatitis herpetiformis is based on clinical signs and symptoms, serological testing	Routine screening for asymptomatic individuals is generally not recommended. However, testing should be considered for certain high-risk groups, including first-degree relatives of individuals with celiac disease, as they have a 10% to 15% increased risk of developing the condition. Celiac disease is also strongly associated with autoimmune disorders such as type 1 diabetes, autoimmune thyroid dis	
10	DA_d2_heldout100/261	pathognomonic_for	Xanthoma	small nodule	the presence of the small, tender, flesh-colored or red nodule	Symptoms and signs develop at the top edge of the posterior shoe counter. Early symptoms may be limited to redness, pain, and warmth. Later, superficial skin erosion may occur. After months or longer, a fluctuant, tender, cystic nodule 1- to 3-cm in diameter develops. It is red or flesh-colored. In chronic cases, the bursa becomes fibrotic. The presence of the small, tender, flesh-colored or red n	
11	DA_d2_heldout200b/529	required_for	Herpes simplex virus infection	renal function	renal function has to be monitored during long-term treatment	mg 2 times daily increases graft survival and should be given to patients in whom optical penetrating keratoplasty is attempted for herpetic eye disease. The prophylaxis should be continued in patients with severe atopic eye disease but with no history of ocular HSV involvement. The treatment duration and optimum drug dose have not been established yet. Immunohistochemistry can confirm the presenc	
12	74	required_for	Catecholaminergic Polymorphic VT (CPVT)	genetic testing	genetic testing	genetic testing	
13	DA_d2_heldout200b/529	pathognomonic_for	Hydrocele	fluid surrounding the testis	The ultrasound scan revealed fluid surrounding the testis, which is diagnostic of a hydrocele	Further examination of the scrotal mass was required. A transillumination test of the scrotum on the affected side was positive. An ultrasound scan revealed normal right and left testes and a large fluid collection around the right testis. A diagnosis of a right-sided hydrocele was made. Scrotal masses are common in young males, and determining the exact anatomical site of the scrotal mass is of u	
14	MCR_seq200b/291	pathognomonic_for	Scabies	burrow	The presence of a burrow	f age) 3. History of generally dry skin in the past year 4. Onset in a child <2 years of age (criterion not used if child is <4 years of age) 5. Visible flexural dermatitis (including dermatitis affecting cheeks, forehead, and outer aspects of limbs in children <4 years of age) Visible flexural dermatitis (including dermatitis affecting cheeks, forehead, and outer aspects of limbs in children <4 y	
15	DA_d2_seq100/100	required_for	Kaposi sarcoma	systemic treatment	systemic treatment is required	Challenges in treatment include achieving negative margins on surgical excision due to the possibility of skin lesions or the inability to visualize the entire malignancy. In some institutions, patients are also offered neoadjuvant taxane-based chemotherapy, though no benefit was seen with the addition of chemotherapy at that institution.[24] However, other institutions experienced a 5-year surviv	
16	DA_d2_heldout200b/529	pathognomonic_for	Cytomegalovirus (CMV) infection	CMV inclusion bodies	pathognomonic CMV inclusion bodies	Visualizing pathognomonic CMV inclusion bodies on histopathological examination is the gold standard for diagnosing tissue CMV disease. CMV DNA PCR can also be used to diagnose CMV disease in tissues, such as the detection of CMV in bronchoalveolar lavage fluid or lung tissue samples through virus isolation, histopathologic testing, and immunohistochemical analysis.[65] Cytomegalovirus Gastrointes	
17	MCR_seq200b/291	required_for	Zinc Deficiency	serum zinc level	a serum zinc level <70 μg/dL	a serum zinc level <70 μg/dL	
18	DA_d2_heldout100/261	required_for	Xanthoma	high-density lipoproteins (HDL)	laboratory investigations that include high-density lipoproteins (HDL)	Planar xanthomas can be on the palmar creases and flexure surfaces of fingers, and skin folds and are typically seen with biliary cirrhosis. They can occur in a variety of anatomic regions and can be pathognomonic for different systemic conditions based on their presentation. For example, palmar crease xanthomas can be pathognomonic for familial dysbetalipoproteinemia type III.[3] Xanthoma planum	
19	MCR_v1_seq100/114	required_for	Lipoma	histopathologic confirmation	Histopathologic analysis confirmed the diagnosis of a lipoma	Case of lipoma inside the tensor fascia latae muscle. A: Transverse T1-weighted MR image showing a lesion of 1cm in diameter in the tensor fascia latae muscle (TFL) with high signal intensity comparable to that of subcutaneous fat (white arrow). The black arrow points at the branches of the LFCN. B: Intra-operative image with white bands placed around the separate branches of the LFCN after openin	
20	DA_d2_heldout100/261	sufficient_for	E. coli	phenotypic identification	Phenotypic identification and PCR detection are commonly used for diagnosing E. coli	Streptococcus equi subsp. zooepidemicus (S. zooepidemicus) causes abortion and respiratory disease in horses and donkeys. It can infect a wide range of animals, including humans, monkeys, sheep, dogs, cattle, and swine, and is associated with various diseases in different species. S. zooepidemicus-induced equine ascending placentitis is a common cause of abortion in mares. Recently, Stout et al. f	
21	DA_d2_seq100/100	required_for	Kaposi sarcoma	ferritin	ferritin	Secondary, additional blood tests or imaging studies may be required, depending on the clinical findings (Figure 3). (A) Pulmonary lesion of Kaposi sarcoma identified by chest CT scan, and (B) digestive localizations of Kaposi sarcoma evaluated by colonoscopy in immunodeficient patients with invasive Kaposi sarcoma. In all cases: screening for iron deficiency: blood count, ferritin, and C‐reactive	
22	MCR_v1_seq100/114	required_for	Chest wall tumors	PET-CT	Patients with chest wall tumors require ... sometimes PET-CT	Five-year survival for typical (well-differentiated) carcinoids is > 90%; for atypical tumors, it is 50 to 70%. Chest Wall Tumors Chest wall tumors are benign or malignant tumors that can interfere with pulmonary function. Primary chest wall tumors account for 5% of all thoracic tumors and 1 to 2% of all primary tumors. Almost half are benign; the most common are osteochondroma, chondroma, and fib	
23	DA_d2_seq100/100	sufficient_for	Lymphangiosarcoma	early diagnosis	Only early diagnosis can improve survival	In a recent institutional review, patients were found to have a 3-year and 5-year survival of 55% and 35%, respectively. Median survival has been noted at just 7 months. Good prognostic factors have been found to be age (younger than 50 years), localized tumor stage, and anatomical site (trunk). The reason for increased survival in patients with angiosarcomas of the trunk is unclear. The managemen	
24	DA_d2_heldout200b/529	sufficient_for	Cytomegalovirus infection	serologic testing	Diagnosis of CMV infection is generally established with ... serologic testing	Diagnosis of CMV infection is generally established with ... serologic testing	
25	DA_d2_heldout200b/529	required_for	Pneumocystis jirovecii pneumonia (PCP)	immunosuppression	history of immunosuppression	Pneumocystis jirovecii adheres to the surface epithelium of type 1 alveolar cells, which stimulates cytokines, chemokines, and cellular infiltrate in the lungs to eradicate the infection. In immunocompetent hosts, this results in a mild inflammatory response with minimal damage to the lung. However, patients with a diminished immune response due to lack or incomplete function of certain immune sys	
26	DA_d2_heldout100/261	required_for	Celiac Disease	HLA-DQ2 or HLA-DQ8	HLA-DQ2 or HLA-DQ8 is necessary for the development of celiac disease	Increased intestinal permeability further amplifies antigen exposure and promotes inflammation. Although HLA-DQ2 or HLA-DQ8 is necessary for the development of celiac disease, it is insufficient, as many individuals carrying these alleles remain asymptomatic. Environmental factors, such as gastrointestinal infections, antibiotic-induced disruption of the gut microbiome, and immune modulation durin	
27	DA_d2_heldout200b/529	pathognomonic_for	Giardiasis	cysts in stool	Characteristic trophozoites or cysts in stool are diagnostic	care centers or between sex partners. Giardia cysts remain viable in surface water and are resistant to routine levels of chlorination. Wild animals may also serve as reservoirs. Thus, mountain streams as well as chlorinated but poorly filtered municipal water supply systems have been implicated in waterborne epidemics. Many cases are asymptomatic. However, asymptomatic people can pass infective c	
28	74	required_for	Arrhythmogenic Right Ventricular Cardiomyopathy	cardiac structural or tissue abnormalities	at least 1 criterion must be fulfilled from groups I or II	at least 1 criterion must be fulfilled from groups I or II	
29	DA_d2_heldout200b/529	pathognomonic_for	Herpes simplex keratitis	PCR from aqueous sampling	The PCR from aqueous sampling is diagnostic	Herpetic iridocyclitis can result without signs of active corneal inflammation and may be associated with direct viral replication. The rise in intraocular pressure is common and often thought to result from trabeculitis. There can also be IOP elevation second to steroid use. The etiology can be missed in these cases unless an underlying history of herpes simplex keratitis is present. Patchy iris	
30	74	pathognomonic_for	Arrhythmogenic right ventricular dysplasia (ARVD)	epsilon wave	Arrhythmogenic right ventricular dysplasia (ARVD) – incomplete RBBB with T waves inversion in V1-3, epsilon wave is pathognomonic	Arrhythmogenic right ventricular dysplasia (ARVD) – incomplete RBBB with T waves inversion in V1-3, epsilon wave is pathognomonic	
31	74	required_for	Cardiomyopathy	echocardiography	Evaluation typically includes echocardiography	Evaluation typically includes echocardiography	
32	DA_d2_heldout200b/529	sufficient_for	Pneumocystis jirovecii pneumonia	fine-needle aspiration biopsy	diagnosis may be established with fine-needle aspiration biopsy	Pulmonary involvement is relatively common, and the main imaging findings are bronchiectasis, bronchial wall thickening, mucus plugs, small centrilobular nodules, tree-in-bud appearance, airspace consolidation, and cavities. The presence of accompanying pulmonary involvement can make this diagnosis more likely to be considered and may facilitate the differential diagnosis. Pneumocystis jirovecii i	
33	DA_d2_seq100/100	sufficient_for	Angiosarcoma (AS)	negative margin	surgical resection with a negative margin affords the best outcomes	Angiosarcoma (AS) comprises 1% of all soft-tissue sarcoma (STS), which are themselves a rare malignancy. They arise from lymphatic or vascular endothelial cells and are 'high-grade' by definition, which demonstrates their aggressive behavior.[1] Although AS can occur in any part of the body, it most commonly presents as a cutaneous disease in elderly white men or on the chest wall after receiving	
34	DA_d2_heldout200b/529	sufficient_for	CMV-IRIS	Intraocular steroid administration	Patients with CMV-IRIS can benefit from Intraocular steroid administration	for the underlying opportunistic infection associated with the IRIS. It is also highly recommended to continue HAART unless there is evidence of severe HAART-related toxicity or IRIS with central nervous system (CNS) involvement.[20] The current guidelines recommend initiating HAART within 2 weeks of diagnosing most opportunistic infections. However, special consideration must be given to opportun	
35	MCR_v2_seq100/133	required_for	Benign Prostatic Hyperplasia	IPSS or AUA symptom score	IPSS or AUA symptom score	Long-term management for recurrent or intractable acute retention and chronic urinary retention is usually a transurethral resection of the prostate (TURP) or similar surgery. Intermittent self-catheterization is an option in selected patients. Permanent Foley catheterization or suprapubic tube placement may also be appropriate in some situations. Treatment of Benign Prostatic Hyperplasia In men w	
36	DA_d2_heldout200b/529	pathognomonic_for	CMV GI disease	CMV in biopsy specimens	identification of CMV in biopsy specimens	Visualizing pathognomonic CMV inclusion bodies on histopathological examination is the gold standard for diagnosing tissue CMV disease. CMV DNA PCR can also be used to diagnose CMV disease in tissues, such as the detection of CMV in bronchoalveolar lavage fluid or lung tissue samples through virus isolation, histopathologic testing, and immunohistochemical analysis.[65] Cytomegalovirus Gastrointes	
37	MCR_v1_seq100/114	required_for	Pilonidal disease	histopathologic evaluation	all specimens should be sent for histopathologic evaluation	nd, interdigital, and periungual; often, these patients have a history of occupational exposure as barbers, hairdressers, or animal groomers.[80][81][82][83][84] Pilonidal disease of the hand has also been reported associated with Dupuytren contracture.[85] Pilonidal disease has been reported in the anal canal, and there may be a higher prevalence of sacrococcygeal pilonidal disease in those patie	
38	MCR_seq200b/291	pathognomonic_for	Lichen simplex chronicus	leathery or tree bark sign	the classical leathery or tree bark sign in lichen simplex chronicus	Lichenification makes up part of the minor criteria under Hanifin and Rajka’s criteria for the diagnosis of atopic dermatitis. Other signs of close similarity include the Dennie-Morgan fold, anterior neck folds, and hyperlinearity of the palms and soles.[16] The classical leathery or tree bark sign in lichen simplex chronicus represents lichenification.[6][17] Lidocaine is a tertiary amine class I	
39	DA_d2_seq100/100	required_for	Kaposi sarcoma	biopsy	biopsy or excision of the suspicious areas	A general history and physical are performed first. The skin is examined for purplish lesions or lymph node enlargement that may signal the presence of Kaposi sarcoma. Suspicious lesions on the skin or lymph nodes can be biopsied and sent to pathology for evaluation. Particular care and attention should be paid to mucocutaneous surfaces as it is a common presenting location. For a definitive diagn	
40	MCR_seq200b/291	required_for	Psoriasis	skin biopsy	A skin biopsy may occasionally be helpful in atypical cases	Nail changes are common, including pitting, onycholysis, subungual hyperkeratosis, and oil-drop discoloration, the latter of which is often described as a salmon patch appearance. Nail involvement is a strong predictor of concomitant psoriatic arthritis (see Image. Nails in Psoriasis). The diagnosis of plaque psoriasis is primarily clinical, based on history and physical examination. A skin biopsy	
41	DA_d2_heldout100/261	sufficient_for	Metastatic calcification	calcium phosphate product exceeds 70	Metastatic calcification has abnormal serum levels of calcium and phosphorus with deposition occurring after calcium phosphate product exceeds 70	rous structures of muscles and tendons. This activity reviews the evaluation and management of calcinosis cutis and highlights the role of the interprofessional team in improving care for affected patients. Objectives: Identify the features of calcinosis cutis and of associated systemic diseases.Review the laboratory studies that should be obtained in the evaluation of calcinosis cutis.Describe th	
42	74	pathognomonic_for	Long QT Syndrome	prolonged QT interval	congenital long QT syndrome	congenital long QT syndrome	
43	DA_d2_heldout100/261	sufficient_for	nontuberculous mycobacterial infections	surgical biopsy	the only definitive test is a surgical biopsy	To rule out nontuberculous mycobacterial infections, microbiological studies should be performed, as they usually allow the isolation and identification of mycobacteria. However, the diagnosis may be difficult in patients with multiple pulmonary nodules by chest CT, since investigations for mycobacteria in respiratory secretions or BAL fluid may be falsely negative. In this situation, the only def	
44	MCR_v1_seq100/114	required_for	Proctitis	sigmoidoscopy	Diagnosis is by sigmoidoscopy, usually with cultures and biopsy	Diagnosis is by sigmoidoscopy, usually with cultures and biopsy	
45	DA_d2_heldout200b/529	sufficient_for	Pneumocystis jirovecii	steroid use	pneumonitis secondary to Pneumocystis jirovecii	Approaches to prevent IRIS in HIV patients: [37] The management of immune reconstitution inflammatory syndrome should focus on symptom control. It is equally important that the treatment includes initiating anti-microbial agents for the underlying opportunistic infection associated with the IRIS. It is also highly recommended to continue HAART unless there is evidence of severe HAART-related toxic	
46	MCR_v2_seq100/133	sufficient_for	BPH	prostate volume	volume greater than 30 mL	The CT scan does not sufficiently define detailed prostate anatomy or pathology. It may show a hyperdense central zone with density adjusted to around 40 to 60 Hounsfield Units (HU), and the peripheral zone may appear hypodense, with density between 10 and 25 HU.[8] Focal peripheral zone lesions with >25 HU on CT might be suspicious for prostatic malignancy.[9] Benign Prostatic Hyperplasia CT scan	
47	DA_d2_heldout100/261	pathognomonic_for	dermatitis herpetiformis	IgA deposition in papillary dermis	deposition of IgA in the papillary dermis	The characteristic lesions of dermatitis herpetiformis are grouped erythematous papules and vesicles located over extensor sites. Because the condition is so pruritic, intact vesicles are rarely seen, and the patient may simply present with excoriations. Lesions tend to be symmetrical and heal without scarring. Patients may develop punctate purpura on the palms and soles. Mucosal change may occur,	
48	DA_d2_heldout200b/529	sufficient_for	nodular bronchiectatic form	observation alone	and the diagnosis of the disease does not require immediate treatment and may be managed with observation alone	Non-tuberculosis mycobacterium avium complex infection: The incidence of nontuberculous mycobacterial pulmonary disease in the United States and Canada has been increasing and this is mainly due to mycobacterium avium complex organisms. Although this infection can happen in patients with pre-existing pulmonary disease or depressed immunity, it has been increasingly reported in otherwise healthy in	
49	DA_d2_heldout200b/529	sufficient_for	Bronchiectasis exacerbation	elevated eosinophil counts	elevated eosinophil counts of 100–299 cells/µL	Although bronchiectasis is historically considered a neutrophilic lung disease, eosinophilic inflammation is increasingly recognised in bronchiectasis. A recent European multicentre study analysing 1,007 patients with bronchiectasis showed that 22.6% of them had blood eosinophil counts of ≥300 cells/µL. Furthermore, to examine the relationship between eosinophil counts and exacerbations after adju	
50	DA_d2_heldout200b/529	sufficient_for	Immune reconstitution inflammatory syndrome (IRIS)	TNF-alpha antagonists	biological agents such as TNF-alpha antagonists	that the treatment includes initiating anti-microbial agents for the underlying opportunistic infection associated with the IRIS. It is also highly recommended to continue HAART unless there is evidence of severe HAART-related toxicity or IRIS with central nervous system (CNS) involvement.[20] The current guidelines recommend initiating HAART within 2 weeks of diagnosing most opportunistic infecti	
51	DA_d2_heldout200b/529	pathognomonic_for	Cytomegalovirus disease	CMV inclusion bodies	pathognomonic CMV inclusion bodies	Visualizing pathognomonic CMV inclusion bodies on histopathological examination is the gold standard for diagnosing tissue CMV disease. CMV DNA PCR can also be used to diagnose CMV disease in tissues, such as the detection of CMV in bronchoalveolar lavage fluid or lung tissue samples through virus isolation, histopathologic testing, and immunohistochemical analysis.[65] Cytomegalovirus Gastrointes	
52	MCR_v1_seq100/114	required_for	cardiac abscess	surgical intervention	Without surgical intervention	Patients can recover quickly if the diagnosis is made early and treatment ensues without delay. Without surgical intervention, the prognosis is usually not favorable. Complications of cardiac abscess include: Posttreatment and postsurgical considerations of cardiac abscess management include:	
53	MCR_seq200b/291	pathognomonic_for	Necrolytic acral erythema	necrosis of keratinocytes	necrosis of keratinocytes and vacuolar degeneration of some basal cells are critical diagnostic features	erythema, including its impact on enzymatic processes and skin integrity, underscores the importance of addressing zinc levels in affected patients.[9] In addition, malabsorption of essential nutrients, including amino acids and vitamins, can contribute to skin manifestations. The resultant hypoaminoacidemia may impair protein synthesis and skin barrier function, exacerbating the symptoms of necro	
54	74	pathognomonic_for	Neurogenic pulmonary edema	bilateral symmetric interstitial-to-alveolar pattern	A bilaterally symmetric interstitial-to-alveolar pattern most prominent in the caudodorsal lung fields is commonly seen	A bilaterally symmetric interstitial-to-alveolar pattern most prominent in the caudodorsal lung fields is commonly seen	
55	MCR_seq200b/291	pathognomonic_for	Pustular psoriasis	sterile pustules	sterile pustules	Laboratory abnormalities, including hypocalcemia, hypoproteinemia, hypoalbuminemia, and abnormal liver or kidney function, are not diagnostic criteria but should be regularly monitored to detect complications. Genetic testing is not required for diagnosis. However, IL36RN mutation screening is advised if accessible. Mutations in IL36RN have been associated with a more severe disease phenotype, mar	
56	MCR_v1_seq100/114	pathognomonic_for	Mature cystic teratomas	multiple fat-fluid levels	Multiple fat-fluid levels are highly specific	Mature cystic teratomas and dermoid cysts are characterized by multiple tissue densities within a single mass (Figure 5). However, in many cases, these may not be readily apparent on CT imaging. MR imaging demonstrating macro or microscopic fat can aid in diagnosis. Multiple fat-fluid levels are highly specific. Gross fat is often easier to identify than microscopic fat. 36-year-old male with a cy	
57	DA_d2_seq100/100	required_for	Metastatic carcinoma	histologic confirmation	histologic confirmation	For patients suspected of having primary non-small lung cancer that has metastasized, clinicians should obtain histologic confirmation from suspected metastatic sites, not the suspected primary lesion. However, if biopsy of a metastatic site is technically difficult or hazardous, biopsying the primary lung lesion or mediastinal lymph nodes should be performed using the least invasive method. Metas	
58	DA_d2_heldout200b/529	required_for	upper lobe fibrocavitary form	prompt treatment	which has a more rapid and aggressive course, and needs prompt treatment	Non-tuberculosis mycobacterium avium complex infection: The incidence of nontuberculous mycobacterial pulmonary disease in the United States and Canada has been increasing and this is mainly due to mycobacterium avium complex organisms. Although this infection can happen in patients with pre-existing pulmonary disease or depressed immunity, it has been increasingly reported in otherwise healthy in	
59	DA_d2_heldout100/261	required_for	Sarcoidosis	histopathology	histopathology remains the gold standard for diagnosis	includes laboratory evaluation, pulmonary function testing, radiographic staging, and biopsy interpretation to confirm the diagnosis and determine disease extent.Select evidence-based pharmacologic treatment strategies for sarcoidosis, including appropriate initiation, tapering, and discontinuation of corticosteroids, and determine when corticosteroid-sparing agents or biologic therapies are indic	
60	DA_d2_heldout200b/529	pathognomonic_for	Giardiasis	trophozoites in stool	Characteristic trophozoites or cysts in stool are diagnostic	care centers or between sex partners. Giardia cysts remain viable in surface water and are resistant to routine levels of chlorination. Wild animals may also serve as reservoirs. Thus, mountain streams as well as chlorinated but poorly filtered municipal water supply systems have been implicated in waterborne epidemics. Many cases are asymptomatic. However, asymptomatic people can pass infective c	
61	DA_d2_heldout100/261	pathognomonic_for	Erythema nodosum	edema in the upper dermis with a dense infiltrate of neutrophils in the dermis	edema in the upper dermis with a dense infiltrate of neutrophils in the dermis	Patients are febrile, with an elevated neutrophil count, and have tender, dark-red plaques or papules, most often on the face, neck, and upper extremities, especially the dorsum of hands. Oral lesions can also occur. Rarely, bullous and pustular lesions are present. The lesions often develop in crops. Each crop is preceded by fever and persists for days to weeks. Extracutaneous manifestations can	
62	DA_d2_seq100/100	pathognomonic_for	Kaposi sarcoma	spindle cell vascular proliferation	spindle cell vascular proliferation	A general history and physical are performed first. The skin is examined for purplish lesions or lymph node enlargement that may signal the presence of Kaposi sarcoma. Suspicious lesions on the skin or lymph nodes can be biopsied and sent to pathology for evaluation. Particular care and attention should be paid to mucocutaneous surfaces as it is a common presenting location. For a definitive diagn	
63	MCR_v1_seq100/114	pathognomonic_for	Dermoid cyst	hair protruding from punctum	Hair protruding from a dermoid cyst punctum is pathognomic for dermoid cysts	Dermoid cysts usually occur as solitary lesions; however, multiple concurrent dermoid cysts have also been reported.[2] Dermoid cysts typically present as a pale, flesh-colored, pearly, dome-shaped, firm, deep-seated, subcutaneous nodule.[1][2][3][12] They are usually asymptomatic, non-pulsatile, and non-compressible.[1][2] Hair protruding from a dermoid cyst punctum is pathognomic for dermoid cys	
64	DA_d2_heldout200b/529	required_for	Immune reconstitution inflammatory syndrome (IRIS)	nutritional status optimization	optimizing nutritional status	Approaches to prevent IRIS in HIV patients: [37] The management of immune reconstitution inflammatory syndrome should focus on symptom control. It is equally important that the treatment includes initiating anti-microbial agents for the underlying opportunistic infection associated with the IRIS. It is also highly recommended to continue HAART unless there is evidence of severe HAART-related toxic	
65	MCR_v1_seq100/114	pathognomonic_for	Mature teratoma	Rokitansky nodule	a Rokitansky nodule or dermoid plug—a solid protuberance projecting into the cystic cavity	mature cystic teratoma (MCT) or a dermoid cyst, is the most common GCT and the most common benign ovarian tumor in the pediatric age group, especially in the first two decades of life, accounting for more than half of all cases in this population. It is mostly asymptomatic and typically an incidental finding; however, complications include torsion (3–16%), rupture (1–4%), and less likely infection	
66	DA_d2_seq100/100	pathognomonic_for	ATLL	lobulated, cloverleaf-shaped nuclei	dense chromatin with lobulated, cloverleaf-shaped nuclei	Pathognomonic morphological features of leukemic ATLL lymphocytes include dense chromatin with lobulated, cloverleaf-shaped nuclei, often referred to as flower cells.[73] Scattered blast cells may also be visible on blood film, whereas bone marrow examination typically demonstrates patchy infiltrates. Histological assessment of lymphoid tissue is essential when lymphomatous disease is suspected. I	
67	MCR_v1_seq100/114	sufficient_for	SIJ pathology	3 or more positive provocation tests	When 3 or more provocation tests yield positive findings	Additional assessments include the Trendelenburg test, which identifies gluteus medius weakness that may contribute to SIJ pain, and the FABER (flexion, abduction, and external rotation) test, where pain localized over the contralateral SIJ constitutes a positive finding. No single maneuver is diagnostic, but the combined use of provocative tests improves accuracy. When 3 or more provocation tests	
68	MCR_v2_seq100/133	required_for	Lung Cancer	actively smoking or have quit in the previous 15 years	who are currently actively smoking or have quit in the previous 15 years	Lung cancer screening with an annual low-dose computed tomography of the chest is recommended for patients between ages 50 and 80 with at least a 20-pack-year smoking history who are currently actively smoking or have quit in the previous 15 years. There are no consensus guidelines specifying modifications based on Agent Orange exposure. In exposed patients with other significant risk factors for	
69	MCR_v1_seq100/114	sufficient_for	Leiomyosarcoma	>4 mitotic figures/50 High-Power Field	>4 mitotic figures/50 High-Power Field	Benign Malignant Low mitotic index (<5 mitotic figures for 10 High Power Field)No cell atypiaNo tumor cell necrosis (with the exception of ischemic necrosis)Typical presentation of the smooth muscle cells, with uniform shape and sizeNo intravascular componentWell-demarcated Numerous mitotic figures (≥5 for 10 High-Power Field)Significant cell atypiaAreas of tumor cell necrosis with island-like pre	
70	MCR_v2_seq100/133	required_for	Soft tissue sarcoma in children and young people	ultrasound scan findings suggestive of soft tissue sarcoma	Consider a very urgent referral (for an appointment within 48 hours) for children and young people if they have ultrasound scan findings that are suggestive of soft tissue sarcoma or if ultrasound findings are uncertain and clinical concern persists.	1.11 Sarcomas Separate recommendations have been made for adults and for children and young people to reflect that there are different referral pathways. In practice, young people (aged 16 to 24) may be referred using either pathway depending on their age and local arrangements. Bone sarcoma in adults 1.11.1 Consider a suspected cancer pathway referral for adults if an X‑ray suggests the possibili	
71	DA_d2_heldout100/261	sufficient_for	Metastatic calcification	calcium phosphate product exceeds 70	calcium phosphate product exceeds 70	Calcinosis cutis is a condition in which calcium salts are deposited in the skin and subcutaneous tissue. It is classified into five main types: dystrophic, metastatic, idiopathic, iatrogenic, and calciphylaxis. Dystrophic calcification is the most common cause of calcinosis cutis and is associated with normal laboratory values of calcium and phosphorus. There is an underlying disease, systemic sc	
72	74	required_for	Catecholaminergic Polymorphic VT (CPVT)	ILRs	ILRs	ILRs	
73	DA_d2_seq100/100	sufficient_for	Cutaneous horns	deep biopsy or total excision	deep biopsy or total excision remain the treatments of choice	Ablative lasers like carbon dioxide or neodymium-doped yttrium aluminum garnet may be preferred for aesthetic considerations and electrocautery.[4][22] Cryotherapy is not a recommended treatment. Despite these alternatives, deep biopsy or total excision remain the treatments of choice, ensuring that the base of the horn is preserved for histological preparations.[4] Patients with cutaneous horns c	
74	74	required_for	Cardiomyopathy	echocardiogram	Echocardiogram, cardiac MRI, cardiac CT, and nuclear medicine imaging are the primary imaging modalities used	Echocardiogram, cardiac MRI, cardiac CT, and nuclear medicine imaging are the primary imaging modalities used	
75	DA_d2_seq100/100	required_for	Angiosarcoma	negative margins	negative margins	Surgical treatment with wide margins is indicated. Even when margins are found to be negative by histologic studies, the recurrence rate and risk of metastatic disease remain increased. For this reason, a multispecialty approached is often warranted. The differential diagnosis of cutaneous angiosarcoma includes both benign and malignant lesions such as hemangioma, hemangioblastoma, squamous cell c	
76	MCR_seq200b/291	required_for	erosive lichen planus	biopsy	The biopsy of the lesion is usually performed when the diagnosis is in question	Diagnosis of erosive lichen planus is most often made based on a typical history and clinical appearance. The biopsy of the lesion is usually performed when the diagnosis is in question or to rule out malignancy. As mentioned above, ulceration of the lesion may result in the absence of the characteristic lichenoid features on histology.[8] Regardless of the location of the patient’s symptoms, full	
77	DA_d2_seq100/100	required_for	Cutaneous horns	histopathological analysis	histopathological analysis is crucial to determine the underlying etiology	Ablative lasers like carbon dioxide or neodymium-doped yttrium aluminum garnet may be preferred for aesthetic considerations and electrocautery.[4][22] Cryotherapy is not a recommended treatment. Despite these alternatives, deep biopsy or total excision remain the treatments of choice, ensuring that the base of the horn is preserved for histological preparations.[4] Patients with cutaneous horns c	
78	MCR_v1_seq100/114	required_for	Chest wall tumors	biopsy	Biopsy and histologic evaluation confirm the diagnosis	Five-year survival for typical (well-differentiated) carcinoids is > 90%; for atypical tumors, it is 50 to 70%. Chest Wall Tumors Chest wall tumors are benign or malignant tumors that can interfere with pulmonary function. Primary chest wall tumors account for 5% of all thoracic tumors and 1 to 2% of all primary tumors. Almost half are benign; the most common are osteochondroma, chondroma, and fib	
79	MCR_seq200b/291	pathognomonic_for	Necrolytic acral erythema	necrosis of keratinocytes	The characteristic necrosis of keratinocytes and vacuolar degeneration of some basal cells	in necrolytic acral erythema, including its impact on enzymatic processes and skin integrity, underscores the importance of addressing zinc levels in affected patients.[9] In addition, malabsorption of essential nutrients, including amino acids and vitamins, can contribute to skin manifestations. The resultant hypoaminoacidemia may impair protein synthesis and skin barrier function, exacerbating t	
80	MCR_v2_seq100/133	pathognomonic_for	SFT	STAT6 nuclear expression	diffuse and strong nuclear IHC expression for STAT6 was observed in 100% cases	ular fasciitis. Prostatic stromal tumors of uncertain malignant potential (STUMP) and prostatic stromal sarcoma (PSS) can pose diagnostic problems for pathologists. STUMP exhibits haphazard fascicles of spindle cells which do not exhibit significant nuclear atypia or mitoses. However, PSS exhibits solid growth of spindle to epithelioid cells with nuclear atypia, increased mitoses and necrosis. How	
81	MCR_seq200b/291	required_for	Lichen simplex chronicus	complete medical history	Diagnosis of lichen simplex chronicus includes a complete medical history	Diagnosis of lichen simplex chronicus includes a complete medical history	
82	MCR_v1_seq100/114	sufficient_for	Soft tissue tumor	US diagnosis	US characteristics	Ultrasonography is an excellent imaging technique for assessing any superficial soft-tissue mass. A part from previously discussed advantages (availability, cost and lack of ionizing radiations), US outstands particularly in the characterization of soft-tissue masses because of its reasonably robust diagnostic capabilities. Two prospective studies by Hung and Griffith et al. established that aroun	
83	DA_d2_heldout200b/529	required_for	Mycobacterium avium complex infections	CD4 counts less than 50	when the CD4 counts are less than 50	The complications that can manifest with Mycobacterium avium complex infections are as follows: Mycobacterium avium complex and HIV Mycobacterium avium complex infections occur when the CD4 counts are less than 50. Mycobacterium avium complex infections frequently present as disseminated infections. Disseminated Mycobacterium avium complex infections are uncommon outside of HIV patients. Most infe	
84	DA_d2_heldout200b/529	required_for	chronic non-CF bronchiectasis	sustained duration of treatment	the treatment needs to be of sustained duration	Maintenance therapy with intermittent antibiotics is not used routinely in patients with non-CF bronchiectasis, and the decision to use long-term antibiotics should be individualized. Inhaled aminoglycosides can be of benefit in chronic non-CF bronchiectasis; however, the treatment needs to be of sustained duration. 4. Control reverse airflow obstruction: In patients with airflow obstruction, inha	
85	DA_d2_seq100/100	pathognomonic_for	Hydrocele	fluid surrounding the testis	The ultrasound scan revealed fluid surrounding the testis, which is diagnostic of a hydrocele	Further examination of the scrotal mass was required. A transillumination test of the scrotum on the affected side was positive. An ultrasound scan revealed normal right and left testes and a large fluid collection around the right testis. A diagnosis of a right-sided hydrocele was made. Scrotal masses are common in young males, and determining the exact anatomical site of the scrotal mass is of u	
86	MCR_v2_seq100/133	required_for	prostate cancer	tissue samples	obtaining confirmatory tissue samples in patients suspected of prostate cancer	If the sonographer has difficulty obtaining adequate images, an immediate discussion with the interprofessional care team and the radiologist is required to consider alternative diagnostic modalities. Nurses should also be included in any discussion of the procedure and the examination's findings. This type of interprofessional healthcare team communication can help ensure more accurate diagnosis	
87	MCR_v1_seq100/114	pathognomonic_for	Dermoid cyst	Hair protruding from punctum	Hair protruding from a dermoid cyst punctum is pathognomonic for dermoid cysts.	Hair protruding from a dermoid cyst punctum is pathognomonic for dermoid cysts.	
88	DA_d2_heldout200b/529	pathognomonic_for	Giardia Lamblia enteritis	microscopic identification of Giardia in stool	Giardia Lamblia enteritis is diagnosed definitively through microscopic identification of the pathogen in a stool sample	Due to the possible extraintestinal manifestations of Giardia enteritis, in addition to a thorough abdominal exam, fundoscopic, musculoskeletal, and skin exams should be conducted to rule out any retinal, arthritic, myopathic, or allergic components. A confirmed case of giardiasis is defined by the CDC as "the detection of Giardia organisms, antigen, or DNA in stool, intestinal fluid, tissue sampl	
89	MCR_seq200b/291	sufficient_for	Zinc Deficiency	response to zinc supplementation	response to a trial of supplementation	zinc deficiency occurs in patients receiving total parenteral nutrition without zinc supplementation and in premature infants fed human milk without fortification. Clinical manifestations of mild zinc deficiency include anorexia, growth faltering, and immune impairment. Moderately severe manifestations include delayed sexual maturation, rough skin, and hepatosplenomegaly. The signs of severe defic	
90	MCR_v1_seq100/114	required_for	Abscess	imaging	Diagnosis of deep abscesses often requires imaging	Diagnosis of deep abscesses often requires imaging	
91	DA_d2_heldout200b/529	sufficient_for	Cryptococcus-related CNS IRIS	steroid use	Cryptococcus-related CNS IRIS	nts: [37] The management of immune reconstitution inflammatory syndrome should focus on symptom control. It is equally important that the treatment includes initiating anti-microbial agents for the underlying opportunistic infection associated with the IRIS. It is also highly recommended to continue HAART unless there is evidence of severe HAART-related toxicity or IRIS with central nervous system	
92	DA_d2_heldout200b/529	required_for	Mycobacterium avium complex (MAC) pulmonary infection	CD4 count	CD4 count is less than 50 cells per microliter	o endemic area has been recognized. Recently, a trend towards increasing Mycobacterium avium complex infections has been identified. A seasonal trend in mycobacterial infections around the incidence cycle of 12 months, with peaks in late winter/spring and troughs in autumn, was noted. Women had a higher prevalence, up to 1.6 fold relative to men. A study done in Australia has shown a higher male p	
93	DA_d2_heldout100/261	required_for	ETEC infection	inoculum size	a large inoculum (106–1010 CFU) is needed to produce disease	a large inoculum (106–1010 CFU) is needed to produce disease	
94	74	required_for	Catecholaminergic Polymorphic VT (CPVT)	exercise stress test	exercise stress test	exercise stress test	
95	MCR_seq200b/291	sufficient_for	Hyperparathyroidism	high or inappropriately normal parathyroid hormone levels	the presence of concurrent high or inappropriately normal parathyroid hormone levels confirms the diagnosis	tic. A catecholamine-induced hypertensive crisis in a previously unrecognized pheochromocytoma can be associated with significant morbidity and mortality.[20] The demonstration of elevated plasma fractionated metanephrines has a sensitivity of 97% and a specificity of 93% for diagnosing pheochromocytoma.[16] High levels of urinary fractionated metanephrines and catecholamines can also be used to e	
96	MCR_v1_seq100/114	sufficient_for	Leiomyosarcoma	Cytologic pleomorphism or atypia	Cytologic pleomorphism or atypia	Benign Malignant Low mitotic index (<5 mitotic figures for 10 High Power Field)No cell atypiaNo tumor cell necrosis (with the exception of ischemic necrosis)Typical presentation of the smooth muscle cells, with uniform shape and sizeNo intravascular componentWell-demarcated Numerous mitotic figures (≥5 for 10 High-Power Field)Significant cell atypiaAreas of tumor cell necrosis with island-like pre	
97	74	pathognomonic_for	arrhythmogenic right ventricular cardiomyopathy	ε sign	ε sign indicative of arrhythmogenic right ventricular cardiomyopathy	ε sign indicative of arrhythmogenic right ventricular cardiomyopathy	
98	DA_d2_heldout100/261	required_for	FDBL	VLDL-C to total plasma TG ratio >0.30	ratio of directly measured VLDL-C to total plasma TG >0.30	ations are very rare. Patients with FDBL usually present in adulthood with hyperlipidemia, xanthomas, or premature coronary or peripheral vascular disease. In FDBL, in contrast to other disorders of elevated TGs, the plasma levels of cholesterol and TG are often elevated to a similar degree, and the level of HDL-C is usually normal or reduced. Two distinctive types of xanthomas, tuberoeruptive and	
99	DA_d2_heldout100/261	pathognomonic_for	Sarcoidosis	noncaseating granulomas	characterized histologically by the presence of noncaseating granulomas	Sarcoidosis is a chronic systemic disorder of unknown origin characterized histologically by the presence of noncaseating granulomas in affected organs. Although the disease pathogenesis remains poorly understood, sarcoidosis is believed to result from a complex interaction between host/genetic and environmental/infectious factors leading to an aberrant immune response. The lungs and intrathoracic	
100	74	required_for	Metabolic syndrome	3 or more metabolic abnormalities	3 or more metabolic abnormalities	3 or more metabolic abnormalities	
101	DA_d2_heldout200b/529	sufficient_for	giardiasis	duodenal aspiration	Even giardiasis is more easily diagnosed by stool antigen studies and/or duodenal aspiration	Several microorganisms can be identified in small-intestinal biopsy samples, establishing a correct diagnosis. At times, the biopsy is performed specifically to diagnose infection (e.g., Whipple’s disease or giardiasis). In most other instances, the infection is detected incidentally during the workup for diarrhea or other abdominal symptoms. Many of these infections occur in immunocompromised pat	
102	MCR_v1_seq100/114	required_for	Abscess	serial TEE	serial TEE	According to the recent Endocarditis European Society of Cardiology (ESC) Guidelines and data from the European Endocarditis (EURO-ENDO) registry, 11.5% of patients presented with conduction disturbances at diagnosis, primarily 1st-, 2nd-, and 3rd-degree atrioventricular block (AVB). The development of a new AVB due to an abscess indicates urgent cardiac surgery.[15] These recommended that patient	
103	DA_d2_heldout200b/529	pathognomonic_for	Giardiasis	Giardia DNA in stool	detection of Giardia organisms, antigen, or DNA in stool	Due to the possible extraintestinal manifestations of Giardia enteritis, in addition to a thorough abdominal exam, fundoscopic, musculoskeletal, and skin exams should be conducted to rule out any retinal, arthritic, myopathic, or allergic components. A confirmed case of giardiasis is defined by the CDC as "the detection of Giardia organisms, antigen, or DNA in stool, intestinal fluid, tissue sampl	
104	DA_d2_heldout200b/529	pathognomonic_for	tuberculosis	granulomas	granulomas, usually with caseous necrosis	granulomas, usually with caseous necrosis	
105	DA_d2_heldout100/261	required_for	Ocular Sarcoidosis	three criteria	three criteria must be met	Blau syndrome: It is an autosomal dominant disorder seen in children below the age of 4 years. Clinical features include arthritis, rash, and uveitis.[62] Other names of the disease (OMIM #186580) include familial juvenile systemic granulomatosis, early-onset sarcoidosis, Jabs syndrome, granulomatous inflammatory arthritis, dermatitis, and uveitis. There is a mutation in the NOD2 (or CARD15) gene	
106	DA_d2_heldout200b/529	required_for	Pneumocystis jirovecii pneumonia	CT scan	CT scan	Targeted diagnostics, such as viral PCR testing or biopsies when appropriate, should be obtained early and liberally Bilateral pneumonia and increased LDH should prompt a CT scan, BDG and GM test. BAL for culture, viral PCR and Pneumocystis jirovecii should be considered in case of respiratory distress Severe diarrhea and weight loss is suspicious of CMV enteritis/colitis or microsporidiosis: obta	
107	MCR_v1_seq100/114	required_for	Pilar cysts	MRI	MRI can be used for more deeper soft tissue involvement	le so that they are most commonly seen on the head especially the scalp, but they can also be found on the face, head, and neck. Trichilemmal cysts are usually asymptomatic unless they calcify or rupture their contents leading to inflammatory process and pain in the affected site. Sometimes, the presence of pilar cyst overpressure or bony prominence might lead to pain. Trichilemmal cysts usually p	
108	MCR_v1_seq100/114	sufficient_for	Soft-tissue tumor	diagnosis by US	around three-quarters of soft tissue tumors could be confidently diagnosed by its US characteristics	Ultrasonography is an excellent imaging technique for assessing any superficial soft-tissue mass. A part from previously discussed advantages (availability, cost and lack of ionizing radiations), US outstands particularly in the characterization of soft-tissue masses because of its reasonably robust diagnostic capabilities. Two prospective studies by Hung and Griffith et al. established that aroun	
109	MCR_seq200b/291	pathognomonic_for	Necrolytic acral erythema	vacuolar degeneration of basal cells	The characteristic necrosis of keratinocytes and vacuolar degeneration of some basal cells	in necrolytic acral erythema, including its impact on enzymatic processes and skin integrity, underscores the importance of addressing zinc levels in affected patients.[9] In addition, malabsorption of essential nutrients, including amino acids and vitamins, can contribute to skin manifestations. The resultant hypoaminoacidemia may impair protein synthesis and skin barrier function, exacerbating t	
110	DA_d2_heldout200b/529	required_for	Herpes simplex virus infection	CD4+ count	improvement of CD4+ count to > 200 cells/μL	improvement of CD4+ count to > 200 cells/μL	
111	DA_d2_heldout100/261	required_for	Bacterial meningitis	prompt diagnosis	prompt diagnosis	Regular interprofessional team meetings facilitate collaboration by allowing discussion of patient progress, adjustments to the treatment plan, and addressing any challenges faced by the healthcare team.[2][4][5][12] Coordination between hospital and community-based care ensures a seamless patient transition, reducing the risk of missed follow-up appointments and lapses in medication adherence. Ba	
112	DA_d2_heldout100/261	pathognomonic_for	Löfgren syndrome	bilateral hilar lymphadenopathy	bilateral hilar adenopathy	The combination of fever, arthralgia, and erythema nodosum, although suggestive, is not specific for sarcoidosis. Reactions may be idiopathic or caused by several other triggers, including: Approximately 10% to 22% of cases of erythema nodosum are attributable to sarcoidosis. A thorough medical history can help distinguish among the above causes of erythema nodosum. Tuberculosis should be ruled ou	
113	DA_d2_heldout100/261	sufficient_for	E. coli	PCR detection	Phenotypic identification and PCR detection are commonly used for diagnosing E. coli	Streptococcus equi subsp. zooepidemicus (S. zooepidemicus) causes abortion and respiratory disease in horses and donkeys. It can infect a wide range of animals, including humans, monkeys, sheep, dogs, cattle, and swine, and is associated with various diseases in different species. S. zooepidemicus-induced equine ascending placentitis is a common cause of abortion in mares. Recently, Stout et al. f	
114	74	sufficient_for	Channelopathy	cardiologic evaluation	the provider may cautiously suggest a cardiologic evaluation	the provider may cautiously suggest a cardiologic evaluation	
115	74	sufficient_for	Hypertrophic Cardiomyopathy	echocardiography	Echocardiography is the first-level imaging exam for HCM diagnosis	Echocardiography is the first-level imaging exam for HCM diagnosis	
116	74	required_for	Cardiomyopathy	chest radiograph	A chest radiograph is usually the initial imaging study to order	A chest radiograph is usually the initial imaging study to order	
117	MCR_seq200b/291	pathognomonic_for	Zinc deficiency	response to zinc supplementation	a positive response to supplementation is considered evidence of a preexisting deficiency	zinc deficiency occurs in patients receiving total parenteral nutrition without zinc supplementation and in premature infants fed human milk without fortification. Clinical manifestations of mild zinc deficiency include anorexia, growth faltering, and immune impairment. Moderately severe manifestations include delayed sexual maturation, rough skin, and hepatosplenomegaly. The signs of severe defic	
118	MCR_v2_seq100/133	sufficient_for	acute prostatitis	evaluation for prostatic abscess	after 48 hours	The diagnosis of a prostatic abscess based solely on history and physical findings is difficult because the symptoms are non-specific and overlap with other lower urinary tract pathology. A high level of clinical suspicion, particularly in non-responding acute prostatitis patients, is necessary for early diagnosis and timely management. Patients with acute prostatitis who do not respond to treatme	
119	74	required_for	HOCM	outflow gradient of 50 mmHg or more	an outflow gradient of 50 mmHg or more	an outflow gradient of 50 mmHg or more	
120	MCR_v2_seq100/133	sufficient_for	BPH	prostate extension above pubic symphysis	prostate extends above the pubic symphysis	The CT scan does not sufficiently define detailed prostate anatomy or pathology. It may show a hyperdense central zone with density adjusted to around 40 to 60 Hounsfield Units (HU), and the peripheral zone may appear hypodense, with density between 10 and 25 HU.[8] Focal peripheral zone lesions with >25 HU on CT might be suspicious for prostatic malignancy.[9] Benign Prostatic Hyperplasia CT scan	
121	MCR_v2_seq100/133	required_for	Sarcoma	morphologic assessment	Sarcoma is generally diagnosed by morphologic assessment	sion. For sarcomas with initial diagnosis confirmed with excisional biopsy, microscopic residual disease has been reported in up to 69% of reexcision specimens50,51; without reexcision, the reported rate of local recurrence is 30% to 40% when margins are positive or uncertain.Wide en bloc excision is seldom performed as a diagnostic procedure. When en bloc excision is done for diagnosis, the mar-g	
122	DA_d2_seq100/100	required_for	cancer metastatic to the lung	molecular testing	molecular testing	For patients suspected of having primary non-small lung cancer that has metastasized, clinicians should obtain histologic confirmation from suspected metastatic sites, not the suspected primary lesion. However, if biopsy of a metastatic site is technically difficult or hazardous, biopsying the primary lung lesion or mediastinal lymph nodes should be performed using the least invasive method. Metas	
123	74	required_for	Cardiac channelopathies	recurrent deaths in the family	or when there are recurrent deaths in the family	or when there are recurrent deaths in the family	
124	DA_d2_heldout100/261	pathognomonic_for	Intertrigo	satellite papules	satellite papules	satellite papules	
125	MCR_v2_seq100/133	required_for	Lung Cancer	age between 50 and 80	patients between ages 50 and 80	Lung cancer screening with an annual low-dose computed tomography of the chest is recommended for patients between ages 50 and 80 with at least a 20-pack-year smoking history who are currently actively smoking or have quit in the previous 15 years. There are no consensus guidelines specifying modifications based on Agent Orange exposure. In exposed patients with other significant risk factors for	
126	MCR_seq200b/291	required_for	lichen planus	biopsy with microscopic analysis	biopsy with microscopic analysis is the most effective tool	Evaluating lichen planus involves a comprehensive clinical assessment to accurately diagnose the condition and distinguish it from similar dermatological disorders. While in the clinic, dermoscopy allows visualization of Wickham striae in most cases. The classic finding is a network of white lines with red globules along the periphery.[30] Oral lichen planus lesions located near dental restoration	
127	MCR_v2_seq100/133	sufficient_for	Prostate Cancer	PCA3	superiority of PCA3 over PSA alone for diagnosing prostate cancer	Studies have reported a 14% positive biopsy rate when PCA3 levels are less than 5, compared to 70% when PCA3 is greater than 100.[99] PCA3 has been shown to exhibit varying sensitivity, specificity, and predictive values across alternative cutoffs. The FDA used a threshold of 25 for its approval. Studies involving large patient cohorts have demonstrated the superiority of PCA3 over PSA alone for d	
128	MCR_v2_seq100/133	required_for	Sarcoma	physical examination	Physical examination	Follow-up visits are essential to detect local recurrences or metastasis. Physical examination of stage I tumors should be performed at 3- to 6-month intervals for the first 2 years and then annually.[20] Imaging studies are not generally indicated unless prompted by clinical signs and symptoms. Stage II to IV disease must be followed every 2 to 6 months for 2 to 3 years, then every 6 months for 2	
129	DA_d2_heldout100/261	pathognomonic_for	FDBL	tuberoeruptive xanthomas	tuberoeruptive xanthomas	tuberoeruptive xanthomas	
130	MCR_seq200b/291	required_for	Lichen simplex chronicus	elimination of many disorders	elimination of many disorders	Lichen simplex chronicus usually improves with treatment, but some cases may become persistent, especially when on the genitals. In recent studies, patients with lichen simplex chronicus exhibited the following personality traits: poor social skills, a lack of flexibility, a greater tendency to pain-avoidance, greater dependency on other peoples' desires, and a more dutiful nature as compared to c	
131	DA_d2_heldout100/261	required_for	Bacterial infection	laboratory confirmation of pathogen presence	laboratory confirmation of pathogen presence in recipients	Physical injuries may arise from intravenous cannulation-related trauma. Potential complications may include hematoma or nerve injury. Sepsis and Bacterial Infection Bacterial infection or sepsis in patients receiving platelet transfusion may be categorized as possible or definitive. Possible cases include individuals with unexplained clinical illness temporally linked to transfusion, with no dete	
132	DA_d2_heldout200b/529	pathognomonic_for	Hodgkin Lymphoma (HL)	Hodgkin Reed-Sternberg (HRS) cells	presence of pathological Hodgkin Reed-Sternberg (HRS) cells	A diagnosis of lymphoma is confirmed by tissue biopsy, and commonly used methods include fine-needle aspiration, core biopsy, incision/wedge biopsy, and excisional biopsy. Excisional biopsy is considered the "gold standard" as it allows for the assessment of whole lymph node architecture. The different pathologic characteristics and histologic patterns of common lymphomas are as below. Hodgkin Lym	
133	MCR_v1_seq100/114	required_for	SFT	biopsy	biopsy is typically recommended	Ultrasound may be used in select cases depending on tumor location. Although not a primary imaging modality for pleural SFTs, it can aid in evaluating extrapleural or superficial lesions. In a reported case of a breast SFT in a 73-year-old man with a 12-month history of a palpable mass and bilateral gynecomastia, ultrasound demonstrated an oval, well-circumscribed, hypoechoic lesion with internal	
134	MCR_v1_seq100/114	sufficient_for	Lipoma	US diagnosis	US is a useful tool in the diagnosis of superficial lipomas with good sensitivity and even better specificity	Sonographically, tophi appear as a heterogeneous mass (80%), composed of hypoechoic and hyperechoic areas, and have poorly defined contours. They can form multiple groups with surrounding anechoic haloes. Lipoma is considered the most common soft tissue tumor and is seen in ~2% of the population. They are usually subcutaneous and in US, appear as soft variably echogenic masses. If capsulated, it m	
135	DA_d2_seq100/100	required_for	primary non-small lung cancer	biopsy of a metastatic site	biopsy of a metastatic site	For patients suspected of having primary non-small lung cancer that has metastasized, clinicians should obtain histologic confirmation from suspected metastatic sites, not the suspected primary lesion. However, if biopsy of a metastatic site is technically difficult or hazardous, biopsying the primary lung lesion or mediastinal lymph nodes should be performed using the least invasive method. Metas	
136	MCR_v2_seq100/133	pathognomonic_for	solitary fibrous tumor	ALDH1 and STAT6 positivity	Combined specificity of STAT6 and ALDH1 is 100% for SFTs of this region	Soft tissue tumors with epithelioid morphology such as epithelioid sarcoma and epithelioid angiosarcoma sometimes need to be considered in the DD. SFT with giant cells is a rare occurrence and the DD of this morphological form include soft tissue sarcomas with giant cell component and nodular fasciitis. Prostatic stromal tumors of uncertain malignant potential (STUMP) and prostatic stromal sarcoma	
137	DA_d2_heldout200b/529	required_for	Mycobacterium avium complex (MAC) infection	CD4 count	disseminated MAC infection occurs when the CD4 count is less than 50 cells per microliter	om 1.4 to 6.6 per 100,000 population, but no endemic area has been recognized. Recently, a trend towards increasing Mycobacterium avium complex infections has been identified. A seasonal trend in mycobacterial infections around the incidence cycle of 12 months, with peaks in late winter/spring and troughs in autumn, was noted. Women had a higher prevalence, up to 1.6 fold relative to men. A study	
138	DA_d2_heldout100/261	required_for	Atopic Dermatitis (AD)	age two years or older	ages two years or older	Decompensated Cardiac Failure [25] Atopic Dermatitis (AD) Crisaborole can be used in patients ages two years or older for topical use only. It should be applied to the affected areas two times daily.	
139	DA_d2_heldout200b/529	required_for	Mycobacterium avium complex (MAC) pulmonary infection	genetic testing	require genetic testing	The clinician must communicate with the clinical laboratory technicians and pathologists to ensure appropriate culture mediums and the correct duration of observation are set. The specialized wound care nurse is vital in assisting the medical team with treating the disease. The nurse helps educate the patient on proper wound care to ensure wound healing and decrease the risk of superimposed infect	
140	74	required_for	Catecholaminergic Polymorphic VT (CPVT)	Holter monitor	Holter monitor	Holter monitor	
141	MCR_seq200b/291	sufficient_for	Pheochromocytoma	elevated urinary fractionated metanephrines and catecholamines	High levels of urinary fractionated metanephrines and catecholamines can also be used to establish the diagnosis	Pheochromocytomas in patients with MEN2 generally occur in the third or fourth decade of life. Patients with MEN2 who are planning to undergo an interventional procedure, including thyroidectomy for MTC, or who may become pregnant, should undergo testing to exclude a pheochromocytoma, even if asymptomatic. A catecholamine-induced hypertensive crisis in a previously unrecognized pheochromocytoma ca	
142	DA_d2_seq100/100	required_for	Kaposi sarcoma	C‐reactive protein	C‐reactive protein	Secondary, additional blood tests or imaging studies may be required, depending on the clinical findings (Figure 3). (A) Pulmonary lesion of Kaposi sarcoma identified by chest CT scan, and (B) digestive localizations of Kaposi sarcoma evaluated by colonoscopy in immunodeficient patients with invasive Kaposi sarcoma. In all cases: screening for iron deficiency: blood count, ferritin, and C‐reactive	
143	DA_d2_heldout100/261	sufficient_for	R. equi	ELISA detection	Moreover, ELISA can also be used to diagnose R. equi infection	CR detection. Transmission of S. zooepidemicus occurs through animal contact or contamination of food or utensils. PCR and ELISA detection are commonly used to diagnose S. zooepidemicus infection. Escherichia coli (E. coli) is considered a normal part of the gastrointestinal tract in horses. However, many strains of E. coli can cause diseases in the gastrointestinal tract, as well as other infecti	
144	DA_d2_heldout100/261	required_for	nummular eczema	validated diagnostic criteria	validated diagnostic criteria	If signs of a secondary bacterial infection or a bacterial swab of lesional skin are positive, treatment with topical or oral antistaphylococcal antibiotics is recommended, depending on whether lesions are localized or diffuse. Sensitivities and local antibiotic resistance patterns may impact the choice of antibiotic. Sedating antihistamines such as hydroxyzine or diphenhydramine may be used to pr	
145	DA_d2_heldout200b/529	sufficient_for	infections in the immunocompromised host	small-bowel biopsy	At times, the biopsy is performed specifically to diagnose infection (e.g., Whipple’s disease or giardiasis)	Several microorganisms can be identified in small-intestinal biopsy samples, establishing a correct diagnosis. At times, the biopsy is performed specifically to diagnose infection (e.g., Whipple’s disease or giardiasis). In most other instances, the infection is detected incidentally during the workup for diarrhea or other abdominal symptoms. Many of these infections occur in immunocompromised pat	
146	DA_d2_heldout100/261	pathognomonic_for	Dermatitis Herpetiformis	IgA autoantibodies against transglutaminase-3	IgA autoantibodies against transglutaminase-3	Increased intestinal permeability further amplifies antigen exposure and promotes inflammation. Although HLA-DQ2 or HLA-DQ8 is necessary for the development of celiac disease, it is insufficient, as many individuals carrying these alleles remain asymptomatic. Environmental factors, such as gastrointestinal infections, antibiotic-induced disruption of the gut microbiome, and immune modulation durin	
147	MCR_seq200b/291	required_for	Zinc deficiency	associated symptoms	Accurate identification relies on... associated symptoms	Accurate identification relies on... associated symptoms	
148	DA_d2_heldout100/261	pathognomonic_for	Malakoplakia	Michaelis-Gutmann bodies	The pathognomonic Michaelis-Gutmann bodies (MG) (calcified intracytoplasmic inclusions)	t frequently associated organism, although a variety of other bacterial pathogens have also been reported. Management strategies range from antimicrobial therapy to surgical resection, depending on the extent of disease and clinical context.[1] The precise pathogenesis of malakoplakia remains incompletely characterized, representing a significant gap in our understanding of this distinctive chroni	
149	DA_d2_heldout200b/529	sufficient_for	Pneumocystis jirovecii pneumonia	Grocott–Gomori methenamine silver stain	Grocott–Gomori methenamine silver stain	s of Pneumocystis jirovecii pneumonia (PJP) involves microscopic examination of respiratory samples using dedicated staining methods. For IPA, the identifications of Aspergillus spp. in a BALF culture defines a mycological criterion for the diagnosis of probable invasive aspergillosis, while a proven diagnosis can only be achieved through histology or positive culture from a sterile site, e.g., th	
150	DA_d2_heldout100/261	pathognomonic_for	Palmar crease xanthomas	familial dysbetalipoproteinemia type III	palmar crease xanthomas can be pathognomonic for familial dysbetalipoproteinemia type III	Planar xanthomas can be on the palmar creases and flexure surfaces of fingers, and skin folds and are typically seen with biliary cirrhosis. They can occur in a variety of anatomic regions and can be pathognomonic for different systemic conditions based on their presentation. For example, palmar crease xanthomas can be pathognomonic for familial dysbetalipoproteinemia type III.[3] Xanthoma planum	
151	DA_d2_seq100/100	required_for	Cutaneous metastasis of breast carcinoma	biopsy-confirmed diagnosis	biopsy-confirmed diagnosis of metastatic cutaneous breast cancer	e control maintained in 32 patients, 21 of whom were disease-free at the end of the follow-up. Unlike primary skin tumors, there are no standardized guidelines for the width of resection margins in cutaneous metastases. Therefore, surgical resection is generally considered only suitable for cutaneous metastases localized in small areas that can be easily closed or reconstructed using techniques su	
152	74	required_for	IHD	echocardiography	echocardiography	echocardiography	
153	74	required_for	Brugada syndrome	diagnostic Brugada ECG changes during a drug challenge test	diagnostic Brugada ECG changes during a drug challenge test	diagnostic Brugada ECG changes during a drug challenge test	
154	DA_d2_heldout200b/529	required_for	Pneumocystis jirovecii pneumonia (PCP)	detectable viral load	patients have a detectable viral load	Due to their poor immune response, patients with HIV and those with immunosuppression for other causes, such as malignancy, autoimmune disease, or iatrogenic due to underlying condition or organ transplant patients, require prophylaxis for numerous pathogens. These pathogens include: Combined antiretroviral therapy (cART) remains the gold standard for the treatment of HIV and opportunistic infecti	
155	MCR_v2_seq100/133	pathognomonic_for	clear cell sarcoma	EWSR1::ATF1/CREB1 rearrangement	EWSR1::ATF1/CREB1 rearrangement favoring clear cell sarcoma	Frequently, we encounter situations where sarcomas exhibit significant similarities not only among different histological types of sarcomas but also with other neoplasms like melanomas, carcinomas, or mesotheliomas. Therefore, accurate diagnosis and potential therapeutic implications are crucial. For instance, distinguishing between an epithelioid melanoma and a clear cell sarcoma (both expressing	
156	DA_d2_heldout200b/529	sufficient_for	Immune reconstitution inflammatory syndrome (IRIS)	NSAIDs	paracetamol or with the use of nonsteroidal anti-inflammatory drugs (NSAIDs)	Approaches to prevent IRIS in HIV patients: [37] The management of immune reconstitution inflammatory syndrome should focus on symptom control. It is equally important that the treatment includes initiating anti-microbial agents for the underlying opportunistic infection associated with the IRIS. It is also highly recommended to continue HAART unless there is evidence of severe HAART-related toxic	
157	MCR_v2_seq100/133	sufficient_for	Benign Prostatic Hyperplasia	volume greater than 30 mL	volume greater than 30 mL	The CT scan does not sufficiently define detailed prostate anatomy or pathology. It may show a hyperdense central zone with density adjusted to around 40 to 60 Hounsfield Units (HU), and the peripheral zone may appear hypodense, with density between 10 and 25 HU.[8] Focal peripheral zone lesions with >25 HU on CT might be suspicious for prostatic malignancy.[9] Benign Prostatic Hyperplasia CT scan	
158	MCR_v2_seq100/133	required_for	Soft tissue sarcomas	imaging studies	need to be evaluated using imaging studies	Soft tissue sarcomas (STS) are a group of neoplasms that can affect individuals at the extremes of age and can originate from any location throughout the human body. These neoplasms can span a range of clinical presentations, from aggressive metastatic angiosarcomas to benign lipomas. These need to be evaluated using imaging studies and biopsy (core needle biopsy or incisional biopsy). The real ch	
159	74	required_for	Hypertrophic Cardiomyopathy	etiologic diagnosis	The etiological diagnosis of HCM in children is a fundamental step	The etiological diagnosis of HCM in children is a fundamental step	
160	74	pathognomonic_for	Restrictive cardiomyopathy	ventricular filling pattern	a ventricular filling pattern in which worsening myocardial stiffness raises ventricular pressure precipitously	a ventricular filling pattern in which worsening myocardial stiffness raises ventricular pressure precipitously	
161	DA_d2_heldout200b/529	required_for	Pneumocystis jirovecii pneumonia	failed to respond to other first-line agents	failed to respond to other first-line agents	Pentamidine isethionate is used in the treatment and prevention of Pneumocystis jirovecii pneumonia in high-risk, HIV-infected patients who meet the following criteria : Due to its various toxicities, its use is only for severe Pneumocystis jirovecii pneumonia, which has failed to respond to other first-line agents. Non-FDA approved indications :	
162	DA_d2_heldout100/261	required_for	Xanthoma	blood glucose	blood glucose and hemoglobin A1c may also be performed as indicated	cus on both locoregional and systemic disease. For the locoregional lesion, a clinical exam is often enough to make a ready diagnosis of xanthoma. Radiographs are typically normal in these patients. Ultrasound study may be performed of tendinous xanthomas, and advanced imaging in the form of magnetic resonance imaging (MRI) may be helpful to rule out differential diagnoses and for surgical plannin	
163	DA_d2_seq100/100	required_for	cutaneous angiosarcoma	negative margins	negative margins	Surgical treatment with wide margins is indicated. Even when margins are found to be negative by histologic studies, the recurrence rate and risk of metastatic disease remain increased. For this reason, a multispecialty approached is often warranted. The differential diagnosis of cutaneous angiosarcoma includes both benign and malignant lesions such as hemangioma, hemangioblastoma, squamous cell c	
164	DA_d2_heldout200b/529	pathognomonic_for	IRIS	hyper-inflammatory response	This hyper-inflammatory response is the hallmark of IRIS	Opportunistic pathogens such as Mycobacterium, fungi, viruses, and parasites can cause latent or subacute infections in HIV/AIDS patients. Due to an immunodeficient state and lack of inflammatory response, the patient can remain asymptomatic. However, after HAART initiation, an improvement in an immune-mediated inflammatory response is anticipated. This hyper-inflammatory response is the hallmark	
165	74	pathognomonic_for	Long QT syndrome	prolonged QT	prolonged QT syndrome	prolonged QT syndrome	
166	74	pathognomonic_for	Long QT Syndrome	prolongation of the QT segment	prolongation of the QT segment	prolongation of the QT segment	
167	DA_d2_heldout100/261	required_for	Sarcoidosis	exclusion of alternative diagnoses	exclusion of all alternative diagnoses	Sarcoidosis is challenging to diagnose given the broad range of presentations, many of which mimic other conditions. No single criterion providing a definite diagnosis of sarcoidosis with 100% accuracy is available. Current guidelines indicate that the diagnosis of sarcoidosis should rely on three criteria, two positive (compatible presentation and evidence of noncaseating granulomas) and one nega	
168	MCR_seq200b/291	required_for	Lichen simplex chronicus	biopsy	Thelesionsoflichensclerosusandlichensimplexchronicusmustbebiopsiedtodistinguishthemdefinitivelyfromothercausesofleukoplakia	re isolated, lichen simplex chronicus often is present at the margins of established vulvar cancer, suggesting some association with neoplastic disease. Lichen sclerosus and lichen simplex chronicus may coexist in different areas of the body in the same person, and both lesions may take the form of leukoplakia. Similar white patches or plaques also are seen in a variety of other benign dermatoses,	
169	DA_d2_seq100/100	required_for	Angiosarcoma	referral to medical and surgical oncology	Patients with angiosarcoma require referral to medical and surgical oncology	Cutaneous angiosarcoma can initially appear as a “spreading bruise,” or a raised purple-red papule, eventually developing tissue infiltration, edema, tumor fungation, ulceration, and even hemorrhage due to increasing tumor size. The second most common location is in a lymphedematous upper extremity secondary to radical mastectomy, known as the Stewart Treves tumor. Median size lesions range from 3	
170	MCR_seq200b/291	required_for	Lichen planus	systemic manifestations	Diagnosis requires careful clinical correlation with transplantation history and systemic manifestations	Oral involvement occurs in approximately 80% of patients undergoing allogeneic bone marrow transplantation. Lichenoid lesions may affect any oral mucosal site, typically developing around 6 months posttransplantation. Diagnosis requires careful clinical correlation with transplantation history and systemic manifestations. Lichen Planus Pemphigoides Lichen planus pemphigoides is a rare mucocutaneou	
171	DA_d2_heldout100/261	sufficient_for	R. equi	PCR detection	PCR is used for early detection of R. equi infection	s with a 55% positive rate using nanoscale real-time PCR detection. Transmission of S. zooepidemicus occurs through animal contact or contamination of food or utensils. PCR and ELISA detection are commonly used to diagnose S. zooepidemicus infection. Escherichia coli (E. coli) is considered a normal part of the gastrointestinal tract in horses. However, many strains of E. coli can cause diseases i	
172	DA_d2_seq100/100	required_for	Primary CNS lymphoma (PCNSL)	thallium-201 uptake	Thallium-201 is collected in tumor cells but not normal or dead cells	Primary CNS lymphoma (PCNSL): Thallium-201 is useful in distinguishing toxoplasmosis from PCNSL in HIV patients. In current practice, HIV patients with intracranial masses are treated empirically for toxoplasmosis; this increases mortality and morbidity due to delay in diagnosis and treatment. Thallium-201 is collected in tumor cells but not normal or dead cells; thus, it helps diagnose PCNSL. The	
173	DA_d2_seq100/100	pathognomonic_for	Stewart-Treves Syndrome	lymphangiosarcoma	lymphangiosarcoma (Stewart-Treves syndrome)	lymphangiosarcoma (Stewart-Treves syndrome)	
174	74	required_for	CPVT	structurally normal heart	in the presence of a structurally normal heart	in the presence of a structurally normal heart	
175	DA_d2_heldout200b/529	pathognomonic_for	Giardiasis	Giardia antigen in stool	detection of Giardia organisms, antigen, or DNA in stool	Due to the possible extraintestinal manifestations of Giardia enteritis, in addition to a thorough abdominal exam, fundoscopic, musculoskeletal, and skin exams should be conducted to rule out any retinal, arthritic, myopathic, or allergic components. A confirmed case of giardiasis is defined by the CDC as "the detection of Giardia organisms, antigen, or DNA in stool, intestinal fluid, tissue sampl	
176	74	required_for	CPVT	normal ECG	normal ECG	normal ECG	
177	DA_d2_heldout100/261	pathognomonic_for	sarcoidosis	epithelioid non-necrotizing granulomas	The histological hallmark of sarcoidosis is the presence of well-formed, compact, epithelioid, non-necrotizing granulomas	The etiology of sarcoidosis is still unclear and numerous studies have shown that both genetic and environmental factors may contribute to pathogenesis. Familial clustering in sarcoidosis has been reported in 4–17% of cases. In addition, exposure to environmental factors such as insecticides, mold, inorganic particles, agricultural chemicals, and metal processing has been reported to increase the	
178	MCR_seq200b/291	required_for	Nail psoriasis	histopathology	Histopathology is usually diagnostic	Reiter’s disease is also known as reactive arthritis. It is a systemic condition with characteristic joint, mucosal, eye, genito-urinary, skin, and nail changes. The latter are very similar to pustular psoriasis. However, they often have a more brownish tint due to a higher content of erythrocytes in the pustules. Histopathology with extensive spongiform pustules is virtually identical to pustular	
179	DA_d2_heldout100/261	required_for	Xanthoma	hemoglobin A1c	blood glucose and hemoglobin A1c may also be performed as indicated	cus on both locoregional and systemic disease. For the locoregional lesion, a clinical exam is often enough to make a ready diagnosis of xanthoma. Radiographs are typically normal in these patients. Ultrasound study may be performed of tendinous xanthomas, and advanced imaging in the form of magnetic resonance imaging (MRI) may be helpful to rule out differential diagnoses and for surgical plannin	
180	MCR_v1_seq100/114	required_for	Abscess	hemodynamic stability	hemodynamically stable	The ideal candidates for conservative management alone are women with no sign of sepsis and rupture, hemodynamically stable, and pelvic abscess greater than 8 cm on imaging. A 2009 study by Granberg et al reported that 25% of patients fail to respond to conservative treatment.[4] A localized unilocular abscess is more likely to be referred to postsurgical complications and generally requires surgi	
181	MCR_v2_seq100/133	sufficient_for	prostate cancer	PSA screening	PSA screening increases the detection of prostate cancer	Symptoms that might prompt investigation for prostate cancer include: Evaluation for localized prostate cancer most commonly involves a serum PSA level, digital rectal examination (DRE), multiparametric MRI (mpMRI), and needle prostate biopsy. It is relatively rare nowadays for localized prostate cancer to be diagnosed incidentally during treatment for BPH (eg, transurethral resection chippings) a	
182	MCR_v1_seq100/114	required_for	Abscess	size over 8 cm	surgical drainage is needed if the abscess is over 8 cm	indamycin or metronidazole with an aminoglycoside, penicillin, or a third-generation cephalosporin. Aztreonam is a substitute for aminoglycosides in patients with renal impairment. Other antibiotics with high therapeutic efficacy that may be options as single agents include extended-spectrum antibiotics (cefoxitin, cefotetan, cefotaxime, ceftizoxime), beta-lactamase inhibitors (ticarcillin-clavula	
183	DA_d2_seq100/100	required_for	Metastatic carcinoma	histological diagnosis	obtaining a histological diagnosis is crucial	Postoperative radiation therapy is relatively indicated in the case of advanced tumor and nodal stage on surgical pathology (pT3-4, pN2-3), as well as other high-risk pathologic features, including close margins (<5 mm), perineural invasion, lymphovascular space invasion, extracapsular extension, and emergent tracheostomy due to morbid tumor invasion (to reduce the risk of tumor spread into the tr	
184	MCR_seq200b/291	required_for	Lichen simplex chronicus	dermoscopy	Diagnosis of lichen simplex chronicus includes dermoscopy	Diagnosis of lichen simplex chronicus includes dermoscopy	
185	MCR_v1_seq100/114	required_for	Epidermoid inclusion cyst	complete excision	complete excision of all contents and the cystic wall	inage are often needed with the mechanical destruction of intracavitary loculations. The presence of surrounding cellulitis may necessitate the use of oral antibiotic therapy. Empiric antibiotic therapy can be done with oral agents active against methicillin-sensitive S aureus or oral agents active against methicillin-resistant S aureus in areas of high prevalence. For patients who wish to have a	
186	DA_d2_heldout100/261	sufficient_for	Dermatomyositis	disease control	many patients achieve disease control	Prognosis in dermatomyositis varies depending on disease severity, response to therapy, and presence of associated malignancy or interstitial lung disease. With early diagnosis and immunosuppressive treatment, many patients achieve disease control, although relapses are common. Long-term morbidity may result from muscle weakness, calcinosis, or systemic complications. Seborrheic Dermatitis Seborrh	
187	DA_d2_seq100/100	sufficient_for	Kaposi sarcoma	development	Up to 30% of HIV patients not taking high-activity antiretroviral therapy (HAART) will develop Kaposi sarcoma	AIDS-related Kaposi sarcoma is the second most common tumor in HIV patients with CD4 counts less than 200 cells/mm3 and is an AIDs-defining illness.[15] Up to 30% of HIV patients not taking high-activity antiretroviral therapy (HAART) will develop Kaposi sarcoma. HIV positive male homosexuals have a 5- to 10-fold increased the risk of Kaposi sarcoma.[16][6] Iatrogenic Kaposi sarcoma has a male: fe	
188	DA_d2_heldout200b/529	pathognomonic_for	Pneumocystis jirovecii pneumonia (PCP)	demonstration of organisms in bronchoalveolar lavage fluid	The demonstration of organisms in bronchoalveolar lavage fluid is almost 100% sensitive and specific for PCP	The demonstration of organisms in bronchoalveolar lavage fluid is almost 100% sensitive and specific for PCP in patients with either HIV infection or immunosuppression of other etiologies. The organisms are identified with the specific stains indicated above for lung biopsy. While expectorated sputum or throat swabs have very low sensitivity, an induced sputum sample obtained and interpreted by an	
189	74	pathognomonic_for	Brugada syndrome	type 1 Brugada ECG pattern	characteristic ECG pattern (type 1 Brugada ECG pattern	characteristic ECG pattern (type 1 Brugada ECG pattern	
190	MCR_seq200b/291	pathognomonic_for	Zinc Deficiency	response to zinc supplementation	response to a trial of supplementation	zinc deficiency occurs in patients receiving total parenteral nutrition without zinc supplementation and in premature infants fed human milk without fortification. Clinical manifestations of mild zinc deficiency include anorexia, growth faltering, and immune impairment. Moderately severe manifestations include delayed sexual maturation, rough skin, and hepatosplenomegaly. The signs of severe defic	
191	DA_d2_heldout200b/529	required_for	Pneumonia	identification of etiologic agent	identifying an etiologic agent for pneumonia is essential	While identifying an etiologic agent for pneumonia is essential for effective treatment as well as epidemiological record keeping, this is seldom seen in clinical practice. Widespread reviews have shown that a single cause of pneumonia has often been identified in less than 10% of patients presenting to the emergency department.[6] Nonetheless, the most common organisms causing pneumonia can be st	
192	DA_d2_heldout200b/529	required_for	Immune Reconstitution Inflammatory Syndrome (IRIS)	ART initiation within 30 days of anti-TB therapy	begin ART within 30 days of anti-TB therapy	Immune Reconstitution Inflammatory Syndrome Immune reconstitution inflammatory syndrome refers to either a paradoxical worsening of a known opportunistic infection or unmasking of a previously undiagnosed infection following immune recovery after ART initiation. The syndrome is characterized by overt inflammatory signs that cannot be explained simply by the natural course of the disease or by drug	
193	MCR_v2_seq100/133	required_for	Stage II to IV disease	follow-up	every 2 to 6 months	Follow-up visits are essential to detect local recurrences or metastasis. Physical examination of stage I tumors should be performed at 3- to 6-month intervals for the first 2 years and then annually.[20] Imaging studies are not generally indicated unless prompted by clinical signs and symptoms. Stage II to IV disease must be followed every 2 to 6 months for 2 to 3 years, then every 6 months for 2	
194	DA_d2_heldout100/261	pathognomonic_for	Erythema nodosum	Miescher radial microgranulomas	These microgranulomas are the histopathological hallmark of erythema nodosum	Erythema nodosum:Erythema nodosum is widely considered the most common form of panniculitis and is the prototype for septal panniculitis without vasculitis. The condition presents as an acute nodular eruption on the lower legs, possibly associated with systemic symptoms. The lesions are typically transient and can be associated with underlying infections or systemic conditions, including sarcoidos	
195	DA_d2_heldout100/261	sufficient_for	S. zooepidemicus	PCR detection	PCR and ELISA detection are commonly used to diagnose S. zooepidemicus infection	Streptococcus equi subsp. zooepidemicus (S. zooepidemicus) causes abortion and respiratory disease in horses and donkeys. It can infect a wide range of animals, including humans, monkeys, sheep, dogs, cattle, and swine, and is associated with various diseases in different species. S. zooepidemicus-induced equine ascending placentitis is a common cause of abortion in mares. Recently, Stout et al. f	
196	DA_d2_seq100/100	sufficient_for	primary non-small lung cancer	biopsy of the primary lung lesion	biopsying the primary lung lesion	For patients suspected of having primary non-small lung cancer that has metastasized, clinicians should obtain histologic confirmation from suspected metastatic sites, not the suspected primary lesion. However, if biopsy of a metastatic site is technically difficult or hazardous, biopsying the primary lung lesion or mediastinal lymph nodes should be performed using the least invasive method. Metas	
197	DA_d2_heldout200b/529	sufficient_for	invasive pulmonary aspergillosis	Aspergillus spp. in BALF culture	Aspergillus spp. in a BALF culture	Among the fungi responsible for pneumonia in immunocompromised patients are molds (e.g., Aspergillus spp. and Mucorales), Pneumocystis jirovecii, and Cryptococcus spp.. They are all airborne pathogens, and their spores can be inhaled from the air. An invasive fungal disease (IFD) in immunocompromised patients can be classified as proven, probable, or possible according to the EORTC/MSGERC criteria	
198	MCR_seq200b/291	required_for	Lichen planus	DIF	Lichen planus is evaluated by histological examination and DIF	Leukoedema is an idiopathic condition, possibly associated with local irritation. Leukoedema is associated with smoking and diabetes mellitus.[21] Stretching the oral tissue surrounding the lesion can aid in the diagnosis, as leukoedema will resolve upon introducing tension. Lichen planus is evaluated by histological examination and DIF to obtain a definitive diagnosis. The histological findings c	
199	74	pathognomonic_for	Takotsubo cardiomyopathy	left ventricular apical wall ballooning	a rare form of acute reversible left ventricular apical wall ballooning	a rare form of acute reversible left ventricular apical wall ballooning	
200	MCR_v2_seq100/133	required_for	prostate cancers	transrectal ultrasound-guided prostate tissue biopsies	transrectal ultrasound-guided (TRUS) prostate tissue biopsies	Fortunately, most prostate cancers tend to grow slowly and are low-grade with relatively low risk and limited aggressiveness.[7] There are no initial or early symptoms in most cases, but late symptoms may include fatigue due to anemia, bone pain, paralysis from spinal metastases, and renal failure from bilateral ureteral obstruction. Diagnosis is primarily based on prostate-specific antigen (PSA)	
201	MCR_v2_seq100/133	required_for	Soft tissue sarcoma in adults	unexplained lump that is increasing in size	Consider an urgent, direct access ultrasound scan to assess for soft tissue sarcoma in adults with an unexplained lump that is increasing in size.	1.11 Sarcomas Separate recommendations have been made for adults and for children and young people to reflect that there are different referral pathways. In practice, young people (aged 16 to 24) may be referred using either pathway depending on their age and local arrangements. Bone sarcoma in adults 1.11.1 Consider a suspected cancer pathway referral for adults if an X‑ray suggests the possibili	
202	DA_d2_heldout100/261	pathognomonic_for	FDBL	palmar xanthomas	palmar xanthomas	palmar xanthomas	
203	MCR_v2_seq100/133	pathognomonic_for	Solitary fibrous tumor	STAT6 nuclear expression	diffuse and strong nuclear IHC expression for STAT6 was observed in 100% cases	ular fasciitis. Prostatic stromal tumors of uncertain malignant potential (STUMP) and prostatic stromal sarcoma (PSS) can pose diagnostic problems for pathologists. STUMP exhibits haphazard fascicles of spindle cells which do not exhibit significant nuclear atypia or mitoses. However, PSS exhibits solid growth of spindle to epithelioid cells with nuclear atypia, increased mitoses and necrosis. How	
204	DA_d2_heldout200b/529	sufficient_for	Invasive pulmonary aspergillosis (IPA)	histology	a proven diagnosis can only be achieved through histology	Among the fungi responsible for pneumonia in immunocompromised patients are molds (e.g., Aspergillus spp. and Mucorales), Pneumocystis jirovecii, and Cryptococcus spp.. They are all airborne pathogens, and their spores can be inhaled from the air. An invasive fungal disease (IFD) in immunocompromised patients can be classified as proven, probable, or possible according to the EORTC/MSGERC criteria	
205	MCR_v2_seq100/133	required_for	Bone sarcoma in children and young people	unexplained bone swelling or pain	Consider a very urgent, direct access X‑ray to assess for bone sarcoma in children and young people with unexplained bone swelling or pain.	1.11 Sarcomas Separate recommendations have been made for adults and for children and young people to reflect that there are different referral pathways. In practice, young people (aged 16 to 24) may be referred using either pathway depending on their age and local arrangements. Bone sarcoma in adults 1.11.1 Consider a suspected cancer pathway referral for adults if an X‑ray suggests the possibili	
206	MCR_seq200b/291	required_for	lichen planus	biopsy with direct immunofluorescence	biopsy with direct immunofluorescence is especially useful	Consideration of drug-induced lichen planus must always be explored before starting therapy. Withdrawal of the suspected drug leading to the gradual disappearance of lesions confirms the diagnosis, although it may take some time for lesions to resolve fully.[35] Given that lichen planus may result from various exogenous agents such as viruses, drugs, or contact allergens, care should be taken to i	
207	DA_d2_heldout100/261	required_for	Tinea versicolor	potassium hydroxide preparation	potassium hydroxide preparation	Tinea versicolor may be confused with various conditions. A potassium hydroxide preparation can provide a definitive diagnosis and differentiate tinea versicolor from similar appearing conditions. The differential diagnosis includes: Seborrheic Dermatitis Seborrheic dermatitis of the trunk is frequently more erythematous and has thicker scales. Patients with seborrheic dermatitis frequently show i	
208	DA_d2_seq100/100	pathognomonic_for	Hodgkin Lymphoma (HL)	Hodgkin Reed-Sternberg (HRS) cells	presence of pathological Hodgkin Reed-Sternberg (HRS) cells	A diagnosis of lymphoma is confirmed by tissue biopsy, and commonly used methods include fine-needle aspiration, core biopsy, incision/wedge biopsy, and excisional biopsy. Excisional biopsy is considered the "gold standard" as it allows for the assessment of whole lymph node architecture. The different pathologic characteristics and histologic patterns of common lymphomas are as below. Hodgkin Lym	
209	DA_d2_seq100/100	required_for	Angiosarcoma	CT or MRI	CT or MRI of the head and neck will help to establish the extent of bone and soft tissue involvement	Cutaneous angiosarcoma can initially appear as a “spreading bruise,” or a raised purple-red papule, eventually developing tissue infiltration, edema, tumor fungation, ulceration, and even hemorrhage due to increasing tumor size. The second most common location is in a lymphedematous upper extremity secondary to radical mastectomy, known as the Stewart Treves tumor. Median size lesions range from 3	
210	MCR_v1_seq100/114	pathognomonic_for	Dermoid cyst	hair protruding from a dermoid cyst punctum	Hair protruding from a dermoid cyst punctum is pathognomonic for dermoid cysts	Hair protruding from a dermoid cyst punctum is pathognomonic for dermoid cysts	
211	DA_d2_seq100/100	required_for	Cytomegalovirus infection	PCR or serologic testing	Diagnosis of CMV infection is generally established with PCR or serologic testing	Cytomegalovirus infection is usually seen in patients with HIV/AIDS with CD4 counts of <100 cells/mm3.[12] Diagnosis of CMV infection is generally established with PCR or serologic testing.[4][11] Kaposi sarcoma is diagnosed via biopsy, and a PCR identifies the HHV-8.[4][11] Verruca Vulgaris, Oral Squamous Papillomas, Condyloma Acuminatum, and Heck's Disease	
212	74	pathognomonic_for	Brugada syndrome	coved ST-segment elevation	coved ST-segment elevation of greater than 2 mm	coved ST-segment elevation of greater than 2 mm	
213	MCR_v2_seq100/133	required_for	Soft tissue sarcomas	biopsy	need to be evaluated using... biopsy	Soft tissue sarcomas (STS) are a group of neoplasms that can affect individuals at the extremes of age and can originate from any location throughout the human body. These neoplasms can span a range of clinical presentations, from aggressive metastatic angiosarcomas to benign lipomas. These need to be evaluated using imaging studies and biopsy (core needle biopsy or incisional biopsy). The real ch	
214	DA_d2_seq100/100	sufficient_for	Kaposi sarcoma	development	Over 5% of transplant patients who develop a de novo malignancy will develop Kaposi sarcoma	AIDS-related Kaposi sarcoma is the second most common tumor in HIV patients with CD4 counts less than 200 cells/mm3 and is an AIDs-defining illness.[15] Up to 30% of HIV patients not taking high-activity antiretroviral therapy (HAART) will develop Kaposi sarcoma. HIV positive male homosexuals have a 5- to 10-fold increased the risk of Kaposi sarcoma.[16][6] Iatrogenic Kaposi sarcoma has a male: fe	
215	MCR_seq200b/291	required_for	compensated or subclinical hypothyroidism	elevated TSH	if serum TSH remains elevated at 10 mIU/L or above by 4 weeks of age, the infants should be treated	Interpretation of Thyroid Function Tests 1. Low free T4 and high TSH: These results confirm the diagnosis of primary hypothyroidism. 2. Normal free T4 (or total T4) and high TSH: These results define compensated or subclinical hypothyroidism. If serum TSH is more than 20, mIU/L, treatment with levothyroxine should be initiated. If serum TSH is mildly elevated (e.g., 6 to 20 mIU/L), clinicians may	
216	MCR_v1_seq100/114	required_for	Abscesses	needle aspiration or surgical exploration	specimen should be collected from a sterile site, preferably bypassing the normal flora and with needle aspiration or surgical exploration	In an adolescent with a sore throat, neck pain, and tachycardia out of proportion to fever, Lemierre syndrome should be considered. A neck Doppler ultrasound should be done to look for thrombophlebitis of internal jugular veins and chest x-ray to look for septic emboli. Local Infections Including Abscesses Abscesses can be limited to CNS, head, and neck region. The abdominal region can be diagnose	
217	74	required_for	Salicylate toxicity	salicylate concentrations	salicylate concentrations surpass 100 mg/dL	salicylate concentrations surpass 100 mg/dL	
218	DA_d2_heldout200b/529	required_for	CMV esophagitis	Endoscopy with biopsy	Endoscopy with biopsy is the most reliable modality	For the diagnosis of CMV GI disease, the identification of CMV in biopsy specimens using standard histopathologic or immunohistochemical stains has traditionally been considered the gold standard for confirming proven disease. Quantitative PCR methods are increasingly being evaluated and utilized on tissue specimens to support the diagnosis of tissue-invasive CMV disease.[20] Cytomegalovirus Esoph	
219	DA_d2_seq100/100	pathognomonic_for	ATLL	dense chromatin	dense chromatin with lobulated, cloverleaf-shaped nuclei	Pathognomonic morphological features of leukemic ATLL lymphocytes include dense chromatin with lobulated, cloverleaf-shaped nuclei, often referred to as flower cells.[73] Scattered blast cells may also be visible on blood film, whereas bone marrow examination typically demonstrates patchy infiltrates. Histological assessment of lymphoid tissue is essential when lymphomatous disease is suspected. I	
220	MCR_seq200b/291	required_for	Pheochromocytoma	contrast-enhanced computed tomography scan of the abdomen and pelvis	a contrast-enhanced computed tomography scan of the abdomen and pelvis should be obtained	Pheochromocytomas in patients with MEN2 generally occur in the third or fourth decade of life. Patients with MEN2 who are planning to undergo an interventional procedure, including thyroidectomy for MTC, or who may become pregnant, should undergo testing to exclude a pheochromocytoma, even if asymptomatic. A catecholamine-induced hypertensive crisis in a previously unrecognized pheochromocytoma ca	
221	MCR_v1_seq100/114	pathognomonic_for	Soft tissue tumor	histology confirmation	confirmed with histology	Ultrasonography is an excellent imaging technique for assessing any superficial soft-tissue mass. A part from previously discussed advantages (availability, cost and lack of ionizing radiations), US outstands particularly in the characterization of soft-tissue masses because of its reasonably robust diagnostic capabilities. Two prospective studies by Hung and Griffith et al. established that aroun	
222	MCR_v2_seq100/133	required_for	Prostate Cancer	prompt diagnosis	must be promptly diagnosed	An interprofessional team approach is crucial for addressing barriers to using romosozumab, such as its high cost, the requirement for monthly injections administered by healthcare providers, and managing adverse effects. This collaboration ensures that healthcare team members, including clinicians, endocrinologists, pharmacists, and nurses, work together to identify these potential obstacles and	
223	DA_d2_heldout100/261	pathognomonic_for	Erythema nodosum	Miescher radial microgranulomas	Miescher radial microgranulomas	Erythema nodosum:Erythema nodosum is widely considered the most common form of panniculitis and is the prototype for septal panniculitis without vasculitis. The condition presents as an acute nodular eruption on the lower legs, possibly associated with systemic symptoms. The lesions are typically transient and can be associated with underlying infections or systemic conditions, including sarcoidos	
224	DA_d2_heldout200b/529	pathognomonic_for	CMV colitis	CMV culture	CMV culture offers high sensitivity and specificity for diagnosing CMV colitis	Generally, caution is required when testing for blood viral load by PCR, as CMV DNA may be compartmentalized in tissue, especially in cases of CMV end-organ damage, and may be absent from the blood. In these cases, clinical utility is limited, as CMV DNA may be present in patients with active disease in tissue but is not detectable in blood. In contrast, serial PCR testing may offer greater clinic	
225	DA_d2_heldout100/261	sufficient_for	S. zooepidemicus	ELISA detection	PCR and ELISA detection are commonly used to diagnose S. zooepidemicus infection	Streptococcus equi subsp. zooepidemicus (S. zooepidemicus) causes abortion and respiratory disease in horses and donkeys. It can infect a wide range of animals, including humans, monkeys, sheep, dogs, cattle, and swine, and is associated with various diseases in different species. S. zooepidemicus-induced equine ascending placentitis is a common cause of abortion in mares. Recently, Stout et al. f	
226	MCR_v2_seq100/133	required_for	Prostate Cancer	histologically positive prostate biopsy	histologically positive prostate biopsy	Prostatic imaging with MRI is becoming increasingly important, particularly in highly suspicious cases where the initial non–MRI-guided biopsy was negative instead of saturation biopsies. Fusion-guided biopsies use the MRI image with the suspicious area highlighted as a target and superimposed it over the ultrasound image. The 2 images are matched, allowing the MRI target to be visible on the TRUS	
227	74	required_for	Cardiomyopathy	nuclear medicine imaging	Echocardiogram, cardiac MRI, cardiac CT, and nuclear medicine imaging are the primary imaging modalities used	Echocardiogram, cardiac MRI, cardiac CT, and nuclear medicine imaging are the primary imaging modalities used	
228	DA_d2_heldout200b/529	pathognomonic_for	Cytomegalovirus Gastrointestinal Disease	CMV in biopsy specimens	identification of CMV in biopsy specimens	Visualizing pathognomonic CMV inclusion bodies on histopathological examination is the gold standard for diagnosing tissue CMV disease. CMV DNA PCR can also be used to diagnose CMV disease in tissues, such as the detection of CMV in bronchoalveolar lavage fluid or lung tissue samples through virus isolation, histopathologic testing, and immunohistochemical analysis.[65] Cytomegalovirus Gastrointes	
229	MCR_seq200b/291	sufficient_for	Pheochromocytoma	elevated plasma fractionated metanephrines	elevated plasma fractionated metanephrines has a sensitivity of 97% and a specificity of 93% for diagnosing pheochromocytoma	Pheochromocytomas in patients with MEN2 generally occur in the third or fourth decade of life. Patients with MEN2 who are planning to undergo an interventional procedure, including thyroidectomy for MTC, or who may become pregnant, should undergo testing to exclude a pheochromocytoma, even if asymptomatic. A catecholamine-induced hypertensive crisis in a previously unrecognized pheochromocytoma ca	