dataset,slice,case_id,gold,layer,e7_fail_code,e7_locus,APHHM_fail_code,vig_chars,vig_words,vig_sents,vig_lab_hits,vig_diff_hits,vig_lab_dens,vig_diff_dens,vig_histo_dens,vig_imaging_dens,vig_course_dens,vig_histo_hits,vig_imaging_hits,gold_chars,gold_words,gold_has_eponym,gold_has_subtype,gold_has_paren,gold_comma_parts,n_options,gold_in_options,max_opt_gold_overlap,n_opts_near_gold,n_option_near_pairs,max_distractor_gold_jaccard,e7_s2_n,e7_s3_n,e7_s2_rank_gold,e7_s2_near_n,e7_s3_near_n,e7_champ_gold_jaccard,e7_mapper_rescue,e7_correct,B06_correct,B07_correct,champion_option_echo
da,d2_seq100,3,Familial cerebral cavernous malformations,,ok,ok,aphhm_ok,1603,224,19,1,0,0.4464285714285714,0.0,0.44642857142857145,0.0,0.8928571428571429,1,0,41,4,0,0,0,1,4,1,1.0,3,4,0.0,43.0,5.0,1.0,2.0,1.0,1.0,0,1,1,1,
da,d2_seq100,4,Microvenular hemangioma (MVH),base_win_rank,s2_near_crowd_out,s2_hit_s3_drop,aphhm_ok,1917,248,11,0,0,0.0,0.0,0.8064516129032258,0.0,0.8064516129032258,2,0,29,3,0,0,1,1,4,1,1.0,1,3,0.25,40.0,5.0,3.0,6.0,1.0,0.0,0,0,0,1,
da,d2_seq100,5,Left maxillary giant cell reparative granuloma (GCRG),,s2_gold_low_rank,s2_hit_s3_drop,aphhm_tree_miss,1303,193,19,2,1,1.0362694300518136,0.5181347150259068,1.5544041450777202,1.0362694300518134,1.5544041450777202,3,2,53,7,0,0,1,1,4,1,1.0,1,3,0.375,48.0,5.0,35.0,1.0,1.0,0.25,1,1,1,1,
da,d2_seq100,7,Segmental stiff skin syndrome (SSS),,option_echo_da,s3_hit_s4_miss,aphhm_tree_miss,1421,197,13,2,0,1.015228426395939,0.0,0.0,1.015228426395939,1.5228426395939085,0,2,35,5,0,0,1,1,4,1,1.0,2,3,0.375,48.0,5.0,13.0,8.0,0.0,0.0,1,1,1,1,
da,d2_seq100,11,Acute dacryocystitis with secondary optic nerve injury,all_miss_but_recalled,s3_why_ignored_gold,s2_hit_s3_drop,aphhm_prune,1549,193,9,4,0,2.072538860103627,0.0,0.0,3.1088082901554404,4.1450777202072535,0,6,54,7,0,1,0,1,4,1,1.0,1,6,0.333,47.0,5.0,4.0,2.0,0.0,0.0,0,0,0,0,
da,d2_seq100,12,Kaposiform hemangioendothelioma (KHE) of the internal auditory canal,,s2_gold_low_rank,s2_hit_s3_drop,aphhm_tree_miss,1327,186,10,3,0,1.6129032258064515,0.0,1.075268817204301,2.150537634408602,1.6129032258064515,2,4,68,8,0,0,1,1,4,1,1.0,1,1,0.125,54.0,5.0,23.0,0.0,0.0,0.0,1,1,1,1,
da,d2_seq100,15,Primary oral histoplasmosis,,ok,ok,aphhm_ok,1765,254,17,3,0,1.1811023622047243,0.0,0.7874015748031497,0.0,2.3622047244094486,2,0,27,3,0,0,0,1,4,1,1.0,3,3,0.0,47.0,5.0,1.0,0.0,0.0,0.667,0,1,1,1,
da,d2_seq100,19,Follicular thyroid carcinoma with manubrial invasion,,near_synonym_prefer,s3_hit_s4_miss,aphhm_ok,1374,192,17,2,0,1.0416666666666665,0.0,0.0,1.5625,2.0833333333333335,0,3,52,6,0,1,0,1,4,1,1.0,1,6,0.429,47.0,5.0,2.0,27.0,4.0,0.5,1,1,1,1,
da,d2_seq100,21,Saturday night retinopathy with orbital compression syndrome,,s2_miss,s2_miss,aphhm_tree_miss,1830,258,20,1,0,0.3875968992248062,0.0,0.0,0.3875968992248062,0.3875968992248062,0,1,60,7,0,1,0,1,4,1,1.0,1,6,0.25,48.0,5.0,,12.0,1.0,0.111,1,1,1,1,
da,d2_seq100,22,Antimelanoma differentiation associated gene 5 clinically amyopathic dermatomyositis,all_miss_but_recalled,option_echo_da,s3_hit_s4_miss,aphhm_tree_miss,2118,271,16,4,1,1.4760147601476015,0.36900369003690037,0.36900369003690037,1.1070110701107012,1.4760147601476015,1,3,84,8,0,0,0,1,4,1,1.0,2,1,0.0,50.0,5.0,6.0,1.0,0.0,0.0,0,0,0,0,
da,d2_seq100,27,Histiocytoid Sweet syndrome,,ok,ok,aphhm_judge_miss,1954,263,19,4,1,1.520912547528517,0.38022813688212925,0.38022813688212925,0.0,2.661596958174905,1,0,27,3,0,0,0,1,4,1,1.0,2,3,0.286,53.0,5.0,1.0,2.0,0.0,0.667,0,1,1,1,
da,d2_seq100,28,Bayés syndrome (Advanced interatrial block with paroxysmal atrial arrhythmias),,s2_miss,s2_miss,aphhm_tree_miss,1081,152,9,1,0,0.6578947368421052,0.0,0.0,0.0,0.6578947368421053,0,0,78,9,0,1,1,1,4,1,1.0,1,4,0.273,48.0,5.0,,14.0,2.0,0.071,0,0,0,0,
da,d2_seq100,29,IgG4-related rhinosinusitis with concurrent Streptococcus constellatus bacterial rhinosinusitis,,s2_miss,s2_miss,aphhm_tree_miss,1873,261,13,2,0,0.7662835249042145,0.0,0.3831417624521073,0.7662835249042146,2.681992337164751,1,2,95,9,0,1,0,1,4,1,1.0,1,5,0.25,46.0,5.0,,1.0,1.0,0.222,1,1,1,1,
da,d2_seq100,33,ST-segment elevation due to myocardial metastasis from squamous cell carcinoma of the lung,,s2_gold_low_rank,s2_hit_s3_drop,aphhm_tree_miss,1750,250,18,1,0,0.4,0.0,0.0,0.4,2.4,0,1,90,14,0,0,0,1,4,1,1.0,1,3,0.2,49.0,5.0,7.0,3.0,2.0,0.231,1,1,1,1,
da,d2_seq100,36,Primary cutaneous cryptococcosis (PCC),,ok,ok,aphhm_ok,1702,219,16,5,0,2.28310502283105,0.0,0.91324200913242,0.91324200913242,1.82648401826484,2,2,38,4,0,0,1,1,4,1,1.0,2,4,0.111,44.0,5.0,1.0,2.0,0.0,0.25,0,1,1,1,
da,d2_seq100,39,Metastatic Crohn disease,,s2_miss,s2_miss,aphhm_tree_miss,2121,271,20,4,0,1.4760147601476015,0.0,1.1070110701107012,0.36900369003690037,1.845018450184502,3,1,24,3,0,0,0,1,4,1,1.0,2,5,0.5,50.0,5.0,,7.0,1.0,0.0,1,1,1,1,
da,d2_seq100,40,Invasive squamous cell carcinoma arising in a seborrheic keratosis of the eyelid,,near_synonym_prefer,s3_hit_s4_miss,aphhm_ok,1591,215,13,0,0,0.0,0.0,0.46511627906976744,0.0,0.9302325581395349,1,0,80,12,0,0,0,1,4,1,1.0,2,4,0.273,47.0,5.0,1.0,26.0,3.0,0.1,1,1,1,1,
da,d2_seq100,45,Drug-induced dermatomyositis secondary to ipilimumab therapy,,near_synonym_prefer,s3_hit_s4_miss,aphhm_ok,1729,232,11,3,0,1.293103448275862,0.0,0.43103448275862066,0.43103448275862066,0.8620689655172413,1,1,60,7,0,0,0,1,4,1,1.0,2,5,0.222,46.0,5.0,1.0,8.0,3.0,0.143,1,1,1,0,
da,d2_seq100,57,Eosinophilic annular erythema (EAE),,s2_miss,s2_miss,aphhm_tree_miss,1602,227,11,2,0,0.881057268722467,0.0,2.202643171806167,0.0,0.8810572687224669,5,0,35,4,0,0,1,1,4,1,1.0,1,3,0.143,49.0,5.0,,13.0,2.0,0.2,0,0,0,0,
da,d2_seq100,59,Anastrozole-associated uveitis with cystoid macular edema,,s2_miss,s2_miss,aphhm_ok,1750,252,23,0,0,0.0,0.0,0.0,0.3968253968253968,2.7777777777777777,0,1,57,7,0,1,0,1,4,1,1.0,2,5,0.625,47.0,5.0,,8.0,4.0,0.3,1,1,1,1,
da,d2_seq100,60,Ostium secundum atrial septal defect (OS-ASD),,ok,ok,aphhm_ok,1427,210,11,0,0,0.0,0.0,0.0,0.0,0.9523809523809523,0,0,45,7,0,0,1,1,4,1,1.0,2,3,0.571,42.0,5.0,1.0,10.0,2.0,0.5,0,1,1,1,
da,d2_seq100,62,Type I cryoglobulinemia associated with multiple myeloma,,ok,ok,aphhm_ok,1923,270,14,5,1,1.8518518518518516,0.3703703703703704,1.1111111111111112,0.7407407407407407,1.1111111111111112,3,2,56,7,0,1,0,1,4,1,1.0,2,2,0.125,53.0,5.0,1.0,6.0,1.0,0.333,0,1,1,1,
da,d2_seq100,63,Synchysis scintillans with morning glory disc anomaly and chronic retinal detachment,base_win_recall,s2_miss,s2_miss,aphhm_prune,1142,155,10,0,0,0.0,0.0,0.0,0.6451612903225806,1.935483870967742,0,1,84,11,0,1,0,1,4,1,1.0,2,3,0.667,48.0,5.0,,4.0,1.0,0.0,0,0,0,1,
da,d2_seq100,67,Septic shock with anuric kidney failure,,s2_miss,s2_miss,aphhm_tree_miss,1117,162,15,0,0,0.0,0.0,0.0,0.6172839506172839,0.6172839506172839,0,1,39,6,0,1,0,1,4,1,1.0,1,3,0.125,52.0,5.0,,0.0,0.0,0.0,1,1,1,1,
da,d2_seq100,72,Three-vessel obstructive coronary artery disease,,s2_miss,s2_miss,aphhm_prune,1204,168,11,1,0,0.5952380952380952,0.0,0.0,1.1904761904761905,2.9761904761904763,0,2,48,6,0,0,0,1,4,1,1.0,1,5,0.4,47.0,5.0,,10.0,1.0,0.5,0,1,1,1,
da,d2_seq100,74,Nonkeratinizing squamous cell carcinoma of the nasal mucosa with Schneiderian features,base_win_rank,option_echo_da,s3_hit_s4_miss,aphhm_ok,1593,230,13,1,1,0.43478260869565216,0.43478260869565216,0.8695652173913043,0.43478260869565216,1.3043478260869565,2,1,86,11,0,1,0,1,4,1,1.0,2,1,0.0,49.0,5.0,2.0,30.0,3.0,0.0,0,0,1,1,
da,d2_seq100,76,Low-grade chondrosarcoma of the mastoid with facial nerve involvement,,parent_vs_subtype,s3_hit_s4_miss,aphhm_prune,1663,238,17,4,1,1.680672268907563,0.42016806722689076,0.0,2.5210084033613445,2.100840336134454,0,6,69,10,0,1,0,1,4,1,1.0,1,2,0.364,51.0,5.0,3.0,7.0,2.0,0.2,1,1,1,0,
da,d2_seq100,81,Disseminated Strongyloides stercoralis infection with ocular involvement (choroiditis),,s2_miss,s2_miss,aphhm_tree_miss,1787,214,8,1,0,0.46728971962616817,0.0,0.0,0.4672897196261682,0.9345794392523364,0,1,86,8,0,1,1,1,4,1,1.0,1,4,0.1,56.0,5.0,,15.0,3.0,0.111,0,0,0,0,
da,d2_seq100,83,Enhanced S-cone syndrome (ESCS),all_miss_but_recalled,s2_gold_low_rank,s2_hit_s3_drop,aphhm_tree_miss,1336,174,13,0,0,0.0,0.0,0.0,0.0,2.2988505747126435,0,0,31,5,0,0,1,1,4,1,1.0,1,1,0.167,45.0,5.0,12.0,15.0,0.0,0.0,0,0,0,0,
da,d2_seq100,87,Myopericarditis,,ok,ok,aphhm_ok,1518,227,15,1,0,0.4405286343612335,0.0,0.0,0.44052863436123346,3.5242290748898677,0,1,15,1,0,0,0,1,4,1,1.0,1,2,0.0,48.0,5.0,2.0,0.0,0.0,1.0,0,1,1,1,
da,d2_seq100,89,Accelerated atrioventricular junctional tachycardia with isorhythmic atrioventricular dissociation,,s2_miss,s2_miss,aphhm_prune,1842,251,21,1,0,0.398406374501992,0.0,0.0,0.398406374501992,1.593625498007968,0,1,98,8,0,1,0,1,4,1,1.0,2,6,0.625,47.0,5.0,,40.0,4.0,0.111,0,0,1,1,
da,d2_seq100,90,Caruncular melanoma,,s2_miss,s2_miss,aphhm_prune,1674,216,16,1,0,0.4629629629629629,0.0,0.9259259259259259,0.0,0.9259259259259259,2,0,19,2,0,0,0,1,4,1,1.0,1,6,0.333,49.0,5.0,,7.0,3.0,0.2,1,1,1,1,
da,d2_seq100,95,"Progressive Ataxia and Palatal Tremor (PAPT), sporadic type",,s2_miss,s2_miss,aphhm_tree_miss,1329,192,9,1,0,0.5208333333333333,0.0,0.0,1.5625,3.125,0,3,59,8,0,0,1,2,4,1,1.0,1,4,0.222,51.0,5.0,,24.0,2.0,0.0,1,1,0,0,
da,d2_seq100,97,Anti-TIF-1γ juvenile dermatomyositis (JDM),,ok,ok,aphhm_ok,1267,158,9,2,0,1.2658227848101267,0.0,0.6329113924050633,0.6329113924050633,2.5316455696202533,1,1,42,6,0,0,1,1,4,1,1.0,2,1,0.0,46.0,5.0,1.0,1.0,0.0,0.4,0,1,1,1,
da,d2_seq100,99,Epidermolysis bullosa pruriginosa (EBP),,ok,ok,aphhm_tree_miss,1349,168,14,0,0,0.0,0.0,1.1904761904761905,0.0,1.1904761904761905,2,0,39,4,0,0,1,1,4,1,1.0,1,6,0.429,41.0,5.0,32.0,9.0,3.0,0.75,0,1,1,1,
da,d2_seq100,100,Telangiectatic metastatic breast carcinoma (TMBC),,parent_vs_subtype,s3_hit_s4_miss,aphhm_tree_miss,1725,231,14,0,4,0.0,1.7316017316017316,0.8658008658008658,0.0,2.1645021645021645,2,0,49,5,0,0,1,1,4,1,1.0,2,6,0.5,43.0,5.0,8.0,3.0,0.0,0.0,0,0,1,1,
da,d2_seq100,102,Annular epidermolytic ichthyosis (AEI),,s2_miss,s2_miss,aphhm_tree_miss,2049,269,23,1,0,0.37174721189591076,0.0,0.37174721189591076,0.0,1.858736059479554,1,0,38,4,0,0,1,1,4,1,1.0,2,6,0.4,47.0,5.0,,3.0,2.0,0.2,1,1,0,1,
da,d2_seq100,103,Intra-atrial reentrant tachycardia (IART) with variable atrioventricular block,,ok,ok,aphhm_prune,1706,236,15,0,0,0.0,0.0,0.0,0.0,0.423728813559322,0,0,78,9,0,1,1,1,4,1,1.0,2,6,0.556,42.0,5.0,5.0,39.0,3.0,0.444,0,1,1,1,
da,d2_seq100,107,Keloidal scleroderma,,s2_miss,s2_miss,aphhm_prune,1783,248,18,4,1,1.6129032258064515,0.4032258064516129,1.2096774193548387,0.0,1.2096774193548387,3,0,20,2,0,0,0,1,4,1,1.0,1,1,0.25,44.0,5.0,,4.0,1.0,0.0,0,0,0,0,
da,d2_seq100,111,Inverse lichen planus,,ok,ok,aphhm_tree_miss,1402,199,15,1,0,0.5025125628140703,0.0,1.5075376884422111,0.0,2.0100502512562812,3,0,21,3,0,0,0,1,4,1,1.0,2,1,0.5,40.0,5.0,11.0,1.0,0.0,0.667,0,1,1,0,
da,d2_seq100,114,Reversible cerebral vasoconstriction syndrome (RCVS),all_miss_but_recalled,s2_gold_low_rank,s2_hit_s3_drop,aphhm_tree_miss,1299,181,15,1,0,0.5524861878453038,0.0,0.0,0.5524861878453039,0.5524861878453039,0,1,52,5,0,0,1,1,4,1,1.0,1,2,0.25,44.0,5.0,17.0,13.0,3.0,0.1,0,0,0,0,
da,d2_seq100,117,Pyoderma with Staphylococcus simulans,,s2_miss,s2_miss,aphhm_tree_miss,1386,207,16,3,0,1.4492753623188406,0.0,0.0,0.4830917874396135,1.932367149758454,0,1,37,4,0,1,0,1,4,1,1.0,1,3,0.0,52.0,5.0,,1.0,0.0,0.0,1,1,1,1,
da,d2_seq100,118,Inflammation-induced ocular neuropathy associated with SARS-CoV-2–induced panuveitis,,s2_miss,s2_miss,aphhm_prune,2000,271,13,4,0,1.4760147601476015,0.0,0.0,0.7380073800738007,1.845018450184502,0,2,84,10,0,1,0,1,4,1,1.0,1,5,0.273,50.0,5.0,,3.0,0.0,0.0,0,0,1,1,
da,d2_seq100,119,Eruptive pruritic papular porokeratosis (EPPP),all_miss_but_recalled,s2_gold_low_rank,s2_hit_s3_drop,aphhm_ok,1825,249,13,2,0,0.8032128514056224,0.0,0.8032128514056225,0.0,1.2048192771084338,2,0,46,5,0,0,1,1,4,1,1.0,1,6,0.167,46.0,5.0,12.0,2.0,0.0,0.0,0,0,0,0,
da,d2_seq100,120,Myopic macular pit,,s2_miss,s2_miss,aphhm_tree_miss,1048,150,16,0,0,0.0,0.0,0.0,1.3333333333333333,0.0,0,2,18,3,0,0,0,1,4,1,1.0,1,3,0.2,48.0,5.0,,7.0,2.0,0.0,1,1,0,1,
da,d2_seq100,122,Vagus-mediated paroxysmal atrioventricular block (VP-AVB),,s2_miss,s2_miss,aphhm_prune,1520,200,16,1,0,0.5,0.0,0.0,1.0,2.0,0,2,57,7,0,0,1,1,4,1,1.0,1,2,0.429,47.0,5.0,,2.0,1.0,0.0,1,1,0,1,
da,d2_seq100,124,Primary invasive lobular breast carcinoma in heterotopic cutaneous breast tissue,,s2_miss,s2_miss,aphhm_tree_miss,2251,297,12,4,1,1.3468013468013467,0.33670033670033667,0.6734006734006734,1.0101010101010102,1.3468013468013469,2,3,80,10,0,0,0,1,4,1,1.0,2,4,0.5,47.0,5.0,,26.0,3.0,0.0,0,0,0,0,
da,d2_seq100,125,Tumors of the follicular infundibulum (TFI),,s2_miss,s2_miss,aphhm_tree_miss,1618,239,15,1,0,0.41841004184100417,0.0,0.41841004184100417,0.0,1.2552301255230125,1,0,43,6,0,0,1,1,4,1,1.0,1,1,0.0,49.0,5.0,,0.0,0.0,0.0,0,0,0,0,
da,d2_seq100,128,Cutaneous angiosarcoma,,ok,ok,aphhm_ok,1482,208,9,2,0,0.9615384615384616,0.0,0.4807692307692308,0.9615384615384616,0.4807692307692308,1,2,22,2,0,0,0,1,4,1,1.0,2,1,0.0,52.0,5.0,1.0,3.0,0.0,0.5,0,1,1,1,
da,d2_seq100,129,Short-coupled polymorphic ventricular tachycardia/ventricular fibrillation (SC-PMVT/VF) variant of idiopathic ventricular fibrillation,all_miss_but_recalled,parent_vs_subtype,s3_hit_s4_miss,aphhm_prune,1873,231,12,1,2,0.4329004329004329,0.8658008658008658,0.0,0.4329004329004329,0.0,0,1,134,15,0,1,1,1,4,1,1.0,2,3,0.273,46.0,5.0,6.0,10.0,3.0,0.3,0,0,0,0,
da,d2_seq100,132,Trifascicular heart block (Bifascicular block with first-degree AV block progressing to complete heart block),,s2_miss,s2_miss,aphhm_tree_miss,2006,293,20,1,0,0.3412969283276451,0.0,0.0,0.0,0.6825938566552902,0,0,109,15,0,1,1,1,4,1,1.0,1,3,0.4,51.0,5.0,,3.0,0.0,0.0,0,0,0,1,
da,d2_seq100,134,Lymphomatosis cerebri variant of diffuse large B-cell lymphoma (DLBCL),,s2_miss,s2_miss,aphhm_tree_miss,1858,252,22,6,0,2.380952380952381,0.0,0.3968253968253968,2.380952380952381,1.1904761904761905,1,6,70,10,0,1,1,1,4,1,1.0,1,6,0.333,45.0,5.0,,11.0,4.0,0.083,1,1,1,1,
da,d2_seq100,137,Papillary hemangioma,base_win_rank,s2_near_crowd_out,s2_hit_s3_drop,aphhm_prune,1450,186,15,0,0,0.0,0.0,0.0,0.5376344086021505,0.5376344086021505,0,1,20,2,0,0,0,1,4,1,1.0,1,3,0.333,43.0,5.0,3.0,18.0,4.0,0.0,0,0,0,1,
da,d2_seq100,139,Radioiodine-refractory vesicular thyroid carcinoma (VTC) with sinonasal metastasis,,s2_miss,s2_miss,aphhm_tree_miss,1410,180,9,7,0,3.888888888888889,0.0,1.6666666666666667,2.2222222222222223,1.1111111111111112,3,4,82,9,0,1,1,1,4,1,1.0,1,6,0.182,46.0,5.0,,15.0,5.0,0.2,0,0,1,1,
da,d2_seq100,140,Pheochromocytoma-induced cardiomyopathy,,near_synonym_prefer,s3_hit_s4_miss,aphhm_prune,1366,193,17,2,0,1.0362694300518136,0.0,0.0,1.0362694300518134,3.626943005181347,0,2,39,3,0,0,0,1,4,1,1.0,1,2,0.25,51.0,5.0,11.0,11.0,3.0,0.25,0,0,0,0,
da,d2_seq100,147,Linear or annular lupus erythematosus panniculitis of the scalp (LALPS),,s2_miss,s2_miss,aphhm_tree_miss,2314,346,15,2,0,0.5780346820809248,0.0,0.0,0.0,0.8670520231213873,0,0,71,10,0,0,1,1,4,1,1.0,1,6,0.222,53.0,5.0,,22.0,2.0,0.0,0,0,1,0,
da,d2_seq100,149,Giant cell tumor of soft tissue (GCT-ST),base_win_rank,parent_vs_subtype,s3_hit_s4_miss,aphhm_ok,1834,260,14,4,0,1.5384615384615385,0.0,0.38461538461538464,1.9230769230769231,1.5384615384615385,1,5,40,8,0,0,1,1,4,1,1.0,2,6,0.5,49.0,5.0,13.0,10.0,0.0,0.0,0,0,1,1,
da,d2_seq100,150,Transient left abducens (cranial nerve VI) nerve palsy,base_win_recall,s2_miss,s2_miss,aphhm_ok,1247,164,8,0,0,0.0,0.0,0.0,0.0,1.2195121951219512,0,0,54,8,0,0,1,1,4,1,1.0,1,2,0.429,52.0,5.0,,1.0,0.0,0.0,0,0,1,1,
da,d2_seq100,151,Large middle cerebral artery territory embolic stroke,,s2_miss,s2_miss,aphhm_tree_miss,1686,243,17,0,0,0.0,0.0,0.0,0.411522633744856,0.823045267489712,0,1,53,7,0,0,0,1,4,1,1.0,2,6,0.5,48.0,5.0,,14.0,5.0,0.125,0,0,1,1,
da,d2_seq100,156,Drug-induced blepharitis and ectropion associated with TNF-α inhibitors (infliximab and adalimumab),,parent_vs_subtype,s3_hit_s4_miss,aphhm_prune,992,127,11,1,0,0.7874015748031495,0.0,0.7874015748031497,0.0,3.1496062992125986,1,0,99,13,0,1,1,1,4,1,1.0,1,5,0.231,48.0,5.0,1.0,14.0,3.0,0.154,1,1,1,1,
da,d2_seq100,158,Bullous pilomatricoma,,s2_miss,s2_miss,aphhm_ok,1426,211,14,1,0,0.47393364928909953,0.0,0.0,0.0,1.4218009478672986,0,0,21,2,0,0,0,1,4,1,1.0,2,1,0.0,48.0,5.0,,0.0,0.0,0.0,1,1,1,0,
da,d2_seq100,161,Hemosiderotic fibrolipomatous tumor (HFLT),,s2_miss,s2_miss,aphhm_prune,1712,247,15,0,0,0.0,0.0,0.4048582995951417,0.4048582995951417,1.214574898785425,1,1,42,4,0,0,1,1,4,1,1.0,1,4,0.2,53.0,5.0,,6.0,0.0,0.0,1,1,0,0,
da,d2_seq100,163,FIP1L1-PDGFRA–positive chronic eosinophilic leukemia (CEL) with associated generalized eruptive histiocytosis (GEH),base_win_recall,s2_miss,s2_miss,aphhm_prune,2005,265,13,5,0,1.8867924528301887,0.0,0.37735849056603776,0.7547169811320755,1.8867924528301887,1,2,115,12,0,1,1,1,4,1,1.0,2,2,0.158,47.0,5.0,,11.0,2.0,0.0,0,0,1,1,
da,d2_seq100,164,Blastic plasmacytoid dendritic cell neoplasm (BPDCN) with polyradiculopathy,,s2_miss,s2_miss,aphhm_tree_miss,1559,206,13,6,2,2.912621359223301,0.9708737864077669,0.0,2.912621359223301,1.4563106796116505,0,6,75,8,0,1,1,1,4,1,1.0,1,1,0.0,48.0,5.0,,0.0,0.0,0.0,0,0,0,0,
da,d2_seq100,165,Nocardia brasiliensis skin infection,,s2_miss,s2_miss,aphhm_tree_miss,1659,234,12,3,1,1.282051282051282,0.4273504273504274,1.7094017094017093,0.42735042735042733,1.2820512820512822,4,1,36,4,0,0,0,1,4,1,1.0,1,3,0.167,52.0,5.0,,37.0,5.0,0.5,1,1,1,1,
da,d2_seq100,167,Chikungunya virus-induced bilateral stromal keratouveitis,,s2_miss,s2_miss,aphhm_ok,1961,248,12,3,0,1.2096774193548387,0.0,0.0,0.0,0.8064516129032258,0,0,57,6,0,0,0,1,4,1,1.0,1,4,0.25,50.0,5.0,,6.0,1.0,0.286,1,1,1,1,
da,d2_seq100,173,Netherton syndrome,e7_win_recall,s2_gold_low_rank,s2_hit_s3_drop,aphhm_ok,902,130,10,1,0,0.7692307692307693,0.0,0.7692307692307693,0.0,0.7692307692307693,1,0,18,2,0,0,0,1,4,1,1.0,1,0,0.0,53.0,5.0,20.0,6.0,0.0,0.0,1,1,0,0,
da,d2_seq100,174,"Intravascular NK/T-cell lymphoma, nasal type",,s2_miss,s2_miss,aphhm_tree_miss,1551,212,16,6,1,2.8301886792452833,0.4716981132075472,0.9433962264150944,0.4716981132075472,2.830188679245283,2,1,44,7,0,0,0,2,4,1,1.0,1,3,0.429,46.0,5.0,,14.0,5.0,0.5,0,0,0,0,
da,d2_seq100,177,Subacute left ventricular free wall rupture (LVFWR) complicating acute myocardial infarction,,parent_vs_subtype,s3_hit_s4_miss,aphhm_ok,1400,196,22,1,0,0.5102040816326531,0.0,0.0,0.5102040816326531,2.5510204081632653,0,1,92,11,0,0,1,1,4,1,1.0,1,4,0.231,51.0,5.0,1.0,7.0,2.0,0.167,1,1,1,1,
da,d2_seq100,181,Benign lymphangioendothelioma (BLAE),,s2_miss,s2_miss,aphhm_tree_miss,1690,230,11,1,0,0.43478260869565216,0.0,0.8695652173913043,0.0,1.3043478260869565,2,0,36,3,0,0,1,1,4,1,1.0,1,0,0.0,43.0,5.0,,0.0,0.0,0.0,1,1,1,1,
da,d2_seq100,182,Fibrofatty residua of involuted infantile hemangioma,all_miss_but_recalled,s2_gold_low_rank,s2_hit_s3_drop,aphhm_tree_miss,1118,167,20,0,0,0.0,0.0,0.0,0.5988023952095808,1.1976047904191616,0,1,52,6,0,0,0,1,4,1,1.0,1,1,0.0,50.0,5.0,8.0,0.0,0.0,0.0,0,0,0,0,
da,d2_seq100,183,Glioblastoma (World Health Organization grade IV) with optic nerve invasion and intraocular extension,,s2_miss,s2_miss,aphhm_judge_miss,2189,304,14,3,0,0.9868421052631579,0.0,0.32894736842105265,0.6578947368421053,0.9868421052631579,1,2,101,13,0,1,1,1,4,1,1.0,1,6,0.154,50.0,5.0,,21.0,3.0,0.083,0,1,0,0,
da,d2_seq100,186,Pseudoxanthoma elasticum-like disorder with coagulation deficiency,,near_synonym_prefer,s3_hit_s4_miss,aphhm_ok,1666,220,20,3,0,1.3636363636363635,0.0,0.45454545454545453,0.45454545454545453,1.3636363636363635,1,1,66,7,0,1,0,1,4,1,1.0,1,4,0.25,41.0,5.0,1.0,2.0,1.0,0.778,1,1,0,1,
da,d2_seq100,187,Xanthoma disseminatum,all_miss_but_recalled,s2_gold_low_rank,s2_hit_s3_drop,aphhm_tree_miss,1471,196,11,1,0,0.5102040816326531,0.0,1.530612244897959,0.0,2.0408163265306123,3,0,21,2,0,0,0,1,4,1,1.0,1,0,0.0,44.0,5.0,28.0,1.0,0.0,0.0,0,0,0,0,
da,d2_seq100,188,Coronary Artery Disease (CAD) with Giant R-wave Syndrome,all_miss_but_recalled,parent_vs_subtype,s3_hit_s4_miss,aphhm_tree_miss,1868,261,15,1,0,0.38314176245210724,0.0,0.0,0.0,1.5325670498084292,0,0,56,9,0,1,1,1,4,1,1.0,1,4,0.25,42.0,5.0,12.0,17.0,1.0,0.0,0,0,0,0,
da,d2_seq100,190,Pott's puffy tumor with sinocutaneous fistula secondary to chronic sinusitis,,s2_gold_low_rank,s2_hit_s3_drop,aphhm_ok,1415,201,12,4,0,1.9900497512437811,0.0,0.0,2.487562189054726,3.9800995024875623,0,5,76,10,0,1,0,1,4,1,1.0,1,6,0.4,48.0,5.0,6.0,4.0,1.0,0.0,0,0,1,0,
da,d2_seq100,194,Hyperoleon within a lamellar macular hole,all_miss_but_recalled,option_echo_da,s3_hit_s4_miss,aphhm_judge_miss,1134,165,14,0,0,0.0,0.0,0.0,1.2121212121212122,0.6060606060606061,0,2,41,6,0,0,0,1,4,1,1.0,1,5,0.375,47.0,5.0,6.0,5.0,0.0,0.0,0,0,0,0,
da,d2_seq100,198,Stage IA endometrial cancer,all_miss_but_recalled,option_echo_da,s3_hit_s4_miss,aphhm_prune,746,95,9,0,0,0.0,0.0,0.0,0.0,2.1052631578947367,0,0,27,4,0,0,0,1,4,1,1.0,1,6,0.2,48.0,5.0,2.0,11.0,2.0,0.0,0,0,0,0,
da,d2_seq100,202,Type B lactic acidosis secondary to diffuse large B-cell lymphoma,e7_win_recall,ok,ok,aphhm_prune,1140,163,17,2,0,1.2269938650306749,0.0,0.0,1.2269938650306749,1.8404907975460123,0,2,65,11,0,0,0,1,4,1,1.0,1,6,0.1,46.0,5.0,1.0,1.0,0.0,0.125,0,1,0,0,
da,d2_seq100,205,Methimazole-induced vasculitis,,s2_miss,s2_miss,aphhm_prune,2071,287,15,5,0,1.7421602787456445,0.0,1.3937282229965158,0.0,1.0452961672473868,4,0,30,3,0,0,0,1,4,1,1.0,1,3,0.333,49.0,5.0,,10.0,2.0,0.167,1,1,0,0,
da,d2_seq100,206,Acute posterior and inferior myocardial infarction (STEMI equivalent) due to saphenous vein graft occlusion,base_win_rank,s4_hit_judge_miss,s4_hit_judge_miss,aphhm_ok,1828,258,11,1,0,0.3875968992248062,0.0,0.0,0.0,1.937984496124031,0,0,107,14,0,0,1,1,4,1,1.0,2,5,0.533,52.0,5.0,4.0,4.0,1.0,0.154,0,0,1,0,
da,d2_seq100,207,Mucous membrane pemphigoid (MMP),,parent_vs_subtype,s3_hit_s4_miss,aphhm_judge_miss,943,121,9,2,1,1.6528925619834711,0.8264462809917356,1.6528925619834711,0.0,2.479338842975207,2,0,32,4,0,0,1,1,4,1,1.0,1,2,0.167,47.0,5.0,1.0,2.0,1.0,0.167,0,0,1,1,
da,d2_seq100,211,Brown tumor secondary to primary hyperparathyroidism due to parathyroid carcinoma,,ok,ok,aphhm_prune,1794,243,20,3,0,1.2345679012345678,0.0,0.0,1.2345679012345678,1.2345679012345678,0,3,81,10,0,0,0,1,4,1,1.0,2,4,0.375,40.0,5.0,3.0,10.0,2.0,0.25,0,1,1,0,
da,d2_seq100,214,Macular retinal vein occlusion with chronic cystoid macular edema,,ok,ok,aphhm_ok,1088,151,13,0,0,0.0,0.0,0.0,0.6622516556291391,2.6490066225165565,0,1,65,9,0,1,0,1,4,1,1.0,2,6,0.3,50.0,5.0,14.0,12.0,4.0,0.375,0,1,1,1,
da,d2_seq100,216,Coronavirus Disease 2019 (COVID-19) with Acute Respiratory Distress Syndrome (ARDS),,s2_gold_low_rank,s2_hit_s3_drop,aphhm_tree_miss,1023,152,11,1,0,0.6578947368421052,0.0,0.0,0.6578947368421053,3.289473684210526,0,1,83,11,0,1,1,1,4,1,1.0,2,4,0.167,49.0,5.0,13.0,8.0,1.0,0.1,1,1,1,1,
da,d2_seq100,219,Multiple hereditary infundibulocystic basal cell carcinoma syndrome (MHIBCC),,parent_vs_subtype,s3_hit_s4_miss,aphhm_prune,1624,227,16,2,0,0.881057268722467,0.0,0.8810572687224669,0.44052863436123346,1.3215859030837005,2,1,76,8,0,0,1,1,4,1,1.0,2,6,0.3,52.0,5.0,4.0,22.0,4.0,0.444,1,1,1,1,
da,d2_seq100,220,"Plasmablastic lymphoma (PBL), stage 1 with high-risk features",,s2_gold_low_rank,s2_hit_s3_drop,aphhm_ok,1155,147,11,3,0,2.0408163265306123,0.0,0.6802721088435374,2.7210884353741496,1.3605442176870748,1,4,61,9,0,1,1,2,4,1,1.0,1,2,0.077,42.0,5.0,9.0,13.0,5.0,0.1,0,0,0,0,
da,d2_seq100,225,Richter's transformation presenting as penile ulcer (transformation of chronic lymphocytic leukemia to diffuse large B-cell lymphoma),,s2_miss,s2_miss,aphhm_tree_miss,2298,323,23,5,2,1.5479876160990713,0.6191950464396285,0.30959752321981426,0.9287925696594427,2.7863777089783284,1,3,133,17,0,0,1,1,4,1,1.0,1,6,0.308,48.0,5.0,,29.0,5.0,0.286,1,1,1,1,
da,d2_seq100,226,Actinic prurigo with associated cheilitis,,s2_miss,s2_miss,aphhm_tree_miss,1867,272,15,3,0,1.1029411764705883,0.0,0.7352941176470589,0.0,1.1029411764705883,2,0,41,5,0,1,0,1,4,1,1.0,1,2,0.125,45.0,5.0,,2.0,0.0,0.0,0,0,0,1,
da,d2_seq100,227,Bullous amyloidosis,,rationale_overfit,s3_hit_s4_miss,aphhm_prune,1973,276,24,4,0,1.4492753623188406,0.0,0.7246376811594203,0.0,2.536231884057971,2,0,19,2,0,0,0,1,4,1,1.0,1,6,0.333,47.0,5.0,12.0,3.0,1.0,0.0,1,1,1,1,
da,d2_seq100,228,Primary systemic (AL) amyloidosis,e7_win_rank,ok,ok,aphhm_prune,1585,210,14,5,0,2.380952380952381,0.0,1.9047619047619047,0.47619047619047616,1.9047619047619047,4,1,33,4,0,0,1,1,4,1,1.0,3,6,0.667,44.0,5.0,1.0,27.0,4.0,1.0,0,1,0,0,
da,d2_seq100,229,Rheumatoid meningitis,,s2_miss,s2_miss,aphhm_tree_miss,2097,278,16,4,0,1.4388489208633095,0.0,0.3597122302158273,1.7985611510791366,2.5179856115107913,1,5,21,2,0,0,0,1,4,1,1.0,1,1,0.1,45.0,5.0,,1.0,0.0,0.0,1,1,1,1,
da,d2_seq100,231,Stage IV invasive renal urothelial carcinoma,,s2_miss,s2_miss,aphhm_prune,1634,206,15,3,0,1.4563106796116505,0.0,0.4854368932038835,1.4563106796116505,1.941747572815534,1,3,44,6,0,1,0,1,4,1,1.0,1,5,0.25,47.0,5.0,,14.0,1.0,0.0,0,0,0,0,
da,d2_seq100,233,Multisystem Langerhans cell histiocytosis,,ok,ok,aphhm_ok,1404,172,15,3,0,1.744186046511628,0.0,1.1627906976744187,1.1627906976744187,2.3255813953488373,2,2,41,4,0,0,0,1,4,1,1.0,2,3,0.429,50.0,5.0,1.0,7.0,1.0,0.75,0,1,1,1,
da,d2_seq100,237,Intergluteal and sacral hyperhidrosis,,s2_near_crowd_out,s2_hit_s3_drop,aphhm_tree_miss,1386,207,11,0,0,0.0,0.0,0.0,0.0,0.966183574879227,0,0,37,4,0,0,0,1,4,1,1.0,1,4,0.167,47.0,5.0,1.0,12.0,5.0,0.2,1,1,1,1,
da,d2_seq100,241,Endogenous endophthalmitis with iris abscess,base_win_rank,s4_hit_judge_miss,s4_hit_judge_miss,aphhm_prune,1682,239,20,1,0,0.41841004184100417,0.0,0.8368200836820083,0.0,1.6736401673640167,2,0,44,5,0,1,0,1,4,1,1.0,1,5,0.167,48.0,5.0,1.0,10.0,2.0,0.2,0,0,1,1,
da,d2_seq100,242,Branch retinal vein occlusion with preretinal neovascularization,,s2_miss,s2_miss,aphhm_prune,1411,181,10,0,0,0.0,0.0,0.0,0.0,5.524861878453039,0,0,64,7,0,1,0,1,4,1,1.0,3,3,0.75,46.0,5.0,,13.0,4.0,0.0,1,1,0,0,
da,d2_seq100,243,Juvenile spring eruption (JSE) associated with parvovirus B19 infection,,s2_miss,s2_miss,aphhm_ok,1978,290,20,2,1,0.6896551724137931,0.3448275862068966,0.3448275862068966,0.0,1.0344827586206897,1,0,71,9,0,1,1,1,4,1,1.0,1,4,0.3,48.0,5.0,,2.0,2.0,0.3,1,1,1,1,
da,d2_seq100,246,Tufted angioma with somatic KDR mutation,,s2_gold_low_rank,s2_hit_s3_drop,aphhm_tree_miss,1658,226,18,0,0,0.0,0.0,0.0,0.0,0.8849557522123894,0,0,40,6,0,1,0,1,4,1,1.0,1,2,0.286,47.0,5.0,28.0,2.0,0.0,0.0,1,1,1,1,
da,d2_seq100,249,CD8-positive granulomatous cutaneous T-cell lymphoma,,ok,ok,aphhm_prune,2147,287,13,7,2,2.4390243902439024,0.6968641114982579,1.0452961672473868,1.0452961672473868,0.6968641114982579,3,3,52,7,0,0,0,1,4,1,1.0,2,4,0.571,50.0,5.0,16.0,4.0,2.0,0.5,0,1,1,1,
da,d2_heldout100,252,Folliculocentric lichen sclerosus et atrophicus,,s2_miss,s2_miss,aphhm_tree_miss,1818,244,14,3,0,1.2295081967213115,0.0,1.639344262295082,0.0,1.2295081967213115,4,0,47,5,0,0,0,1,4,1,1.0,3,6,0.167,37.0,5.0,,3.0,1.0,0.2,0,0,0,0,
da,d2_heldout100,254,Pyomyositis of the levator scapulae muscle caused by Fusobacterium necrophorum,,near_synonym_prefer,s3_hit_s4_miss,aphhm_tree_miss,1557,218,18,6,0,2.7522935779816518,0.0,0.0,2.293577981651376,1.834862385321101,0,5,78,10,0,0,0,1,4,1,1.0,1,1,0.25,48.0,5.0,33.0,1.0,1.0,0.222,1,1,1,0,
da,d2_heldout100,255,Pemphigus erythematosus (Senear-Usher syndrome),all_miss_but_recalled,s2_gold_low_rank,s2_hit_s3_drop,aphhm_tree_miss,2019,253,16,2,0,0.7905138339920948,0.0,0.3952569169960474,0.0,1.1857707509881423,1,0,47,5,1,0,1,1,4,1,1.0,1,5,0.429,53.0,5.0,21.0,15.0,5.0,0.125,0,0,0,0,
da,d2_heldout100,256,Paracentral acute middle maculopathy in sickle cell disease,,s2_miss,s2_miss,aphhm_prune,1467,205,17,0,1,0.0,0.4878048780487805,0.0,0.0,2.4390243902439024,0,0,59,8,0,0,0,1,4,1,1.0,2,6,0.333,52.0,5.0,,9.0,1.0,0.25,1,1,1,1,
da,d2_heldout100,257,Heterozygous HTRA1-related cerebral small vessel disease (CSVD),,s2_miss,s2_miss,aphhm_prune,1337,178,13,1,0,0.5617977528089888,0.0,0.0,2.247191011235955,4.49438202247191,0,4,63,8,0,0,1,1,4,1,1.0,3,6,0.667,46.0,5.0,,24.0,4.0,0.0,0,0,1,0,
da,d2_heldout100,259,Right Bundle Branch Block (RBBB) with cardiac arrest due to hypoxemia from COPD exacerbation,,s2_miss,s2_miss,aphhm_tree_miss,1675,255,15,0,0,0.0,0.0,0.0,0.0,1.9607843137254901,0,0,92,14,0,1,1,1,4,1,1.0,1,3,0.188,50.0,5.0,,5.0,1.0,0.059,1,1,1,0,
da,d2_heldout100,261,Cutaneous malakoplakia,,ok,ok,aphhm_prune,2074,269,13,5,1,1.858736059479554,0.37174721189591076,0.7434944237918215,0.0,1.1152416356877324,2,0,22,2,0,0,0,1,4,1,1.0,2,1,0.0,54.0,5.0,1.0,3.0,0.0,0.5,0,1,1,1,
da,d2_heldout100,262,IBD-associated neutrophilic dermatosis with ulcerative colitis,e7_win_recall,option_echo_da,s3_hit_s4_miss,aphhm_judge_miss,2263,303,12,6,1,1.9801980198019802,0.33003300330033003,0.9900990099009901,0.0,1.9801980198019802,3,0,62,7,0,1,0,1,4,1,1.0,2,2,0.182,51.0,5.0,13.0,5.0,1.0,0.0,1,1,0,0,
da,d2_heldout100,266,Arrhythmogenic cardiomyopathy (AC) with biventricular involvement,,s2_miss,s2_miss,aphhm_prune,1652,253,20,1,1,0.3952569169960474,0.3952569169960474,0.0,0.3952569169960474,1.5810276679841897,0,1,65,6,0,1,1,1,4,1,1.0,1,4,0.286,50.0,5.0,,19.0,2.0,0.286,1,1,1,1,
da,d2_heldout100,268,Ipsilateral hemisphere hemorrhagic stroke with peripheral-type facial paralysis,all_miss_but_recalled,s2_miss,s2_miss,aphhm_prune,1572,224,12,3,0,1.3392857142857142,0.0,0.0,2.6785714285714284,3.5714285714285716,0,6,79,9,0,1,0,1,4,1,1.0,1,3,0.067,47.0,5.0,,2.0,1.0,0.0,0,0,0,0,
da,d2_heldout100,269,Severe generalized recessive dystrophic epidermolysis bullosa (RDEB) with revertant mosaicism,,ok,ok,aphhm_ok,1504,216,18,0,2,0.0,0.9259259259259258,0.0,0.0,0.9259259259259259,0,0,93,10,0,1,1,1,4,1,1.0,4,6,0.0,51.0,5.0,1.0,6.0,3.0,0.4,0,1,1,1,
da,d2_heldout100,270,Dual atrioventricular (AV) nonreentrant tachycardia,,s2_miss,s2_miss,aphhm_tree_miss,1233,172,15,0,0,0.0,0.0,0.0,0.5813953488372093,1.1627906976744187,0,1,51,5,0,0,1,1,4,1,1.0,1,4,0.167,48.0,5.0,,3.0,1.0,0.167,0,0,0,0,
da,d2_heldout100,272,Window-Period Acute Myocardial Infarction,all_miss_but_recalled,near_synonym_prefer,s3_hit_s4_miss,aphhm_ok,1358,196,14,1,0,0.5102040816326531,0.0,0.0,0.0,1.530612244897959,0,0,41,5,1,0,0,1,4,1,1.0,1,6,0.25,46.0,5.0,1.0,2.0,1.0,0.143,0,0,0,0,
da,d2_heldout100,273,Very severe chronic atopic hand eczema with moderate to severe atopic dermatitis,e7_win_rank,ok,ok,aphhm_prune,938,132,12,0,0,0.0,0.0,0.0,0.0,5.303030303030303,0,0,80,12,0,1,0,1,4,1,1.0,2,4,0.3,47.0,5.0,1.0,15.0,4.0,0.222,0,1,0,0,
da,d2_heldout100,276,Carcinoma erysipelatoides arising from triple-negative breast cancer,,s2_miss,s2_miss,aphhm_prune,1534,217,13,1,0,0.4608294930875576,0.0,0.4608294930875576,0.0,1.3824884792626728,1,0,68,8,0,0,0,1,4,1,1.0,1,5,0.333,47.0,5.0,,18.0,3.0,0.0,1,1,0,1,
da,d2_heldout100,281,Stage IIA Malignant Melanoma with subsequent development of metastasis and a second primary melanoma,,parent_vs_subtype,s3_hit_s4_miss,aphhm_prune,1490,202,11,2,0,0.9900990099009901,0.0,0.49504950495049505,0.9900990099009901,1.9801980198019802,1,2,100,14,0,1,0,1,4,1,1.0,1,6,0.167,49.0,5.0,1.0,19.0,4.0,0.083,1,1,1,1,
da,d2_heldout100,283,Recurrent infiltrative basal cell carcinoma,,ok,ok,aphhm_ok,1737,269,13,2,0,0.7434944237918215,0.0,0.7434944237918215,0.37174721189591076,1.486988847583643,2,1,43,5,0,0,0,1,4,1,1.0,3,6,0.667,52.0,5.0,1.0,16.0,4.0,0.6,0,1,1,1,
da,d2_heldout100,284,Low-grade epithelioid pleural mesothelioma with tongue metastasis,,s2_miss,s2_miss,aphhm_tree_miss,1717,214,16,1,0,0.46728971962616817,0.0,0.9345794392523364,0.9345794392523364,0.4672897196261682,2,2,65,8,0,1,0,1,4,1,1.0,2,6,0.556,45.0,5.0,,31.0,5.0,0.222,1,1,1,1,
da,d2_heldout100,289,Frontotemporal lobar degeneration–motor neuron disease (FTLD-MND),,s2_miss,s2_miss,aphhm_tree_miss,1673,209,27,3,0,1.4354066985645932,0.0,0.0,1.9138755980861244,2.3923444976076556,0,4,65,7,0,0,1,1,4,1,1.0,1,6,0.1,45.0,5.0,,15.0,3.0,0.091,1,1,1,0,
da,d2_heldout100,290,Wellens syndrome with critical left anterior descending coronary artery stenosis,,s2_miss,s2_miss,aphhm_tree_miss,1346,197,8,1,0,0.5076142131979695,0.0,0.0,0.0,1.5228426395939085,0,0,80,10,0,1,0,1,4,1,1.0,1,2,0.214,48.0,5.0,,14.0,2.0,0.0,1,1,1,1,
da,d2_heldout100,293,TEMPI syndrome,,s2_miss,s2_miss,aphhm_tree_miss,1504,209,15,1,0,0.4784688995215311,0.0,0.0,0.4784688995215311,1.9138755980861244,0,1,14,2,0,0,0,1,4,1,1.0,1,1,0.333,43.0,5.0,,16.0,3.0,0.333,0,0,0,0,
da,d2_heldout100,299,Exophytic Schneiderian papilloma,base_win_rank,near_synonym_prefer,s3_hit_s4_miss,aphhm_prune,1156,158,11,0,1,0.0,0.6329113924050633,1.8987341772151898,0.0,1.8987341772151898,3,0,32,3,0,0,0,1,4,1,1.0,2,6,0.25,46.0,5.0,6.0,4.0,2.0,0.25,0,0,1,0,
da,d2_heldout100,301,Paroxysmal Atrioventricular Block,,ok,ok,aphhm_ok,1532,210,15,0,0,0.0,0.0,0.0,0.0,0.9523809523809523,0,0,33,3,0,0,0,1,4,1,1.0,1,6,0.4,50.0,5.0,2.0,1.0,0.0,0.667,0,1,1,1,
da,d2_heldout100,302,Unilesional folliculotropic mycosis fungoides,,ok,ok,aphhm_ok,1691,228,10,1,2,0.43859649122807015,0.8771929824561403,0.0,0.0,1.3157894736842106,0,0,45,4,0,0,0,1,4,1,1.0,3,3,0.0,51.0,5.0,1.0,0.0,0.0,0.5,0,1,1,1,
da,d2_heldout100,303,Cutaneous Bacillus cereus infection with bacteremia,,s2_gold_low_rank,s2_hit_s3_drop,aphhm_ok,1398,200,12,3,0,1.5,0.0,2.0,0.5,2.0,4,1,51,6,0,1,0,1,4,1,1.0,1,6,0.286,50.0,5.0,11.0,49.0,5.0,0.125,0,0,1,1,
da,d2_heldout100,306,Candida tropicalis meningoencephalitis,,s2_miss,s2_miss,aphhm_prune,1960,269,13,5,0,1.858736059479554,0.0,0.0,1.486988847583643,1.858736059479554,0,4,38,3,0,0,0,1,4,1,1.0,3,4,0.75,54.0,5.0,,1.0,1.0,0.0,0,0,1,1,
da,d2_heldout100,308,Periorbital Discoid Lupus Erythematosus (DLE),,ok,ok,aphhm_prune,1285,170,13,2,0,1.1764705882352942,0.0,1.1764705882352942,0.0,3.5294117647058822,2,0,45,5,0,0,1,1,4,1,1.0,1,6,0.333,49.0,5.0,1.0,7.0,3.0,0.6,0,1,0,1,
da,d2_heldout100,310,Complete spinal cord injury (SCI) at C4-C5 level with intramedullary hemorrhage,,s2_miss,s2_miss,aphhm_tree_miss,1299,176,12,1,0,0.5681818181818182,0.0,0.0,2.272727272727273,0.5681818181818182,0,4,79,12,0,1,1,1,4,1,1.0,1,6,0.364,51.0,5.0,,26.0,4.0,0.3,1,1,1,0,
da,d2_heldout100,312,Pseudo-α-galactosidase deficiency (PAGD) syndrome with mild neurocognitive disorder,,s2_miss,s2_miss,aphhm_prune,1339,175,10,4,0,2.2857142857142856,0.0,0.0,1.7142857142857142,1.7142857142857142,0,3,83,10,0,1,1,1,4,1,1.0,1,1,0.0,43.0,5.0,,7.0,0.0,0.0,0,0,0,0,
da,d2_heldout100,313,Community-acquired methicillin-resistant Staphylococcus aureus (CA-MRSA) sepsis with septic vasculopathy,,s2_miss,s2_miss,aphhm_prune,1911,254,11,6,1,2.3622047244094486,0.39370078740157477,0.3937007874015748,1.1811023622047243,0.7874015748031497,1,3,104,12,0,1,1,1,4,1,1.0,1,6,0.385,53.0,5.0,,5.0,1.0,0.0,1,1,1,1,
da,d2_heldout100,314,Peeling skin disease (PSD),base_win_rank,s2_gold_low_rank,s2_hit_s3_drop,aphhm_tree_miss,1794,246,15,2,1,0.8130081300813009,0.40650406504065045,0.4065040650406504,0.0,1.2195121951219512,1,0,26,4,0,0,1,1,4,1,1.0,1,6,0.4,58.0,5.0,9.0,17.0,5.0,0.286,0,0,1,1,
da,d2_heldout100,317,Pyoderma vegetans,base_win_recall,s2_miss,s2_miss,aphhm_tree_miss,1596,208,11,2,0,0.9615384615384616,0.0,1.4423076923076923,0.0,0.9615384615384616,3,0,17,2,0,0,0,1,4,1,1.0,1,4,0.333,49.0,5.0,,1.0,1.0,0.0,0,0,1,0,
da,d2_heldout100,318,Dual tachycardia: Atrial flutter with accelerated idioventricular rhythm (AIVR),,s2_miss,s2_miss,aphhm_tree_miss,1409,180,8,1,1,0.5555555555555556,0.5555555555555556,0.0,0.5555555555555556,0.5555555555555556,0,1,79,9,0,1,1,1,4,1,1.0,1,6,0.231,49.0,5.0,,5.0,2.0,0.091,1,1,0,0,
da,d2_heldout100,320,Peristomal localized pemphigus vulgaris,,ok,ok,aphhm_ok,1357,184,9,1,0,0.5434782608695652,0.0,0.5434782608695652,0.0,1.6304347826086956,1,0,39,4,0,0,0,1,4,1,1.0,1,6,0.2,42.0,5.0,1.0,17.0,4.0,0.5,0,1,1,1,
da,d2_heldout100,321,Syringocystadenocarcinoma papilliferum in situ (SCACPIS) arising in a precursor lesion of syringocystadenoma papilliferum (SCAP) with macular amyloidosis,,parent_vs_subtype,s3_hit_s4_miss,aphhm_prune,2126,289,19,0,1,0.0,0.34602076124567477,0.3460207612456747,0.0,0.3460207612456747,1,0,153,17,0,1,1,1,4,1,1.0,1,3,0.286,51.0,5.0,28.0,3.0,1.0,0.077,1,1,1,1,
da,d2_heldout100,325,Pigmented extramammary Paget disease,,s2_miss,s2_miss,aphhm_tree_miss,1755,235,14,1,0,0.425531914893617,0.0,0.425531914893617,0.0,0.851063829787234,1,0,36,4,0,0,0,1,4,1,1.0,4,6,0.75,43.0,5.0,,4.0,3.0,0.75,1,1,1,1,
da,d2_heldout100,328,Chronic idiopathic urticaria (CIU) due to methylisothiazolinone contact sensitization,,s2_miss,s2_miss,aphhm_judge_miss,1169,152,14,0,0,0.0,0.0,0.0,0.0,5.2631578947368425,0,0,85,9,0,0,1,1,4,1,1.0,1,6,0.222,48.0,5.0,,14.0,3.0,0.222,0,0,1,1,
da,d2_heldout100,329,Secondary cardiac lymphoma,,ok,ok,aphhm_ok,1251,178,14,3,0,1.6853932584269662,0.0,0.0,1.6853932584269662,2.247191011235955,0,3,26,3,0,0,0,1,4,1,1.0,1,3,0.4,44.0,5.0,1.0,32.0,2.0,0.667,0,1,1,1,
da,d2_heldout100,330,Trifascicular block (Right bundle-branch block with alternating left anterior and left posterior fascicular block),,s2_miss,s2_miss,aphhm_tree_miss,1512,228,13,2,0,0.8771929824561403,0.0,0.0,0.8771929824561403,1.7543859649122806,0,2,114,15,0,1,1,1,4,1,1.0,1,6,0.125,52.0,5.0,,2.0,1.0,0.077,1,1,1,1,
da,d2_heldout100,333,Rhombencephalitis caused by Listeria monocytogenes,,s2_miss,s2_miss,aphhm_tree_miss,1890,251,12,8,0,3.187250996015936,0.0,0.0,2.7888446215139444,2.7888446215139444,0,7,50,5,0,0,0,1,4,1,1.0,1,1,0.286,51.0,5.0,,1.0,1.0,0.0,0,0,0,1,
da,d2_heldout100,334,Phaeohyphomycosis,all_miss_but_recalled,s2_miss,s2_miss,aphhm_tree_miss,1976,263,18,4,0,1.520912547528517,0.0,0.38022813688212925,0.38022813688212925,1.520912547528517,1,1,17,1,0,0,0,1,4,1,1.0,1,0,0.0,61.0,5.0,,0.0,0.0,0.0,0,0,0,0,
da,d2_heldout100,337,Spindle cell lipoma (SCL) with focal intramuscular involvement,all_miss_but_recalled,s2_gold_low_rank,s2_hit_s3_drop,aphhm_tree_miss,2024,277,15,1,0,0.36101083032490977,0.0,1.0830324909747293,0.0,1.8050541516245486,3,0,62,8,0,1,1,1,4,1,1.0,1,1,0.111,50.0,5.0,32.0,3.0,0.0,0.0,0,0,0,0,
da,d2_heldout100,341,Leukemia cutis secondary to juvenile myelomonocytic leukemia (JMML),,s2_miss,s2_miss,aphhm_ok,1820,249,14,2,0,0.8032128514056224,0.0,0.8032128514056225,0.0,2.4096385542168677,2,0,67,8,0,0,1,1,4,1,1.0,1,3,0.429,49.0,5.0,,3.0,1.0,0.0,0,0,0,0,
da,d2_heldout100,347,Nonbullous neutrophilic lupus erythematosus,,s2_miss,s2_miss,aphhm_tree_miss,2002,244,16,4,0,1.639344262295082,0.0,0.819672131147541,0.0,0.819672131147541,2,0,43,4,0,0,0,1,4,1,1.0,1,6,0.4,50.0,5.0,,11.0,4.0,0.333,0,0,0,0,
da,d2_heldout100,348,Asymptomatic posterior corneal dystrophy,,s2_miss,s2_miss,aphhm_prune,1776,249,22,1,0,0.4016064257028112,0.0,0.0,0.40160642570281124,0.40160642570281124,0,1,40,4,0,0,0,1,4,1,1.0,2,6,0.6,42.0,5.0,,24.0,5.0,0.4,0,0,1,0,
da,d2_heldout100,349,Cutaneous histoplasmosis,all_miss_but_recalled,option_echo_da,s3_hit_s4_miss,aphhm_prune,1685,223,15,0,0,0.0,0.0,0.0,0.4484304932735426,0.8968609865470852,0,1,24,2,0,0,0,1,4,1,1.0,2,4,0.333,57.0,5.0,7.0,6.0,1.0,0.0,0,0,0,0,
da,d2_heldout100,350,Infrahisian Mobitz type I second-degree AV block (Wenckebach phenomenon occurring in His-Purkinje system),,s2_miss,s2_miss,aphhm_tree_miss,1366,193,16,0,0,0.0,0.0,0.0,0.0,2.0725388601036268,0,0,105,15,1,1,1,1,4,1,1.0,1,3,0.143,47.0,5.0,,5.0,3.0,0.231,1,1,1,1,
da,d2_heldout100,352,Neurocysticercosis,all_miss_but_recalled,s2_gold_low_rank,s2_hit_s3_drop,aphhm_tree_miss,1017,142,12,2,0,1.4084507042253522,0.0,0.0,2.112676056338028,2.816901408450704,0,3,18,1,0,0,0,1,4,1,1.0,1,0,0.0,45.0,5.0,31.0,0.0,0.0,0.0,0,0,0,0,
da,d2_heldout100,353,Atypical epidermolysis bullosa nevus (benign),,s2_miss,s2_miss,aphhm_tree_miss,2121,310,20,3,4,0.967741935483871,1.2903225806451613,1.6129032258064515,0.0,1.2903225806451613,5,0,45,5,0,0,1,1,4,1,1.0,2,6,0.429,42.0,5.0,,25.0,4.0,0.4,1,1,1,0,
da,d2_heldout100,354,COVID-19-associated papulovesicular eruption with endotheliitis-like changes,,s2_miss,s2_miss,aphhm_tree_miss,1901,228,12,4,1,1.7543859649122806,0.43859649122807015,0.43859649122807015,0.0,0.43859649122807015,1,0,76,9,0,1,0,1,4,1,1.0,1,4,0.2,56.0,5.0,,0.0,0.0,0.0,1,1,1,0,
da,d2_heldout100,355,Advanced interatrial block (IAB) with Bayés syndrome,,s2_miss,s2_miss,aphhm_tree_miss,1362,189,16,0,0,0.0,0.0,0.0,0.0,3.1746031746031744,0,0,52,7,0,1,1,1,4,1,1.0,1,2,0.2,48.0,5.0,,3.0,0.0,0.0,0,0,0,0,
da,d2_heldout100,356,Cutaneous cystinosis,,s2_miss,s2_miss,aphhm_tree_miss,1270,175,15,2,0,1.1428571428571428,0.0,1.1428571428571428,0.0,2.2857142857142856,2,0,20,2,0,0,0,1,4,1,1.0,2,1,0.0,47.0,5.0,,3.0,0.0,0.0,0,0,0,0,
da,d2_heldout100,357,Hailey-Hailey disease (HHD),,s2_miss,s2_miss,aphhm_tree_miss,1117,151,14,3,0,1.9867549668874174,0.0,0.6622516556291391,0.0,1.3245033112582782,1,0,27,4,1,0,1,1,4,1,1.0,1,0,0.0,52.0,5.0,,0.0,0.0,0.0,0,0,0,0,
da,d2_heldout100,359,Wolff-Parkinson-White (WPW) pattern with heart failure exacerbation,,s2_miss,s2_miss,aphhm_tree_miss,1483,213,13,2,0,0.9389671361502347,0.0,0.0,0.9389671361502347,1.408450704225352,0,2,67,9,1,1,1,1,4,1,1.0,1,4,0.286,49.0,5.0,,2.0,2.0,0.2,1,1,1,1,
da,d2_heldout100,361,Slow-fast atrioventricular nodal reentry tachycardia (AVNRT),,s2_miss,s2_miss,aphhm_tree_miss,1294,158,18,1,0,0.6329113924050633,0.0,0.0,0.0,1.8987341772151898,0,0,60,7,0,0,1,1,4,1,1.0,1,6,0.375,47.0,5.0,,30.0,5.0,0.1,1,1,1,1,
da,d2_heldout100,364,Actinic folliculitis,,s2_miss,s2_miss,aphhm_tree_miss,1500,189,9,2,0,1.0582010582010581,0.0,2.1164021164021163,0.0,3.1746031746031744,4,0,20,2,0,0,0,1,4,1,1.0,1,1,0.333,45.0,5.0,,7.0,2.0,0.0,0,0,1,1,
da,d2_heldout100,365,Fibrosis and ulceration caused by meperidine,,s2_miss,s2_miss,aphhm_tree_miss,2003,271,19,5,0,1.8450184501845017,0.0,1.1070110701107012,0.0,1.4760147601476015,3,0,44,6,0,0,0,1,4,1,1.0,1,2,0.143,53.0,5.0,,1.0,1.0,0.0,0,0,1,1,
da,d2_heldout100,367,Ciliary body myxoma,,parent_vs_subtype,s3_hit_s4_miss,aphhm_tree_miss,1620,229,13,2,1,0.8733624454148471,0.43668122270742354,0.0,1.3100436681222707,0.8733624454148472,0,3,19,3,0,0,0,1,4,1,1.0,3,2,0.5,45.0,5.0,13.0,18.0,0.0,0.0,0,0,1,0,
da,d2_heldout100,368,Ichthyosiform mycosis fungoides,,ok,ok,aphhm_ok,1796,264,14,2,3,0.7575757575757576,1.1363636363636365,0.3787878787878788,0.0,1.5151515151515151,1,0,31,3,0,0,0,1,4,1,1.0,2,2,0.0,44.0,5.0,1.0,0.0,0.0,0.667,0,1,1,1,
da,d2_heldout100,372,Elevated Lipoprotein(a) causing discordance between direct and calculated LDL cholesterol measurements,,s2_miss,s2_miss,aphhm_tree_miss,1196,162,9,3,0,1.8518518518518516,0.0,0.0,0.0,1.2345679012345678,0,0,102,11,0,0,1,1,4,1,1.0,1,2,0.083,47.0,5.0,,3.0,1.0,0.083,1,1,0,0,
da,d2_heldout100,373,Anastrozole-associated crystalline retinopathy,,near_synonym_prefer,s3_hit_s4_miss,aphhm_tree_miss,1489,201,19,0,0,0.0,0.0,0.0,0.4975124378109453,1.492537313432836,0,1,46,4,0,0,0,1,4,1,1.0,1,5,0.333,44.0,5.0,3.0,12.0,4.0,0.5,1,1,1,1,
da,d2_heldout100,374,Atypical Atrioventricular Nodal Reentrant Tachycardia (Atypical AVNRT),,ok,ok,aphhm_ok,1324,192,10,2,2,1.0416666666666665,1.0416666666666665,0.0,0.0,0.5208333333333334,0,0,70,7,0,0,1,1,4,1,1.0,2,6,0.5,52.0,5.0,2.0,16.0,3.0,0.667,0,1,0,1,
da,d2_heldout100,375,Herpes vegetans,,s2_miss,s2_miss,aphhm_tree_miss,1699,232,14,1,0,0.43103448275862066,0.0,1.293103448275862,0.0,3.0172413793103448,3,0,15,2,0,0,0,1,4,1,1.0,1,5,0.167,51.0,5.0,,1.0,1.0,0.0,0,0,0,0,
da,d2_heldout100,379,Neurotropic melanoma with orbital spread,,s2_miss,s2_miss,aphhm_judge_miss,1826,257,15,2,0,0.7782101167315175,0.0,1.1673151750972763,0.7782101167315175,2.3346303501945527,3,2,40,5,0,1,0,1,4,1,1.0,1,6,0.333,50.0,5.0,,7.0,2.0,0.167,1,1,1,1,
da,d2_heldout100,381,Good syndrome,,s2_miss,s2_miss,aphhm_prune,2027,282,13,4,0,1.4184397163120568,0.0,1.0638297872340425,0.3546099290780142,0.7092198581560284,3,1,13,2,0,0,0,1,4,1,1.0,1,0,0.0,55.0,5.0,,4.0,2.0,0.0,0,0,0,0,
da,d2_heldout100,382,Genital porokeratosis (GP),,ok,ok,aphhm_tree_miss,1609,205,12,2,0,0.975609756097561,0.0,0.4878048780487805,0.0,1.951219512195122,1,0,26,3,0,0,1,1,4,1,1.0,1,6,0.333,43.0,5.0,13.0,2.0,1.0,0.5,0,1,0,1,
da,d2_heldout100,383,Primary cutaneous embryonal rhabdomyosarcoma,,ok,ok,aphhm_ok,1811,256,15,4,0,1.5625,0.0,0.0,1.5625,0.78125,0,4,44,4,0,0,0,1,4,1,1.0,3,3,0.0,54.0,5.0,9.0,12.0,1.0,0.5,0,1,1,1,
da,d2_heldout100,387,Primary B-cell mucosa-associated lymphoid tissue (MALT) lymphoma of the iris,,s2_miss,s2_miss,aphhm_tree_miss,1444,197,12,2,0,1.015228426395939,0.0,1.015228426395939,0.0,0.0,2,0,76,12,0,0,1,1,4,1,1.0,1,6,0.455,50.0,5.0,,20.0,5.0,0.2,1,1,1,1,
da,d2_heldout100,389,Cranial nerve 7 (CN7) paresis secondary to acute bacterial sinusitis,,s2_miss,s2_miss,aphhm_tree_miss,1873,246,15,4,0,1.6260162601626018,0.0,0.0,1.6260162601626016,3.252032520325203,0,4,68,10,0,0,1,1,4,1,1.0,1,5,0.182,47.0,5.0,,6.0,2.0,0.0,0,0,0,0,
da,d2_heldout100,391,Lepromatous leprosy with type 2 leprosy reaction (T2R),,ok,ok,aphhm_ok,1653,220,10,5,0,2.272727272727273,0.0,1.3636363636363635,1.3636363636363635,2.727272727272727,3,3,54,8,0,1,1,1,4,1,1.0,3,3,0.0,50.0,5.0,5.0,1.0,1.0,0.333,0,1,1,0,
da,d2_heldout100,392,Pigmented onychomatricoma,,ok,ok,aphhm_ok,1621,232,14,0,0,0.0,0.0,0.8620689655172413,0.0,0.43103448275862066,2,0,25,2,0,0,0,1,4,1,1.0,2,1,0.0,43.0,5.0,7.0,1.0,0.0,0.5,0,1,1,1,
da,d2_heldout100,397,Mirror-image dextrocardia with acute inferior wall and right ventricular myocardial infarction due to proximal right coronary artery occlusion,,s2_miss,s2_miss,aphhm_prune,1367,199,12,1,0,0.5025125628140703,0.0,0.0,0.5025125628140703,2.0100502512562812,0,1,142,19,0,1,0,1,4,1,1.0,2,6,0.5,45.0,5.0,,11.0,5.0,0.176,1,1,1,0,
da,d2_heldout100,398,Poikilodermatous plaque-like hemangioma (PPH),all_miss_but_recalled,parent_vs_subtype,s3_hit_s4_miss,aphhm_prune,1597,214,10,0,0,0.0,0.0,0.9345794392523364,0.0,1.4018691588785046,2,0,45,5,0,0,1,1,4,1,1.0,1,6,0.167,52.0,5.0,2.0,4.0,1.0,0.167,0,0,0,0,
da,d2_heldout100,399,Atrioventricular nodal reentrant tachycardia (AVNRT),,s2_miss,s2_miss,aphhm_judge_miss,1521,198,19,0,0,0.0,0.0,0.0,0.0,1.5151515151515151,0,0,52,5,0,0,1,1,4,1,1.0,1,6,0.286,46.0,5.0,,4.0,1.0,0.0,0,0,1,1,
da,d2_heldout100,400,Advanced Parkinson disease,all_miss_but_recalled,option_echo_da,s3_hit_s4_miss,aphhm_prune,1429,204,19,0,0,0.0,0.0,0.0,0.0,1.9607843137254901,0,0,26,3,0,0,0,1,4,1,1.0,1,4,0.333,50.0,5.0,3.0,7.0,0.0,0.0,0,0,0,0,
da,d2_heldout100,402,Mycobacterium chelonae sinusitis,,s2_miss,s2_miss,aphhm_tree_miss,1543,213,18,5,0,2.3474178403755865,0.0,0.0,0.9389671361502347,0.9389671361502347,0,2,32,3,0,0,0,1,4,1,1.0,1,3,0.167,50.0,5.0,,1.0,0.0,0.0,0,0,0,0,
da,d2_heldout100,404,Pemetrexed-induced inflammatory and sclerotic edema,,s2_miss,s2_miss,aphhm_tree_miss,1528,194,15,1,0,0.5154639175257731,0.0,0.0,0.5154639175257731,1.5463917525773196,0,1,51,6,0,0,0,1,4,1,1.0,1,2,0.083,44.0,5.0,,3.0,1.0,0.1,1,1,0,1,
da,d2_heldout100,409,Bilateral syphilitic panuveitis with neurosyphilis,,s2_gold_low_rank,s2_hit_s3_drop,aphhm_tree_miss,2343,317,14,2,0,0.6309148264984227,0.0,0.0,0.31545741324921134,0.0,0,1,50,5,0,1,0,1,4,1,1.0,1,2,0.286,52.0,5.0,31.0,3.0,2.0,0.167,0,0,1,1,
da,d2_heldout100,410,Cutaneous cholesterol embolism,,s2_miss,s2_miss,aphhm_tree_miss,1639,226,13,7,0,3.0973451327433628,0.0,2.2123893805309733,1.7699115044247788,1.7699115044247788,5,4,30,3,0,0,0,1,4,1,1.0,1,1,0.2,53.0,5.0,,1.0,1.0,0.0,1,1,1,1,
da,d2_heldout100,411,Left posterior fascicular ventricular tachycardia (FVT),all_miss_but_recalled,s2_gold_low_rank,s2_hit_s3_drop,aphhm_prune,1295,174,13,0,0,0.0,0.0,0.0,0.0,1.7241379310344827,0,0,55,6,0,0,1,1,4,1,1.0,1,6,0.143,44.0,5.0,10.0,38.0,3.0,0.111,0,0,0,0,
da,d2_heldout100,413,Cutaneous Langerhans cell histiocytosis (LCH) with concurrent evolving acute myeloid leukemia (AML),,ok,ok,aphhm_ok,1648,204,13,5,4,2.450980392156863,1.9607843137254901,2.450980392156863,0.0,1.9607843137254901,5,0,99,12,0,1,1,1,4,1,1.0,1,5,0.25,45.0,5.0,8.0,24.0,3.0,0.25,0,1,1,1,
da,d2_heldout100,414,Juvenile-onset glaucoma with compound heterozygous LTBP2 mutations,e7_win_recall,s2_gold_low_rank,s2_hit_s3_drop,aphhm_prune,1411,199,15,0,0,0.0,0.0,0.0,0.5025125628140703,2.0100502512562812,0,1,66,8,0,1,0,1,4,1,1.0,1,6,0.308,50.0,5.0,7.0,4.0,1.0,0.091,1,1,0,0,
da,d2_heldout100,415,"Acute myocardial infarction due to critical stenosis of the proximal left anterior descending artery, presenting with de Winter ECG pattern evolving to Wellens syndrome",,ok,ok,aphhm_ok,1839,285,16,1,0,0.3508771929824561,0.0,0.0,0.0,2.1052631578947367,0,0,168,24,0,1,0,2,4,1,1.0,1,5,0.182,47.0,5.0,1.0,25.0,2.0,0.15,0,1,1,1,
da,d2_heldout100,416,Mirror-image dextrocardia,,s2_miss,s2_miss,aphhm_tree_miss,1353,215,10,0,0,0.0,0.0,0.0,0.46511627906976744,0.46511627906976744,0,1,25,3,0,0,0,1,4,1,1.0,1,3,0.167,49.0,5.0,,2.0,1.0,0.0,1,1,0,1,
da,d2_heldout100,420,Fulminant Myocarditis,,ok,ok,aphhm_ok,1374,193,14,1,0,0.5181347150259068,0.0,0.0,0.5181347150259067,1.5544041450777202,0,1,21,2,0,0,0,1,4,1,1.0,1,1,0.333,54.0,5.0,2.0,5.0,1.0,0.5,0,1,1,1,
da,d2_heldout100,421,Rowell syndrome,all_miss_but_recalled,s2_gold_low_rank,s2_hit_s3_drop,aphhm_prune,2055,267,12,5,2,1.8726591760299627,0.7490636704119851,1.1235955056179776,0.0,2.247191011235955,3,0,15,2,0,0,0,1,4,1,1.0,1,1,0.0,55.0,5.0,8.0,9.0,1.0,0.0,0,0,0,0,
da,d2_heldout100,423,Leptomeningeal lymphoplasmacytic lymphoma (LPL),,s2_miss,s2_miss,aphhm_tree_miss,1758,210,15,2,0,0.9523809523809524,0.0,0.0,0.9523809523809523,1.4285714285714286,0,2,47,4,0,0,1,1,4,1,1.0,1,3,0.222,45.0,5.0,,21.0,3.0,0.0,1,1,1,1,
da,d2_heldout100,424,"Hyperkeratosis lenticularis perstans (HLP), unilateral presentation",,s2_miss,s2_miss,aphhm_prune,1271,177,14,3,0,1.694915254237288,0.0,1.1299435028248588,0.0,3.9548022598870056,2,0,67,6,0,0,1,2,4,1,1.0,1,0,0.0,45.0,5.0,,0.0,0.0,0.0,1,1,0,0,
da,d2_heldout100,425,Chronic lymphocytic leukemia (CLL)-associated warm autoimmune hemolytic anemia,,parent_vs_subtype,s3_hit_s4_miss,aphhm_ok,979,139,12,2,0,1.4388489208633095,0.0,0.0,0.0,3.597122302158273,0,0,78,9,0,0,1,1,4,1,1.0,2,6,0.444,48.0,5.0,1.0,14.0,3.0,0.3,1,1,1,0,
da,d2_heldout100,428,Alcohol-induced Prinzmetal variant angina,,parent_vs_subtype,s3_hit_s4_miss,aphhm_prune,1534,213,17,1,0,0.4694835680751174,0.0,0.0,0.0,2.816901408450704,0,0,41,5,0,1,0,1,4,1,1.0,1,6,0.375,49.0,5.0,11.0,5.0,1.0,0.0,0,0,0,0,
da,d2_heldout100,429,Secukinumab-induced dermatomyositis exacerbation,,near_synonym_prefer,s3_hit_s4_miss,aphhm_prune,1288,166,10,2,0,1.2048192771084338,0.0,0.6024096385542169,0.0,1.2048192771084338,1,0,48,4,0,0,0,1,4,1,1.0,2,6,0.286,47.0,5.0,1.0,1.0,1.0,0.2,0,0,1,1,
da,d2_heldout100,431,Stage IIIC (T4aN3) melanoma with satellite metastases,,ok,ok,aphhm_ok,1912,250,16,1,0,0.4,0.0,0.4,0.0,1.2,1,0,53,7,0,1,1,1,4,1,1.0,1,6,0.125,48.0,5.0,1.0,0.0,0.0,0.143,0,1,1,1,
da,d2_heldout100,432,Bullous lichen planus of the nails,base_win_rank,near_synonym_prefer,s3_hit_s4_miss,aphhm_prune,1865,274,13,2,0,0.7299270072992701,0.0,0.36496350364963503,0.0,0.7299270072992701,1,0,34,6,0,0,0,1,4,1,1.0,2,6,0.333,53.0,5.0,2.0,5.0,1.0,0.286,0,0,1,1,
da,d2_heldout100,434,Dermatophyte infection due to Trichophyton interdigitale,,s2_miss,s2_miss,aphhm_tree_miss,1276,174,10,2,0,1.1494252873563218,0.0,0.0,0.5747126436781609,0.0,0,1,56,6,0,0,0,1,4,1,1.0,1,3,0.25,48.0,5.0,,2.0,1.0,0.0,1,1,1,1,
da,d2_heldout100,437,Masquerading bundle-branch block (MBBB) with progression to advanced atrioventricular block,,s2_miss,s2_miss,aphhm_tree_miss,1449,198,14,0,0,0.0,0.0,0.0,0.0,1.0101010101010102,0,0,91,11,0,1,1,1,4,1,1.0,1,3,0.2,47.0,5.0,,2.0,1.0,0.0,1,1,1,1,
da,d2_heldout100,439,Lightning-induced retinopathy with delayed-onset cystoid macular abnormalities,,s2_miss,s2_miss,aphhm_tree_miss,1685,232,9,0,0,0.0,0.0,0.0,0.0,3.4482758620689653,0,0,78,9,0,1,0,1,4,1,1.0,1,5,0.3,53.0,5.0,,14.0,2.0,0.2,1,1,1,1,
da,d2_heldout100,440,Pregnancy at 24 weeks gestation,,s2_miss,s2_miss,aphhm_tree_miss,1020,134,13,0,0,0.0,0.0,0.0,0.0,4.477611940298507,0,0,31,5,0,0,0,1,4,1,1.0,1,6,0.25,47.0,5.0,,7.0,2.0,0.143,1,1,1,0,
da,d2_heldout100,449,Acute non–ST-segment elevation myocardial infarction (NSTEMI) with Aslanger pattern,,s2_miss,s2_miss,aphhm_prune,1518,234,11,1,0,0.4273504273504274,0.0,0.0,0.0,1.7094017094017093,0,0,83,10,0,1,1,1,4,1,1.0,1,3,0.143,49.0,5.0,,2.0,1.0,0.3,1,1,1,0,
da,d2_heldout100,451,Congenital cholesteatoma with fistula formation in the setting of otomandibular syndrome,,parent_vs_subtype,s3_hit_s4_miss,aphhm_prune,1571,224,17,6,0,2.6785714285714284,0.0,0.0,3.125,0.8928571428571429,0,7,88,11,0,1,0,1,4,1,1.0,2,6,0.182,54.0,5.0,5.0,10.0,1.0,0.0,1,1,1,1,
da,d2_heldout100,452,Antiplakin dermatosis,,s2_miss,s2_miss,aphhm_tree_miss,2061,278,14,1,0,0.3597122302158274,0.0,0.3597122302158273,0.3597122302158273,1.079136690647482,1,1,21,2,0,0,0,1,4,1,1.0,1,1,0.0,46.0,5.0,,7.0,1.0,0.0,0,0,0,0,
da,d2_heldout200b,455,Congenital disseminated pyogenic granuloma (CDPG),,s2_miss,s2_miss,na,1670,233,16,2,0,0.8583690987124464,0.0,0.0,0.4291845493562232,2.575107296137339,0,1,49,5,0,0,1,1,4,1,1.0,2,4,0.167,47.0,5.0,,1.0,0.0,0.0,0,0,0,0,
da,d2_heldout200b,457,Atrophia maculosa varioliformis cutis (AMVC),,s2_miss,s2_miss,na,1546,214,11,0,0,0.0,0.0,0.4672897196261682,0.0,1.8691588785046729,1,0,44,5,0,0,1,1,4,1,1.0,1,0,0.0,46.0,5.0,,2.0,0.0,0.0,0,0,0,0,
da,d2_heldout200b,458,LMNA-mediated atrioventricular block with tachyarrhythmias,,s2_miss,s2_miss,na,1684,234,18,1,0,0.4273504273504274,0.0,0.0,0.0,0.8547008547008547,0,0,58,6,0,1,0,1,4,1,1.0,1,2,0.167,50.0,5.0,,2.0,0.0,0.0,1,1,1,1,
da,d2_heldout200b,459,Arrhythmia-induced cardiomyopathy due to paroxysmal ectopic atrial tachycardia,,s2_miss,s2_miss,na,1598,215,9,1,0,0.46511627906976744,0.0,0.0,0.46511627906976744,1.3953488372093024,0,1,78,9,0,0,0,1,4,1,1.0,1,6,0.375,47.0,5.0,,21.0,4.0,0.375,1,1,1,0,
da,d2_heldout200b,461,Cutaneous pseudolymphoma arising as Wolf's post-herpetic isotopic response,,near_synonym_prefer,s3_hit_s4_miss,na,1816,250,18,3,3,1.2,1.2,0.8,0.0,2.0,2,0,74,9,0,0,0,1,4,1,1.0,2,4,0.083,59.0,5.0,12.0,13.0,2.0,0.071,0,0,0,1,
da,d2_heldout200b,464,Pressure necrosis,,s2_miss,s2_miss,na,1271,182,16,2,0,1.098901098901099,0.0,1.098901098901099,0.0,2.197802197802198,2,0,17,2,0,0,0,1,4,1,1.0,1,2,0.167,49.0,5.0,,2.0,2.0,0.2,0,0,0,0,
da,d2_heldout200b,465,Malignant myopericytoma,all_miss_but_recalled,s2_gold_low_rank,s2_hit_s3_drop,na,1525,202,11,1,1,0.49504950495049505,0.49504950495049505,0.9900990099009901,0.0,1.4851485148514851,2,0,23,2,0,0,0,1,4,1,1.0,1,1,0.333,45.0,5.0,32.0,1.0,0.0,0.0,0,0,0,0,
da,d2_heldout200b,466,Painful Left Bundle-Branch Block (LBBB) Syndrome,,s2_miss,s2_miss,na,1231,179,10,0,0,0.0,0.0,0.0,0.0,1.675977653631285,0,0,48,7,1,0,1,1,4,1,1.0,2,6,0.556,49.0,5.0,,8.0,0.0,0.0,0,0,0,0,
da,d2_heldout200b,468,Progressive nodular histiocytosis (PNHC),,s2_miss,s2_miss,na,1728,237,17,2,0,0.8438818565400843,0.0,0.0,0.8438818565400844,2.5316455696202533,0,2,40,4,0,0,1,1,4,1,1.0,1,0,0.0,49.0,5.0,,17.0,2.0,0.0,0,0,0,0,
da,d2_heldout200b,472,Apical hypertrophic obstructive cardiomyopathy,,s2_miss,s2_miss,na,1553,231,11,1,0,0.4329004329004329,0.0,0.0,0.0,0.8658008658008658,0,0,46,4,0,0,0,1,4,1,1.0,2,6,0.4,48.0,5.0,,17.0,4.0,0.5,1,1,1,1,
da,d2_heldout200b,473,COVID-19 (SARS-CoV-2 infection),,s2_miss,s2_miss,na,1821,246,23,6,0,2.4390243902439024,0.0,0.0,1.6260162601626016,0.8130081300813008,0,4,31,6,0,0,1,1,4,1,1.0,1,6,0.333,51.0,5.0,,21.0,5.0,0.143,1,1,0,0,
da,d2_heldout200b,474,COVID-19 with cardiac injury and thrombocytopenia-associated multiple organ failure (TAMOF),,s2_miss,s2_miss,na,1683,217,11,3,0,1.3824884792626728,0.0,0.0,0.0,1.3824884792626728,0,0,91,12,0,1,1,1,4,1,1.0,1,0,0.067,49.0,5.0,,7.0,0.0,0.0,0,0,0,0,
da,d2_heldout200b,477,Multisystem Inflammatory Syndrome in Children (MIS-C) with COVID-19 associated acute ischemic stroke,base_win_recall,s2_miss,s2_miss,na,2403,310,20,9,0,2.903225806451613,0.0,0.0,1.6129032258064515,1.935483870967742,0,5,100,14,0,1,1,1,4,1,1.0,2,3,0.615,56.0,5.0,,11.0,2.0,0.077,0,0,1,1,
da,d2_heldout200b,478,Severe SARS-CoV-2 infection,,s2_miss,s2_miss,na,1553,204,11,8,0,3.9215686274509802,0.0,0.0,1.9607843137254901,5.882352941176471,0,4,27,5,0,0,0,1,4,1,1.0,1,1,0.0,48.0,5.0,,2.0,0.0,0.0,0,0,0,1,
da,d2_heldout200b,479,Epstein-Barr virus (EBV) hepatitis,,s2_miss,s2_miss,na,2101,318,27,2,0,0.628930817610063,0.0,0.0,0.6289308176100629,3.459119496855346,0,2,34,5,1,0,1,1,4,1,1.0,1,5,0.444,51.0,5.0,,8.0,3.0,0.5,1,1,1,1,
da,d2_heldout200b,480,Negative pressure pulmonary oedema with pulmonary haemorrhage,,s2_miss,s2_miss,na,1650,229,11,5,0,2.1834061135371177,0.0,0.0,0.8733624454148472,2.183406113537118,0,2,61,7,0,1,0,1,4,1,1.0,1,3,0.273,48.0,5.0,,21.0,2.0,0.111,0,0,0,1,
da,d2_heldout200b,481,Severe Influenza A (H3N2) infection,,s2_miss,s2_miss,na,1856,272,13,5,0,1.8382352941176472,0.0,0.0,0.7352941176470589,2.9411764705882355,0,2,35,5,0,0,1,1,4,1,1.0,1,5,0.286,57.0,5.0,,9.0,2.0,0.143,1,1,1,1,
da,d2_heldout200b,482,Peripheral T-cell non-Hodgkin lymphoma,,rationale_overfit,s3_hit_s4_miss,na,2079,281,19,16,0,5.6939501779359425,0.0,1.0676156583629892,4.270462633451957,1.4234875444839858,3,12,38,6,0,0,0,1,4,1,1.0,1,6,0.333,49.0,5.0,2.0,0.0,0.0,0.0,1,1,1,1,
da,d2_heldout200b,484,Poncet's Disease with tuberculous lymphadenitis,,s2_miss,s2_miss,na,1951,252,12,6,1,2.380952380952381,0.3968253968253968,0.7936507936507936,0.7936507936507936,1.9841269841269842,2,2,47,5,0,1,0,1,4,1,1.0,1,0,0.0,49.0,5.0,,12.0,1.0,0.0,1,1,1,0,
da,d2_heldout200b,485,Focal segmental necrotising immune-complex glomerulonephritis triggered by chronic LVAD infection with Corynebacterium jeikeium,,s2_miss,s2_miss,na,2340,282,17,4,0,1.4184397163120568,0.0,0.3546099290780142,1.0638297872340425,2.482269503546099,1,3,127,14,0,1,0,1,4,1,1.0,1,6,0.312,50.0,5.0,,12.0,3.0,0.067,0,0,1,1,
da,d2_heldout200b,486,Histoid leprosy,base_win_rank,near_synonym_prefer,s3_hit_s4_miss,na,1730,233,15,3,1,1.2875536480686696,0.4291845493562232,0.4291845493562232,0.0,3.004291845493562,1,0,15,2,0,0,0,1,4,1,1.0,1,3,0.333,47.0,5.0,11.0,2.0,2.0,0.333,0,0,1,0,
da,d2_heldout200b,487,Atypical Tuberous Myxoedema (Scleromyxoedema variant),,s2_miss,s2_miss,na,1694,240,13,4,1,1.6666666666666667,0.4166666666666667,0.8333333333333334,0.8333333333333334,2.5,2,2,53,5,0,1,1,1,4,1,1.0,1,0,0.0,52.0,5.0,,1.0,0.0,0.0,1,1,0,1,
da,d2_heldout200b,488,Myelodysplastic syndrome (MDS) with refractory anaemia with excess blasts-1 presenting with leukaemic vasculitis,base_win_recall,s2_miss,s2_miss,na,2470,367,17,6,5,1.6348773841961852,1.3623978201634876,1.0899182561307903,0.2724795640326976,1.3623978201634876,4,1,112,14,0,1,1,1,4,1,1.0,1,4,0.308,56.0,5.0,,13.0,4.0,0.083,0,0,1,1,
da,d2_heldout200b,489,Pseudohypoparathyroidism type Ib (confirmed by genetic testing showing broad GNAS methylation changes with loss of all maternal methylation imprints),,ok,ok,na,1402,188,21,4,0,2.127659574468085,0.0,0.0,2.127659574468085,2.127659574468085,0,4,149,19,0,1,1,1,4,1,1.0,2,1,0.0,47.0,5.0,1.0,0.0,0.0,0.067,0,1,1,1,
da,d2_heldout200b,490,Starvation colitis,,s2_miss,s2_miss,na,1171,174,13,8,0,4.597701149425287,0.0,1.7241379310344827,2.2988505747126435,4.022988505747127,3,4,18,2,0,0,0,1,4,1,1.0,1,6,0.333,49.0,5.0,,15.0,4.0,0.333,0,0,0,1,
da,d2_heldout200b,493,Dengue myocarditis,,s2_miss,s2_miss,na,1646,223,18,4,0,1.7937219730941705,0.0,0.0,1.345291479820628,2.690582959641256,0,3,18,2,0,0,0,1,4,1,1.0,1,4,0.333,52.0,5.0,,2.0,1.0,0.25,1,1,1,1,
da,d2_heldout200b,496,Listeria monocytogenes infection in a liver transplant recipient,,s2_miss,s2_miss,na,1664,223,29,3,0,1.345291479820628,0.0,0.4484304932735426,0.0,4.484304932735426,1,0,64,8,0,0,0,1,4,1,1.0,1,4,0.111,48.0,5.0,,9.0,0.0,0.0,0,0,0,0,
da,d2_heldout200b,497,Cardioembolic stroke with underlying hypercoagulable state due to metastatic breast cancer and autoimmune hemolytic anemia,,parent_vs_subtype,s3_hit_s4_miss,na,1732,235,16,3,0,1.276595744680851,0.0,0.0,1.702127659574468,0.851063829787234,0,4,122,15,0,1,0,1,4,1,1.0,1,1,0.188,50.0,5.0,18.0,6.0,1.0,0.062,1,1,1,0,
da,d2_heldout200b,498,Denied pregnancy with stillbirth delivery complicated by eclampsia and posterior reversible encephalopathy syndrome (PRES),all_miss_but_recalled,s2_miss,s2_miss,na,1545,198,14,4,0,2.0202020202020203,0.0,0.0,1.5151515151515151,1.5151515151515151,0,3,122,14,0,1,1,1,4,1,1.0,1,1,0.062,49.0,5.0,,2.0,1.0,0.0,0,0,0,0,
da,d2_heldout200b,500,Pemetrexed-related acute lipodermatosclerosis-like eruption,,ok,ok,na,2376,317,29,2,0,0.6309148264984227,0.0,0.0,0.31545741324921134,4.100946372239748,0,1,59,6,0,0,0,1,4,1,1.0,3,4,0.5,54.0,5.0,36.0,1.0,0.0,0.167,0,1,1,1,
da,d2_heldout200b,501,Epstein-Barr virus–associated polymorphic lymphoproliferative disorder involving the adrenal gland,,s2_miss,s2_miss,na,1870,269,39,7,0,2.6022304832713754,0.0,0.0,1.1152416356877324,1.858736059479554,0,3,98,10,1,0,0,1,4,1,1.0,1,4,0.077,49.0,5.0,,41.0,4.0,0.077,0,0,0,0,
da,d2_heldout200b,506,Neuro-Behçet Disease,,option_echo_da,s3_hit_s4_miss,na,2198,291,9,6,0,2.0618556701030926,0.0,0.0,1.7182130584192439,1.0309278350515463,0,5,20,3,0,0,0,1,4,1,1.0,2,1,0.667,61.0,5.0,12.0,9.0,1.0,0.0,0,0,0,1,
da,d2_heldout200b,507,Primary isolated cardiac myeloid sarcoma,,s2_gold_low_rank,s2_hit_s3_drop,na,2224,317,18,10,0,3.1545741324921135,0.0,0.9463722397476341,1.8927444794952681,1.8927444794952681,3,6,40,5,0,0,0,1,4,1,1.0,3,5,0.6,50.0,5.0,39.0,10.0,2.0,0.143,1,1,1,0,
da,d2_heldout200b,508,Subcutaneous panniculitis-like T-cell lymphoma (SPTCL) with hemophagocytic lymphohistiocytosis (HLH),,ok,ok,na,1617,215,10,6,1,2.7906976744186047,0.46511627906976744,0.9302325581395349,0.9302325581395349,1.8604651162790697,2,2,100,11,0,1,1,1,4,1,1.0,2,2,0.143,49.0,5.0,1.0,18.0,0.0,0.2,0,1,1,1,
da,d2_heldout200b,509,Williamsia spongiae/serinedens/deligens bacteremia,all_miss_but_recalled,s2_miss,s2_miss,na,1260,153,15,2,0,1.3071895424836601,0.0,0.0,0.6535947712418301,3.2679738562091503,0,1,50,5,0,0,0,1,4,1,1.0,1,3,0.083,50.0,5.0,,2.0,1.0,0.0,0,0,0,0,
da,d2_heldout200b,510,Overlap syndrome involving diffuse systemic sclerosis and systemic lupus erythematosus,base_win_rank,s4_hit_judge_miss,s4_hit_judge_miss,na,1968,284,14,2,0,0.7042253521126761,0.0,0.0,0.352112676056338,2.112676056338028,0,1,86,10,0,0,0,1,4,1,1.0,3,4,0.1,48.0,5.0,1.0,17.0,2.0,0.222,0,0,1,1,
da,d2_heldout200b,511,Capnocytophaga canimorsus-induced immune thrombocytopenia,,s2_miss,s2_miss,na,2024,280,12,3,0,1.0714285714285714,0.0,0.35714285714285715,0.7142857142857143,3.5714285714285716,1,2,57,5,0,0,0,1,4,1,1.0,1,4,0.333,50.0,5.0,,1.0,1.0,0.333,0,0,0,0,
da,d2_heldout200b,513,Perivascular endothelial carcinoma (PEComa) of the liver,,s2_miss,s2_miss,na,1656,229,11,5,0,2.1834061135371177,0.0,0.4366812227074236,2.183406113537118,2.6200873362445414,1,5,56,7,0,0,1,1,4,1,1.0,1,0,0.0,52.0,5.0,,9.0,3.0,0.25,0,0,0,0,
da,d2_heldout200b,514,Effusive-constrictive pericarditis,,ok,ok,na,2245,297,18,2,0,0.6734006734006733,0.0,0.0,0.6734006734006734,1.3468013468013469,0,2,34,3,0,0,0,1,4,1,1.0,2,1,0.0,47.0,5.0,1.0,1.0,0.0,0.667,0,1,1,1,
da,d2_heldout200b,518,Catastrophic Adult-onset Still Disease (AOSD) with secondary hemophagocytic lymphohistiocytosis/macrophage activation syndrome (MAS),,parent_vs_subtype,s3_hit_s4_miss,na,1836,246,29,5,0,2.0325203252032518,0.0,0.8130081300813008,0.8130081300813008,2.032520325203252,2,2,132,14,0,1,1,1,4,1,1.0,2,4,0.286,54.0,5.0,7.0,24.0,2.0,0.286,1,1,0,1,
da,d2_heldout200b,522,Catatonia related to underlying Lewy body dementia,,s2_miss,s2_miss,na,1750,218,17,4,0,1.834862385321101,0.0,0.0,0.9174311926605505,2.293577981651376,0,2,50,7,0,0,0,1,4,1,1.0,3,4,0.25,43.0,5.0,,4.0,2.0,0.0,1,1,1,0,
da,d2_heldout200b,523,Acute-on-chronic liver failure due to acute hepatitis C virus infection,,ok,ok,na,1835,244,15,2,0,0.819672131147541,0.0,0.0,0.819672131147541,6.557377049180328,0,2,71,12,0,0,0,1,4,1,1.0,3,5,0.444,48.0,5.0,2.0,18.0,1.0,0.375,0,1,1,1,
da,d2_heldout200b,524,Acute embolic stroke due to clot formation in retained Impella graft,,s2_miss,s2_miss,na,1762,265,15,7,0,2.6415094339622645,0.0,0.0,3.3962264150943398,3.3962264150943398,0,9,68,11,0,0,0,1,4,1,1.0,1,6,0.167,50.0,5.0,,2.0,2.0,0.1,1,1,1,1,
da,d2_heldout200b,527,Compound heterozygosity for Hemoglobin Tak and Hemoglobin E with polycythemia,,s2_miss,s2_miss,na,2002,282,33,10,0,3.546099290780142,0.0,0.0,1.4184397163120568,1.4184397163120568,0,4,77,10,0,1,0,1,4,1,1.0,1,3,0.4,45.0,5.0,,2.0,2.0,0.0,1,1,0,1,
da,d2_heldout200b,529,Multidrug-resistant Cytomegalovirus (CMV) infection,,s2_miss,s2_miss,na,1614,209,9,3,0,1.4354066985645932,0.0,0.4784688995215311,0.9569377990430622,4.30622009569378,1,2,51,5,0,0,1,1,4,1,1.0,2,3,0.667,46.0,5.0,,25.0,3.0,0.167,1,1,1,1,
da,d2_heldout200b,530,Calcinosis cutis in Sjögren syndrome,e7_win_recall,near_synonym_prefer,s3_hit_s4_miss,na,1971,265,35,5,0,1.8867924528301887,0.0,0.7547169811320755,0.7547169811320755,2.2641509433962264,2,2,36,5,0,0,0,1,4,1,1.0,1,6,0.4,52.0,5.0,2.0,14.0,2.0,0.2,1,1,0,0,
da,d2_heldout200b,532,Interatrial septal lipoma causing Superior Vena Cava (SVC) compression,,s2_miss,s2_miss,na,2023,304,18,4,0,1.3157894736842104,0.0,0.0,1.3157894736842106,0.9868421052631579,0,4,70,9,0,0,1,1,4,1,1.0,1,5,0.214,48.0,5.0,,4.0,2.0,0.1,0,0,1,1,
da,d2_heldout200b,535,Bilateral facial nerve palsy induced by nab-paclitaxel,,s2_miss,s2_miss,na,1452,191,11,3,0,1.5706806282722512,0.0,0.0,1.5706806282722514,0.5235602094240838,0,3,54,8,0,0,0,1,4,1,1.0,1,4,0.444,50.0,5.0,,5.0,2.0,0.125,1,1,1,1,
da,d2_heldout200b,536,Subacute Invasive Aspergillosis (SAIA) with pneumothorax,,parent_vs_subtype,s3_hit_s4_miss,na,1991,249,16,5,1,2.0080321285140563,0.4016064257028112,0.40160642570281124,1.2048192771084338,3.6144578313253013,1,3,56,6,0,1,1,1,4,1,1.0,1,3,0.286,54.0,5.0,2.0,5.0,2.0,0.125,1,1,1,1,
da,d2_heldout200b,537,Drug-induced acute dystonia caused by sacubitril/valsartan combination therapy,,s2_miss,s2_miss,na,1766,244,13,1,1,0.4098360655737705,0.4098360655737705,0.0,0.4098360655737705,3.6885245901639343,0,1,78,10,0,0,0,1,4,1,1.0,1,6,0.3,46.0,5.0,,14.0,4.0,0.091,1,1,0,0,
da,d2_heldout200b,539,"Pancreatitis, Panniculitis, and Polyarthritis (PPP) syndrome secondary to pancreatic-venous fistula associated with intraductal papillary mucinous neoplasm (IPMN)",,s2_near_crowd_out,s2_hit_s3_drop,na,2068,275,16,5,0,1.8181818181818181,0.0,0.7272727272727273,1.4545454545454546,2.1818181818181817,2,4,162,18,0,1,1,3,4,1,1.0,1,4,0.278,55.0,5.0,2.0,32.0,5.0,0.056,0,0,1,1,
da,d2_heldout200b,540,Acute Oxalate Nephropathy,all_miss_but_recalled,s2_gold_low_rank,s2_hit_s3_drop,na,1534,210,13,3,0,1.4285714285714286,0.0,0.47619047619047616,0.0,5.238095238095238,1,0,25,3,0,0,0,1,4,1,1.0,1,5,0.25,51.0,5.0,9.0,6.0,1.0,0.0,0,0,0,0,
da,d2_heldout200b,542,Cytomegalovirus (CMV) Proctitis,,s2_miss,s2_miss,na,1504,193,10,2,0,1.0362694300518136,0.0,0.0,0.5181347150259067,1.0362694300518134,0,1,31,3,0,0,1,1,4,1,1.0,2,3,0.5,50.0,5.0,,2.0,1.0,0.25,1,1,1,1,
da,d2_heldout200b,543,Legionella myocarditis,,s2_miss,s2_miss,na,1930,259,14,5,0,1.9305019305019304,0.0,0.0,1.9305019305019304,0.7722007722007722,0,5,22,2,0,0,0,1,4,1,1.0,2,2,0.333,54.0,5.0,,3.0,0.0,0.0,1,1,0,1,
da,d2_heldout200b,544,Loeys-Dietz Syndrome 5 (LDS5) confirmed by pathogenic TGFB3 variant c.427A>T (p.Arg143*),all_miss_but_recalled,parent_vs_subtype,s3_hit_s4_miss,na,1903,245,18,2,0,0.8163265306122449,0.0,0.0,1.2244897959183674,2.0408163265306123,0,3,88,12,1,1,1,1,4,1,1.0,2,6,0.077,51.0,5.0,3.0,26.0,4.0,0.083,0,0,0,0,
da,d2_heldout200b,548,Rhabdomyolysis associated with Relugolix,all_miss_but_recalled,s4_hit_judge_miss,s4_hit_judge_miss,na,1794,224,18,2,0,0.8928571428571428,0.0,0.0,0.8928571428571429,4.464285714285714,0,2,40,4,0,1,0,1,4,1,1.0,1,6,0.143,51.0,5.0,1.0,3.0,0.0,0.25,0,0,0,0,
da,d2_heldout200b,549,Systemic Lupus Erythematosus with IgA Nephropathy and Acute Progressive Glomerulonephritis,base_win_rank,parent_vs_subtype,s3_hit_s4_miss,na,1978,281,18,5,0,1.7793594306049825,0.0,0.35587188612099646,1.0676156583629892,3.202846975088968,1,3,90,10,0,1,0,1,4,1,1.0,1,6,0.333,42.0,5.0,5.0,11.0,2.0,0.091,0,0,1,0,
da,d2_heldout200b,551,Linagliptin-induced acute pancreatitis,,ok,ok,na,2014,266,26,3,0,1.1278195488721803,0.0,0.0,0.0,4.135338345864661,0,0,38,4,0,0,0,1,4,1,1.0,2,3,0.2,45.0,5.0,1.0,13.0,3.0,0.5,0,1,1,1,
da,d2_heldout200b,553,Succinate dehydrogenase (SDH)-deficient paraganglioma of the prostate with multiple and recurrent paragangliomas,,parent_vs_subtype,s3_hit_s4_miss,na,1668,225,27,3,0,1.3333333333333335,0.0,0.0,1.3333333333333333,2.6666666666666665,0,3,112,13,0,1,1,1,4,1,1.0,2,6,0.067,46.0,5.0,2.0,15.0,3.0,0.214,1,1,1,1,
da,d2_heldout200b,555,Euglycemic Diabetic Ketoacidosis,all_miss_but_recalled,near_synonym_prefer,s3_hit_s4_miss,na,1502,203,24,2,0,0.9852216748768473,0.0,0.0,0.49261083743842365,2.4630541871921183,0,1,32,3,0,0,0,1,4,1,1.0,1,2,0.25,53.0,5.0,1.0,3.0,1.0,0.25,0,0,0,0,
da,d2_heldout200b,556,Disseminated Strongyloides infection with concurrent Aspergillus infection,,s2_miss,s2_miss,na,1464,188,13,3,0,1.5957446808510638,0.0,0.0,1.0638297872340425,1.5957446808510638,0,2,74,7,0,1,0,1,4,1,1.0,1,2,0.125,50.0,5.0,,2.0,1.0,0.0,1,1,1,1,
da,d2_heldout200b,559,"Skin necrosis induced by low-molecular-weight heparin, produced at a distance from the point of heparin inoculation",,s2_miss,s2_miss,na,1819,251,20,2,0,0.796812749003984,0.0,0.0,0.398406374501992,1.1952191235059761,0,1,115,18,0,0,0,2,4,1,1.0,1,3,0.214,54.0,5.0,,3.0,2.0,0.143,0,0,1,1,
da,d2_heldout200b,560,Graves' disease with thyroid storm,,s2_near_crowd_out,s2_hit_s3_drop,na,1640,217,16,2,0,0.9216589861751152,0.0,0.0,0.4608294930875576,2.7649769585253456,0,1,34,5,0,1,0,1,4,1,1.0,2,4,0.429,45.0,5.0,2.0,10.0,1.0,0.286,1,1,1,1,
da,d2_heldout200b,563,Raoultella planticola bacteremia,,s2_miss,s2_miss,na,1482,194,15,3,0,1.5463917525773196,0.0,0.0,0.0,2.577319587628866,0,0,32,3,0,0,0,1,4,1,1.0,1,3,0.125,51.0,5.0,,0.0,0.0,0.0,1,1,1,1,
da,d2_heldout200b,565,ALK-positive lung adenocarcinoma with paraneoplastic RS3PE (Remitting Seronegative Symmetrical Synovitis with Pitting Edema),,s2_miss,s2_miss,na,2020,276,22,4,0,1.4492753623188406,0.0,0.36231884057971014,1.0869565217391304,1.8115942028985508,1,3,124,14,0,1,1,1,4,1,1.0,1,6,0.2,53.0,5.0,,0.0,0.0,0.308,0,1,1,1,
da,d2_heldout200b,566,"High-grade (3A) follicular lymphoma, stage IVB",,parent_vs_subtype,s3_hit_s4_miss,na,2174,300,16,6,0,2.0,0.0,0.3333333333333333,1.3333333333333333,1.3333333333333333,1,4,46,7,0,0,1,2,4,1,1.0,1,6,0.125,47.0,5.0,1.0,6.0,3.0,0.1,0,0,1,1,
da,d2_heldout200b,567,Neisseria sicca bacteremia,,s2_miss,s2_miss,na,1139,149,19,2,0,1.342281879194631,0.0,0.0,0.0,2.684563758389262,0,0,26,3,0,0,0,1,4,1,1.0,1,6,0.4,54.0,5.0,,3.0,0.0,0.0,0,0,1,1,
da,d2_heldout200b,568,Primary Cardiac Synovial Sarcoma (PCSS),,ok,ok,na,1480,191,10,3,0,1.5706806282722512,0.0,0.5235602094240838,1.5706806282722514,2.094240837696335,1,3,39,5,0,0,1,1,4,1,1.0,2,6,0.125,48.0,5.0,1.0,16.0,3.0,0.4,0,1,1,1,
da,d2_heldout200b,569,COVID-19-induced inflammatory cardiac channelopathy with refractory ventricular fibrillation,,s2_miss,s2_miss,na,2075,274,29,6,1,2.18978102189781,0.36496350364963503,0.0,1.4598540145985401,1.4598540145985401,0,4,92,10,0,1,0,1,4,1,1.0,2,4,0.231,50.0,5.0,,9.0,1.0,0.0,1,1,1,1,
da,d2_heldout200b,573,Chronic Myelogenous Leukemia in Lymphoid Blast Crisis,,near_synonym_prefer,s3_hit_s4_miss,na,2044,277,16,6,0,2.166064981949458,0.0,1.0830324909747293,1.0830324909747293,2.888086642599278,3,3,53,7,0,0,0,1,4,1,1.0,1,6,0.083,54.0,5.0,17.0,14.0,3.0,0.1,0,0,1,0,
da,d2_heldout200b,574,Mixed Langerhans cell histiocytosis (LCH) and Erdheim-Chester disease (ECD) with renovascular hypertension,base_win_rank,s2_gold_low_rank,s2_hit_s3_drop,na,1754,234,20,4,0,1.7094017094017095,0.0,0.42735042735042733,1.2820512820512822,2.5641025641025643,1,3,106,13,1,1,1,1,4,1,1.0,2,1,0.0,45.0,5.0,16.0,6.0,1.0,0.0,0,0,0,1,
da,d2_heldout200b,575,Co-infection with Plasmodium falciparum and Plasmodium ovale,,s2_miss,s2_miss,na,1885,236,17,2,0,0.847457627118644,0.0,0.0,0.423728813559322,4.661016949152542,0,1,60,8,0,1,0,1,4,1,1.0,1,6,0.375,50.0,5.0,,23.0,4.0,0.286,0,0,1,1,
da,d2_heldout200b,577,Hyperviscosity Syndrome in Rheumatoid Arthritis,,ok,ok,na,2447,338,32,4,0,1.183431952662722,0.0,0.2958579881656805,0.8875739644970414,5.325443786982248,1,3,47,5,0,0,0,1,4,1,1.0,1,4,0.429,50.0,5.0,1.0,8.0,1.0,0.5,0,1,1,1,
da,d2_heldout200b,578,Secondary squamous cell carcinoma of the anterior mediastinum with unknown primary site,,ok,ok,na,1764,255,19,9,0,3.5294117647058822,0.0,0.39215686274509803,2.7450980392156863,1.9607843137254901,1,7,87,12,0,1,0,1,4,1,1.0,1,6,0.333,55.0,5.0,1.0,13.0,1.0,0.273,0,1,1,1,
da,d2_heldout200b,579,Gas-containing brain abscess,base_win_rank,near_synonym_prefer,s3_hit_s4_miss,na,1661,230,24,1,0,0.43478260869565216,0.0,0.0,0.43478260869565216,2.1739130434782608,0,1,28,4,0,0,0,1,4,1,1.0,1,3,0.286,52.0,5.0,1.0,28.0,4.0,0.4,0,0,1,1,
da,d2_heldout200b,580,T-cell prolymphocytic leukemia (T-PLL),,s2_miss,s2_miss,na,2021,260,15,4,2,1.5384615384615385,0.7692307692307693,0.7692307692307693,1.1538461538461537,1.5384615384615385,2,3,38,6,0,0,1,1,4,1,1.0,1,3,0.167,50.0,5.0,,0.0,0.0,0.0,0,0,0,0,
da,d2_heldout200b,582,Extrahepatic cholangiocarcinoma with paraneoplastic myositis,,parent_vs_subtype,s3_hit_s4_miss,na,1958,250,16,6,1,2.4,0.4,1.2,0.8,1.6,3,2,60,5,0,1,0,1,4,1,1.0,2,4,0.125,50.0,5.0,2.0,4.0,1.0,0.2,1,1,1,1,
da,d2_heldout200b,583,Surfer's Myelopathy,,ok,ok,na,1548,211,13,2,0,0.9478672985781991,0.0,0.0,1.4218009478672986,0.9478672985781991,0,3,19,2,0,0,0,1,4,1,1.0,1,2,0.0,50.0,5.0,35.0,1.0,0.0,1.0,0,1,1,1,
da,d2_heldout200b,584,Acute immune thrombocytopenia (ITP),,s2_miss,s2_miss,na,1382,180,12,4,0,2.2222222222222223,0.0,0.5555555555555556,2.2222222222222223,3.3333333333333335,1,4,35,4,0,0,1,1,4,1,1.0,1,6,0.333,49.0,5.0,,2.0,0.0,0.0,0,0,1,0,
da,d2_heldout200b,586,Rifampin-induced acute renal failure due to heme pigment-related injury,,s2_miss,s2_miss,na,1870,263,17,8,0,3.041825095057034,0.0,1.520912547528517,1.1406844106463878,3.041825095057034,4,3,71,11,0,0,0,1,4,1,1.0,1,6,0.25,55.0,5.0,,8.0,3.0,0.167,0,0,1,1,
da,d2_heldout200b,587,PARP inhibitor-induced interstitial lung disease (ILD),,s2_miss,s2_miss,na,1533,189,12,3,1,1.5873015873015872,0.5291005291005291,0.0,1.0582010582010581,3.1746031746031744,0,2,54,7,0,0,1,1,4,1,1.0,1,5,0.444,49.0,5.0,,13.0,3.0,0.111,1,1,1,0,
da,d2_heldout200b,589,Edwardsiella tarda infection with empyema,all_miss_but_recalled,s4_hit_judge_miss,s4_hit_judge_miss,na,1305,196,14,1,0,0.5102040816326531,0.0,0.0,0.0,2.0408163265306123,0,0,41,5,0,1,0,1,4,1,1.0,1,3,0.167,55.0,5.0,3.0,15.0,0.0,0.2,0,0,0,0,
da,d2_heldout200b,590,Left Ventricular Pseudoaneurysm after Inferior Myocardial Infarction,,s2_miss,s2_miss,na,2090,297,14,6,0,2.0202020202020203,0.0,0.0,2.356902356902357,2.356902356902357,0,7,68,7,0,0,0,1,4,1,1.0,1,5,0.444,53.0,5.0,,9.0,2.0,0.25,0,0,0,0,
da,d2_heldout200b,591,Recurrent plaque erosion presenting as Non-ST-segment elevation myocardial infarction (NSTEMI),,s2_miss,s2_miss,na,1681,242,10,1,0,0.4132231404958678,0.0,0.0,0.4132231404958678,3.3057851239669422,0,1,94,12,0,0,1,1,4,1,1.0,1,4,0.385,46.0,5.0,,2.0,1.0,0.182,1,1,1,1,
da,d2_heldout200b,592,Pulmonary Reperfusion Injury after catheter-directed thrombectomy for acute pulmonary embolism,e7_win_rank,ok,ok,na,1728,229,15,5,0,2.1834061135371177,0.0,0.0,2.183406113537118,3.930131004366812,0,5,94,11,0,0,0,1,4,1,1.0,1,6,0.273,45.0,5.0,1.0,20.0,3.0,0.2,0,1,0,0,
da,d2_heldout200b,593,Re-expansion Pulmonary Edema (RPE),,s2_miss,s2_miss,na,1545,207,9,4,0,1.932367149758454,0.0,0.0,1.932367149758454,1.932367149758454,0,4,34,5,0,0,1,1,4,1,1.0,1,1,0.167,48.0,5.0,,17.0,2.0,0.0,0,0,0,0,
da,d2_heldout200b,596,Renal sarcoidosis with Fanconi syndrome,,ok,ok,na,1644,233,19,7,0,3.004291845493562,0.0,1.7167381974248928,0.8583690987124464,3.004291845493562,4,2,39,5,0,1,0,1,4,1,1.0,2,1,0.0,49.0,5.0,1.0,8.0,0.0,0.2,0,1,1,1,
da,d2_heldout200b,598,Heroin-induced bullous emphysema,,s2_miss,s2_miss,na,1948,283,18,4,0,1.4134275618374559,0.0,0.0,1.7667844522968197,2.1201413427561837,0,5,32,4,0,0,0,1,4,1,1.0,2,6,0.6,50.0,5.0,,4.0,3.0,0.167,1,1,1,1,
da,d2_heldout200b,600,Wong-type Dermatomyositis,,ok,ok,na,2400,329,18,5,0,1.5197568389057752,0.0,0.303951367781155,1.21580547112462,2.43161094224924,1,4,25,3,0,0,0,1,4,1,1.0,2,6,0.167,48.0,5.0,1.0,2.0,0.0,0.333,0,1,1,1,
da,d2_heldout200b,601,Acinic cell carcinoma (ACC) with high-grade transformation and ACTH-dependent Cushing syndrome,,s2_miss,s2_miss,na,1851,262,26,2,0,0.7633587786259541,0.0,0.7633587786259542,0.7633587786259542,2.6717557251908395,2,2,94,13,0,1,1,1,4,1,1.0,1,4,0.111,46.0,5.0,,16.0,3.0,0.062,1,1,1,1,
da,d2_heldout200b,602,Tumoral Calcinosis (Normophosphatemic subtype),,ok,ok,na,1514,217,18,4,0,1.8433179723502304,0.0,0.0,1.3824884792626728,1.3824884792626728,0,3,46,4,0,1,1,1,4,1,1.0,1,6,0.2,51.0,5.0,24.0,1.0,1.0,0.5,0,1,1,1,
da,d2_heldout200b,603,Giant Abdominal Aortic Aneurysm,,ok,ok,na,1641,242,24,1,0,0.4132231404958678,0.0,0.0,0.4132231404958678,2.479338842975207,0,1,31,4,0,0,0,1,4,1,1.0,2,6,0.4,47.0,5.0,1.0,15.0,2.0,0.75,0,1,1,1,
da,d2_heldout200b,604,Lymphomatoid Granulomatosis (LYG) Grade 3 (EBV+ B-cell lymphoma),base_win_rank,parent_vs_subtype,s3_hit_s4_miss,na,1869,257,16,8,2,3.11284046692607,0.7782101167315175,0.7782101167315175,1.9455252918287937,1.556420233463035,2,5,64,9,0,1,1,1,4,1,1.0,1,4,0.182,54.0,5.0,1.0,16.0,4.0,0.222,0,0,1,1,
da,d2_heldout200b,605,Congenital Thrombotic Thrombocytopenic Purpura (cTTP),base_win_rank,s2_gold_low_rank,s2_hit_s3_drop,na,2534,336,26,6,0,1.7857142857142856,0.0,0.0,1.1904761904761905,1.4880952380952381,0,4,53,5,0,0,1,1,4,1,1.0,2,3,0.429,49.0,5.0,12.0,1.0,0.0,0.0,0,0,1,1,
da,d2_heldout200b,608,Isolated cardiac sarcoidosis,,ok,ok,na,1897,230,8,2,0,0.8695652173913043,0.0,0.0,0.8695652173913043,1.7391304347826086,0,2,28,3,0,0,0,1,4,1,1.0,2,1,0.0,51.0,5.0,6.0,3.0,0.0,0.667,0,1,0,1,
da,d2_heldout200b,611,Multisystem Inflammatory Syndrome after SARS-CoV-2 vaccination (MIS-V) with myocardial infarction,,s2_miss,s2_miss,na,1984,255,24,5,1,1.9607843137254901,0.39215686274509803,0.0,0.7843137254901961,2.3529411764705883,0,2,97,13,0,1,1,1,4,1,1.0,1,1,0.333,53.0,5.0,,14.0,2.0,0.333,1,1,0,1,
da,d2_heldout200b,613,Jejunal diverticulitis,,ok,ok,na,1542,209,16,4,0,1.9138755980861244,0.0,0.0,1.9138755980861244,3.349282296650718,0,4,22,2,0,0,0,1,4,1,1.0,1,3,0.25,47.0,5.0,1.0,0.0,0.0,0.5,0,1,1,1,
da,d2_heldout200b,615,"Hypervirulent Klebsiella pneumoniae (hvKp) infection with multifocal manifestations including bacteremia, tibial osteomyelitis, pyogenic liver abscess, and multifocal osteomyelitis",,ok,ok,na,1513,202,13,6,0,2.9702970297029703,0.0,0.49504950495049505,1.9801980198019802,1.4851485148514851,1,4,180,18,0,1,1,4,4,1,1.0,1,6,0.235,49.0,5.0,1.0,25.0,1.0,0.188,0,1,1,1,
da,d2_heldout200b,618,CD5+ Diffuse Large B-Cell Lymphoma presenting as Cavernous Sinus Syndrome,,ok,ok,na,2071,265,11,7,0,2.6415094339622645,0.0,0.7547169811320755,1.509433962264151,1.509433962264151,2,4,73,11,0,0,0,1,4,1,1.0,1,6,0.4,49.0,5.0,8.0,9.0,2.0,0.111,0,1,1,1,
da,d2_heldout200b,619,Multisystem Inflammatory Syndrome–A (MIS-A) with Diffuse Alveolar Hemorrhage,,ok,ok,na,1908,246,15,4,0,1.6260162601626018,0.0,0.0,1.2195121951219512,2.4390243902439024,0,3,76,9,0,1,1,1,4,1,1.0,1,2,0.333,46.0,5.0,17.0,6.0,1.0,0.375,0,1,0,1,
da,d2_heldout200b,620,Magnusiomyces capitatus fungemia with hepatosplenic abscesses,all_miss_but_recalled,s2_gold_low_rank,s2_hit_s3_drop,na,1849,244,18,4,0,1.639344262295082,0.0,0.0,0.4098360655737705,2.8688524590163933,0,1,61,6,0,1,0,1,4,1,1.0,1,4,0.143,54.0,5.0,10.0,2.0,1.0,0.143,0,0,0,0,
da,d2_heldout200b,621,Primary Adrenal Choriocarcinoma with pulmonary metastases,,ok,ok,na,2066,272,23,7,0,2.5735294117647056,0.0,0.0,2.573529411764706,1.838235294117647,0,7,57,6,0,1,0,1,4,1,1.0,2,4,0.25,48.0,5.0,1.0,4.0,1.0,0.167,0,1,1,1,
da,d2_heldout200b,622,Diffuse idiopathic skeletal hyperostosis (DISH) with hypoglossal nerve palsy,,s2_miss,s2_miss,na,2009,265,16,6,0,2.2641509433962264,0.0,0.0,2.2641509433962264,2.641509433962264,0,6,76,9,0,1,1,1,4,1,1.0,1,4,0.462,50.0,5.0,,0.0,0.0,0.0,0,0,0,0,
da,d2_heldout200b,627,Complete pancreatic divisum with pancreatic-pleural fistula,all_miss_but_recalled,s2_gold_low_rank,s2_hit_s3_drop,na,1597,225,16,4,0,1.7777777777777777,0.0,0.0,1.3333333333333333,2.2222222222222223,0,3,59,7,0,1,0,1,4,1,1.0,1,5,0.4,45.0,5.0,21.0,10.0,3.0,0.0,0,0,0,0,
da,d2_heldout200b,628,Peri-infarction pericarditis (PIP),,parent_vs_subtype,s3_hit_s4_miss,na,1753,254,20,1,0,0.39370078740157477,0.0,0.0,0.3937007874015748,1.968503937007874,0,1,34,4,0,0,1,1,4,1,1.0,1,4,0.2,50.0,5.0,3.0,3.0,2.0,0.0,1,1,1,0,
da,d2_heldout200b,629,Complement-mediated atypical hemolytic uremic syndrome (aHUS) precipitated by recurrent alcohol-induced pancreatitis,,option_echo_da,s3_hit_s4_miss,na,1285,176,11,2,2,1.1363636363636365,1.1363636363636365,0.0,0.0,4.545454545454546,0,0,116,13,0,0,1,1,4,1,1.0,3,4,0.067,50.0,5.0,2.0,16.0,2.0,0.0,0,0,0,0,
da,d2_heldout200b,630,Horner syndrome secondary to invasive Blastomyces pneumonia,,s2_miss,s2_miss,na,2421,331,25,7,0,2.1148036253776437,0.0,0.3021148036253776,2.1148036253776437,1.8126888217522659,1,7,59,7,0,0,0,1,4,1,1.0,1,1,0.0,53.0,5.0,,5.0,0.0,0.0,1,1,1,1,
da,d2_heldout200b,631,Primary Cardiac Angiosarcoma,base_win_recall,s2_miss,s2_miss,na,1902,249,19,7,1,2.8112449799196786,0.4016064257028112,0.40160642570281124,2.0080321285140563,1.606425702811245,1,5,28,3,0,0,0,1,4,1,1.0,2,3,0.5,54.0,5.0,,2.0,1.0,0.0,0,0,1,1,
da,d2_heldout200b,632,Hydroxychloroquine-induced cardiomyopathy,,s2_miss,s2_miss,na,1889,236,19,4,0,1.694915254237288,0.0,0.423728813559322,0.847457627118644,2.1186440677966103,1,2,41,3,0,0,0,1,4,1,1.0,1,1,0.25,51.0,5.0,,11.0,3.0,0.25,0,0,0,0,
da,d2_heldout200b,633,Coccidioides meningitis presenting as pseudosubarachnoid hemorrhage,,s2_miss,s2_miss,na,1849,243,11,7,0,2.880658436213992,0.0,0.0,2.05761316872428,2.4691358024691357,0,5,67,6,0,0,0,1,4,1,1.0,1,3,0.167,56.0,5.0,,15.0,3.0,0.167,1,1,0,0,
da,d2_heldout200b,634,Stage 3c (pT4a pN2a M0) Sarcomatoid Carcinoma of the sigmoid colon,,s2_miss,s2_miss,na,1510,198,18,2,0,1.0101010101010102,0.0,0.5050505050505051,1.0101010101010102,2.525252525252525,1,2,66,11,0,0,1,1,4,1,1.0,1,3,0.222,48.0,5.0,,20.0,3.0,0.222,1,1,1,1,
da,d2_heldout200b,636,Recurrent postpartum mastitis with concurrent lactotroph hyperplasia,,parent_vs_subtype,s3_hit_s4_miss,na,1828,253,29,6,0,2.371541501976284,0.0,0.0,1.5810276679841897,1.5810276679841897,0,4,68,7,0,1,0,1,4,1,1.0,1,1,0.1,47.0,5.0,3.0,4.0,2.0,0.125,1,1,0,1,
da,d2_heldout200b,637,Chronic Spontaneous Urticaria (CSU),all_miss_but_recalled,s2_miss,s2_miss,na,1173,150,10,1,1,0.6666666666666667,0.6666666666666667,0.0,0.0,4.0,0,0,35,4,0,0,1,1,4,1,1.0,1,6,0.4,50.0,5.0,,9.0,1.0,0.0,0,0,0,0,
da,d2_heldout200b,638,Laryngeal histoplasmosis,,ok,ok,na,2101,293,15,4,1,1.3651877133105803,0.3412969283276451,1.023890784982935,0.3412969283276451,2.04778156996587,3,1,24,2,0,0,0,1,4,1,1.0,2,4,0.333,45.0,5.0,1.0,18.0,1.0,0.5,0,1,1,1,
da,d2_heldout200b,639,Brucella melitensis soft tissue abscess related to ventriculoperitoneal shunt,,s2_miss,s2_miss,na,1987,289,18,4,0,1.384083044982699,0.0,0.0,0.6920415224913494,2.0761245674740483,0,2,77,9,0,0,0,1,4,1,1.0,1,4,0.182,48.0,5.0,,0.0,0.0,0.0,1,1,1,1,
da,d2_heldout200b,642,Pylephlebitis with Fusobacterium bacteremia and hepatic abscesses,,option_echo_da,s3_hit_s4_miss,na,1390,195,19,4,0,2.051282051282051,0.0,0.0,1.5384615384615385,2.5641025641025643,0,3,65,7,0,1,0,1,4,1,1.0,1,6,0.25,53.0,5.0,2.0,19.0,0.0,0.0,1,1,1,1,
da,d2_heldout200b,644,Metastatic paraganglioma of the urinary bladder,,near_synonym_prefer,s3_hit_s4_miss,na,1732,215,11,3,0,1.3953488372093024,0.0,0.0,0.9302325581395349,2.3255813953488373,0,2,47,6,0,0,0,1,4,1,1.0,3,6,0.6,45.0,5.0,2.0,24.0,1.0,0.4,1,1,1,0,
da,d2_heldout200b,645,Abdominal epilepsy as sequela of COVID-19,,ok,ok,na,1753,226,11,2,0,0.8849557522123894,0.0,0.0,0.8849557522123894,3.0973451327433628,0,2,41,7,0,0,0,1,4,1,1.0,2,6,0.25,50.0,5.0,2.0,2.0,1.0,0.5,0,1,1,1,
da,d2_heldout200b,646,Radiation-induced solitary rectal ulcer,,s2_miss,s2_miss,na,1253,166,11,0,0,0.0,0.0,0.0,1.2048192771084338,1.8072289156626506,0,2,39,5,0,0,0,1,4,1,1.0,3,5,0.667,46.0,5.0,,13.0,4.0,0.167,1,1,1,1,
da,d2_heldout200b,649,Severe COVID-19 pneumonia with ARDS in pregnancy requiring V-V ECMO support,base_win_rank,s2_near_crowd_out,s2_hit_s3_drop,na,1214,173,14,5,0,2.8901734104046244,0.0,0.0,1.7341040462427746,4.624277456647399,0,3,75,13,0,1,0,1,4,1,1.0,1,6,0.273,48.0,5.0,4.0,5.0,0.0,0.077,0,0,1,1,
da,d2_heldout200b,650,PVC-induced Idiopathic Ventricular Fibrillation,all_miss_but_recalled,near_synonym_prefer,s3_hit_s4_miss,na,2341,297,16,2,0,0.6734006734006733,0.0,0.0,0.6734006734006734,0.6734006734006734,0,2,47,5,0,0,0,1,4,1,1.0,1,1,0.125,50.0,5.0,6.0,7.0,2.0,0.125,0,0,0,0,
da,d2_heldout200b,652,Kalamiella piersonii bacteremia,,s2_miss,s2_miss,na,1855,246,18,6,0,2.4390243902439024,0.0,1.2195121951219512,0.4065040650406504,2.845528455284553,3,1,31,3,0,0,0,1,4,1,1.0,1,4,0.143,54.0,5.0,,22.0,2.0,0.0,0,0,0,0,
da,d2_heldout200b,653,Spontaneous Hepatic Artery Thrombosis,,ok,ok,na,1509,204,23,3,0,1.4705882352941175,0.0,0.0,1.4705882352941178,2.9411764705882355,0,3,37,4,0,0,0,1,4,1,1.0,2,3,0.6,47.0,5.0,2.0,8.0,1.0,0.75,0,1,1,1,
da,d2_heldout200b,660,Recurrent stage IIIC papillary serous adenocarcinoma of the ovary with BRCA1-positive somatic mutation,,ok,ok,na,1507,207,19,2,0,0.966183574879227,0.0,0.0,0.966183574879227,1.932367149758454,0,2,102,14,0,1,0,1,4,1,1.0,1,5,0.25,52.0,5.0,1.0,13.0,1.0,0.385,0,1,1,1,
da,d2_heldout200b,661,Tubal angiomyofibroblastoma,,s2_miss,s2_miss,na,1564,205,16,1,0,0.4878048780487805,0.0,0.975609756097561,0.975609756097561,1.4634146341463414,2,2,27,2,0,0,0,1,4,1,1.0,1,2,0.2,55.0,5.0,,2.0,0.0,0.0,0,0,0,0,
da,d2_heldout200b,662,Kikuchi-Fujimoto disease (KFD) complicated by hemophagocytosis and aseptic meningitis,,option_echo_da,s3_hit_s4_miss,na,1922,239,11,4,0,1.6736401673640167,0.0,0.41841004184100417,1.2552301255230125,0.8368200836820083,1,3,85,10,1,0,1,1,4,1,1.0,1,1,0.0,52.0,5.0,8.0,9.0,0.0,0.0,1,1,1,1,
da,d2_heldout200b,665,HPV-related squamous cell carcinoma of the base of the tongue,,s2_miss,s2_miss,na,2003,294,18,5,0,1.7006802721088436,0.0,0.3401360544217687,1.0204081632653061,2.380952380952381,1,3,61,11,0,0,0,1,4,1,1.0,3,3,0.75,50.0,5.0,,26.0,5.0,0.625,1,1,1,1,
da,d2_heldout200b,666,Dropped Head Syndrome (DHS) - Isolated Neck Extensor Myopathy (INEM),,option_echo_da,s3_hit_s4_miss,na,1330,181,14,1,0,0.5524861878453038,0.0,0.0,0.5524861878453039,1.6574585635359116,0,1,68,9,0,0,1,1,4,1,1.0,2,2,0.0,48.0,5.0,19.0,4.0,0.0,0.0,0,0,0,1,
da,d2_heldout200b,668,Non-convulsive seizures (NCSs),,s2_miss,s2_miss,na,1644,229,19,3,0,1.3100436681222707,0.0,0.0,0.8733624454148472,1.7467248908296944,0,2,30,4,0,0,1,1,4,1,1.0,1,4,0.143,50.0,5.0,,5.0,1.0,0.167,1,1,1,1,
da,d2_heldout200b,671,Spinal cerebrospinal fluid leak,,rationale_overfit,s3_hit_s4_miss,na,899,116,11,1,0,0.8620689655172413,0.0,0.0,1.7241379310344827,3.4482758620689653,0,2,31,4,0,0,0,1,4,1,1.0,1,0,0.167,48.0,5.0,4.0,12.0,0.0,0.0,1,1,0,1,
da,d2_heldout200b,676,Mild encephalitis with reversible splenial lesion (MERS) Type I,,s2_miss,s2_miss,na,1430,190,8,5,0,2.631578947368421,0.0,0.0,2.6315789473684212,1.0526315789473684,0,5,63,9,0,1,1,1,4,1,1.0,1,3,0.3,51.0,5.0,,9.0,1.0,0.0,0,0,0,0,
da,d2_heldout200b,677,Ancient schwannoma,,ok,ok,na,2083,286,25,5,0,1.7482517482517483,0.0,0.0,1.3986013986013985,1.7482517482517483,0,4,18,2,0,0,0,1,4,1,1.0,2,3,0.333,48.0,5.0,3.0,0.0,0.0,0.5,0,1,1,1,
da,d2_heldout200b,678,Clivus chordoma associated with Tuberous Sclerosis Complex (TSC),,ok,ok,na,1669,237,15,2,0,0.8438818565400843,0.0,0.8438818565400844,1.2658227848101267,1.6877637130801688,2,3,64,8,0,1,1,1,4,1,1.0,2,1,0.0,48.0,5.0,1.0,1.0,0.0,0.375,0,1,1,1,
da,d2_heldout200b,679,Ureterosciatic hernia with incarceration,,s2_miss,s2_miss,na,971,127,13,3,0,2.3622047244094486,0.0,0.0,3.937007874015748,3.1496062992125986,0,5,40,4,0,1,0,1,4,1,1.0,1,6,0.286,50.0,5.0,,0.0,0.0,0.0,1,1,1,1,
da,d2_heldout200b,681,Familial myocardial amyloidosis (transthyretin amyloidosis type [ATTR]),,s2_near_crowd_out,s2_hit_s3_drop,na,1284,171,12,2,0,1.1695906432748537,0.0,0.5847953216374269,0.0,2.3391812865497075,1,0,71,7,0,0,1,1,4,1,1.0,1,2,0.143,50.0,5.0,1.0,9.0,3.0,0.143,1,1,1,1,
da,d2_heldout200b,684,Symptomatic apical periodontitis in tooth #17,,s2_miss,s2_miss,na,1144,171,9,0,0,0.0,0.0,0.0,0.0,1.7543859649122806,0,0,45,6,0,0,0,1,4,1,1.0,1,6,0.4,46.0,5.0,,5.0,2.0,0.4,1,1,1,0,
da,d2_heldout200b,685,Chemotherapy-induced sinus arrhythmia with cardiotoxicity,,s2_miss,s2_miss,na,1323,164,11,2,0,1.2195121951219512,0.0,0.0,1.2195121951219512,1.829268292682927,0,2,57,6,0,1,0,1,4,1,1.0,2,4,0.5,49.0,5.0,,12.0,2.0,0.125,1,1,1,1,
da,d2_heldout200b,686,Dilated cardiomyopathy,,s2_miss,s2_miss,na,1430,190,15,2,0,1.0526315789473684,0.0,0.0,1.5789473684210527,1.5789473684210527,0,3,22,2,0,0,0,1,4,1,1.0,1,1,0.0,46.0,5.0,,1.0,0.0,0.0,0,0,0,0,
da,d2_heldout200b,687,Epstein-Barr virus (EBV) meningoencephalitis,,s2_miss,s2_miss,na,1900,235,12,5,0,2.127659574468085,0.0,0.0,0.851063829787234,1.702127659574468,0,2,44,5,1,0,1,1,4,1,1.0,2,1,0.5,51.0,5.0,,8.0,2.0,0.5,1,1,1,1,
da,d2_heldout200b,692,Mediastinal bronchogenic cyst infection,,s2_gold_low_rank,s2_hit_s3_drop,na,1512,218,21,8,0,3.669724770642202,0.0,0.0,3.2110091743119265,3.2110091743119265,0,7,39,4,0,0,0,1,4,1,1.0,1,4,0.429,55.0,5.0,13.0,18.0,3.0,0.2,0,0,0,1,
da,d2_heldout200b,693,Giant perinephric abscess caused by Klebsiella pneumoniae ssp pneumoniae in a patient with decompensated liver cirrhosis,,parent_vs_subtype,s3_hit_s4_miss,na,2109,297,33,8,0,2.6936026936026933,0.0,0.0,1.6835016835016836,1.6835016835016836,0,5,120,16,0,1,0,1,4,1,1.0,3,4,0.167,50.0,5.0,14.0,8.0,2.0,0.333,1,1,1,1,
da,d2_heldout200b,694,Parkinson's Disease,all_miss_but_recalled,s2_near_crowd_out,s2_hit_s3_drop,na,1341,181,13,4,0,2.209944751381215,0.0,0.0,3.314917127071823,1.1049723756906078,0,6,19,2,0,0,0,1,4,1,1.0,1,4,0.167,51.0,5.0,3.0,11.0,0.0,0.0,0,0,0,0,
da,d2_heldout200b,698,Concurrent pulmonary and cerebral mucormycosis,e7_win_recall,s2_gold_low_rank,s2_hit_s3_drop,na,1556,195,18,6,0,3.076923076923077,0.0,0.5128205128205128,2.5641025641025643,2.5641025641025643,1,5,46,5,0,0,0,1,4,1,1.0,1,6,0.111,48.0,5.0,12.0,11.0,1.0,0.0,1,1,0,0,
da,d2_heldout200b,701,Arteriocolonic fistula of Inferior Mesenteric Artery Aneurysm (IMAA),all_miss_but_recalled,parent_vs_subtype,s3_hit_s4_miss,na,1477,195,14,4,0,2.051282051282051,0.0,0.0,1.0256410256410255,1.5384615384615385,0,2,68,8,0,0,1,1,4,1,1.0,1,6,0.3,46.0,5.0,2.0,15.0,2.0,0.333,0,0,0,0,
da,d2_heldout200b,702,Strangulated sciatic hernia with intestinal perforation,,ok,ok,na,1624,230,19,4,0,1.7391304347826086,0.0,0.0,1.7391304347826086,2.1739130434782608,0,4,55,6,0,1,0,1,4,1,1.0,1,5,0.333,45.0,5.0,1.0,17.0,4.0,0.333,0,1,1,1,
da,d2_heldout200b,703,Extrapyramidal syndromes of chronic kidney disease and dialysis (EPS-CKDD),,s2_miss,s2_miss,na,1794,237,17,3,0,1.2658227848101267,0.0,0.0,1.6877637130801688,3.7974683544303796,0,4,74,10,0,0,1,1,4,1,1.0,1,2,0.0,45.0,5.0,,6.0,1.0,0.1,1,1,1,1,
da,d2_heldout200b,705,Listeria monocytogenes ST87 bacteremia in pregnancy,,s2_miss,s2_miss,na,1166,170,18,4,0,2.3529411764705883,0.0,0.0,0.0,2.3529411764705883,0,0,51,6,0,0,0,1,4,1,1.0,2,2,0.286,48.0,5.0,,5.0,0.0,0.0,1,1,1,1,
da,d2_heldout200b,706,Non-traumatic acute bilateral compartment syndrome with rhabdomyolysis,,ok,ok,na,1511,204,15,4,1,1.9607843137254901,0.49019607843137253,0.0,0.9803921568627451,3.9215686274509802,0,2,70,8,0,1,0,1,4,1,1.0,3,4,0.5,50.0,5.0,1.0,7.0,0.0,0.25,0,1,1,1,
da,d2_heldout200b,707,Diffuse panbronchiolitis (DPB),all_miss_but_recalled,s2_gold_low_rank,s2_hit_s3_drop,na,1147,160,10,3,0,1.875,0.0,0.625,1.875,2.5,1,3,30,3,0,0,1,1,4,1,1.0,1,0,0.0,50.0,5.0,48.0,0.0,0.0,0.0,0,0,0,0,
da,d2_heldout200b,709,Disseminated Tuberculosis with Hemophagocytic Lymphohistiocytosis (TB-HLH),,ok,ok,na,1800,227,17,5,0,2.2026431718061676,0.0,0.44052863436123346,0.8810572687224669,3.0837004405286343,1,2,74,7,0,1,1,1,4,1,1.0,4,6,0.5,49.0,5.0,1.0,1.0,0.0,0.333,0,1,1,1,
da,d2_heldout200b,710,Atypical popliteal cyst,,rationale_overfit,s3_hit_s4_miss,na,1285,208,12,2,2,0.9615384615384616,0.9615384615384616,0.0,0.9615384615384616,1.4423076923076923,0,2,23,3,0,0,0,1,4,1,1.0,3,3,0.5,46.0,5.0,2.0,1.0,0.0,0.25,1,1,1,1,
da,d2_heldout200b,713,Near-fatal asthma with type II respiratory failure and respiratory acidosis,,parent_vs_subtype,s3_hit_s4_miss,na,1710,240,24,4,0,1.6666666666666667,0.0,0.0,0.8333333333333334,4.166666666666667,0,2,75,11,0,1,0,1,4,1,1.0,1,6,0.091,47.0,5.0,1.0,1.0,1.0,0.0,1,1,1,1,
da,d2_heldout200b,714,Vibrio vulnificus sepsis,,s2_miss,s2_miss,na,1568,228,13,3,0,1.3157894736842104,0.0,0.0,0.0,2.6315789473684212,0,0,24,3,0,0,0,1,4,1,1.0,1,4,0.167,46.0,5.0,,3.0,3.0,0.5,1,1,1,1,
da,d2_heldout200b,715,Burkholderia cenocepacia-associated paranasal sinusitis,,s2_miss,s2_miss,na,1497,202,13,2,0,0.9900990099009901,0.0,0.0,0.49504950495049505,1.9801980198019802,0,1,55,5,0,0,0,1,4,1,1.0,1,0,0.0,50.0,5.0,,1.0,0.0,0.0,0,0,0,0,
da,d2_heldout200b,718,Sintilimab-induced myocarditis,,s2_miss,s2_miss,na,1978,285,26,3,0,1.0526315789473684,0.0,0.0,1.7543859649122806,1.7543859649122806,0,5,30,3,0,0,0,1,4,1,1.0,2,6,0.5,45.0,5.0,,12.0,1.0,0.143,1,1,1,0,
da,d2_heldout200b,719,Right peripheral-type facial palsy due to dorsolateral pontine infarction,,s2_miss,s2_miss,na,1547,206,12,1,0,0.48543689320388345,0.0,0.0,0.4854368932038835,3.883495145631068,0,1,73,10,0,0,0,1,4,1,1.0,1,2,0.2,49.0,5.0,,2.0,2.0,0.0,0,0,1,1,
da,d2_heldout200b,721,Persistent SARS-CoV-2 infection in an immunocompromised patient (long COVID),,s2_miss,s2_miss,na,1646,231,15,8,1,3.463203463203463,0.4329004329004329,0.0,2.1645021645021645,1.7316017316017316,0,5,76,11,0,0,1,1,4,1,1.0,1,6,0.444,47.0,5.0,,6.0,0.0,0.222,0,0,0,1,
da,d2_heldout200b,723,Acute pancreatitis with renal failure,base_win_rank,s2_gold_low_rank,s2_hit_s3_drop,na,1822,262,20,4,0,1.5267175572519083,0.0,0.0,0.7633587786259542,1.5267175572519085,0,2,37,5,0,1,0,1,4,1,1.0,2,3,0.25,58.0,5.0,13.0,1.0,1.0,0.0,0,0,1,1,
da,d2_heldout200b,724,Type A thymoma with MINOCA (Myocardial Infarction with Non-Obstructive Coronary Arteries),,s2_miss,s2_miss,na,2195,287,20,4,0,1.3937282229965158,0.0,0.6968641114982579,1.0452961672473868,2.4390243902439024,2,3,89,12,1,1,1,1,4,1,1.0,1,4,0.333,47.0,5.0,,3.0,2.0,0.0,0,0,0,1,
da,d2_heldout200b,729,Left ventricular free wall rupture following acute myocardial infarction,,rationale_overfit,s3_hit_s4_miss,na,1980,271,16,1,0,0.36900369003690037,0.0,0.0,0.36900369003690037,2.2140221402214024,0,1,72,9,0,0,0,1,4,1,1.0,1,4,0.273,50.0,5.0,1.0,7.0,1.0,0.0,0,0,1,1,
da,d2_heldout200b,730,Organized thrombus formation on native bicuspid aortic valve with ascending aortic aneurysm,,parent_vs_subtype,s3_hit_s4_miss,na,1671,214,16,0,0,0.0,0.0,0.0,0.4672897196261682,2.336448598130841,0,1,91,12,0,1,0,1,4,1,1.0,1,6,0.462,48.0,5.0,8.0,12.0,2.0,0.273,1,1,1,0,
da,d2_heldout200b,731,Mature cystic teratoma in the posterior fossa,all_miss_but_recalled,s2_gold_low_rank,s2_hit_s3_drop,na,1564,232,15,4,0,1.7241379310344827,0.0,0.0,1.7241379310344827,1.293103448275862,0,4,45,7,0,0,0,1,4,1,1.0,1,1,0.143,50.0,5.0,17.0,2.0,0.0,0.0,0,0,0,0,
da,d2_heldout200b,732,Multiple liver abscesses infected by Fusobacterium necrophorum,,s2_miss,s2_miss,na,1755,237,28,10,0,4.219409282700422,0.0,0.0,2.109704641350211,2.9535864978902953,0,5,62,7,0,0,0,1,4,1,1.0,1,5,0.111,59.0,5.0,,9.0,4.0,0.125,1,1,1,1,
da,d2_heldout200b,733,Photic maculopathy derived from LED light exposure,,s2_miss,s2_miss,na,1731,248,11,0,0,0.0,0.0,0.0,0.0,4.435483870967742,0,0,50,7,0,0,0,1,4,1,1.0,1,5,0.125,49.0,5.0,,3.0,2.0,0.125,1,1,1,1,
da,d2_heldout200b,734,Vibrio vulnificus septicemia with underlying hepatitis B virus-associated cirrhosis,,s2_miss,s2_miss,na,1759,253,20,5,0,1.9762845849802373,0.0,0.0,0.7905138339920948,3.1620553359683794,0,2,83,10,0,1,0,1,4,1,1.0,1,4,0.2,55.0,5.0,,3.0,0.0,0.0,1,1,1,1,
da,d2_heldout200b,735,CD5-positive diffuse large B-cell lymphoma,,ok,ok,na,1762,225,22,6,0,2.666666666666667,0.0,0.4444444444444444,1.7777777777777777,2.2222222222222223,1,4,42,7,0,0,0,1,4,1,1.0,2,6,0.25,52.0,5.0,1.0,28.0,3.0,0.667,0,1,1,1,
da,d2_heldout200b,736,Vertebral osteomyelitis and discitis due to Streptococcus cristatus,,s2_gold_low_rank,s2_hit_s3_drop,na,1880,257,15,14,1,5.447470817120623,0.38910505836575876,0.38910505836575876,2.7237354085603114,2.3346303501945527,1,7,67,8,0,0,0,1,4,1,1.0,1,3,0.333,52.0,5.0,43.0,0.0,0.0,0.0,1,1,1,1,
da,d2_heldout200b,737,Leiomyomatosis peritonealis disseminata (LPD) with endometriosis,all_miss_but_recalled,s2_miss,s2_miss,na,2052,286,21,6,0,2.097902097902098,0.0,0.34965034965034963,1.7482517482517483,2.797202797202797,1,5,64,6,0,1,1,1,4,1,1.0,1,4,0.143,55.0,5.0,,2.0,0.0,0.0,0,0,0,0,
da,d2_heldout200b,738,Severe congenital neutropenia (SCN) with hepatic abscess caused by Staphylococcus aureus,,parent_vs_subtype,s3_hit_s4_miss,na,1850,251,23,9,1,3.5856573705179287,0.398406374501992,0.0,1.593625498007968,2.7888446215139444,0,4,88,11,0,1,1,1,4,1,1.0,2,3,0.273,51.0,5.0,1.0,11.0,3.0,0.385,1,1,1,1,
da,d2_heldout200b,739,HIV-associated diffuse large B-cell lymphoma of the spleen,,ok,ok,na,1895,264,19,10,0,3.787878787878788,0.0,0.7575757575757576,2.6515151515151514,1.893939393939394,2,7,58,10,0,0,0,1,4,1,1.0,2,4,0.2,56.0,5.0,1.0,29.0,4.0,0.5,0,1,1,1,
da,d2_heldout200b,740,Secondary cutaneous endometriosis (SCE),base_win_rank,parent_vs_subtype,s3_hit_s4_miss,na,1397,199,17,0,0,0.0,0.0,0.0,0.5025125628140703,3.0150753768844223,0,1,39,4,0,0,1,1,4,1,1.0,1,6,0.2,52.0,5.0,1.0,2.0,2.0,0.2,0,0,1,1,
da,d2_heldout200b,741,Primary acinic cell carcinoma of the breast,,s2_gold_low_rank,s2_hit_s3_drop,na,2837,405,22,9,0,2.2222222222222223,0.0,0.0,2.7160493827160495,1.4814814814814814,0,11,43,7,0,0,0,1,4,1,1.0,1,6,0.375,46.0,5.0,21.0,35.0,4.0,0.125,0,0,0,1,
da,d2_heldout200b,743,Gastric band erosion with migration to jejunum causing intestinal obstruction and jejunal perforation,,ok,ok,na,1650,235,15,2,0,0.851063829787234,0.0,0.0,0.425531914893617,2.978723404255319,0,1,101,13,0,1,0,1,4,1,1.0,1,6,0.154,48.0,5.0,1.0,6.0,1.0,0.167,0,1,0,1,
da,d2_heldout200b,745,Schizophrenia with catatonic features and chronic intestinal pseudo-obstruction (CIPO),,s2_miss,s2_miss,na,1550,226,11,4,1,1.7699115044247788,0.4424778761061947,0.0,1.7699115044247788,1.7699115044247788,0,4,86,10,0,1,1,1,4,1,1.0,1,4,0.083,49.0,5.0,,2.0,1.0,0.0,0,0,1,0,
da,d2_heldout200b,746,Obstructive pneumonia due to bronchial foreign body (fish bone),,s2_miss,s2_miss,na,1868,270,29,5,0,1.8518518518518516,0.0,0.0,1.4814814814814814,2.962962962962963,0,4,63,9,0,0,1,1,4,1,1.0,2,4,0.444,53.0,5.0,,6.0,2.0,0.222,1,1,1,1,
da,d2_heldout200b,747,Severe Mycoplasma pneumoniae pneumonia (MPP) with coronary artery dilation (CAD) and necrotizing pneumonia,,s2_miss,s2_miss,na,2102,273,24,4,0,1.465201465201465,0.0,0.0,0.7326007326007326,2.5641025641025643,0,2,106,13,0,1,1,1,4,1,1.0,1,6,0.357,51.0,5.0,,9.0,3.0,0.154,1,1,1,1,
da,d2_heldout200b,748,"Pyogenic liver abscess caused by Klebsiella oxytoca with metastatic complications (septic pulmonary embolism, right hepatic vein thrombosis, spondylodiscitis, and retroperitoneal abscess)",,s2_miss,s2_miss,na,2091,285,26,6,0,2.1052631578947367,0.0,0.0,1.0526315789473684,2.1052631578947367,0,3,187,21,0,1,1,4,4,1,1.0,1,6,0.227,53.0,5.0,,7.0,2.0,0.15,1,1,1,1,
da,d2_heldout200b,750,"Pulmonary sarcomatoid carcinoma (PSC), stage IVA (cT4N2M1a)",,s2_miss,s2_miss,na,1394,200,16,4,0,2.0,0.0,1.5,1.0,1.5,3,2,59,7,0,0,1,2,4,1,1.0,2,2,0.111,49.0,5.0,,4.0,1.0,0.0,0,0,1,1,
da,d2_heldout200b,751,"Rhodococcus equi infection causing necrotizing pneumonia, bacteremia, and brain abscess in an HIV-positive patient",all_miss_but_recalled,s2_gold_low_rank,s2_hit_s3_drop,na,2218,312,33,11,1,3.5256410256410255,0.3205128205128205,0.0,2.2435897435897436,1.2820512820512822,0,7,114,15,0,0,0,3,4,1,1.0,1,3,0.176,52.0,5.0,20.0,7.0,1.0,0.0,0,0,0,0,
da,d2_heldout200b,752,Spontaneous spinal epidural hematoma (SSEH) with underlying vascular malformation,,ok,ok,na,1550,214,16,3,0,1.4018691588785046,0.0,0.0,0.4672897196261682,1.4018691588785046,0,1,81,9,0,1,1,1,4,1,1.0,1,6,0.364,49.0,5.0,1.0,36.0,3.0,0.222,0,1,1,1,
da,d2_heldout200b,753,Developmental and Epileptic Encephalopathy-94 (DEE-94) caused by pathogenic CHD2 gene variant,,s2_miss,s2_miss,na,2410,314,20,2,1,0.6369426751592357,0.3184713375796179,0.0,0.6369426751592356,1.910828025477707,0,2,93,13,0,1,1,1,4,1,1.0,1,3,0.154,52.0,5.0,,0.0,0.0,0.0,0,0,1,1,
da,d2_heldout200b,754,Concurrent Microcephaly-capillary malformation syndrome (MIC-CAP) and Mowat-Wilson syndrome (MWS),,s2_miss,s2_miss,na,2169,289,18,6,0,2.0761245674740483,0.0,0.0,1.3840830449826989,5.882352941176471,0,4,97,12,1,0,1,1,4,1,1.0,1,3,0.2,47.0,5.0,,27.0,4.0,0.25,0,0,0,0,
da,d2_heldout200b,756,Acute epididymal orchitis with testicular infarction caused by Pseudomonas aeruginosa infection,,ok,ok,na,1804,248,25,3,0,1.2096774193548387,0.0,0.0,2.0161290322580645,2.8225806451612905,0,5,95,11,0,1,0,1,4,1,1.0,1,5,0.417,48.0,5.0,2.0,12.0,0.0,0.1,0,1,1,1,
da,d2_heldout200b,757,WDR19-related NPHP13 (Nephronophthisis 13) with Caroli disease,,s2_miss,s2_miss,na,2171,300,33,7,0,2.3333333333333335,0.0,0.0,2.3333333333333335,3.6666666666666665,0,7,62,8,0,1,1,1,4,1,1.0,1,3,0.0,56.0,5.0,,8.0,2.0,0.0,0,0,1,1,
da,d2_heldout200b,758,COVID-19-related cardiac injury with diffuse myocardial necrosis,,s2_miss,s2_miss,na,1680,231,18,2,0,0.8658008658008658,0.0,0.0,0.8658008658008658,2.1645021645021645,0,2,64,9,0,1,0,1,4,1,1.0,1,2,0.1,49.0,5.0,,8.0,2.0,0.1,1,1,0,1,
da,d2_heldout200b,759,Odoribacter splanchnicus bacteremia,,s2_miss,s2_miss,na,1539,203,25,6,0,2.955665024630542,0.0,0.49261083743842365,0.9852216748768473,1.9704433497536946,1,2,35,3,0,0,0,1,4,1,1.0,1,1,0.2,52.0,5.0,,0.0,0.0,0.0,0,0,0,0,
da,d2_heldout200b,760,Phlegmonous enteritis,,s2_miss,s2_miss,na,2264,317,33,7,0,2.2082018927444795,0.0,0.0,0.9463722397476341,0.9463722397476341,0,3,21,2,0,0,0,1,4,1,1.0,1,1,0.0,55.0,5.0,,0.0,0.0,0.0,0,0,0,0,
da,d2_heldout200b,762,SCN4A-associated congenital myopathy with compound heterozygous variants: - c.1841A>T p.(Asn614Ile) - c.4420G>A p.(Ala1474Thr),,s2_miss,s2_miss,na,2145,280,13,4,0,1.4285714285714286,0.0,0.35714285714285715,0.7142857142857143,2.142857142857143,1,2,126,12,0,1,1,1,4,1,1.0,2,5,0.071,47.0,5.0,,24.0,3.0,0.071,0,0,0,0,
da,d2_heldout200b,763,Harel-Yoon syndrome (HAYOS) caused by ATAD3A gene mutation,,s2_miss,s2_miss,na,1774,230,12,5,0,2.1739130434782608,0.0,0.0,1.3043478260869565,1.7391304347826086,0,3,58,9,1,0,1,1,4,1,1.0,1,2,0.1,56.0,5.0,,47.0,4.0,0.111,0,0,1,1,
da,d2_heldout200b,765,Coronary spasm with complete atrioventricular block,,s2_miss,s2_miss,na,1607,230,21,2,0,0.8695652173913043,0.0,0.0,0.43478260869565216,2.608695652173913,0,1,51,6,0,1,0,1,4,1,1.0,1,2,0.25,46.0,5.0,,0.0,0.0,0.0,0,0,0,0,
da,d2_heldout200b,766,Myopericarditis with cardiac conduction system involvement due to monkeypox virus infection with concurrent Lyme disease,,s2_miss,s2_miss,na,2192,313,18,4,0,1.2779552715654952,0.0,0.0,1.2779552715654952,2.5559105431309903,0,4,120,15,0,1,0,1,4,1,1.0,1,4,0.143,54.0,5.0,,13.0,2.0,0.0,1,1,1,1,
da,d2_heldout200b,767,Diffuse large B-cell lymphoma,,s2_gold_low_rank,s2_hit_s3_drop,na,1627,212,13,6,0,2.8301886792452833,0.0,0.4716981132075472,2.358490566037736,2.358490566037736,1,5,29,5,0,0,0,1,4,1,1.0,1,3,0.167,52.0,5.0,36.0,28.0,2.0,0.167,1,1,1,1,
da,d2_heldout200b,769,FH-deficient uterine leiomyoma,,option_echo_da,s3_hit_s4_miss,na,1690,230,20,2,1,0.8695652173913043,0.43478260869565216,0.0,1.3043478260869565,0.43478260869565216,0,3,30,4,0,0,0,1,4,1,1.0,1,5,0.143,52.0,5.0,2.0,3.0,1.0,0.0,0,0,1,1,
da,d2_heldout200b,770,"Leptospirosis with severe pneumonia, acute kidney injury, and acute liver injury",base_win_rank,s2_gold_low_rank,s2_hit_s3_drop,na,1424,190,11,6,0,3.1578947368421053,0.0,0.0,2.6315789473684212,3.6842105263157894,0,5,80,11,0,1,0,3,4,1,1.0,1,4,0.273,56.0,5.0,21.0,23.0,3.0,0.0,0,0,0,1,
da,d2_heldout200b,771,Post-COVID-19 syndrome with osteoarticular and neurological manifestations,,s2_miss,s2_miss,na,1626,224,21,3,0,1.3392857142857142,0.0,0.0,0.44642857142857145,3.125,0,1,74,9,0,1,0,1,4,1,1.0,1,2,0.2,48.0,5.0,,6.0,0.0,0.0,0,0,0,0,
da,d2_heldout200b,773,Idiopathic Pulmonary Arterial Hypertension (IPAH) with Patent Foramen Ovale (PFO),,option_echo_da,s3_hit_s4_miss,na,2286,302,18,2,0,0.6622516556291391,0.0,0.0,0.6622516556291391,1.6556291390728477,0,2,81,10,0,1,1,1,4,1,1.0,1,6,0.385,46.0,5.0,2.0,31.0,1.0,0.067,1,1,0,1,
da,d2_heldout200b,774,"Klebsiella pneumoniae invasive syndrome with multiple organ involvement (liver, lungs, kidneys, and brain) complicated by extensive cerebral infarction and pneumocephalus",,s2_miss,s2_miss,na,2198,297,23,12,0,4.040404040404041,0.0,0.0,2.6936026936026938,2.6936026936026938,0,8,170,20,0,1,1,4,4,1,1.0,1,3,0.143,56.0,5.0,,6.0,2.0,0.0,0,0,1,1,
da,d2_heldout200b,775,Mixed mold infection with Rhizopus microsporus and Mucor racemosus causing disseminated mucormycosis,,ok,ok,na,1663,220,19,6,0,2.727272727272727,0.0,0.0,1.8181818181818181,0.45454545454545453,0,4,100,12,0,1,0,1,4,1,1.0,2,4,0.125,51.0,5.0,1.0,23.0,2.0,0.083,0,1,1,1,
da,d2_heldout200b,777,Coinfection of Hantaan virus (HTNV) and SARS-CoV-2,,s2_miss,s2_miss,na,1116,152,10,2,0,1.3157894736842104,0.0,0.0,0.6578947368421053,1.9736842105263157,0,1,50,9,0,0,1,1,4,1,1.0,1,0,0.0,49.0,5.0,,3.0,0.0,0.0,1,1,1,1,
da,d2_heldout200b,778,Acute pneumonia caused by Tropheryma whipplei infection,all_miss_but_recalled,s2_miss,s2_miss,na,1858,266,22,5,0,1.8796992481203008,0.0,0.37593984962406013,1.5037593984962405,2.6315789473684212,1,4,55,7,0,0,0,1,4,1,1.0,1,4,0.375,50.0,5.0,,17.0,4.0,0.125,0,0,0,0,
mcr,mcr_v1,1,schwannoma,,s2_miss,s2_miss,aphhm_tree_miss,1653,247,21,2,1,0.8097165991902834,0.4048582995951417,0.0,0.4048582995951417,2.834008097165992,0,1,10,1,0,0,0,1,0,,,,0,0.0,50.0,5.0,,0.0,0.0,0.0,0,0,0,0,
mcr,mcr_v1,2,5-oxoprolinemia,,s2_gold_low_rank,s2_hit_s3_drop,aphhm_tree_miss,2266,318,38,2,5,0.628930817610063,1.5723270440251573,0.0,0.0,1.8867924528301887,0,0,15,2,0,0,0,1,0,,,,0,0.0,48.0,5.0,21.0,0.0,0.0,0.0,1,1,1,0,
mcr,mcr_v1,3,Eosinophilic granulomatosis with polyangiitis,all_miss_but_recalled,s2_gold_low_rank,s2_hit_s3_drop,aphhm_prune,2145,307,27,3,4,0.9771986970684038,1.3029315960912053,0.0,0.9771986970684039,2.9315960912052117,0,3,45,4,0,1,0,1,0,,,,0,0.0,47.0,5.0,24.0,1.0,0.0,0.0,0,0,0,0,
mcr,mcr_v1,4,IgG4-related hypophysitis,,ok,ok,aphhm_ok,1617,237,31,3,1,1.2658227848101267,0.42194092827004215,0.0,1.6877637130801688,1.2658227848101267,0,4,25,3,0,0,0,1,0,,,,0,0.0,51.0,5.0,1.0,4.0,2.0,1.0,0,1,1,1,
mcr,mcr_v1,5,cryptococcoma,,s2_miss,s2_miss,aphhm_tree_miss,1619,242,31,6,2,2.479338842975207,0.8264462809917356,0.4132231404958678,1.2396694214876034,1.2396694214876034,1,3,13,1,0,0,0,1,0,,,,0,0.0,51.0,5.0,,0.0,0.0,0.0,0,0,0,0,
mcr,mcr_v1,6,Exophiala xenobiotica keratitis,,s2_miss,s2_miss,aphhm_prune,1704,252,22,1,3,0.3968253968253968,1.1904761904761905,0.0,0.0,1.5873015873015872,0,0,31,3,0,0,0,1,0,,,,0,0.0,56.0,5.0,,13.0,5.0,0.25,0,0,0,0,
mcr,mcr_v1,7,Wunderlich syndrome,,s2_miss,s2_miss,aphhm_tree_miss,1482,217,17,2,1,0.9216589861751152,0.4608294930875576,0.0,0.9216589861751152,0.9216589861751152,0,2,19,2,0,0,0,1,0,,,,0,0.0,46.0,5.0,,9.0,1.0,0.0,0,0,0,0,
mcr,mcr_v1,8,Liver metastasis from colon cancer,,s2_miss,s2_miss,aphhm_prune,1400,200,21,3,3,1.5,1.5,1.0,1.0,1.5,2,2,34,5,0,0,0,1,0,,,,0,0.0,48.0,5.0,,21.0,1.0,0.333,1,1,1,0,
mcr,mcr_v1,11,Multisystem inflammatory syndrome in children,base_win_recall,s2_miss,s2_miss,aphhm_judge_miss,3289,473,45,6,2,1.2684989429175475,0.42283298097251587,0.0,0.42283298097251587,1.0570824524312896,0,2,45,5,0,0,0,1,0,,,,0,0.0,65.0,5.0,,9.0,2.0,0.143,0,0,0,1,
mcr,mcr_v1,12,Tumor-induced osteomalacia,,ok,ok,aphhm_ok,2288,337,45,3,0,0.8902077151335311,0.0,0.0,0.8902077151335311,1.1869436201780414,0,3,26,3,0,0,0,1,0,,,,0,0.0,48.0,5.0,9.0,2.0,0.0,1.0,0,1,1,1,
mcr,mcr_v1,13,Compound odontoma,,ok,ok,aphhm_ok,1094,166,16,1,1,0.6024096385542169,0.6024096385542169,0.0,0.6024096385542169,1.2048192771084338,0,1,17,2,0,0,0,1,0,,,,0,0.0,42.0,5.0,1.0,2.0,1.0,1.0,0,1,1,1,
mcr,mcr_v1,15,leiomyomatous hamartoma,,s2_miss,s2_miss,aphhm_prune,1019,155,18,1,0,0.6451612903225806,0.0,0.0,0.6451612903225806,1.2903225806451613,0,1,23,2,0,0,0,1,0,,,,0,0.0,41.0,5.0,,1.0,0.0,0.0,0,0,0,0,
mcr,mcr_v1,16,LocalizedUrethralAmyloidosis,,s2_miss,s2_miss,aphhm_prune,1433,193,18,1,2,0.5181347150259068,1.0362694300518136,0.5181347150259067,0.0,3.626943005181347,1,0,28,1,0,0,0,1,0,,,,0,0.0,50.0,5.0,,0.0,0.0,0.0,1,1,0,1,
mcr,mcr_v1,17,immune-related pneumonitis,,s2_miss,s2_miss,aphhm_tree_miss,1961,262,27,5,2,1.9083969465648856,0.7633587786259541,0.7633587786259542,1.1450381679389312,3.435114503816794,2,3,26,3,0,0,0,1,0,,,,0,0.0,55.0,5.0,,3.0,2.0,0.333,1,1,1,0,
mcr,mcr_v1,18,Schwannoma,,s2_miss,s2_miss,aphhm_tree_miss,1263,182,20,3,0,1.6483516483516485,0.0,0.0,1.098901098901099,1.6483516483516483,0,2,10,1,0,0,0,1,0,,,,0,0.0,51.0,5.0,,0.0,0.0,0.0,0,0,0,0,
mcr,mcr_v1,19,Leiomyosarcoma,all_miss_but_recalled,rationale_overfit,s3_hit_s4_miss,aphhm_ok,1534,218,20,3,6,1.3761467889908259,2.7522935779816518,0.0,0.9174311926605505,1.3761467889908257,0,2,14,1,0,0,0,1,0,,,,0,0.0,44.0,5.0,11.0,0.0,0.0,0.0,0,0,0,0,
mcr,mcr_v1,20,Type 4 renal tubular acidosis,all_miss_but_recalled,s2_miss,s2_miss,aphhm_tree_miss,2781,419,42,4,2,0.9546539379474941,0.47732696897374705,0.2386634844868735,0.2386634844868735,2.863961813842482,1,1,29,5,0,1,0,1,0,,,,0,0.0,52.0,5.0,,0.0,0.0,0.0,0,0,0,0,
mcr,mcr_v1,21,Fibrous dysplasia,all_miss_but_recalled,rationale_overfit,s3_hit_s4_miss,aphhm_judge_miss,1167,184,17,2,3,1.0869565217391304,1.6304347826086956,0.0,1.0869565217391304,3.260869565217391,0,2,17,2,0,0,0,1,0,,,,0,0.0,51.0,5.0,2.0,2.0,0.0,0.0,0,0,0,0,
mcr,mcr_v1,22,adenomatoid tumor,,ok,ok,aphhm_ok,1024,154,18,0,0,0.0,0.0,0.0,0.0,3.2467532467532467,0,0,17,2,0,0,0,1,0,,,,0,0.0,43.0,5.0,4.0,7.0,0.0,1.0,0,1,1,0,
mcr,mcr_v1,23,AdenoidCysticCarcinoma,,s2_miss,s2_miss,aphhm_tree_miss,1780,272,23,3,2,1.1029411764705883,0.7352941176470588,0.0,0.7352941176470589,1.838235294117647,0,2,22,1,0,0,0,1,0,,,,0,0.0,47.0,5.0,,0.0,0.0,0.0,0,0,0,0,
mcr,mcr_v1,24,Superior mesenteric artery syndrome,,ok,ok,aphhm_ok,1574,224,17,2,6,0.8928571428571428,2.6785714285714284,0.0,0.8928571428571429,2.232142857142857,0,2,35,4,0,0,0,1,0,,,,0,0.0,50.0,5.0,1.0,5.0,1.0,1.0,0,1,1,1,
mcr,mcr_v1,26,Self-limited epilepsy with autonomic seizures,,s2_miss,s2_miss,aphhm_tree_miss,2210,319,24,2,6,0.6269592476489028,1.8808777429467085,0.0,0.31347962382445144,1.567398119122257,0,1,45,6,0,1,0,1,0,,,,0,0.0,51.0,5.0,,3.0,1.0,0.111,0,0,0,0,
mcr,mcr_v1,27,Massive ovarian edema,,s2_miss,s2_miss,aphhm_tree_miss,2623,384,46,2,0,0.5208333333333333,0.0,0.0,0.78125,0.78125,0,3,21,3,0,0,0,1,0,,,,0,0.0,49.0,5.0,,28.0,3.0,0.25,0,0,0,0,
mcr,mcr_v1,28,Toxic epidermal necrolysis,all_miss_but_recalled,rationale_overfit,s3_hit_s4_miss,aphhm_judge_miss,2168,298,26,3,1,1.006711409395973,0.33557046979865773,0.33557046979865773,0.0,2.348993288590604,1,0,26,3,0,0,0,1,0,,,,0,0.0,52.0,5.0,2.0,1.0,0.0,0.0,0,0,0,0,
mcr,mcr_v1,29,cerebral venous thrombosis,,s2_miss,s2_miss,aphhm_tree_miss,2115,300,20,1,6,0.33333333333333337,2.0,0.0,1.3333333333333333,4.0,0,4,26,3,0,0,0,1,0,,,,0,0.0,45.0,5.0,,0.0,0.0,0.0,0,0,0,0,
mcr,mcr_v1,30,Cronkhite-Canada syndrome,,s2_miss,s2_miss,aphhm_tree_miss,1180,165,23,1,0,0.6060606060606061,0.0,0.0,0.0,3.0303030303030303,0,0,25,3,1,0,0,1,0,,,,0,0.0,49.0,5.0,,17.0,1.0,0.2,0,0,0,0,
mcr,mcr_v1,33,Dyke-Davidoff-Masson syndrome,e7_win_recall,ok,ok,aphhm_ok,1728,229,21,1,3,0.43668122270742354,1.3100436681222707,0.0,0.4366812227074236,2.183406113537118,0,1,29,4,1,0,0,1,0,,,,0,0.0,52.0,5.0,17.0,5.0,1.0,1.0,0,1,0,0,
mcr,mcr_v1,34,Tonsillolith,,ok,ok,aphhm_ok,1232,177,18,1,0,0.5649717514124294,0.0,0.0,0.5649717514124294,2.2598870056497176,0,1,12,1,0,0,0,1,0,,,,0,0.0,48.0,5.0,1.0,0.0,0.0,0.0,0,1,1,1,
mcr,mcr_v1,35,Petersen’s hernia,,s2_miss,s2_miss,aphhm_tree_miss,2152,301,29,5,3,1.6611295681063125,0.9966777408637874,0.0,1.3289036544850499,1.6611295681063123,0,4,17,2,0,0,0,1,0,,,,0,0.0,47.0,5.0,,2.0,1.0,0.333,0,0,0,0,
mcr,mcr_v1,38,trigeminal schwannoma,e7_win_rank,ok,ok,aphhm_prune,2062,277,23,2,2,0.7220216606498195,0.7220216606498195,0.0,1.444043321299639,1.444043321299639,0,4,21,2,0,0,0,1,0,,,,0,0.0,49.0,5.0,10.0,2.0,1.0,1.0,0,1,0,0,
mcr,mcr_v1,39,mesalazine-induced myocarditis,,ok,ok,aphhm_ok,2465,366,32,2,3,0.546448087431694,0.819672131147541,0.0,0.546448087431694,2.459016393442623,0,2,30,3,0,0,0,1,0,,,,0,0.0,47.0,5.0,2.0,2.0,2.0,0.333,0,1,1,1,
mcr,mcr_v1,40,hepatocellular carcinoma,e7_win_rank,ok,ok,aphhm_judge_miss,1611,230,28,5,1,2.1739130434782608,0.43478260869565216,0.0,1.3043478260869565,2.1739130434782608,0,3,24,2,0,0,0,1,0,,,,0,0.0,45.0,5.0,1.0,0.0,0.0,0.667,0,1,0,0,
mcr,mcr_v1,41,Gastric lipoma,all_miss_but_recalled,rationale_overfit,s3_hit_s4_miss,aphhm_judge_miss,1716,247,19,4,3,1.6194331983805668,1.214574898785425,0.4048582995951417,0.8097165991902834,2.0242914979757085,1,2,14,2,0,0,0,1,0,,,,0,0.0,42.0,5.0,6.0,24.0,1.0,0.0,0,0,0,0,
mcr,mcr_v1,42,Keratocystic odontogenic tumour,,s2_miss,s2_miss,aphhm_tree_miss,2382,369,26,1,2,0.27100271002710025,0.5420054200542005,0.27100271002710025,0.27100271002710025,1.897018970189702,1,1,31,3,0,0,0,1,0,,,,0,0.0,51.0,5.0,,4.0,0.0,0.0,0,0,0,0,
mcr,mcr_v1,43,IgA nephropathy,,s2_miss,s2_miss,aphhm_tree_miss,1894,275,25,9,3,3.272727272727273,1.090909090909091,0.36363636363636365,1.0909090909090908,2.1818181818181817,1,3,15,2,0,0,0,1,0,,,,0,0.0,56.0,5.0,,0.0,0.0,0.0,0,0,0,0,
mcr,mcr_v1,44,Pyoderma gangrenosum,,s2_miss,s2_miss,aphhm_prune,842,122,17,1,0,0.819672131147541,0.0,0.0,0.0,4.098360655737705,0,0,20,2,0,0,0,1,0,,,,0,0.0,52.0,5.0,,1.0,0.0,0.0,0,0,0,0,
mcr,mcr_v1,45,granuloma annulare,all_miss_but_recalled,rationale_overfit,s3_hit_s4_miss,aphhm_tree_miss,1459,205,20,2,1,0.975609756097561,0.4878048780487805,0.4878048780487805,0.4878048780487805,3.4146341463414633,1,1,18,2,0,0,0,1,0,,,,0,0.0,43.0,5.0,9.0,3.0,1.0,0.0,0,0,0,0,
mcr,mcr_v1,46,Sarcoidosis,,ok,ok,aphhm_ok,1528,197,28,5,0,2.5380710659898478,0.0,0.5076142131979695,1.015228426395939,1.5228426395939085,1,2,11,1,0,0,0,1,0,,,,0,0.0,52.0,5.0,3.0,0.0,0.0,1.0,0,1,1,1,
mcr,mcr_v1,47,Metastatic melanoma of unknown primary,,s2_miss,s2_miss,aphhm_tree_miss,1696,245,23,7,2,2.857142857142857,0.8163265306122449,1.2244897959183674,0.8163265306122449,1.6326530612244898,3,2,38,5,0,0,0,1,0,,,,0,0.0,42.0,5.0,,7.0,2.0,0.333,0,0,0,0,
mcr,mcr_v1,48,xanthogranulomatous osteomyelitis,all_miss_but_recalled,rationale_overfit,s3_hit_s4_miss,aphhm_judge_miss,1268,190,17,0,4,0.0,2.1052631578947367,0.0,0.5263157894736842,1.5789473684210527,0,1,33,2,0,0,0,1,0,,,,0,0.0,45.0,5.0,1.0,2.0,0.0,0.0,0,0,0,0,
mcr,mcr_v1,49,StumpAppendicitis,,s3_why_ignored_gold,s2_hit_s3_drop,aphhm_prune,1221,178,16,4,4,2.247191011235955,2.247191011235955,0.0,1.1235955056179776,2.808988764044944,0,2,17,1,0,0,0,1,0,,,,0,0.0,44.0,5.0,1.0,0.0,0.0,0.0,1,1,1,0,
mcr,mcr_v1,50,Gastrointestinal clear cell sarcoma,all_miss_but_recalled,s4_hit_judge_miss,s4_hit_judge_miss,aphhm_tree_miss,1877,260,23,1,0,0.38461538461538464,0.0,0.0,0.0,1.9230769230769231,0,0,35,4,0,0,0,1,0,,,,0,0.0,48.0,5.0,13.0,7.0,2.0,0.75,0,0,0,0,
mcr,mcr_v1,52,Livedoid vasculopathy,,ok,ok,aphhm_ok,1362,186,17,1,0,0.5376344086021506,0.0,0.5376344086021505,0.5376344086021505,2.6881720430107525,1,1,21,2,0,0,0,1,0,,,,0,0.0,52.0,5.0,18.0,1.0,0.0,1.0,0,1,1,1,
mcr,mcr_v1,53,hemangioma,all_miss_but_recalled,s2_gold_low_rank,s2_hit_s3_drop,aphhm_prune,875,126,19,1,0,0.7936507936507936,0.0,0.0,0.7936507936507936,1.5873015873015872,0,1,10,1,0,0,0,1,0,,,,0,0.0,42.0,5.0,14.0,0.0,0.0,0.0,0,0,0,0,
mcr,mcr_v1,54,Trigeminal neuralgia,,ok,ok,aphhm_ok,1315,195,20,2,0,1.0256410256410255,0.0,0.0,0.5128205128205128,2.5641025641025643,0,1,20,2,0,0,0,1,0,,,,0,0.0,47.0,5.0,1.0,14.0,2.0,1.0,0,1,1,1,
mcr,mcr_v1,55,Post-transplant lymphoproliferative disorder,,s2_miss,s2_miss,aphhm_tree_miss,1403,188,20,2,0,1.0638297872340425,0.0,0.0,1.0638297872340425,3.1914893617021276,0,2,44,4,0,0,0,1,0,,,,0,0.0,49.0,5.0,,0.0,0.0,0.0,0,0,0,0,
mcr,mcr_v1,56,Spindle cell squamous cell carcinoma,,s2_miss,s2_miss,aphhm_prune,1810,250,22,2,2,0.8,0.8,0.4,0.4,0.8,1,1,36,5,0,0,0,1,0,,,,0,0.0,44.0,5.0,,3.0,2.0,0.6,0,0,0,1,
mcr,mcr_v1,58,Mixed sex cord-stromal tumor,,s2_miss,s2_miss,aphhm_tree_miss,1084,164,20,2,1,1.2195121951219512,0.6097560975609756,0.0,0.6097560975609756,2.4390243902439024,0,1,28,5,0,0,0,1,0,,,,0,0.0,46.0,5.0,,13.0,2.0,0.143,0,0,0,0,
mcr,mcr_v1,60,Polymyalgia rheumatica,all_miss_but_recalled,rationale_overfit,s3_hit_s4_miss,aphhm_prune,2521,377,30,11,9,2.9177718832891246,2.3872679045092835,0.0,1.5915119363395225,1.5915119363395225,0,6,22,2,0,0,0,1,0,,,,0,0.0,55.0,5.0,17.0,0.0,0.0,0.0,0,0,0,0,
mcr,mcr_v1,61,Choriocarcinoma,all_miss_but_recalled,s2_gold_low_rank,s2_hit_s3_drop,aphhm_tree_miss,1851,244,23,7,6,2.8688524590163933,2.459016393442623,0.0,2.8688524590163933,1.2295081967213115,0,7,15,1,0,0,0,1,0,,,,0,0.0,44.0,5.0,13.0,0.0,0.0,0.0,0,0,0,0,
mcr,mcr_v1,62,Lipoblastoma,base_win_rank,s2_gold_low_rank,s2_hit_s3_drop,aphhm_ok,1204,178,18,3,0,1.6853932584269662,0.0,0.0,1.1235955056179776,1.6853932584269662,0,2,12,1,0,0,0,1,0,,,,0,0.0,39.0,5.0,32.0,0.0,0.0,0.0,0,0,0,1,
mcr,mcr_v1,63,Fibroepithelial polyp,,ok,ok,aphhm_ok,1483,204,19,3,2,1.4705882352941175,0.9803921568627451,0.49019607843137253,1.4705882352941178,1.9607843137254901,1,3,21,2,0,0,0,1,0,,,,0,0.0,48.0,5.0,6.0,0.0,0.0,0.667,0,1,1,1,
mcr,mcr_v1,64,small cell lung carcinoma,,s2_miss,s2_miss,aphhm_tree_miss,1540,217,18,2,0,0.9216589861751152,0.0,0.0,0.9216589861751152,3.225806451612903,0,2,25,4,0,0,0,1,0,,,,0,0.0,50.0,5.0,,0.0,0.0,0.0,0,0,0,0,
mcr,mcr_v1,65,myelolipoma,all_miss_but_recalled,s2_gold_low_rank,s2_hit_s3_drop,aphhm_tree_miss,1253,170,25,4,0,2.3529411764705883,0.0,0.0,1.7647058823529411,0.5882352941176471,0,3,11,1,0,0,0,1,0,,,,0,0.0,47.0,5.0,9.0,0.0,0.0,0.0,0,0,0,0,
mcr,mcr_v1,66,CIC-rearranged sarcoma,,s2_miss,s2_miss,aphhm_tree_miss,1585,225,19,3,5,1.3333333333333335,2.2222222222222223,0.4444444444444444,1.3333333333333333,1.3333333333333333,1,3,22,3,0,0,0,1,0,,,,0,0.0,47.0,5.0,,4.0,1.0,0.0,0,0,0,0,
mcr,mcr_v1,67,congenital unilateral hypoplasia of depressor anguli oris,,s2_miss,s2_miss,aphhm_ok,1159,167,20,0,2,0.0,1.1976047904191618,0.0,0.5988023952095808,0.5988023952095808,0,1,57,7,0,0,0,1,0,,,,0,0.0,46.0,5.0,,10.0,2.0,0.0,1,1,0,0,
mcr,mcr_v1,68,macrodystrophia lipomatosa,,s2_miss,s2_miss,aphhm_tree_miss,1396,207,19,3,4,1.4492753623188406,1.932367149758454,0.0,0.966183574879227,2.4154589371980677,0,2,26,2,0,0,0,1,0,,,,0,0.0,50.0,5.0,,0.0,0.0,0.0,0,0,0,0,
mcr,mcr_v1,69,Gastric lipoma,base_win_rank,rationale_overfit,s3_hit_s4_miss,aphhm_tree_miss,1200,176,19,5,3,2.840909090909091,1.7045454545454544,1.1363636363636365,0.5681818181818182,2.272727272727273,2,1,14,2,0,0,0,1,0,,,,0,0.0,33.0,5.0,5.0,15.0,1.0,0.0,0,0,0,1,
mcr,mcr_v1,72,abdominal tuberculosis,all_miss_but_recalled,s2_gold_low_rank,s2_hit_s3_drop,aphhm_prune,1905,270,22,11,2,4.074074074074074,0.7407407407407408,0.0,3.3333333333333335,2.2222222222222223,0,9,22,2,0,0,0,1,0,,,,0,0.0,52.0,5.0,14.0,0.0,0.0,0.0,0,0,0,0,
mcr,mcr_v1,73,metastatic prostate carcinoma,,s2_miss,s2_miss,aphhm_tree_miss,2409,342,21,5,2,1.461988304093567,0.5847953216374269,0.29239766081871343,1.1695906432748537,2.3391812865497075,1,4,29,3,0,0,0,1,0,,,,0,0.0,47.0,5.0,,2.0,1.0,0.143,0,0,0,1,
mcr,mcr_v1,74,Catecholaminergic polymorphic ventricular tachycardia,all_miss_but_recalled,rationale_overfit,s3_hit_s4_miss,aphhm_judge_miss,1966,268,25,1,2,0.3731343283582089,0.7462686567164178,0.0,0.0,0.746268656716418,0,0,53,4,0,0,0,1,0,,,,0,0.0,48.0,5.0,5.0,4.0,1.0,0.0,0,0,0,0,
mcr,mcr_v1,75,BasosquamousCarcinoma,,s2_miss,s2_miss,aphhm_tree_miss,1447,211,23,6,0,2.843601895734597,0.0,0.47393364928909953,1.8957345971563981,2.3696682464454977,1,4,21,1,0,0,0,1,0,,,,0,0.0,48.0,5.0,,0.0,0.0,0.0,0,0,0,0,
mcr,mcr_v1,76,drug-induced liver injury,,near_synonym_prefer,s3_hit_s4_miss,aphhm_ok,1702,235,30,1,4,0.425531914893617,1.702127659574468,0.0,0.0,1.702127659574468,0,0,25,4,0,0,0,1,0,,,,0,0.0,47.0,5.0,1.0,6.0,1.0,0.6,1,1,1,1,
mcr,mcr_v1,77,Accessory extraocular muscle,,s2_miss,s2_miss,aphhm_tree_miss,1134,171,17,2,0,1.1695906432748537,0.0,0.0,1.1695906432748537,1.1695906432748537,0,2,28,3,0,0,0,1,0,,,,0,0.0,45.0,5.0,,2.0,0.0,0.0,0,0,0,0,
mcr,mcr_v1,78,schwannoma,base_win_rank,rationale_overfit,s3_hit_s4_miss,aphhm_judge_miss,1490,218,20,1,0,0.45871559633027525,0.0,0.0,0.45871559633027525,1.834862385321101,0,1,10,1,0,0,0,1,0,,,,0,0.0,44.0,5.0,2.0,0.0,0.0,0.0,0,0,1,1,
mcr,mcr_v1,80,Leiomyosarcoma,all_miss_but_recalled,s2_gold_low_rank,s2_hit_s3_drop,aphhm_prune,1275,187,20,1,6,0.53475935828877,3.2085561497326207,0.5347593582887701,0.0,1.6042780748663101,1,0,14,1,0,0,0,1,0,,,,0,0.0,49.0,5.0,17.0,0.0,0.0,0.0,0,0,0,0,
mcr,mcr_v1,81,Macrophage myofasciitis,,s2_miss,s2_miss,aphhm_tree_miss,2686,385,41,10,1,2.5974025974025974,0.2597402597402597,0.0,2.0779220779220777,1.5584415584415585,0,8,23,2,0,0,0,1,0,,,,0,0.0,51.0,5.0,,0.0,0.0,0.0,0,0,0,0,
mcr,mcr_v1,82,Euglycemic diabetic ketoacidosis,base_win_rank,rationale_overfit,s3_hit_s4_miss,aphhm_judge_miss,1968,300,27,1,1,0.33333333333333337,0.33333333333333337,0.0,0.0,2.3333333333333335,0,0,32,3,0,0,0,1,0,,,,0,0.0,48.0,5.0,1.0,2.0,0.0,0.0,0,0,0,1,
mcr,mcr_v1,84,Lymphoepithelioma-like carcinoma of the breast,,s2_miss,s2_miss,aphhm_tree_miss,1428,205,19,3,0,1.4634146341463417,0.0,0.4878048780487805,0.975609756097561,1.951219512195122,1,2,46,6,0,0,0,1,0,,,,0,0.0,48.0,5.0,,36.0,5.0,0.5,0,0,0,0,
mcr,mcr_v1,85,Small intestinal perforation,,s2_miss,s2_miss,aphhm_tree_miss,1525,220,20,4,2,1.8181818181818181,0.9090909090909091,0.0,0.9090909090909091,1.3636363636363635,0,2,28,3,0,0,0,1,0,,,,0,0.0,49.0,5.0,,10.0,0.0,0.0,0,0,0,0,
mcr,mcr_v1,86,Restless arms syndrome,,s2_miss,s2_miss,aphhm_tree_miss,1250,181,20,1,0,0.5524861878453038,0.0,0.0,0.0,3.314917127071823,0,0,22,3,0,0,0,1,0,,,,0,0.0,52.0,5.0,,10.0,2.0,0.0,0,0,0,0,
mcr,mcr_v1,87,undifferentiated embryonal sarcoma of the liver,all_miss_but_recalled,s2_gold_low_rank,s2_hit_s3_drop,aphhm_tree_miss,2073,308,25,9,4,2.922077922077922,1.2987012987012987,0.0,3.2467532467532467,0.3246753246753247,0,10,47,6,0,0,0,1,0,,,,0,0.0,50.0,5.0,11.0,8.0,2.0,0.286,0,0,0,0,
mcr,mcr_v1,90,squamous cell carcinoma,all_miss_but_recalled,rationale_overfit,s3_hit_s4_miss,aphhm_judge_miss,1442,218,17,2,3,0.9174311926605505,1.3761467889908259,0.0,2.293577981651376,4.128440366972477,0,5,23,3,0,0,0,1,0,,,,0,0.0,46.0,5.0,1.0,3.0,1.0,0.0,0,0,0,0,
mcr,mcr_v1,91,Angiosarcoma,all_miss_but_recalled,rationale_overfit,s3_hit_s4_miss,aphhm_tree_miss,1580,215,19,4,2,1.8604651162790697,0.9302325581395349,0.0,2.7906976744186047,1.8604651162790697,0,6,12,1,0,0,0,1,0,,,,0,0.0,51.0,5.0,18.0,0.0,0.0,0.0,0,0,0,0,
mcr,mcr_v1,93,Serum sickness,,s2_miss,s2_miss,aphhm_tree_miss,1583,210,27,2,6,0.9523809523809524,2.857142857142857,0.0,0.0,2.857142857142857,0,0,14,2,0,0,0,1,0,,,,0,0.0,50.0,5.0,,0.0,0.0,0.0,0,0,0,0,
mcr,mcr_v1,94,Schwannoma,all_miss_but_recalled,s3_why_ignored_gold,s2_hit_s3_drop,aphhm_prune,1283,195,18,2,2,1.0256410256410255,1.0256410256410255,0.0,1.0256410256410255,2.051282051282051,0,2,10,1,0,0,0,1,0,,,,0,0.0,47.0,5.0,5.0,0.0,0.0,0.0,0,0,0,0,
mcr,mcr_v1,95,Tuberculosis,all_miss_but_recalled,s4_hit_judge_miss,s4_hit_judge_miss,aphhm_prune,1887,261,23,5,3,1.9157088122605364,1.1494252873563218,0.0,1.1494252873563218,1.9157088122605364,0,3,12,1,0,0,0,1,0,,,,0,0.0,55.0,5.0,1.0,0.0,0.0,0.5,0,0,0,0,
mcr,mcr_v1,96,ParostealOsteosarcoma,all_miss_but_recalled,s2_gold_low_rank,s2_hit_s3_drop,aphhm_prune,1608,254,22,4,4,1.574803149606299,1.574803149606299,0.0,1.5748031496062993,2.3622047244094486,0,4,21,1,0,0,0,1,0,,,,0,0.0,48.0,5.0,21.0,0.0,0.0,0.0,0,0,0,0,
mcr,mcr_v1,97,giant juvenile fibroadenoma,all_miss_but_recalled,near_synonym_prefer,s3_hit_s4_miss,aphhm_prune,1367,201,21,2,0,0.9950248756218906,0.0,0.9950248756218906,0.9950248756218906,2.487562189054726,2,2,27,3,0,0,0,1,0,,,,0,0.0,52.0,5.0,1.0,3.0,1.0,0.667,0,0,0,0,
mcr,mcr_v1,99,Histoplasmosis,all_miss_but_recalled,rationale_overfit,s3_hit_s4_miss,aphhm_prune,1628,220,22,0,1,0.0,0.45454545454545453,1.3636363636363635,0.0,2.727272727272727,3,0,14,1,0,0,0,1,0,,,,0,0.0,47.0,5.0,1.0,0.0,0.0,0.0,0,0,0,0,
mcr,mcr_v1,100,intraosseous metaplastic meningioma,,s2_miss,s2_miss,aphhm_tree_miss,1704,256,16,4,6,1.5625,2.34375,0.0,1.171875,1.953125,0,3,35,3,0,0,0,1,0,,,,0,0.0,47.0,5.0,,9.0,1.0,0.0,0,0,0,0,
mcr,mcr_v1,104,Langerhans cell histiocytosis,,ok,ok,aphhm_ok,1888,269,22,1,0,0.37174721189591076,0.0,0.0,0.37174721189591076,2.6022304832713754,0,1,29,3,0,0,0,1,0,,,,0,0.0,51.0,5.0,1.0,1.0,0.0,1.0,0,1,1,1,
mcr,mcr_v1,105,heat stroke,,ok,ok,aphhm_judge_miss,1537,221,20,6,2,2.7149321266968327,0.904977375565611,0.0,2.262443438914027,2.262443438914027,0,5,11,2,0,0,0,1,0,,,,0,0.0,50.0,5.0,1.0,0.0,0.0,1.0,0,1,1,0,
mcr,mcr_v1,106,neuroendocrine tumor,all_miss_but_recalled,s2_gold_low_rank,s2_hit_s3_drop,aphhm_tree_miss,1439,200,20,1,6,0.5,3.0,0.0,2.0,4.0,0,4,20,2,0,0,0,1,0,,,,0,0.0,45.0,5.0,37.0,3.0,0.0,0.0,0,0,0,0,
mcr,mcr_v1,107,adrenal hyperplasia,all_miss_but_recalled,s2_gold_low_rank,s2_hit_s3_drop,aphhm_prune,2005,276,20,9,0,3.260869565217391,0.0,0.0,2.898550724637681,1.8115942028985508,0,8,19,2,0,0,0,1,0,,,,0,0.0,52.0,5.0,10.0,23.0,1.0,0.0,0,0,0,0,
mcr,mcr_v1,109,Aspergillosis,all_miss_but_recalled,s2_gold_low_rank,s2_hit_s3_drop,aphhm_tree_miss,2778,389,29,7,3,1.7994858611825193,0.7712082262210797,0.5141388174807198,0.7712082262210797,0.5141388174807198,2,3,13,1,0,0,0,1,0,,,,0,0.0,56.0,5.0,20.0,0.0,0.0,0.0,0,0,0,0,
mcr,mcr_v1,111,Giant cell tumor of bone,e7_win_recall,ok,ok,aphhm_prune,1491,225,19,0,3,0.0,1.3333333333333335,0.0,1.3333333333333333,2.6666666666666665,0,3,24,5,0,0,0,1,0,,,,0,0.0,49.0,5.0,4.0,5.0,0.0,0.75,0,1,0,0,
mcr,mcr_v1,112,Bath salt intoxication,,s2_miss,s2_miss,aphhm_tree_miss,2913,407,31,3,1,0.7371007371007371,0.2457002457002457,0.0,0.4914004914004914,1.2285012285012284,0,2,22,3,0,0,0,1,0,,,,0,0.0,48.0,5.0,,5.0,1.0,0.5,1,1,0,1,
mcr,mcr_v1,113,jejunal adenocarcinoma,all_miss_but_recalled,s2_gold_low_rank,s2_hit_s3_drop,aphhm_tree_miss,1542,224,19,4,2,1.7857142857142856,0.8928571428571428,0.44642857142857145,1.7857142857142858,2.232142857142857,1,4,22,2,0,0,0,1,0,,,,0,0.0,46.0,5.0,35.0,11.0,4.0,0.111,0,0,0,0,
mcr,mcr_v1,114,Ependymoma,,s2_miss,s2_miss,aphhm_tree_miss,1626,269,19,0,4,0.0,1.486988847583643,0.0,0.0,1.486988847583643,0,0,10,1,0,0,0,1,0,,,,0,0.0,50.0,5.0,,0.0,0.0,0.0,0,0,0,0,
mcr,mcr_v1,116,systemic sclerosis sine scleroderma,base_win_rank,parent_vs_subtype,s3_hit_s4_miss,aphhm_ok,2209,315,22,2,2,0.6349206349206349,0.6349206349206349,0.0,0.31746031746031744,2.5396825396825395,0,1,35,4,0,1,0,1,0,,,,0,0.0,51.0,5.0,1.0,3.0,1.0,0.4,0,0,1,0,
mcr,mcr_v1,117,Antiphospholipid syndrome,,s2_miss,s2_miss,aphhm_tree_miss,2696,367,29,7,4,1.9073569482288828,1.08991825613079,0.2724795640326976,0.5449591280653951,2.4523160762942777,1,2,25,2,0,0,0,1,0,,,,0,0.0,53.0,5.0,,8.0,0.0,1.0,0,1,1,1,
mcr,mcr_v1,119,cystadenofibroma,,s2_miss,s2_miss,aphhm_tree_miss,1804,285,36,4,0,1.4035087719298245,0.0,0.0,0.7017543859649122,2.1052631578947367,0,2,16,1,0,0,0,1,0,,,,0,0.0,48.0,5.0,,0.0,0.0,0.0,0,0,0,0,
mcr,mcr_v1,121,Angioleiomyoma,,s2_miss,s2_miss,aphhm_prune,953,147,17,0,7,0.0,4.761904761904762,0.0,0.0,2.0408163265306123,0,0,14,1,0,0,0,1,0,,,,0,0.0,51.0,5.0,,0.0,0.0,0.0,0,0,0,0,
mcr,mcr_v1,122,Malignant peripheral nerve sheath tumour,,s2_miss,s2_miss,aphhm_tree_miss,1587,217,19,2,5,0.9216589861751152,2.3041474654377883,0.4608294930875576,0.4608294930875576,0.9216589861751152,1,1,40,5,0,0,0,1,0,,,,0,0.0,48.0,5.0,,4.0,2.0,0.667,1,1,1,1,
mcr,mcr_v1,123,chronic osteomyelitis,all_miss_but_recalled,rationale_overfit,s3_hit_s4_miss,aphhm_judge_miss,1136,167,20,3,0,1.7964071856287425,0.0,0.0,1.1976047904191616,4.191616766467066,0,2,21,2,0,0,0,1,0,,,,0,0.0,46.0,5.0,2.0,2.0,1.0,0.0,0,0,0,0,
mcr,mcr_v1,124,echovirus 11 infection,,s2_miss,s2_miss,aphhm_tree_miss,2403,335,34,9,0,2.6865671641791042,0.0,0.29850746268656714,1.492537313432836,1.1940298507462686,1,5,22,3,0,0,0,1,0,,,,0,0.0,50.0,5.0,,0.0,0.0,0.0,0,0,0,0,
mcr,mcr_v1,125,Cohen syndrome,,ok,ok,aphhm_ok,2261,304,27,0,0,0.0,0.0,0.0,0.0,1.3157894736842106,0,0,14,2,0,0,0,1,0,,,,0,0.0,48.0,5.0,2.0,21.0,4.0,1.0,0,1,1,0,
mcr,mcr_v1,126,Extranodal natural killer/T-cell lymphoma nasal type,base_win_rank,s2_gold_low_rank,s2_hit_s3_drop,aphhm_judge_miss,1714,231,19,4,2,1.7316017316017316,0.8658008658008658,0.4329004329004329,1.2987012987012987,1.2987012987012987,1,3,52,8,0,0,0,1,0,,,,0,0.0,51.0,5.0,7.0,2.0,1.0,0.2,0,0,0,1,
mcr,mcr_v1,128,Endosalpingiosis,all_miss_but_recalled,s2_gold_low_rank,s2_hit_s3_drop,aphhm_tree_miss,1725,246,22,2,1,0.8130081300813009,0.40650406504065045,0.0,1.2195121951219512,1.2195121951219512,0,3,16,1,0,0,0,1,0,,,,0,0.0,45.0,5.0,41.0,0.0,0.0,0.0,0,0,0,0,
mcr,mcr_v2,129,biliary cystadenocarcinoma,all_miss_but_recalled,s2_gold_low_rank,s2_hit_s3_drop,na,1795,251,23,3,3,1.1952191235059761,1.1952191235059761,0.0,1.593625498007968,0.398406374501992,0,4,26,2,0,0,0,1,0,,,,0,0.0,43.0,5.0,12.0,2.0,0.0,0.0,0,0,0,0,
mcr,mcr_v2,130,Clinging carcinoma in situ,,s2_miss,s2_miss,na,2198,346,26,4,2,1.1560693641618496,0.5780346820809248,1.1560693641618498,0.5780346820809249,0.8670520231213873,4,2,26,4,0,0,0,1,0,,,,0,0.0,55.0,5.0,,19.0,2.0,0.167,0,0,0,0,
mcr,mcr_v2,131,Histiocytic necrotizing lymphadenitis,,rationale_overfit,s3_hit_s4_miss,na,1596,229,21,4,2,1.7467248908296942,0.8733624454148471,0.4366812227074236,0.4366812227074236,3.056768558951965,1,1,37,3,0,0,0,1,0,,,,0,0.0,52.0,5.0,9.0,3.0,1.0,0.0,1,1,1,1,
mcr,mcr_v2,132,Bowel-associated dermatosis-arthritis syndrome,,s2_miss,s2_miss,na,1470,200,22,4,2,2.0,1.0,1.0,0.0,3.0,2,0,46,5,0,0,0,1,0,,,,0,0.0,46.0,5.0,,20.0,1.0,0.167,0,0,0,0,
mcr,mcr_v2,133,ProstateStromalSarcoma,,s2_miss,s2_miss,na,1421,201,23,4,0,1.9900497512437811,0.0,0.9950248756218906,1.492537313432836,0.9950248756218906,2,3,22,1,0,0,0,1,0,,,,0,0.0,49.0,5.0,,0.0,0.0,0.0,1,1,1,1,
mcr,mcr_v2,134,Malakoplakia,,s2_miss,s2_miss,na,1978,267,20,2,4,0.7490636704119851,1.4981273408239701,0.0,0.0,1.1235955056179776,0,0,12,1,0,0,0,1,0,,,,0,0.0,54.0,5.0,,0.0,0.0,0.0,1,1,0,0,
mcr,mcr_v2,135,Intraductal papilloma,,s2_gold_low_rank,s2_hit_s3_drop,na,1295,183,17,0,3,0.0,1.639344262295082,0.0,1.092896174863388,1.092896174863388,0,2,21,2,0,0,0,1,0,,,,0,0.0,52.0,5.0,8.0,0.0,0.0,0.0,0,0,1,0,
mcr,mcr_v2,136,glioblastoma multiforme,,s2_miss,s2_miss,na,2500,338,26,6,3,1.7751479289940828,0.8875739644970414,0.0,0.8875739644970414,2.9585798816568047,0,3,23,2,0,0,0,1,0,,,,0,0.0,52.0,5.0,,0.0,0.0,0.0,0,0,0,0,
mcr,mcr_v2,137,Solitary fibrous tumour,,s2_miss,s2_miss,na,1806,264,25,3,0,1.1363636363636365,0.0,0.7575757575757576,0.3787878787878788,1.1363636363636365,2,1,23,3,0,0,0,1,0,,,,0,0.0,47.0,5.0,,3.0,0.0,0.0,0,0,0,0,
mcr,mcr_v2,138,appendiceal intussusception,all_miss_but_recalled,s3_why_ignored_gold,s2_hit_s3_drop,na,1952,271,21,4,6,1.4760147601476015,2.214022140221402,0.36900369003690037,0.7380073800738007,2.5830258302583027,1,2,27,2,0,0,0,1,0,,,,0,0.0,52.0,5.0,4.0,0.0,0.0,0.0,0,0,0,0,
mcr,mcr_v2,139,type 2 autoimmune pancreatitis,base_win_rank,parent_vs_subtype,s3_hit_s4_miss,na,1770,266,26,5,0,1.8796992481203008,0.0,0.0,1.1278195488721805,4.135338345864661,0,3,30,4,0,1,0,1,0,,,,0,0.0,52.0,5.0,5.0,9.0,3.0,0.2,0,0,1,1,
mcr,mcr_v2,140,Gastric adenomyoma,,s2_miss,s2_miss,na,1110,162,20,3,0,1.8518518518518516,0.0,0.0,0.6172839506172839,2.4691358024691357,0,1,18,2,0,0,0,1,0,,,,0,0.0,45.0,5.0,,20.0,2.0,0.333,0,0,0,0,
mcr,mcr_v2,141,Rhegmatogenous retinal detachment with choroidal detachment,all_miss_but_recalled,s2_near_crowd_out,s2_hit_s3_drop,na,2016,297,21,3,3,1.0101010101010102,1.0101010101010102,0.0,0.6734006734006734,2.0202020202020203,0,2,59,6,0,1,0,1,0,,,,0,0.0,52.0,5.0,3.0,11.0,1.0,0.0,0,0,0,0,
mcr,mcr_v2,142,angiosarcoma,all_miss_but_recalled,rationale_overfit,s3_hit_s4_miss,na,1377,210,19,3,5,1.4285714285714286,2.380952380952381,0.47619047619047616,0.9523809523809523,1.9047619047619047,1,2,12,1,0,0,0,1,0,,,,0,0.0,45.0,5.0,12.0,0.0,0.0,0.0,0,0,0,0,
mcr,mcr_v2,143,ANCA-associated vasculitis,,s2_miss,s2_miss,na,1514,204,24,4,0,1.9607843137254901,0.0,0.0,0.9803921568627451,3.4313725490196076,0,2,26,3,0,0,0,1,0,,,,0,0.0,51.0,5.0,,5.0,0.0,0.0,0,0,1,0,
mcr,mcr_v2,144,systemic lupus erythematosus,,ok,ok,na,2059,278,26,4,0,1.4388489208633095,0.0,0.0,0.7194244604316546,2.158273381294964,0,2,28,3,0,0,0,1,0,,,,0,0.0,50.0,5.0,1.0,1.0,0.0,1.0,0,1,1,1,
mcr,mcr_v2,145,right paraduodenal hernia,,s2_miss,s2_miss,na,1811,259,21,5,3,1.9305019305019304,1.1583011583011582,0.0,1.5444015444015444,2.3166023166023164,0,4,25,3,0,0,0,1,0,,,,0,0.0,51.0,5.0,,1.0,1.0,0.0,0,0,0,0,
mcr,mcr_v2,146,Diffuse large B cell lymphoma,,s2_miss,s2_miss,na,2001,292,25,3,3,1.0273972602739725,1.0273972602739725,0.0,1.0273972602739727,1.7123287671232876,0,3,29,5,0,0,0,1,0,,,,0,0.0,50.0,5.0,,2.0,1.0,0.0,0,0,0,0,
mcr,mcr_v2,147,angioleiomyoma,,s2_miss,s2_miss,na,1333,196,17,5,3,2.5510204081632653,1.530612244897959,0.0,2.0408163265306123,1.530612244897959,0,4,14,1,0,0,0,1,0,,,,0,0.0,49.0,5.0,,0.0,0.0,0.0,0,0,0,0,
mcr,mcr_v2,150,Intraosseous lipoma,,s2_miss,s2_miss,na,1446,212,18,2,3,0.9433962264150944,1.4150943396226416,0.0,0.0,1.4150943396226414,0,0,19,2,0,0,0,1,0,,,,0,0.0,44.0,5.0,,0.0,0.0,0.0,0,0,0,0,
mcr,mcr_v2,151,coccidioidomycosis,all_miss_but_recalled,s2_gold_low_rank,s2_hit_s3_drop,na,2301,325,25,8,4,2.4615384615384617,1.2307692307692308,0.9230769230769231,1.2307692307692308,2.1538461538461537,3,4,18,1,0,0,0,1,0,,,,0,0.0,54.0,5.0,15.0,0.0,0.0,0.0,0,0,0,0,
mcr,mcr_v2,152,Squamous cell carcinoma,base_win_rank,near_synonym_prefer,s3_hit_s4_miss,na,1039,153,16,0,0,0.0,0.0,0.0,0.0,5.228758169934641,0,0,23,3,0,0,0,1,0,,,,0,0.0,48.0,5.0,1.0,5.0,1.0,0.25,0,0,1,1,
mcr,mcr_v2,153,Pheochromocytoma,all_miss_but_recalled,s2_gold_low_rank,s2_hit_s3_drop,na,1890,254,27,4,4,1.574803149606299,1.574803149606299,0.7874015748031497,0.3937007874015748,2.3622047244094486,2,1,16,1,0,0,0,1,0,,,,0,0.0,49.0,5.0,12.0,0.0,0.0,0.0,0,0,0,0,
mcr,mcr_v2,154,Decompression sickness,,ok,ok,na,1659,238,25,3,1,1.2605042016806722,0.42016806722689076,0.0,0.42016806722689076,0.8403361344537815,0,1,22,2,0,0,0,1,0,,,,0,0.0,47.0,5.0,1.0,1.0,0.0,1.0,0,1,1,1,
mcr,mcr_v2,156,Angiomyolipoma,all_miss_but_recalled,label_drift,s3_hit_s4_miss,na,1133,172,17,2,0,1.1627906976744187,0.0,0.0,0.5813953488372093,1.1627906976744187,0,1,14,1,0,0,0,1,0,,,,0,0.0,44.0,5.0,2.0,0.0,0.0,0.0,0,0,0,0,
mcr,mcr_v2,159,endometrioid adenocarcinoma,,rationale_overfit,s3_hit_s4_miss,na,1990,271,21,6,3,2.214022140221402,1.107011070110701,1.4760147601476015,1.1070110701107012,1.1070110701107012,4,3,27,2,0,0,0,1,0,,,,0,0.0,50.0,5.0,5.0,3.0,0.0,0.0,0,0,0,0,
mcr,mcr_v2,161,EccrinePorocarcinoma,,s2_miss,s2_miss,na,1630,254,20,1,7,0.39370078740157477,2.7559055118110236,0.0,0.3937007874015748,1.5748031496062993,0,1,20,1,0,0,0,1,0,,,,0,0.0,43.0,5.0,,0.0,0.0,0.0,0,0,0,0,
mcr,mcr_v2,162,Milker's nodules,,ok,ok,na,1291,201,17,0,3,0.0,1.4925373134328357,0.0,0.0,1.492537313432836,0,0,16,2,0,0,0,1,0,,,,0,0.0,48.0,5.0,2.0,0.0,0.0,0.333,0,1,0,1,
mcr,mcr_v2,163,Acute appendicitis,all_miss_but_recalled,rationale_overfit,s3_hit_s4_miss,na,1447,218,18,5,1,2.293577981651376,0.45871559633027525,0.0,1.834862385321101,3.2110091743119265,0,4,18,2,0,0,0,1,0,,,,0,0.0,49.0,5.0,4.0,0.0,0.0,0.0,0,0,0,0,
mcr,mcr_v2,164,Primary squamous cell carcinoma of the liver,,s2_miss,s2_miss,na,2111,296,33,6,5,2.027027027027027,1.6891891891891893,0.0,1.6891891891891893,1.3513513513513513,0,5,44,7,0,0,0,1,0,,,,0,0.0,47.0,5.0,,12.0,1.0,0.0,0,0,0,0,
mcr,mcr_v2,165,Leiomyosarcoma,all_miss_but_recalled,s2_gold_low_rank,s2_hit_s3_drop,na,1601,240,25,5,1,2.083333333333333,0.4166666666666667,0.8333333333333334,1.25,0.8333333333333334,2,3,14,1,0,0,0,1,0,,,,0,0.0,49.0,5.0,9.0,0.0,0.0,0.0,0,0,0,0,
mcr,mcr_v2,166,Contrast-induced encephalopathy,base_win_recall,s2_miss,s2_miss,na,1748,255,17,2,1,0.7843137254901961,0.39215686274509803,0.0,0.7843137254901961,0.39215686274509803,0,2,31,3,0,0,0,1,0,,,,0,0.0,50.0,5.0,,5.0,3.0,0.2,0,0,1,1,
mcr,mcr_v2,167,Myofibroma,,s2_miss,s2_miss,na,1192,176,18,1,0,0.5681818181818182,0.0,0.0,0.5681818181818182,2.840909090909091,0,1,10,1,0,0,0,1,0,,,,0,0.0,50.0,5.0,,0.0,0.0,0.0,0,0,0,0,
mcr,mcr_v2,168,Paraneoplastic encephalomyelitis,,s2_miss,s2_miss,na,2782,386,34,7,1,1.8134715025906734,0.2590673575129534,0.0,1.5544041450777202,2.33160621761658,0,6,32,2,0,0,0,1,0,,,,0,0.0,50.0,5.0,,2.0,1.0,0.25,0,0,0,0,
mcr,mcr_v2,169,rheumatoid arthritis,,ok,ok,na,1852,273,27,4,0,1.465201465201465,0.0,0.0,0.7326007326007326,2.197802197802198,0,2,20,2,0,0,0,1,0,,,,0,0.0,52.0,5.0,1.0,8.0,1.0,0.667,0,1,1,1,
mcr,mcr_v2,170,T-cell lymphoblastic lymphoma,e7_win_rank,ok,ok,na,1611,229,23,8,2,3.4934497816593884,0.8733624454148471,0.0,0.8733624454148472,2.183406113537118,0,2,29,4,0,0,0,1,0,,,,0,0.0,49.0,5.0,33.0,6.0,2.0,0.667,0,1,0,0,
mcr,mcr_v2,171,mast cell leukaemia,,s2_miss,s2_miss,na,2054,276,25,5,3,1.8115942028985508,1.0869565217391304,0.0,0.7246376811594203,1.8115942028985508,0,2,19,3,0,0,0,1,0,,,,0,0.0,42.0,5.0,,2.0,0.0,0.0,0,0,0,0,
mcr,mcr_v2,172,mucormycosis,,ok,ok,na,1544,212,18,1,0,0.4716981132075472,0.0,0.4716981132075472,0.0,1.8867924528301887,1,0,12,1,0,0,0,1,0,,,,0,0.0,46.0,5.0,1.0,0.0,0.0,1.0,0,1,1,1,
mcr,mcr_v2,173,Chronic subdural hematoma,e7_win_rank,ok,ok,na,1306,196,18,2,2,1.0204081632653061,1.0204081632653061,0.0,0.5102040816326531,3.061224489795918,0,1,25,3,0,0,0,1,0,,,,0,0.0,48.0,5.0,1.0,2.0,0.0,1.0,0,1,0,0,
mcr,mcr_v2,174,autoimmune gastritis,base_win_rank,rationale_overfit,s3_hit_s4_miss,na,1675,227,24,2,0,0.881057268722467,0.0,0.44052863436123346,0.44052863436123346,0.44052863436123346,1,1,20,2,0,0,0,1,0,,,,0,0.0,51.0,5.0,1.0,9.0,2.0,0.0,0,0,1,1,
mcr,mcr_v2,175,Fibrous dysplasia,all_miss_but_recalled,rationale_overfit,s3_hit_s4_miss,na,2265,330,24,1,3,0.30303030303030304,0.9090909090909091,0.0,0.6060606060606061,0.9090909090909091,0,2,17,2,0,0,0,1,0,,,,0,0.0,45.0,5.0,2.0,3.0,0.0,0.0,0,0,0,0,
mcr,mcr_v2,177,Niemann-Pick disease type B,all_miss_but_recalled,s2_gold_low_rank,s2_hit_s3_drop,na,1536,218,18,3,2,1.3761467889908259,0.9174311926605505,0.0,0.9174311926605505,0.9174311926605505,0,2,27,5,1,0,0,1,0,,,,0,0.0,49.0,5.0,42.0,6.0,0.0,0.0,0,0,0,0,
mcr,mcr_v2,178,Malingering,all_miss_but_recalled,rationale_overfit,s3_hit_s4_miss,na,2024,266,21,0,0,0.0,0.0,0.0,0.0,1.8796992481203008,0,0,11,1,0,0,0,1,0,,,,0,0.0,51.0,5.0,17.0,0.0,0.0,0.0,0,0,0,0,
mcr,mcr_v2,179,hypoxia-induced thrombocytopenia,,s2_miss,s2_miss,na,2083,299,35,1,1,0.33444816053511706,0.33444816053511706,0.0,0.0,3.0100334448160537,0,0,32,3,0,0,0,1,0,,,,0,0.0,50.0,5.0,,16.0,2.0,0.143,0,0,0,0,
mcr,mcr_v2,182,Plasmacytoma,all_miss_but_recalled,rationale_overfit,s3_hit_s4_miss,na,1360,189,18,4,4,2.1164021164021163,2.1164021164021163,0.5291005291005291,2.6455026455026456,1.5873015873015872,1,5,12,1,0,0,0,1,0,,,,0,0.0,44.0,5.0,3.0,0.0,0.0,0.0,0,0,0,0,
mcr,mcr_v2,183,atypical femoral neck fracture,all_miss_but_recalled,s2_gold_low_rank,s2_hit_s3_drop,na,1518,228,24,1,2,0.43859649122807015,0.8771929824561403,0.0,0.43859649122807015,1.7543859649122806,0,1,30,4,0,0,0,1,0,,,,0,0.0,50.0,5.0,9.0,11.0,5.0,0.75,0,0,0,0,
mcr,mcr_v2,184,Psoriasiform drug eruption,,s2_miss,s2_miss,na,1198,165,15,0,0,0.0,0.0,0.0,0.0,1.8181818181818181,0,0,26,3,0,0,0,1,0,,,,0,0.0,49.0,5.0,,2.0,1.0,0.75,1,1,1,1,
mcr,mcr_v2,186,pyogenic spondylodiscitis,,ok,ok,na,1609,216,25,3,1,1.3888888888888888,0.4629629629629629,0.0,0.9259259259259259,2.314814814814815,0,2,25,2,0,0,0,1,0,,,,0,0.0,49.0,5.0,1.0,1.0,1.0,0.5,0,1,1,1,
mcr,mcr_v2,187,Schwannoma,all_miss_but_recalled,s2_gold_low_rank,s2_hit_s3_drop,na,628,94,13,0,0,0.0,0.0,0.0,1.0638297872340425,3.1914893617021276,0,1,10,1,0,0,0,1,0,,,,0,0.0,45.0,5.0,6.0,0.0,0.0,0.0,0,0,0,0,
mcr,mcr_v2,188,Liposarcoma,all_miss_but_recalled,rationale_overfit,s3_hit_s4_miss,na,1266,193,15,4,5,2.072538860103627,2.5906735751295336,0.0,2.0725388601036268,2.5906735751295336,0,4,11,1,0,0,0,1,0,,,,0,0.0,43.0,5.0,2.0,0.0,0.0,0.0,0,0,0,0,
mcr,mcr_v2,189,cherubism,,ok,ok,na,1368,187,15,0,7,0.0,3.7433155080213902,0.0,0.0,1.6042780748663101,0,0,9,1,0,0,0,1,0,,,,0,0.0,41.0,5.0,1.0,0.0,0.0,1.0,0,1,1,1,
mcr,mcr_v2,190,Primary signet-ring cell carcinoma of the bladder,all_miss_but_recalled,parent_vs_subtype,s3_hit_s4_miss,na,1726,248,26,2,2,0.8064516129032258,0.8064516129032258,0.0,0.0,2.0161290322580645,0,0,49,8,0,0,0,1,0,,,,0,0.0,49.0,5.0,2.0,45.0,4.0,0.25,0,0,0,0,
mcr,mcr_v2,192,Neurosyphilis,all_miss_but_recalled,s2_gold_low_rank,s2_hit_s3_drop,na,2471,363,35,6,0,1.6528925619834711,0.0,0.0,1.3774104683195592,1.6528925619834711,0,5,13,1,0,0,0,1,0,,,,0,0.0,47.0,5.0,11.0,0.0,0.0,0.0,0,0,0,0,
mcr,mcr_v2,194,Mycosis fungoides,,ok,ok,na,1363,196,17,0,1,0.0,0.5102040816326531,0.0,0.0,2.5510204081632653,0,0,17,2,0,0,0,1,0,,,,0,0.0,44.0,5.0,1.0,0.0,0.0,1.0,0,1,1,1,
mcr,mcr_v2,196,vertebral hemangioma,all_miss_but_recalled,s2_gold_low_rank,s2_hit_s3_drop,na,1776,261,18,6,2,2.2988505747126435,0.7662835249042145,0.0,2.2988505747126435,3.0651340996168583,0,6,20,2,0,0,0,1,0,,,,0,0.0,46.0,5.0,11.0,0.0,0.0,0.0,0,0,0,0,
mcr,mcr_v2,197,Pseudoseptic arthritis,base_win_rank,rationale_overfit,s3_hit_s4_miss,na,1378,203,17,5,1,2.4630541871921183,0.49261083743842365,0.9852216748768473,0.0,1.9704433497536946,2,0,22,2,0,0,0,1,0,,,,0,0.0,50.0,5.0,1.0,14.0,1.0,0.0,0,0,1,0,
mcr,mcr_v2,198,Rosette-forming glioneuronal tumor,all_miss_but_recalled,s2_gold_low_rank,s2_hit_s3_drop,na,1246,167,15,2,0,1.1976047904191618,0.0,0.0,1.1976047904191616,2.395209580838323,0,2,34,4,0,0,0,1,0,,,,0,0.0,48.0,5.0,30.0,9.0,0.0,0.0,0,0,0,0,
mcr,mcr_v2,199,bismuth encephalopathy,,s2_miss,s2_miss,na,1880,256,28,6,0,2.34375,0.0,0.0,0.78125,2.34375,0,2,22,2,0,0,0,1,0,,,,0,0.0,49.0,5.0,,4.0,1.0,0.0,0,0,0,0,
mcr,mcr_v2,200,Angiomyofibroblastoma,all_miss_but_recalled,s2_gold_low_rank,s2_hit_s3_drop,na,1537,229,22,2,3,0.8733624454148471,1.3100436681222707,0.0,0.8733624454148472,2.6200873362445414,0,2,21,1,0,0,0,1,0,,,,0,0.0,48.0,5.0,44.0,0.0,0.0,0.0,0,0,0,0,
mcr,mcr_v2,201,NeuromyelitisOptica,,s2_miss,s2_miss,na,1634,226,19,4,3,1.7699115044247788,1.3274336283185841,0.0,0.8849557522123894,1.3274336283185841,0,2,19,1,0,0,0,1,0,,,,0,0.0,45.0,5.0,,0.0,0.0,0.0,1,1,1,1,
mcr,mcr_v2,202,Mantle cell lymphoma,,s2_miss,s2_miss,na,1038,162,21,0,1,0.0,0.6172839506172839,0.0,0.0,3.7037037037037037,0,0,20,3,0,0,0,1,0,,,,0,0.0,54.0,5.0,,0.0,0.0,0.0,0,0,0,0,
mcr,mcr_v2,203,Epitheloid leiomyoma,,s2_miss,s2_miss,na,1085,172,17,0,0,0.0,0.0,0.0,0.0,2.3255813953488373,0,0,20,2,0,0,0,1,0,,,,0,0.0,47.0,5.0,,1.0,1.0,0.0,0,0,0,0,
mcr,mcr_v2,204,genital tuberculosis,,s2_miss,s2_miss,na,1768,261,23,4,1,1.532567049808429,0.38314176245210724,0.0,1.1494252873563218,1.5325670498084292,0,3,20,2,0,0,0,1,0,,,,0,0.0,49.0,5.0,,1.0,0.0,0.0,0,0,0,0,
mcr,mcr_v2,205,Cysticercosis,base_win_recall,s2_miss,s2_miss,na,1565,223,21,1,7,0.4484304932735426,3.1390134529147984,0.0,0.0,0.8968609865470852,0,0,13,1,0,0,0,1,0,,,,0,0.0,52.0,5.0,,0.0,0.0,0.0,0,0,1,1,
mcr,mcr_v2,206,sparganosis,,s2_miss,s2_miss,na,1179,192,25,0,1,0.0,0.5208333333333333,0.0,1.0416666666666667,2.6041666666666665,0,2,11,1,0,0,0,1,0,,,,0,0.0,53.0,5.0,,0.0,0.0,0.0,0,0,0,0,
mcr,mcr_v2,207,renal cell carcinoma,,s2_miss,s2_miss,na,2535,366,29,4,4,1.092896174863388,1.092896174863388,0.0,0.273224043715847,3.0054644808743167,0,1,20,3,0,0,0,1,0,,,,0,0.0,53.0,5.0,,0.0,0.0,0.0,0,0,0,0,
mcr,mcr_v2,208,Takotsubo syndrome,,s2_miss,s2_miss,na,2339,318,24,0,2,0.0,0.628930817610063,0.0,0.0,1.2578616352201257,0,0,18,2,0,0,0,1,0,,,,0,0.0,52.0,5.0,,10.0,2.0,0.333,1,1,1,1,
mcr,mcr_v2,209,melanoma,all_miss_but_recalled,s2_gold_low_rank,s2_hit_s3_drop,na,2200,312,30,10,4,3.205128205128205,1.282051282051282,0.6410256410256411,2.5641025641025643,0.9615384615384616,2,8,8,1,0,0,0,1,0,,,,0,0.0,46.0,5.0,6.0,0.0,0.0,0.0,0,0,0,0,
mcr,mcr_v2,210,Periapical actinomycosis,,s2_miss,s2_miss,na,1563,221,20,1,5,0.4524886877828055,2.262443438914027,0.0,0.9049773755656109,0.9049773755656109,0,2,24,2,0,0,0,1,0,,,,0,0.0,43.0,5.0,,1.0,0.0,0.0,0,0,0,0,
mcr,mcr_v2,211,Ewing sarcoma,base_win_rank,near_synonym_prefer,s3_hit_s4_miss,na,1406,201,17,1,1,0.4975124378109453,0.4975124378109453,0.4975124378109453,0.4975124378109453,1.492537313432836,1,1,13,2,0,0,0,1,0,,,,0,0.0,49.0,5.0,5.0,11.0,1.0,0.25,0,0,1,1,
mcr,mcr_v2,212,Neurofibromatosis type 2,base_win_recall,s2_miss,s2_miss,na,2226,308,24,6,1,1.948051948051948,0.3246753246753247,0.3246753246753247,0.974025974025974,1.948051948051948,1,3,24,3,0,1,0,1,0,,,,0,0.0,49.0,5.0,,1.0,1.0,1.0,0,0,1,0,
mcr,mcr_v2,213,morbilliform drug eruption,,s2_miss,s2_miss,na,1533,226,20,1,2,0.4424778761061947,0.8849557522123894,0.0,0.0,2.2123893805309733,0,0,26,3,0,0,0,1,0,,,,0,0.0,47.0,5.0,,3.0,1.0,0.5,0,0,1,0,
mcr,mcr_v2,214,Urticarial vasculitis,all_miss_but_recalled,rationale_overfit,s3_hit_s4_miss,na,1631,205,19,2,1,0.975609756097561,0.4878048780487805,0.0,0.4878048780487805,2.4390243902439024,0,1,21,2,0,0,0,1,0,,,,0,0.0,48.0,5.0,1.0,3.0,1.0,0.0,0,0,0,0,
mcr,mcr_v2,215,ClearCellSarcoma,,s2_miss,s2_miss,na,2017,307,30,0,2,0.0,0.6514657980456027,0.3257328990228013,0.0,1.6286644951140066,1,0,16,1,0,0,0,1,0,,,,0,0.0,52.0,5.0,,0.0,0.0,0.0,0,0,0,0,
mcr,mcr_v2,217,Herpes simplex virus reactivation,,s2_miss,s2_miss,na,1623,235,19,1,2,0.425531914893617,0.851063829787234,0.0,0.851063829787234,2.978723404255319,0,2,33,4,0,0,0,1,0,,,,0,0.0,50.0,5.0,,0.0,0.0,0.0,0,0,0,0,
mcr,mcr_v2,218,Erdheim-Chester disease,,ok,ok,na,2496,356,18,14,2,3.932584269662921,0.5617977528089888,0.5617977528089888,3.0898876404494384,1.404494382022472,2,11,23,3,1,0,0,1,0,,,,0,0.0,50.0,5.0,11.0,9.0,1.0,1.0,0,1,1,1,
mcr,mcr_v2,220,Kawasaki disease,,ok,ok,na,1594,223,26,8,2,3.587443946188341,0.8968609865470852,0.0,0.4484304932735426,1.7937219730941705,0,1,16,2,0,0,0,1,0,,,,0,0.0,55.0,5.0,1.0,5.0,0.0,1.0,0,1,1,1,
mcr,mcr_v2,221,giant cell-rich osteosarcoma,,s2_miss,s2_miss,na,2731,398,35,5,5,1.256281407035176,1.256281407035176,0.25125628140703515,0.5025125628140703,1.256281407035176,1,2,28,4,0,0,0,1,0,,,,0,0.0,50.0,5.0,,1.0,0.0,0.0,0,0,0,0,
mcr,mcr_v2,222,fibromatosis-like metaplastic carcinoma,,s2_miss,s2_miss,na,1321,197,22,3,0,1.5228426395939088,0.0,0.0,1.5228426395939085,1.5228426395939085,0,3,39,4,0,0,0,1,0,,,,0,0.0,51.0,5.0,,15.0,2.0,0.167,0,0,0,0,
mcr,mcr_v2,223,COVID-19-related coagulopathy,,s2_miss,s2_miss,na,1622,234,29,6,1,2.564102564102564,0.4273504273504274,0.0,0.8547008547008547,2.5641025641025643,0,2,29,4,0,0,0,1,0,,,,0,0.0,51.0,5.0,,0.0,0.0,0.0,0,0,0,0,
mcr,mcr_v2,224,mucosal melanoma,,ok,ok,na,1425,228,25,0,0,0.0,0.0,0.0,0.0,2.192982456140351,0,0,16,2,0,0,0,1,0,,,,0,0.0,47.0,5.0,34.0,6.0,1.0,0.5,0,1,0,1,
mcr,mcr_v2,226,Glomus tumor,all_miss_but_recalled,s2_gold_low_rank,s2_hit_s3_drop,na,1473,218,18,2,1,0.9174311926605505,0.45871559633027525,0.0,0.45871559633027525,1.834862385321101,0,1,12,2,0,0,0,1,0,,,,0,0.0,42.0,5.0,16.0,6.0,1.0,0.25,0,0,0,0,
mcr,mcr_v2,227,pulmonary embolism,base_win_rank,rationale_overfit,s3_hit_s4_miss,na,1400,203,20,1,0,0.49261083743842365,0.0,0.0,0.0,2.4630541871921183,0,0,18,2,0,0,0,1,0,,,,0,0.0,48.0,5.0,6.0,1.0,0.0,0.0,0,0,1,0,
mcr,mcr_v2,229,Idiopathic retroperitoneal fibrosis,,ok,ok,na,2025,279,26,7,3,2.5089605734767026,1.0752688172043012,0.35842293906810035,1.7921146953405018,2.150537634408602,1,5,35,3,0,0,0,1,0,,,,0,0.0,46.0,5.0,1.0,22.0,2.0,0.667,0,1,1,1,
mcr,mcr_v2,230,Mucormycosis,all_miss_but_recalled,s2_miss,s2_miss,na,1954,277,25,6,3,2.166064981949458,1.083032490974729,0.0,1.0830324909747293,1.444043321299639,0,3,12,1,0,0,0,1,0,,,,0,0.0,62.0,5.0,,0.0,0.0,0.0,0,0,0,0,
mcr,mcr_v2,231,urachal cyst,,s2_miss,s2_miss,na,1370,194,20,4,1,2.0618556701030926,0.5154639175257731,0.0,1.5463917525773196,3.0927835051546393,0,3,12,2,0,0,0,1,0,,,,0,0.0,52.0,5.0,,0.0,0.0,0.0,0,0,0,0,
mcr,mcr_v2,232,eccrine chromhidrosis,,s2_miss,s2_miss,na,1432,205,22,2,0,0.975609756097561,0.0,0.4878048780487805,0.0,3.4146341463414633,1,0,21,2,0,0,0,1,0,,,,0,0.0,52.0,5.0,,0.0,0.0,0.0,0,0,0,0,
mcr,mcr_v2,233,double-outlet right ventricle,,s2_miss,s2_miss,na,1958,281,20,0,4,0.0,1.4234875444839856,0.0,0.0,0.7117437722419929,0,0,29,4,0,0,0,1,0,,,,0,0.0,42.0,5.0,,8.0,2.0,1.0,1,1,1,0,
mcr,mcr_v2,234,SpindleCellHemangioma,,s2_miss,s2_miss,na,1026,151,21,3,0,1.9867549668874174,0.0,0.0,1.3245033112582782,1.9867549668874172,0,2,21,1,0,0,0,1,0,,,,0,0.0,48.0,5.0,,0.0,0.0,0.0,0,0,0,0,
mcr,mcr_v2,235,Nonketotic hyperglycemia hemichorea,,s2_miss,s2_miss,na,1702,256,21,8,7,3.125,2.734375,0.0,0.78125,2.734375,0,2,35,3,0,0,0,1,0,,,,0,0.0,48.0,5.0,,1.0,1.0,0.0,0,0,1,0,
mcr,mcr_v2,236,Eosinophilic mastitis,,ok,ok,na,1274,172,20,1,0,0.5813953488372093,0.0,0.5813953488372093,0.0,1.744186046511628,1,0,21,2,0,0,0,1,0,,,,0,0.0,46.0,5.0,2.0,10.0,2.0,1.0,0,1,1,1,
mcr,mcr_v2,237,Peripheral odontoma,all_miss_but_recalled,rationale_overfit,s3_hit_s4_miss,na,1145,172,15,2,4,1.1627906976744187,2.3255813953488373,0.5813953488372093,0.5813953488372093,1.1627906976744187,1,1,19,2,0,0,0,1,0,,,,0,0.0,43.0,5.0,1.0,2.0,0.0,0.0,0,0,0,0,
mcr,mcr_v2,240,IgG4-related disease,,s2_miss,s2_miss,na,1538,228,17,3,5,1.3157894736842104,2.1929824561403506,0.43859649122807015,1.7543859649122806,1.3157894736842106,1,4,20,3,0,0,0,1,0,,,,0,0.0,50.0,5.0,,3.0,0.0,0.0,0,0,0,0,
mcr,mcr_v2,241,Perianal mucinous adenocarcinoma,,ok,ok,na,1626,241,18,3,2,1.2448132780082988,0.8298755186721992,0.4149377593360996,0.8298755186721992,1.6597510373443984,1,2,32,3,0,0,0,1,0,,,,0,0.0,43.0,5.0,1.0,14.0,3.0,0.667,0,1,1,1,
mcr,mcr_v2,242,Intraventricular hemorrhage,,s2_miss,s2_miss,na,1396,186,17,4,5,2.1505376344086025,2.6881720430107525,0.0,2.150537634408602,2.150537634408602,0,4,27,2,0,0,0,1,0,,,,0,0.0,48.0,5.0,,0.0,0.0,0.0,0,0,0,0,
mcr,mcr_v2,243,spermatocytic seminoma,all_miss_but_recalled,rationale_overfit,s3_hit_s4_miss,na,1391,192,21,1,4,0.5208333333333333,2.083333333333333,0.0,1.0416666666666667,1.5625,0,2,22,2,0,0,0,1,0,,,,0,0.0,50.0,5.0,1.0,1.0,1.0,0.0,0,0,0,0,
mcr,mcr_v2,244,Hydranencephaly,,s2_miss,s2_miss,na,1272,183,21,2,3,1.092896174863388,1.639344262295082,0.0,1.092896174863388,2.73224043715847,0,2,15,1,0,0,0,1,0,,,,0,0.0,48.0,5.0,,0.0,0.0,0.0,0,0,0,0,
mcr,mcr_v2,245,ovarian cyst adenofibroma,all_miss_but_recalled,s2_miss,s2_miss,na,1550,224,23,1,2,0.4464285714285714,0.8928571428571428,0.0,0.44642857142857145,2.232142857142857,0,1,25,3,0,0,0,1,0,,,,0,0.0,47.0,5.0,,3.0,1.0,0.25,0,0,0,0,
mcr,mcr_v2,246,Liponeurocytoma,all_miss_but_recalled,s2_gold_low_rank,s2_hit_s3_drop,na,1708,234,18,3,4,1.282051282051282,1.7094017094017095,0.0,2.1367521367521367,1.2820512820512822,0,5,15,1,0,0,0,1,0,,,,0,0.0,52.0,5.0,11.0,0.0,0.0,0.0,0,0,0,0,
mcr,mcr_v2,247,Diffuse large B-cell lymphoma of the central nervous system,,s2_miss,s2_miss,na,1462,225,18,6,4,2.666666666666667,1.7777777777777777,0.4444444444444444,3.111111111111111,2.2222222222222223,1,7,59,10,0,0,0,1,0,,,,0,0.0,48.0,5.0,,3.0,1.0,0.0,0,0,0,0,
mcr,mcr_200b,249,Organizing pneumonia,base_win_recall,s2_miss,s2_miss,na,2613,362,33,7,2,1.9337016574585635,0.5524861878453038,0.5524861878453039,0.8287292817679558,1.6574585635359116,2,3,20,2,0,0,0,1,0,,,,0,0.0,54.0,5.0,,21.0,3.0,0.25,0,0,0,1,
mcr,mcr_200b,250,Toxocariasis,base_win_recall,s2_miss,s2_miss,na,2788,382,32,5,5,1.3089005235602094,1.3089005235602094,0.0,0.5235602094240838,1.3089005235602094,0,2,12,1,0,0,0,1,0,,,,0,0.0,51.0,5.0,,0.0,0.0,0.0,0,0,1,0,
mcr,mcr_200b,251,twin anemia polycythemia sequence,,s2_gold_low_rank,s2_hit_s3_drop,na,1937,283,25,5,2,1.76678445229682,0.7067137809187279,0.0,1.7667844522968197,3.5335689045936394,0,5,33,4,0,0,0,1,0,,,,0,0.0,51.0,5.0,9.0,4.0,1.0,1.0,1,1,1,1,
mcr,mcr_200b,252,Visceral leishmaniasis,,ok,ok,na,1863,277,28,3,2,1.083032490974729,0.7220216606498195,0.0,0.7220216606498195,1.444043321299639,0,2,22,2,0,0,0,1,0,,,,0,0.0,57.0,5.0,1.0,1.0,0.0,1.0,0,1,1,1,
mcr,mcr_200b,254,Intimal sarcoma of the pulmonary artery,,s2_miss,s2_miss,na,1289,192,19,2,1,1.0416666666666665,0.5208333333333333,0.0,1.5625,2.6041666666666665,0,3,39,6,0,0,0,1,0,,,,0,0.0,52.0,5.0,,39.0,5.0,0.125,0,0,0,0,
mcr,mcr_200b,257,collar button abscess,all_miss_but_recalled,rationale_overfit,s3_hit_s4_miss,na,983,163,18,1,0,0.6134969325153374,0.0,0.0,0.0,3.067484662576687,0,0,21,3,0,0,0,1,0,,,,0,0.0,48.0,5.0,5.0,0.0,0.0,0.0,0,0,0,0,
mcr,mcr_200b,258,Tuberculous hemorrhagic meningoencephalitis,,s2_miss,s2_miss,na,1507,208,17,4,1,1.9230769230769231,0.4807692307692308,0.0,1.4423076923076923,1.9230769230769231,0,3,43,3,0,0,0,1,0,,,,0,0.0,53.0,5.0,,0.0,0.0,0.0,0,0,0,0,
mcr,mcr_200b,259,Klippel-Trenaunay syndrome,,ok,ok,na,1657,246,22,1,0,0.40650406504065045,0.0,0.0,0.4065040650406504,0.8130081300813008,0,1,26,3,1,0,0,1,0,,,,0,0.0,46.0,5.0,5.0,18.0,4.0,1.0,0,1,1,1,
mcr,mcr_200b,260,syphilitic aortitis,e7_win_recall,ok,ok,na,1976,248,22,0,1,0.0,0.4032258064516129,0.0,0.0,1.6129032258064515,0,0,19,2,0,0,0,1,0,,,,0,0.0,51.0,5.0,4.0,17.0,2.0,1.0,0,1,0,0,
mcr,mcr_200b,261,Granulomatous pneumonitis,,s2_miss,s2_miss,na,2019,268,23,4,3,1.4925373134328357,1.1194029850746268,0.373134328358209,0.746268656716418,1.492537313432836,1,2,25,2,0,0,0,1,0,,,,0,0.0,49.0,5.0,,2.0,0.0,0.0,0,0,0,0,
mcr,mcr_200b,262,Schwannoma,,s2_miss,s2_miss,na,1106,145,20,1,0,0.6896551724137931,0.0,0.0,0.0,2.0689655172413794,0,0,10,1,0,0,0,1,0,,,,0,0.0,46.0,5.0,,0.0,0.0,0.0,0,0,0,0,
mcr,mcr_200b,263,sarcoidosis,,ok,ok,na,1881,258,27,5,4,1.937984496124031,1.550387596899225,0.3875968992248062,0.7751937984496124,3.10077519379845,1,2,11,1,0,0,0,1,0,,,,0,0.0,50.0,5.0,5.0,0.0,0.0,1.0,0,1,1,0,
mcr,mcr_200b,264,Benign cystic mesothelioma,,s2_miss,s2_miss,na,1673,248,27,2,3,0.8064516129032258,1.2096774193548387,0.0,1.2096774193548387,1.6129032258064515,0,3,26,3,0,0,0,1,0,,,,0,0.0,49.0,5.0,,0.0,0.0,0.0,0,0,0,0,
mcr,mcr_200b,265,Intestinal T-cell lymphoma not otherwise specified,base_win_recall,s2_miss,s2_miss,na,2375,316,28,2,1,0.6329113924050633,0.31645569620253167,0.0,0.6329113924050633,3.7974683544303796,0,2,50,7,0,0,0,1,0,,,,0,0.0,49.0,5.0,,10.0,2.0,0.0,0,0,1,1,
mcr,mcr_200b,266,Aortic Dissection,all_miss_but_recalled,s2_gold_low_rank,s2_hit_s3_drop,na,1425,200,18,4,5,2.0,2.5,0.0,1.5,2.0,0,3,17,2,0,0,0,1,0,,,,0,0.0,51.0,5.0,11.0,1.0,0.0,0.0,0,0,0,0,
mcr,mcr_200b,267,T-cell lymphoma,all_miss_but_recalled,rationale_overfit,s3_hit_s4_miss,na,1889,266,29,1,4,0.37593984962406013,1.5037593984962405,0.0,0.0,1.5037593984962405,0,0,15,3,0,0,0,1,0,,,,0,0.0,48.0,5.0,3.0,0.0,0.0,0.0,0,0,0,0,
mcr,mcr_200b,268,pustular psoriasis,all_miss_but_recalled,s3_why_ignored_gold,s2_hit_s3_drop,na,1308,171,16,1,1,0.5847953216374269,0.5847953216374269,0.0,0.0,2.3391812865497075,0,0,18,2,0,0,0,1,0,,,,0,0.0,49.0,5.0,3.0,2.0,0.0,0.0,0,0,0,0,
mcr,mcr_200b,269,Osteoid osteoma,all_miss_but_recalled,s2_gold_low_rank,s2_hit_s3_drop,na,1998,290,22,8,4,2.7586206896551726,1.3793103448275863,0.6896551724137931,1.7241379310344827,3.103448275862069,2,5,15,2,0,0,0,1,0,,,,0,0.0,51.0,5.0,24.0,0.0,0.0,0.0,0,0,0,0,
mcr,mcr_200b,270,epidermal inclusion cyst,,s2_miss,s2_miss,na,1715,262,24,3,3,1.1450381679389312,1.1450381679389312,0.3816793893129771,1.5267175572519085,1.9083969465648856,1,4,24,3,0,0,0,1,0,,,,0,0.0,53.0,5.0,,0.0,0.0,0.25,0,0,0,0,
mcr,mcr_200b,271,solid persistent facial edema,,s2_miss,s2_miss,na,1285,186,17,2,4,1.0752688172043012,2.1505376344086025,0.5376344086021505,1.075268817204301,3.225806451612903,1,2,29,4,0,0,0,1,0,,,,0,0.0,44.0,5.0,,0.0,0.0,0.0,0,0,0,0,
mcr,mcr_200b,272,sclerosing hemangioma,all_miss_but_recalled,rationale_overfit,s3_hit_s4_miss,na,1927,277,27,5,3,1.8050541516245486,1.083032490974729,0.0,1.8050541516245486,0.7220216606498195,0,5,21,2,0,0,0,1,0,,,,0,0.0,46.0,5.0,4.0,1.0,0.0,0.0,0,0,0,0,
mcr,mcr_200b,274,tricuspid valve aneurysm,,s2_miss,s2_miss,na,1598,222,19,1,0,0.45045045045045046,0.0,0.0,0.45045045045045046,0.9009009009009009,0,1,24,3,0,0,0,1,0,,,,0,0.0,42.0,5.0,,21.0,0.0,0.0,0,0,0,0,
mcr,mcr_200b,275,Ischemic colitis,all_miss_but_recalled,rationale_overfit,s3_hit_s4_miss,na,2165,306,25,4,2,1.3071895424836601,0.6535947712418301,0.6535947712418301,0.6535947712418301,1.9607843137254901,2,2,16,2,0,0,0,1,0,,,,0,0.0,47.0,5.0,4.0,27.0,3.0,0.0,0,0,0,0,
mcr,mcr_200b,276,Inflammatory cap polyp,,s2_miss,s2_miss,na,1459,217,22,3,2,1.3824884792626728,0.9216589861751152,0.0,0.4608294930875576,1.8433179723502304,0,1,22,3,0,0,0,1,0,,,,0,0.0,46.0,5.0,,4.0,1.0,0.0,0,0,0,0,
mcr,mcr_200b,277,Wilms tumor,all_miss_but_recalled,rationale_overfit,s3_hit_s4_miss,na,2127,312,24,6,4,1.9230769230769231,1.282051282051282,0.0,1.6025641025641026,1.6025641025641026,0,5,11,2,0,0,0,1,0,,,,0,0.0,44.0,5.0,3.0,5.0,0.0,0.0,0,0,0,0,
mcr,mcr_200b,278,Refeeding syndrome,,ok,ok,na,2309,341,33,2,5,0.5865102639296188,1.466275659824047,0.0,0.0,1.7595307917888563,0,0,18,2,0,0,0,1,0,,,,0,0.0,45.0,5.0,3.0,9.0,1.0,1.0,0,1,1,1,
mcr,mcr_200b,279,Leiomyosarcoma,,s2_miss,s2_miss,na,1129,174,18,0,2,0.0,1.1494252873563218,0.5747126436781609,0.0,2.8735632183908044,1,0,14,1,0,0,0,1,0,,,,0,0.0,44.0,5.0,,0.0,0.0,0.0,0,0,0,0,
mcr,mcr_200b,280,Invasive papillary carcinoma,all_miss_but_recalled,rationale_overfit,s3_hit_s4_miss,na,1795,249,21,6,2,2.4096385542168677,0.8032128514056224,0.40160642570281124,1.2048192771084338,1.2048192771084338,1,3,28,3,0,0,0,1,0,,,,0,0.0,47.0,5.0,5.0,30.0,3.0,0.0,0,0,0,0,
mcr,mcr_200b,283,dermoid cyst,,ok,ok,na,2111,302,18,3,1,0.9933774834437087,0.33112582781456956,0.0,1.3245033112582782,1.3245033112582782,0,4,12,2,0,0,0,1,0,,,,0,0.0,48.0,5.0,1.0,0.0,0.0,1.0,0,1,1,1,
mcr,mcr_200b,284,hibernoma,all_miss_but_recalled,s2_gold_low_rank,s2_hit_s3_drop,na,1519,220,19,5,3,2.272727272727273,1.3636363636363635,1.3636363636363635,0.9090909090909091,0.9090909090909091,3,2,9,1,0,0,0,1,0,,,,0,0.0,42.0,5.0,23.0,0.0,0.0,0.0,0,0,0,0,
mcr,mcr_200b,285,Pycnodysostosis,,ok,ok,na,1578,212,22,1,1,0.4716981132075472,0.4716981132075472,0.0,0.0,1.4150943396226414,0,0,15,1,0,0,0,1,0,,,,0,0.0,45.0,5.0,1.0,0.0,0.0,1.0,0,1,1,1,
mcr,mcr_200b,287,Autoimmune hepatitis,all_miss_but_recalled,parent_vs_subtype,s3_hit_s4_miss,na,1209,177,24,3,2,1.694915254237288,1.1299435028248588,0.0,1.1299435028248588,1.694915254237288,0,2,20,2,0,0,0,1,0,,,,0,0.0,51.0,5.0,1.0,14.0,2.0,0.0,0,0,0,0,
mcr,mcr_200b,288,cystic lymphangioma,,s2_miss,s2_miss,na,1610,230,23,4,4,1.7391304347826086,1.7391304347826086,0.0,1.7391304347826086,2.608695652173913,0,4,19,2,0,0,0,1,0,,,,0,0.0,50.0,5.0,,10.0,1.0,0.25,0,0,0,0,
mcr,mcr_200b,289,Takayasu arteritis,,ok,ok,na,1945,272,28,4,2,1.4705882352941175,0.7352941176470588,0.0,0.0,1.4705882352941178,0,0,18,2,0,0,0,1,0,,,,0,0.0,50.0,5.0,1.0,2.0,1.0,1.0,0,1,1,1,
mcr,mcr_200b,290,functional neurological disorder,,s2_miss,s2_miss,na,2528,366,30,4,0,1.092896174863388,0.0,0.0,1.366120218579235,2.185792349726776,0,5,32,3,0,0,0,1,0,,,,0,0.0,52.0,5.0,,1.0,0.0,0.0,0,0,0,0,
mcr,mcr_200b,291,Necrolytic acral erythema,,s2_miss,s2_miss,na,1520,218,17,2,4,0.9174311926605505,1.834862385321101,0.45871559633027525,0.0,1.3761467889908257,1,0,25,3,0,0,0,1,0,,,,0,0.0,47.0,5.0,,3.0,0.0,0.0,0,0,0,0,
mcr,mcr_200b,292,Anaplastic large-cell lymphoma,,s2_miss,s2_miss,na,1254,177,18,3,1,1.694915254237288,0.5649717514124294,0.0,0.5649717514124294,2.2598870056497176,0,1,30,4,0,0,0,1,0,,,,0,0.0,46.0,5.0,,37.0,5.0,1.0,1,1,1,0,
mcr,mcr_200b,293,Hemangiosarcoma,,s2_miss,s2_miss,na,1766,246,19,0,3,0.0,1.2195121951219512,0.8130081300813008,0.0,0.8130081300813008,2,0,15,1,0,0,0,1,0,,,,0,0.0,51.0,5.0,,0.0,0.0,0.0,0,0,0,0,
mcr,mcr_200b,294,Undifferentiated embryonal sarcoma of the liver,all_miss_but_recalled,rationale_overfit,s3_hit_s4_miss,na,1334,194,18,2,3,1.0309278350515463,1.5463917525773196,0.5154639175257731,0.5154639175257731,3.6082474226804124,1,1,47,6,0,0,0,1,0,,,,0,0.0,46.0,5.0,3.0,6.0,0.0,0.0,0,0,0,0,
mcr,mcr_200b,295,gallbladder carcinoma,,s2_miss,s2_miss,na,1994,287,23,5,3,1.7421602787456445,1.0452961672473868,0.0,1.7421602787456445,2.0905923344947737,0,5,21,2,0,0,0,1,0,,,,0,0.0,48.0,5.0,,20.0,2.0,0.333,1,1,1,1,
mcr,mcr_200b,296,Sweet’s syndrome,,s2_miss,s2_miss,na,1642,251,23,3,6,1.1952191235059761,2.3904382470119523,0.796812749003984,0.398406374501992,1.9920318725099602,2,1,16,2,0,0,0,1,0,,,,0,0.0,49.0,5.0,,7.0,1.0,1.0,1,1,1,1,
mcr,mcr_200b,297,puffy hand syndrome,,s2_miss,s2_miss,na,1750,241,24,2,0,0.8298755186721992,0.0,0.4149377593360996,0.0,4.564315352697095,1,0,19,3,0,0,0,1,0,,,,0,0.0,53.0,5.0,,6.0,1.0,0.0,0,0,0,0,
mcr,mcr_200b,298,Warthin tumor,all_miss_but_recalled,s2_near_crowd_out,s2_hit_s3_drop,na,1030,154,17,2,0,1.2987012987012987,0.0,0.0,1.2987012987012987,3.896103896103896,0,2,13,2,0,0,0,1,0,,,,0,0.0,48.0,5.0,3.0,6.0,1.0,0.0,0,0,0,0,
mcr,mcr_200b,299,Pancreatic adenocarcinoma,,s2_miss,s2_miss,na,1383,198,24,4,3,2.0202020202020203,1.5151515151515151,0.0,2.0202020202020203,1.5151515151515151,0,4,25,2,0,0,0,1,0,,,,0,0.0,51.0,5.0,,14.0,2.0,0.667,1,1,0,1,
mcr,mcr_200b,300,Perniosis,,s2_miss,s2_miss,na,1223,176,18,1,1,0.5681818181818182,0.5681818181818182,0.0,0.0,3.409090909090909,0,0,9,1,0,0,0,1,0,,,,0,0.0,49.0,5.0,,0.0,0.0,0.0,0,0,0,0,
mcr,mcr_200b,301,water reflex epilepsy,,s2_miss,s2_miss,na,2176,334,27,2,6,0.5988023952095809,1.7964071856287425,0.0,0.2994011976047904,0.8982035928143712,0,1,21,3,0,0,0,1,0,,,,0,0.0,54.0,5.0,,4.0,2.0,0.2,0,0,0,0,
mcr,mcr_200b,302,septic arthritis,all_miss_but_recalled,rationale_overfit,s3_hit_s4_miss,na,1729,266,28,4,1,1.5037593984962405,0.37593984962406013,0.0,0.37593984962406013,2.6315789473684212,0,1,16,2,0,0,0,1,0,,,,0,0.0,52.0,5.0,4.0,9.0,2.0,0.0,0,0,0,0,
mcr,mcr_200b,303,GastricSchwannoma,all_miss_but_recalled,s3_why_ignored_gold,s2_hit_s3_drop,na,2391,343,31,3,3,0.8746355685131195,0.8746355685131195,0.0,1.1661807580174928,1.1661807580174928,0,4,17,1,0,0,0,1,0,,,,0,0.0,43.0,5.0,5.0,0.0,0.0,0.0,0,0,0,0,
mcr,mcr_200b,305,amitraz poisoning,,ok,ok,na,1433,222,21,1,5,0.45045045045045046,2.2522522522522523,0.0,0.0,0.9009009009009009,0,0,17,2,0,0,0,1,0,,,,0,0.0,48.0,5.0,1.0,11.0,1.0,1.0,0,1,1,1,
mcr,mcr_200b,306,Disseminated strongyloidiasis,,s2_miss,s2_miss,na,2413,336,26,8,3,2.380952380952381,0.8928571428571428,0.2976190476190476,0.8928571428571429,2.9761904761904763,1,3,29,2,0,0,0,1,0,,,,0,0.0,56.0,5.0,,1.0,0.0,0.0,0,0,0,0,
mcr,mcr_200b,307,Leiomyoma,,s2_miss,s2_miss,na,1321,199,18,5,1,2.512562814070352,0.5025125628140703,0.0,2.512562814070352,2.0100502512562812,0,5,9,1,0,0,0,1,0,,,,0,0.0,49.0,5.0,,0.0,0.0,0.0,0,0,0,0,
mcr,mcr_200b,308,Metastatic breast carcinoma,,s2_miss,s2_miss,na,1266,180,15,1,0,0.5555555555555556,0.0,0.0,0.5555555555555556,5.0,0,1,27,3,0,0,0,1,0,,,,0,0.0,54.0,5.0,,1.0,0.0,0.0,0,0,0,0,
mcr,mcr_200b,309,Graves disease,,s2_miss,s2_miss,na,2084,318,24,1,4,0.3144654088050315,1.257861635220126,0.0,0.0,1.8867924528301887,0,0,14,2,0,0,0,1,0,,,,0,0.0,50.0,5.0,,1.0,1.0,1.0,1,1,0,1,
mcr,mcr_200b,310,ExtraskeletalMyxoidChondrosarcoma,,label_drift,s3_hit_s4_miss,na,1696,253,18,1,4,0.3952569169960474,1.5810276679841897,0.0,0.7905138339920948,1.5810276679841897,0,2,33,1,0,0,0,1,0,,,,0,0.0,47.0,5.0,2.0,0.0,0.0,0.0,0,0,0,1,
mcr,mcr_200b,311,Pulmonary syphilis,,s2_miss,s2_miss,na,2311,330,28,6,3,1.8181818181818181,0.9090909090909091,0.6060606060606061,0.6060606060606061,1.5151515151515151,2,2,18,2,0,0,0,1,0,,,,0,0.0,54.0,5.0,,1.0,0.0,0.0,0,0,0,0,
mcr,mcr_200b,312,Hepatic cystadenoma,,s2_miss,s2_miss,na,1908,274,20,3,3,1.094890510948905,1.094890510948905,0.0,1.094890510948905,1.094890510948905,0,3,19,2,0,0,0,1,0,,,,0,0.0,49.0,5.0,,10.0,1.0,0.0,0,0,0,1,
mcr,mcr_200b,313,Syphilis,,ok,ok,na,1887,295,23,1,4,0.3389830508474576,1.3559322033898304,0.0,0.0,2.0338983050847457,0,0,8,1,0,0,0,1,0,,,,0,0.0,52.0,5.0,1.0,0.0,0.0,0.5,0,1,1,1,
mcr,mcr_200b,314,invasive fungal rhinosinusitis,,s2_miss,s2_miss,na,2539,353,22,3,3,0.84985835694051,0.84985835694051,0.0,1.13314447592068,2.26628895184136,0,4,30,3,0,0,0,1,0,,,,0,0.0,54.0,5.0,,3.0,1.0,0.0,0,0,0,0,
mcr,mcr_200b,315,Large cell neuroendocrine carcinoma,all_miss_but_recalled,s2_gold_low_rank,s2_hit_s3_drop,na,2195,311,25,2,4,0.6430868167202572,1.2861736334405145,0.3215434083601286,0.3215434083601286,1.2861736334405145,1,1,35,4,0,0,0,1,0,,,,0,0.0,55.0,5.0,20.0,20.0,4.0,0.167,0,0,0,0,
mcr,mcr_200b,316,Cerebrospinal fluid hypovolemia syndrome,,s2_miss,s2_miss,na,1441,211,18,1,2,0.47393364928909953,0.9478672985781991,0.0,0.0,1.8957345971563981,0,0,40,4,0,0,0,1,0,,,,0,0.0,44.0,5.0,,17.0,2.0,0.0,0,0,0,0,
mcr,mcr_200b,317,Cryptococcal meningitis,,ok,ok,na,1488,217,20,3,0,1.3824884792626728,0.0,0.0,0.9216589861751152,2.7649769585253456,0,2,23,2,0,0,0,1,0,,,,0,0.0,47.0,5.0,1.0,1.0,0.0,1.0,0,1,1,1,
mcr,mcr_200b,318,Multiple endocrine neoplasia type 2A,,ok,ok,na,1879,272,22,2,3,0.7352941176470588,1.1029411764705883,0.0,0.36764705882352944,1.838235294117647,0,1,36,5,0,0,0,1,0,,,,0,0.0,48.0,5.0,3.0,1.0,1.0,1.0,0,1,1,1,
mcr,mcr_200b,319,Osteosarcoma,,s2_miss,s2_miss,na,1796,262,25,3,0,1.1450381679389312,0.0,0.0,0.7633587786259542,1.9083969465648856,0,2,12,1,0,0,0,1,0,,,,0,0.0,49.0,5.0,,0.0,0.0,0.0,0,0,0,0,
mcr,mcr_200b,320,May-Thurner syndrome,,ok,ok,na,2042,300,24,6,1,2.0,0.33333333333333337,0.0,1.0,3.0,0,3,20,3,1,0,0,1,0,,,,0,0.0,51.0,5.0,2.0,17.0,2.0,1.0,0,1,0,1,
mcr,mcr_200b,321,Myofibromatosis,all_miss_but_recalled,s4_hit_judge_miss,s4_hit_judge_miss,na,1817,246,22,0,1,0.0,0.40650406504065045,0.0,0.0,1.6260162601626016,0,0,15,1,0,0,0,1,0,,,,0,0.0,53.0,5.0,2.0,0.0,0.0,0.0,0,0,0,0,
mcr,mcr_200b,322,Factitious disorder,base_win_recall,s2_miss,s2_miss,na,2694,378,27,1,2,0.26455026455026454,0.5291005291005291,0.26455026455026454,0.0,1.8518518518518519,1,0,19,2,0,0,0,1,0,,,,0,0.0,51.0,5.0,,0.0,0.0,0.0,0,0,1,1,
mcr,mcr_200b,323,diffuse large B-cell lymphoma,all_miss_but_recalled,rationale_overfit,s3_hit_s4_miss,na,1714,268,17,7,2,2.6119402985074625,0.7462686567164178,0.373134328358209,0.746268656716418,1.492537313432836,1,2,29,5,0,0,0,1,0,,,,0,0.0,53.0,5.0,4.0,0.0,0.0,0.0,0,0,0,0,
mcr,mcr_200b,324,COVID-19-associated acute and transient psychotic disorder,,s2_miss,s2_miss,na,2060,308,27,5,2,1.6233766233766231,0.6493506493506493,0.0,0.6493506493506493,1.948051948051948,0,2,58,8,0,0,0,1,0,,,,0,0.0,51.0,5.0,,7.0,1.0,0.125,1,1,1,1,
mcr,mcr_200b,326,Brucellosis,,rationale_overfit,s3_hit_s4_miss,na,1965,289,25,1,2,0.34602076124567477,0.6920415224913495,0.0,0.3460207612456747,2.422145328719723,0,1,11,1,0,0,0,1,0,,,,0,0.0,52.0,5.0,3.0,0.0,0.0,0.0,0,0,0,0,
mcr,mcr_200b,327,dermatofibrosarcoma protuberans,all_miss_but_recalled,s4_hit_judge_miss,s4_hit_judge_miss,na,2144,320,27,5,5,1.5625,1.5625,0.3125,0.9375,1.5625,1,3,31,2,0,0,0,1,0,,,,0,0.0,48.0,5.0,5.0,0.0,0.0,0.5,0,0,0,0,
mcr,mcr_200b,328,Necrotizing fasciitis,,ok,ok,na,1528,226,19,6,2,2.6548672566371683,0.8849557522123894,0.0,1.7699115044247788,2.6548672566371683,0,4,21,2,0,0,0,1,0,,,,0,0.0,51.0,5.0,1.0,0.0,0.0,1.0,0,1,1,1,
mcr,mcr_200b,329,urachal cyst,base_win_rank,near_synonym_prefer,s3_hit_s4_miss,na,2490,354,26,3,5,0.847457627118644,1.4124293785310735,0.0,0.5649717514124294,2.542372881355932,0,2,12,2,0,0,0,1,0,,,,0,0.0,54.0,5.0,12.0,3.0,2.0,0.333,0,0,1,0,
mcr,mcr_200b,330,Squamous cell carcinoma,,s2_miss,s2_miss,na,2654,383,32,4,5,1.0443864229765014,1.3054830287206265,0.26109660574412535,1.566579634464752,2.349869451697128,1,6,23,3,0,0,0,1,0,,,,0,0.0,51.0,5.0,,0.0,0.0,0.0,0,0,0,0,
mcr,mcr_200b,331,tumoral calcinosis,,s2_miss,s2_miss,na,1587,244,23,2,2,0.819672131147541,0.819672131147541,0.0,1.2295081967213115,1.639344262295082,0,3,18,2,0,0,0,1,0,,,,0,0.0,46.0,5.0,,0.0,0.0,0.0,0,0,0,0,
mcr,mcr_200b,332,cesarean scar ectopic pregnancy,,ok,ok,na,1999,297,28,3,0,1.0101010101010102,0.0,0.0,1.0101010101010102,2.0202020202020203,0,3,31,4,0,0,0,1,0,,,,0,0.0,46.0,5.0,1.0,16.0,3.0,1.0,0,1,1,1,
mcr,mcr_200b,333,Pilomatrixoma,,s2_miss,s2_miss,na,1572,214,17,0,7,0.0,3.2710280373831773,0.0,0.0,1.4018691588785046,0,0,13,1,0,0,0,1,0,,,,0,0.0,50.0,5.0,,0.0,0.0,0.0,0,0,0,0,
mcr,mcr_200b,334,Posterior reversible encephalopathy syndrome,,ok,ok,na,1676,243,26,4,4,1.646090534979424,1.646090534979424,0.0,0.411522633744856,0.411522633744856,0,1,44,4,0,0,0,1,0,,,,0,0.0,48.0,5.0,2.0,16.0,3.0,0.8,0,1,1,1,
mcr,mcr_200b,335,Drug-induced lupus,,ok,ok,na,1737,233,23,3,0,1.2875536480686696,0.0,1.2875536480686696,0.4291845493562232,2.1459227467811157,3,1,18,3,0,0,0,1,0,,,,0,0.0,51.0,5.0,15.0,5.0,1.0,0.75,0,1,0,1,
mcr,mcr_200b,336,Subacute thyroiditis,,ok,ok,na,2076,313,34,4,1,1.2779552715654952,0.3194888178913738,0.0,0.6389776357827476,2.5559105431309903,0,2,20,2,0,0,0,1,0,,,,0,0.0,54.0,5.0,1.0,6.0,4.0,1.0,0,1,1,1,
mcr,mcr_200b,337,Tubo-ovarian complex torsion,,s2_miss,s2_miss,na,2101,331,26,4,4,1.2084592145015105,1.2084592145015105,0.0,0.6042296072507553,3.323262839879154,0,2,28,4,0,0,0,1,0,,,,0,0.0,50.0,5.0,,18.0,4.0,0.5,0,0,0,0,
mcr,mcr_200b,338,filariasis,,s2_miss,s2_miss,na,1851,273,19,1,1,0.3663003663003663,0.3663003663003663,0.0,0.7326007326007326,1.8315018315018314,0,2,10,1,0,0,0,1,0,,,,0,0.0,53.0,5.0,,0.0,0.0,0.0,0,0,0,0,
mcr,mcr_200b,339,lingual thyroid gland,,ok,ok,na,1673,248,17,8,3,3.225806451612903,1.2096774193548387,0.0,2.8225806451612905,1.6129032258064515,0,7,21,3,0,0,0,1,0,,,,0,0.0,48.0,5.0,1.0,17.0,1.0,1.0,0,1,1,1,
mcr,mcr_200b,340,retropharyngeal calcific tendinitis,,s2_miss,s2_miss,na,1299,190,20,4,3,2.1052631578947367,1.5789473684210527,0.0,2.1052631578947367,2.1052631578947367,0,4,35,3,0,0,0,1,0,,,,0,0.0,46.0,5.0,,9.0,3.0,0.286,1,1,1,1,
mcr,mcr_200b,341,acute motor axonal neuropathy,,s2_miss,s2_miss,na,1533,230,22,3,0,1.3043478260869565,0.0,0.0,2.1739130434782608,3.9130434782608696,0,5,29,4,0,0,0,1,0,,,,0,0.0,50.0,5.0,,14.0,1.0,0.143,0,0,0,0,
mcr,mcr_200b,342,Brown bowel syndrome,,s2_miss,s2_miss,na,1370,197,25,2,4,1.015228426395939,2.030456852791878,0.0,0.5076142131979695,5.0761421319796955,0,1,20,3,0,0,0,1,0,,,,0,0.0,45.0,5.0,,9.0,0.0,0.0,0,0,0,0,
mcr,mcr_200b,343,CardiacSarcoidosis,,s2_miss,s2_miss,na,1734,248,22,2,3,0.8064516129032258,1.2096774193548387,0.4032258064516129,0.4032258064516129,2.4193548387096775,1,1,18,1,0,0,0,1,0,,,,0,0.0,52.0,5.0,,0.0,0.0,0.0,0,0,0,0,
mcr,mcr_200b,344,sarcoidosis,base_win_rank,rationale_overfit,s3_hit_s4_miss,na,1332,185,16,2,9,1.0810810810810811,4.864864864864865,0.0,1.0810810810810811,3.7837837837837838,0,2,11,1,0,0,0,1,0,,,,0,0.0,50.0,5.0,1.0,0.0,0.0,0.0,0,0,1,1,
mcr,mcr_200b,345,Hereditary hypophosphatemic rickets with hypercalciuria,all_miss_but_recalled,near_synonym_prefer,s3_hit_s4_miss,na,1708,254,22,4,0,1.574803149606299,0.0,0.0,1.5748031496062993,0.7874015748031497,0,4,55,5,0,1,0,1,0,,,,0,0.0,49.0,5.0,4.0,6.0,2.0,0.5,0,0,0,0,
mcr,mcr_200b,346,myxoinflammatory fibroblastic sarcoma,e7_win_recall,ok,ok,na,1327,195,22,0,0,0.0,0.0,0.0,0.0,2.5641025641025643,0,0,37,3,0,0,0,1,0,,,,0,0.0,44.0,5.0,17.0,7.0,0.0,0.75,0,1,0,0,
mcr,mcr_200b,347,sellar cavernous hemangioma,,s2_miss,s2_miss,na,1941,273,19,2,3,0.7326007326007326,1.098901098901099,0.0,1.098901098901099,2.197802197802198,0,3,27,3,0,0,0,1,0,,,,0,0.0,49.0,5.0,,14.0,0.0,0.0,0,0,0,0,
mcr,mcr_200b,348,complex odontoma,,ok,ok,na,1445,201,15,1,7,0.4975124378109453,3.482587064676617,0.4975124378109453,0.0,1.9900497512437811,1,0,16,2,0,0,0,1,0,,,,0,0.0,47.0,5.0,1.0,1.0,0.0,1.0,0,1,1,1,
mcr,mcr_200b,349,phaeohyphomycosis,,s2_miss,s2_miss,na,958,152,15,0,2,0.0,1.3157894736842104,0.0,0.0,1.9736842105263157,0,0,17,1,0,0,0,1,0,,,,0,0.0,49.0,5.0,,0.0,0.0,0.0,0,0,0,0,
mcr,mcr_200b,352,mucoepidermoid carcinoma,,s2_miss,s2_miss,na,1587,238,22,4,6,1.680672268907563,2.5210084033613445,0.0,1.2605042016806722,2.100840336134454,0,3,24,2,0,0,0,1,0,,,,0,0.0,49.0,5.0,,11.0,4.0,0.25,0,0,0,0,
mcr,mcr_200b,353,squamous cell carcinoma,all_miss_but_recalled,s3_why_ignored_gold,s2_hit_s3_drop,na,1475,223,22,7,1,3.1390134529147984,0.4484304932735426,0.4484304932735426,2.242152466367713,2.690582959641256,1,5,23,3,0,0,0,1,0,,,,0,0.0,50.0,5.0,5.0,1.0,0.0,0.0,0,0,0,0,
mcr,mcr_200b,354,Posterior Nutcracker Syndrome,,s2_miss,s2_miss,na,1240,183,18,2,2,1.092896174863388,1.092896174863388,0.0,1.639344262295082,1.639344262295082,0,3,29,3,0,0,0,1,0,,,,0,0.0,50.0,5.0,,11.0,1.0,0.0,0,0,0,0,
mcr,mcr_200b,355,Dedifferentiated chondrosarcoma,all_miss_but_recalled,rationale_overfit,s3_hit_s4_miss,na,2376,334,26,4,3,1.1976047904191618,0.8982035928143712,0.0,0.8982035928143712,1.4970059880239521,0,3,31,2,0,0,0,1,0,,,,0,0.0,46.0,5.0,2.0,0.0,0.0,0.0,0,0,0,0,
mcr,mcr_200b,356,Synovial sarcoma,,s2_miss,s2_miss,na,1259,185,17,5,3,2.7027027027027026,1.6216216216216217,0.5405405405405406,1.6216216216216217,1.6216216216216217,1,3,16,2,0,0,0,1,0,,,,0,0.0,45.0,5.0,,11.0,1.0,0.0,0,0,0,0,
mcr,mcr_200b,357,melanocytoma,,s2_miss,s2_miss,na,1442,199,21,3,0,1.507537688442211,0.0,0.5025125628140703,1.5075376884422111,2.512562814070352,1,3,12,1,0,0,0,1,0,,,,0,0.0,46.0,5.0,,0.0,0.0,0.0,0,0,0,0,
mcr,mcr_200b,358,Foreign body granuloma,all_miss_but_recalled,s2_gold_low_rank,s2_hit_s3_drop,na,2270,311,23,3,6,0.964630225080386,1.929260450160772,0.0,1.2861736334405145,1.607717041800643,0,4,22,3,0,0,0,1,0,,,,0,0.0,51.0,5.0,40.0,0.0,0.0,0.0,0,0,0,0,
mcr,mcr_200b,359,basal cell carcinoma,all_miss_but_recalled,s2_gold_low_rank,s2_hit_s3_drop,na,1517,217,20,1,2,0.4608294930875576,0.9216589861751152,0.4608294930875576,0.4608294930875576,2.7649769585253456,1,1,20,3,0,0,0,1,0,,,,0,0.0,46.0,5.0,13.0,4.0,1.0,0.5,0,0,0,0,
mcr,mcr_200b,361,Anaplastic thyroid carcinoma,all_miss_but_recalled,near_synonym_prefer,s3_hit_s4_miss,na,2204,314,21,6,1,1.910828025477707,0.3184713375796179,0.0,1.910828025477707,1.5923566878980893,0,6,28,3,0,0,0,1,0,,,,0,0.0,52.0,5.0,12.0,16.0,3.0,0.167,0,0,0,0,
mcr,mcr_200b,362,Cryptococcal osteomyelitis,all_miss_but_recalled,s2_miss,s2_miss,na,1466,205,16,3,1,1.4634146341463417,0.4878048780487805,0.0,0.975609756097561,2.926829268292683,0,2,26,2,0,0,0,1,0,,,,0,0.0,51.0,5.0,,21.0,4.0,0.333,0,0,0,0,
mcr,mcr_200b,363,Symmetrical peripheral gangrene,,s2_miss,s2_miss,na,1767,261,25,3,0,1.1494252873563218,0.0,0.0,0.0,1.1494252873563218,0,0,31,3,0,0,0,1,0,,,,0,0.0,51.0,5.0,,1.0,0.0,0.0,0,0,0,0,
mcr,mcr_200b,364,acute interstitial nephritis,base_win_rank,rationale_overfit,s3_hit_s4_miss,na,1521,213,31,6,2,2.8169014084507045,0.9389671361502347,0.4694835680751174,0.9389671361502347,2.816901408450704,1,2,28,3,0,0,0,1,0,,,,0,0.0,47.0,5.0,13.0,1.0,0.0,0.0,0,0,1,0,
mcr,mcr_200b,365,thyroglossal duct cyst,e7_win_recall,ok,ok,na,1964,298,27,2,6,0.6711409395973155,2.013422818791946,0.0,0.33557046979865773,1.342281879194631,0,1,22,3,0,0,0,1,0,,,,0,0.0,45.0,5.0,1.0,0.0,0.0,1.0,0,1,0,0,
mcr,mcr_200b,367,Cicatricial conjunctivitis,base_win_recall,s2_miss,s2_miss,na,2504,362,36,0,0,0.0,0.0,0.0,0.0,1.6574585635359116,0,0,26,2,0,0,0,1,0,,,,0,0.0,51.0,5.0,,4.0,1.0,0.0,0,0,1,1,
mcr,mcr_200b,368,LeukemiaCutis,,s2_miss,s2_miss,na,1429,208,20,2,3,0.9615384615384616,1.4423076923076923,0.4807692307692308,0.0,4.326923076923077,1,0,13,1,0,0,0,1,0,,,,0,0.0,48.0,5.0,,0.0,0.0,0.0,0,0,0,0,
mcr,mcr_200b,369,Bilateral adrenal hemorrhage,all_miss_but_recalled,s4_hit_judge_miss,s4_hit_judge_miss,na,1558,226,18,3,0,1.3274336283185841,0.0,0.0,1.3274336283185841,2.6548672566371683,0,3,28,3,0,0,0,1,0,,,,0,0.0,48.0,5.0,2.0,6.0,1.0,0.667,0,0,0,0,
mcr,mcr_200b,370,osteochondroma,,ok,ok,na,1160,180,17,1,8,0.5555555555555556,4.444444444444445,0.0,0.5555555555555556,1.1111111111111112,0,1,14,1,0,0,0,1,0,,,,0,0.0,54.0,5.0,1.0,0.0,0.0,1.0,0,1,1,1,
mcr,mcr_200b,371,Brucellosis,,s2_miss,s2_miss,na,1433,206,18,4,3,1.9417475728155338,1.4563106796116505,0.0,0.4854368932038835,1.941747572815534,0,1,11,1,0,0,0,1,0,,,,0,0.0,50.0,5.0,,0.0,0.0,0.0,0,0,0,0,
mcr,mcr_200b,372,Sporotrichosis,all_miss_but_recalled,s2_gold_low_rank,s2_hit_s3_drop,na,1194,173,17,0,5,0.0,2.8901734104046244,0.0,0.0,2.8901734104046244,0,0,14,1,0,0,0,1,0,,,,0,0.0,50.0,5.0,15.0,0.0,0.0,0.0,0,0,0,0,
mcr,mcr_200b,373,amyloidosis,,ok,ok,na,1545,212,16,0,2,0.0,0.9433962264150944,0.0,0.0,2.358490566037736,0,0,11,1,0,0,0,1,0,,,,0,0.0,47.0,5.0,3.0,0.0,0.0,0.5,0,1,1,0,
mcr,mcr_200b,374,cryptogenic organizing pneumonia,e7_win_recall,ok,ok,na,1283,190,21,5,2,2.631578947368421,1.0526315789473684,0.5263157894736842,1.5789473684210527,2.6315789473684212,1,3,32,3,0,0,0,1,0,,,,0,0.0,53.0,5.0,15.0,8.0,0.0,0.667,0,1,0,0,
mcr,mcr_200b,375,gliomatosis cerebri,,s2_miss,s2_miss,na,1694,229,19,3,3,1.3100436681222707,1.3100436681222707,0.0,1.3100436681222707,4.366812227074236,0,3,19,2,0,0,0,1,0,,,,0,0.0,45.0,5.0,,0.0,0.0,0.0,0,0,0,0,
mcr,mcr_200b,376,Sacrococcygeal teratoma,,s2_miss,s2_miss,na,2219,334,30,4,1,1.1976047904191618,0.29940119760479045,0.2994011976047904,1.1976047904191616,1.4970059880239521,1,4,23,2,0,0,0,1,0,,,,0,0.0,43.0,5.0,,2.0,2.0,0.333,1,1,1,1,
mcr,mcr_200b,377,hemorrhagic synovial cyst,,s2_miss,s2_miss,na,1760,261,18,0,1,0.0,0.38314176245210724,0.0,0.7662835249042146,2.2988505747126435,0,2,25,3,0,0,0,1,0,,,,0,0.0,49.0,5.0,,0.0,0.0,0.0,0,0,0,0,
mcr,mcr_200b,378,Visual conversion disorder,,ok,ok,na,1752,255,18,0,4,0.0,1.5686274509803921,0.0,0.7843137254901961,1.9607843137254901,0,2,26,3,0,0,0,1,0,,,,0,0.0,48.0,5.0,11.0,7.0,0.0,0.667,0,1,1,1,
mcr,mcr_200b,379,Hemangiopericytoma,,s2_miss,s2_miss,na,1527,226,22,3,7,1.3274336283185841,3.0973451327433628,0.0,1.3274336283185841,0.8849557522123894,0,3,18,1,0,0,0,1,0,,,,0,0.0,45.0,5.0,,0.0,0.0,0.0,0,0,0,0,
mcr,mcr_200b,381,lipoma,base_win_rank,rationale_overfit,s3_hit_s4_miss,na,1452,204,20,1,0,0.49019607843137253,0.0,0.49019607843137253,0.9803921568627451,2.450980392156863,1,2,6,1,0,0,0,1,0,,,,0,0.0,48.0,5.0,1.0,0.0,0.0,0.0,0,0,1,1,
mcr,mcr_200b,382,Brown-McLean syndrome,,s2_miss,s2_miss,na,1699,254,20,0,5,0.0,1.968503937007874,0.0,0.3937007874015748,1.968503937007874,0,1,21,3,0,0,0,1,0,,,,0,0.0,47.0,5.0,,12.0,1.0,0.0,0,0,0,0,
mcr,mcr_200b,383,Idiopathic granulomatous mastitis,all_miss_but_recalled,rationale_overfit,s3_hit_s4_miss,na,1528,229,23,1,5,0.43668122270742354,2.1834061135371177,0.0,0.4366812227074236,3.056768558951965,0,1,33,3,0,0,0,1,0,,,,0,0.0,49.0,5.0,3.0,8.0,1.0,0.0,0,0,0,0,
mcr,mcr_200b,384,juvenile ossifying fibroma,all_miss_but_recalled,rationale_overfit,s3_hit_s4_miss,na,2612,373,28,5,4,1.3404825737265416,1.0723860589812333,0.2680965147453083,0.8042895442359249,1.3404825737265416,1,3,26,3,0,0,0,1,0,,,,0,0.0,48.0,5.0,3.0,2.0,0.0,0.0,0,0,0,0,
mcr,mcr_200b,385,olaparib-induced purpuric drug eruption,,s2_miss,s2_miss,na,1028,150,18,2,0,1.3333333333333335,0.0,0.0,0.0,4.666666666666667,0,0,39,5,0,0,0,1,0,,,,0,0.0,48.0,5.0,,3.0,2.0,0.333,0,0,0,0,
mcr,mcr_200b,386,chondrosarcoma,,ok,ok,na,1280,179,19,4,0,2.2346368715083798,0.0,0.0,2.2346368715083798,2.793296089385475,0,4,14,1,0,0,0,1,0,,,,0,0.0,50.0,5.0,1.0,0.0,0.0,0.5,0,1,0,1,
mcr,mcr_200b,387,Langerhans cell histiocytosis,all_miss_but_recalled,rationale_overfit,s3_hit_s4_miss,na,1819,263,22,3,0,1.1406844106463878,0.0,0.0,1.1406844106463878,2.661596958174905,0,3,29,3,0,0,0,1,0,,,,0,0.0,50.0,5.0,2.0,1.0,0.0,0.0,0,0,0,0,
mcr,mcr_200b,388,ClearCellMeningioma,all_miss_but_recalled,parent_vs_subtype,s3_hit_s4_miss,na,1431,210,17,4,3,1.9047619047619049,1.4285714285714286,0.0,2.857142857142857,0.9523809523809523,0,6,19,1,0,0,0,1,0,,,,0,0.0,50.0,5.0,2.0,0.0,0.0,0.0,0,0,0,0,
mcr,mcr_200b,389,Fusarium pneumonia,,s2_miss,s2_miss,na,2491,329,29,5,6,1.5197568389057752,1.82370820668693,0.303951367781155,0.9118541033434651,2.43161094224924,1,3,18,2,0,0,0,1,0,,,,0,0.0,52.0,5.0,,3.0,0.0,0.0,0,0,0,0,
mcr,mcr_200b,390,Intraductal carcinoma,,s2_miss,s2_miss,na,1623,229,17,2,4,0.8733624454148471,1.7467248908296942,0.0,0.8733624454148472,1.7467248908296944,0,2,21,2,0,0,0,1,0,,,,0,0.0,45.0,5.0,,14.0,3.0,0.333,0,0,0,0,
mcr,mcr_200b,391,foreign body granuloma,,s2_miss,s2_miss,na,1637,240,18,1,5,0.4166666666666667,2.083333333333333,0.0,0.4166666666666667,3.75,0,1,22,3,0,0,0,1,0,,,,0,0.0,45.0,5.0,,1.0,0.0,0.0,0,0,0,0,
mcr,mcr_200b,392,Pial arteriovenous fistula,,s2_miss,s2_miss,na,1241,183,18,3,3,1.639344262295082,1.639344262295082,0.0,1.092896174863388,4.371584699453552,0,2,26,3,0,0,0,1,0,,,,0,0.0,49.0,5.0,,2.0,1.0,0.25,0,0,0,0,
mcr,mcr_200b,393,mucormycosis,all_miss_but_recalled,s2_gold_low_rank,s2_hit_s3_drop,na,1817,255,23,1,6,0.39215686274509803,2.3529411764705883,0.0,0.39215686274509803,1.5686274509803921,0,1,12,1,0,0,0,1,0,,,,0,0.0,53.0,5.0,30.0,0.0,0.0,0.0,0,0,0,0,
mcr,mcr_200b,394,Isolated ACTH deficiency,,s2_miss,s2_miss,na,2230,331,29,6,2,1.812688821752266,0.6042296072507553,0.0,0.6042296072507553,2.416918429003021,0,2,24,3,0,0,0,1,0,,,,0,0.0,51.0,5.0,,0.0,0.0,0.0,0,0,0,0,
mcr,mcr_200b,395,Kummell disease,base_win_rank,rationale_overfit,s3_hit_s4_miss,na,1417,214,20,2,0,0.9345794392523363,0.0,0.0,0.4672897196261682,2.803738317757009,0,1,15,2,0,0,0,1,0,,,,0,0.0,49.0,5.0,6.0,7.0,0.0,0.0,0,0,1,0,
mcr,mcr_200b,396,rheumatoid arthritis,,ok,ok,na,2768,418,26,4,2,0.9569377990430622,0.4784688995215311,0.0,0.23923444976076555,1.4354066985645932,0,1,20,2,0,0,0,1,0,,,,0,0.0,50.0,5.0,1.0,4.0,1.0,1.0,0,1,1,1,
mcr,mcr_200b,397,Cancer associated microangiopathic hemolytic anemia,e7_win_recall,near_synonym_prefer,s3_hit_s4_miss,na,1550,241,29,2,1,0.8298755186721992,0.4149377593360996,0.0,0.0,1.2448132780082988,0,0,51,5,0,0,0,1,0,,,,0,0.0,52.0,5.0,16.0,20.0,2.0,0.25,1,1,0,0,
mcr,mcr_200b,399,FournierGangrene,,s2_miss,s2_miss,na,1001,144,17,0,0,0.0,0.0,0.0,0.0,2.7777777777777777,0,0,16,1,0,0,0,1,0,,,,0,0.0,51.0,5.0,,0.0,0.0,0.0,0,0,0,0,
mcr,mcr_200b,401,Chronic invasive fungal rhinosinusitis,,s2_miss,s2_miss,na,2362,320,22,7,1,2.1875,0.3125,0.3125,0.625,3.4375,1,2,38,4,0,0,0,1,0,,,,0,0.0,55.0,5.0,,1.0,0.0,0.0,0,0,1,0,
mcr,mcr_200b,402,Primary pleuropulmonary synovial sarcoma,all_miss_but_recalled,s2_gold_low_rank,s2_hit_s3_drop,na,1614,229,17,4,7,1.7467248908296942,3.056768558951965,0.4366812227074236,1.3100436681222707,2.6200873362445414,1,3,40,4,0,0,0,1,0,,,,0,0.0,49.0,5.0,11.0,8.0,0.0,0.0,0,0,0,0,
mcr,mcr_200b,403,Primary angiitis of the central nervous system,all_miss_but_recalled,s2_gold_low_rank,s2_hit_s3_drop,na,2898,401,28,7,4,1.7456359102244388,0.997506234413965,0.0,1.4962593516209477,1.9950124688279303,0,6,46,7,0,0,0,1,0,,,,0,0.0,48.0,5.0,22.0,3.0,1.0,0.0,0,0,0,0,
mcr,mcr_200b,405,Synovial sarcoma,,s2_miss,s2_miss,na,1958,266,31,4,0,1.5037593984962405,0.0,0.0,1.1278195488721805,1.8796992481203008,0,3,16,2,0,0,0,1,0,,,,0,0.0,57.0,5.0,,0.0,0.0,0.0,0,0,0,0,
mcr,mcr_200b,406,Sturge-Weber syndrome,,ok,ok,na,1814,272,25,1,4,0.3676470588235294,1.4705882352941175,0.0,0.36764705882352944,0.36764705882352944,0,1,21,3,1,0,0,1,0,,,,0,0.0,48.0,5.0,1.0,8.0,0.0,1.0,0,1,1,1,
mcr,mcr_200b,407,Adrenal myelolipoma,,ok,ok,na,2167,315,27,5,4,1.5873015873015872,1.2698412698412698,0.0,0.9523809523809523,2.5396825396825395,0,3,19,2,0,0,0,1,0,,,,0,0.0,52.0,5.0,1.0,1.0,0.0,1.0,0,1,1,1,
mcr,mcr_200b,408,sebaceous carcinoma,all_miss_but_recalled,s2_gold_low_rank,s2_hit_s3_drop,na,1284,181,17,1,3,0.5524861878453038,1.6574585635359116,0.5524861878453039,0.0,1.1049723756906078,1,0,19,2,0,0,0,1,0,,,,0,0.0,43.0,5.0,23.0,23.0,2.0,0.0,0,0,0,0,
mcr,mcr_200b,409,Chronic necrotizing pancreatitis,,s2_miss,s2_miss,na,2615,391,32,8,0,2.0460358056265986,0.0,0.0,0.5115089514066496,4.092071611253197,0,2,32,3,0,0,0,1,0,,,,0,0.0,49.0,5.0,,0.0,0.0,0.0,0,0,0,0,
mcr,mcr_200b,410,Intraductal papillary neoplasm of the bile duct,,ok,ok,na,2493,362,30,7,2,1.9337016574585635,0.5524861878453038,0.5524861878453039,1.1049723756906078,1.3812154696132597,2,4,47,7,0,0,0,1,0,,,,0,0.0,48.0,5.0,22.0,5.0,2.0,1.0,0,1,1,1,
mcr,mcr_200b,411,PlexiformSchwannoma,,label_drift,s3_hit_s4_miss,na,1997,287,24,0,2,0.0,0.6968641114982579,0.0,1.0452961672473868,1.7421602787456445,0,3,19,1,0,0,0,1,0,,,,0,0.0,51.0,5.0,4.0,0.0,0.0,0.0,1,1,1,1,
mcr,mcr_200b,412,External cervical resorption,e7_win_rank,ok,ok,na,1755,246,20,0,1,0.0,0.40650406504065045,0.0,0.0,1.2195121951219512,0,0,28,3,0,0,0,1,0,,,,0,0.0,54.0,5.0,1.0,1.0,1.0,1.0,0,1,0,0,
mcr,mcr_200b,413,schwannoma,,s2_miss,s2_miss,na,1635,233,17,2,0,0.8583690987124464,0.0,0.0,0.8583690987124464,1.2875536480686696,0,2,10,1,0,0,0,1,0,,,,0,0.0,50.0,5.0,,0.0,0.0,0.0,0,0,0,0,
mcr,mcr_200b,414,Primary spontaneous pneumothorax,,s2_miss,s2_miss,na,1774,265,21,3,5,1.1320754716981132,1.8867924528301887,0.0,0.7547169811320755,2.2641509433962264,0,2,32,3,0,0,0,1,0,,,,0,0.0,49.0,5.0,,1.0,0.0,0.0,0,0,0,0,
mcr,mcr_200b,415,Schwannoma,,s2_miss,s2_miss,na,1408,199,21,4,0,2.0100502512562812,0.0,0.0,2.512562814070352,2.0100502512562812,0,5,10,1,0,0,0,1,0,,,,0,0.0,49.0,5.0,,0.0,0.0,0.0,0,0,0,0,
mcr,mcr_200b,416,Schistosomiasis,,ok,ok,na,1484,217,15,1,5,0.4608294930875576,2.3041474654377883,0.0,0.9216589861751152,4.147465437788019,0,2,15,1,0,0,0,1,0,,,,0,0.0,49.0,5.0,6.0,0.0,0.0,1.0,0,1,1,1,
mcr,mcr_200b,418,Sarcoidosis,,ok,ok,na,2239,321,29,2,1,0.6230529595015576,0.3115264797507788,0.0,0.9345794392523364,0.9345794392523364,0,3,11,1,0,0,0,1,0,,,,0,0.0,52.0,5.0,9.0,0.0,0.0,0.5,0,1,1,0,
mcr,mcr_200b,419,Inflammatory pseudotumor-like follicular dendritic cell sarcoma,,s2_miss,s2_miss,na,1236,168,18,2,0,1.1904761904761905,0.0,0.0,1.1904761904761905,2.9761904761904763,0,2,63,7,0,0,0,1,0,,,,0,0.0,53.0,5.0,,1.0,0.0,0.0,0,0,0,0,
mcr,mcr_200b,420,Osteochondroma,,s2_miss,s2_miss,na,1755,254,20,4,3,1.574803149606299,1.1811023622047243,0.0,2.3622047244094486,1.5748031496062993,0,6,14,1,0,0,0,1,0,,,,0,0.0,49.0,5.0,,0.0,0.0,0.0,0,0,0,0,
mcr,mcr_200b,423,schwannoma,all_miss_but_recalled,s2_gold_low_rank,s2_hit_s3_drop,na,1308,188,19,9,1,4.787234042553192,0.5319148936170213,0.5319148936170213,4.787234042553192,2.127659574468085,1,9,10,1,0,0,0,1,0,,,,0,0.0,48.0,5.0,19.0,0.0,0.0,0.0,0,0,0,0,
mcr,mcr_200b,424,Nonbacterial thrombotic endocarditis,all_miss_but_recalled,s2_miss,s2_miss,na,2312,319,31,7,3,2.19435736677116,0.9404388714733543,0.0,0.9404388714733543,2.19435736677116,0,3,36,3,0,0,0,1,0,,,,0,0.0,50.0,5.0,,2.0,1.0,0.0,0,0,0,0,
mcr,mcr_200b,426,cystoid macular oedema,,s2_miss,s2_miss,na,1390,200,21,1,0,0.5,0.0,0.0,0.5,4.5,0,1,22,3,0,0,0,1,0,,,,0,0.0,49.0,5.0,,6.0,2.0,0.5,1,1,1,1,
mcr,mcr_200b,428,Hairy cell leukemia,,s2_miss,s2_miss,na,2430,338,31,3,3,0.8875739644970414,0.8875739644970414,0.2958579881656805,0.0,2.366863905325444,1,0,19,3,0,0,0,1,0,,,,0,0.0,57.0,5.0,,1.0,0.0,0.0,0,0,0,0,
mcr,mcr_200b,430,Atrial tachycardia,all_miss_but_recalled,near_synonym_prefer,s3_hit_s4_miss,na,1519,227,16,0,0,0.0,0.0,0.0,0.0,1.3215859030837005,0,0,18,2,0,0,0,1,0,,,,0,0.0,39.0,5.0,5.0,27.0,3.0,0.2,0,0,0,0,
mcr,mcr_200b,431,congenital cytomegalovirus infection,all_miss_but_recalled,rationale_overfit,s3_hit_s4_miss,na,2099,312,23,6,1,1.9230769230769231,0.3205128205128205,0.0,1.6025641025641026,2.5641025641025643,0,5,36,3,0,0,0,1,0,,,,0,0.0,52.0,5.0,8.0,11.0,1.0,0.0,0,0,0,0,
mcr,mcr_200b,432,Rapidly involuting congenital hemangioma,,ok,ok,na,1586,251,21,1,3,0.398406374501992,1.1952191235059761,0.398406374501992,0.0,1.1952191235059761,1,0,40,4,0,0,0,1,0,,,,0,0.0,46.0,5.0,1.0,5.0,1.0,1.0,0,1,1,1,
mcr,mcr_200b,434,multifocal diverticulitis,all_miss_but_recalled,rationale_overfit,s3_hit_s4_miss,na,1731,243,26,7,0,2.880658436213992,0.0,0.0,1.2345679012345678,2.4691358024691357,0,3,25,2,0,0,0,1,0,,,,0,0.0,52.0,5.0,4.0,0.0,0.0,0.0,0,0,0,0,
mcr,mcr_200b,435,cryptococcoma,,s2_miss,s2_miss,na,1523,225,21,2,1,0.8888888888888888,0.4444444444444444,0.0,0.8888888888888888,3.111111111111111,0,2,13,1,0,0,0,1,0,,,,0,0.0,51.0,5.0,,0.0,0.0,0.0,0,0,0,0,
mcr,mcr_200b,436,Renal artery aneurysm,all_miss_but_recalled,near_synonym_prefer,s3_hit_s4_miss,na,1966,281,23,6,3,2.135231316725979,1.0676156583629894,0.0,1.0676156583629892,3.202846975088968,0,3,21,3,0,0,0,1,0,,,,0,0.0,47.0,5.0,3.0,30.0,2.0,0.2,0,0,0,0,
mcr,mcr_200b,437,Hepatopulmonary syndrome,,s2_miss,s2_miss,na,2686,365,21,3,1,0.821917808219178,0.273972602739726,0.0,0.821917808219178,1.095890410958904,0,3,24,2,0,0,0,1,0,,,,0,0.0,51.0,5.0,,6.0,0.0,0.0,0,0,0,0,
mcr,mcr_200b,438,chemotherapy induced sclerosing cholangitis,,s2_miss,s2_miss,na,1952,281,18,5,1,1.7793594306049825,0.3558718861209964,1.4234875444839858,0.35587188612099646,2.8469750889679717,4,1,43,4,0,0,0,1,0,,,,0,0.0,46.0,5.0,,20.0,4.0,0.333,1,1,0,1,
mcr,mcr_200b,441,Dengue encephalitis,,ok,ok,na,1517,218,21,3,1,1.3761467889908259,0.45871559633027525,0.0,0.9174311926605505,1.834862385321101,0,2,19,2,0,0,0,1,0,,,,0,0.0,51.0,5.0,4.0,9.0,3.0,1.0,0,1,1,1,
mcr,mcr_200b,442,Topical corticosteroid withdrawal,,s2_miss,s2_miss,na,1873,294,22,0,4,0.0,1.3605442176870748,0.0,0.0,3.401360544217687,0,0,33,3,0,0,0,1,0,,,,0,0.0,50.0,5.0,,0.0,0.0,0.0,0,0,0,1,
mcr,mcr_200b,443,Thymoma,all_miss_but_recalled,s2_gold_low_rank,s2_hit_s3_drop,na,1494,222,16,4,8,1.8018018018018018,3.6036036036036037,0.45045045045045046,1.3513513513513513,1.3513513513513513,1,3,7,1,0,0,0,1,0,,,,0,0.0,47.0,5.0,33.0,0.0,0.0,0.0,0,0,0,0,
mcr,mcr_200b,444,Langerhans cell histiocytosis,,ok,ok,na,1594,225,17,1,2,0.4444444444444444,0.8888888888888888,0.4444444444444444,0.0,2.2222222222222223,1,0,29,3,0,0,0,1,0,,,,0,0.0,47.0,5.0,1.0,2.0,1.0,1.0,0,1,1,1,
mcr,mcr_200b,445,Actinomycosis,,s2_miss,s2_miss,na,1501,213,15,0,4,0.0,1.8779342723004695,0.0,0.0,2.816901408450704,0,0,13,1,0,0,0,1,0,,,,0,0.0,49.0,5.0,,0.0,0.0,0.0,0,0,0,0,
mcr,mcr_200b,448,thrombotic thrombocytopenic purpura,,ok,ok,na,2299,343,34,8,1,2.3323615160349855,0.2915451895043732,0.2915451895043732,0.5830903790087464,2.3323615160349855,1,2,35,3,0,0,0,1,0,,,,0,0.0,59.0,5.0,1.0,3.0,1.0,1.0,0,1,1,1,
mcr,mcr_200b,450,lupus pneumonitis,,s2_miss,s2_miss,na,2011,288,23,2,3,0.6944444444444444,1.0416666666666665,0.0,1.0416666666666667,4.513888888888889,0,3,17,2,0,0,0,1,0,,,,0,0.0,51.0,5.0,,2.0,1.0,0.333,0,0,0,0,
mcr,mcr_200b,451,Spontaneous pneumoperitoneum,,near_synonym_prefer,s3_hit_s4_miss,na,1572,210,22,3,1,1.4285714285714286,0.4761904761904762,0.0,2.380952380952381,1.4285714285714286,0,5,28,2,0,0,0,1,0,,,,0,0.0,43.0,5.0,1.0,2.0,1.0,0.333,0,0,1,1,
mcr,mcr_200b,452,fibroadenoma,,s2_miss,s2_miss,na,1599,250,18,0,4,0.0,1.6,0.4,0.0,1.2,1,0,12,1,0,0,0,1,0,,,,0,0.0,50.0,5.0,,0.0,0.0,0.0,0,0,0,0,
mcr,mcr_200b,453,osteoblastoma,,s2_miss,s2_miss,na,972,143,15,1,1,0.6993006993006993,0.6993006993006993,0.0,0.6993006993006993,1.3986013986013985,0,1,13,1,0,0,0,1,0,,,,0,0.0,49.0,5.0,,0.0,0.0,0.0,0,0,0,0,
mcr,mcr_200b,454,Gastrointestinal stromal tumor,,ok,ok,na,1435,207,21,3,1,1.4492753623188406,0.4830917874396135,0.0,1.932367149758454,2.4154589371980677,0,4,30,3,0,0,0,1,0,,,,0,0.0,43.0,5.0,1.0,5.0,2.0,0.75,0,1,1,1,
mcr,mcr_200b,455,uterine inversion,,s2_miss,s2_miss,na,2381,339,24,4,4,1.1799410029498525,1.1799410029498525,0.0,1.1799410029498525,2.6548672566371683,0,4,17,2,0,0,0,1,0,,,,0,0.0,48.0,5.0,,4.0,1.0,0.0,0,0,0,0,
mcr,mcr_200b,456,Ureteroarterial fistula,base_win_recall,s2_miss,s2_miss,na,2112,303,25,4,4,1.3201320132013201,1.3201320132013201,0.0,1.3201320132013201,0.9900990099009901,0,4,23,2,0,0,0,1,0,,,,0,0.0,48.0,5.0,,3.0,2.0,0.0,0,0,1,0,
mcr,mcr_200b,457,Ewing sarcoma,,s2_miss,s2_miss,na,1667,242,20,2,4,0.8264462809917356,1.6528925619834711,0.0,1.2396694214876034,2.8925619834710745,0,3,13,2,0,0,0,1,0,,,,0,0.0,45.0,5.0,,4.0,0.0,0.0,0,0,0,0,
mcr,mcr_200b,458,Lymphangioleiomyomatosis,base_win_rank,rationale_overfit,s3_hit_s4_miss,na,2199,294,25,5,4,1.7006802721088436,1.3605442176870748,0.0,1.0204081632653061,2.0408163265306123,0,3,24,1,0,0,0,1,0,,,,0,0.0,46.0,5.0,1.0,0.0,0.0,0.0,0,0,0,1,
mcr,mcr_200b,459,Cavernous hemangioma,,s2_miss,s2_miss,na,2083,309,19,4,1,1.2944983818770228,0.3236245954692557,0.32362459546925565,0.6472491909385113,1.6181229773462784,1,2,20,2,0,0,0,1,0,,,,0,0.0,48.0,5.0,,2.0,0.0,0.0,0,0,0,0,
mcr,mcr_200b,460,Schistosomiasis,,s2_miss,s2_miss,na,2361,347,27,1,4,0.2881844380403458,1.1527377521613833,0.0,0.2881844380403458,2.0172910662824206,0,1,15,1,0,0,0,1,0,,,,0,0.0,60.0,5.0,,0.0,0.0,0.0,0,0,0,0,
mcr,mcr_200b,461,dengue viral myositis,all_miss_but_recalled,s2_gold_low_rank,s2_hit_s3_drop,na,2095,303,29,5,3,1.65016501650165,0.9900990099009901,0.0,0.9900990099009901,1.9801980198019802,0,3,21,3,0,0,0,1,0,,,,0,0.0,55.0,5.0,51.0,4.0,0.0,0.0,0,0,0,0,
mcr,mcr_200b,463,Femoral–facial syndrome,,s2_miss,s2_miss,na,1601,228,21,3,2,1.3157894736842104,0.8771929824561403,0.0,0.8771929824561403,1.3157894736842106,0,2,23,2,0,0,0,1,0,,,,0,0.0,51.0,5.0,,26.0,0.0,0.0,0,0,1,1,
mcr,mcr_200b,464,ruptured popliteal artery aneurysm,base_win_rank,s4_hit_judge_miss,s4_hit_judge_miss,na,1604,248,22,3,3,1.2096774193548387,1.2096774193548387,0.0,0.8064516129032258,1.6129032258064515,0,2,34,4,0,0,0,1,0,,,,0,0.0,47.0,5.0,1.0,5.0,1.0,0.75,0,0,1,1,
mcr,mcr_200b,465,congenital granular cell epulis,,s2_miss,s2_miss,na,1359,208,19,0,0,0.0,0.0,0.0,0.0,2.4038461538461537,0,0,31,4,0,0,0,1,0,,,,0,0.0,48.0,5.0,,5.0,2.0,0.5,1,1,1,1,
mcr,mcr_200b,466,Basaloid squamous cell carcinoma,all_miss_but_recalled,rationale_overfit,s3_hit_s4_miss,na,1805,261,21,1,6,0.38314176245210724,2.2988505747126435,0.0,0.7662835249042146,1.9157088122605364,0,2,32,4,0,0,0,1,0,,,,0,0.0,51.0,5.0,5.0,3.0,0.0,0.0,0,0,0,0,
mcr,mcr_200b,467,spinal epidural lipomatosis,,ok,ok,na,1593,239,21,0,0,0.0,0.0,0.0,0.41841004184100417,2.092050209205021,0,1,27,3,0,0,0,1,0,,,,0,0.0,53.0,5.0,1.0,23.0,4.0,1.0,0,1,1,1,
mcr,mcr_200b,468,cryoglobulinemic vasculitis,,s2_miss,s2_miss,na,3357,458,38,5,0,1.0917030567685588,0.0,0.4366812227074236,0.4366812227074236,1.5283842794759825,2,2,27,2,0,0,0,1,0,,,,0,0.0,51.0,5.0,,1.0,1.0,0.0,0,0,0,0,
mcr,mcr_200b,469,mantle cell lymphoma,all_miss_but_recalled,near_synonym_prefer,s3_hit_s4_miss,na,2074,301,23,0,6,0.0,1.9933554817275747,0.0,0.0,2.3255813953488373,0,0,20,3,0,0,0,1,0,,,,0,0.0,53.0,5.0,1.0,13.0,2.0,0.25,0,0,0,0,
mcr,mcr_200b,470,cone-rod dystrophy,all_miss_but_recalled,rationale_overfit,s3_hit_s4_miss,na,2157,316,31,0,1,0.0,0.31645569620253167,0.0,0.6329113924050633,1.5822784810126582,0,2,18,3,0,0,0,1,0,,,,0,0.0,46.0,5.0,7.0,13.0,3.0,0.0,0,0,0,0,
mcr,mcr_200b,471,stress-induced gastric ulcer,,s2_miss,s2_miss,na,1608,237,30,7,4,2.9535864978902953,1.6877637130801686,0.0,0.4219409282700422,1.6877637130801688,0,1,28,4,0,0,0,1,0,,,,0,0.0,50.0,5.0,,8.0,2.0,0.0,0,0,0,0,
mcr,mcr_200b,473,keratoameloblastoma,all_miss_but_recalled,rationale_overfit,s3_hit_s4_miss,na,848,113,15,1,1,0.8849557522123894,0.8849557522123894,0.8849557522123894,0.0,1.7699115044247788,1,0,19,1,0,0,0,1,0,,,,0,0.0,45.0,5.0,12.0,0.0,0.0,0.0,0,0,0,0,
mcr,mcr_200b,474,Neurenteric cyst,,s2_miss,s2_miss,na,1193,173,20,3,0,1.7341040462427744,0.0,0.0,1.7341040462427746,4.046242774566474,0,3,16,2,0,0,0,1,0,,,,0,0.0,52.0,5.0,,0.0,0.0,0.0,0,0,0,0,
mcr,mcr_200b,475,Parsonage Turner Syndrome,,s2_miss,s2_miss,na,1691,256,18,2,4,0.78125,1.5625,0.0,0.390625,1.5625,0,1,25,3,0,0,0,1,0,,,,0,0.0,47.0,5.0,,7.0,2.0,0.167,0,0,0,0,
mcr,mcr_200b,477,Burkitt lymphoma,all_miss_but_recalled,rationale_overfit,s3_hit_s4_miss,na,1203,181,19,4,3,2.209944751381215,1.6574585635359116,0.0,1.1049723756906078,1.6574585635359116,0,2,16,2,0,0,0,1,0,,,,0,0.0,50.0,5.0,3.0,0.0,0.0,0.0,0,0,0,0,
mcr,mcr_200b,478,toxic megacolon,,s2_miss,s2_miss,na,1983,269,25,5,1,1.858736059479554,0.37174721189591076,0.0,1.1152416356877324,0.7434944237918215,0,3,15,2,0,0,0,1,0,,,,0,0.0,50.0,5.0,,0.0,0.0,0.0,0,0,0,0,
mcr,mcr_200b,479,Extraskeletal myxoid chondrosarcoma,all_miss_but_recalled,near_synonym_prefer,s3_hit_s4_miss,na,1649,233,19,1,0,0.4291845493562232,0.0,0.0,0.4291845493562232,1.2875536480686696,0,1,35,3,0,0,0,1,0,,,,0,0.0,44.0,5.0,11.0,28.0,1.0,0.25,0,0,0,0,
mcr,mcr_200b,480,Myasthenia gravis,all_miss_but_recalled,s3_why_ignored_gold,s2_hit_s3_drop,na,1952,278,21,1,1,0.3597122302158274,0.3597122302158274,0.0,0.7194244604316546,2.8776978417266186,0,2,17,2,0,0,0,1,0,,,,0,0.0,53.0,5.0,3.0,0.0,0.0,0.0,0,0,0,0,
