case_key,slice_id,source_id,family,selection_stratum,arm,success,gold_exposure_hit,gold_top1,gold_member_exposure_hit,gold_member_top1,registry_credit_leak,champion_label,runner_up_label,margin,candidate_n,relation_n,legacy_unsafe_merge_pairs,champion_identity_contaminated,cache_hit,error
DA_d2_heldout100/254,DA_d2_heldout100,254,DA,unsafe_fold,legacy_substring,True,False,False,False,False,False,Paraspinal abscess,Fusobacterium necrophorum infection,high,6,0,3,True,True,
DA_d2_heldout100/254,DA_d2_heldout100,254,DA,unsafe_fold,exact_synonym,True,False,False,False,False,False,Paraspinal abscess,Abscess,high,6,0,3,False,True,
DA_d2_heldout100/254,DA_d2_heldout100,254,DA,unsafe_fold,typed_relation,True,False,False,False,False,False,Paraspinal abscess,Abscess,high,6,1,3,False,True,
DA_d2_heldout100/255,DA_d2_heldout100,255,DA,unsafe_fold,legacy_substring,True,False,False,False,False,False,Pemphigus,Lupus erythematosus,high,3,0,6,False,True,
DA_d2_heldout100/255,DA_d2_heldout100,255,DA,unsafe_fold,exact_synonym,True,False,False,False,False,False,Pemphigus,Subacute cutaneous lupus erythematosus,high,4,0,6,False,True,
DA_d2_heldout100/255,DA_d2_heldout100,255,DA,unsafe_fold,typed_relation,True,False,False,False,False,False,Pemphigus,Lupus erythematosus,high,4,1,6,False,True,
DA_d2_heldout100/257,DA_d2_heldout100,257,DA,unsafe_fold,legacy_substring,True,False,False,False,False,False,HTRA1-related hereditary cerebral small vessel disease,Cerebral Amyloid Angiopathy,high,4,0,2,False,True,
DA_d2_heldout100/257,DA_d2_heldout100,257,DA,unsafe_fold,exact_synonym,True,False,False,False,False,False,HTRA1-related hereditary cerebral small vessel disease,Cerebral Amyloid Angiopathy,high,5,0,2,False,True,
DA_d2_heldout100/257,DA_d2_heldout100,257,DA,unsafe_fold,typed_relation,True,False,False,False,False,False,HTRA1-related hereditary cerebral small vessel disease,Cerebral Amyloid Angiopathy,high,5,0,2,False,True,
DA_d2_heldout100/259,DA_d2_heldout100,259,DA,control,legacy_substring,True,False,False,False,False,False,Chronic obstructive pulmonary disease (COPD) exacerbation,Right ventricular hypertrophy,medium,5,0,0,False,True,
DA_d2_heldout100/259,DA_d2_heldout100,259,DA,control,exact_synonym,True,False,False,False,False,False,Chronic obstructive pulmonary disease (COPD) exacerbation,Right ventricular hypertrophy,medium,5,0,0,False,True,
DA_d2_heldout100/259,DA_d2_heldout100,259,DA,control,typed_relation,True,False,False,False,False,False,Chronic obstructive pulmonary disease (COPD) exacerbation,Right ventricular hypertrophy,medium,5,0,0,False,True,
DA_d2_heldout100/261,DA_d2_heldout100,261,DA,unsafe_fold,legacy_substring,True,False,False,True,True,True,Malakoplakia,Malacoplakia,low,2,0,2,True,True,
DA_d2_heldout100/261,DA_d2_heldout100,261,DA,unsafe_fold,exact_synonym,True,True,True,True,True,False,Cutaneous Malakoplakia,Malakoplakia,high,3,0,2,False,True,
DA_d2_heldout100/261,DA_d2_heldout100,261,DA,unsafe_fold,typed_relation,True,True,True,True,True,False,Cutaneous Malakoplakia,Malakoplakia,high,3,1,2,False,True,
DA_d2_heldout100/266,DA_d2_heldout100,266,DA,control,legacy_substring,True,False,False,False,False,False,Arrhythmogenic Right Ventricular Cardiomyopathy (ARVC),Ventricular Tachycardia,high,2,0,0,False,True,
DA_d2_heldout100/266,DA_d2_heldout100,266,DA,control,exact_synonym,True,False,False,False,False,False,Arrhythmogenic Right Ventricular Cardiomyopathy (ARVC),Ventricular Tachycardia,high,2,0,0,False,True,
DA_d2_heldout100/266,DA_d2_heldout100,266,DA,control,typed_relation,True,False,False,False,False,False,Arrhythmogenic Right Ventricular Cardiomyopathy (ARVC),Ventricular Tachycardia,high,2,0,0,False,True,
DA_d2_heldout100/268,DA_d2_heldout100,268,DA,unsafe_fold,legacy_substring,True,False,False,False,False,False,Thalamic hemorrhage,Intracerebral Hemorrhage,high,4,0,3,False,True,
DA_d2_heldout100/268,DA_d2_heldout100,268,DA,unsafe_fold,exact_synonym,True,False,False,False,False,False,Thalamic hemorrhage,Intracerebral Hemorrhage,high,5,0,3,False,True,
DA_d2_heldout100/268,DA_d2_heldout100,268,DA,unsafe_fold,typed_relation,True,False,False,False,False,False,Thalamic hemorrhage,Intracerebral Hemorrhage,high,5,1,3,False,True,
DA_d2_heldout100/269,DA_d2_heldout100,269,DA,unsafe_fold,legacy_substring,True,False,False,False,False,False,Revertant Mosaicism in Dystrophic Epidermolysis Bullosa,Revertant Mosaicism in Epidermolysis Bullosa,high,2,0,6,True,True,
DA_d2_heldout100/269,DA_d2_heldout100,269,DA,unsafe_fold,exact_synonym,True,False,False,False,False,False,Revertant Mosaicism in Dystrophic Epidermolysis Bullosa,Revertant Mosaicism in Epidermolysis Bullosa,high,3,0,6,False,True,
DA_d2_heldout100/269,DA_d2_heldout100,269,DA,unsafe_fold,typed_relation,True,False,False,False,False,False,Revertant Mosaicism in Dystrophic Epidermolysis Bullosa,Dystrophic Epidermolysis Bullosa,high,3,2,6,False,True,
DA_d2_heldout100/270,DA_d2_heldout100,270,DA,unsafe_fold,legacy_substring,True,False,False,False,False,False,Tachyarrhythmia,Infective endocarditis,high,6,0,1,True,True,
DA_d2_heldout100/270,DA_d2_heldout100,270,DA,unsafe_fold,exact_synonym,True,False,False,False,False,False,Tachyarrhythmia,Arrhythmia,high,6,0,1,False,True,
DA_d2_heldout100/270,DA_d2_heldout100,270,DA,unsafe_fold,typed_relation,True,False,False,False,False,False,Tachyarrhythmia,Arrhythmia,high,6,1,1,False,True,
DA_d2_heldout100/281,DA_d2_heldout100,281,DA,unsafe_fold,legacy_substring,True,False,False,False,False,False,Melanoma,,high,1,0,17,True,True,
DA_d2_heldout100/281,DA_d2_heldout100,281,DA,unsafe_fold,exact_synonym,True,False,False,False,False,False,BRAF V600E-mutant melanoma,BRAF V600E Mutant Melanoma,high,4,0,17,False,True,
DA_d2_heldout100/281,DA_d2_heldout100,281,DA,unsafe_fold,typed_relation,True,False,False,False,False,False,BRAF V600E-mutant melanoma,Invasive Melanoma,high,4,3,17,False,True,
DA_d2_heldout100/284,DA_d2_heldout100,284,DA,unsafe_fold,legacy_substring,True,False,False,False,False,False,Tongue Metastasis of Malignant Mesothelioma,Malignant Pleural Mesothelioma,high,2,0,5,True,True,
DA_d2_heldout100/284,DA_d2_heldout100,284,DA,unsafe_fold,exact_synonym,True,False,False,False,False,False,Tongue Metastasis of Malignant Mesothelioma,Malignant Mesothelioma,high,4,0,5,False,True,
DA_d2_heldout100/284,DA_d2_heldout100,284,DA,unsafe_fold,typed_relation,True,False,False,False,False,False,Tongue Metastasis of Malignant Mesothelioma,Malignant Mesothelioma,high,4,3,5,False,True,
DA_d2_heldout100/290,DA_d2_heldout100,290,DA,unsafe_fold,legacy_substring,True,False,False,False,False,False,Acute Coronary Syndrome,Myocardial Infarction,high,5,0,2,False,True,
DA_d2_heldout100/290,DA_d2_heldout100,290,DA,unsafe_fold,exact_synonym,True,False,False,False,False,False,Acute Coronary Syndrome,Myocardial Infarction,high,6,0,2,False,True,
DA_d2_heldout100/290,DA_d2_heldout100,290,DA,unsafe_fold,typed_relation,True,False,False,False,False,False,Acute Coronary Syndrome,Coronary Artery Disease,high,6,1,2,False,True,
DA_d2_heldout100/293,DA_d2_heldout100,293,DA,control,legacy_substring,True,False,False,False,False,False,Hereditary Hemorrhagic Telangiectasia,Polycythemia Vera,high,3,0,0,False,True,
DA_d2_heldout100/293,DA_d2_heldout100,293,DA,control,exact_synonym,True,False,False,False,False,False,Hereditary Hemorrhagic Telangiectasia,Polycythemia Vera,high,3,0,0,False,True,
DA_d2_heldout100/293,DA_d2_heldout100,293,DA,control,typed_relation,True,False,False,False,False,False,Hereditary Hemorrhagic Telangiectasia,Polycythemia Vera,high,3,0,0,False,True,
DA_d2_heldout100/301,DA_d2_heldout100,301,DA,unsafe_fold,legacy_substring,True,False,False,False,False,False,Atrioventricular Block,Sick Sinus Syndrome,high,3,0,2,True,True,
DA_d2_heldout100/301,DA_d2_heldout100,301,DA,unsafe_fold,exact_synonym,True,False,False,False,False,False,High-grade atrioventricular block,Atrioventricular Block,high,4,0,2,False,True,
DA_d2_heldout100/301,DA_d2_heldout100,301,DA,unsafe_fold,typed_relation,True,False,False,False,False,False,High-grade atrioventricular block,Atrioventricular Block,high,4,1,2,False,True,
DA_d2_heldout100/302,DA_d2_heldout100,302,DA,unsafe_fold,legacy_substring,True,False,False,False,False,False,Mycosis Fungoides,Cutaneous T-cell lymphoma,high,4,0,3,True,True,
DA_d2_heldout100/302,DA_d2_heldout100,302,DA,unsafe_fold,exact_synonym,True,False,False,False,False,False,Folliculotropic Mycosis Fungoides,Mycosis Fungoides,high,5,0,3,False,True,
DA_d2_heldout100/302,DA_d2_heldout100,302,DA,unsafe_fold,typed_relation,True,False,False,False,False,False,Folliculotropic Mycosis Fungoides,Mycosis Fungoides,high,5,1,3,False,True,
DA_d2_heldout100/306,DA_d2_heldout100,306,DA,unsafe_fold,legacy_substring,True,False,False,False,False,False,Meningitis,Autoimmune encephalitis,high,4,0,3,True,True,
DA_d2_heldout100/306,DA_d2_heldout100,306,DA,unsafe_fold,exact_synonym,True,False,False,False,False,False,Candida tropicalis meningitis,Candida meningitis,high,6,0,3,False,True,
DA_d2_heldout100/306,DA_d2_heldout100,306,DA,unsafe_fold,typed_relation,True,False,False,False,False,False,Candida tropicalis meningitis,Candida meningitis,high,6,3,3,False,True,
DA_d2_heldout100/308,DA_d2_heldout100,308,DA,unsafe_fold,legacy_substring,True,False,False,False,False,False,Discoid lupus erythematosus,Cutaneous lupus erythematosus,medium,2,0,5,True,True,
DA_d2_heldout100/308,DA_d2_heldout100,308,DA,unsafe_fold,exact_synonym,True,False,False,False,False,False,Discoid lupus erythematosus,Cutaneous lupus erythematosus,high,4,0,5,False,True,
DA_d2_heldout100/308,DA_d2_heldout100,308,DA,unsafe_fold,typed_relation,True,False,False,False,False,False,Discoid lupus erythematosus,Cutaneous lupus erythematosus,high,4,3,5,False,True,
DA_d2_heldout100/310,DA_d2_heldout100,310,DA,unsafe_fold,legacy_substring,True,False,False,False,False,False,Traumatic Spondylolisthesis,Acute Spinal Cord Injury,high,6,0,2,False,True,
DA_d2_heldout100/310,DA_d2_heldout100,310,DA,unsafe_fold,exact_synonym,True,False,False,False,False,False,Traumatic Spondylolisthesis,Acute Spinal Cord Injury,medium,6,0,2,False,True,
DA_d2_heldout100/310,DA_d2_heldout100,310,DA,unsafe_fold,typed_relation,True,False,False,False,False,False,Acute Spinal Cord Injury,Traumatic Spondylolisthesis,medium,6,1,2,False,True,
DA_d2_heldout100/314,DA_d2_heldout100,314,DA,unsafe_fold,legacy_substring,True,False,False,False,False,False,Peeling skin disease due to CDSN gene mutations,Peeling skin syndrome,high,2,0,16,True,True,
DA_d2_heldout100/314,DA_d2_heldout100,314,DA,unsafe_fold,exact_synonym,True,False,False,False,False,False,Peeling skin disease due to CDSN gene mutations,Peeling skin disease due to CDSN gene mutation,high,5,0,16,False,True,
DA_d2_heldout100/314,DA_d2_heldout100,314,DA,unsafe_fold,typed_relation,True,False,False,False,False,False,Peeling skin disease due to CDSN gene mutations,Peeling skin disease due to CDSN gene mutation,medium,5,3,16,False,True,
DA_d2_heldout100/318,DA_d2_heldout100,318,DA,unsafe_fold,legacy_substring,True,False,False,False,False,False,Heart Failure,Atrial Tachycardia,medium,5,0,2,False,True,
DA_d2_heldout100/318,DA_d2_heldout100,318,DA,unsafe_fold,exact_synonym,True,False,False,False,False,False,Tachycardia-Induced Cardiomyopathy,Heart Failure,medium,6,0,2,False,True,
DA_d2_heldout100/318,DA_d2_heldout100,318,DA,unsafe_fold,typed_relation,True,False,False,False,False,False,Tachycardia-Induced Cardiomyopathy,Cardiomyopathy,medium,6,1,2,False,True,
DA_d2_heldout100/321,DA_d2_heldout100,321,DA,control,legacy_substring,True,False,False,False,False,False,Apocrine gland carcinoma,Syringocystadenoma papilliferum,medium,6,0,0,False,True,
DA_d2_heldout100/321,DA_d2_heldout100,321,DA,control,exact_synonym,True,False,False,False,False,False,Apocrine gland carcinoma,Syringocystadenoma papilliferum,medium,6,0,0,False,True,
DA_d2_heldout100/321,DA_d2_heldout100,321,DA,control,typed_relation,True,False,False,False,False,False,Apocrine gland carcinoma,Syringocystadenoma papilliferum,medium,6,0,0,False,True,
DA_d2_heldout100/328,DA_d2_heldout100,328,DA,control,legacy_substring,True,False,False,False,False,False,Chronic Urticaria,Autoimmune Urticaria,high,5,0,0,False,True,
DA_d2_heldout100/328,DA_d2_heldout100,328,DA,control,exact_synonym,True,False,False,False,False,False,Chronic Urticaria,Autoimmune Urticaria,high,5,0,0,False,True,
DA_d2_heldout100/328,DA_d2_heldout100,328,DA,control,typed_relation,True,False,False,False,False,False,Chronic Urticaria,Autoimmune Urticaria,high,5,0,0,False,True,
DA_d2_heldout100/333,DA_d2_heldout100,333,DA,unsafe_fold,legacy_substring,True,False,False,False,False,False,Listeria rhombencephalitis,Brainstem Encephalitis,high,6,0,1,False,True,
DA_d2_heldout100/333,DA_d2_heldout100,333,DA,unsafe_fold,exact_synonym,True,False,False,False,False,False,Listeria rhombencephalitis,Brainstem Encephalitis,high,6,0,1,False,True,
DA_d2_heldout100/333,DA_d2_heldout100,333,DA,unsafe_fold,typed_relation,True,False,False,False,False,False,Listeria rhombencephalitis,Brainstem Encephalitis,high,6,0,1,False,True,
DA_d2_heldout100/350,DA_d2_heldout100,350,DA,unsafe_fold,legacy_substring,True,False,False,False,False,False,Mobitz Type II Second-Degree Atrioventricular Block,AV Block,high,4,0,3,False,True,
DA_d2_heldout100/350,DA_d2_heldout100,350,DA,unsafe_fold,exact_synonym,True,False,False,False,False,False,Mobitz Type II Second-Degree Atrioventricular (AV) Block,Mobitz Type II Second-Degree Atrioventricular Block,high,6,0,3,False,True,
DA_d2_heldout100/350,DA_d2_heldout100,350,DA,unsafe_fold,typed_relation,True,False,False,False,False,False,Mobitz Type II Second-Degree Atrioventricular Block,Mobitz Type II Second-Degree Atrioventricular (AV) Block,high,6,3,3,False,True,
DA_d2_heldout100/354,DA_d2_heldout100,354,DA,unsafe_fold,legacy_substring,True,False,False,False,False,False,Toxic Epidermal Necrolysis,Vasculitis,medium,3,0,2,False,True,
DA_d2_heldout100/354,DA_d2_heldout100,354,DA,unsafe_fold,exact_synonym,True,False,False,False,False,False,Varicella-zoster virus infection,Varicella,medium,4,0,2,False,True,
DA_d2_heldout100/354,DA_d2_heldout100,354,DA,unsafe_fold,typed_relation,True,False,False,False,False,False,Vasculitis,Varicella,medium,4,1,2,False,True,
DA_d2_heldout100/355,DA_d2_heldout100,355,DA,control,legacy_substring,True,False,False,False,False,False,Cardiac Amyloidosis,Diastolic Dysfunction,high,4,0,0,False,True,
DA_d2_heldout100/355,DA_d2_heldout100,355,DA,control,exact_synonym,True,False,False,False,False,False,Cardiac Amyloidosis,Diastolic Dysfunction,high,4,0,0,False,True,
DA_d2_heldout100/355,DA_d2_heldout100,355,DA,control,typed_relation,True,False,False,False,False,False,Cardiac Amyloidosis,Diastolic Dysfunction,high,4,0,0,False,True,
DA_d2_heldout100/356,DA_d2_heldout100,356,DA,unsafe_fold,legacy_substring,True,False,False,False,False,False,Birt-Hogg-Dube Syndrome,Tuberous Sclerosis Complex,high,5,0,2,False,True,
DA_d2_heldout100/356,DA_d2_heldout100,356,DA,unsafe_fold,exact_synonym,True,False,False,False,False,False,Birt-Hogg-Dube Syndrome,Tuberous Sclerosis Complex (TSC) associated angiofibromas,high,6,0,2,False,True,
DA_d2_heldout100/356,DA_d2_heldout100,356,DA,unsafe_fold,typed_relation,True,False,False,False,False,False,Tuberous Sclerosis Complex (TSC) associated angiofibromas,Tuberous Sclerosis Complex,medium,6,1,2,False,True,
DA_d2_heldout100/359,DA_d2_heldout100,359,DA,unsafe_fold,legacy_substring,True,False,False,False,False,False,Wolff-Parkinson-White syndrome,Heart failure with reduced ejection fraction,high,5,0,1,False,True,
DA_d2_heldout100/359,DA_d2_heldout100,359,DA,unsafe_fold,exact_synonym,True,False,False,False,False,False,Dilated cardiomyopathy,Heart failure with reduced ejection fraction,high,6,0,1,False,True,
DA_d2_heldout100/359,DA_d2_heldout100,359,DA,unsafe_fold,typed_relation,True,False,False,False,False,False,Dilated cardiomyopathy,Heart failure with reduced ejection fraction,high,6,1,1,False,True,
DA_d2_heldout100/361,DA_d2_heldout100,361,DA,unsafe_fold,legacy_substring,True,False,False,False,False,False,Atrioventricular Nodal Reentrant Tachycardia,Supraventricular Tachycardia,medium,2,0,9,False,True,
DA_d2_heldout100/361,DA_d2_heldout100,361,DA,unsafe_fold,exact_synonym,True,False,False,False,False,False,Ventricular Tachycardia,Supraventricular Tachycardia,high,3,0,9,False,True,
DA_d2_heldout100/361,DA_d2_heldout100,361,DA,unsafe_fold,typed_relation,True,False,False,False,False,False,Ventricular Tachycardia,Supraventricular Tachycardia,high,3,1,9,False,True,
DA_d2_heldout100/364,DA_d2_heldout100,364,DA,unsafe_fold,legacy_substring,True,False,False,False,False,False,Rosacea,Acne Vulgaris,medium,3,0,9,True,True,
DA_d2_heldout100/364,DA_d2_heldout100,364,DA,unsafe_fold,exact_synonym,True,False,False,False,False,False,Papulopustular rosacea,Rosacea,high,6,0,9,False,True,
DA_d2_heldout100/364,DA_d2_heldout100,364,DA,unsafe_fold,typed_relation,True,False,False,False,False,False,Papulopustular rosacea,Rosacea,high,6,3,9,False,True,
DA_d2_heldout100/365,DA_d2_heldout100,365,DA,unsafe_fold,legacy_substring,True,False,False,False,False,False,Injectable drug-induced skin and soft tissue injury,Injectable drug-induced skin injury,high,6,0,4,False,True,
DA_d2_heldout100/365,DA_d2_heldout100,365,DA,unsafe_fold,exact_synonym,True,False,False,False,False,False,Scleroderma-like illness due to meperidine injections,Injectable drug-induced skin and soft tissue injury,high,6,0,4,False,True,
DA_d2_heldout100/365,DA_d2_heldout100,365,DA,unsafe_fold,typed_relation,True,False,False,False,False,False,Scleroderma-like illness due to meperidine injections,Injectable drug-induced skin and soft tissue injury,high,6,2,4,False,True,
DA_d2_heldout100/375,DA_d2_heldout100,375,DA,unsafe_fold,legacy_substring,True,False,False,False,False,False,Genital Herpes Simplex Virus Infection,Verrucous Carcinoma,high,5,0,2,True,True,
DA_d2_heldout100/375,DA_d2_heldout100,375,DA,unsafe_fold,exact_synonym,True,False,False,False,False,False,Genital Herpes Simplex Virus Infection,Herpes simplex virus infection,high,6,0,2,False,True,
DA_d2_heldout100/375,DA_d2_heldout100,375,DA,unsafe_fold,typed_relation,True,False,False,False,False,False,Genital Herpes Simplex Virus Infection,Herpes simplex virus infection,medium,6,1,2,False,True,
DA_d2_heldout100/379,DA_d2_heldout100,379,DA,unsafe_fold,legacy_substring,True,False,False,False,False,False,Perineural invasion by malignant melanoma,Desmoplastic Melanoma,high,4,0,11,True,True,
DA_d2_heldout100/379,DA_d2_heldout100,379,DA,unsafe_fold,exact_synonym,True,False,False,False,False,False,Desmoplastic Melanoma,Malignant Melanoma,high,6,0,11,False,True,
DA_d2_heldout100/379,DA_d2_heldout100,379,DA,unsafe_fold,typed_relation,True,False,False,False,False,False,Desmoplastic Melanoma,Perineural invasion by malignant melanoma,medium,6,2,11,False,True,
DA_d2_heldout100/381,DA_d2_heldout100,381,DA,unsafe_fold,legacy_substring,True,False,False,False,False,False,Thymoma-associated multiorgan autoimmunity,Good's syndrome,high,4,0,2,True,True,
DA_d2_heldout100/381,DA_d2_heldout100,381,DA,unsafe_fold,exact_synonym,True,False,False,False,False,False,Thymoma-associated multiorgan autoimmunity,Good's syndrome,high,5,0,2,False,True,
DA_d2_heldout100/381,DA_d2_heldout100,381,DA,unsafe_fold,typed_relation,True,False,False,False,False,False,Thymoma-associated multiorgan autoimmunity,Good's syndrome,high,5,1,2,False,True,
DA_d2_heldout100/383,DA_d2_heldout100,383,DA,unsafe_fold,legacy_substring,True,False,False,False,False,False,Rhabdomyosarcoma,Ewing's Sarcoma,high,4,0,3,True,True,
DA_d2_heldout100/383,DA_d2_heldout100,383,DA,unsafe_fold,exact_synonym,True,False,False,False,False,False,Embryonal Rhabdomyosarcoma,Rhabdomyosarcoma,medium,5,0,3,False,True,
DA_d2_heldout100/383,DA_d2_heldout100,383,DA,unsafe_fold,typed_relation,True,False,False,False,False,False,Embryonal Rhabdomyosarcoma,Rhabdomyosarcoma,high,5,1,3,False,True,
DA_d2_heldout100/387,DA_d2_heldout100,387,DA,control,legacy_substring,True,False,False,False,False,False,MALT Lymphoma,Extranodal Marginal Zone Lymphoma,low,6,0,0,False,True,
DA_d2_heldout100/387,DA_d2_heldout100,387,DA,control,exact_synonym,True,False,False,False,False,False,MALT Lymphoma,Extranodal Marginal Zone Lymphoma,low,6,0,0,False,True,
DA_d2_heldout100/387,DA_d2_heldout100,387,DA,control,typed_relation,True,False,False,False,False,False,MALT Lymphoma,Extranodal Marginal Zone Lymphoma,low,6,0,0,False,True,
DA_d2_heldout100/397,DA_d2_heldout100,397,DA,unsafe_fold,legacy_substring,True,False,False,False,False,False,Acute Myocardial Infarction,Dextrocardia with Situs Inversus,medium,3,0,2,True,True,
DA_d2_heldout100/397,DA_d2_heldout100,397,DA,unsafe_fold,exact_synonym,True,False,False,False,False,False,Acute myocardial infarction due to total occlusion of the proximal right coronary artery,Acute Myocardial Infarction,high,4,0,2,False,True,
DA_d2_heldout100/397,DA_d2_heldout100,397,DA,unsafe_fold,typed_relation,True,False,False,False,False,False,Acute myocardial infarction due to total occlusion of the proximal right coronary artery,Dextrocardia with Situs Inversus,medium,4,1,2,False,True,
DA_d2_heldout100/398,DA_d2_heldout100,398,DA,unsafe_fold,legacy_substring,True,False,False,False,False,False,Kaposi's sarcoma,angioma,medium,2,0,3,False,True,
DA_d2_heldout100/398,DA_d2_heldout100,398,DA,unsafe_fold,exact_synonym,True,False,False,False,False,False,hemangioma,angioma,high,3,0,3,False,True,
DA_d2_heldout100/398,DA_d2_heldout100,398,DA,unsafe_fold,typed_relation,True,False,False,False,False,False,hemangioma,angioma,medium,3,1,3,False,True,
DA_d2_heldout100/399,DA_d2_heldout100,399,DA,control,legacy_substring,True,False,False,False,False,False,Supraventricular Tachycardia,Heart Failure,high,5,0,0,False,True,
DA_d2_heldout100/399,DA_d2_heldout100,399,DA,control,exact_synonym,True,False,False,False,False,False,Supraventricular Tachycardia,Heart Failure,high,5,0,0,False,True,
DA_d2_heldout100/399,DA_d2_heldout100,399,DA,control,typed_relation,True,False,False,False,False,False,Supraventricular Tachycardia,Heart Failure,high,5,0,0,False,True,
DA_d2_heldout100/400,DA_d2_heldout100,400,DA,unsafe_fold,legacy_substring,True,False,False,False,False,False,Rapid Eye Movement Sleep Behavior Disorder,Obstructive Sleep Apnea,high,2,0,2,True,True,
DA_d2_heldout100/400,DA_d2_heldout100,400,DA,unsafe_fold,exact_synonym,True,False,False,False,False,False,Rapid Eye Movement Sleep Behavior Disorder (RBD),Rapid Eye Movement Sleep Behavior Disorder,high,3,0,2,False,True,
DA_d2_heldout100/400,DA_d2_heldout100,400,DA,unsafe_fold,typed_relation,True,False,False,False,False,False,Rapid Eye Movement Sleep Behavior Disorder (RBD),Rapid Eye Movement Sleep Behavior Disorder,high,3,1,2,False,True,
DA_d2_heldout100/404,DA_d2_heldout100,404,DA,unsafe_fold,legacy_substring,True,False,False,False,False,False,pembrolizumab-induced scleroderma-like reaction,Chemotherapy-induced scleroderma-like reaction,medium,6,0,2,True,True,
DA_d2_heldout100/404,DA_d2_heldout100,404,DA,unsafe_fold,exact_synonym,True,False,False,False,False,False,pembrolizumab-induced scleroderma-like reaction,Pembrolizumab-induced scleroderma,high,6,0,2,False,True,
DA_d2_heldout100/404,DA_d2_heldout100,404,DA,unsafe_fold,typed_relation,True,False,False,False,False,False,pembrolizumab-induced scleroderma-like reaction,Pembrolizumab-induced scleroderma,high,6,1,2,False,True,
DA_d2_heldout100/409,DA_d2_heldout100,409,DA,unsafe_fold,legacy_substring,True,False,False,False,False,False,Syphilitic Uveitis,Ocular syphilis,medium,6,0,2,False,True,
DA_d2_heldout100/409,DA_d2_heldout100,409,DA,unsafe_fold,exact_synonym,True,False,False,False,False,False,Syphilitic Uveitis,Ocular syphilis,high,6,0,2,False,True,
DA_d2_heldout100/409,DA_d2_heldout100,409,DA,unsafe_fold,typed_relation,True,False,False,False,False,False,Ocular syphilis,Syphilitic Uveitis,high,6,1,2,False,True,
DA_d2_heldout100/410,DA_d2_heldout100,410,DA,control,legacy_substring,True,False,False,False,False,False,Cholesterol crystal embolism,Cholesterol crystal embolization,high,5,0,0,False,True,
DA_d2_heldout100/410,DA_d2_heldout100,410,DA,control,exact_synonym,True,False,False,False,False,False,Cholesterol crystal embolism,Cholesterol crystal embolization,high,5,0,0,False,True,
DA_d2_heldout100/410,DA_d2_heldout100,410,DA,control,typed_relation,True,False,False,False,False,False,Cholesterol crystal embolism,Cholesterol crystal embolization,high,5,0,0,False,True,
DA_d2_heldout100/413,DA_d2_heldout100,413,DA,control,legacy_substring,True,False,False,False,False,False,Langerhans cell histiocytosis,,high,5,0,0,False,True,
DA_d2_heldout100/413,DA_d2_heldout100,413,DA,control,exact_synonym,True,False,False,False,False,False,Langerhans cell histiocytosis,,high,5,0,0,False,True,
DA_d2_heldout100/413,DA_d2_heldout100,413,DA,control,typed_relation,True,False,False,False,False,False,Langerhans cell histiocytosis,,high,5,0,0,False,True,
DA_d2_heldout100/414,DA_d2_heldout100,414,DA,control,legacy_substring,True,False,False,False,False,False,Weill-Marchesani syndrome,Marfan syndrome,high,4,0,0,False,True,
DA_d2_heldout100/414,DA_d2_heldout100,414,DA,control,exact_synonym,True,False,False,False,False,False,Weill-Marchesani syndrome,Marfan syndrome,high,4,0,0,False,True,
DA_d2_heldout100/414,DA_d2_heldout100,414,DA,control,typed_relation,True,False,False,False,False,False,Weill-Marchesani syndrome,Marfan syndrome,high,4,0,0,False,True,
DA_d2_heldout100/415,DA_d2_heldout100,415,DA,unsafe_fold,legacy_substring,True,False,False,False,False,False,Myocardial Infarction,Acute Coronary Syndrome,high,4,0,9,True,True,
DA_d2_heldout100/415,DA_d2_heldout100,415,DA,unsafe_fold,exact_synonym,True,False,False,False,False,False,Non-ST-Elevation Myocardial Infarction (NSTEMI),Myocardial Infarction,high,6,0,9,False,True,
DA_d2_heldout100/415,DA_d2_heldout100,415,DA,unsafe_fold,typed_relation,True,False,False,False,False,False,ST-Elevation Myocardial Infarction (STEMI),ST-Elevation Myocardial Infarction,low,6,5,9,False,True,
DA_d2_heldout100/420,DA_d2_heldout100,420,DA,unsafe_fold,legacy_substring,True,False,False,False,False,False,Myocarditis,Sepsis-Induced Cardiomyopathy,high,5,0,1,False,True,
DA_d2_heldout100/420,DA_d2_heldout100,420,DA,unsafe_fold,exact_synonym,True,False,False,False,False,False,Myocarditis,Sepsis-Induced Cardiomyopathy,medium,6,0,1,False,True,
DA_d2_heldout100/420,DA_d2_heldout100,420,DA,unsafe_fold,typed_relation,True,False,False,False,False,False,Myocarditis,Sepsis-Induced Cardiomyopathy,medium,6,1,1,False,True,
DA_d2_heldout100/423,DA_d2_heldout100,423,DA,control,legacy_substring,True,False,False,False,False,False,Leptomeningeal lymphoma,Central nervous system lymphoma,high,5,0,0,False,True,
DA_d2_heldout100/423,DA_d2_heldout100,423,DA,control,exact_synonym,True,False,False,False,False,False,Leptomeningeal lymphoma,Central nervous system lymphoma,high,5,0,0,False,True,
DA_d2_heldout100/423,DA_d2_heldout100,423,DA,control,typed_relation,True,False,False,False,False,False,Leptomeningeal lymphoma,Central nervous system lymphoma,high,5,0,0,False,True,
DA_d2_heldout100/424,DA_d2_heldout100,424,DA,control,legacy_substring,True,False,False,False,False,False,Necrobiosis Lipoidica,Granuloma annulare,low,2,0,0,False,True,
DA_d2_heldout100/424,DA_d2_heldout100,424,DA,control,exact_synonym,True,False,False,False,False,False,Necrobiosis Lipoidica,Granuloma annulare,low,2,0,0,False,True,
DA_d2_heldout100/424,DA_d2_heldout100,424,DA,control,typed_relation,True,False,False,False,False,False,Necrobiosis Lipoidica,Granuloma annulare,low,2,0,0,False,True,
DA_d2_heldout100/425,DA_d2_heldout100,425,DA,control,legacy_substring,True,False,False,False,False,False,Autoimmune Hemolytic Anemia,Chronic lymphocytic leukemia-related immune dysregulation,high,2,0,0,False,True,
DA_d2_heldout100/425,DA_d2_heldout100,425,DA,control,exact_synonym,True,False,False,False,False,False,Autoimmune Hemolytic Anemia,Chronic lymphocytic leukemia-related immune dysregulation,high,2,0,0,False,True,
DA_d2_heldout100/425,DA_d2_heldout100,425,DA,control,typed_relation,True,False,False,False,False,False,Autoimmune Hemolytic Anemia,Chronic lymphocytic leukemia-related immune dysregulation,high,2,0,0,False,True,
DA_d2_heldout100/431,DA_d2_heldout100,431,DA,unsafe_fold,legacy_substring,True,False,False,False,False,False,Tumor regression due to immunotherapy,Immune-mediated reaction,high,4,0,17,False,True,
DA_d2_heldout100/431,DA_d2_heldout100,431,DA,unsafe_fold,exact_synonym,True,False,False,False,False,False,T-VEC–Treated Melanoma,Tumor regression due to immunotherapy,high,6,0,17,False,True,
DA_d2_heldout100/431,DA_d2_heldout100,431,DA,unsafe_fold,typed_relation,True,False,False,False,False,False,T-VEC–Treated Melanoma,Tumor regression due to immunotherapy,high,6,2,17,False,True,
DA_d2_heldout100/432,DA_d2_heldout100,432,DA,unsafe_fold,legacy_substring,True,False,False,False,False,False,Lichen planus,,high,1,0,17,True,True,
DA_d2_heldout100/432,DA_d2_heldout100,432,DA,unsafe_fold,exact_synonym,True,False,False,False,False,False,Hepatitis C-associated lichen planus,Lichen planus,high,4,0,17,False,True,
DA_d2_heldout100/432,DA_d2_heldout100,432,DA,unsafe_fold,typed_relation,True,False,False,False,False,False,Hepatitis C-associated lichen planus,Hepatitis C virus-associated lichen planus,low,4,3,17,False,True,
DA_d2_heldout100/449,DA_d2_heldout100,449,DA,unsafe_fold,legacy_substring,True,False,False,False,False,False,Myocardial Infarction,Acute Coronary Syndrome,high,4,0,6,True,True,
DA_d2_heldout100/449,DA_d2_heldout100,449,DA,unsafe_fold,exact_synonym,True,False,False,False,False,False,Left Main Coronary Artery Disease,Acute Myocardial Infarction,high,6,0,6,False,True,
DA_d2_heldout100/449,DA_d2_heldout100,449,DA,unsafe_fold,typed_relation,True,False,False,False,False,False,ST-Elevation Myocardial Infarction (STEMI),Acute Myocardial Infarction,high,6,3,6,False,True,
DA_d2_heldout100/451,DA_d2_heldout100,451,DA,unsafe_fold,legacy_substring,True,False,False,False,False,False,Petrous Bone Cholesteatoma,Middle Ear Cholesteatoma,high,6,0,1,False,True,
DA_d2_heldout100/451,DA_d2_heldout100,451,DA,unsafe_fold,exact_synonym,True,False,False,False,False,False,Middle Ear Cholesteatoma,Cholesteatoma,high,6,0,1,False,True,
DA_d2_heldout100/451,DA_d2_heldout100,451,DA,unsafe_fold,typed_relation,True,False,False,False,False,False,Middle Ear Cholesteatoma,Cholesteatoma,high,6,1,1,False,True,
DA_d2_heldout200b/459,DA_d2_heldout200b,459,DA,unsafe_fold,legacy_substring,True,False,False,False,False,False,Tachycardia-Induced Cardiomyopathy,Atrial Tachycardia with Cardiac Dysfunction,medium,4,0,5,True,True,
DA_d2_heldout200b/459,DA_d2_heldout200b,459,DA,unsafe_fold,exact_synonym,True,False,False,False,False,False,Tachycardia-Induced Cardiomyopathy,Atrial Tachycardia with Cardiac Dysfunction,medium,6,0,5,False,True,
DA_d2_heldout200b/459,DA_d2_heldout200b,459,DA,unsafe_fold,typed_relation,True,False,False,False,False,False,Atrial Tachycardia with Cardiac Dysfunction,Tachycardia-Induced Cardiomyopathy,high,6,3,5,False,True,
DA_d2_heldout200b/461,DA_d2_heldout200b,461,DA,unsafe_fold,legacy_substring,True,False,False,False,False,False,Cutaneous Pseudolymphoma,Mycosis Fungoides,medium,5,0,3,True,True,
DA_d2_heldout200b/461,DA_d2_heldout200b,461,DA,unsafe_fold,exact_synonym,True,False,False,False,False,False,Cutaneous Pseudolymphoma,Cutaneous T-cell lymphoma,medium,6,0,3,False,True,
DA_d2_heldout200b/461,DA_d2_heldout200b,461,DA,unsafe_fold,typed_relation,True,False,False,False,False,False,Cutaneous Pseudolymphoma,Pseudolymphoma,high,6,2,3,False,True,
DA_d2_heldout200b/472,DA_d2_heldout200b,472,DA,control,legacy_substring,True,False,False,False,False,False,Hypertrophic Cardiomyopathy,Acute Coronary Syndrome,high,6,0,0,False,True,
DA_d2_heldout200b/472,DA_d2_heldout200b,472,DA,control,exact_synonym,True,False,False,False,False,False,Hypertrophic Cardiomyopathy,Acute Coronary Syndrome,high,6,0,0,False,True,
DA_d2_heldout200b/472,DA_d2_heldout200b,472,DA,control,typed_relation,True,False,False,False,False,False,Hypertrophic Cardiomyopathy,Acute Coronary Syndrome,high,6,0,0,False,True,
DA_d2_heldout200b/474,DA_d2_heldout200b,474,DA,unsafe_fold,legacy_substring,True,False,False,False,False,False,Myocarditis,Septic Shock,medium,6,0,1,False,True,
DA_d2_heldout200b/474,DA_d2_heldout200b,474,DA,unsafe_fold,exact_synonym,True,False,False,False,False,False,Thrombotic Thrombocytopenic Purpura,Myocarditis,high,6,0,1,False,True,
DA_d2_heldout200b/474,DA_d2_heldout200b,474,DA,unsafe_fold,typed_relation,True,False,False,False,False,False,Myocarditis,Cardiogenic Shock,high,6,1,1,False,True,
DA_d2_heldout200b/477,DA_d2_heldout200b,477,DA,unsafe_fold,legacy_substring,True,False,False,False,False,False,Cerebral Vasculitis,Multisystem Inflammatory Syndrome in Children (MIS-C),medium,5,0,1,False,True,
DA_d2_heldout200b/477,DA_d2_heldout200b,477,DA,unsafe_fold,exact_synonym,True,False,False,False,False,False,Multisystem Inflammatory Syndrome in Children (MIS-C),Cerebral Vasculitis,medium,6,0,1,False,True,
DA_d2_heldout200b/477,DA_d2_heldout200b,477,DA,unsafe_fold,typed_relation,True,False,False,False,False,False,Multisystem Inflammatory Syndrome in Children (MIS-C),Cerebral Vasculitis,medium,6,1,1,False,True,
DA_d2_heldout200b/478,DA_d2_heldout200b,478,DA,unsafe_fold,legacy_substring,True,False,False,False,False,False,Respiratory Syncytial Virus (RSV) infection,Bronchiolitis,high,4,0,5,False,True,
DA_d2_heldout200b/478,DA_d2_heldout200b,478,DA,unsafe_fold,exact_synonym,True,False,False,False,False,False,Bronchiolitis,Sepsis,high,6,0,5,False,True,
DA_d2_heldout200b/478,DA_d2_heldout200b,478,DA,unsafe_fold,typed_relation,True,False,False,False,False,False,Bronchiolitis,Sepsis,medium,6,3,5,False,True,
DA_d2_heldout200b/481,DA_d2_heldout200b,481,DA,control,legacy_substring,True,False,False,False,False,False,Influenza A (H3N2) pneumonia,Influenza pneumonia,high,6,0,0,False,True,
DA_d2_heldout200b/481,DA_d2_heldout200b,481,DA,control,exact_synonym,True,False,False,False,False,False,Influenza A (H3N2) pneumonia,Influenza pneumonia,high,6,0,0,False,True,
DA_d2_heldout200b/481,DA_d2_heldout200b,481,DA,control,typed_relation,True,False,False,False,False,False,Influenza A (H3N2) pneumonia,Influenza pneumonia,high,6,1,0,False,True,
DA_d2_heldout200b/482,DA_d2_heldout200b,482,DA,control,legacy_substring,True,False,False,False,False,False,T-cell Lymphoma,Anaplastic large cell lymphoma,medium,6,0,0,False,True,
DA_d2_heldout200b/482,DA_d2_heldout200b,482,DA,control,exact_synonym,True,False,False,False,False,False,T-cell Lymphoma,Anaplastic large cell lymphoma,medium,6,0,0,False,True,
DA_d2_heldout200b/482,DA_d2_heldout200b,482,DA,control,typed_relation,True,False,False,False,False,False,T-cell Lymphoma,Anaplastic large cell lymphoma,medium,6,0,0,False,True,
DA_d2_heldout200b/485,DA_d2_heldout200b,485,DA,control,legacy_substring,True,False,False,False,False,False,Necrotising Immune-Complex Glomerulonephritis,Membranoproliferative glomerulonephritis,high,6,0,0,False,True,
DA_d2_heldout200b/485,DA_d2_heldout200b,485,DA,control,exact_synonym,True,False,False,False,False,False,Necrotising Immune-Complex Glomerulonephritis,Membranoproliferative glomerulonephritis,high,6,0,0,False,True,
DA_d2_heldout200b/485,DA_d2_heldout200b,485,DA,control,typed_relation,True,False,False,False,False,False,Necrotising Immune-Complex Glomerulonephritis,Membranoproliferative glomerulonephritis,high,6,0,0,False,True,
DA_d2_heldout200b/486,DA_d2_heldout200b,486,DA,unsafe_fold,legacy_substring,True,False,False,False,False,False,Leprosy,Lupus vulgaris,high,5,0,2,False,True,
DA_d2_heldout200b/486,DA_d2_heldout200b,486,DA,unsafe_fold,exact_synonym,True,False,False,False,False,False,Leprosy,Erythema nodosum leprosum,high,6,0,2,False,True,
DA_d2_heldout200b/486,DA_d2_heldout200b,486,DA,unsafe_fold,typed_relation,True,False,False,False,False,False,Leprosy,Erythema nodosum leprosum,high,6,1,2,False,True,
DA_d2_heldout200b/489,DA_d2_heldout200b,489,DA,unsafe_fold,legacy_substring,True,False,False,False,False,False,Hypoparathyroidism,Idiopathic Basal Ganglia Calcification,low,3,0,11,True,True,
DA_d2_heldout200b/489,DA_d2_heldout200b,489,DA,unsafe_fold,exact_synonym,True,False,False,False,False,False,Pseudohypoparathyroidism,Hypoparathyroidism,high,5,0,11,False,True,
DA_d2_heldout200b/489,DA_d2_heldout200b,489,DA,unsafe_fold,typed_relation,True,False,False,False,False,False,Pseudohypoparathyroidism,Hypoparathyroidism,high,5,2,11,False,True,
DA_d2_heldout200b/493,DA_d2_heldout200b,493,DA,control,legacy_substring,True,False,False,False,False,False,Dengue hemorrhagic fever,Dengue fever,medium,6,0,0,False,True,
DA_d2_heldout200b/493,DA_d2_heldout200b,493,DA,control,exact_synonym,True,False,False,False,False,False,Dengue hemorrhagic fever,Dengue fever,medium,6,0,0,False,True,
DA_d2_heldout200b/493,DA_d2_heldout200b,493,DA,control,typed_relation,True,False,False,False,False,False,Dengue hemorrhagic fever,Dengue fever,high,6,1,0,False,True,
DA_d2_heldout200b/498,DA_d2_heldout200b,498,DA,unsafe_fold,legacy_substring,True,False,False,False,False,False,Molar Pregnancy,Eclampsia or preeclampsia,medium,6,0,1,False,True,
DA_d2_heldout200b/498,DA_d2_heldout200b,498,DA,unsafe_fold,exact_synonym,True,False,False,False,False,False,Choriocarcinoma,Eclampsia or preeclampsia,high,6,0,1,False,True,
DA_d2_heldout200b/498,DA_d2_heldout200b,498,DA,unsafe_fold,typed_relation,True,False,False,False,False,False,Eclampsia,Eclampsia or preeclampsia,medium,6,1,1,False,True,
DA_d2_heldout200b/500,DA_d2_heldout200b,500,DA,unsafe_fold,legacy_substring,True,False,False,False,False,False,Lipodermatosclerosis,Chronic Venous Insufficiency,medium,4,0,2,True,True,
DA_d2_heldout200b/500,DA_d2_heldout200b,500,DA,unsafe_fold,exact_synonym,True,False,False,False,False,False,Acute lipodermatosclerosis,Lipodermatosclerosis,high,5,0,2,False,True,
DA_d2_heldout200b/500,DA_d2_heldout200b,500,DA,unsafe_fold,typed_relation,True,False,False,False,False,False,Acute lipodermatosclerosis,Lipodermatosclerosis,high,5,1,2,False,True,
DA_d2_heldout200b/507,DA_d2_heldout200b,507,DA,unsafe_fold,legacy_substring,True,False,False,False,False,False,Secondary acute myeloid leukemia,Secondary Hematologic Malignancy,high,5,0,3,True,True,
DA_d2_heldout200b/507,DA_d2_heldout200b,507,DA,unsafe_fold,exact_synonym,True,False,False,False,False,False,Secondary acute myeloid leukemia,Acute Myeloid Leukemia,high,6,0,3,False,True,
DA_d2_heldout200b/507,DA_d2_heldout200b,507,DA,unsafe_fold,typed_relation,True,False,False,False,False,False,Secondary acute myeloid leukemia,Acute Myeloid Leukemia,high,6,1,3,False,True,
DA_d2_heldout200b/508,DA_d2_heldout200b,508,DA,unsafe_fold,legacy_substring,True,False,False,False,False,False,Peripheral T-cell Lymphoma,Hemophagocytic Lymphohistiocytosis (HLH),high,2,0,2,True,True,
DA_d2_heldout200b/508,DA_d2_heldout200b,508,DA,unsafe_fold,exact_synonym,True,False,False,False,False,False,Peripheral T-cell Lymphoma,T-cell Lymphoma,high,3,0,2,False,True,
DA_d2_heldout200b/508,DA_d2_heldout200b,508,DA,unsafe_fold,typed_relation,True,False,False,False,False,False,Peripheral T-cell Lymphoma,T-cell Lymphoma,high,3,1,2,False,True,
DA_d2_heldout200b/511,DA_d2_heldout200b,511,DA,unsafe_fold,legacy_substring,True,False,False,False,False,False,Capnocytophaga canimorsus infection,Sepsis,high,5,0,2,False,True,
DA_d2_heldout200b/511,DA_d2_heldout200b,511,DA,unsafe_fold,exact_synonym,True,False,False,False,False,False,Sepsis due to Capnocytophaga canimorsus,Capnocytophaga canimorsus infection,high,6,0,2,False,True,
DA_d2_heldout200b/511,DA_d2_heldout200b,511,DA,unsafe_fold,typed_relation,True,False,False,False,False,False,Sepsis due to Capnocytophaga canimorsus,Capnocytophaga canimorsus infection,high,6,1,2,False,True,
DA_d2_heldout200b/513,DA_d2_heldout200b,513,DA,unsafe_fold,legacy_substring,True,False,False,False,False,False,Sarcoma,Melanoma metastasis to the liver,high,5,0,1,False,True,
DA_d2_heldout200b/513,DA_d2_heldout200b,513,DA,unsafe_fold,exact_synonym,True,False,False,False,False,False,Metastatic melanoma to the liver,Melanoma metastasis to the liver,high,6,0,1,False,True,
DA_d2_heldout200b/513,DA_d2_heldout200b,513,DA,unsafe_fold,typed_relation,True,False,False,False,False,False,Melanoma metastasis to the liver,Metastatic melanoma to the liver,low,6,1,1,False,True,
DA_d2_heldout200b/514,DA_d2_heldout200b,514,DA,control,legacy_substring,True,False,False,False,False,False,Constrictive Pericarditis,Restrictive Cardiomyopathy,high,3,0,0,False,True,
DA_d2_heldout200b/514,DA_d2_heldout200b,514,DA,control,exact_synonym,True,False,False,False,False,False,Constrictive Pericarditis,Restrictive Cardiomyopathy,high,3,0,0,False,True,
DA_d2_heldout200b/514,DA_d2_heldout200b,514,DA,control,typed_relation,True,False,False,False,False,False,Constrictive Pericarditis,Restrictive Cardiomyopathy,high,3,0,0,False,True,
DA_d2_heldout200b/518,DA_d2_heldout200b,518,DA,unsafe_fold,legacy_substring,True,False,False,False,False,False,Still's disease,Histiocytosis,high,6,0,5,True,True,
DA_d2_heldout200b/518,DA_d2_heldout200b,518,DA,unsafe_fold,exact_synonym,True,False,False,False,False,False,Adult-onset Still's disease,Still's disease,high,6,0,5,False,True,
DA_d2_heldout200b/518,DA_d2_heldout200b,518,DA,unsafe_fold,typed_relation,True,False,False,False,False,False,Adult-onset Still's disease,Hemophagocytic lymphohistiocytosis,high,6,1,5,False,True,
DA_d2_heldout200b/522,DA_d2_heldout200b,522,DA,control,legacy_substring,True,False,False,False,False,False,Catatonia,Dementia with Lewy Bodies,high,6,0,0,False,True,
DA_d2_heldout200b/522,DA_d2_heldout200b,522,DA,control,exact_synonym,True,False,False,False,False,False,Catatonia,Dementia with Lewy Bodies,high,6,0,0,False,True,
DA_d2_heldout200b/522,DA_d2_heldout200b,522,DA,control,typed_relation,True,False,False,False,False,False,Catatonia,Dementia with Lewy Bodies,high,6,0,0,False,True,
DA_d2_heldout200b/524,DA_d2_heldout200b,524,DA,unsafe_fold,legacy_substring,True,False,False,False,False,False,Aortic thrombosis,Embolic stroke,medium,2,0,5,False,True,
DA_d2_heldout200b/524,DA_d2_heldout200b,524,DA,unsafe_fold,exact_synonym,True,False,False,False,False,False,Acute Embolic Stroke,Embolic stroke,high,4,0,5,False,True,
DA_d2_heldout200b/524,DA_d2_heldout200b,524,DA,unsafe_fold,typed_relation,True,False,False,False,False,False,Embolic stroke,Acute Embolic Stroke,low,4,2,5,False,True,
DA_d2_heldout200b/527,DA_d2_heldout200b,527,DA,control,legacy_substring,True,False,False,False,False,False,Hemoglobinopathy,Hypertensive intracerebral hemorrhage,high,6,0,0,False,True,
DA_d2_heldout200b/527,DA_d2_heldout200b,527,DA,control,exact_synonym,True,False,False,False,False,False,Hemoglobinopathy,Hypertensive intracerebral hemorrhage,high,6,0,0,False,True,
DA_d2_heldout200b/527,DA_d2_heldout200b,527,DA,control,typed_relation,True,False,False,False,False,False,Hemoglobinopathy,Hypertensive intracerebral hemorrhage,high,6,0,0,False,True,
DA_d2_heldout200b/529,DA_d2_heldout200b,529,DA,unsafe_fold,legacy_substring,True,False,False,False,False,False,Cytomegalovirus (CMV) infection,Immune reconstitution inflammatory syndrome (IRIS),high,6,0,1,False,True,
DA_d2_heldout200b/529,DA_d2_heldout200b,529,DA,unsafe_fold,exact_synonym,True,False,False,False,False,False,Cytomegalovirus (CMV) infection,Immune reconstitution inflammatory syndrome (IRIS),high,6,0,1,False,True,
DA_d2_heldout200b/529,DA_d2_heldout200b,529,DA,unsafe_fold,typed_relation,True,False,False,False,False,False,Cytomegalovirus (CMV) infection,Pneumocystis jirovecii pneumonia (PCP) prophylaxis failure,high,6,1,1,False,True,
DA_d2_heldout200b/530,DA_d2_heldout200b,530,DA,unsafe_fold,legacy_substring,True,False,False,False,False,False,Sjögren's Syndrome,Calcinosis,medium,4,0,2,False,True,
DA_d2_heldout200b/530,DA_d2_heldout200b,530,DA,unsafe_fold,exact_synonym,True,False,False,False,False,False,Limited Systemic Sclerosis,Sjögren's Syndrome,high,5,0,2,False,True,
DA_d2_heldout200b/530,DA_d2_heldout200b,530,DA,unsafe_fold,typed_relation,True,False,False,False,False,False,Limited Systemic Sclerosis,Sjögren's Syndrome,high,5,1,2,False,True,
DA_d2_heldout200b/536,DA_d2_heldout200b,536,DA,control,legacy_substring,True,False,False,False,False,False,Chronic Pulmonary Aspergillosis,Aspergilloma,medium,6,0,0,False,True,
DA_d2_heldout200b/536,DA_d2_heldout200b,536,DA,control,exact_synonym,True,False,False,False,False,False,Chronic Pulmonary Aspergillosis,Aspergilloma,medium,6,0,0,False,True,
DA_d2_heldout200b/536,DA_d2_heldout200b,536,DA,control,typed_relation,True,False,False,False,False,False,Chronic Pulmonary Aspergillosis,Aspergilloma,medium,6,0,0,False,True,
DA_d2_heldout200b/539,DA_d2_heldout200b,539,DA,unsafe_fold,legacy_substring,True,False,False,False,False,False,Pancreatic panniculitis,Pancreatic cancer,high,3,0,2,False,True,
DA_d2_heldout200b/539,DA_d2_heldout200b,539,DA,unsafe_fold,exact_synonym,True,False,False,False,False,False,Pancreatic cancer with panniculitis,Pancreatic panniculitis,high,4,0,2,False,True,
DA_d2_heldout200b/539,DA_d2_heldout200b,539,DA,unsafe_fold,typed_relation,True,False,False,False,False,False,Pancreatic cancer with panniculitis,Pancreatic panniculitis,high,4,2,2,False,True,
DA_d2_heldout200b/544,DA_d2_heldout200b,544,DA,control,legacy_substring,True,False,False,False,False,False,Ehlers-Danlos Syndrome,Marfan Syndrome,high,3,0,0,False,True,
DA_d2_heldout200b/544,DA_d2_heldout200b,544,DA,control,exact_synonym,True,False,False,False,False,False,Ehlers-Danlos Syndrome,Marfan Syndrome,high,3,0,0,False,True,
DA_d2_heldout200b/544,DA_d2_heldout200b,544,DA,control,typed_relation,True,False,False,False,False,False,Ehlers-Danlos Syndrome,Marfan Syndrome,high,3,0,0,False,True,
DA_d2_heldout200b/548,DA_d2_heldout200b,548,DA,unsafe_fold,legacy_substring,True,False,False,False,False,False,Rhabdomyolysis,Acute tubular necrosis,high,5,0,6,True,True,
DA_d2_heldout200b/548,DA_d2_heldout200b,548,DA,unsafe_fold,exact_synonym,True,False,False,False,False,False,Drug-induced rhabdomyolysis,Rhabdomyolysis,high,6,0,6,False,True,
DA_d2_heldout200b/548,DA_d2_heldout200b,548,DA,unsafe_fold,typed_relation,True,False,False,False,False,False,Drug-induced rhabdomyolysis,Rhabdomyolysis,high,6,1,6,False,True,
DA_d2_heldout200b/549,DA_d2_heldout200b,549,DA,unsafe_fold,legacy_substring,True,False,False,False,False,False,Systemic Lupus Erythematosus,Rapidly Progressive Glomerulonephritis,high,3,0,4,True,True,
DA_d2_heldout200b/549,DA_d2_heldout200b,549,DA,unsafe_fold,exact_synonym,True,False,False,False,False,False,IgA Nephropathy,Systemic Lupus Erythematosus (SLE) with renal involvement,medium,5,0,4,False,True,
DA_d2_heldout200b/549,DA_d2_heldout200b,549,DA,unsafe_fold,typed_relation,True,False,False,False,False,False,Systemic Lupus Erythematosus (SLE) with renal involvement,Systemic Lupus Erythematosus,high,5,2,4,False,True,
DA_d2_heldout200b/553,DA_d2_heldout200b,553,DA,unsafe_fold,legacy_substring,True,False,False,False,False,False,Paraganglioma,Neuroendocrine tumor,high,3,0,3,True,True,
DA_d2_heldout200b/553,DA_d2_heldout200b,553,DA,unsafe_fold,exact_synonym,True,False,False,False,False,False,Paraganglioma,Prostatic paraganglioma,high,4,0,3,False,True,
DA_d2_heldout200b/553,DA_d2_heldout200b,553,DA,unsafe_fold,typed_relation,True,False,False,False,False,False,Paraganglioma,Prostatic paraganglioma,high,4,1,3,False,True,
DA_d2_heldout200b/555,DA_d2_heldout200b,555,DA,unsafe_fold,legacy_substring,True,False,False,False,False,False,Diabetic ketoacidosis,Acute kidney injury,medium,3,0,16,True,True,
DA_d2_heldout200b/555,DA_d2_heldout200b,555,DA,unsafe_fold,exact_synonym,True,False,False,False,False,False,Starvation Ketoacidosis,Ketoacidosis,high,5,0,16,False,True,
DA_d2_heldout200b/555,DA_d2_heldout200b,555,DA,unsafe_fold,typed_relation,True,False,False,False,False,False,Starvation Ketoacidosis,Ketoacidosis,high,5,2,16,False,True,
DA_d2_heldout200b/560,DA_d2_heldout200b,560,DA,control,legacy_substring,True,False,False,False,False,False,Thyroid Storm,Hyperthyroidism,medium,6,0,0,False,True,
DA_d2_heldout200b/560,DA_d2_heldout200b,560,DA,control,exact_synonym,True,False,False,False,False,False,Thyroid Storm,Hyperthyroidism,medium,6,0,0,False,True,
DA_d2_heldout200b/560,DA_d2_heldout200b,560,DA,control,typed_relation,True,False,False,False,False,False,Thyroid Storm,Hyperthyroidism,medium,6,0,0,False,True,
DA_d2_heldout200b/563,DA_d2_heldout200b,563,DA,control,legacy_substring,True,False,False,False,False,False,Gram-negative bacillary bacteremia,Sepsis,high,6,0,0,False,True,
DA_d2_heldout200b/563,DA_d2_heldout200b,563,DA,control,exact_synonym,True,False,False,False,False,False,Gram-negative bacillary bacteremia,Sepsis,high,6,0,0,False,True,
DA_d2_heldout200b/563,DA_d2_heldout200b,563,DA,control,typed_relation,True,False,False,False,False,False,Gram-negative bacillary bacteremia,Sepsis,high,6,0,0,False,True,
DA_d2_heldout200b/565,DA_d2_heldout200b,565,DA,unsafe_fold,legacy_substring,True,False,False,False,False,False,Lung adenocarcinoma,Lung cancer,high,6,0,1,True,True,
DA_d2_heldout200b/565,DA_d2_heldout200b,565,DA,unsafe_fold,exact_synonym,True,False,False,False,False,False,ALK-positive lung adenocarcinoma,Lung adenocarcinoma,high,6,0,1,False,True,
DA_d2_heldout200b/565,DA_d2_heldout200b,565,DA,unsafe_fold,typed_relation,True,False,False,False,False,False,ALK-positive lung adenocarcinoma,Lung adenocarcinoma,high,6,1,1,False,True,
DA_d2_heldout200b/566,DA_d2_heldout200b,566,DA,unsafe_fold,legacy_substring,True,False,False,False,False,False,Chylothorax,Nodular lymphocyte-predominant Hodgkin lymphoma,high,4,0,5,False,True,
DA_d2_heldout200b/566,DA_d2_heldout200b,566,DA,unsafe_fold,exact_synonym,True,False,False,False,False,False,Diffuse Large B-Cell Lymphoma,Lymphoma,high,6,0,5,False,True,
DA_d2_heldout200b/566,DA_d2_heldout200b,566,DA,unsafe_fold,typed_relation,True,False,False,False,False,False,Diffuse Large B-Cell Lymphoma,Lymphoma,high,6,3,5,False,True,
DA_d2_heldout200b/567,DA_d2_heldout200b,567,DA,unsafe_fold,legacy_substring,True,False,False,False,False,False,Sepsis,Acute Kidney Injury,high,4,0,13,True,True,
DA_d2_heldout200b/567,DA_d2_heldout200b,567,DA,unsafe_fold,exact_synonym,True,False,False,False,False,False,Gram-negative sepsis,Sepsis,high,6,0,13,False,True,
DA_d2_heldout200b/567,DA_d2_heldout200b,567,DA,unsafe_fold,typed_relation,True,False,False,False,False,False,Gram-negative sepsis,Sepsis,high,6,3,13,False,True,
DA_d2_heldout200b/568,DA_d2_heldout200b,568,DA,unsafe_fold,legacy_substring,True,False,False,False,False,False,Synovial Sarcoma,Cardiac Sarcoma,high,4,0,3,True,True,
DA_d2_heldout200b/568,DA_d2_heldout200b,568,DA,unsafe_fold,exact_synonym,True,False,False,False,False,False,Cardiac Synovial Sarcoma,Synovial Sarcoma,high,5,0,3,False,True,
DA_d2_heldout200b/568,DA_d2_heldout200b,568,DA,unsafe_fold,typed_relation,True,False,False,False,False,False,Cardiac Synovial Sarcoma,Synovial Sarcoma,high,5,2,3,False,True,
DA_d2_heldout200b/575,DA_d2_heldout200b,575,DA,unsafe_fold,legacy_substring,True,False,False,False,False,False,Malaria,SARS-CoV-2 infection,high,3,0,5,True,True,
DA_d2_heldout200b/575,DA_d2_heldout200b,575,DA,unsafe_fold,exact_synonym,True,False,False,False,False,False,Plasmodium falciparum malaria,Malaria,high,5,0,5,False,True,
DA_d2_heldout200b/575,DA_d2_heldout200b,575,DA,unsafe_fold,typed_relation,True,False,False,False,False,False,Plasmodium falciparum malaria,Malaria,high,5,2,5,False,True,
DA_d2_heldout200b/579,DA_d2_heldout200b,579,DA,unsafe_fold,legacy_substring,True,False,False,False,False,False,Brain Abscess,Post-Surgical Infection,high,6,0,6,True,True,
DA_d2_heldout200b/579,DA_d2_heldout200b,579,DA,unsafe_fold,exact_synonym,True,False,False,False,False,False,Otogenic Brain Abscess,Brain Abscess,high,6,0,6,False,True,
DA_d2_heldout200b/579,DA_d2_heldout200b,579,DA,unsafe_fold,typed_relation,True,False,False,False,False,False,Otogenic Brain Abscess,Brain Abscess,high,6,1,6,False,True,
DA_d2_heldout200b/580,DA_d2_heldout200b,580,DA,control,legacy_substring,True,False,False,False,False,False,Cutaneous T-cell lymphoma,Behçet's disease,high,5,0,0,False,True,
DA_d2_heldout200b/580,DA_d2_heldout200b,580,DA,control,exact_synonym,True,False,False,False,False,False,Cutaneous T-cell lymphoma,Behçet's disease,high,5,0,0,False,True,
DA_d2_heldout200b/580,DA_d2_heldout200b,580,DA,control,typed_relation,True,False,False,False,False,False,Cutaneous T-cell lymphoma,Behçet's disease,high,5,0,0,False,True,
DA_d2_heldout200b/583,DA_d2_heldout200b,583,DA,unsafe_fold,legacy_substring,True,False,False,False,False,False,Transverse myelitis,Acute Spinal Cord Compression,medium,3,0,7,False,True,
DA_d2_heldout200b/583,DA_d2_heldout200b,583,DA,unsafe_fold,exact_synonym,True,False,False,False,False,False,Spinal Cord Injury,Transverse myelitis,high,5,0,7,False,True,
DA_d2_heldout200b/583,DA_d2_heldout200b,583,DA,unsafe_fold,typed_relation,True,False,False,False,False,False,Spinal Cord Injury,Traumatic Spinal Cord Injury,high,5,2,7,False,True,
DA_d2_heldout200b/584,DA_d2_heldout200b,584,DA,unsafe_fold,legacy_substring,True,False,False,False,False,False,Hypersplenism,Thrombocytopenia,high,3,0,11,False,True,
DA_d2_heldout200b/584,DA_d2_heldout200b,584,DA,unsafe_fold,exact_synonym,True,False,False,False,False,False,Hypersplenism,Cirrhosis-related thrombocytopenia,high,6,0,11,False,True,
DA_d2_heldout200b/584,DA_d2_heldout200b,584,DA,unsafe_fold,typed_relation,True,False,False,False,False,False,Hypersplenism,Cirrhosis-related thrombocytopenia,high,6,4,11,False,True,
DA_d2_heldout200b/587,DA_d2_heldout200b,587,DA,unsafe_fold,legacy_substring,True,False,False,False,False,False,Drug-induced pneumonitis,Drug-Induced Interstitial Lung Disease,low,6,0,1,False,True,
DA_d2_heldout200b/587,DA_d2_heldout200b,587,DA,unsafe_fold,exact_synonym,True,False,False,False,False,False,Drug-induced pneumonitis,Drug-Induced Interstitial Lung Disease,high,6,0,1,False,True,
DA_d2_heldout200b/587,DA_d2_heldout200b,587,DA,unsafe_fold,typed_relation,True,False,False,False,False,False,Drug-induced pneumonitis,Drug-Induced Interstitial Lung Disease,high,6,1,1,False,True,
DA_d2_heldout200b/589,DA_d2_heldout200b,589,DA,unsafe_fold,legacy_substring,True,False,False,False,False,False,Empyema,Sepsis,high,5,0,3,True,True,
DA_d2_heldout200b/589,DA_d2_heldout200b,589,DA,unsafe_fold,exact_synonym,True,False,False,False,False,False,Spontaneous Bacterial Empyema,Pleural Empyema,high,6,0,3,False,True,
DA_d2_heldout200b/589,DA_d2_heldout200b,589,DA,unsafe_fold,typed_relation,True,False,False,False,False,False,Spontaneous Bacterial Empyema,Pleural Empyema,high,6,2,3,False,True,
DA_d2_heldout200b/590,DA_d2_heldout200b,590,DA,unsafe_fold,legacy_substring,True,False,False,False,False,False,Ventricular Aneurysm,Myocardial Infarction,high,4,0,7,False,True,
DA_d2_heldout200b/590,DA_d2_heldout200b,590,DA,unsafe_fold,exact_synonym,True,False,False,False,False,False,Inferior Wall Myocardial Infarction with Aneurysm Formation,Inferior Wall Myocardial Infarction,high,6,0,7,False,True,
DA_d2_heldout200b/590,DA_d2_heldout200b,590,DA,unsafe_fold,typed_relation,True,False,False,False,False,False,Inferior Wall Myocardial Infarction with Aneurysm Formation,Inferior Wall Myocardial Infarction,high,6,3,7,False,True,
DA_d2_heldout200b/591,DA_d2_heldout200b,591,DA,unsafe_fold,legacy_substring,True,False,False,False,False,False,Myocardial Infarction,Acute Coronary Syndrome,high,4,0,2,True,True,
DA_d2_heldout200b/591,DA_d2_heldout200b,591,DA,unsafe_fold,exact_synonym,True,False,False,False,False,False,Spontaneous Coronary Artery Dissection,Myocardial Infarction with Non-Obstructive Coronary Artery Disease,high,5,0,2,False,True,
DA_d2_heldout200b/591,DA_d2_heldout200b,591,DA,unsafe_fold,typed_relation,True,False,False,False,False,False,Spontaneous Coronary Artery Dissection,Myocardial Infarction with Non-Obstructive Coronary Artery Disease,medium,5,2,2,False,True,
DA_d2_heldout200b/592,DA_d2_heldout200b,592,DA,unsafe_fold,legacy_substring,True,False,False,False,False,False,Pulmonary Embolism,Cor Pulmonale,high,5,0,1,False,True,
DA_d2_heldout200b/592,DA_d2_heldout200b,592,DA,unsafe_fold,exact_synonym,True,False,False,False,False,False,Pulmonary Embolism,Acute Cor Pulmonale,high,6,0,1,False,True,
DA_d2_heldout200b/592,DA_d2_heldout200b,592,DA,unsafe_fold,typed_relation,True,False,False,False,False,False,Pulmonary Embolism,Acute Cor Pulmonale,high,6,1,1,False,True,
DA_d2_heldout200b/601,DA_d2_heldout200b,601,DA,unsafe_fold,legacy_substring,True,False,False,False,False,False,Ectopic ACTH-producing tumor,Cushing's syndrome,high,5,0,2,False,True,
DA_d2_heldout200b/601,DA_d2_heldout200b,601,DA,unsafe_fold,exact_synonym,True,False,False,False,False,False,Cushing's syndrome due to ectopic ACTH-producing tumor,Ectopic ACTH-producing tumor,high,6,0,2,False,True,
DA_d2_heldout200b/601,DA_d2_heldout200b,601,DA,unsafe_fold,typed_relation,True,False,False,False,False,False,Cushing's syndrome due to ectopic ACTH-producing tumor,Ectopic ACTH-producing tumor,high,6,2,2,False,True,
DA_d2_heldout200b/602,DA_d2_heldout200b,602,DA,unsafe_fold,legacy_substring,True,False,False,False,False,False,Calcinosis,Scleroderma,high,6,0,2,True,True,
DA_d2_heldout200b/602,DA_d2_heldout200b,602,DA,unsafe_fold,exact_synonym,True,False,False,False,False,False,Calcinosis Cutis,Calcinosis,medium,6,0,2,False,True,
DA_d2_heldout200b/602,DA_d2_heldout200b,602,DA,unsafe_fold,typed_relation,True,False,False,False,False,False,Calcinosis Cutis,Calcinosis,high,6,1,2,False,True,
DA_d2_heldout200b/604,DA_d2_heldout200b,604,DA,unsafe_fold,legacy_substring,True,False,False,False,False,False,Lymphoma,,high,1,0,31,True,True,
DA_d2_heldout200b/604,DA_d2_heldout200b,604,DA,unsafe_fold,exact_synonym,True,False,False,False,False,False,Lymphomatoid granulomatosis,Diffuse Large B-Cell Lymphoma,high,5,0,31,False,True,
DA_d2_heldout200b/604,DA_d2_heldout200b,604,DA,unsafe_fold,typed_relation,True,False,False,False,False,False,Lymphomatoid granulomatosis,Diffuse Large B-Cell Lymphoma,medium,5,4,31,False,True,
DA_d2_heldout200b/605,DA_d2_heldout200b,605,DA,unsafe_fold,legacy_substring,True,False,False,False,False,False,Thrombotic Thrombocytopenic Purpura,Thrombotic Microangiopathy (TMA),high,4,0,6,False,True,
DA_d2_heldout200b/605,DA_d2_heldout200b,605,DA,unsafe_fold,exact_synonym,True,False,False,False,False,False,Thrombotic Thrombocytopenic Purpura,Ischemic Stroke,high,6,0,6,False,True,
DA_d2_heldout200b/605,DA_d2_heldout200b,605,DA,unsafe_fold,typed_relation,True,False,False,False,False,False,Thrombotic Thrombocytopenic Purpura,Ischemic Stroke,high,6,3,6,False,True,
DA_d2_heldout200b/608,DA_d2_heldout200b,608,DA,unsafe_fold,legacy_substring,True,False,False,False,False,False,Cardiac Sarcoidosis,Dilated Cardiomyopathy,high,4,0,2,True,True,
DA_d2_heldout200b/608,DA_d2_heldout200b,608,DA,unsafe_fold,exact_synonym,True,False,False,False,False,False,Cardiac Sarcoidosis,Sarcoidosis,high,5,0,2,False,True,
DA_d2_heldout200b/608,DA_d2_heldout200b,608,DA,unsafe_fold,typed_relation,True,False,False,False,False,False,Cardiac Sarcoidosis,Dilated Cardiomyopathy,high,5,1,2,False,True,
DA_d2_heldout200b/611,DA_d2_heldout200b,611,DA,unsafe_fold,legacy_substring,True,False,False,False,False,False,Multisystem inflammatory syndrome,Coronary artery thrombosis,high,6,0,2,False,True,
DA_d2_heldout200b/611,DA_d2_heldout200b,611,DA,unsafe_fold,exact_synonym,True,False,False,False,False,False,Multisystem inflammatory syndrome,Vaccine-associated myocarditis,high,6,0,2,False,True,
DA_d2_heldout200b/611,DA_d2_heldout200b,611,DA,unsafe_fold,typed_relation,True,False,False,False,False,False,Multisystem inflammatory syndrome,Vaccine-associated myocarditis,high,6,1,2,False,True,
DA_d2_heldout200b/615,DA_d2_heldout200b,615,DA,unsafe_fold,legacy_substring,True,False,False,False,False,False,Klebsiella pneumoniae liver abscess,Klebsiella pneumoniae infection,high,5,0,7,True,True,
DA_d2_heldout200b/615,DA_d2_heldout200b,615,DA,unsafe_fold,exact_synonym,True,False,False,False,False,False,Klebsiella pneumoniae infection,Klebsiella pneumoniae liver abscess,medium,6,0,7,False,True,
DA_d2_heldout200b/615,DA_d2_heldout200b,615,DA,unsafe_fold,typed_relation,True,False,False,False,False,False,Klebsiella pneumoniae liver abscess,Klebsiella pneumoniae osteomyelitis,medium,6,2,7,False,True,
DA_d2_heldout200b/618,DA_d2_heldout200b,618,DA,unsafe_fold,legacy_substring,True,False,False,False,False,False,Diffuse large B-cell lymphoma,Tolosa-Hunt syndrome,high,6,0,2,True,True,
DA_d2_heldout200b/618,DA_d2_heldout200b,618,DA,unsafe_fold,exact_synonym,True,False,False,False,False,False,Lymphoma,Tolosa-Hunt syndrome,high,6,0,2,False,True,
DA_d2_heldout200b/618,DA_d2_heldout200b,618,DA,unsafe_fold,typed_relation,True,False,False,False,False,False,Lymphoma,Tolosa-Hunt syndrome,high,6,0,2,False,True,
DA_d2_heldout200b/619,DA_d2_heldout200b,619,DA,unsafe_fold,legacy_substring,True,False,False,False,False,False,Vasculitis,Myocarditis,medium,5,0,5,False,True,
DA_d2_heldout200b/619,DA_d2_heldout200b,619,DA,unsafe_fold,exact_synonym,True,False,False,False,False,False,Vasculitis,Myocarditis,medium,6,0,5,False,True,
DA_d2_heldout200b/619,DA_d2_heldout200b,619,DA,unsafe_fold,typed_relation,True,False,False,False,False,False,Vasculitis,Myocarditis,medium,6,1,5,False,True,
DA_d2_heldout200b/620,DA_d2_heldout200b,620,DA,unsafe_fold,legacy_substring,True,False,False,False,False,False,Hepatosplenic Candidiasis,Candidemia,high,3,0,3,True,True,
DA_d2_heldout200b/620,DA_d2_heldout200b,620,DA,unsafe_fold,exact_synonym,True,False,False,False,False,False,Hepatosplenic Candidiasis,Candidemia,low,4,0,3,False,True,
DA_d2_heldout200b/620,DA_d2_heldout200b,620,DA,unsafe_fold,typed_relation,True,False,False,False,False,False,Hepatosplenic Candidiasis,Candidemia,high,4,1,3,False,True,
DA_d2_heldout200b/628,DA_d2_heldout200b,628,DA,unsafe_fold,legacy_substring,True,False,False,False,False,False,Acute Pericarditis,Myocardial Infarction,high,3,0,2,False,True,
DA_d2_heldout200b/628,DA_d2_heldout200b,628,DA,unsafe_fold,exact_synonym,True,False,False,False,False,False,Acute Pericarditis,Acute myocardial infarction,high,4,0,2,False,True,
DA_d2_heldout200b/628,DA_d2_heldout200b,628,DA,unsafe_fold,typed_relation,True,False,False,False,False,False,Acute Pericarditis,Acute myocardial infarction,medium,4,1,2,False,True,
DA_d2_heldout200b/629,DA_d2_heldout200b,629,DA,control,legacy_substring,True,False,False,False,False,False,Hemolytic Uremic Syndrome (HUS),Thrombotic Thrombocytopenic Purpura (TTP),medium,3,0,0,False,True,
DA_d2_heldout200b/629,DA_d2_heldout200b,629,DA,control,exact_synonym,True,False,False,False,False,False,Hemolytic Uremic Syndrome (HUS),Thrombotic Thrombocytopenic Purpura (TTP),medium,3,0,0,False,True,
DA_d2_heldout200b/629,DA_d2_heldout200b,629,DA,control,typed_relation,True,False,False,False,False,False,Hemolytic Uremic Syndrome (HUS),Thrombotic Thrombocytopenic Purpura (TTP),medium,3,0,0,False,True,
DA_d2_heldout200b/632,DA_d2_heldout200b,632,DA,control,legacy_substring,False,False,False,False,False,False,,,,4,0,0,False,True,"champion_id must be one of ['D1', 'D2', 'D3', 'D4']; got ''"
DA_d2_heldout200b/632,DA_d2_heldout200b,632,DA,control,exact_synonym,False,False,False,False,False,False,,,,4,0,0,False,True,"champion_id must be one of ['D1', 'D2', 'D3', 'D4']; got ''"
DA_d2_heldout200b/632,DA_d2_heldout200b,632,DA,control,typed_relation,False,False,False,False,False,False,,,,4,0,0,False,True,"champion_id must be one of ['D1', 'D2', 'D3', 'D4']; got ''"
DA_d2_heldout200b/633,DA_d2_heldout200b,633,DA,unsafe_fold,legacy_substring,True,False,False,False,False,False,Tuberculous meningitis,Cysticercosis,medium,5,0,7,True,True,
DA_d2_heldout200b/633,DA_d2_heldout200b,633,DA,unsafe_fold,exact_synonym,True,False,False,False,False,False,Meningitis,Tuberculous meningitis,medium,6,0,7,False,True,
DA_d2_heldout200b/633,DA_d2_heldout200b,633,DA,unsafe_fold,typed_relation,True,False,False,False,False,False,Neurocysticercosis,Tuberculous meningitis,high,6,2,7,False,True,
DA_d2_heldout200b/634,DA_d2_heldout200b,634,DA,unsafe_fold,legacy_substring,True,False,False,False,False,False,Sigmoid colon cancer,Sigmoid cancer,low,6,0,1,False,True,
DA_d2_heldout200b/634,DA_d2_heldout200b,634,DA,unsafe_fold,exact_synonym,True,False,False,False,False,False,Sigmoid colon cancer,Sigmoid cancer,low,6,0,1,False,True,
DA_d2_heldout200b/634,DA_d2_heldout200b,634,DA,unsafe_fold,typed_relation,True,False,False,False,False,False,Sigmoid colon cancer,Sigmoid cancer,high,6,1,1,False,True,
DA_d2_heldout200b/637,DA_d2_heldout200b,637,DA,unsafe_fold,legacy_substring,True,False,False,False,False,False,Allergic reaction to vaccination,Urticaria,high,4,0,9,False,True,
DA_d2_heldout200b/637,DA_d2_heldout200b,637,DA,unsafe_fold,exact_synonym,True,False,False,False,False,False,Allergic reaction to vaccination,Acute urticaria,high,6,0,9,False,True,
DA_d2_heldout200b/637,DA_d2_heldout200b,637,DA,unsafe_fold,typed_relation,True,False,False,False,False,False,Acute urticaria,Allergic reaction to vaccination,medium,6,2,9,False,True,
DA_d2_heldout200b/638,DA_d2_heldout200b,638,DA,unsafe_fold,legacy_substring,True,False,False,True,True,True,Histoplasmosis,Candidiasis,high,3,0,17,True,True,
DA_d2_heldout200b/638,DA_d2_heldout200b,638,DA,unsafe_fold,exact_synonym,True,True,True,True,True,False,Laryngeal histoplasmosis,Histoplasmosis,high,6,0,17,False,True,
DA_d2_heldout200b/638,DA_d2_heldout200b,638,DA,unsafe_fold,typed_relation,True,True,True,True,True,False,Laryngeal histoplasmosis,Histoplasmosis,high,6,3,17,False,True,
DA_d2_heldout200b/639,DA_d2_heldout200b,639,DA,control,legacy_substring,True,False,False,False,False,False,VP Shunt Infection,Brucellosis,medium,3,0,0,False,True,
DA_d2_heldout200b/639,DA_d2_heldout200b,639,DA,control,exact_synonym,True,False,False,False,False,False,VP Shunt Infection,Brucellosis,medium,3,0,0,False,True,
DA_d2_heldout200b/639,DA_d2_heldout200b,639,DA,control,typed_relation,True,False,False,False,False,False,VP Shunt Infection,Brucellosis,medium,3,0,0,False,True,
DA_d2_heldout200b/642,DA_d2_heldout200b,642,DA,control,legacy_substring,True,False,False,False,False,False,Pyogenic Liver Abscess,Fusobacterium infection,high,5,0,0,False,True,
DA_d2_heldout200b/642,DA_d2_heldout200b,642,DA,control,exact_synonym,True,False,False,False,False,False,Pyogenic Liver Abscess,Fusobacterium infection,high,5,0,0,False,True,
DA_d2_heldout200b/642,DA_d2_heldout200b,642,DA,control,typed_relation,True,False,False,False,False,False,Pyogenic Liver Abscess,Fusobacterium infection,high,5,0,0,False,True,
DA_d2_heldout200b/649,DA_d2_heldout200b,649,DA,unsafe_fold,legacy_substring,True,False,False,False,False,False,COVID-19,Pulmonary Embolism,high,4,0,2,True,True,
DA_d2_heldout200b/649,DA_d2_heldout200b,649,DA,unsafe_fold,exact_synonym,True,False,False,False,False,False,COVID-19 pneumonia,COVID-19,medium,5,0,2,False,True,
DA_d2_heldout200b/649,DA_d2_heldout200b,649,DA,unsafe_fold,typed_relation,True,False,False,False,False,False,COVID-19 pneumonia,COVID-19,medium,5,1,2,False,True,
DA_d2_heldout200b/652,DA_d2_heldout200b,652,DA,unsafe_fold,legacy_substring,True,False,False,False,False,False,Gram-negative bacteremia,Sepsis,high,3,0,5,False,True,
DA_d2_heldout200b/652,DA_d2_heldout200b,652,DA,unsafe_fold,exact_synonym,True,False,False,False,False,False,Gram-negative bacteremia,Gram-negative bacillary sepsis,high,5,0,5,False,True,
DA_d2_heldout200b/652,DA_d2_heldout200b,652,DA,unsafe_fold,typed_relation,True,False,False,False,False,False,Gram-negative bacillary sepsis,Gram-negative bacteremia,high,5,2,5,False,True,
DA_d2_heldout200b/653,DA_d2_heldout200b,653,DA,unsafe_fold,legacy_substring,True,False,False,False,False,False,Hepatic artery thrombosis,Bile Duct Dilatation,high,5,0,2,True,True,
DA_d2_heldout200b/653,DA_d2_heldout200b,653,DA,unsafe_fold,exact_synonym,True,False,False,False,False,False,Hepatic artery thrombosis,Thrombosis,high,6,0,2,False,True,
DA_d2_heldout200b/653,DA_d2_heldout200b,653,DA,unsafe_fold,typed_relation,True,False,False,False,False,False,Hepatic artery thrombosis,Thrombosis,high,6,1,2,False,True,
DA_d2_heldout200b/660,DA_d2_heldout200b,660,DA,unsafe_fold,legacy_substring,True,False,False,False,False,False,Ovarian serous adenocarcinoma,Ovarian cancer,high,6,0,5,False,True,
DA_d2_heldout200b/660,DA_d2_heldout200b,660,DA,unsafe_fold,exact_synonym,True,False,False,False,False,False,BRCA-1 mutated ovarian cancer,Metastatic ovarian cancer,high,6,0,5,False,True,
DA_d2_heldout200b/660,DA_d2_heldout200b,660,DA,unsafe_fold,typed_relation,True,False,False,False,False,False,BRCA-1 mutated ovarian cancer,Metastatic ovarian cancer,high,6,3,5,False,True,
DA_d2_heldout200b/661,DA_d2_heldout200b,661,DA,control,legacy_substring,True,False,False,False,False,False,Leiomyoma of the Uterine Tube,Cellular leiomyoma,high,6,0,0,False,True,
DA_d2_heldout200b/661,DA_d2_heldout200b,661,DA,control,exact_synonym,True,False,False,False,False,False,Leiomyoma of the Uterine Tube,Cellular leiomyoma,high,6,0,0,False,True,
DA_d2_heldout200b/661,DA_d2_heldout200b,661,DA,control,typed_relation,True,False,False,False,False,False,Leiomyoma of the Uterine Tube,Uterine Leiomyoma,high,6,1,0,False,True,
DA_d2_heldout200b/662,DA_d2_heldout200b,662,DA,unsafe_fold,legacy_substring,True,False,False,False,False,False,Hemophagocytic Lymphohistiocytosis (HLH),Influenza-associated encephalitis,high,6,0,2,True,True,
DA_d2_heldout200b/662,DA_d2_heldout200b,662,DA,unsafe_fold,exact_synonym,True,False,False,False,False,False,Hemophagocytic Lymphohistiocytosis (HLH),Hemophagocytic lymphohistiocytosis,high,6,0,2,False,True,
DA_d2_heldout200b/662,DA_d2_heldout200b,662,DA,unsafe_fold,typed_relation,True,False,False,False,False,False,Hemophagocytic Lymphohistiocytosis (HLH),Influenza-associated encephalitis,medium,6,1,2,False,True,
DA_d2_heldout200b/665,DA_d2_heldout200b,665,DA,unsafe_fold,legacy_substring,True,False,False,False,False,False,Squamous cell carcinoma of the tongue,Tongue atrophy and deviation due to tumor invasion,high,6,0,5,True,True,
DA_d2_heldout200b/665,DA_d2_heldout200b,665,DA,unsafe_fold,exact_synonym,True,False,False,False,False,False,Human papillomavirus (HPV)-related squamous cell carcinoma,Squamous cell carcinoma of the tongue,medium,6,0,5,False,True,
DA_d2_heldout200b/665,DA_d2_heldout200b,665,DA,unsafe_fold,typed_relation,True,False,False,False,False,False,Human papillomavirus (HPV)-related squamous cell carcinoma,Squamous cell carcinoma of the tongue,medium,6,0,5,False,True,
DA_d2_heldout200b/671,DA_d2_heldout200b,671,DA,control,legacy_substring,True,False,False,False,False,False,CSF Leak,Chiari Malformation,high,3,0,0,False,True,
DA_d2_heldout200b/671,DA_d2_heldout200b,671,DA,control,exact_synonym,True,False,False,False,False,False,CSF Leak,Chiari Malformation,high,3,0,0,False,True,
DA_d2_heldout200b/671,DA_d2_heldout200b,671,DA,control,typed_relation,True,False,False,False,False,False,CSF Leak,Chiari Malformation,high,3,0,0,False,True,
DA_d2_heldout200b/681,DA_d2_heldout200b,681,DA,unsafe_fold,legacy_substring,True,False,False,False,False,False,Amyloidosis,Restrictive Cardiomyopathy,high,3,0,3,True,True,
DA_d2_heldout200b/681,DA_d2_heldout200b,681,DA,unsafe_fold,exact_synonym,True,False,False,False,False,False,Cardiac Amyloidosis,Amyloidosis,high,4,0,3,False,True,
DA_d2_heldout200b/681,DA_d2_heldout200b,681,DA,unsafe_fold,typed_relation,True,False,False,False,False,False,Cardiac Amyloidosis,Amyloidosis,high,4,1,3,False,True,
DA_d2_heldout200b/687,DA_d2_heldout200b,687,DA,unsafe_fold,legacy_substring,True,False,False,False,False,False,Epstein-Barr Virus (EBV) Encephalitis,Meningoencephalitis,high,6,0,1,False,True,
DA_d2_heldout200b/687,DA_d2_heldout200b,687,DA,unsafe_fold,exact_synonym,True,False,False,False,False,False,EBV Meningoencephalitis,Epstein-Barr Virus (EBV) Encephalitis,high,6,0,1,False,True,
DA_d2_heldout200b/687,DA_d2_heldout200b,687,DA,unsafe_fold,typed_relation,True,False,False,False,False,False,EBV Meningoencephalitis,Epstein-Barr Virus (EBV) Encephalitis,high,6,1,1,False,True,
DA_d2_heldout200b/692,DA_d2_heldout200b,692,DA,unsafe_fold,legacy_substring,True,False,False,False,False,False,Infected mediastinal cyst,Abscess,high,6,0,5,False,True,
DA_d2_heldout200b/692,DA_d2_heldout200b,692,DA,unsafe_fold,exact_synonym,True,False,False,False,False,False,Mediastinal abscess,Abscess,high,6,0,5,False,True,
DA_d2_heldout200b/692,DA_d2_heldout200b,692,DA,unsafe_fold,typed_relation,True,False,False,False,False,False,Mediastinal abscess,Abscess,high,6,2,5,False,True,
DA_d2_heldout200b/693,DA_d2_heldout200b,693,DA,unsafe_fold,legacy_substring,True,False,False,False,False,False,Psoas Abscess,Klebsiella pneumoniae infection,high,5,0,2,False,True,
DA_d2_heldout200b/693,DA_d2_heldout200b,693,DA,unsafe_fold,exact_synonym,True,False,False,False,False,False,Psoas Abscess,Klebsiella pneumoniae infection,high,6,0,2,False,True,
DA_d2_heldout200b/693,DA_d2_heldout200b,693,DA,unsafe_fold,typed_relation,True,False,False,False,False,False,Psoas Abscess,Klebsiella pneumoniae infection,high,6,1,2,False,True,
DA_d2_heldout200b/701,DA_d2_heldout200b,701,DA,unsafe_fold,legacy_substring,True,False,False,False,False,False,Ruptured Pseudoaneurysm,Hemorrhage,high,4,0,6,True,True,
DA_d2_heldout200b/701,DA_d2_heldout200b,701,DA,unsafe_fold,exact_synonym,True,False,False,False,False,False,Ruptured Pseudoaneurysm of the Inferior Mesenteric Artery,Ruptured Pseudoaneurysm,high,6,0,6,False,True,
DA_d2_heldout200b/701,DA_d2_heldout200b,701,DA,unsafe_fold,typed_relation,True,False,False,False,False,False,Ruptured Pseudoaneurysm of the Inferior Mesenteric Artery,Rupture of pseudoaneurysm,high,6,4,6,False,True,
DA_d2_heldout200b/702,DA_d2_heldout200b,702,DA,unsafe_fold,legacy_substring,True,False,False,False,False,False,Sciatic hernia,Incercerated hernia,high,5,0,2,True,True,
DA_d2_heldout200b/702,DA_d2_heldout200b,702,DA,unsafe_fold,exact_synonym,True,False,False,False,False,False,Sciatic hernia with incarcerated bowel loops,Sciatic hernia,high,6,0,2,False,True,
DA_d2_heldout200b/702,DA_d2_heldout200b,702,DA,unsafe_fold,typed_relation,True,False,False,False,False,False,Sciatic hernia with incarcerated bowel loops,Sciatic hernia,high,6,1,2,False,True,
DA_d2_heldout200b/705,DA_d2_heldout200b,705,DA,unsafe_fold,legacy_substring,True,False,False,False,False,False,Listeriosis,,high,1,0,3,True,True,
DA_d2_heldout200b/705,DA_d2_heldout200b,705,DA,unsafe_fold,exact_synonym,True,False,False,False,False,False,Pregnancy-associated listeriosis,Listeriosis,high,2,0,3,False,True,
DA_d2_heldout200b/705,DA_d2_heldout200b,705,DA,unsafe_fold,typed_relation,True,False,False,False,False,False,Pregnancy-associated listeriosis,Listeriosis,high,2,1,3,False,True,
DA_d2_heldout200b/706,DA_d2_heldout200b,706,DA,control,legacy_substring,True,False,False,False,False,False,Compartment Syndrome,Rhabdomyolysis,medium,5,0,0,False,True,
DA_d2_heldout200b/706,DA_d2_heldout200b,706,DA,control,exact_synonym,True,False,False,False,False,False,Compartment Syndrome,Rhabdomyolysis,medium,5,0,0,False,True,
DA_d2_heldout200b/706,DA_d2_heldout200b,706,DA,control,typed_relation,True,False,False,False,False,False,Compartment Syndrome,Rhabdomyolysis,medium,5,0,0,False,True,
DA_d2_heldout200b/709,DA_d2_heldout200b,709,DA,unsafe_fold,legacy_substring,True,False,False,False,False,False,Tuberculosis,Hemophagocytic lymphohistiocytosis,high,5,0,4,True,True,
DA_d2_heldout200b/709,DA_d2_heldout200b,709,DA,unsafe_fold,exact_synonym,True,False,False,False,False,False,Disseminated Tuberculosis with Hemophagocytic Lymphohistiocytosis,Hemophagocytic lymphohistiocytosis,high,6,0,4,False,True,
DA_d2_heldout200b/709,DA_d2_heldout200b,709,DA,unsafe_fold,typed_relation,True,False,False,False,False,False,Disseminated Tuberculosis with Hemophagocytic Lymphohistiocytosis,Hemophagocytic lymphohistiocytosis,high,6,2,4,False,True,
DA_d2_heldout200b/713,DA_d2_heldout200b,713,DA,unsafe_fold,legacy_substring,True,False,False,False,False,False,Asthma,Respiratory Failure,high,4,0,5,True,True,
DA_d2_heldout200b/713,DA_d2_heldout200b,713,DA,unsafe_fold,exact_synonym,True,False,False,False,False,False,Severe Asthma,Status Asthmaticus,medium,6,0,5,False,True,
DA_d2_heldout200b/713,DA_d2_heldout200b,713,DA,unsafe_fold,typed_relation,True,False,False,False,False,False,Status Asthmaticus,Severe Asthma,medium,6,2,5,False,True,
DA_d2_heldout200b/719,DA_d2_heldout200b,719,DA,unsafe_fold,legacy_substring,True,False,False,False,False,False,Facial Nerve Schwannoma,Multiple sclerosis,medium,6,0,1,False,True,
DA_d2_heldout200b/719,DA_d2_heldout200b,719,DA,unsafe_fold,exact_synonym,True,False,False,False,False,False,Brainstem stroke,Multiple sclerosis,medium,6,0,1,False,True,
DA_d2_heldout200b/719,DA_d2_heldout200b,719,DA,unsafe_fold,typed_relation,True,False,False,False,False,False,Brainstem stroke,Multiple sclerosis,medium,6,1,1,False,True,
DA_d2_heldout200b/730,DA_d2_heldout200b,730,DA,unsafe_fold,legacy_substring,True,False,False,False,False,False,Aortic valve thrombosis,Coronary Artery Thrombosis,high,5,0,4,False,True,
DA_d2_heldout200b/730,DA_d2_heldout200b,730,DA,unsafe_fold,exact_synonym,True,False,False,False,False,False,Thrombotic occlusion of the left coronary artery,Left coronary artery thrombosis,high,6,0,4,False,True,
DA_d2_heldout200b/730,DA_d2_heldout200b,730,DA,unsafe_fold,typed_relation,True,False,False,False,False,False,Thrombotic occlusion of the left coronary artery,Left coronary artery thrombosis,low,6,4,4,False,True,
DA_d2_heldout200b/731,DA_d2_heldout200b,731,DA,unsafe_fold,legacy_substring,True,False,False,False,False,False,Cystic cerebellar tumor,Hemangioblastoma,medium,2,0,6,False,True,
DA_d2_heldout200b/731,DA_d2_heldout200b,731,DA,unsafe_fold,exact_synonym,True,False,False,False,False,False,Cystic cerebellar hemangioblastoma,Hemangioblastoma,high,3,0,6,False,True,
DA_d2_heldout200b/731,DA_d2_heldout200b,731,DA,unsafe_fold,typed_relation,True,False,False,False,False,False,Cystic cerebellar hemangioblastoma,Hemangioblastoma,high,3,1,6,False,True,
DA_d2_heldout200b/732,DA_d2_heldout200b,732,DA,unsafe_fold,legacy_substring,True,False,False,False,False,False,Klebsiella pneumoniae Liver Abscess,Pyogenic Liver Abscess,high,4,0,1,False,True,
DA_d2_heldout200b/732,DA_d2_heldout200b,732,DA,unsafe_fold,exact_synonym,True,False,False,False,False,False,Klebsiella pneumoniae Liver Abscess,Pyogenic Liver Abscess,medium,5,0,1,False,True,
DA_d2_heldout200b/732,DA_d2_heldout200b,732,DA,unsafe_fold,typed_relation,True,False,False,False,False,False,Pyogenic Liver Abscess,Klebsiella pneumoniae Liver Abscess,high,5,1,1,False,True,
DA_d2_heldout200b/733,DA_d2_heldout200b,733,DA,control,legacy_substring,True,False,False,False,False,False,Phototoxic Maculopathy,Photoreceptor damage,high,3,0,0,False,True,
DA_d2_heldout200b/733,DA_d2_heldout200b,733,DA,control,exact_synonym,True,False,False,False,False,False,Phototoxic Maculopathy,Photoreceptor damage,high,3,0,0,False,True,
DA_d2_heldout200b/733,DA_d2_heldout200b,733,DA,control,typed_relation,True,False,False,False,False,False,Phototoxic Maculopathy,Photoreceptor damage,high,3,0,0,False,True,
DA_d2_heldout200b/735,DA_d2_heldout200b,735,DA,unsafe_fold,legacy_substring,True,False,False,False,False,False,Diffuse large B-cell lymphoma,Hypercalcemia of malignancy,medium,4,0,5,True,True,
DA_d2_heldout200b/735,DA_d2_heldout200b,735,DA,unsafe_fold,exact_synonym,True,False,False,False,False,False,Diffuse large B-cell lymphoma,Lymphoma,medium,6,0,5,False,True,
DA_d2_heldout200b/735,DA_d2_heldout200b,735,DA,unsafe_fold,typed_relation,True,False,False,False,False,False,Lymphoma with leukemic phase,Diffuse large B-cell lymphoma,medium,6,2,5,False,True,
DA_d2_heldout200b/736,DA_d2_heldout200b,736,DA,unsafe_fold,legacy_substring,True,False,False,False,False,False,Spondylodiscitis,S. cristatus Infection,high,6,0,3,False,True,
DA_d2_heldout200b/736,DA_d2_heldout200b,736,DA,unsafe_fold,exact_synonym,True,False,False,False,False,False,Spondylodiscitis,Group B Streptococcal Infection,high,6,0,3,False,True,
DA_d2_heldout200b/736,DA_d2_heldout200b,736,DA,unsafe_fold,typed_relation,True,False,False,False,False,False,Spondylodiscitis,Chronic Kidney Disease with Hydroureteronephrosis,high,6,2,3,False,True,
DA_d2_heldout200b/738,DA_d2_heldout200b,738,DA,control,legacy_substring,True,False,False,False,False,False,Congenital Neutropenia,Neutrophil Disorder,high,6,0,0,False,True,
DA_d2_heldout200b/738,DA_d2_heldout200b,738,DA,control,exact_synonym,True,False,False,False,False,False,Congenital Neutropenia,Neutrophil Disorder,high,6,0,0,False,True,
DA_d2_heldout200b/738,DA_d2_heldout200b,738,DA,control,typed_relation,True,False,False,False,False,False,Congenital Neutropenia,Neutrophil Disorder,high,6,0,0,False,True,
DA_d2_heldout200b/740,DA_d2_heldout200b,740,DA,unsafe_fold,legacy_substring,True,False,False,False,False,False,Abdominal Endometriosis,Endometrioma,high,2,0,4,True,True,
DA_d2_heldout200b/740,DA_d2_heldout200b,740,DA,unsafe_fold,exact_synonym,True,False,False,False,False,False,Abdominal wall endometrioma,Abdominal Endometriosis,high,4,0,4,False,True,
DA_d2_heldout200b/740,DA_d2_heldout200b,740,DA,unsafe_fold,typed_relation,True,False,False,False,False,False,Abdominal wall endometrioma,Abdominal Endometriosis,high,4,2,4,False,True,
DA_d2_heldout200b/741,DA_d2_heldout200b,741,DA,unsafe_fold,legacy_substring,True,False,False,False,False,False,Invasive Ductal Carcinoma,Breast Cancer,high,4,0,14,False,True,
DA_d2_heldout200b/741,DA_d2_heldout200b,741,DA,unsafe_fold,exact_synonym,True,False,False,False,False,False,Invasive Ductal Carcinoma,Breast Cancer,high,6,0,14,False,True,
DA_d2_heldout200b/741,DA_d2_heldout200b,741,DA,unsafe_fold,typed_relation,True,False,False,False,False,False,Invasive Ductal Carcinoma,Lymph Node-Positive Breast Cancer,medium,6,4,14,False,True,
DA_d2_heldout200b/748,DA_d2_heldout200b,748,DA,unsafe_fold,legacy_substring,True,False,False,False,False,False,Pyogenic liver abscess,Septic pulmonary emboli,high,5,0,2,False,True,
DA_d2_heldout200b/748,DA_d2_heldout200b,748,DA,unsafe_fold,exact_synonym,True,False,False,False,False,False,Pyogenic liver abscess,Septic pulmonary emboli,high,6,0,2,False,True,
DA_d2_heldout200b/748,DA_d2_heldout200b,748,DA,unsafe_fold,typed_relation,True,False,False,False,False,False,Pyogenic liver abscess,Septic pulmonary emboli,high,6,1,2,False,True,
DA_d2_heldout200b/751,DA_d2_heldout200b,751,DA,unsafe_fold,legacy_substring,True,False,False,False,False,False,Toxoplasmosis,Disseminated tuberculosis,high,6,0,2,False,True,
DA_d2_heldout200b/751,DA_d2_heldout200b,751,DA,unsafe_fold,exact_synonym,True,False,False,False,False,False,Toxoplasmosis,Tuberculosis,high,6,0,2,False,True,
DA_d2_heldout200b/751,DA_d2_heldout200b,751,DA,unsafe_fold,typed_relation,True,False,False,False,False,False,Toxoplasmosis,Tuberculosis,high,6,1,2,False,True,
DA_d2_heldout200b/758,DA_d2_heldout200b,758,DA,unsafe_fold,legacy_substring,True,False,False,False,False,False,Myocarditis,COVID-19-associated myocardial injury,high,5,0,3,True,True,
DA_d2_heldout200b/758,DA_d2_heldout200b,758,DA,unsafe_fold,exact_synonym,True,False,False,False,False,False,COVID-19-associated myocarditis,COVID-19-associated myocardial injury,high,6,0,3,False,True,
DA_d2_heldout200b/758,DA_d2_heldout200b,758,DA,unsafe_fold,typed_relation,True,False,False,False,False,False,COVID-19-associated myocarditis,Myocarditis,high,6,1,3,False,True,
DA_d2_heldout200b/763,DA_d2_heldout200b,763,DA,unsafe_fold,legacy_substring,True,False,False,False,False,False,Hoyeraal-Hreidarsson syndrome,Congenital laryngomalacia,medium,6,0,2,False,True,
DA_d2_heldout200b/763,DA_d2_heldout200b,763,DA,unsafe_fold,exact_synonym,True,False,False,False,False,False,Congenital hypotonia,Congenital laryngomalacia,medium,6,0,2,False,True,
DA_d2_heldout200b/763,DA_d2_heldout200b,763,DA,unsafe_fold,typed_relation,True,False,False,False,False,False,Hoyeraal-Hreidarsson syndrome,Congenital hypotonia,medium,6,1,2,False,True,
DA_d2_heldout200b/766,DA_d2_heldout200b,766,DA,unsafe_fold,legacy_substring,True,False,False,False,False,False,Myopericarditis,Acute Pericarditis,medium,6,0,2,False,True,
DA_d2_heldout200b/766,DA_d2_heldout200b,766,DA,unsafe_fold,exact_synonym,True,False,False,False,False,False,Myopericarditis,Acute Pericarditis,high,6,0,2,False,True,
DA_d2_heldout200b/766,DA_d2_heldout200b,766,DA,unsafe_fold,typed_relation,True,False,False,False,False,False,Myopericarditis,Acute Pericarditis,high,6,2,2,False,True,
DA_d2_heldout200b/767,DA_d2_heldout200b,767,DA,unsafe_fold,legacy_substring,True,False,False,False,False,False,Lymphoma,Metastatic cancer,high,4,0,5,True,True,
DA_d2_heldout200b/767,DA_d2_heldout200b,767,DA,unsafe_fold,exact_synonym,True,False,False,False,False,False,Non-Hodgkin lymphoma,Lymphoma,high,6,0,5,False,True,
DA_d2_heldout200b/767,DA_d2_heldout200b,767,DA,unsafe_fold,typed_relation,True,False,False,False,False,False,Non-Hodgkin lymphoma,Lymphoma,medium,6,3,5,False,True,
DA_d2_heldout200b/769,DA_d2_heldout200b,769,DA,unsafe_fold,legacy_substring,True,False,False,False,False,False,Hereditary Leiomyomatosis and Renal Cell Cancer (HLRCC) syndrome,Uterine leiomyoma,high,4,0,4,True,True,
DA_d2_heldout200b/769,DA_d2_heldout200b,769,DA,unsafe_fold,exact_synonym,True,False,False,False,False,False,Hereditary Leiomyomatosis and Renal Cell Cancer (HLRCC),Uterine Leiomyoma with atypical features,high,6,0,4,False,True,
DA_d2_heldout200b/769,DA_d2_heldout200b,769,DA,unsafe_fold,typed_relation,True,False,False,False,False,False,Hereditary Leiomyomatosis and Renal Cell Cancer (HLRCC),Uterine Leiomyoma with atypical features,high,6,2,4,False,True,
DA_d2_heldout200b/770,DA_d2_heldout200b,770,DA,unsafe_fold,legacy_substring,True,False,False,False,False,False,Pneumonia,Septic Shock,medium,5,0,3,True,True,
DA_d2_heldout200b/770,DA_d2_heldout200b,770,DA,unsafe_fold,exact_synonym,True,False,False,False,False,False,Pneumonia,Septic Shock,high,6,0,3,False,True,
DA_d2_heldout200b/770,DA_d2_heldout200b,770,DA,unsafe_fold,typed_relation,True,False,False,False,False,False,Pneumonia,Septic Shock,medium,6,1,3,False,True,
DA_d2_heldout200b/771,DA_d2_heldout200b,771,DA,unsafe_fold,legacy_substring,True,False,False,False,False,False,Osteoarthritis,Psoriatic Arthritis,medium,6,0,1,False,True,
DA_d2_heldout200b/771,DA_d2_heldout200b,771,DA,unsafe_fold,exact_synonym,True,False,False,False,False,False,Osteoarthritis,Reactive Arthritis,medium,6,0,1,False,True,
DA_d2_heldout200b/771,DA_d2_heldout200b,771,DA,unsafe_fold,typed_relation,True,False,False,False,False,False,Osteoarthritis,Post-vaccination Reactive Arthritis,medium,6,1,1,False,True,
DA_d2_heldout200b/773,DA_d2_heldout200b,773,DA,unsafe_fold,legacy_substring,True,False,False,False,False,False,Eisenmenger Syndrome,Pulmonary Hypertension,high,5,0,3,False,True,
DA_d2_heldout200b/773,DA_d2_heldout200b,773,DA,unsafe_fold,exact_synonym,True,False,False,False,False,False,Pulmonary Arterial Hypertension,Idiopathic Pulmonary Arterial Hypertension,medium,6,0,3,False,True,
DA_d2_heldout200b/773,DA_d2_heldout200b,773,DA,unsafe_fold,typed_relation,True,False,False,False,False,False,Eisenmenger Syndrome,Pulmonary Hypertension,high,6,4,3,False,True,
DA_d2_heldout200b/774,DA_d2_heldout200b,774,DA,control,legacy_substring,True,False,False,False,False,False,Cerebral infarction with gas accumulation,Klebsiella pneumoniae infection,medium,6,0,0,False,True,
DA_d2_heldout200b/774,DA_d2_heldout200b,774,DA,control,exact_synonym,True,False,False,False,False,False,Cerebral infarction with gas accumulation,Klebsiella pneumoniae infection,medium,6,0,0,False,True,
DA_d2_heldout200b/774,DA_d2_heldout200b,774,DA,control,typed_relation,True,False,False,False,False,False,Cerebral infarction with gas accumulation,Klebsiella pneumoniae infection,medium,6,0,0,False,True,
DA_d2_heldout200b/775,DA_d2_heldout200b,775,DA,unsafe_fold,legacy_substring,True,False,False,False,False,False,Mucormycosis,Invasive Fungal Sinusitis,high,5,0,2,False,True,
DA_d2_heldout200b/775,DA_d2_heldout200b,775,DA,unsafe_fold,exact_synonym,True,False,False,False,False,False,Mucormycosis,Invasive Fungal Sinusitis,high,6,0,2,False,True,
DA_d2_heldout200b/775,DA_d2_heldout200b,775,DA,unsafe_fold,typed_relation,True,False,False,False,False,False,Mucormycosis,Invasive Fungal Sinusitis,high,6,1,2,False,True,
DA_d2_heldout200b/777,DA_d2_heldout200b,777,DA,unsafe_fold,legacy_substring,True,False,False,False,False,False,Hemorrhagic Fever with Renal Syndrome (HFRS),Hantavirus infection,high,4,0,2,False,True,
DA_d2_heldout200b/777,DA_d2_heldout200b,777,DA,unsafe_fold,exact_synonym,True,False,False,False,False,False,Hemorrhagic Fever with Renal Syndrome (HFRS),Hantavirus infection,high,5,0,2,False,True,
DA_d2_heldout200b/777,DA_d2_heldout200b,777,DA,unsafe_fold,typed_relation,True,False,False,False,False,False,Hemorrhagic Fever with Renal Syndrome (HFRS),Hantavirus infection,high,5,1,2,False,True,
DA_d2_heldout200b/778,DA_d2_heldout200b,778,DA,unsafe_fold,legacy_substring,True,False,False,False,False,False,Community-acquired pneumonia,Pulmonary tuberculosis,high,4,0,15,True,True,
DA_d2_heldout200b/778,DA_d2_heldout200b,778,DA,unsafe_fold,exact_synonym,True,False,False,False,False,False,Fungal pneumonia,Pneumonia,high,6,0,15,False,True,
DA_d2_heldout200b/778,DA_d2_heldout200b,778,DA,unsafe_fold,typed_relation,True,False,False,False,False,False,Fungal pneumonia,Pneumonia,high,6,4,15,False,True,
DA_d2_seq100/100,DA_d2_seq100,100,DA,unsafe_fold,legacy_substring,True,False,False,False,False,False,Cutaneous metastasis,Angiosarcoma,high,3,0,2,True,True,
DA_d2_seq100/100,DA_d2_seq100,100,DA,unsafe_fold,exact_synonym,True,False,False,False,False,False,Cutaneous metastasis of breast carcinoma,Cutaneous metastasis,high,4,0,2,False,True,
DA_d2_seq100/100,DA_d2_seq100,100,DA,unsafe_fold,typed_relation,True,False,False,False,False,False,Cutaneous metastasis of breast carcinoma,Cutaneous metastasis,high,4,1,2,False,True,
DA_d2_seq100/102,DA_d2_seq100,102,DA,control,legacy_substring,True,False,False,False,False,False,Bullous Congenital Ichthyosiform Erythroderma,Epidermolytic Hyperkeratosis,low,2,0,0,False,True,
DA_d2_seq100/102,DA_d2_seq100,102,DA,control,exact_synonym,True,False,False,False,False,False,Bullous Congenital Ichthyosiform Erythroderma,Epidermolytic Hyperkeratosis,low,2,0,0,False,True,
DA_d2_seq100/102,DA_d2_seq100,102,DA,control,typed_relation,True,False,False,False,False,False,Bullous Congenital Ichthyosiform Erythroderma,Epidermolytic Hyperkeratosis,low,2,0,0,False,True,
DA_d2_seq100/103,DA_d2_seq100,103,DA,unsafe_fold,legacy_substring,True,False,False,False,False,False,Intra-atrial Reentrant Tachycardia,Atrial Tachycardia,high,6,0,1,False,True,
DA_d2_seq100/103,DA_d2_seq100,103,DA,unsafe_fold,exact_synonym,True,False,False,False,False,False,Intra-atrial Reentrant Tachycardia,Supraventricular Tachycardia,high,6,0,1,False,True,
DA_d2_seq100/103,DA_d2_seq100,103,DA,unsafe_fold,typed_relation,True,False,False,False,False,False,Intra-atrial Reentrant Tachycardia,Supraventricular Tachycardia,high,6,1,1,False,True,
DA_d2_seq100/11,DA_d2_seq100,11,DA,unsafe_fold,legacy_substring,True,False,False,False,False,False,Orbital cellulitis,Lacrimal sac abscess,high,4,0,2,True,True,
DA_d2_seq100/11,DA_d2_seq100,11,DA,unsafe_fold,exact_synonym,True,False,False,False,False,False,Orbital cellulitis with lacrimal sac abscess,Orbital cellulitis,high,5,0,2,False,True,
DA_d2_seq100/11,DA_d2_seq100,11,DA,unsafe_fold,typed_relation,True,False,False,False,False,False,Orbital cellulitis with lacrimal sac abscess,Orbital cellulitis,high,5,2,2,False,True,
DA_d2_seq100/114,DA_d2_seq100,114,DA,unsafe_fold,legacy_substring,True,False,False,False,False,False,Toxic Encephalopathy,Posterior Reversible Encephalopathy Syndrome (PRES),medium,4,0,3,False,True,
DA_d2_seq100/114,DA_d2_seq100,114,DA,unsafe_fold,exact_synonym,True,False,False,False,False,False,Toxic Encephalopathy,Posterior Reversible Encephalopathy Syndrome (PRES),high,6,0,3,False,True,
DA_d2_seq100/114,DA_d2_seq100,114,DA,unsafe_fold,typed_relation,True,False,False,False,False,False,Toxic Encephalopathy,Seizure Disorder due to Drug Use,high,6,2,3,False,True,
DA_d2_seq100/117,DA_d2_seq100,117,DA,control,legacy_substring,True,False,False,False,False,False,Staphylococcal skin infection,Erysipeloid,medium,2,0,0,False,True,
DA_d2_seq100/117,DA_d2_seq100,117,DA,control,exact_synonym,True,False,False,False,False,False,Staphylococcal skin infection,Erysipeloid,medium,2,0,0,False,True,
DA_d2_seq100/117,DA_d2_seq100,117,DA,control,typed_relation,True,False,False,False,False,False,Staphylococcal skin infection,Erysipeloid,medium,2,0,0,False,True,
DA_d2_seq100/118,DA_d2_seq100,118,DA,unsafe_fold,legacy_substring,True,False,False,False,False,False,Optic Neuritis,Retinal Vasculitis,high,5,0,9,True,True,
DA_d2_seq100/118,DA_d2_seq100,118,DA,unsafe_fold,exact_synonym,True,False,False,False,False,False,SARS-CoV-2-associated optic neuritis,Viral optic neuritis,high,6,0,9,False,True,
DA_d2_seq100/118,DA_d2_seq100,118,DA,unsafe_fold,typed_relation,True,False,False,False,False,False,SARS-CoV-2-associated optic neuritis,Viral optic neuritis,high,6,3,9,False,True,
DA_d2_seq100/12,DA_d2_seq100,12,DA,unsafe_fold,legacy_substring,True,False,False,False,False,False,Hemangioma,Lymphangioma,high,2,0,2,False,True,
DA_d2_seq100/12,DA_d2_seq100,12,DA,unsafe_fold,exact_synonym,True,False,False,False,False,False,Hemangioma,Lymphangioma,medium,3,0,2,False,True,
DA_d2_seq100/12,DA_d2_seq100,12,DA,unsafe_fold,typed_relation,True,False,False,False,False,False,Hemangioma,Lymphangioma,medium,3,1,2,False,True,
DA_d2_seq100/120,DA_d2_seq100,120,DA,unsafe_fold,legacy_substring,True,False,False,False,False,False,Congenital scleral ectasia,Choroidal coloboma,high,4,0,1,True,True,
DA_d2_seq100/120,DA_d2_seq100,120,DA,unsafe_fold,exact_synonym,True,False,False,False,False,False,Scleral ectasia,Pathologic myopia,high,5,0,1,False,True,
DA_d2_seq100/120,DA_d2_seq100,120,DA,unsafe_fold,typed_relation,True,False,False,False,False,False,Scleral ectasia,Congenital scleral ectasia,high,5,1,1,False,True,
DA_d2_seq100/125,DA_d2_seq100,125,DA,control,legacy_substring,True,False,False,False,False,False,Eccrine poroma,Basal cell carcinoma,medium,4,0,0,False,True,
DA_d2_seq100/125,DA_d2_seq100,125,DA,control,exact_synonym,True,False,False,False,False,False,Eccrine poroma,Basal cell carcinoma,medium,4,0,0,False,True,
DA_d2_seq100/125,DA_d2_seq100,125,DA,control,typed_relation,True,False,False,False,False,False,Eccrine poroma,Basal cell carcinoma,medium,4,0,0,False,True,
DA_d2_seq100/128,DA_d2_seq100,128,DA,control,legacy_substring,True,False,False,False,False,False,Angiosarcoma,Kaposi's Sarcoma,high,3,0,0,False,True,
DA_d2_seq100/128,DA_d2_seq100,128,DA,control,exact_synonym,True,False,False,False,False,False,Angiosarcoma,Kaposi's Sarcoma,high,3,0,0,False,True,
DA_d2_seq100/128,DA_d2_seq100,128,DA,control,typed_relation,True,False,False,False,False,False,Angiosarcoma,Kaposi's Sarcoma,high,3,0,0,False,True,
DA_d2_seq100/129,DA_d2_seq100,129,DA,unsafe_fold,legacy_substring,True,False,False,False,False,False,Catecholaminergic Polymorphic Ventricular Tachycardia (CPVT),Ventricular Fibrillation,high,3,0,3,True,True,
DA_d2_seq100/129,DA_d2_seq100,129,DA,unsafe_fold,exact_synonym,True,False,False,False,False,False,Catecholaminergic Polymorphic Ventricular Tachycardia (CPVT),Ventricular Tachycardia,high,4,0,3,False,True,
DA_d2_seq100/129,DA_d2_seq100,129,DA,unsafe_fold,typed_relation,True,False,False,False,False,False,Catecholaminergic Polymorphic Ventricular Tachycardia (CPVT),Ventricular Tachycardia,high,4,1,3,False,True,
DA_d2_seq100/132,DA_d2_seq100,132,DA,control,legacy_substring,True,False,False,False,False,False,Lev Cardiac Conduction Disease,High-degree atrioventricular block,medium,6,0,0,False,True,
DA_d2_seq100/132,DA_d2_seq100,132,DA,control,exact_synonym,True,False,False,False,False,False,Lev Cardiac Conduction Disease,High-degree atrioventricular block,medium,6,0,0,False,True,
DA_d2_seq100/132,DA_d2_seq100,132,DA,control,typed_relation,True,False,False,False,False,False,Lev Cardiac Conduction Disease,Heart Block,high,6,1,0,False,True,
DA_d2_seq100/134,DA_d2_seq100,134,DA,unsafe_fold,legacy_substring,True,False,False,False,False,False,Primary Central Nervous System Lymphoma,Central Nervous System Lymphoma with specific genetic signature,high,6,0,3,False,True,
DA_d2_seq100/134,DA_d2_seq100,134,DA,unsafe_fold,exact_synonym,True,False,False,False,False,False,Primary Central Nervous System Lymphoma,Central Nervous System Lymphoma with specific genetic signature,high,6,0,3,False,True,
DA_d2_seq100/134,DA_d2_seq100,134,DA,unsafe_fold,typed_relation,True,False,False,False,False,False,Primary Central Nervous System Lymphoma,Lymphomatous Meningitis,high,6,1,3,False,True,
DA_d2_seq100/147,DA_d2_seq100,147,DA,control,legacy_substring,True,False,False,False,False,False,Morphea,Discoid Lupus Erythematosus,high,3,0,0,False,True,
DA_d2_seq100/147,DA_d2_seq100,147,DA,control,exact_synonym,True,False,False,False,False,False,Morphea,Discoid Lupus Erythematosus,high,3,0,0,False,True,
DA_d2_seq100/147,DA_d2_seq100,147,DA,control,typed_relation,True,False,False,False,False,False,Morphea,Discoid Lupus Erythematosus,high,3,0,0,False,True,
DA_d2_seq100/151,DA_d2_seq100,151,DA,unsafe_fold,legacy_substring,True,False,False,False,False,False,Cardioembolic stroke,Ischemic stroke,high,6,0,1,False,True,
DA_d2_seq100/151,DA_d2_seq100,151,DA,unsafe_fold,exact_synonym,True,False,False,False,False,False,Cardioembolic stroke,Atrial fibrillation-related stroke,high,6,0,1,False,True,
DA_d2_seq100/151,DA_d2_seq100,151,DA,unsafe_fold,typed_relation,True,False,False,False,False,False,Cardioembolic stroke,Atrial fibrillation-related stroke,medium,6,2,1,False,True,
DA_d2_seq100/156,DA_d2_seq100,156,DA,unsafe_fold,legacy_substring,True,False,False,False,False,False,Blepharitis,Ectropion,high,4,0,3,True,True,
DA_d2_seq100/156,DA_d2_seq100,156,DA,unsafe_fold,exact_synonym,True,False,False,False,False,False,Drug-induced blepharitis,Blepharitis,high,5,0,3,False,True,
DA_d2_seq100/156,DA_d2_seq100,156,DA,unsafe_fold,typed_relation,True,False,False,False,False,False,Drug-induced blepharitis,Blepharitis,high,5,1,3,False,True,
DA_d2_seq100/163,DA_d2_seq100,163,DA,unsafe_fold,legacy_substring,True,False,False,False,False,False,Chronic Eosinophilic Leukemia,Hypereosinophilic syndrome,high,6,0,2,False,True,
DA_d2_seq100/163,DA_d2_seq100,163,DA,unsafe_fold,exact_synonym,True,False,False,False,False,False,Chronic Eosinophilic Leukemia,Hypereosinophilic syndrome,high,6,0,2,False,True,
DA_d2_seq100/163,DA_d2_seq100,163,DA,unsafe_fold,typed_relation,True,False,False,False,False,False,Chronic Eosinophilic Leukemia,Hypereosinophilic syndrome,high,6,1,2,False,True,
DA_d2_seq100/164,DA_d2_seq100,164,DA,unsafe_fold,legacy_substring,True,False,False,False,False,False,Leptomeningeal disease,Leukemia,high,4,0,4,False,True,
DA_d2_seq100/164,DA_d2_seq100,164,DA,unsafe_fold,exact_synonym,True,False,False,False,False,False,Leukemia,Leptomeningeal disease,medium,5,0,4,False,True,
DA_d2_seq100/164,DA_d2_seq100,164,DA,unsafe_fold,typed_relation,True,False,False,False,False,False,Leptomeningeal disease,Leukemia,high,5,1,4,False,True,
DA_d2_seq100/173,DA_d2_seq100,173,DA,unsafe_fold,legacy_substring,True,False,False,False,False,False,Alopecia,,low,3,0,2,True,True,
DA_d2_seq100/173,DA_d2_seq100,173,DA,unsafe_fold,exact_synonym,True,False,False,False,False,False,Pityriasis Rubra Pilaris,Psoriasis,low,4,0,2,False,True,
DA_d2_seq100/173,DA_d2_seq100,173,DA,unsafe_fold,typed_relation,True,False,False,False,False,False,Pityriasis Rubra Pilaris,Psoriasis,low,4,1,2,False,True,
DA_d2_seq100/181,DA_d2_seq100,181,DA,unsafe_fold,legacy_substring,True,False,False,False,False,False,Targetoid hemosiderotic hemangioma,,high,4,0,5,True,True,
DA_d2_seq100/181,DA_d2_seq100,181,DA,unsafe_fold,exact_synonym,True,False,False,False,False,False,Targetoid hemosiderotic hemangioma,Hobnail hemangioma,high,6,0,5,False,True,
DA_d2_seq100/181,DA_d2_seq100,181,DA,unsafe_fold,typed_relation,True,False,False,False,False,False,Targetoid hemosiderotic hemangioma,Hobnail hemangioma,low,6,2,5,False,True,
DA_d2_seq100/183,DA_d2_seq100,183,DA,unsafe_fold,legacy_substring,True,False,False,False,False,False,IDH-mutant Astrocytoma,Glioma,high,6,0,3,False,True,
DA_d2_seq100/183,DA_d2_seq100,183,DA,unsafe_fold,exact_synonym,True,False,False,False,False,False,IDH-mutant Astrocytoma,Glioblastoma,high,6,0,3,False,True,
DA_d2_seq100/183,DA_d2_seq100,183,DA,unsafe_fold,typed_relation,True,False,False,False,False,False,IDH-mutant Astrocytoma,Glioma,high,6,1,3,False,True,
DA_d2_seq100/187,DA_d2_seq100,187,DA,unsafe_fold,legacy_substring,True,False,False,False,False,False,Erdheim-Chester disease,Necrobiotic xanthogranuloma,high,6,0,1,False,True,
DA_d2_seq100/187,DA_d2_seq100,187,DA,unsafe_fold,exact_synonym,True,False,False,False,False,False,Erdheim-Chester disease,Necrobiotic xanthogranuloma,high,6,0,1,False,True,
DA_d2_seq100/187,DA_d2_seq100,187,DA,unsafe_fold,typed_relation,True,False,False,False,False,False,Erdheim-Chester disease,Necrobiotic xanthogranuloma,high,6,0,1,False,True,
DA_d2_seq100/19,DA_d2_seq100,19,DA,control,legacy_substring,True,False,False,False,False,False,Bone metastasis from well-differentiated thyroid cancer,Metastatic thyroid carcinoma,medium,6,0,0,False,True,
DA_d2_seq100/19,DA_d2_seq100,19,DA,control,exact_synonym,True,False,False,False,False,False,Bone metastasis from well-differentiated thyroid cancer,Metastatic thyroid carcinoma,medium,6,0,0,False,True,
DA_d2_seq100/19,DA_d2_seq100,19,DA,control,typed_relation,True,False,False,False,False,False,Bone metastasis from well-differentiated thyroid cancer,Thyroid metastasis to bone,medium,6,1,0,False,True,
DA_d2_seq100/190,DA_d2_seq100,190,DA,unsafe_fold,legacy_substring,True,False,False,False,False,False,Frontal sinus mucocele,Frontal sinusitis,high,6,0,2,False,True,
DA_d2_seq100/190,DA_d2_seq100,190,DA,unsafe_fold,exact_synonym,True,False,False,False,False,False,Frontal sinus mucocele,Chronic frontal sinusitis,high,6,0,2,False,True,
DA_d2_seq100/190,DA_d2_seq100,190,DA,unsafe_fold,typed_relation,True,False,False,False,False,False,Frontal sinus mucocele,Chronic frontal sinusitis,high,6,1,2,False,True,
DA_d2_seq100/202,DA_d2_seq100,202,DA,control,legacy_substring,True,False,False,False,False,False,Lymphoma,Sarcoma,high,3,0,0,False,True,
DA_d2_seq100/202,DA_d2_seq100,202,DA,control,exact_synonym,True,False,False,False,False,False,Lymphoma,Sarcoma,high,3,0,0,False,True,
DA_d2_seq100/202,DA_d2_seq100,202,DA,control,typed_relation,True,False,False,False,False,False,Lymphoma,Sarcoma,high,3,0,0,False,True,
DA_d2_seq100/207,DA_d2_seq100,207,DA,unsafe_fold,legacy_substring,True,False,False,False,False,False,Cicatricial Pemphigoid,Stevens-Johnson Syndrome,high,4,0,2,True,True,
DA_d2_seq100/207,DA_d2_seq100,207,DA,unsafe_fold,exact_synonym,True,False,False,False,False,False,Ocular cicatricial pemphigoid,Cicatricial Pemphigoid,high,5,0,2,False,True,
DA_d2_seq100/207,DA_d2_seq100,207,DA,unsafe_fold,typed_relation,True,False,False,False,False,False,Ocular cicatricial pemphigoid,Cicatricial Pemphigoid,high,5,1,2,False,True,
DA_d2_seq100/211,DA_d2_seq100,211,DA,unsafe_fold,legacy_substring,True,False,False,False,False,False,Brown Tumor,Osteitis Fibrosa Cystica,high,3,0,2,False,True,
DA_d2_seq100/211,DA_d2_seq100,211,DA,unsafe_fold,exact_synonym,True,False,False,False,False,False,Brown Tumor,Osteitis Fibrosa Cystica,high,4,0,2,False,True,
DA_d2_seq100/211,DA_d2_seq100,211,DA,unsafe_fold,typed_relation,True,False,False,False,False,False,Primary Hyperparathyroidism,Osteitis Fibrosa Cystica,high,4,1,2,False,True,
DA_d2_seq100/214,DA_d2_seq100,214,DA,unsafe_fold,legacy_substring,True,False,False,False,False,False,Retinal Vein Occlusion,Niacin-induced Maculopathy,medium,3,0,2,False,True,
DA_d2_seq100/214,DA_d2_seq100,214,DA,unsafe_fold,exact_synonym,True,False,False,False,False,False,Cystoid Macular Edema (CME) Secondary to Retinal Vein Occlusion,Cystoid Macular Edema,high,4,0,2,False,True,
DA_d2_seq100/214,DA_d2_seq100,214,DA,unsafe_fold,typed_relation,True,False,False,False,False,False,Cystoid Macular Edema (CME) Secondary to Retinal Vein Occlusion,Cystoid Macular Edema,high,4,2,2,False,True,
DA_d2_seq100/216,DA_d2_seq100,216,DA,control,legacy_substring,True,False,False,False,False,False,COVID-19,Community-acquired pneumonia,high,5,0,0,False,True,
DA_d2_seq100/216,DA_d2_seq100,216,DA,control,exact_synonym,True,False,False,False,False,False,COVID-19,Community-acquired pneumonia,high,5,0,0,False,True,
DA_d2_seq100/216,DA_d2_seq100,216,DA,control,typed_relation,True,False,False,False,False,False,COVID-19,Community-acquired pneumonia,high,5,0,0,False,True,
DA_d2_seq100/219,DA_d2_seq100,219,DA,unsafe_fold,legacy_substring,True,False,False,False,False,False,Gorlin syndrome,Nevoid basal cell carcinoma syndrome,low,2,0,6,True,True,
DA_d2_seq100/219,DA_d2_seq100,219,DA,unsafe_fold,exact_synonym,True,False,False,False,False,False,Nevoid Basal Cell Carcinoma Syndrome (Gorlin Syndrome),Nevoid basal cell carcinoma syndrome,high,5,0,6,False,True,
DA_d2_seq100/219,DA_d2_seq100,219,DA,unsafe_fold,typed_relation,True,False,False,False,False,False,Nevoid Basal Cell Carcinoma Syndrome (Gorlin Syndrome),Nevoid basal cell carcinoma syndrome,high,5,5,6,False,True,
DA_d2_seq100/220,DA_d2_seq100,220,DA,unsafe_fold,legacy_substring,True,False,False,False,False,False,Plasmablastic lymphoma,Extranodal NK/T-cell lymphoma,high,2,0,2,False,True,
DA_d2_seq100/220,DA_d2_seq100,220,DA,unsafe_fold,exact_synonym,True,False,False,False,False,False,"Extranodal NK/T-cell lymphoma, nasal type",Extranodal NK/T-cell lymphoma,high,3,0,2,False,True,
DA_d2_seq100/220,DA_d2_seq100,220,DA,unsafe_fold,typed_relation,True,False,False,False,False,False,"Extranodal NK/T-cell lymphoma, nasal type",Extranodal NK/T-cell lymphoma,high,3,1,2,False,True,
DA_d2_seq100/225,DA_d2_seq100,225,DA,unsafe_fold,legacy_substring,True,False,False,False,False,False,Diffuse large B-cell lymphoma,Lymphomatoid granulomatosis,high,4,0,3,True,True,
DA_d2_seq100/225,DA_d2_seq100,225,DA,unsafe_fold,exact_synonym,True,False,False,False,False,False,Diffuse large B-cell lymphoma,"Primary cutaneous diffuse large B-cell lymphoma, leg type",high,5,0,3,False,True,
DA_d2_seq100/225,DA_d2_seq100,225,DA,unsafe_fold,typed_relation,True,False,False,False,False,False,Diffuse large B-cell lymphoma,"Primary cutaneous diffuse large B-cell lymphoma, leg type",high,5,1,3,False,True,
DA_d2_seq100/226,DA_d2_seq100,226,DA,control,legacy_substring,True,False,False,False,False,False,Photodermatitis,Cutaneous Lymphoid Hyperplasia,medium,4,0,0,False,True,
DA_d2_seq100/226,DA_d2_seq100,226,DA,control,exact_synonym,True,False,False,False,False,False,Photodermatitis,Cutaneous Lymphoid Hyperplasia,medium,4,0,0,False,True,
DA_d2_seq100/226,DA_d2_seq100,226,DA,control,typed_relation,True,False,False,False,False,False,Photodermatitis,Cutaneous Lymphoid Hyperplasia,medium,4,0,0,False,True,
DA_d2_seq100/227,DA_d2_seq100,227,DA,unsafe_fold,legacy_substring,True,False,False,False,False,False,Amyloidosis,Paraneoplastic pemphigus,high,4,0,6,True,True,
DA_d2_seq100/227,DA_d2_seq100,227,DA,unsafe_fold,exact_synonym,True,False,False,False,False,False,Multiple myeloma-associated amyloidosis,Amyloidosis,high,5,0,6,False,True,
DA_d2_seq100/227,DA_d2_seq100,227,DA,unsafe_fold,typed_relation,True,False,False,False,False,False,Multiple myeloma-associated amyloidosis,Amyloidosis,high,5,1,6,False,True,
DA_d2_seq100/228,DA_d2_seq100,228,DA,unsafe_fold,legacy_substring,True,False,False,False,False,False,Primary Systemic Amyloidosis,Amyloidosis Cutis Dyschromica,high,2,0,7,True,True,
DA_d2_seq100/228,DA_d2_seq100,228,DA,unsafe_fold,exact_synonym,True,False,False,False,False,False,Primary Systemic Amyloidosis,Amyloidosis,medium,4,0,7,False,True,
DA_d2_seq100/228,DA_d2_seq100,228,DA,unsafe_fold,typed_relation,True,False,False,False,False,False,Primary Systemic Amyloidosis,Amyloidosis,high,4,4,7,False,True,
DA_d2_seq100/231,DA_d2_seq100,231,DA,control,legacy_substring,True,False,False,False,False,False,Florid cutaneous papillomatosis,Paraneoplastic syndrome,medium,6,0,0,False,True,
DA_d2_seq100/231,DA_d2_seq100,231,DA,control,exact_synonym,True,False,False,False,False,False,Florid cutaneous papillomatosis,Paraneoplastic syndrome,medium,6,0,0,False,True,
DA_d2_seq100/231,DA_d2_seq100,231,DA,control,typed_relation,True,False,False,False,False,False,Florid cutaneous papillomatosis,Paraneoplastic syndrome,medium,6,0,0,False,True,
DA_d2_seq100/233,DA_d2_seq100,233,DA,unsafe_fold,legacy_substring,True,False,False,False,False,False,Langerhans cell histiocytosis,,high,1,0,6,True,True,
DA_d2_seq100/233,DA_d2_seq100,233,DA,unsafe_fold,exact_synonym,True,False,False,False,False,False,Langerhans cell histiocytosis,Histiocytosis,high,2,0,6,False,True,
DA_d2_seq100/233,DA_d2_seq100,233,DA,unsafe_fold,typed_relation,True,False,False,False,False,False,Langerhans cell histiocytosis,Histiocytosis,high,2,1,6,False,True,
DA_d2_seq100/237,DA_d2_seq100,237,DA,unsafe_fold,legacy_substring,True,False,False,False,False,False,Hyperhidrosis,Gustatory sweating,high,2,0,12,True,True,
DA_d2_seq100/237,DA_d2_seq100,237,DA,unsafe_fold,exact_synonym,True,False,False,False,False,False,Primary hyperhidrosis,Focal hyperhidrosis,low,5,0,12,False,True,
DA_d2_seq100/237,DA_d2_seq100,237,DA,unsafe_fold,typed_relation,True,False,False,False,False,False,Primary hyperhidrosis,Focal hyperhidrosis,medium,5,3,12,False,True,
DA_d2_seq100/241,DA_d2_seq100,241,DA,unsafe_fold,legacy_substring,True,False,False,False,False,False,Endophthalmitis,,high,1,0,9,True,True,
DA_d2_seq100/241,DA_d2_seq100,241,DA,unsafe_fold,exact_synonym,True,False,False,False,False,False,Streptococcal endophthalmitis,Endophthalmitis,high,2,0,9,False,True,
DA_d2_seq100/241,DA_d2_seq100,241,DA,unsafe_fold,typed_relation,True,False,False,False,False,False,Streptococcal endophthalmitis,Endophthalmitis,high,2,1,9,False,True,
DA_d2_seq100/243,DA_d2_seq100,243,DA,control,legacy_substring,True,False,False,False,False,False,Parvovirus B19 infection,Erythema multiforme,high,4,0,0,False,True,
DA_d2_seq100/243,DA_d2_seq100,243,DA,control,exact_synonym,True,False,False,False,False,False,Parvovirus B19 infection,Erythema multiforme,high,4,0,0,False,True,
DA_d2_seq100/243,DA_d2_seq100,243,DA,control,typed_relation,True,False,False,False,False,False,Parvovirus B19 infection,Erythema multiforme,high,4,0,0,False,True,
DA_d2_seq100/29,DA_d2_seq100,29,DA,control,legacy_substring,True,False,False,False,False,False,IgG4-related disease,Streptococcal sinusitis,high,4,0,0,False,True,
DA_d2_seq100/29,DA_d2_seq100,29,DA,control,exact_synonym,True,False,False,False,False,False,IgG4-related disease,Streptococcal sinusitis,high,4,0,0,False,True,
DA_d2_seq100/29,DA_d2_seq100,29,DA,control,typed_relation,True,False,False,False,False,False,IgG4-related disease,Streptococcal sinusitis,high,4,0,0,False,True,
DA_d2_seq100/3,DA_d2_seq100,3,DA,unsafe_fold,legacy_substring,True,False,False,False,False,False,Cerebral cavernous malformation,Venous malformation,high,5,0,2,True,True,
DA_d2_seq100/3,DA_d2_seq100,3,DA,unsafe_fold,exact_synonym,True,False,False,False,False,False,Cerebral cavernous malformations,Cerebral cavernous malformation,high,6,0,2,False,True,
DA_d2_seq100/3,DA_d2_seq100,3,DA,unsafe_fold,typed_relation,True,False,False,False,False,False,Cerebral cavernous malformations,Cerebral cavernous malformation,low,6,2,2,False,True,
DA_d2_seq100/36,DA_d2_seq100,36,DA,unsafe_fold,legacy_substring,True,False,False,False,False,False,Cryptococcosis,Fingolimod-related infection,high,3,0,4,True,True,
DA_d2_seq100/36,DA_d2_seq100,36,DA,unsafe_fold,exact_synonym,True,False,False,False,False,False,Cutaneous Cryptococcosis,Cryptococcosis,high,4,0,4,False,True,
DA_d2_seq100/36,DA_d2_seq100,36,DA,unsafe_fold,typed_relation,True,False,False,False,False,False,Cutaneous Cryptococcosis,Cryptococcosis,high,4,1,4,False,True,
DA_d2_seq100/4,DA_d2_seq100,4,DA,unsafe_fold,legacy_substring,True,False,False,False,False,False,Angioma,Angiolymphoid hyperplasia with eosinophilia,high,5,0,1,True,True,
DA_d2_seq100/4,DA_d2_seq100,4,DA,unsafe_fold,exact_synonym,True,False,False,False,False,False,Hemangioma,Angioma,medium,6,0,1,False,True,
DA_d2_seq100/4,DA_d2_seq100,4,DA,unsafe_fold,typed_relation,True,False,False,False,False,False,Angioma,Hemangioma,medium,6,1,1,False,True,
DA_d2_seq100/45,DA_d2_seq100,45,DA,unsafe_fold,legacy_substring,True,False,False,False,False,False,Dermatomyositis,Polymyositis,high,4,0,3,True,True,
DA_d2_seq100/45,DA_d2_seq100,45,DA,unsafe_fold,exact_synonym,True,False,False,False,False,False,Ipilimumab-induced dermatomyositis,Dermatomyositis,high,5,0,3,False,True,
DA_d2_seq100/45,DA_d2_seq100,45,DA,unsafe_fold,typed_relation,True,False,False,False,False,False,Ipilimumab-induced dermatomyositis,Dermatomyositis,high,5,1,3,False,True,
DA_d2_seq100/57,DA_d2_seq100,57,DA,unsafe_fold,legacy_substring,True,False,False,False,False,False,Immune-related adverse event (irAE) of immunotherapy,Drug-induced eosinophilic dermatitis,medium,6,0,2,False,True,
DA_d2_seq100/57,DA_d2_seq100,57,DA,unsafe_fold,exact_synonym,True,False,False,False,False,False,Immune-related adverse event (irAE) of immunotherapy,Drug-induced eosinophilic dermatitis,medium,6,0,2,False,True,
DA_d2_seq100/57,DA_d2_seq100,57,DA,unsafe_fold,typed_relation,True,False,False,False,False,False,Drug-induced eosinophilic dermatitis,Immune-related adverse event (irAE) of immunotherapy,medium,6,1,2,False,True,
DA_d2_seq100/59,DA_d2_seq100,59,DA,unsafe_fold,legacy_substring,True,False,False,False,False,False,Uveitis,Iritis,medium,4,0,5,True,True,
DA_d2_seq100/59,DA_d2_seq100,59,DA,unsafe_fold,exact_synonym,True,False,False,False,False,False,Anastrozole-induced uveitis,Uveitis,high,6,0,5,False,True,
DA_d2_seq100/59,DA_d2_seq100,59,DA,unsafe_fold,typed_relation,True,False,False,False,False,False,Anastrozole-induced uveitis,Uveitis,high,6,2,5,False,True,
DA_d2_seq100/63,DA_d2_seq100,63,DA,unsafe_fold,legacy_substring,True,False,False,False,False,False,Morning Glory Syndrome,Retinal Detachment,high,3,0,2,False,True,
DA_d2_seq100/63,DA_d2_seq100,63,DA,unsafe_fold,exact_synonym,True,False,False,False,False,False,Morning Glory Syndrome,Retinal Detachment,high,4,0,2,False,True,
DA_d2_seq100/63,DA_d2_seq100,63,DA,unsafe_fold,typed_relation,True,False,False,False,False,False,Primary Hyperoxaluria,Primary hyperoxaluria type 1,medium,4,1,2,False,True,
DA_d2_seq100/7,DA_d2_seq100,7,DA,control,legacy_substring,True,False,False,False,False,False,Morphea,Lipodermatosclerosis,high,6,0,0,False,True,
DA_d2_seq100/7,DA_d2_seq100,7,DA,control,exact_synonym,True,False,False,False,False,False,Morphea,Lipodermatosclerosis,high,6,0,0,False,True,
DA_d2_seq100/7,DA_d2_seq100,7,DA,control,typed_relation,True,False,False,False,False,False,Morphea,Lipodermatosclerosis,high,6,0,0,False,True,
DA_d2_seq100/76,DA_d2_seq100,76,DA,unsafe_fold,legacy_substring,True,False,False,False,False,False,Chondrosarcoma,Facial nerve schwannoma,high,3,0,2,False,True,
DA_d2_seq100/76,DA_d2_seq100,76,DA,unsafe_fold,exact_synonym,True,False,False,False,False,False,Facial nerve schwannoma,Schwannoma,high,4,0,2,False,True,
DA_d2_seq100/76,DA_d2_seq100,76,DA,unsafe_fold,typed_relation,True,False,False,False,False,False,Facial nerve schwannoma,Chondrosarcoma,medium,4,1,2,False,True,
DA_d2_seq100/87,DA_d2_seq100,87,DA,unsafe_fold,legacy_substring,True,False,False,False,False,False,Acute Pericarditis,Myocarditis,high,3,0,2,True,True,
DA_d2_seq100/87,DA_d2_seq100,87,DA,unsafe_fold,exact_synonym,True,False,False,False,False,False,Acute Pericarditis,Pericarditis,high,4,0,2,False,True,
DA_d2_seq100/87,DA_d2_seq100,87,DA,unsafe_fold,typed_relation,True,False,False,False,False,False,Acute Pericarditis,Pericarditis,high,4,1,2,False,True,
DA_d2_seq100/90,DA_d2_seq100,90,DA,unsafe_fold,legacy_substring,True,True,False,True,False,False,Malignant Melanoma of the Caruncle,Caruncular Melanoma,high,4,0,2,True,True,
DA_d2_seq100/90,DA_d2_seq100,90,DA,unsafe_fold,exact_synonym,True,True,False,True,False,False,Malignant Melanoma of the Caruncle,Caruncular Melanoma,medium,5,0,2,False,True,
DA_d2_seq100/90,DA_d2_seq100,90,DA,unsafe_fold,typed_relation,True,True,False,True,False,False,Malignant Melanoma of the Caruncle,Caruncular Melanoma,high,5,1,2,False,True,
DA_d2_seq100/97,DA_d2_seq100,97,DA,unsafe_fold,legacy_substring,True,False,False,False,False,False,Dermatomyositis,Lupus Erythematosus,high,4,0,9,True,True,
DA_d2_seq100/97,DA_d2_seq100,97,DA,unsafe_fold,exact_synonym,True,False,False,False,False,False,Juvenile Dermatomyositis,Dermatomyositis,high,5,0,9,False,True,
DA_d2_seq100/97,DA_d2_seq100,97,DA,unsafe_fold,typed_relation,True,False,False,False,False,False,Juvenile Dermatomyositis,Dermatomyositis,high,5,1,9,False,True,
DA_d2_seq100/99,DA_d2_seq100,99,DA,unsafe_fold,legacy_substring,True,True,True,True,True,False,Epidermolysis Bullosa Pruriginosa,Dystrophic Epidermolysis Bullosa,high,2,0,12,False,True,
DA_d2_seq100/99,DA_d2_seq100,99,DA,unsafe_fold,exact_synonym,True,True,True,True,True,False,Epidermolysis Bullosa Pruriginosa,Dystrophic Epidermolysis Bullosa,high,5,0,12,False,True,
DA_d2_seq100/99,DA_d2_seq100,99,DA,unsafe_fold,typed_relation,True,True,True,True,True,False,Epidermolysis Bullosa Pruriginosa,Dystrophic Epidermolysis Bullosa,high,5,4,12,False,True,
MCR_seq200b/254,MCR_seq200b,254,MCR,control,legacy_substring,True,False,False,False,False,False,Chronic Thromboembolic Pulmonary Hypertension,Pulmonary Embolism,medium,2,0,0,False,True,
MCR_seq200b/254,MCR_seq200b,254,MCR,control,exact_synonym,True,False,False,False,False,False,Chronic Thromboembolic Pulmonary Hypertension,Pulmonary Embolism,medium,2,0,0,False,True,
MCR_seq200b/254,MCR_seq200b,254,MCR,control,typed_relation,True,False,False,False,False,False,Chronic Thromboembolic Pulmonary Hypertension,Pulmonary Embolism,medium,2,0,0,False,True,
MCR_seq200b/258,MCR_seq200b,258,MCR,unsafe_fold,legacy_substring,True,False,False,False,False,False,Miliary tuberculosis,Disseminated cryptococcosis,high,6,0,2,True,True,
MCR_seq200b/258,MCR_seq200b,258,MCR,unsafe_fold,exact_synonym,True,False,False,False,False,False,Miliary tuberculosis,Tuberculosis,high,6,0,2,False,True,
MCR_seq200b/258,MCR_seq200b,258,MCR,unsafe_fold,typed_relation,True,False,False,False,False,False,Miliary tuberculosis,Tuberculosis,high,6,1,2,False,True,
MCR_seq200b/259,MCR_seq200b,259,MCR,control,legacy_substring,True,True,False,True,False,False,CLOVES syndrome,Klippel-Trenaunay syndrome,high,3,0,0,False,True,
MCR_seq200b/259,MCR_seq200b,259,MCR,control,exact_synonym,True,True,False,True,False,False,CLOVES syndrome,Klippel-Trenaunay syndrome,high,3,0,0,False,True,
MCR_seq200b/259,MCR_seq200b,259,MCR,control,typed_relation,True,True,False,True,False,False,CLOVES syndrome,Klippel-Trenaunay syndrome,high,3,0,0,False,True,
MCR_seq200b/261,MCR_seq200b,261,MCR,unsafe_fold,legacy_substring,True,False,False,False,False,False,Etanercept-induced lung disease,Hypersensitivity pneumonitis,high,6,0,2,True,True,
MCR_seq200b/261,MCR_seq200b,261,MCR,unsafe_fold,exact_synonym,True,False,False,False,False,False,Etanercept-induced interstitial lung disease,Hypersensitivity pneumonitis,high,6,0,2,False,True,
MCR_seq200b/261,MCR_seq200b,261,MCR,unsafe_fold,typed_relation,True,False,False,False,False,False,Etanercept-induced interstitial lung disease,Interstitial lung disease,medium,6,1,2,False,True,
MCR_seq200b/262,MCR_seq200b,262,MCR,control,legacy_substring,True,False,False,False,False,False,Intraductal Papillary Mucinous Neoplasm (IPMN),Mucinous Cystic Neoplasm (MCN),high,5,0,0,False,True,
MCR_seq200b/262,MCR_seq200b,262,MCR,control,exact_synonym,True,False,False,False,False,False,Intraductal Papillary Mucinous Neoplasm (IPMN),Mucinous Cystic Neoplasm (MCN),high,5,0,0,False,True,
MCR_seq200b/262,MCR_seq200b,262,MCR,control,typed_relation,True,False,False,False,False,False,Intraductal Papillary Mucinous Neoplasm (IPMN),Mucinous Cystic Neoplasm (MCN),high,5,0,0,False,True,
MCR_seq200b/264,MCR_seq200b,264,MCR,unsafe_fold,legacy_substring,True,False,False,False,False,False,Mucinous cystadenocarcinoma,Ovarian cystadenocarcinoma,medium,6,0,2,False,True,
MCR_seq200b/264,MCR_seq200b,264,MCR,unsafe_fold,exact_synonym,True,False,False,False,False,False,Mucinous cystadenocarcinoma,Ovarian cystadenocarcinoma,medium,6,0,2,False,True,
MCR_seq200b/264,MCR_seq200b,264,MCR,unsafe_fold,typed_relation,True,False,False,False,False,False,Mucinous cystadenocarcinoma,Ovarian cystadenocarcinoma,medium,6,0,2,False,True,
MCR_seq200b/267,MCR_seq200b,267,MCR,control,legacy_substring,True,False,False,False,False,False,Abscess,Neoplasia,high,5,0,0,False,True,
MCR_seq200b/267,MCR_seq200b,267,MCR,control,exact_synonym,True,False,False,False,False,False,Abscess,Neoplasia,high,5,0,0,False,True,
MCR_seq200b/267,MCR_seq200b,267,MCR,control,typed_relation,True,False,False,False,False,False,Abscess,Neoplasia,high,5,0,0,False,True,
MCR_seq200b/276,MCR_seq200b,276,MCR,unsafe_fold,legacy_substring,True,False,False,False,False,False,Colorectal intussusception,Colonic polyp,high,6,0,2,True,True,
MCR_seq200b/276,MCR_seq200b,276,MCR,unsafe_fold,exact_synonym,True,False,False,False,False,False,Colorectal intussusception,Colonic polyp,high,6,0,2,False,True,
MCR_seq200b/276,MCR_seq200b,276,MCR,unsafe_fold,typed_relation,True,False,False,False,False,False,Colorectal intussusception,Colonic polyp,high,6,0,2,False,True,
MCR_seq200b/277,MCR_seq200b,277,MCR,unsafe_fold,legacy_substring,True,False,False,False,False,False,Renal Cell Carcinoma,Nephroblastoma,high,4,0,3,True,True,
MCR_seq200b/277,MCR_seq200b,277,MCR,unsafe_fold,exact_synonym,True,False,False,False,False,False,Clear Cell Renal Cell Carcinoma,Renal Cell Carcinoma,medium,5,0,3,False,True,
MCR_seq200b/277,MCR_seq200b,277,MCR,unsafe_fold,typed_relation,True,False,False,False,False,False,Renal Cell Carcinoma,Clear Cell Renal Cell Carcinoma,high,5,1,3,False,True,
MCR_seq200b/283,MCR_seq200b,283,MCR,unsafe_fold,legacy_substring,True,True,True,True,True,False,Dermoid cyst,Teratoma,high,2,0,9,True,True,
MCR_seq200b/283,MCR_seq200b,283,MCR,unsafe_fold,exact_synonym,True,True,True,True,True,False,Dermoid cyst,Epidermoid cyst,medium,3,0,9,False,True,
MCR_seq200b/283,MCR_seq200b,283,MCR,unsafe_fold,typed_relation,True,True,True,True,True,False,Dermoid cyst,Epidermoid cyst,high,3,1,9,False,True,
MCR_seq200b/284,MCR_seq200b,284,MCR,unsafe_fold,legacy_substring,True,False,False,False,False,False,Gastric lipoma,Gastrointestinal stromal tumor (GIST),high,2,0,2,True,True,
MCR_seq200b/284,MCR_seq200b,284,MCR,unsafe_fold,exact_synonym,True,False,False,False,False,False,Gastric lipoma,Lipoma,high,3,0,2,False,True,
MCR_seq200b/284,MCR_seq200b,284,MCR,unsafe_fold,typed_relation,True,False,False,False,False,False,Gastric lipoma,Lipoma,high,3,1,2,False,True,
MCR_seq200b/288,MCR_seq200b,288,MCR,control,legacy_substring,True,False,False,False,False,False,Mucinous Cystic Neoplasm (MCN),Intraductal Papillary Mucinous Neoplasm (IPMN),medium,5,0,0,False,True,
MCR_seq200b/288,MCR_seq200b,288,MCR,control,exact_synonym,True,False,False,False,False,False,Mucinous Cystic Neoplasm (MCN),Intraductal Papillary Mucinous Neoplasm (IPMN),medium,5,0,0,False,True,
MCR_seq200b/288,MCR_seq200b,288,MCR,control,typed_relation,True,False,False,False,False,False,Mucinous Cystic Neoplasm (MCN),Intraductal Papillary Mucinous Neoplasm (IPMN),medium,5,0,0,False,True,
MCR_seq200b/291,MCR_seq200b,291,MCR,unsafe_fold,legacy_substring,True,False,False,False,False,False,Psoriasis,Zinc deficiency,high,3,0,2,False,True,
MCR_seq200b/291,MCR_seq200b,291,MCR,unsafe_fold,exact_synonym,True,False,False,False,False,False,Psoriasis,Hypothyroidism,high,4,0,2,False,True,
MCR_seq200b/291,MCR_seq200b,291,MCR,unsafe_fold,typed_relation,True,False,False,False,False,False,Psoriasis,Zinc deficiency,medium,4,1,2,False,True,
MCR_seq200b/292,MCR_seq200b,292,MCR,unsafe_fold,legacy_substring,True,False,False,False,False,False,Anaplastic large cell lymphoma,Hodgkin lymphoma,high,3,0,6,False,True,
MCR_seq200b/292,MCR_seq200b,292,MCR,unsafe_fold,exact_synonym,True,False,False,False,False,False,Anaplastic large cell lymphoma,Hodgkin lymphoma,high,4,0,6,False,True,
MCR_seq200b/292,MCR_seq200b,292,MCR,unsafe_fold,typed_relation,True,False,False,False,False,False,Anaplastic large cell lymphoma,Hodgkin lymphoma,high,4,1,6,False,True,
MCR_seq200b/298,MCR_seq200b,298,MCR,unsafe_fold,legacy_substring,True,True,False,True,False,False,Squamous cell carcinoma of the oropharynx,Warthin tumor,high,4,0,2,True,True,
MCR_seq200b/298,MCR_seq200b,298,MCR,unsafe_fold,exact_synonym,True,True,False,True,False,False,Squamous cell carcinoma of the oropharynx,Squamous cell carcinoma,medium,5,0,2,False,True,
MCR_seq200b/298,MCR_seq200b,298,MCR,unsafe_fold,typed_relation,True,True,False,True,False,False,Squamous cell carcinoma of the oropharynx,Squamous cell carcinoma,high,5,1,2,False,True,
MCR_seq200b/299,MCR_seq200b,299,MCR,control,legacy_substring,True,False,False,False,False,False,Autoimmune Pancreatitis,Chronic Pancreatitis,high,3,0,0,False,True,
MCR_seq200b/299,MCR_seq200b,299,MCR,control,exact_synonym,True,False,False,False,False,False,Autoimmune Pancreatitis,Chronic Pancreatitis,high,3,0,0,False,True,
MCR_seq200b/299,MCR_seq200b,299,MCR,control,typed_relation,True,False,False,False,False,False,Autoimmune Pancreatitis,Chronic Pancreatitis,high,3,0,0,False,True,
MCR_seq200b/302,MCR_seq200b,302,MCR,control,legacy_substring,True,True,False,True,False,False,Methotrexate-induced rheumatologic reaction,Methotrexate-induced Arthritis,high,6,0,0,False,True,
MCR_seq200b/302,MCR_seq200b,302,MCR,control,exact_synonym,True,True,False,True,False,False,Methotrexate-induced rheumatologic reaction,Methotrexate-induced Arthritis,high,6,0,0,False,True,
MCR_seq200b/302,MCR_seq200b,302,MCR,control,typed_relation,True,True,False,True,False,False,Methotrexate-induced rheumatologic reaction,Methotrexate-induced Arthritis,high,6,0,0,False,True,
MCR_seq200b/307,MCR_seq200b,307,MCR,unsafe_fold,legacy_substring,True,False,False,False,False,False,Incarcerated Inguinal Hernia,,high,1,0,5,True,True,
MCR_seq200b/307,MCR_seq200b,307,MCR,unsafe_fold,exact_synonym,True,False,False,False,False,False,Incarcerated Inguinal Hernia,Inguinal Hernia,high,3,0,5,False,True,
MCR_seq200b/307,MCR_seq200b,307,MCR,unsafe_fold,typed_relation,True,False,False,False,False,False,Incarcerated Inguinal Hernia,Incercerated Inguinal Hernia,high,3,2,5,False,True,
MCR_seq200b/308,MCR_seq200b,308,MCR,control,legacy_substring,True,False,False,False,False,False,Invasive Fungal Sinusitis,Metastatic disease,high,6,0,0,False,True,
MCR_seq200b/308,MCR_seq200b,308,MCR,control,exact_synonym,True,False,False,False,False,False,Invasive Fungal Sinusitis,Metastatic disease,high,6,0,0,False,True,
MCR_seq200b/308,MCR_seq200b,308,MCR,control,typed_relation,True,False,False,False,False,False,Invasive Fungal Sinusitis,Metastatic disease,high,6,0,0,False,True,
MCR_seq200b/309,MCR_seq200b,309,MCR,control,legacy_substring,True,True,True,True,True,False,Graves' Disease,Hyperthyroidism,high,4,0,0,False,True,
MCR_seq200b/309,MCR_seq200b,309,MCR,control,exact_synonym,True,True,True,True,True,False,Graves' Disease,Hyperthyroidism,high,4,0,0,False,True,
MCR_seq200b/309,MCR_seq200b,309,MCR,control,typed_relation,True,True,True,True,True,False,Graves' Disease,Hyperthyroidism,high,4,0,0,False,True,
MCR_seq200b/310,MCR_seq200b,310,MCR,unsafe_fold,legacy_substring,True,False,False,False,False,False,Metastatic disease,Extraskeletal myxoid chondrosarcoma,high,4,0,9,False,True,
MCR_seq200b/310,MCR_seq200b,310,MCR,unsafe_fold,exact_synonym,True,False,False,False,False,False,Extraskeletal myxoid chondrosarcoma metastasis,Metastatic extraskeletal myxoid chondrosarcoma,high,6,0,9,False,True,
MCR_seq200b/310,MCR_seq200b,310,MCR,unsafe_fold,typed_relation,True,False,False,False,False,False,Extraskeletal myxoid chondrosarcoma metastasis,Metastatic extraskeletal myxoid chondrosarcoma,low,6,5,9,False,True,
MCR_seq200b/312,MCR_seq200b,312,MCR,unsafe_fold,legacy_substring,True,False,False,False,False,False,Intraductal Papillary Mucinous Neoplasm (IPMN) of the Bile Duct,Biliary mucinous cystic neoplasm,high,6,0,8,True,True,
MCR_seq200b/312,MCR_seq200b,312,MCR,unsafe_fold,exact_synonym,True,False,False,False,False,False,Intraductal Papillary Mucinous Neoplasm (IPMN) of the Bile Duct,Biliary mucinous cystic neoplasm,high,6,0,8,False,True,
MCR_seq200b/312,MCR_seq200b,312,MCR,unsafe_fold,typed_relation,True,False,False,False,False,False,Biliary Cystadenoma,Biliary mucinous cystic neoplasm,medium,6,2,8,False,True,
MCR_seq200b/313,MCR_seq200b,313,MCR,control,legacy_substring,True,False,False,False,False,False,Secondary Syphilis,Infectious Mononucleosis,high,4,0,0,False,True,
MCR_seq200b/313,MCR_seq200b,313,MCR,control,exact_synonym,True,False,False,False,False,False,Secondary Syphilis,Infectious Mononucleosis,high,4,0,0,False,True,
MCR_seq200b/313,MCR_seq200b,313,MCR,control,typed_relation,True,False,False,False,False,False,Secondary Syphilis,Infectious Mononucleosis,high,4,0,0,False,True,
MCR_seq200b/319,MCR_seq200b,319,MCR,unsafe_fold,legacy_substring,True,False,False,False,False,False,Adverse Local Tissue Reaction (ALTR),Periprosthetic infection,high,5,0,2,True,True,
MCR_seq200b/319,MCR_seq200b,319,MCR,unsafe_fold,exact_synonym,True,False,False,False,False,False,Adverse Local Tissue Reaction (ALTR),Periprosthetic infection,medium,6,0,2,False,True,
MCR_seq200b/319,MCR_seq200b,319,MCR,unsafe_fold,typed_relation,True,False,False,False,False,False,Adverse Local Tissue Reaction (ALTR),Periprosthetic infection,high,6,1,2,False,True,
MCR_seq200b/322,MCR_seq200b,322,MCR,unsafe_fold,legacy_substring,True,False,False,True,True,True,Factitious disorder imposed on self,Somatoform disorder,high,6,0,2,True,True,
MCR_seq200b/322,MCR_seq200b,322,MCR,unsafe_fold,exact_synonym,True,True,False,True,False,False,Factitious disorder imposed on self,Factitious Disorder,high,6,0,2,False,True,
MCR_seq200b/322,MCR_seq200b,322,MCR,unsafe_fold,typed_relation,True,True,False,True,False,False,Factitious disorder imposed on self,Somatoform disorder,medium,6,1,2,False,True,
MCR_seq200b/323,MCR_seq200b,323,MCR,unsafe_fold,legacy_substring,True,False,False,False,False,False,Cervical cancer recurrence,Vaginal cancer,medium,5,0,6,False,True,
MCR_seq200b/323,MCR_seq200b,323,MCR,unsafe_fold,exact_synonym,True,False,False,False,False,False,Cervical cancer recurrence,Primary vaginal cancer,high,6,0,6,False,True,
MCR_seq200b/323,MCR_seq200b,323,MCR,unsafe_fold,typed_relation,True,False,False,False,False,False,Cervical cancer recurrence,Primary vaginal cancer,medium,6,1,6,False,True,
MCR_seq200b/326,MCR_seq200b,326,MCR,unsafe_fold,legacy_substring,True,True,True,True,True,False,Brucellosis,Spinal epidural abscess,high,5,0,4,False,True,
MCR_seq200b/326,MCR_seq200b,326,MCR,unsafe_fold,exact_synonym,True,True,True,True,True,False,Brucellosis,Spinal epidural abscess,medium,6,0,4,False,True,
MCR_seq200b/326,MCR_seq200b,326,MCR,unsafe_fold,typed_relation,True,True,False,True,False,False,Spinal epidural abscess,Epidural abscess,high,6,1,4,False,True,
MCR_seq200b/328,MCR_seq200b,328,MCR,control,legacy_substring,True,True,True,True,True,False,Necrotizing Fasciitis,Gas Gangrene,high,4,0,0,False,True,
MCR_seq200b/328,MCR_seq200b,328,MCR,control,exact_synonym,True,True,True,True,True,False,Necrotizing Fasciitis,Gas Gangrene,high,4,0,0,False,True,
MCR_seq200b/328,MCR_seq200b,328,MCR,control,typed_relation,True,True,True,True,True,False,Necrotizing Fasciitis,Gas Gangrene,high,4,0,0,False,True,
MCR_seq200b/329,MCR_seq200b,329,MCR,control,legacy_substring,True,True,True,True,True,False,Urachal cyst,Malignant transformation of a urachal remnant,high,6,0,0,False,True,
MCR_seq200b/329,MCR_seq200b,329,MCR,control,exact_synonym,True,True,True,True,True,False,Urachal cyst,Malignant transformation of a urachal remnant,high,6,0,0,False,True,
MCR_seq200b/329,MCR_seq200b,329,MCR,control,typed_relation,True,True,True,True,True,False,Urachal cyst,Malignant transformation of a urachal remnant,high,6,0,0,False,True,
MCR_seq200b/338,MCR_seq200b,338,MCR,unsafe_fold,legacy_substring,True,False,False,False,False,False,Retroperitoneal lymphangioma,Lymphatic malformation,high,4,0,2,True,True,
MCR_seq200b/338,MCR_seq200b,338,MCR,unsafe_fold,exact_synonym,True,False,False,False,False,False,Retroperitoneal lymphangioma,Lymphatic malformation,high,5,0,2,False,True,
MCR_seq200b/338,MCR_seq200b,338,MCR,unsafe_fold,typed_relation,True,False,False,False,False,False,Retroperitoneal lymphangioma,Lymphangioma,high,5,1,2,False,True,
MCR_seq200b/342,MCR_seq200b,342,MCR,unsafe_fold,legacy_substring,True,False,False,False,False,False,Intestinal pseudo-obstruction,,high,6,0,3,True,True,
MCR_seq200b/342,MCR_seq200b,342,MCR,unsafe_fold,exact_synonym,True,False,False,False,False,False,Chronic intestinal pseudo-obstruction,Intestinal pseudo-obstruction,high,6,0,3,False,True,
MCR_seq200b/342,MCR_seq200b,342,MCR,unsafe_fold,typed_relation,True,False,False,False,False,False,Chronic intestinal pseudo-obstruction,Intestinal pseudo-obstruction,high,6,1,3,False,True,
MCR_seq200b/343,MCR_seq200b,343,MCR,control,legacy_substring,True,False,False,False,False,False,Arrhythmogenic Right Ventricular Dysplasia,Cardiac Sarcoidosis,high,2,0,0,False,True,
MCR_seq200b/343,MCR_seq200b,343,MCR,control,exact_synonym,True,False,False,False,False,False,Arrhythmogenic Right Ventricular Dysplasia,Cardiac Sarcoidosis,high,2,0,0,False,True,
MCR_seq200b/343,MCR_seq200b,343,MCR,control,typed_relation,True,False,False,False,False,False,Arrhythmogenic Right Ventricular Dysplasia,Cardiac Sarcoidosis,high,2,0,0,False,True,
MCR_seq200b/345,MCR_seq200b,345,MCR,unsafe_fold,legacy_substring,True,False,False,True,True,True,Hypophosphatemic rickets,X-linked hypophosphatemia,high,4,0,1,True,True,
MCR_seq200b/345,MCR_seq200b,345,MCR,unsafe_fold,exact_synonym,True,True,True,True,True,False,Hereditary hypophosphatemic rickets with hypercalciuria,Hypophosphatemic rickets,medium,5,0,1,False,True,
MCR_seq200b/345,MCR_seq200b,345,MCR,unsafe_fold,typed_relation,True,True,True,True,True,False,Hereditary hypophosphatemic rickets with hypercalciuria,Hypophosphatemic rickets,high,5,1,1,False,True,
MCR_seq200b/348,MCR_seq200b,348,MCR,unsafe_fold,legacy_substring,True,True,True,True,True,False,Complex odontoma,Odontogenic ghost cell tumor,high,5,0,2,False,True,
MCR_seq200b/348,MCR_seq200b,348,MCR,unsafe_fold,exact_synonym,True,True,True,True,True,False,Complex odontoma,Calcifying epithelial odontogenic tumor,high,6,0,2,False,True,
MCR_seq200b/348,MCR_seq200b,348,MCR,unsafe_fold,typed_relation,True,True,True,True,True,False,Complex odontoma,Calcifying epithelial odontogenic tumor,high,6,2,2,False,True,
MCR_seq200b/352,MCR_seq200b,352,MCR,unsafe_fold,legacy_substring,True,False,False,False,False,False,Dermatofibrosarcoma protuberans,Squamous cell carcinoma,medium,6,0,1,False,True,
MCR_seq200b/352,MCR_seq200b,352,MCR,unsafe_fold,exact_synonym,True,False,False,False,False,False,Metastatic squamous cell carcinoma,Squamous cell carcinoma,high,6,0,1,False,True,
MCR_seq200b/352,MCR_seq200b,352,MCR,unsafe_fold,typed_relation,True,False,False,False,False,False,Metastatic squamous cell carcinoma,Squamous cell carcinoma,high,6,1,1,False,True,
MCR_seq200b/357,MCR_seq200b,357,MCR,unsafe_fold,legacy_substring,True,False,False,False,False,False,Choroidal melanoma metastasis,Orbital metastasis,medium,5,0,2,True,True,
MCR_seq200b/357,MCR_seq200b,357,MCR,unsafe_fold,exact_synonym,True,False,False,False,False,False,Choroidal melanoma metastasis to the orbit,Orbital metastasis,high,6,0,2,False,True,
MCR_seq200b/357,MCR_seq200b,357,MCR,unsafe_fold,typed_relation,True,False,False,False,False,False,Choroidal melanoma metastasis to the orbit,Choroidal melanoma metastasis,high,6,2,2,False,True,
MCR_seq200b/358,MCR_seq200b,358,MCR,unsafe_fold,legacy_substring,True,False,False,False,False,False,Giant Cell Tumor of the Tendon Sheath,Tenosynovial Giant Cell Tumor,low,5,0,2,False,True,
MCR_seq200b/358,MCR_seq200b,358,MCR,unsafe_fold,exact_synonym,True,False,False,False,False,False,Giant Cell Tumor of the Tendon Sheath,Tenosynovial Giant Cell Tumor,low,6,0,2,False,True,
MCR_seq200b/358,MCR_seq200b,358,MCR,unsafe_fold,typed_relation,True,False,False,False,False,False,Giant Cell Tumor of the Tendon Sheath,Tenosynovial Giant Cell Tumor,low,6,1,2,False,True,
MCR_seq200b/362,MCR_seq200b,362,MCR,unsafe_fold,legacy_substring,True,False,False,False,False,False,Osteomyelitis,Multidrug-resistant tuberculosis,medium,3,0,12,True,True,
MCR_seq200b/362,MCR_seq200b,362,MCR,unsafe_fold,exact_synonym,True,False,False,False,False,False,Tuberculous osteomyelitis,Multidrug-resistant tuberculosis,medium,6,0,12,False,True,
MCR_seq200b/362,MCR_seq200b,362,MCR,unsafe_fold,typed_relation,True,False,False,False,False,False,Tuberculous osteomyelitis,Chronic osteomyelitis due to Mycobacterium tuberculosis,high,6,4,12,False,True,
MCR_seq200b/364,MCR_seq200b,364,MCR,unsafe_fold,legacy_substring,True,True,False,True,False,False,Nephrotic Syndrome,Minimal change disease,high,6,0,3,True,True,
MCR_seq200b/364,MCR_seq200b,364,MCR,unsafe_fold,exact_synonym,True,False,False,False,False,False,Nephrotic Syndrome,Minimal change disease,high,6,0,3,False,True,
MCR_seq200b/364,MCR_seq200b,364,MCR,unsafe_fold,typed_relation,True,False,False,False,False,False,Nephrotic Syndrome,Minimal change disease,high,6,1,3,False,True,
MCR_seq200b/368,MCR_seq200b,368,MCR,unsafe_fold,legacy_substring,True,False,False,False,False,False,Leukemia Cutis,Cutaneous Lymphoma,high,5,0,2,False,True,
MCR_seq200b/368,MCR_seq200b,368,MCR,unsafe_fold,exact_synonym,True,False,False,False,False,False,Leukemia Cutis,Cutaneous T-cell lymphoma,high,6,0,2,False,True,
MCR_seq200b/368,MCR_seq200b,368,MCR,unsafe_fold,typed_relation,True,False,False,False,False,False,Leukemia Cutis,Cutaneous T-cell lymphoma,high,6,3,2,False,True,
MCR_seq200b/369,MCR_seq200b,369,MCR,control,legacy_substring,True,False,False,False,False,False,Adrenal hemorrhage,Adrenal infarction,high,6,0,0,False,True,
MCR_seq200b/369,MCR_seq200b,369,MCR,control,exact_synonym,True,False,False,False,False,False,Adrenal hemorrhage,Adrenal infarction,high,6,0,0,False,True,
MCR_seq200b/369,MCR_seq200b,369,MCR,control,typed_relation,True,False,False,False,False,False,Adrenal hemorrhage,Adrenal infarction,high,6,0,0,False,True,
MCR_seq200b/374,MCR_seq200b,374,MCR,unsafe_fold,legacy_substring,True,False,False,False,False,False,Lung Cancer,Sarcoidosis,high,4,0,5,False,True,
MCR_seq200b/374,MCR_seq200b,374,MCR,unsafe_fold,exact_synonym,True,False,False,False,False,False,Lung Cancer,Sarcoidosis,high,6,0,5,False,True,
MCR_seq200b/374,MCR_seq200b,374,MCR,unsafe_fold,typed_relation,True,False,False,False,False,False,Lung Cancer,Sarcoidosis,high,6,2,5,False,True,
MCR_seq200b/376,MCR_seq200b,376,MCR,unsafe_fold,legacy_substring,True,True,True,True,True,False,Sacrococcygeal teratoma,Sacrooccygeal Teratoma,high,5,0,2,False,True,
MCR_seq200b/376,MCR_seq200b,376,MCR,unsafe_fold,exact_synonym,True,True,True,True,True,False,Sacrococcygeal teratoma,Neonatal hemorrhagic shock,high,6,0,2,False,True,
MCR_seq200b/376,MCR_seq200b,376,MCR,unsafe_fold,typed_relation,True,True,True,True,True,False,Sacrococcygeal teratoma,Neonatal hemorrhagic shock,high,6,1,2,False,True,
MCR_seq200b/379,MCR_seq200b,379,MCR,control,legacy_substring,True,False,False,False,False,False,Uterine Fibroid,Leiomyoma,high,4,0,0,False,True,
MCR_seq200b/379,MCR_seq200b,379,MCR,control,exact_synonym,True,False,False,False,False,False,Uterine Fibroid,Leiomyoma,high,4,0,0,False,True,
MCR_seq200b/379,MCR_seq200b,379,MCR,control,typed_relation,True,False,False,False,False,False,Uterine Fibroid,Leiomyoma,high,4,0,0,False,True,
MCR_seq200b/383,MCR_seq200b,383,MCR,unsafe_fold,legacy_substring,True,True,False,True,False,False,Granulomatous lobular mastitis,Idiopathic granulomatous mastitis,low,3,0,5,True,True,
MCR_seq200b/383,MCR_seq200b,383,MCR,unsafe_fold,exact_synonym,True,True,False,True,False,False,Idiopathic granulomatous lobular mastitis,Granulomatous lobular mastitis,high,5,0,5,False,True,
MCR_seq200b/383,MCR_seq200b,383,MCR,unsafe_fold,typed_relation,True,True,False,True,False,False,Idiopathic granulomatous lobular mastitis,Granulomatous lobular mastitis,medium,5,5,5,False,True,
MCR_seq200b/385,MCR_seq200b,385,MCR,unsafe_fold,legacy_substring,True,False,False,False,False,False,Thrombocytopenia,Purpura,medium,4,0,7,True,True,
MCR_seq200b/385,MCR_seq200b,385,MCR,unsafe_fold,exact_synonym,True,False,False,False,False,False,Olaparib-induced thrombocytopenia,Immune thrombocytopenic purpura,high,6,0,7,False,True,
MCR_seq200b/385,MCR_seq200b,385,MCR,unsafe_fold,typed_relation,True,False,False,False,False,False,Olaparib-induced thrombocytopenia,Immune thrombocytopenic purpura,high,6,2,7,False,True,
MCR_seq200b/386,MCR_seq200b,386,MCR,unsafe_fold,legacy_substring,True,False,False,True,True,True,Laryngeal Chondrosarcoma,Recurrent Chondroma,high,5,0,3,True,True,
MCR_seq200b/386,MCR_seq200b,386,MCR,unsafe_fold,exact_synonym,True,True,False,True,False,False,Laryngeal Chondrosarcoma,Chondrosarcoma,high,6,0,3,False,True,
MCR_seq200b/386,MCR_seq200b,386,MCR,unsafe_fold,typed_relation,True,True,False,True,False,False,Laryngeal Chondrosarcoma,Chondrosarcoma,high,6,2,3,False,True,
MCR_seq200b/388,MCR_seq200b,388,MCR,unsafe_fold,legacy_substring,True,False,False,False,False,False,Meningioma,,high,1,0,15,True,True,
MCR_seq200b/388,MCR_seq200b,388,MCR,unsafe_fold,exact_synonym,True,False,False,False,False,False,Clear Cell Meningioma,Spinal Meningioma,medium,3,0,15,False,True,
MCR_seq200b/388,MCR_seq200b,388,MCR,unsafe_fold,typed_relation,True,False,False,False,False,False,Clear Cell Meningioma,Spinal Meningioma,high,3,2,15,False,True,
MCR_seq200b/389,MCR_seq200b,389,MCR,unsafe_fold,legacy_substring,True,False,False,False,False,False,Invasive Pulmonary Aspergillosis,Invasive aspergillosis,low,5,0,2,False,True,
MCR_seq200b/389,MCR_seq200b,389,MCR,unsafe_fold,exact_synonym,True,False,False,False,False,False,Invasive Pulmonary Aspergillosis,Invasive aspergillosis,high,6,0,2,False,True,
MCR_seq200b/389,MCR_seq200b,389,MCR,unsafe_fold,typed_relation,True,False,False,False,False,False,Invasive Pulmonary Aspergillosis,Invasive aspergillosis,high,6,2,2,False,True,
MCR_seq200b/391,MCR_seq200b,391,MCR,control,legacy_substring,True,False,False,False,False,False,Middle ear cancer,Middle ear adenocarcinoma,medium,6,0,0,False,True,
MCR_seq200b/391,MCR_seq200b,391,MCR,control,exact_synonym,True,False,False,False,False,False,Middle ear cancer,Middle ear adenocarcinoma,medium,6,0,0,False,True,
MCR_seq200b/391,MCR_seq200b,391,MCR,control,typed_relation,True,False,False,False,False,False,Middle ear cancer,Middle ear adenocarcinoma,medium,6,0,0,False,True,
MCR_seq200b/392,MCR_seq200b,392,MCR,unsafe_fold,legacy_substring,True,False,False,False,False,False,Stroke,Moyamoya Disease,medium,3,0,2,False,True,
MCR_seq200b/392,MCR_seq200b,392,MCR,unsafe_fold,exact_synonym,True,False,False,False,False,False,Stroke,Moyamoya Disease,high,4,0,2,False,True,
MCR_seq200b/392,MCR_seq200b,392,MCR,unsafe_fold,typed_relation,True,False,False,False,False,False,Stroke,,high,4,1,2,False,True,
MCR_seq200b/393,MCR_seq200b,393,MCR,unsafe_fold,legacy_substring,True,False,False,False,False,False,Gastrointestinal basidiobolomycosis,Gastrointestinal phycomycosis,high,6,0,3,False,True,
MCR_seq200b/393,MCR_seq200b,393,MCR,unsafe_fold,exact_synonym,True,False,False,False,False,False,Gastrointestinal basidiobolomycosis,Gastrointestinal phycomycosis,high,6,0,3,False,True,
MCR_seq200b/393,MCR_seq200b,393,MCR,unsafe_fold,typed_relation,True,False,False,False,False,False,Gastrointestinal basidiobolomycosis,Gastrointestinal phycomycosis,high,6,0,3,False,True,
MCR_seq200b/394,MCR_seq200b,394,MCR,unsafe_fold,legacy_substring,True,False,False,False,False,False,Syndrome of Inappropriate Antidiuretic Hormone Secretion (SIADH),Cachexia,high,5,0,1,False,True,
MCR_seq200b/394,MCR_seq200b,394,MCR,unsafe_fold,exact_synonym,True,False,False,False,False,False,Syndrome of Inappropriate Antidiuretic Hormone Secretion (SIADH),Small cell carcinoma of the stomach,medium,6,0,1,False,True,
MCR_seq200b/394,MCR_seq200b,394,MCR,unsafe_fold,typed_relation,True,False,False,False,False,False,Syndrome of Inappropriate Antidiuretic Hormone Secretion (SIADH),Cancer Cachexia,high,6,1,1,False,True,
MCR_seq200b/401,MCR_seq200b,401,MCR,unsafe_fold,legacy_substring,True,False,False,False,False,False,Sinonasal lymphoma,Invasive fungal sinusitis,medium,6,0,3,True,True,
MCR_seq200b/401,MCR_seq200b,401,MCR,unsafe_fold,exact_synonym,True,False,False,False,False,False,Sinonasal lymphoma,Lymphoma,medium,6,0,3,False,True,
MCR_seq200b/401,MCR_seq200b,401,MCR,unsafe_fold,typed_relation,True,False,False,False,False,False,Sinonasal lymphoma,Invasive fungal sinusitis,medium,6,1,3,False,True,
MCR_seq200b/403,MCR_seq200b,403,MCR,unsafe_fold,legacy_substring,True,False,False,False,False,False,Ischemic Stroke,Atrial Fibrillation,high,5,0,4,True,True,
MCR_seq200b/403,MCR_seq200b,403,MCR,unsafe_fold,exact_synonym,True,False,False,False,False,False,Atrial Fibrillation-Related Embolic Stroke,Acute Ischemic Stroke,high,6,0,4,False,True,
MCR_seq200b/403,MCR_seq200b,403,MCR,unsafe_fold,typed_relation,True,False,False,False,False,False,Atrial Fibrillation-Related Embolic Stroke,Acute Ischemic Stroke,high,6,2,4,False,True,
MCR_seq200b/407,MCR_seq200b,407,MCR,unsafe_fold,legacy_substring,True,False,False,True,True,True,Myelolipoma,Teratoma,high,2,0,11,True,True,
MCR_seq200b/407,MCR_seq200b,407,MCR,unsafe_fold,exact_synonym,True,True,True,True,True,False,Adrenal myelolipoma,Myelolipoma,high,4,0,11,False,True,
MCR_seq200b/407,MCR_seq200b,407,MCR,unsafe_fold,typed_relation,True,True,True,True,True,False,Adrenal myelolipoma,Myelolipoma,medium,4,3,11,False,True,
MCR_seq200b/408,MCR_seq200b,408,MCR,unsafe_fold,legacy_substring,True,False,False,False,False,False,clear-cell squamous cell carcinoma,metastatic clear-cell carcinoma,high,4,0,2,True,True,
MCR_seq200b/408,MCR_seq200b,408,MCR,unsafe_fold,exact_synonym,True,False,False,False,False,False,Primary clear-cell squamous cell carcinoma of the penis,clear-cell squamous cell carcinoma,high,5,0,2,False,True,
MCR_seq200b/408,MCR_seq200b,408,MCR,unsafe_fold,typed_relation,True,False,False,False,False,False,Primary clear-cell squamous cell carcinoma of the penis,clear-cell squamous cell carcinoma,high,5,2,2,False,True,
MCR_seq200b/409,MCR_seq200b,409,MCR,unsafe_fold,legacy_substring,True,False,False,False,False,False,Pulmonary effusion due to pancreaticopleural fistula,Pancreatic pseudocyst,high,4,0,6,True,True,
MCR_seq200b/409,MCR_seq200b,409,MCR,unsafe_fold,exact_synonym,True,False,False,False,False,False,Pancreaticopleural fistula,Pleural effusion due to pancreatic disease,high,6,0,6,False,True,
MCR_seq200b/409,MCR_seq200b,409,MCR,unsafe_fold,typed_relation,True,False,False,False,False,False,Pancreaticopleural fistula,Pleural effusion due to pancreatic disease,high,6,2,6,False,True,
MCR_seq200b/410,MCR_seq200b,410,MCR,control,legacy_substring,True,True,True,True,True,False,Intraductal Papillary Neoplasm of the Bile Duct,Mucinous Cystic Neoplasm of the Liver,high,4,0,0,False,True,
MCR_seq200b/410,MCR_seq200b,410,MCR,control,exact_synonym,True,True,True,True,True,False,Intraductal Papillary Neoplasm of the Bile Duct,Mucinous Cystic Neoplasm of the Liver,high,4,0,0,False,True,
MCR_seq200b/410,MCR_seq200b,410,MCR,control,typed_relation,True,True,True,True,True,False,Intraductal Papillary Neoplasm of the Bile Duct,Mucinous Cystic Neoplasm of the Liver,high,4,0,0,False,True,
MCR_seq200b/412,MCR_seq200b,412,MCR,unsafe_fold,legacy_substring,True,True,True,True,True,False,External Cervical Resorption,Asymptomatic Irreversible Pulpitis,medium,3,0,2,False,True,
MCR_seq200b/412,MCR_seq200b,412,MCR,unsafe_fold,exact_synonym,True,True,True,True,True,False,External Cervical Resorption,Asymptomatic Irreversible Pulpitis,medium,4,0,2,False,True,
MCR_seq200b/412,MCR_seq200b,412,MCR,unsafe_fold,typed_relation,True,True,True,True,True,False,External Cervical Resorption,Asymptomatic Irreversible Pulpitis,high,4,1,2,False,True,
MCR_seq200b/415,MCR_seq200b,415,MCR,control,legacy_substring,True,False,False,False,False,False,Primary high-grade glioma,Metastatic thyroid carcinoma,high,3,0,0,False,True,
MCR_seq200b/415,MCR_seq200b,415,MCR,control,exact_synonym,True,False,False,False,False,False,Primary high-grade glioma,Metastatic thyroid carcinoma,high,3,0,0,False,True,
MCR_seq200b/415,MCR_seq200b,415,MCR,control,typed_relation,True,False,False,False,False,False,Primary high-grade glioma,Metastatic thyroid carcinoma,high,3,0,0,False,True,
MCR_seq200b/416,MCR_seq200b,416,MCR,unsafe_fold,legacy_substring,True,True,True,True,True,False,Schistosomiasis,Spinal cord arteriovenous malformation,high,6,0,1,True,True,
MCR_seq200b/416,MCR_seq200b,416,MCR,unsafe_fold,exact_synonym,True,True,False,True,False,False,Spinal schistosomiasis,Schistosomiasis,high,6,0,1,False,True,
MCR_seq200b/416,MCR_seq200b,416,MCR,unsafe_fold,typed_relation,True,True,False,True,False,False,Spinal schistosomiasis,Schistosomiasis,high,6,1,1,False,True,
MCR_seq200b/418,MCR_seq200b,418,MCR,unsafe_fold,legacy_substring,True,True,True,True,True,False,Sarcoidosis,Giant cell myocarditis,high,5,0,2,True,True,
MCR_seq200b/418,MCR_seq200b,418,MCR,unsafe_fold,exact_synonym,True,True,False,True,False,False,Cardiac sarcoidosis,Sarcoidosis,high,6,0,2,False,True,
MCR_seq200b/418,MCR_seq200b,418,MCR,unsafe_fold,typed_relation,True,True,False,True,False,False,Cardiac sarcoidosis,Giant cell myocarditis,high,6,1,2,False,True,
MCR_seq200b/423,MCR_seq200b,423,MCR,unsafe_fold,legacy_substring,True,False,False,False,False,False,Neurogenic tumor,Retroperitoneal sarcoma,medium,4,0,6,False,True,
MCR_seq200b/423,MCR_seq200b,423,MCR,unsafe_fold,exact_synonym,True,False,False,False,False,False,Retroperitoneal sarcoma,Retroperitoneal lymphoma,medium,6,0,6,False,True,
MCR_seq200b/423,MCR_seq200b,423,MCR,unsafe_fold,typed_relation,True,False,False,False,False,False,Retroperitoneal sarcoma,Liposarcoma,medium,6,3,6,False,True,
MCR_seq200b/428,MCR_seq200b,428,MCR,unsafe_fold,legacy_substring,True,False,False,False,False,False,Aplastic Anemia,Sweet's Syndrome,high,5,0,2,False,True,
MCR_seq200b/428,MCR_seq200b,428,MCR,unsafe_fold,exact_synonym,True,False,False,False,False,False,Bullous Sweet’s syndrome,Sweet's Syndrome,high,6,0,2,False,True,
MCR_seq200b/428,MCR_seq200b,428,MCR,unsafe_fold,typed_relation,True,False,False,False,False,False,Bullous Sweet’s syndrome,Sweet's Syndrome,high,6,1,2,False,True,
MCR_seq200b/430,MCR_seq200b,430,MCR,unsafe_fold,legacy_substring,True,False,False,False,False,False,Mitral Isthmus Dependent Atrial Flutter,Scar-related atrial tachycardia,high,4,0,3,True,True,
MCR_seq200b/430,MCR_seq200b,430,MCR,unsafe_fold,exact_synonym,True,False,False,False,False,False,Mitral Isthmus-Dependent Atrial Flutter,Mitral Isthmus Dependent Atrial Flutter,high,6,0,3,False,True,
MCR_seq200b/430,MCR_seq200b,430,MCR,unsafe_fold,typed_relation,True,False,False,False,False,False,Mitral Isthmus-Dependent Atrial Flutter,Mitral Isthmus Dependent Atrial Flutter,low,6,2,3,False,True,
MCR_seq200b/431,MCR_seq200b,431,MCR,control,legacy_substring,True,True,False,True,False,False,Congenital CMV infection,Intrauterine infection,high,6,0,0,False,True,
MCR_seq200b/431,MCR_seq200b,431,MCR,control,exact_synonym,True,True,False,True,False,False,Congenital CMV infection,Intrauterine infection,high,6,0,0,False,True,
MCR_seq200b/431,MCR_seq200b,431,MCR,control,typed_relation,True,True,False,True,False,False,Congenital CMV infection,Intrauterine infection,high,6,0,0,False,True,
MCR_seq200b/435,MCR_seq200b,435,MCR,unsafe_fold,legacy_substring,True,False,False,False,False,False,Metastatic Brain Tumor,Primary Central Nervous System Lymphoma,medium,4,0,2,False,True,
MCR_seq200b/435,MCR_seq200b,435,MCR,unsafe_fold,exact_synonym,True,False,False,False,False,False,Metastatic Brain Tumor,Primary Central Nervous System Lymphoma,high,5,0,2,False,True,
MCR_seq200b/435,MCR_seq200b,435,MCR,unsafe_fold,typed_relation,True,False,False,False,False,False,Primary Central Nervous System Lymphoma,Metastatic Brain Tumor,medium,5,1,2,False,True,
MCR_seq200b/436,MCR_seq200b,436,MCR,unsafe_fold,legacy_substring,True,False,False,False,False,False,Spontaneous renal hemorrhage,Renal artery aneurysm rupture,medium,5,0,2,False,True,
MCR_seq200b/436,MCR_seq200b,436,MCR,unsafe_fold,exact_synonym,True,False,False,False,False,False,Spontaneous renal hemorrhage,Retroperitoneal hemorrhage,medium,6,0,2,False,True,
MCR_seq200b/436,MCR_seq200b,436,MCR,unsafe_fold,typed_relation,True,False,False,False,False,False,Spontaneous renal hemorrhage,Renal artery aneurysm rupture,medium,6,1,2,False,True,
MCR_seq200b/437,MCR_seq200b,437,MCR,unsafe_fold,legacy_substring,True,False,False,False,False,False,Severe Prosthesis-Patient Mismatch,Heart Failure with Preserved Ejection Fraction,high,5,0,2,True,True,
MCR_seq200b/437,MCR_seq200b,437,MCR,unsafe_fold,exact_synonym,True,False,False,False,False,False,Severe Prosthesis-Patient Mismatch,Prosthesis-patient mismatch,high,6,0,2,False,True,
MCR_seq200b/437,MCR_seq200b,437,MCR,unsafe_fold,typed_relation,True,False,False,False,False,False,Severe Prosthesis-Patient Mismatch,Portal Hypertension,medium,6,1,2,False,True,
MCR_seq200b/438,MCR_seq200b,438,MCR,unsafe_fold,legacy_substring,True,False,False,False,False,False,Cholangitis,Drug-induced cholestasis,medium,3,0,9,True,True,
MCR_seq200b/438,MCR_seq200b,438,MCR,unsafe_fold,exact_synonym,True,False,False,False,False,False,Chemotherapy-associated sclerosing cholangitis,Sclerosing cholangitis,medium,6,0,9,False,True,
MCR_seq200b/438,MCR_seq200b,438,MCR,unsafe_fold,typed_relation,True,False,False,False,False,False,Chemotherapy-associated sclerosing cholangitis,Sclerosing cholangitis,high,6,5,9,False,True,
MCR_seq200b/445,MCR_seq200b,445,MCR,unsafe_fold,legacy_substring,True,False,False,False,False,False,Allergic fungal sinusitis,Chronic invasive fungal sinusitis,medium,5,0,2,False,True,
MCR_seq200b/445,MCR_seq200b,445,MCR,unsafe_fold,exact_synonym,True,False,False,False,False,False,Chronic invasive fungal sinusitis,Invasive fungal sinusitis,high,6,0,2,False,True,
MCR_seq200b/445,MCR_seq200b,445,MCR,unsafe_fold,typed_relation,True,False,False,False,False,False,Chronic invasive fungal sinusitis,Invasive fungal sinusitis,high,6,1,2,False,True,
MCR_seq200b/451,MCR_seq200b,451,MCR,unsafe_fold,legacy_substring,True,False,False,False,False,False,Recurrent pneumoperitoneum,Chronic intestinal pseudo-obstruction,high,4,0,3,True,True,
MCR_seq200b/451,MCR_seq200b,451,MCR,unsafe_fold,exact_synonym,True,False,False,False,False,False,Recurrent pneumoperitoneum,Idiopathic pneumoperitoneum,medium,6,0,3,False,True,
MCR_seq200b/451,MCR_seq200b,451,MCR,unsafe_fold,typed_relation,True,False,False,False,False,False,Recurrent pneumoperitoneum,Idiopathic pneumoperitoneum,high,6,2,3,False,True,
MCR_seq200b/452,MCR_seq200b,452,MCR,unsafe_fold,legacy_substring,True,False,False,False,False,False,Fibroma,Leiomyoma,medium,3,0,6,True,True,
MCR_seq200b/452,MCR_seq200b,452,MCR,unsafe_fold,exact_synonym,True,False,False,False,False,False,Fibroma,Leiomyoma,high,4,0,6,False,True,
MCR_seq200b/452,MCR_seq200b,452,MCR,unsafe_fold,typed_relation,True,False,False,False,False,False,Leiomyoma,Fibroma,medium,4,1,6,False,True,
MCR_seq200b/455,MCR_seq200b,455,MCR,unsafe_fold,legacy_substring,True,False,False,False,False,False,Cervical Cancer,Vaginal cancer,high,6,0,1,False,True,
MCR_seq200b/455,MCR_seq200b,455,MCR,unsafe_fold,exact_synonym,True,False,False,False,False,False,Uterine leiomyoma,Cervical Cancer,medium,6,0,1,False,True,
MCR_seq200b/455,MCR_seq200b,455,MCR,unsafe_fold,typed_relation,True,False,False,False,False,False,Uterine leiomyoma,Cervical Cancer,medium,6,0,1,False,True,
MCR_seq200b/456,MCR_seq200b,456,MCR,unsafe_fold,legacy_substring,True,False,False,False,False,False,Ureteroileal fistula,,high,5,0,4,False,True,
MCR_seq200b/456,MCR_seq200b,456,MCR,unsafe_fold,exact_synonym,True,False,False,False,False,False,Ureteroileal fistula,Radiation-induced hemorrhagic cystitis,high,6,0,4,False,True,
MCR_seq200b/456,MCR_seq200b,456,MCR,unsafe_fold,typed_relation,True,False,False,False,False,False,Ureteroileal fistula,Radiation-induced hemorrhagic cystitis,high,6,1,4,False,True,
MCR_seq200b/457,MCR_seq200b,457,MCR,control,legacy_substring,True,False,False,False,False,False,Hemangiopericytoma,Meningioma,high,3,0,0,False,True,
MCR_seq200b/457,MCR_seq200b,457,MCR,control,exact_synonym,True,False,False,False,False,False,Hemangiopericytoma,Meningioma,high,3,0,0,False,True,
MCR_seq200b/457,MCR_seq200b,457,MCR,control,typed_relation,True,False,False,False,False,False,Hemangiopericytoma,Meningioma,high,3,0,0,False,True,
MCR_seq200b/460,MCR_seq200b,460,MCR,control,legacy_substring,True,False,False,False,False,False,Empyema,Pleural infection,high,4,0,0,False,True,
MCR_seq200b/460,MCR_seq200b,460,MCR,control,exact_synonym,True,False,False,False,False,False,Empyema,Pleural infection,high,4,0,0,False,True,
MCR_seq200b/460,MCR_seq200b,460,MCR,control,typed_relation,True,False,False,False,False,False,Empyema,Pleural infection,high,4,0,0,False,True,
MCR_seq200b/461,MCR_seq200b,461,MCR,control,legacy_substring,True,False,False,False,False,False,Rhabdomyolysis,Acute Kidney Injury,high,3,0,0,False,True,
MCR_seq200b/461,MCR_seq200b,461,MCR,control,exact_synonym,True,False,False,False,False,False,Rhabdomyolysis,Acute Kidney Injury,high,3,0,0,False,True,
MCR_seq200b/461,MCR_seq200b,461,MCR,control,typed_relation,True,False,False,False,False,False,Rhabdomyolysis,Acute Kidney Injury,high,3,0,0,False,True,
MCR_seq200b/464,MCR_seq200b,464,MCR,unsafe_fold,legacy_substring,True,False,False,True,True,True,Popliteal artery aneurysm,,high,5,0,3,True,True,
MCR_seq200b/464,MCR_seq200b,464,MCR,unsafe_fold,exact_synonym,True,True,True,True,True,False,Ruptured popliteal artery aneurysm,Popliteal artery aneurysm,high,6,0,3,False,True,
MCR_seq200b/464,MCR_seq200b,464,MCR,unsafe_fold,typed_relation,True,True,True,True,True,False,Ruptured popliteal artery aneurysm,Popliteal artery aneurysm,high,6,1,3,False,True,
MCR_seq200b/466,MCR_seq200b,466,MCR,unsafe_fold,legacy_substring,True,False,False,False,False,False,Pilonidal disease,Hidradenitis suppurativa,medium,6,0,1,False,True,
MCR_seq200b/466,MCR_seq200b,466,MCR,unsafe_fold,exact_synonym,True,False,False,False,False,False,Chronic wound with possible squamous cell carcinoma,Pilonidal disease,high,6,0,1,False,True,
MCR_seq200b/466,MCR_seq200b,466,MCR,unsafe_fold,typed_relation,True,False,False,False,False,False,Chronic wound with possible squamous cell carcinoma,Pilonidal disease,high,6,0,1,False,True,
MCR_seq200b/468,MCR_seq200b,468,MCR,unsafe_fold,legacy_substring,True,False,False,False,False,False,Cerebral angiitis,Cerebral vasculitis,low,5,0,2,False,True,
MCR_seq200b/468,MCR_seq200b,468,MCR,unsafe_fold,exact_synonym,True,False,False,False,False,False,Central nervous system vasculitis,Cerebral vasculitis,medium,6,0,2,False,True,
MCR_seq200b/468,MCR_seq200b,468,MCR,unsafe_fold,typed_relation,True,False,False,False,False,False,Cerebral angiitis,Cerebral vasculitis,low,6,1,2,False,True,
MCR_seq200b/469,MCR_seq200b,469,MCR,unsafe_fold,legacy_substring,True,False,False,False,False,False,Lymphoma,Masquerade syndrome,high,6,0,2,True,True,
MCR_seq200b/469,MCR_seq200b,469,MCR,unsafe_fold,exact_synonym,True,False,False,False,False,False,intraocular lymphoma,Masquerade syndrome,high,6,0,2,False,True,
MCR_seq200b/469,MCR_seq200b,469,MCR,unsafe_fold,typed_relation,True,False,False,False,False,False,intraocular lymphoma,Lymphoma,high,6,1,2,False,True,
MCR_seq200b/474,MCR_seq200b,474,MCR,control,legacy_substring,True,False,False,False,False,False,Schwannoma,Neurofibroma,medium,5,0,0,False,True,
MCR_seq200b/474,MCR_seq200b,474,MCR,control,exact_synonym,True,False,False,False,False,False,Schwannoma,Neurofibroma,medium,5,0,0,False,True,
MCR_seq200b/474,MCR_seq200b,474,MCR,control,typed_relation,True,False,False,False,False,False,Schwannoma,Neurofibroma,medium,5,0,0,False,True,
MCR_seq200b/475,MCR_seq200b,475,MCR,control,legacy_substring,True,False,False,False,False,False,Neuralgic amyotrophy,Anterior Interosseous Nerve Syndrome,high,5,0,0,False,True,
MCR_seq200b/475,MCR_seq200b,475,MCR,control,exact_synonym,True,False,False,False,False,False,Neuralgic amyotrophy,Anterior Interosseous Nerve Syndrome,high,5,0,0,False,True,
MCR_seq200b/475,MCR_seq200b,475,MCR,control,typed_relation,True,False,False,False,False,False,Neuralgic amyotrophy,Anterior Interosseous Nerve Syndrome,high,5,1,0,False,True,
MCR_seq200b/478,MCR_seq200b,478,MCR,control,legacy_substring,True,False,False,False,False,False,Campylobacter jejuni enteritis,Campylobacter jejuni infection,high,4,0,0,False,True,
MCR_seq200b/478,MCR_seq200b,478,MCR,control,exact_synonym,True,False,False,False,False,False,Campylobacter jejuni enteritis,Campylobacter jejuni infection,high,4,0,0,False,True,
MCR_seq200b/478,MCR_seq200b,478,MCR,control,typed_relation,True,False,False,False,False,False,Campylobacter jejuni enteritis,Campylobacter jejuni infection,high,4,0,0,False,True,
MCR_seq200b/480,MCR_seq200b,480,MCR,unsafe_fold,legacy_substring,True,False,False,False,False,False,Transient Ischemic Attack of the Vertebrobasilar System,Vertebrobasilar Insufficiency,medium,5,0,3,True,True,
MCR_seq200b/480,MCR_seq200b,480,MCR,unsafe_fold,exact_synonym,True,False,False,False,False,False,Transient Ischemic Attack of the Vertebrobasilar System,Transient Ischemic Attack,high,6,0,3,False,True,
MCR_seq200b/480,MCR_seq200b,480,MCR,unsafe_fold,typed_relation,True,False,False,False,False,False,Transient Ischemic Attack of the Vertebrobasilar System,Transient Ischemic Attack,high,6,1,3,False,True,
MCR_v1_seq100/1,MCR_v1_seq100,1,MCR,unsafe_fold,legacy_substring,True,False,False,False,False,False,Ovarian Cancer,Leiomyoma with cystic degeneration,high,4,0,7,False,True,
MCR_v1_seq100/1,MCR_v1_seq100,1,MCR,unsafe_fold,exact_synonym,True,False,False,False,False,False,Leiomyoma with cystic degeneration,Infected hematometra,medium,6,0,7,False,True,
MCR_v1_seq100/1,MCR_v1_seq100,1,MCR,unsafe_fold,typed_relation,True,False,False,False,False,False,Infected hematometra,Leiomyoma with cystic degeneration,medium,6,3,7,False,True,
MCR_v1_seq100/100,MCR_v1_seq100,100,MCR,unsafe_fold,legacy_substring,True,False,False,False,False,False,Hemangioma of bone,Osteoma,high,3,0,3,True,True,
MCR_v1_seq100/100,MCR_v1_seq100,100,MCR,unsafe_fold,exact_synonym,True,False,False,False,False,False,Hemangioma of the bone,Hemangioma of bone,high,5,0,3,False,True,
MCR_v1_seq100/100,MCR_v1_seq100,100,MCR,unsafe_fold,typed_relation,True,False,False,False,False,False,Hemangioma of bone,Hemangioma of the bone,low,5,3,3,False,True,
MCR_v1_seq100/104,MCR_v1_seq100,104,MCR,control,legacy_substring,True,True,True,True,True,False,Langerhans cell histiocytosis,Cholesteatoma,high,2,0,0,False,True,
MCR_v1_seq100/104,MCR_v1_seq100,104,MCR,control,exact_synonym,True,True,True,True,True,False,Langerhans cell histiocytosis,Cholesteatoma,high,2,0,0,False,True,
MCR_v1_seq100/104,MCR_v1_seq100,104,MCR,control,typed_relation,True,True,True,True,True,False,Langerhans cell histiocytosis,Cholesteatoma,high,2,0,0,False,True,
MCR_v1_seq100/107,MCR_v1_seq100,107,MCR,unsafe_fold,legacy_substring,True,False,False,False,False,False,Lymphoma,Primary testicular cancer,medium,5,0,3,True,True,
MCR_v1_seq100/107,MCR_v1_seq100,107,MCR,unsafe_fold,exact_synonym,True,False,False,False,False,False,testicular lymphoma,Lymphoma,high,6,0,3,False,True,
MCR_v1_seq100/107,MCR_v1_seq100,107,MCR,unsafe_fold,typed_relation,True,False,False,False,False,False,testicular lymphoma,Lymphoma,high,6,1,3,False,True,
MCR_v1_seq100/109,MCR_v1_seq100,109,MCR,unsafe_fold,legacy_substring,True,False,False,False,False,False,Pyogenic brain abscess,Cerebral Toxoplasmosis,high,6,0,1,False,True,
MCR_v1_seq100/109,MCR_v1_seq100,109,MCR,unsafe_fold,exact_synonym,True,False,False,False,False,False,Pyogenic brain abscess,Cerebral Toxoplasmosis,high,6,0,1,False,True,
MCR_v1_seq100/109,MCR_v1_seq100,109,MCR,unsafe_fold,typed_relation,True,False,False,False,False,False,Pyogenic brain abscess,Cerebral Toxoplasmosis,high,6,0,1,False,True,
MCR_v1_seq100/111,MCR_v1_seq100,111,MCR,unsafe_fold,legacy_substring,True,False,False,False,False,False,Giant cell tumor,Vertebral metastasis,medium,6,0,1,False,True,
MCR_v1_seq100/111,MCR_v1_seq100,111,MCR,unsafe_fold,exact_synonym,True,False,False,False,False,False,Giant cell tumor,Primary bone tumor,medium,6,0,1,False,True,
MCR_v1_seq100/111,MCR_v1_seq100,111,MCR,unsafe_fold,typed_relation,True,False,False,False,False,False,Giant cell tumor,Primary bone tumor,medium,6,0,1,False,True,
MCR_v1_seq100/113,MCR_v1_seq100,113,MCR,unsafe_fold,legacy_substring,True,False,False,False,False,False,Sister Mary Joseph nodule,Transverse colon cancer,medium,3,0,3,True,True,
MCR_v1_seq100/113,MCR_v1_seq100,113,MCR,unsafe_fold,exact_synonym,True,False,False,False,False,False,Sister Mary Joseph nodule with metastatic adenocarcinoma of colonic origin,Sister Mary Joseph nodule due to metastatic adenocarcinoma,high,5,0,3,False,True,
MCR_v1_seq100/113,MCR_v1_seq100,113,MCR,unsafe_fold,typed_relation,True,False,False,False,False,False,Sister Mary Joseph nodule with metastatic adenocarcinoma of colonic origin,Sister Mary Joseph nodule due to metastatic adenocarcinoma,high,5,2,3,False,True,
MCR_v1_seq100/114,MCR_v1_seq100,114,MCR,unsafe_fold,legacy_substring,True,False,False,False,False,False,Epidermoid cyst,Soft-tissue tumor,high,5,0,4,True,True,
MCR_v1_seq100/114,MCR_v1_seq100,114,MCR,unsafe_fold,exact_synonym,True,False,False,False,False,False,Epidermoid cyst,Soft-tissue tumor,medium,6,0,4,False,True,
MCR_v1_seq100/114,MCR_v1_seq100,114,MCR,unsafe_fold,typed_relation,True,False,False,False,False,False,Epidermoid cyst,Soft tissue tumor,medium,6,1,4,False,True,
MCR_v1_seq100/12,MCR_v1_seq100,12,MCR,unsafe_fold,legacy_substring,True,False,False,True,True,True,Osteomalacia,Fibrous dysplasia,high,3,0,3,True,True,
MCR_v1_seq100/12,MCR_v1_seq100,12,MCR,unsafe_fold,exact_synonym,True,True,True,True,True,False,Tumor-induced osteomalacia,Osteomalacia,high,4,0,3,False,True,
MCR_v1_seq100/12,MCR_v1_seq100,12,MCR,unsafe_fold,typed_relation,True,True,True,True,True,False,Tumor-induced osteomalacia,Osteomalacia,high,4,1,3,False,True,
MCR_v1_seq100/123,MCR_v1_seq100,123,MCR,unsafe_fold,legacy_substring,True,False,False,False,False,False,Langerhans Cell Histiocytosis,Ewing's Sarcoma,high,3,0,6,False,True,
MCR_v1_seq100/123,MCR_v1_seq100,123,MCR,unsafe_fold,exact_synonym,True,False,False,False,False,False,Langerhans Cell Histiocytosis,Ewing's Sarcoma,high,4,0,6,False,True,
MCR_v1_seq100/123,MCR_v1_seq100,123,MCR,unsafe_fold,typed_relation,True,False,False,False,False,False,Langerhans Cell Histiocytosis,Ewing's Sarcoma,high,4,1,6,False,True,
MCR_v1_seq100/124,MCR_v1_seq100,124,MCR,unsafe_fold,legacy_substring,True,False,False,False,False,False,Polymyositis,Rhabdomyolysis,high,4,0,2,True,True,
MCR_v1_seq100/124,MCR_v1_seq100,124,MCR,unsafe_fold,exact_synonym,True,False,False,False,False,False,Myositis,Polymyositis,medium,5,0,2,False,True,
MCR_v1_seq100/124,MCR_v1_seq100,124,MCR,unsafe_fold,typed_relation,True,False,False,False,False,False,Myositis,Polymyositis,medium,5,1,2,False,True,
MCR_v1_seq100/126,MCR_v1_seq100,126,MCR,unsafe_fold,legacy_substring,True,False,False,False,False,False,Lymphoma,Leukemia,high,5,0,8,True,True,
MCR_v1_seq100/126,MCR_v1_seq100,126,MCR,unsafe_fold,exact_synonym,True,False,False,False,False,False,Lymphoma,Cutaneous T-cell lymphoma,medium,6,0,8,False,True,
MCR_v1_seq100/126,MCR_v1_seq100,126,MCR,unsafe_fold,typed_relation,True,False,False,False,False,False,Lymphoma,Cutaneous T-cell lymphoma,high,6,1,8,False,True,
MCR_v1_seq100/128,MCR_v1_seq100,128,MCR,unsafe_fold,legacy_substring,True,False,False,False,False,False,Urinary Bladder Endometriosis,Transitional Cell Carcinoma,high,4,0,2,True,True,
MCR_v1_seq100/128,MCR_v1_seq100,128,MCR,unsafe_fold,exact_synonym,True,False,False,False,False,False,Urinary Bladder Endometriosis,Malacoplakia,medium,5,0,2,False,True,
MCR_v1_seq100/128,MCR_v1_seq100,128,MCR,unsafe_fold,typed_relation,True,False,False,False,False,False,Malacoplakia,Transitional Cell Carcinoma,high,5,1,2,False,True,
MCR_v1_seq100/13,MCR_v1_seq100,13,MCR,unsafe_fold,legacy_substring,True,False,False,True,True,True,Odontoma,Impacted tooth,high,3,0,3,True,True,
MCR_v1_seq100/13,MCR_v1_seq100,13,MCR,unsafe_fold,exact_synonym,True,True,False,True,False,False,Odontoma,Compound odontoma,medium,4,0,3,False,True,
MCR_v1_seq100/13,MCR_v1_seq100,13,MCR,unsafe_fold,typed_relation,True,True,False,True,False,False,Odontoma,Compound odontoma,high,4,1,3,False,True,
MCR_v1_seq100/15,MCR_v1_seq100,15,MCR,unsafe_fold,legacy_substring,True,False,False,False,False,False,Congenital lipoma,Dermoid cyst of the tongue,high,6,0,1,False,True,
MCR_v1_seq100/15,MCR_v1_seq100,15,MCR,unsafe_fold,exact_synonym,True,False,False,False,False,False,Congenital lipoma,Hamartoma,medium,6,0,1,False,True,
MCR_v1_seq100/15,MCR_v1_seq100,15,MCR,unsafe_fold,typed_relation,True,False,False,False,False,False,Congenital lipoma,Hamartoma,medium,6,0,1,False,True,
MCR_v1_seq100/16,MCR_v1_seq100,16,MCR,unsafe_fold,legacy_substring,True,False,False,False,False,False,Primary Amyloidosis of the Urethra,Urethral Stenosis,high,3,0,2,True,True,
MCR_v1_seq100/16,MCR_v1_seq100,16,MCR,unsafe_fold,exact_synonym,True,False,False,False,False,False,Primary Amyloidosis of the Urethra,Amyloidosis,high,4,0,2,False,True,
MCR_v1_seq100/16,MCR_v1_seq100,16,MCR,unsafe_fold,typed_relation,True,False,False,False,False,False,Primary Amyloidosis of the Urethra,Amyloidosis,high,4,1,2,False,True,
MCR_v1_seq100/17,MCR_v1_seq100,17,MCR,unsafe_fold,legacy_substring,True,False,False,False,False,False,ICI-induced pneumonitis,Immune-related adverse event (irAE),high,2,0,9,True,True,
MCR_v1_seq100/17,MCR_v1_seq100,17,MCR,unsafe_fold,exact_synonym,True,False,False,False,False,False,Steroid-refractory ICI-induced pneumonitis,ICI-induced pneumonitis,high,3,0,9,False,True,
MCR_v1_seq100/17,MCR_v1_seq100,17,MCR,unsafe_fold,typed_relation,True,False,False,False,False,False,Steroid-refractory ICI-induced pneumonitis,ICI-induced pneumonitis,high,3,1,9,False,True,
MCR_v1_seq100/18,MCR_v1_seq100,18,MCR,control,legacy_substring,True,False,False,False,False,False,Cardiac Lymphoma,Cardiac Metastasis,medium,6,0,0,False,True,
MCR_v1_seq100/18,MCR_v1_seq100,18,MCR,control,exact_synonym,True,False,False,False,False,False,Cardiac Lymphoma,Cardiac Metastasis,medium,6,0,0,False,True,
MCR_v1_seq100/18,MCR_v1_seq100,18,MCR,control,typed_relation,True,False,False,False,False,False,Cardiac Lymphoma,Cardiac Metastasis,medium,6,0,0,False,True,
MCR_v1_seq100/2,MCR_v1_seq100,2,MCR,control,legacy_substring,True,False,False,False,False,False,Pyroglutamic acidemia,,high,5,0,0,False,True,
MCR_v1_seq100/2,MCR_v1_seq100,2,MCR,control,exact_synonym,True,False,False,False,False,False,Pyroglutamic acidemia,,high,5,0,0,False,True,
MCR_v1_seq100/2,MCR_v1_seq100,2,MCR,control,typed_relation,True,False,False,False,False,False,Pyroglutamic acidemia,,high,5,0,0,False,True,
MCR_v1_seq100/21,MCR_v1_seq100,21,MCR,unsafe_fold,legacy_substring,True,True,True,True,True,False,Fibrous dysplasia,Meningioma,medium,4,0,1,False,True,
MCR_v1_seq100/21,MCR_v1_seq100,21,MCR,unsafe_fold,exact_synonym,True,True,True,True,True,False,Fibrous dysplasia,Orbital meningioma,high,5,0,1,False,True,
MCR_v1_seq100/21,MCR_v1_seq100,21,MCR,unsafe_fold,typed_relation,True,True,True,True,True,False,Fibrous dysplasia,Orbital meningioma,high,5,1,1,False,True,
MCR_v1_seq100/23,MCR_v1_seq100,23,MCR,control,legacy_substring,True,False,False,False,False,False,chondroid syringoma,clear cell hidradenoma,medium,2,0,0,False,True,
MCR_v1_seq100/23,MCR_v1_seq100,23,MCR,control,exact_synonym,True,False,False,False,False,False,chondroid syringoma,clear cell hidradenoma,medium,2,0,0,False,True,
MCR_v1_seq100/23,MCR_v1_seq100,23,MCR,control,typed_relation,True,False,False,False,False,False,chondroid syringoma,clear cell hidradenoma,medium,2,0,0,False,True,
MCR_v1_seq100/26,MCR_v1_seq100,26,MCR,unsafe_fold,legacy_substring,True,False,False,False,False,False,Basilar Migraine,Abdominal Migraine,high,3,0,4,False,True,
MCR_v1_seq100/26,MCR_v1_seq100,26,MCR,unsafe_fold,exact_synonym,True,False,False,False,False,False,Basilar Migraine,Migraine,high,4,0,4,False,True,
MCR_v1_seq100/26,MCR_v1_seq100,26,MCR,unsafe_fold,typed_relation,True,False,False,False,False,False,Basilar Migraine,Migraine,high,4,2,4,False,True,
MCR_v1_seq100/28,MCR_v1_seq100,28,MCR,unsafe_fold,legacy_substring,True,True,False,True,False,False,Drug-induced Stevens-Johnson syndrome,Toxic epidermal necrolysis,medium,4,0,2,True,True,
MCR_v1_seq100/28,MCR_v1_seq100,28,MCR,unsafe_fold,exact_synonym,True,True,False,True,False,False,Drug-induced Stevens-Johnson syndrome,Drug-induced Stevens-Johnson syndrome/toxic epidermal necrolysis,medium,5,0,2,False,True,
MCR_v1_seq100/28,MCR_v1_seq100,28,MCR,unsafe_fold,typed_relation,True,True,False,True,False,False,Drug-induced Stevens-Johnson syndrome,Drug-induced Stevens-Johnson syndrome/toxic epidermal necrolysis,medium,5,2,2,False,True,
MCR_v1_seq100/30,MCR_v1_seq100,30,MCR,control,legacy_substring,True,False,False,False,False,False,Peutz-Jeghers Syndrome,Juvenile Polyposis Syndrome,high,5,0,0,False,True,
MCR_v1_seq100/30,MCR_v1_seq100,30,MCR,control,exact_synonym,True,False,False,False,False,False,Peutz-Jeghers Syndrome,Juvenile Polyposis Syndrome,high,5,0,0,False,True,
MCR_v1_seq100/30,MCR_v1_seq100,30,MCR,control,typed_relation,True,False,False,False,False,False,Peutz-Jeghers Syndrome,Juvenile Polyposis Syndrome,high,5,0,0,False,True,
MCR_v1_seq100/35,MCR_v1_seq100,35,MCR,unsafe_fold,legacy_substring,True,False,False,False,False,False,Internal Hernia,Adhesive Bowel Obstruction,high,3,0,2,True,True,
MCR_v1_seq100/35,MCR_v1_seq100,35,MCR,unsafe_fold,exact_synonym,True,False,False,False,False,False,Internal Hernia,,high,4,0,2,False,True,
MCR_v1_seq100/35,MCR_v1_seq100,35,MCR,unsafe_fold,typed_relation,True,False,False,False,False,False,Internal Hernia,,high,4,1,2,False,True,
MCR_v1_seq100/43,MCR_v1_seq100,43,MCR,unsafe_fold,legacy_substring,True,False,False,False,False,False,Pott's disease,Pulmonary tuberculosis,medium,4,0,4,False,True,
MCR_v1_seq100/43,MCR_v1_seq100,43,MCR,unsafe_fold,exact_synonym,True,False,False,False,False,False,Tuberculosis,Pulmonary tuberculosis,high,5,0,4,False,True,
MCR_v1_seq100/43,MCR_v1_seq100,43,MCR,unsafe_fold,typed_relation,True,False,False,False,False,False,Tuberculosis,Pott's disease,high,5,2,4,False,True,
MCR_v1_seq100/44,MCR_v1_seq100,44,MCR,control,legacy_substring,True,False,False,False,False,False,Pacemaker pocket infection,Device-related infection,high,5,0,0,False,True,
MCR_v1_seq100/44,MCR_v1_seq100,44,MCR,control,exact_synonym,True,False,False,False,False,False,Pacemaker pocket infection,Device-related infection,high,5,0,0,False,True,
MCR_v1_seq100/44,MCR_v1_seq100,44,MCR,control,typed_relation,True,False,False,False,False,False,Pacemaker pocket infection,Device-related infection,high,5,0,0,False,True,
MCR_v1_seq100/46,MCR_v1_seq100,46,MCR,control,legacy_substring,True,True,True,True,True,False,Sarcoidosis,Crohn's disease,medium,4,0,0,False,True,
MCR_v1_seq100/46,MCR_v1_seq100,46,MCR,control,exact_synonym,True,True,True,True,True,False,Sarcoidosis,Crohn's disease,medium,4,0,0,False,True,
MCR_v1_seq100/46,MCR_v1_seq100,46,MCR,control,typed_relation,True,True,True,True,True,False,Sarcoidosis,Crohn's disease,medium,4,0,0,False,True,
MCR_v1_seq100/47,MCR_v1_seq100,47,MCR,unsafe_fold,legacy_substring,True,False,False,False,False,False,Hepatic metastasis of malignant melanoma,Hepatic Metastasis of Melanoma,high,6,0,1,False,True,
MCR_v1_seq100/47,MCR_v1_seq100,47,MCR,unsafe_fold,exact_synonym,True,False,False,False,False,False,Hepatic Metastasis of Melanoma,Metastatic Melanoma to the Liver,high,6,0,1,False,True,
MCR_v1_seq100/47,MCR_v1_seq100,47,MCR,unsafe_fold,typed_relation,True,False,False,False,False,False,Metastatic Melanoma to the Liver,Hepatic Metastasis of Melanoma,high,6,2,1,False,True,
MCR_v1_seq100/48,MCR_v1_seq100,48,MCR,unsafe_fold,legacy_substring,True,False,False,False,False,False,Brodie's abscess,Subacute osteomyelitis,high,3,0,2,False,True,
MCR_v1_seq100/48,MCR_v1_seq100,48,MCR,unsafe_fold,exact_synonym,True,False,False,False,False,False,Brodie's abscess,Subacute osteomyelitis,high,4,0,2,False,True,
MCR_v1_seq100/48,MCR_v1_seq100,48,MCR,unsafe_fold,typed_relation,True,False,False,False,False,False,Brodie's abscess,Subacute osteomyelitis,high,4,2,2,False,True,
MCR_v1_seq100/49,MCR_v1_seq100,49,MCR,unsafe_fold,legacy_substring,True,False,False,False,False,False,Cecal diverticulitis,Complicated diverticulitis,high,6,0,17,False,True,
MCR_v1_seq100/49,MCR_v1_seq100,49,MCR,unsafe_fold,exact_synonym,True,False,False,False,False,False,Appendiceal abscess,Appendicitis,high,6,0,17,False,True,
MCR_v1_seq100/49,MCR_v1_seq100,49,MCR,unsafe_fold,typed_relation,True,False,False,False,False,False,Appendiceal abscess,Appendicitis,high,6,0,17,False,True,
MCR_v1_seq100/52,MCR_v1_seq100,52,MCR,unsafe_fold,legacy_substring,True,True,True,True,True,False,Livedoid vasculopathy,Antiphospholipid Syndrome,high,6,0,2,False,True,
MCR_v1_seq100/52,MCR_v1_seq100,52,MCR,unsafe_fold,exact_synonym,True,True,True,True,True,False,Livedoid vasculopathy,Antiphospholipid Syndrome,high,6,0,2,False,True,
MCR_v1_seq100/52,MCR_v1_seq100,52,MCR,unsafe_fold,typed_relation,True,True,True,True,True,False,Livedoid vasculopathy,Antiphospholipid Syndrome,high,6,0,2,False,True,
MCR_v1_seq100/53,MCR_v1_seq100,53,MCR,unsafe_fold,legacy_substring,True,False,False,False,False,False,Cardiac Myxoma,Papillary Fibroelastoma,high,3,0,4,False,True,
MCR_v1_seq100/53,MCR_v1_seq100,53,MCR,unsafe_fold,exact_synonym,True,False,False,False,False,False,Cardiac Myxoma,Papillary Fibroelastoma,high,4,0,4,False,True,
MCR_v1_seq100/53,MCR_v1_seq100,53,MCR,unsafe_fold,typed_relation,True,False,False,False,False,False,Cardiac Myxoma,Papillary Fibroelastoma,high,4,1,4,False,True,
MCR_v1_seq100/54,MCR_v1_seq100,54,MCR,unsafe_fold,legacy_substring,True,True,True,True,True,False,Trigeminal Neuralgia,,high,1,0,3,True,True,
MCR_v1_seq100/54,MCR_v1_seq100,54,MCR,unsafe_fold,exact_synonym,True,True,False,True,False,False,Vaccine-induced Trigeminal Neuralgia,Trigeminal Neuralgia,high,2,0,3,False,True,
MCR_v1_seq100/54,MCR_v1_seq100,54,MCR,unsafe_fold,typed_relation,True,True,False,True,False,False,Vaccine-induced Trigeminal Neuralgia,Trigeminal Neuralgia,high,2,1,3,False,True,
MCR_v1_seq100/55,MCR_v1_seq100,55,MCR,control,legacy_substring,True,False,False,False,False,False,Pyelonephritis,Urinary Tract Infection,high,5,0,0,False,True,
MCR_v1_seq100/55,MCR_v1_seq100,55,MCR,control,exact_synonym,True,False,False,False,False,False,Pyelonephritis,Urinary Tract Infection,high,5,0,0,False,True,
MCR_v1_seq100/55,MCR_v1_seq100,55,MCR,control,typed_relation,True,False,False,False,False,False,Pyelonephritis,Urinary Tract Infection,high,5,0,0,False,True,
MCR_v1_seq100/61,MCR_v1_seq100,61,MCR,unsafe_fold,legacy_substring,True,False,False,False,False,False,Hepatic Adenoma,Hepatocellular Adenoma,high,6,0,2,False,True,
MCR_v1_seq100/61,MCR_v1_seq100,61,MCR,unsafe_fold,exact_synonym,True,False,False,False,False,False,Hepatocellular Adenoma,Hepatic Adenoma,medium,6,0,2,False,True,
MCR_v1_seq100/61,MCR_v1_seq100,61,MCR,unsafe_fold,typed_relation,True,False,False,False,False,False,Hepatocellular Adenoma,Hepatic Adenoma,medium,6,0,2,False,True,
MCR_v1_seq100/63,MCR_v1_seq100,63,MCR,control,legacy_substring,True,False,False,False,False,False,Ureteral fibroepithelial polyp,Ureteral polyp,high,5,0,0,False,True,
MCR_v1_seq100/63,MCR_v1_seq100,63,MCR,control,exact_synonym,True,False,False,False,False,False,Ureteral fibroepithelial polyp,Ureteral polyp,high,5,0,0,False,True,
MCR_v1_seq100/63,MCR_v1_seq100,63,MCR,control,typed_relation,True,False,False,False,False,False,Ureteral fibroepithelial polyp,Ureteral polyp,high,5,1,0,False,True,
MCR_v1_seq100/68,MCR_v1_seq100,68,MCR,control,legacy_substring,True,False,False,False,False,False,Lipomatosis of nerve,Lipomatous process,medium,5,0,0,False,True,
MCR_v1_seq100/68,MCR_v1_seq100,68,MCR,control,exact_synonym,True,False,False,False,False,False,Lipomatosis of nerve,Lipomatous process,medium,5,0,0,False,True,
MCR_v1_seq100/68,MCR_v1_seq100,68,MCR,control,typed_relation,True,False,False,False,False,False,Lipomatosis of nerve,Lipomatous process,medium,5,0,0,False,True,
MCR_v1_seq100/69,MCR_v1_seq100,69,MCR,unsafe_fold,legacy_substring,True,True,True,True,True,False,Gastric Lipoma,Gastric GIST,high,5,0,2,True,True,
MCR_v1_seq100/69,MCR_v1_seq100,69,MCR,unsafe_fold,exact_synonym,True,True,True,True,True,False,Gastric Lipoma,Lipoma,high,6,0,2,False,True,
MCR_v1_seq100/69,MCR_v1_seq100,69,MCR,unsafe_fold,typed_relation,True,True,True,True,True,False,Gastric Lipoma,Lipoma,high,6,1,2,False,True,
MCR_v1_seq100/72,MCR_v1_seq100,72,MCR,unsafe_fold,legacy_substring,True,False,False,False,False,False,Lymphoma,Ovarian cancer,high,6,0,7,False,True,
MCR_v1_seq100/72,MCR_v1_seq100,72,MCR,unsafe_fold,exact_synonym,True,False,False,False,False,False,Lymphoma,Metastatic Ovarian Cancer,high,6,0,7,False,True,
MCR_v1_seq100/72,MCR_v1_seq100,72,MCR,unsafe_fold,typed_relation,True,False,False,False,False,False,Lymphoma,Metastatic Ovarian Cancer,high,6,0,7,False,True,
MCR_v1_seq100/73,MCR_v1_seq100,73,MCR,control,legacy_substring,True,False,False,False,False,False,Brain Metastasis from Prostate Cancer,Cerebellar metastasis,high,6,0,0,False,True,
MCR_v1_seq100/73,MCR_v1_seq100,73,MCR,control,exact_synonym,True,False,False,False,False,False,Brain Metastasis from Prostate Cancer,Cerebellar metastasis,high,6,0,0,False,True,
MCR_v1_seq100/73,MCR_v1_seq100,73,MCR,control,typed_relation,True,False,False,False,False,False,Brain Metastasis from Prostate Cancer,Cerebellar metastasis,high,6,0,0,False,True,
MCR_v1_seq100/75,MCR_v1_seq100,75,MCR,control,legacy_substring,True,False,False,False,False,False,Basal cell carcinoma,Invasive cutaneous squamous cell carcinoma,medium,2,0,0,False,True,
MCR_v1_seq100/75,MCR_v1_seq100,75,MCR,control,exact_synonym,True,False,False,False,False,False,Basal cell carcinoma,Invasive cutaneous squamous cell carcinoma,medium,2,0,0,False,True,
MCR_v1_seq100/75,MCR_v1_seq100,75,MCR,control,typed_relation,True,False,False,False,False,False,Basal cell carcinoma,Invasive cutaneous squamous cell carcinoma,medium,2,0,0,False,True,
MCR_v1_seq100/8,MCR_v1_seq100,8,MCR,unsafe_fold,legacy_substring,True,False,False,False,False,False,Hepatocellular carcinoma with portal vein tumor thrombus,Colorectal cancer liver metastasis,medium,4,0,5,True,True,
MCR_v1_seq100/8,MCR_v1_seq100,8,MCR,unsafe_fold,exact_synonym,True,False,False,False,False,False,Hepatocellular carcinoma with portal vein tumor thrombus,Colorectal cancer liver metastasis,medium,6,0,5,False,True,
MCR_v1_seq100/8,MCR_v1_seq100,8,MCR,unsafe_fold,typed_relation,True,False,False,False,False,False,Colorectal cancer liver metastasis,Hepatocellular carcinoma with portal vein tumor thrombus,medium,6,3,5,False,True,
MCR_v1_seq100/82,MCR_v1_seq100,82,MCR,unsafe_fold,legacy_substring,True,False,False,False,False,False,Empagliflozin-induced ketoacidosis,Diabetic Ketoacidosis,high,6,0,3,False,True,
MCR_v1_seq100/82,MCR_v1_seq100,82,MCR,unsafe_fold,exact_synonym,True,False,False,False,False,False,Empagliflozin-Associated Diabetic Ketoacidosis,Diabetic Ketoacidosis,high,6,0,3,False,True,
MCR_v1_seq100/82,MCR_v1_seq100,82,MCR,unsafe_fold,typed_relation,True,False,False,False,False,False,Empagliflozin-Associated Diabetic Ketoacidosis,Empagliflozin-induced ketoacidosis,high,6,1,3,False,True,
MCR_v1_seq100/85,MCR_v1_seq100,85,MCR,unsafe_fold,legacy_substring,True,False,False,False,False,False,Appendiceal Plastron,Acute Appendicitis,high,4,0,2,False,True,
MCR_v1_seq100/85,MCR_v1_seq100,85,MCR,unsafe_fold,exact_synonym,True,False,False,False,False,False,Intussusception,Appendicitis,medium,5,0,2,False,True,
MCR_v1_seq100/85,MCR_v1_seq100,85,MCR,unsafe_fold,typed_relation,True,False,False,False,False,False,Intussusception,Acute Appendicitis,high,5,1,2,False,True,
MCR_v1_seq100/90,MCR_v1_seq100,90,MCR,control,legacy_substring,True,False,False,False,False,False,Squamous cell carcinoma metastasis,Urothelial carcinoma metastasis,medium,6,0,0,False,True,
MCR_v1_seq100/90,MCR_v1_seq100,90,MCR,control,exact_synonym,True,False,False,False,False,False,Squamous cell carcinoma metastasis,Urothelial carcinoma metastasis,medium,6,0,0,False,True,
MCR_v1_seq100/90,MCR_v1_seq100,90,MCR,control,typed_relation,True,False,False,False,False,False,Squamous cell carcinoma metastasis,Urothelial carcinoma metastasis,medium,6,0,0,False,True,
MCR_v1_seq100/91,MCR_v1_seq100,91,MCR,unsafe_fold,legacy_substring,True,False,False,False,False,False,Hemangiopericytoma,Cavernous Angioma,medium,2,0,2,True,True,
MCR_v1_seq100/91,MCR_v1_seq100,91,MCR,unsafe_fold,exact_synonym,True,False,False,False,False,False,Hemangiopericytoma,Solitary Fibrous Tumor/Hemangiopericytoma,low,3,0,2,False,True,
MCR_v1_seq100/91,MCR_v1_seq100,91,MCR,unsafe_fold,typed_relation,True,False,False,False,False,False,Hemangiopericytoma,Solitary Fibrous Tumor/Hemangiopericytoma,high,3,1,2,False,True,
MCR_v1_seq100/95,MCR_v1_seq100,95,MCR,unsafe_fold,legacy_substring,True,False,False,False,False,False,Disseminated Mycobacterium avium complex,Cytomegalovirus (CMV) infection,high,5,0,5,True,True,
MCR_v1_seq100/95,MCR_v1_seq100,95,MCR,unsafe_fold,exact_synonym,True,False,False,False,False,False,Disseminated Mycobacterium avium complex (MAC),Cytomegalovirus (CMV) infection,high,6,0,5,False,True,
MCR_v1_seq100/95,MCR_v1_seq100,95,MCR,unsafe_fold,typed_relation,True,False,False,False,False,False,Disseminated Mycobacterium avium complex (MAC),Pneumocystis jirovecii pneumonia (PCP),high,6,2,5,False,True,
MCR_v1_seq100/96,MCR_v1_seq100,96,MCR,unsafe_fold,legacy_substring,True,False,False,False,False,False,Osteoma,Calvarial Hemangioma,high,4,0,3,True,True,
MCR_v1_seq100/96,MCR_v1_seq100,96,MCR,unsafe_fold,exact_synonym,True,False,False,False,False,False,Osteoma,Mastoid osteoma,medium,5,0,3,False,True,
MCR_v1_seq100/96,MCR_v1_seq100,96,MCR,unsafe_fold,typed_relation,True,False,False,False,False,False,Mastoid osteoma,Osteoma,high,5,1,3,False,True,
MCR_v1_seq100/99,MCR_v1_seq100,99,MCR,control,legacy_substring,True,False,False,False,False,False,Kaposi's sarcoma,Immune reconstitution inflammatory syndrome (IRIS),medium,6,0,0,False,True,
MCR_v1_seq100/99,MCR_v1_seq100,99,MCR,control,exact_synonym,True,False,False,False,False,False,Kaposi's sarcoma,Immune reconstitution inflammatory syndrome (IRIS),medium,6,0,0,False,True,
MCR_v1_seq100/99,MCR_v1_seq100,99,MCR,control,typed_relation,True,False,False,False,False,False,Kaposi's sarcoma,Immune reconstitution inflammatory syndrome (IRIS),medium,6,0,0,False,True,
MCR_v2_seq100/136,MCR_v2_seq100,136,MCR,unsafe_fold,legacy_substring,True,False,False,False,False,False,Acute Demyelinating Encephalomyelitis,Low-Grade Glioma,medium,5,0,2,True,True,
MCR_v2_seq100/136,MCR_v2_seq100,136,MCR,unsafe_fold,exact_synonym,True,False,False,False,False,False,Low-Grade Glioma,Acute Demyelinating Encephalomyelitis (ADEM),high,6,0,2,False,True,
MCR_v2_seq100/136,MCR_v2_seq100,136,MCR,unsafe_fold,typed_relation,True,False,False,False,False,False,Acute Demyelinating Encephalomyelitis (ADEM),Acute Demyelinating Encephalomyelitis,low,6,1,2,False,True,
MCR_v2_seq100/138,MCR_v2_seq100,138,MCR,control,legacy_substring,True,False,False,False,False,False,Inverted Appendix,Endometriosis,medium,5,0,0,False,True,
MCR_v2_seq100/138,MCR_v2_seq100,138,MCR,control,exact_synonym,True,False,False,False,False,False,Inverted Appendix,Endometriosis,medium,5,0,0,False,True,
MCR_v2_seq100/138,MCR_v2_seq100,138,MCR,control,typed_relation,True,False,False,False,False,False,Inverted Appendix,Endometriosis,medium,5,0,0,False,True,
MCR_v2_seq100/140,MCR_v2_seq100,140,MCR,unsafe_fold,legacy_substring,True,False,False,False,False,False,Hyperplastic polyp,Gastric adenomatous polyp,medium,6,0,1,False,True,
MCR_v2_seq100/140,MCR_v2_seq100,140,MCR,unsafe_fold,exact_synonym,True,False,False,False,False,False,Hyperplastic polyp,Gastric adenomatous polyp,medium,6,0,1,False,True,
MCR_v2_seq100/140,MCR_v2_seq100,140,MCR,unsafe_fold,typed_relation,True,False,False,False,False,False,Hyperplastic polyp,Gastric adenomatous polyp,medium,6,1,1,False,True,
MCR_v2_seq100/144,MCR_v2_seq100,144,MCR,unsafe_fold,legacy_substring,True,True,True,True,True,False,Systemic Lupus Erythematosus,Pericarditis,high,4,0,2,False,True,
MCR_v2_seq100/144,MCR_v2_seq100,144,MCR,unsafe_fold,exact_synonym,True,True,True,True,True,False,Systemic Lupus Erythematosus,Pericarditis,high,5,0,2,False,True,
MCR_v2_seq100/144,MCR_v2_seq100,144,MCR,unsafe_fold,typed_relation,True,True,True,True,True,False,Systemic Lupus Erythematosus,Pericarditis,high,5,1,2,False,True,
MCR_v2_seq100/150,MCR_v2_seq100,150,MCR,control,legacy_substring,True,False,False,False,False,False,Periapical granuloma,Periapical abscess,high,2,0,0,False,True,
MCR_v2_seq100/150,MCR_v2_seq100,150,MCR,control,exact_synonym,True,False,False,False,False,False,Periapical granuloma,Periapical abscess,high,2,0,0,False,True,
MCR_v2_seq100/150,MCR_v2_seq100,150,MCR,control,typed_relation,True,False,False,False,False,False,Periapical granuloma,Periapical abscess,high,2,0,0,False,True,
MCR_v2_seq100/153,MCR_v2_seq100,153,MCR,unsafe_fold,legacy_substring,True,False,False,False,False,False,Myocarditis,Takotsubo cardiomyopathy,high,4,0,2,False,True,
MCR_v2_seq100/153,MCR_v2_seq100,153,MCR,unsafe_fold,exact_synonym,True,False,False,False,False,False,Myocarditis,Reverse Takotsubo Cardiomyopathy,high,5,0,2,False,True,
MCR_v2_seq100/153,MCR_v2_seq100,153,MCR,unsafe_fold,typed_relation,True,False,False,False,False,False,Myocarditis,Reverse Takotsubo Cardiomyopathy,high,5,1,2,False,True,
MCR_v2_seq100/154,MCR_v2_seq100,154,MCR,unsafe_fold,legacy_substring,True,True,True,True,True,False,Decompression Sickness,Nitrogen Embolism,high,4,0,3,True,True,
MCR_v2_seq100/154,MCR_v2_seq100,154,MCR,unsafe_fold,exact_synonym,True,True,True,True,True,False,Decompression Sickness,Arthralgia due to Decompression Sickness,high,5,0,3,False,True,
MCR_v2_seq100/154,MCR_v2_seq100,154,MCR,unsafe_fold,typed_relation,True,True,True,True,True,False,Decompression Sickness,Nitrogen Embolism,high,5,1,3,False,True,
MCR_v2_seq100/159,MCR_v2_seq100,159,MCR,unsafe_fold,legacy_substring,True,True,True,True,True,False,Endometrioid adenocarcinoma,poorly differentiated carcinoma,high,6,0,2,True,True,
MCR_v2_seq100/159,MCR_v2_seq100,159,MCR,unsafe_fold,exact_synonym,True,True,False,True,False,False,Iatrogenic tumor dissemination,grade 3 endometrioid adenocarcinoma,medium,6,0,2,False,True,
MCR_v2_seq100/159,MCR_v2_seq100,159,MCR,unsafe_fold,typed_relation,True,True,False,True,False,False,grade 3 endometrioid adenocarcinoma,Endometrioid adenocarcinoma,high,6,1,2,False,True,
MCR_v2_seq100/161,MCR_v2_seq100,161,MCR,unsafe_fold,legacy_substring,True,False,False,False,False,False,Squamous Cell Carcinoma,Melanoma,medium,4,0,2,False,True,
MCR_v2_seq100/161,MCR_v2_seq100,161,MCR,unsafe_fold,exact_synonym,True,False,False,False,False,False,Merkel Cell Carcinoma,Squamous Cell Carcinoma,medium,5,0,2,False,True,
MCR_v2_seq100/161,MCR_v2_seq100,161,MCR,unsafe_fold,typed_relation,True,False,False,False,False,False,Merkel Cell Carcinoma,Squamous Cell Carcinoma,high,5,1,2,False,True,
MCR_v2_seq100/162,MCR_v2_seq100,162,MCR,unsafe_fold,legacy_substring,True,False,False,False,False,False,Paravaccinia,Orf virus infection,high,4,0,2,True,True,
MCR_v2_seq100/162,MCR_v2_seq100,162,MCR,unsafe_fold,exact_synonym,True,False,False,False,False,False,Paravaccinia virus infection,Orf virus infection,high,5,0,2,False,True,
MCR_v2_seq100/162,MCR_v2_seq100,162,MCR,unsafe_fold,typed_relation,True,False,False,False,False,False,Paravaccinia virus infection,Paravaccinia,high,5,1,2,False,True,
MCR_v2_seq100/165,MCR_v2_seq100,165,MCR,control,legacy_substring,True,False,False,False,False,False,Gastrointestinal Stromal Tumor (GIST),Neurofibromatosis type 1 (NF1),high,2,0,0,False,True,
MCR_v2_seq100/165,MCR_v2_seq100,165,MCR,control,exact_synonym,True,False,False,False,False,False,Gastrointestinal Stromal Tumor (GIST),Neurofibromatosis type 1 (NF1),high,2,0,0,False,True,
MCR_v2_seq100/165,MCR_v2_seq100,165,MCR,control,typed_relation,True,False,False,False,False,False,Gastrointestinal Stromal Tumor (GIST),Neurofibromatosis type 1 (NF1),high,2,0,0,False,True,
MCR_v2_seq100/168,MCR_v2_seq100,168,MCR,unsafe_fold,legacy_substring,True,False,False,False,False,False,Neuromyelitis Optica Spectrum Disorder,Acute Disseminated Encephalomyelitis,high,5,0,4,True,True,
MCR_v2_seq100/168,MCR_v2_seq100,168,MCR,unsafe_fold,exact_synonym,True,False,False,False,False,False,Acute Disseminated Encephalomyelitis (ADEM),Neuromyelitis Optica Spectrum Disorder (NMOSD),high,6,0,4,False,True,
MCR_v2_seq100/168,MCR_v2_seq100,168,MCR,unsafe_fold,typed_relation,True,False,False,False,False,False,Acute Disseminated Encephalomyelitis (ADEM),Neuromyelitis Optica Spectrum Disorder,medium,6,2,4,False,True,
MCR_v2_seq100/169,MCR_v2_seq100,169,MCR,unsafe_fold,legacy_substring,True,True,True,True,True,False,Rheumatoid Arthritis,Undifferentiated Connective Tissue Disease,high,4,0,3,True,True,
MCR_v2_seq100/169,MCR_v2_seq100,169,MCR,unsafe_fold,exact_synonym,True,True,True,True,True,False,Rheumatoid Arthritis,Undifferentiated Connective Tissue Disease,high,5,0,3,False,True,
MCR_v2_seq100/169,MCR_v2_seq100,169,MCR,unsafe_fold,typed_relation,True,True,True,True,True,False,Rheumatoid Arthritis,Undifferentiated Connective Tissue Disease,high,5,1,3,False,True,
MCR_v2_seq100/170,MCR_v2_seq100,170,MCR,unsafe_fold,legacy_substring,True,False,False,False,False,False,Lymphoma with pericardial involvement,Hodgkin lymphoma,high,4,0,14,False,True,
MCR_v2_seq100/170,MCR_v2_seq100,170,MCR,unsafe_fold,exact_synonym,True,False,False,False,False,False,Non-Hodgkin lymphoma,Lymphoma,medium,6,0,14,False,True,
MCR_v2_seq100/170,MCR_v2_seq100,170,MCR,unsafe_fold,typed_relation,True,False,False,False,False,False,Non-Hodgkin lymphoma,Hodgkin lymphoma,medium,6,4,14,False,True,
MCR_v2_seq100/171,MCR_v2_seq100,171,MCR,unsafe_fold,legacy_substring,True,False,False,False,False,False,Acute myeloid leukemia with maturation,Hemophagocytic lymphohistiocytosis,high,4,0,2,True,True,
MCR_v2_seq100/171,MCR_v2_seq100,171,MCR,unsafe_fold,exact_synonym,True,False,False,False,False,False,Acute myeloid leukemia,Hemophagocytic lymphohistiocytosis,high,5,0,2,False,True,
MCR_v2_seq100/171,MCR_v2_seq100,171,MCR,unsafe_fold,typed_relation,True,False,False,False,False,False,Acute myeloid leukemia,Acute myeloid leukemia with maturation,high,5,1,2,False,True,
MCR_v2_seq100/173,MCR_v2_seq100,173,MCR,unsafe_fold,legacy_substring,True,False,False,True,True,True,Subdural Hematoma,Epidural hematoma,high,3,0,9,True,True,
MCR_v2_seq100/173,MCR_v2_seq100,173,MCR,unsafe_fold,exact_synonym,True,True,True,True,True,False,Chronic Subdural Hematoma,Subdural Hematoma,high,4,0,9,False,True,
MCR_v2_seq100/173,MCR_v2_seq100,173,MCR,unsafe_fold,typed_relation,True,True,True,True,True,False,Chronic Subdural Hematoma,Subdural Hematoma,high,4,1,9,False,True,
MCR_v2_seq100/179,MCR_v2_seq100,179,MCR,unsafe_fold,legacy_substring,True,False,False,False,False,False,Pulmonary Atresia with Ventricular Septal Defect,Tetralogy of Fallot with pulmonary atresia,high,3,0,3,False,True,
MCR_v2_seq100/179,MCR_v2_seq100,179,MCR,unsafe_fold,exact_synonym,True,False,False,False,False,False,Immune thrombocytopenia,Thrombocytopenia,medium,4,0,3,False,True,
MCR_v2_seq100/179,MCR_v2_seq100,179,MCR,unsafe_fold,typed_relation,True,False,False,False,False,False,Pulmonary Atresia with Ventricular Septal Defect,Tetralogy of Fallot with pulmonary atresia,high,4,1,3,False,True,
MCR_v2_seq100/182,MCR_v2_seq100,182,MCR,control,legacy_substring,True,False,False,False,False,False,Metastatic plasma cell myeloma,Hepatic metastasis,high,6,0,0,False,True,
MCR_v2_seq100/182,MCR_v2_seq100,182,MCR,control,exact_synonym,True,False,False,False,False,False,Metastatic plasma cell myeloma,Hepatic metastasis,high,6,0,0,False,True,
MCR_v2_seq100/182,MCR_v2_seq100,182,MCR,control,typed_relation,True,False,False,False,False,False,Metastatic plasma cell myeloma,Hepatic metastasis,high,6,0,0,False,True,
MCR_v2_seq100/184,MCR_v2_seq100,184,MCR,unsafe_fold,legacy_substring,True,False,False,False,False,False,psoriasiform drug reaction,duvelisib-induced psoriasiform eruption,high,3,0,3,True,True,
MCR_v2_seq100/184,MCR_v2_seq100,184,MCR,unsafe_fold,exact_synonym,True,False,False,False,False,False,duvelisib-induced psoriasiform drug reaction,duvelisib-induced psoriasiform eruption,high,4,0,3,False,True,
MCR_v2_seq100/184,MCR_v2_seq100,184,MCR,unsafe_fold,typed_relation,True,False,False,False,False,False,duvelisib-induced psoriasiform drug reaction,psoriasiform drug reaction,medium,4,1,3,False,True,
MCR_v2_seq100/186,MCR_v2_seq100,186,MCR,unsafe_fold,legacy_substring,True,False,False,False,False,False,Spondylodiscitis,Osteomyelitis,medium,6,0,3,True,True,
MCR_v2_seq100/186,MCR_v2_seq100,186,MCR,unsafe_fold,exact_synonym,True,False,False,False,False,False,Spondylodiscitis,Osteomyelitis,high,6,0,3,False,True,
MCR_v2_seq100/186,MCR_v2_seq100,186,MCR,unsafe_fold,typed_relation,True,False,False,False,False,False,Spondylodiscitis,Discitis,medium,6,1,3,False,True,
MCR_v2_seq100/187,MCR_v2_seq100,187,MCR,control,legacy_substring,True,False,False,False,False,False,Ganglion cyst,,high,1,0,0,False,True,
MCR_v2_seq100/187,MCR_v2_seq100,187,MCR,control,exact_synonym,True,False,False,False,False,False,Ganglion cyst,,high,1,0,0,False,True,
MCR_v2_seq100/187,MCR_v2_seq100,187,MCR,control,typed_relation,True,False,False,False,False,False,Ganglion cyst,,high,1,0,0,False,True,
MCR_v2_seq100/188,MCR_v2_seq100,188,MCR,unsafe_fold,legacy_substring,True,False,False,False,False,False,Gastric lipoma,Gastrointestinal stromal tumor (GIST),medium,4,0,2,True,True,
MCR_v2_seq100/188,MCR_v2_seq100,188,MCR,unsafe_fold,exact_synonym,True,False,False,False,False,False,Gastrointestinal stromal tumor (GIST),Gastric lipoma,medium,5,0,2,False,True,
MCR_v2_seq100/188,MCR_v2_seq100,188,MCR,unsafe_fold,typed_relation,True,False,False,False,False,False,Gastrointestinal stromal tumor (GIST),Leiomyoma,high,5,1,2,False,True,
MCR_v2_seq100/190,MCR_v2_seq100,190,MCR,unsafe_fold,legacy_substring,True,False,False,False,False,False,Primary adenocarcinoma of the bladder,Urinary Bladder Adenocarcinoma,high,6,0,1,False,True,
MCR_v2_seq100/190,MCR_v2_seq100,190,MCR,unsafe_fold,exact_synonym,True,False,False,False,False,False,Primary adenocarcinoma of the bladder,Urinary Bladder Adenocarcinoma,medium,6,0,1,False,True,
MCR_v2_seq100/190,MCR_v2_seq100,190,MCR,unsafe_fold,typed_relation,True,False,False,False,False,False,Primary adenocarcinoma of the bladder,Secondary adenocarcinoma of the bladder,medium,6,1,1,False,True,
MCR_v2_seq100/192,MCR_v2_seq100,192,MCR,unsafe_fold,legacy_substring,True,False,False,False,False,False,Stroke,Lateral Medullary Syndrome,high,5,0,2,True,True,
MCR_v2_seq100/192,MCR_v2_seq100,192,MCR,unsafe_fold,exact_synonym,True,False,False,False,False,False,Ischemic Stroke,Stroke,high,6,0,2,False,True,
MCR_v2_seq100/192,MCR_v2_seq100,192,MCR,unsafe_fold,typed_relation,True,False,False,False,False,False,Ischemic Stroke,Stroke,high,6,1,2,False,True,
MCR_v2_seq100/197,MCR_v2_seq100,197,MCR,unsafe_fold,legacy_substring,True,False,False,True,False,False,Aseptic Viscosupplementation-Related Arthritis,Aseptic Viscosupplementation-Related Reaction,high,5,0,12,False,True,
MCR_v2_seq100/197,MCR_v2_seq100,197,MCR,unsafe_fold,exact_synonym,True,True,True,True,True,False,Pseudoseptic Arthritis,Aseptic Viscosupplementation-Related Reaction,high,6,0,12,False,True,
MCR_v2_seq100/197,MCR_v2_seq100,197,MCR,unsafe_fold,typed_relation,True,True,True,True,True,False,Pseudoseptic Arthritis,viscosupplementation-related inflammatory reaction,high,6,1,12,False,True,
MCR_v2_seq100/201,MCR_v2_seq100,201,MCR,unsafe_fold,legacy_substring,True,False,False,False,False,False,Neuromyelitis Optica Spectrum Disorder,Multiple Sclerosis,high,2,0,2,True,True,
MCR_v2_seq100/201,MCR_v2_seq100,201,MCR,unsafe_fold,exact_synonym,True,False,False,False,False,False,Neuromyelitis Optica Spectrum Disorder (NMOSD),Neuromyelitis Optica Spectrum Disorder,low,3,0,2,False,True,
MCR_v2_seq100/201,MCR_v2_seq100,201,MCR,unsafe_fold,typed_relation,True,False,False,False,False,False,Neuromyelitis Optica Spectrum Disorder (NMOSD),,high,3,1,2,False,True,
MCR_v2_seq100/204,MCR_v2_seq100,204,MCR,unsafe_fold,legacy_substring,True,False,False,False,False,False,Tubo-ovarian abscess,Ovarian cyst,high,3,0,2,False,True,
MCR_v2_seq100/204,MCR_v2_seq100,204,MCR,unsafe_fold,exact_synonym,True,False,False,False,False,False,Ovarian cyst infection,Tubo-ovarian abscess,medium,4,0,2,False,True,
MCR_v2_seq100/204,MCR_v2_seq100,204,MCR,unsafe_fold,typed_relation,True,False,False,False,False,False,Ovarian cyst infection,Tubo-ovarian abscess,medium,4,1,2,False,True,
MCR_v2_seq100/205,MCR_v2_seq100,205,MCR,unsafe_fold,legacy_substring,True,True,True,True,True,False,Cysticercosis,Neurofibromatosis type 1,high,4,0,7,True,True,
MCR_v2_seq100/205,MCR_v2_seq100,205,MCR,unsafe_fold,exact_synonym,True,True,True,True,True,False,Cysticercosis,Neurofibromatosis type 1,high,6,0,7,False,True,
MCR_v2_seq100/205,MCR_v2_seq100,205,MCR,unsafe_fold,typed_relation,True,True,True,True,True,False,Cysticercosis,Neurofibromatosis type 1,medium,6,2,7,False,True,
MCR_v2_seq100/206,MCR_v2_seq100,206,MCR,control,legacy_substring,True,False,False,False,False,False,Breast cancer,Invasive Ductal Carcinoma,low,5,0,0,False,True,
MCR_v2_seq100/206,MCR_v2_seq100,206,MCR,control,exact_synonym,True,False,False,False,False,False,Breast cancer,Invasive Ductal Carcinoma,low,5,0,0,False,True,
MCR_v2_seq100/206,MCR_v2_seq100,206,MCR,control,typed_relation,True,False,False,False,False,False,Breast cancer,Invasive Ductal Carcinoma,low,5,0,0,False,True,
MCR_v2_seq100/209,MCR_v2_seq100,209,MCR,unsafe_fold,legacy_substring,True,False,False,False,False,False,Chondrosarcoma,Osteosarcoma,medium,4,0,2,False,True,
MCR_v2_seq100/209,MCR_v2_seq100,209,MCR,unsafe_fold,exact_synonym,True,False,False,False,False,False,Osteosarcoma,Chondrosarcoma,high,5,0,2,False,True,
MCR_v2_seq100/209,MCR_v2_seq100,209,MCR,unsafe_fold,typed_relation,True,False,False,False,False,False,Chondrosarcoma,Osteosarcoma,medium,5,1,2,False,True,
MCR_v2_seq100/211,MCR_v2_seq100,211,MCR,unsafe_fold,legacy_substring,True,False,False,False,False,False,Ewing's Sarcoma,Desmoplastic small round cell tumor,high,5,0,1,False,True,
MCR_v2_seq100/211,MCR_v2_seq100,211,MCR,unsafe_fold,exact_synonym,True,False,False,False,False,False,Ewing's Sarcoma,Undifferentiated Uterine Sarcoma,high,6,0,1,False,True,
MCR_v2_seq100/211,MCR_v2_seq100,211,MCR,unsafe_fold,typed_relation,True,False,False,False,False,False,Ewing's Sarcoma,Undifferentiated Uterine Sarcoma,high,6,1,1,False,True,
MCR_v2_seq100/212,MCR_v2_seq100,212,MCR,control,legacy_substring,True,False,False,False,False,False,Neurofibromatosis type 1,Paracentral acute middle maculopathy,medium,5,0,0,False,True,
MCR_v2_seq100/212,MCR_v2_seq100,212,MCR,control,exact_synonym,True,False,False,False,False,False,Neurofibromatosis type 1,Paracentral acute middle maculopathy,medium,5,0,0,False,True,
MCR_v2_seq100/212,MCR_v2_seq100,212,MCR,control,typed_relation,True,False,False,False,False,False,Neurofibromatosis type 1,Paracentral acute middle maculopathy,medium,5,0,0,False,True,
MCR_v2_seq100/213,MCR_v2_seq100,213,MCR,unsafe_fold,legacy_substring,True,False,False,False,False,False,Acneiform eruption,Stevens-Johnson syndrome,low,5,0,3,False,True,
MCR_v2_seq100/213,MCR_v2_seq100,213,MCR,unsafe_fold,exact_synonym,True,False,False,False,False,False,Drug rash,Acneiform eruption,high,6,0,3,False,True,
MCR_v2_seq100/213,MCR_v2_seq100,213,MCR,unsafe_fold,typed_relation,True,False,False,False,False,False,Drug rash,Acneiform eruption,high,6,1,3,False,True,
MCR_v2_seq100/215,MCR_v2_seq100,215,MCR,control,legacy_substring,True,False,False,False,False,False,Cellular neurothekeoma,Plexiform fibrohistiocytic tumor,high,6,0,0,False,True,
MCR_v2_seq100/215,MCR_v2_seq100,215,MCR,control,exact_synonym,True,False,False,False,False,False,Cellular neurothekeoma,Plexiform fibrohistiocytic tumor,high,6,0,0,False,True,
MCR_v2_seq100/215,MCR_v2_seq100,215,MCR,control,typed_relation,True,False,False,False,False,False,Cellular neurothekeoma,Plexiform fibrohistiocytic tumor,high,6,0,0,False,True,
MCR_v2_seq100/217,MCR_v2_seq100,217,MCR,control,legacy_substring,True,False,False,False,False,False,Trigeminal Autonomic Cephalalgia,Cluster Headache,medium,6,0,0,False,True,
MCR_v2_seq100/217,MCR_v2_seq100,217,MCR,control,exact_synonym,True,False,False,False,False,False,Trigeminal Autonomic Cephalalgia,Cluster Headache,medium,6,0,0,False,True,
MCR_v2_seq100/217,MCR_v2_seq100,217,MCR,control,typed_relation,True,False,False,False,False,False,Trigeminal Autonomic Cephalalgia,Cluster Headache,medium,6,0,0,False,True,
MCR_v2_seq100/218,MCR_v2_seq100,218,MCR,control,legacy_substring,True,True,True,True,True,False,Erdheim-Chester disease,Rosai-Dorfman disease,high,3,0,0,False,True,
MCR_v2_seq100/218,MCR_v2_seq100,218,MCR,control,exact_synonym,True,True,True,True,True,False,Erdheim-Chester disease,Rosai-Dorfman disease,high,3,0,0,False,True,
MCR_v2_seq100/218,MCR_v2_seq100,218,MCR,control,typed_relation,True,True,True,True,True,False,Erdheim-Chester disease,Rosai-Dorfman disease,high,3,0,0,False,True,
MCR_v2_seq100/221,MCR_v2_seq100,221,MCR,unsafe_fold,legacy_substring,True,False,False,False,False,False,Ewing's Sarcoma,Lymphoma,medium,5,0,5,False,True,
MCR_v2_seq100/221,MCR_v2_seq100,221,MCR,unsafe_fold,exact_synonym,True,False,False,False,False,False,Ewing's Sarcoma,Non-Hodgkin lymphoma,high,6,0,5,False,True,
MCR_v2_seq100/221,MCR_v2_seq100,221,MCR,unsafe_fold,typed_relation,True,False,False,False,False,False,Ewing's Sarcoma,Hodgkin lymphoma,medium,6,3,5,False,True,
MCR_v2_seq100/222,MCR_v2_seq100,222,MCR,unsafe_fold,legacy_substring,True,False,False,False,False,False,Invasive Breast Carcinoma,Paget's Disease of the Breast,high,3,0,6,False,True,
MCR_v2_seq100/222,MCR_v2_seq100,222,MCR,unsafe_fold,exact_synonym,True,False,False,False,False,False,Invasive Breast Cancer,Invasive Breast Carcinoma,low,6,0,6,False,True,
MCR_v2_seq100/222,MCR_v2_seq100,222,MCR,unsafe_fold,typed_relation,True,False,False,False,False,False,Invasive Breast Cancer,Invasive Breast Carcinoma,medium,6,3,6,False,True,
MCR_v2_seq100/226,MCR_v2_seq100,226,MCR,unsafe_fold,legacy_substring,True,False,False,False,False,False,Tracheal carcinoid tumor,Tracheal neuroendocrine tumor,high,3,0,2,True,True,
MCR_v2_seq100/226,MCR_v2_seq100,226,MCR,unsafe_fold,exact_synonym,True,False,False,False,False,False,Tracheal neuroendocrine tumor,Tracheal carcinoid tumor,medium,4,0,2,False,True,
MCR_v2_seq100/226,MCR_v2_seq100,226,MCR,unsafe_fold,typed_relation,True,False,False,False,False,False,Tracheal carcinoid tumor,Carcinoid tumor,high,4,3,2,False,True,
MCR_v2_seq100/233,MCR_v2_seq100,233,MCR,control,legacy_substring,True,False,False,False,False,False,Tetralogy of Fallot,Ebstein's Anomaly,medium,6,0,0,False,True,
MCR_v2_seq100/233,MCR_v2_seq100,233,MCR,control,exact_synonym,True,False,False,False,False,False,Tetralogy of Fallot,Ebstein's Anomaly,medium,6,0,0,False,True,
MCR_v2_seq100/233,MCR_v2_seq100,233,MCR,control,typed_relation,True,False,False,False,False,False,Tetralogy of Fallot,Ebstein's Anomaly,medium,6,0,0,False,True,
MCR_v2_seq100/236,MCR_v2_seq100,236,MCR,unsafe_fold,legacy_substring,True,True,True,True,True,False,Eosinophilic mastitis,Allergic reaction,high,4,0,2,True,True,
MCR_v2_seq100/236,MCR_v2_seq100,236,MCR,unsafe_fold,exact_synonym,True,True,False,True,False,False,Idiopathic eosinophilic mastitis,Eosinophilic mastitis,medium,5,0,2,False,True,
MCR_v2_seq100/236,MCR_v2_seq100,236,MCR,unsafe_fold,typed_relation,True,True,False,True,False,False,Idiopathic eosinophilic mastitis,Eosinophilic mastitis,medium,5,1,2,False,True,
MCR_v2_seq100/237,MCR_v2_seq100,237,MCR,unsafe_fold,legacy_substring,True,False,False,False,False,False,Maxillary Exostosis,Osteoma,high,4,0,6,False,True,
MCR_v2_seq100/237,MCR_v2_seq100,237,MCR,unsafe_fold,exact_synonym,True,False,False,False,False,False,Maxillary Exostosis,Odontoma,high,5,0,6,False,True,
MCR_v2_seq100/237,MCR_v2_seq100,237,MCR,unsafe_fold,typed_relation,True,False,False,False,False,False,Odontoma,Osteoma,medium,5,1,6,False,True,
MCR_v2_seq100/243,MCR_v2_seq100,243,MCR,unsafe_fold,legacy_substring,True,False,False,False,False,False,Mixed germ cell tumor,Embryonal carcinoma,high,4,0,1,False,True,
MCR_v2_seq100/243,MCR_v2_seq100,243,MCR,unsafe_fold,exact_synonym,True,False,False,False,False,False,Mixed germ cell tumor,Embryonal carcinoma,high,5,0,1,False,True,
MCR_v2_seq100/243,MCR_v2_seq100,243,MCR,unsafe_fold,typed_relation,True,False,False,False,False,False,Mixed germ cell tumor,Embryonal carcinoma,high,5,1,1,False,True,
MCR_v2_seq100/246,MCR_v2_seq100,246,MCR,unsafe_fold,legacy_substring,True,False,False,False,False,False,Medulloblastoma,Pilocytic Astrocytoma,medium,4,0,2,False,True,
MCR_v2_seq100/246,MCR_v2_seq100,246,MCR,unsafe_fold,exact_synonym,True,False,False,False,False,False,Medulloblastoma,Pilocytic Astrocytoma,high,5,0,2,False,True,
MCR_v2_seq100/246,MCR_v2_seq100,246,MCR,unsafe_fold,typed_relation,True,False,False,False,False,False,Medulloblastoma,Pilocytic Astrocytoma,high,5,1,2,False,True,
MCR_v2_seq100/247,MCR_v2_seq100,247,MCR,unsafe_fold,legacy_substring,True,False,False,False,False,False,Brain metastasis,Leptomeningeal metastasis,high,4,0,1,False,True,
MCR_v2_seq100/247,MCR_v2_seq100,247,MCR,unsafe_fold,exact_synonym,True,False,False,False,False,False,Brain metastasis,Leptomeningeal metastasis,high,5,0,1,False,True,
MCR_v2_seq100/247,MCR_v2_seq100,247,MCR,unsafe_fold,typed_relation,True,False,False,False,False,False,Brain metastasis,Leptomeningeal metastasis,high,5,1,1,False,True,
