dataset,slice,case_id,gold,layer,layer_aphhm,e7_locus,e7_correct,e7_s2_recall,e7_s3_recall,e7_s4_hit,e7_s2_n,e7_s3_n,e7_champion,v0_locus,v0_correct,v0_s2_recall,v0_s3_recall,v0_s4_hit,v0_s2_n,v0_s3_n,v0_champion,B06_correct,B06_locus,B06_agents_hit,B06_supervisor_hit,B06_gold_first_discussion_turn,B06_discussion_turns,B06_votes,B07_correct,B07_locus,B07_draft_hit,B07_refine_hit,B07_diagnose_hit,B07_has_refine,B07_recovered_after_refine_drop,B07_draft,B07_diagnose,B01_correct,B01_locus,B01_rag_hit,B01_gen_hit,B01_n_queries,B01_n_chunks,APHHM_locus,APHHM_correct,APHHM_tree_recall,APHHM_final_recall,APHHM_tree_n,APHHM_final_n,APHHM_gold_leaf,APHHM_gold_parent,APHHM_human_at1
mcr,mcr_v1,1,schwannoma,,,s2_miss,0,False,False,False,50,5,Infected hematometra,s2_miss,0,False,False,False,19,5,Leiomyoma with cystic degeneration,0,agents_miss,False,False,,3,3,0,draft_miss,False,False,False,True,False,"[""Infected Hematometra"", ""Uterine Fibroid with Cystic Degeneration""]","[""Infected Hematometra"", ""Uterine Fibroid with Cystic Degeneration""]",0,rag_miss,False,False,4,12,tree_miss,0,False,False,23,3,,,False
mcr,mcr_v1,2,5-oxoprolinemia,,aphhm_lose,s2_hit_s3_drop,1,True,False,False,48,5,Pyroglutamic acidemia,s2_miss,1,False,False,False,18,5,Pyroglutamic acidemia,1,supervisor_miss_but_scored_ok,False,False,,3,3,0,draft_miss,False,False,False,True,False,"[""Metabolic Acidosis due to Vancomycin-Induced D-Lactic Acidosis"", ""Metabolic Acidosis due to Other Causes of High Anion Gap (e.g., Methanol or Ethylene Glycol Toxicity)""]","[""Metabolic Acidosis due to Vancomycin-Induced D-Lactic Acidosis"", ""Metabolic Acidosis due to Other Causes of High Anion Gap (e.g., Methanol or Ethylene Glycol Toxicity)""]",0,rag_miss,False,False,4,12,tree_miss,0,False,False,18,2,,,False
mcr,mcr_v1,3,Eosinophilic granulomatosis with polyangiitis,all_miss_but_recalled,,s2_hit_s3_drop,0,True,False,False,47,5,Peroneal nerve palsy,s2_miss,0,False,False,False,15,5,Peroneal nerve palsy,0,agents_miss,False,False,,3,3,0,draft_miss,False,False,False,True,False,"[""Peroneal Neuropathy"", ""Lumbar Disc Herniation with Peripheral Nerve Involvement""]","[""Peroneal Neuropathy"", ""Lumbar Disc Herniation with Peripheral Nerve Involvement""]",0,rag_miss,False,False,4,12,tree_hit_final_drop,0,True,False,63,4,Eosinophilic Granulomatosis with Polyangiitis,Peripheral Neuropathy,False
mcr,mcr_v1,4,IgG4-related hypophysitis,,,ok,1,True,True,True,51,5,IgG4-related hypophysitis,ok,1,True,True,True,16,5,IgG4-related hypophysitis,1,supervisor_ok,True,True,0,3,3,1,diagnose_ok,True,False,True,True,True,"[""IgG4-related hypophysitis"", ""Lymphocytic hypophysitis""]","[""IgG4-related hypophysitis"", ""Lymphocytic hypophysitis""]",1,gen_ok,True,True,4,12,final_ok,1,True,True,26,1,IgG4-related hypophysitis,Inflammatory/Immune-Mediated Pituitary Disease,True
mcr,mcr_v1,5,cryptococcoma,,,s2_miss,0,False,False,False,51,5,Creutzfeldt-Jakob disease,s2_miss,0,False,False,False,19,5,Creutzfeldt-Jakob disease,0,agents_miss,False,False,,3,3,0,draft_miss,False,False,False,True,False,"[""Glioblastoma"", ""Tumefactive Demyelination""]","[""Glioblastoma"", ""Tumefactive Demyelination""]",0,rag_miss,False,False,4,12,tree_miss,0,False,False,26,4,,,False
mcr,mcr_v1,6,Exophiala xenobiotica keratitis,,,s2_miss,0,False,False,False,56,5,Fungal keratitis,s2_miss,0,False,False,False,19,5,Fungal keratitis,0,agents_hit_supervisor_drop,True,False,0,3,3,0,draft_miss,False,False,False,True,False,"[""Infectious Keratitis"", ""Immunologic Rejection of the Corneal Graft""]","[""Infectious Keratitis"", ""Immunologic Rejection of the Corneal Graft""]",0,rag_hit_gen_miss,True,False,4,12,tree_hit_final_drop,0,True,False,43,1,Keratitis, Degenerative Corneal Disorder,False
mcr,mcr_v1,7,Wunderlich syndrome,,,s2_miss,0,False,False,False,46,5,Posterior urethral valves,s2_miss,0,False,False,False,15,5,Posterior urethral valves,0,agents_hit_supervisor_drop,True,False,0,3,3,0,draft_miss,False,False,False,True,False,"[""Posterior Urethral Valves (PUV)"", ""Ureteropelvic Junction Obstruction (UPJO)""]","[""Posterior Urethral Valves (PUV)"", ""Ureteropelvic Junction Obstruction (UPJO)""]",0,rag_miss,False,False,4,12,tree_miss,0,False,False,20,3,,,False
mcr,mcr_v1,8,Liver metastasis from colon cancer,,,s2_miss,1,False,False,False,48,5,Colorectal cancer metastasis,s2_miss,1,False,False,False,16,5,Colorectal cancer metastasis,1,supervisor_miss_but_scored_ok,True,False,0,3,3,0,diagnose_hit_judge_miss,True,False,True,True,True,"[""Liver Metastasis"", ""Hepatocellular Carcinoma""]","[""Liver Metastasis"", ""Hepatocellular Carcinoma""]",1,rag_hit_gen_miss,True,False,4,12,tree_hit_final_drop,1,True,False,23,1,liver metastasis from colon cancer,Primary Liver Neoplasm,False
mcr,mcr_v1,11,Multisystem inflammatory syndrome in children,base_win_recall,aphhm_lose,s2_miss,0,False,False,False,65,5,Streptococcal toxic shock syndrome,s2_miss,0,False,False,False,17,5,Meningococcemia,0,supervisor_hit_judge_miss,True,True,0,3,3,1,diagnose_ok,True,False,True,True,True,"[""Multisystem Inflammatory Syndrome"", ""Antiphospholipid Syndrome (APS)""]","[""Multisystem Inflammatory Syndrome"", ""Antiphospholipid Syndrome (APS)""]",1,gen_ok,True,True,4,12,final_hit_judge_miss,0,True,True,16,4,Multisystem Inflammatory Syndrome in Children,Infectious Causes with Systemic Inflammation,False
mcr,mcr_v1,12,Tumor-induced osteomalacia,,,ok,1,True,True,True,48,5,Tumor-induced osteomalacia,s3_hit_s4_miss,0,True,True,False,18,5,Phosphatonin-related bone disease,1,supervisor_ok,True,True,0,3,3,1,diagnose_ok,True,False,True,True,True,"[""Tumor-induced osteomalacia"", ""X-linked hypophosphatemia""]","[""Tumor-induced osteomalacia"", ""X-linked hypophosphatemia""]",1,gen_ok,True,True,4,12,final_ok,1,True,True,27,3,Osteomalacia,Disorders of Phosphate Metabolism,False
mcr,mcr_v1,13,Compound odontoma,,,ok,1,True,True,True,42,5,Compound odontoma,ok,1,True,True,True,16,5,Compound odontoma,1,supervisor_ok,True,True,0,3,3,1,diagnose_ok,True,False,True,True,True,"[""Odontoma"", ""Dens in dente""]","[""Odontoma"", ""Dens in dente""]",0,gen_hit_judge_miss,False,True,4,12,final_ok,1,True,True,22,2,Odontoma,Odontogenic Tumors,True
mcr,mcr_v1,15,leiomyomatous hamartoma,,,s2_miss,0,False,False,False,41,5,Lingual Thyroglossal Duct Cyst,s3_hit_s4_miss,0,True,True,False,17,5,Congenital granular cell epulis,0,agents_hit_supervisor_drop,True,False,0,3,3,0,draft_miss,False,False,False,True,False,"[""Congenital Granular Cell Tumor"", ""Benign Fatty Tumor (Lipoma)""]","[""Congenital Granular Cell Tumor"", ""Benign Fatty Tumor (Lipoma)""]",0,rag_miss,False,False,4,12,tree_hit_final_drop,0,True,False,26,2,Hamartoma,Congenital Anomalies of the Tongue,False
mcr,mcr_v1,16,LocalizedUrethralAmyloidosis,,,s2_miss,1,False,False,False,50,5,Localized amyloidosis of the urethra,s3_hit_s4_miss,0,True,True,False,18,5,Urethral stricture,0,supervisor_hit_judge_miss,True,True,,3,3,1,diagnose_miss_but_scored_ok,False,False,False,True,False,"[""Primary Amyloidosis of the Urethra"", ""Urethral Stricture""]","[""Primary Amyloidosis of the Urethra"", ""Urethral Stricture""]",0,rag_miss,False,False,4,12,tree_hit_final_drop,1,True,False,21,2,Amyloidosis,Urethral Stricture or Obstruction,False
mcr,mcr_v1,17,immune-related pneumonitis,,,s2_miss,1,False,False,False,55,5,Immune checkpoint inhibitor-induced pneumonitis,s2_miss,1,False,False,False,20,5,Immune checkpoint inhibitor-induced pneumonitis,1,supervisor_miss_but_scored_ok,True,False,0,3,3,0,draft_miss,False,False,False,True,False,"[""Steroid-refractory ICI-induced pneumonitis"", ""Infection or other inflammatory condition""]","[""Steroid-refractory ICI-induced pneumonitis"", ""Infection or other inflammatory condition""]",1,rag_hit_gen_miss,True,False,4,12,tree_miss,1,False,False,55,4,,,False
mcr,mcr_v1,18,Schwannoma,,,s2_miss,0,False,False,False,51,5,Cardiac tamponade,s2_miss,0,False,False,False,18,5,Cardiac Sarcoma,0,agents_miss,False,False,,3,3,0,draft_miss,False,False,False,True,False,"[""Cardiac Tumor (possibly a cystic mass above the left atrium)"", ""Myocardial Infarction (MI) with possible cardiogenic shock""]","[""Cardiac Tumor (possibly a cystic mass above the left atrium)"", ""Myocardial Infarction (MI) with possible cardiogenic shock""]",0,rag_miss,False,False,4,12,tree_miss,0,False,False,64,5,,,False
mcr,mcr_v1,19,Leiomyosarcoma,all_miss_but_recalled,aphhm_win,s3_hit_s4_miss,0,True,True,False,44,5,Sarcomatoid meningioma,s3_hit_s4_miss,0,True,True,False,18,5,Hemangiopericytoma,0,supervisor_hit_judge_miss,True,True,,3,3,0,draft_miss,False,False,False,True,False,"[""Solitary Fibrous Tumor/Hemangiopericytoma"", ""Meningeal Sarcoma""]","[""Solitary Fibrous Tumor/Hemangiopericytoma"", ""Meningeal Sarcoma""]",0,rag_miss,False,False,4,12,final_ok,1,True,True,32,3,Sarcoma,Meningeal Neoplasm,True
mcr,mcr_v1,20,Type 4 renal tubular acidosis,all_miss_but_recalled,,s2_miss,0,False,False,False,52,5,Systemic Lupus Erythematosus,s2_miss,0,False,False,False,19,5,Systemic Lupus Erythematosus,0,agents_miss,False,False,,3,3,0,diagnose_hit_judge_miss,True,False,True,True,True,"[""Systemic Lupus Erythematosus (SLE)"", ""Renal Tubular Acidosis""]","[""Systemic Lupus Erythematosus (SLE)"", ""Renal Tubular Acidosis""]",0,rag_hit_gen_miss,True,False,4,12,tree_miss,0,False,False,30,1,,,False
mcr,mcr_v1,21,Fibrous dysplasia,all_miss_but_recalled,,s3_hit_s4_miss,0,True,True,False,51,5,Sphenoid wing meningioma,s3_hit_s4_miss,0,True,True,False,19,5,Orbital meningioma,0,supervisor_hit_judge_miss,True,True,0,3,3,0,draft_miss,False,False,False,True,False,"[""Orbital Meningioma"", ""Orbital Metastasis""]","[""Orbital Meningioma"", ""Orbital Metastasis""]",1,gen_ok,False,True,4,12,final_hit_judge_miss,0,True,True,42,4,Fibrous Dysplasia,Neoplastic Disorder of the Orbit,False
mcr,mcr_v1,22,adenomatoid tumor,,,ok,1,True,True,True,43,5,Adenomatoid tumor,ok,1,True,True,True,16,5,Adenomatoid tumor,1,supervisor_ok,True,True,0,3,3,0,diagnose_hit_judge_miss,True,False,True,True,True,"[""Epididymal cyst or spermatocele"", ""Adenomatoid tumor of the epididymis""]","[""Epididymal cyst or spermatocele"", ""Adenomatoid tumor of the epididymis""]",0,rag_hit_gen_miss,True,False,4,12,final_ok,1,True,True,27,2,Adenomatoid Tumor,Benign Epididymal Tumors,True
mcr,mcr_v1,23,AdenoidCysticCarcinoma,,,s2_miss,0,False,False,False,47,5,Chondroid syringoma,s2_miss,0,False,False,False,17,5,Chondroid syringoma,0,agents_miss,False,False,,3,3,0,draft_miss,False,False,False,True,False,"[""Chondroid Syringoma"", ""Clear Cell Hidradenoma""]","[""Chondroid Syringoma"", ""Clear Cell Hidradenoma""]",0,rag_miss,False,False,4,12,tree_miss,0,False,False,20,1,,,False
mcr,mcr_v1,24,Superior mesenteric artery syndrome,,,ok,1,True,True,True,50,5,Superior Mesenteric Artery Syndrome,ok,1,True,True,True,16,5,Superior mesenteric artery syndrome,1,supervisor_ok,True,True,0,3,3,1,diagnose_ok,True,False,True,True,True,"[""Superior Mesenteric Artery Syndrome"", ""Gastric Distension due to other causes""]","[""Superior Mesenteric Artery Syndrome"", ""Gastric Distension due to other causes""]",1,gen_ok,True,True,4,12,final_ok,1,True,True,26,2,Superior Mesenteric Artery Syndrome,Mechanical Intestinal Obstruction,True
mcr,mcr_v1,26,Self-limited epilepsy with autonomic seizures,,,s2_miss,0,False,False,False,51,5,Migraine with abdominal aura,s2_miss,0,False,False,False,19,5,Migraine with abdominal aura,0,agents_miss,False,False,,3,3,0,draft_miss,False,False,False,True,False,"[""Migraine"", ""Cyclic Vomiting Syndrome""]","[""Migraine"", ""Cyclic Vomiting Syndrome""]",0,rag_miss,False,False,4,12,tree_miss,0,False,False,21,2,,,False
mcr,mcr_v1,27,Massive ovarian edema,,,s2_miss,0,False,False,False,49,5,Ovarian cystadenocarcinoma,s2_miss,0,False,False,False,20,5,Ovarian fibroma,0,agents_hit_supervisor_drop,True,False,0,3,3,0,draft_miss,False,False,False,True,False,"[""Ovarian Neoplasm"", ""Lymphatic Obstruction due to Adnexal Mass""]","[""Ovarian Neoplasm"", ""Lymphatic Obstruction due to Adnexal Mass""]",0,rag_hit_gen_miss,True,False,4,12,tree_miss,0,False,False,28,3,,,False
mcr,mcr_v1,28,Toxic epidermal necrolysis,all_miss_but_recalled,,s3_hit_s4_miss,0,True,True,False,52,5,DRESS syndrome,s3_hit_s4_miss,0,True,True,False,17,5,DRESS syndrome,0,agents_miss,False,False,,3,3,0,draft_miss,False,False,False,True,False,"[""Stevens-Johnson Syndrome"", ""Drug-Induced Liver Injury""]","[""Stevens-Johnson Syndrome"", ""Drug-Induced Liver Injury""]",0,rag_miss,False,False,4,12,final_hit_judge_miss,0,True,True,29,5,Toxic epidermal necrolysis,Immune-mediated Bullous Disease,False
mcr,mcr_v1,29,cerebral venous thrombosis,,,s2_miss,0,False,False,False,45,5,Creutzfeldt-Jakob disease,s2_miss,0,False,False,False,17,5,Creutzfeldt-Jakob disease,0,agents_miss,False,False,,3,1,0,draft_miss,False,False,False,True,False,"[""Frontotemporal dementia"", ""Primary progressive aphasia""]","[""Frontotemporal dementia"", ""Primary progressive aphasia""]",0,rag_miss,False,False,4,12,tree_miss,0,False,False,29,4,,,False
mcr,mcr_v1,30,Cronkhite-Canada syndrome,,,s2_miss,0,False,False,False,49,5,Juvenile polyposis syndrome,s2_miss,0,False,False,False,17,5,Juvenile polyposis syndrome,0,agents_hit_supervisor_drop,True,False,0,3,3,0,draft_miss,False,False,False,True,False,"[""Peutz-Jeghers Syndrome"", ""Juvenile Polyposis Syndrome""]","[""Peutz-Jeghers Syndrome"", ""Juvenile Polyposis Syndrome""]",0,rag_miss,False,False,4,12,tree_miss,0,False,False,21,4,,,False
mcr,mcr_v1,33,Dyke-Davidoff-Masson syndrome,e7_win_recall,,ok,1,True,True,True,52,5,Dyke-Davidoff-Masson syndrome,ok,1,True,True,True,18,5,Dyke-Davidoff-Masson syndrome,0,agents_hit_supervisor_drop,True,False,0,3,3,0,draft_miss,False,False,False,True,False,"[""Rasmussen's Encephalitis"", ""Sturge-Weber Syndrome""]","[""Rasmussen's Encephalitis"", ""Sturge-Weber Syndrome""]",0,rag_miss,False,False,4,12,final_ok,1,True,True,33,5,Dyke-Davidoff-Masson syndrome,Congenital Malformation,True
mcr,mcr_v1,34,Tonsillolith,,,ok,1,True,True,True,48,5,Tonsillolithiasis,ok,1,True,True,True,17,5,Tonsillolithiasis,1,supervisor_ok,True,True,0,3,3,1,diagnose_ok,True,False,True,True,True,"[""Tonsillolith (Tonsil Stone)"", ""Calcified Tonsillar Lesion""]","[""Tonsillolith (Tonsil Stone)"", ""Calcified Tonsillar Lesion""]",1,gen_ok,False,True,4,12,final_ok,1,True,True,23,1,Tonsillolith,Benign Calcified Lesion,True
mcr,mcr_v1,35,Petersen’s hernia,,aphhm_win,s2_miss,0,False,False,False,47,5,Internal Hernia,s2_miss,0,False,False,False,16,5,Internal hernia,0,agents_hit_supervisor_drop,True,False,0,3,3,0,draft_miss,False,False,False,True,False,"[""Internal Herniation"", ""Adhesive Bowel Obstruction""]","[""Internal Herniation"", ""Adhesive Bowel Obstruction""]",0,rag_hit_gen_miss,True,False,4,12,tree_miss,1,False,False,29,1,,,False
mcr,mcr_v1,38,trigeminal schwannoma,e7_win_rank,aphhm_lose,ok,1,True,True,True,49,5,Trigeminal schwannoma,ok,1,True,True,True,18,5,Trigeminal schwannoma,0,supervisor_hit_judge_miss,True,True,0,3,3,0,draft_miss,False,False,False,True,False,"[""Chordoma"", ""Chondrosarcoma""]","[""Chordoma"", ""Chondrosarcoma""]",0,gen_hit_judge_miss,False,True,4,12,tree_hit_final_drop,0,True,False,34,5,Schwannoma,Vascular Lesions,False
mcr,mcr_v1,39,mesalazine-induced myocarditis,,,ok,1,True,True,True,47,5,Myocarditis,ok,1,True,True,True,17,5,Myocarditis,1,supervisor_ok,True,True,0,3,3,1,diagnose_ok,True,False,True,True,True,"[""Myocarditis"", ""Myopericarditis""]","[""Myocarditis"", ""Myopericarditis""]",1,gen_ok,True,True,4,12,final_ok,1,True,True,43,1,Myocarditis,Inflammatory Cardiomyopathy,True
mcr,mcr_v1,40,hepatocellular carcinoma,e7_win_rank,aphhm_lose,ok,1,True,True,True,45,5,Hepatocellular carcinoma metastasis,ok,1,True,True,True,16,5,Hepatocellular carcinoma metastasis,0,supervisor_hit_judge_miss,True,True,0,3,3,0,diagnose_hit_judge_miss,True,False,True,True,True,"[""Extrahepatic metastasis of hepatocellular carcinoma (HCC)"", ""Primary soft tissue sarcoma""]","[""Extrahepatic metastasis of hepatocellular carcinoma (HCC)"", ""Primary soft tissue sarcoma""]",0,gen_hit_judge_miss,True,True,4,12,final_hit_judge_miss,0,True,True,20,2,Hepatocellular Carcinoma with Extrahepatic Metastasis,Metastatic Malignancy,True
mcr,mcr_v1,41,Gastric lipoma,all_miss_but_recalled,,s3_hit_s4_miss,0,True,True,False,42,5,Gastrointestinal stromal tumor,s3_hit_s4_miss,0,True,True,False,15,5,Leiomyoma,0,agents_hit_supervisor_drop,True,False,0,3,3,0,diagnose_hit_judge_miss,True,False,True,True,True,"[""Gastrointestinal Stromal Tumor (GIST)"", ""Lipoma""]","[""Gastrointestinal Stromal Tumor (GIST)"", ""Lipoma""]",1,gen_ok,True,True,4,12,final_hit_judge_miss,0,True,True,17,3,Gastric Lipoma,Gastric Lipomatous Lesions,False
mcr,mcr_v1,42,Keratocystic odontogenic tumour,,,s2_miss,0,False,False,False,51,5,Buccal space abscess,s2_miss,0,False,False,False,23,5,Dermoid cyst,0,agents_miss,False,False,,3,3,0,draft_miss,False,False,False,True,False,"[""Benign tumor (e.g. pleomorphic adenoma)"", ""Epidermoid cyst or other specific type of cyst (e.g. Stafne bone cavity, buccal bifurcation cyst)""]","[""Benign tumor (e.g. pleomorphic adenoma)"", ""Epidermoid cyst or other specific type of cyst (e.g. Stafne bone cavity, buccal bifurcation cyst)""]",0,rag_miss,False,False,4,12,tree_miss,0,False,False,58,4,,,False
mcr,mcr_v1,43,IgA nephropathy,,,s2_miss,0,False,False,False,56,5,Tuberculosis,s2_miss,0,False,False,False,19,5,Tuberculosis,0,agents_miss,False,False,,3,3,0,draft_miss,False,False,False,True,False,"[""Extrapulmonary Tuberculosis"", ""Spinal Tuberculosis with Renal Involvement""]","[""Extrapulmonary Tuberculosis"", ""Spinal Tuberculosis with Renal Involvement""]",0,rag_miss,False,False,4,12,tree_miss,0,False,False,39,1,,,False
mcr,mcr_v1,44,Pyoderma gangrenosum,,,s2_miss,0,False,False,False,52,5,Pacemaker pocket infection,s2_miss,0,False,False,False,16,5,Pacemaker pocket infection,0,agents_miss,False,False,,3,3,0,draft_miss,False,False,False,True,False,"[""Pacemaker pocket infection"", ""Device-related infection""]","[""Pacemaker pocket infection"", ""Device-related infection""]",0,rag_miss,False,False,4,12,tree_hit_final_drop,0,True,False,23,4,Pyoderma gangrenosum,Postoperative Wound Infection,False
mcr,mcr_v1,45,granuloma annulare,all_miss_but_recalled,,s3_hit_s4_miss,0,True,True,False,43,5,Necrobiotic xanthogranuloma,s2_miss,0,False,False,False,15,5,IgG4-related disease,0,agents_hit_supervisor_drop,True,False,0,3,3,0,draft_miss,False,False,False,True,False,"[""IgG4-related disease"", ""Orbital pseudotumor (idiopathic orbital inflammatory disease)""]","[""IgG4-related disease"", ""Orbital pseudotumor (idiopathic orbital inflammatory disease)""]",0,rag_hit_gen_miss,True,False,4,12,tree_miss,0,False,False,22,3,,,False
mcr,mcr_v1,46,Sarcoidosis,,,ok,1,True,True,True,52,5,Sarcoidosis,ok,1,True,True,True,18,5,Sarcoidosis,1,supervisor_ok,True,True,0,3,3,1,diagnose_ok,True,False,True,True,True,"[""Sarcoidosis"", ""Crohn's Disease""]","[""Sarcoidosis"", ""Crohn's Disease""]",1,gen_ok,False,True,4,12,final_ok,1,True,True,22,1,Sarcoidosis,Multisystem Granulomatous Disease,True
mcr,mcr_v1,47,Metastatic melanoma of unknown primary,,,s2_miss,0,False,False,False,42,5,Metastatic melanoma to the liver,s2_miss,0,False,False,False,16,5,Metastatic melanoma to the liver,0,agents_hit_supervisor_drop,True,False,0,3,3,0,draft_miss,False,False,False,True,False,"[""Metastatic Melanoma to the Liver"", ""Primary Liver Cancer""]","[""Metastatic Melanoma to the Liver"", ""Primary Liver Cancer""]",1,gen_ok,True,True,4,12,tree_miss,0,False,False,21,2,,,False
mcr,mcr_v1,48,xanthogranulomatous osteomyelitis,all_miss_but_recalled,,s3_hit_s4_miss,0,True,True,False,45,5,Brodie's abscess,s2_miss,0,False,False,False,17,5,Brodie’s abscess,0,supervisor_hit_judge_miss,True,True,0,3,3,0,draft_miss,False,False,False,True,False,"[""Brodie's abscess"", ""Chronic osteomyelitis""]","[""Brodie's abscess"", ""Chronic osteomyelitis""]",0,gen_hit_judge_miss,False,True,4,12,final_hit_judge_miss,0,True,True,23,2,Osteomyelitis,Infectious Bone Lesion,False
mcr,mcr_v1,49,StumpAppendicitis,,,s2_hit_s3_drop,1,True,False,False,44,5,Appendiceal stump appendicitis,s2_hit_s3_drop,1,True,False,False,19,5,Appendiceal stump appendicitis,1,supervisor_miss_but_scored_ok,False,False,,3,3,0,draft_miss,False,False,False,True,False,"[""Appendiceal Abscess"", ""Post-Appendectomy Complications""]","[""Appendiceal Abscess"", ""Post-Appendectomy Complications""]",0,gen_hit_judge_miss,False,True,4,12,tree_hit_final_drop,1,True,False,21,2,Appendicitis,Inflammatory Bowel Disease,False
mcr,mcr_v1,50,Gastrointestinal clear cell sarcoma,all_miss_but_recalled,,s4_hit_judge_miss,0,True,True,True,48,5,Clear cell sarcoma,s4_hit_judge_miss,0,True,True,True,18,5,Clear cell sarcoma,0,agents_hit_supervisor_drop,True,False,0,3,3,0,draft_miss,False,False,False,True,False,"[""Malignant Peripheral Nerve Sheath Tumor (MPNST)"", ""Gastrointestinal Stromal Tumor (GIST)""]","[""Malignant Peripheral Nerve Sheath Tumor (MPNST)"", ""Gastrointestinal Stromal Tumor (GIST)""]",0,rag_hit_gen_miss,True,False,4,12,tree_miss,0,False,False,17,2,,,False
mcr,mcr_v1,52,Livedoid vasculopathy,,,ok,1,True,True,True,52,5,Livedoid vasculopathy,ok,1,True,True,True,17,5,Livedoid vasculopathy,1,supervisor_ok,True,True,0,3,3,1,diagnose_ok,True,False,True,True,True,"[""Livedoid vasculopathy"", ""Antiphospholipid syndrome""]","[""Livedoid vasculopathy"", ""Antiphospholipid syndrome""]",1,gen_ok,False,True,4,12,final_ok,1,True,True,37,3,Livedoid vasculopathy,Vasculitis and Vasculopathy,True
mcr,mcr_v1,53,hemangioma,all_miss_but_recalled,,s2_hit_s3_drop,0,True,False,False,42,5,Left ventricular myxoma,s2_hit_s3_drop,0,True,False,False,16,5,Left ventricular myxoma,0,agents_miss,False,False,,3,3,0,draft_miss,False,False,False,True,False,"[""Cardiac Myxoma"", ""Fibroelastoma""]","[""Cardiac Myxoma"", ""Fibroelastoma""]",0,rag_miss,False,False,4,12,tree_hit_final_drop,0,True,False,34,1,Hemangioma,Benign Cardiac Tumors,False
mcr,mcr_v1,54,Trigeminal neuralgia,,,ok,1,True,True,True,47,5,Trigeminal Neuralgia,ok,1,True,True,True,17,5,Trigeminal Neuralgia,1,supervisor_ok,True,True,0,3,3,1,diagnose_ok,True,False,True,True,True,"[""Trigeminal Neuralgia"", ""Post-COVID-19 Vaccine Facial Pain""]","[""Trigeminal Neuralgia"", ""Post-COVID-19 Vaccine Facial Pain""]",1,gen_ok,True,True,4,12,final_ok,1,True,True,21,1,Trigeminal Neuralgia,Trigeminal Nerve Disorders,True
mcr,mcr_v1,55,Post-transplant lymphoproliferative disorder,,,s2_miss,0,False,False,False,49,5,Urinary tract infection,s2_miss,0,False,False,False,17,5,Urinary tract infection,0,agents_hit_supervisor_drop,True,False,0,3,3,0,draft_miss,False,False,False,True,False,"[""Urinary Tract Infection (UTI)"", ""Bladder Neoplasm""]","[""Urinary Tract Infection (UTI)"", ""Bladder Neoplasm""]",0,rag_miss,False,False,4,12,tree_miss,0,False,False,23,3,,,False
mcr,mcr_v1,56,Spindle cell squamous cell carcinoma,,,s2_miss,0,False,False,False,44,5,Sarcomatoid squamous cell carcinoma,s2_miss,0,False,False,False,20,5,Sarcomatoid squamous cell carcinoma,0,agents_hit_supervisor_drop,True,False,0,3,3,1,diagnose_miss_but_scored_ok,False,False,False,True,False,"[""Sarcomatoid Squamous Cell Carcinoma"", ""Spindle Cell Carcinoma""]","[""Sarcomatoid Squamous Cell Carcinoma"", ""Spindle Cell Carcinoma""]",0,rag_hit_gen_miss,True,False,4,12,tree_hit_final_drop,1,True,False,25,3,Squamous Cell Carcinoma,Malignant Neoplasm with Spindle Cell Morphology,False
mcr,mcr_v1,58,Mixed sex cord-stromal tumor,,,s2_miss,0,False,False,False,46,5,Leydig cell tumor,s2_miss,0,False,False,False,16,5,Leydig cell tumor,0,agents_hit_supervisor_drop,True,False,1,3,3,0,draft_miss,False,False,False,True,False,"[""Testicular Cancer"", ""Testicular Tumor (possibly sex cord-stromal or lymphoma)""]","[""Testicular Cancer"", ""Testicular Tumor (possibly sex cord-stromal or lymphoma)""]",0,rag_hit_gen_miss,True,False,4,12,tree_miss,0,False,False,49,2,,,False
mcr,mcr_v1,60,Polymyalgia rheumatica,all_miss_but_recalled,,s3_hit_s4_miss,0,True,True,False,55,5,Idiopathic inflammatory psoas muscle disease,s3_hit_s4_miss,0,True,True,False,20,5,Pyomyositis,0,agents_miss,False,False,,3,3,0,draft_miss,False,False,False,True,False,"[""Iliopsoas abscess or iliopsoas tendinitis"", ""Insertional tendinopathy of the iliopsoas tendon""]","[""Iliopsoas abscess or iliopsoas tendinitis"", ""Insertional tendinopathy of the iliopsoas tendon""]",0,rag_miss,False,False,4,12,tree_hit_final_drop,0,True,False,26,4,Polymyalgia Rheumatica,Inflammatory Muscle Disease,False
mcr,mcr_v1,61,Choriocarcinoma,all_miss_but_recalled,,s2_hit_s3_drop,0,True,False,False,44,5,Hepatocellular adenoma with rupture,s2_hit_s3_drop,0,True,False,False,14,5,Hepatocellular adenoma with rupture,0,agents_miss,False,False,,3,3,0,draft_miss,False,False,False,True,False,"[""Atypical Hepatocellular Carcinoma"", ""Hepatic Adenoma with Complications""]","[""Atypical Hepatocellular Carcinoma"", ""Hepatic Adenoma with Complications""]",0,rag_miss,False,False,4,12,tree_miss,0,False,False,31,1,,,False
mcr,mcr_v1,62,Lipoblastoma,base_win_rank,,s2_hit_s3_drop,0,True,False,False,39,5,Fibrolipomatous hamartoma,ok,1,True,True,True,17,5,Lipoblastoma,0,agents_miss,False,False,,3,3,1,diagnose_ok,True,False,True,True,True,"[""Lipoma"", ""Lipoblastoma""]","[""Lipoma"", ""Lipoblastoma""]",0,rag_miss,False,False,4,12,final_ok,1,True,True,33,2,Lipoblastoma,Benign Lipomatous Tumour,True
mcr,mcr_v1,63,Fibroepithelial polyp,,,ok,1,True,True,True,48,5,Ureteral fibroepithelial polyp,ok,1,True,True,True,15,5,Ureteral fibroepithelial polyp,1,supervisor_ok,True,True,0,3,3,1,diagnose_ok,True,False,True,True,True,"[""Ureteral fibroepithelial polyp"", ""Low-grade urothelial carcinoma""]","[""Ureteral fibroepithelial polyp"", ""Low-grade urothelial carcinoma""]",1,gen_ok,False,True,4,12,final_ok,1,True,True,26,2,Ureteral Fibroepithelial Polyp,Benign Ureteral Tumors,True
mcr,mcr_v1,64,small cell lung carcinoma,,,s2_miss,0,False,False,False,50,5,Sepsis,s2_miss,0,False,False,False,18,5,Sepsis,0,agents_miss,False,False,,3,3,0,draft_miss,False,False,False,True,False,"[""Acute appendicitis with perforation"", ""Metastatic prostate cancer or second primary colorectal cancer""]","[""Acute appendicitis with perforation"", ""Metastatic prostate cancer or second primary colorectal cancer""]",0,rag_miss,False,False,4,12,tree_miss,0,False,False,23,3,,,False
mcr,mcr_v1,65,myelolipoma,all_miss_but_recalled,,s2_hit_s3_drop,0,True,False,False,47,5,Myelodysplastic syndrome with eosinophilia,s2_miss,0,False,False,False,17,5,Myelodysplastic syndrome,0,agents_miss,False,False,,3,3,0,draft_miss,False,False,False,True,False,"[""Myeloid Sarcoma"", ""Lymphoma""]","[""Myeloid Sarcoma"", ""Lymphoma""]",0,rag_miss,False,False,4,12,tree_miss,0,False,False,44,2,,,False
mcr,mcr_v1,66,CIC-rearranged sarcoma,,,s2_miss,0,False,False,False,47,5,Desmoplastic small round cell tumor,s2_miss,0,False,False,False,18,5,Desmoplastic small round cell tumor,0,agents_hit_supervisor_drop,True,False,0,3,3,0,draft_miss,False,False,False,True,False,"[""Desmoplastic small round cell tumor (DSRCT)"", ""Ewing sarcoma""]","[""Desmoplastic small round cell tumor (DSRCT)"", ""Ewing sarcoma""]",0,rag_miss,False,False,4,12,tree_miss,0,False,False,23,1,,,False
mcr,mcr_v1,67,congenital unilateral hypoplasia of depressor anguli oris,,,s2_miss,1,False,False,False,46,5,Asymmetric crying face syndrome,s2_miss,1,False,False,False,14,5,Congenital Lower Lip Palsy,0,agents_hit_supervisor_drop,True,False,0,3,3,0,draft_miss,False,False,False,True,False,"[""Congenital Unilateral Lower Lip Paresis"", ""Congenital Facial Paresis""]","[""Congenital Unilateral Lower Lip Paresis"", ""Congenital Facial Paresis""]",0,rag_miss,False,False,4,12,final_ok,1,True,True,19,2,Congenital Unilateral Hypoplasia of Depressor Anguli Oris,Congenital Craniofacial Anomaly,True
mcr,mcr_v1,68,macrodystrophia lipomatosa,,,s2_miss,0,False,False,False,50,5,Fibrolipomatous hamartoma,s2_miss,0,False,False,False,16,5,Macrodactyly,0,agents_miss,False,False,,3,3,0,draft_miss,False,False,False,True,False,"[""Macrodactyly"", ""Lipomatous tumor""]","[""Macrodactyly"", ""Lipomatous tumor""]",0,rag_miss,False,False,4,12,tree_miss,0,False,False,19,3,,,False
mcr,mcr_v1,69,Gastric lipoma,base_win_rank,aphhm_lose,s3_hit_s4_miss,0,True,True,False,33,5,Gastrointestinal stromal tumor,s2_hit_s3_drop,0,True,False,False,16,5,Gastrointestinal stromal tumor (GIST),0,supervisor_hit_judge_miss,True,True,0,3,3,1,diagnose_ok,True,False,True,True,True,"[""Gastrointestinal Stromal Tumor (GIST)"", ""Gastric Lipoma""]","[""Gastrointestinal Stromal Tumor (GIST)"", ""Gastric Lipoma""]",0,gen_hit_judge_miss,True,True,4,12,tree_miss,0,False,False,24,2,,,False
mcr,mcr_v1,72,abdominal tuberculosis,all_miss_but_recalled,,s2_hit_s3_drop,0,True,False,False,52,5,Non-Hodgkin lymphoma,s3_hit_s4_miss,0,True,True,False,18,5,Serous carcinoma of the ovary,0,agents_hit_supervisor_drop,True,False,0,3,3,0,draft_miss,False,False,False,True,False,"[""Ovarian Cancer"", ""Metastatic Malignancy""]","[""Ovarian Cancer"", ""Metastatic Malignancy""]",0,rag_miss,False,False,4,12,tree_hit_final_drop,0,True,False,41,3,Tuberculosis,Inflammatory disorder,False
mcr,mcr_v1,73,metastatic prostate carcinoma,,aphhm_lose,s2_miss,0,False,False,False,47,5,Cerebellar metastasis from prostate cancer,s2_miss,0,False,False,False,18,5,Cerebellar metastasis from prostate cancer,0,agents_hit_supervisor_drop,True,False,0,3,3,1,diagnose_miss_but_scored_ok,False,False,False,True,False,"[""Metastasis"", ""Hemangioblastoma""]","[""Metastasis"", ""Hemangioblastoma""]",0,rag_hit_gen_miss,True,False,4,12,tree_miss,0,False,False,24,5,,,False
mcr,mcr_v1,74,Catecholaminergic polymorphic ventricular tachycardia,all_miss_but_recalled,,s3_hit_s4_miss,0,True,True,False,48,5,Risperidone-induced QT prolongation,s3_hit_s4_miss,0,True,True,False,19,5,Risperidone-induced QT prolongation,0,agents_hit_supervisor_drop,True,False,0,3,3,0,draft_miss,False,False,False,True,False,"[""Long QT Syndrome"", ""Hypertrophic Cardiomyopathy""]","[""Long QT Syndrome"", ""Hypertrophic Cardiomyopathy""]",0,gen_hit_judge_miss,False,True,4,12,final_hit_judge_miss,0,True,True,36,3,Catecholaminergic Polymorphic Ventricular Tachycardia,Primary Arrhythmic Disorder,False
mcr,mcr_v1,75,BasosquamousCarcinoma,,,s2_miss,0,False,False,False,48,5,Invasive cutaneous squamous cell carcinoma,s2_miss,0,False,False,False,20,5,Invasive cutaneous squamous cell carcinoma,0,agents_miss,False,False,,3,3,0,draft_miss,False,False,False,True,False,"[""Invasive cutaneous squamous cell carcinoma"", ""Basal cell carcinoma""]","[""Invasive cutaneous squamous cell carcinoma"", ""Basal cell carcinoma""]",0,rag_miss,False,False,4,12,tree_miss,0,False,False,18,1,,,False
mcr,mcr_v1,76,drug-induced liver injury,,,s3_hit_s4_miss,1,True,True,False,47,5,Alfuzosin-induced liver injury,ok,1,True,True,True,18,5,Drug-induced liver injury,1,supervisor_ok,True,True,0,3,3,1,diagnose_ok,True,False,True,True,True,"[""Drug-induced liver injury (DILI) due to Alfuzosin"", ""Acute liver failure (ALF) due to idiosyncratic reaction to Alfuzosin""]","[""Drug-induced liver injury (DILI) due to Alfuzosin"", ""Acute liver failure (ALF) due to idiosyncratic reaction to Alfuzosin""]",1,gen_ok,True,True,4,12,final_ok,1,True,True,45,1,Drug-induced liver injury,Toxic/Metabolic Liver Injury,True
mcr,mcr_v1,77,Accessory extraocular muscle,,,s2_miss,0,False,False,False,45,5,Adhesive syndrome,s2_miss,0,False,False,False,16,5,Adhesive syndrome,0,agents_hit_supervisor_drop,True,False,0,3,3,0,draft_miss,False,False,False,True,False,"[""Anomalous Orbital Structure"", ""Extraocular Muscle Disorder""]","[""Anomalous Orbital Structure"", ""Extraocular Muscle Disorder""]",0,rag_hit_gen_miss,True,False,4,12,tree_miss,0,False,False,24,2,,,False
mcr,mcr_v1,78,schwannoma,base_win_rank,aphhm_lose,s3_hit_s4_miss,0,True,True,False,44,5,Tarlov cyst,s3_hit_s4_miss,0,True,True,False,16,5,Intraneural ganglion cyst,1,supervisor_ok,True,True,0,3,3,1,diagnose_miss_but_scored_ok,False,False,False,True,False,"[""Peripheral Nerve Sheath Tumor (PNST)"", ""Neurofibroma""]","[""Peripheral Nerve Sheath Tumor (PNST)"", ""Neurofibroma""]",1,rag_miss,False,False,4,12,final_hit_judge_miss,0,True,True,25,2,Schwannoma,Nerve Sheath Tumors,False
mcr,mcr_v1,80,Leiomyosarcoma,all_miss_but_recalled,,s2_hit_s3_drop,0,True,False,False,49,5,Locoregional breast cancer recurrence,s2_miss,0,False,False,False,18,5,Locoregional breast cancer recurrence,0,supervisor_hit_judge_miss,True,True,,3,3,0,draft_miss,False,False,False,True,False,"[""Radiation-induced sarcoma"", ""Breast cancer recurrence""]","[""Radiation-induced sarcoma"", ""Breast cancer recurrence""]",0,rag_miss,False,False,4,12,tree_hit_final_drop,0,True,False,54,3,Leiomyosarcoma,Secondary Breast Neoplasm,False
mcr,mcr_v1,81,Macrophage myofasciitis,,,s2_miss,0,False,False,False,51,5,Juvenile Dermatomyositis,s2_miss,0,False,False,False,14,5,Juvenile Dermatomyositis,0,agents_miss,False,False,,3,3,0,draft_miss,False,False,False,True,False,"[""Juvenile Dermatomyositis (JDM)"", ""Thyroiditis-related myopathy""]","[""Juvenile Dermatomyositis (JDM)"", ""Thyroiditis-related myopathy""]",0,rag_miss,False,False,4,12,tree_miss,0,False,False,63,2,,,False
mcr,mcr_v1,82,Euglycemic diabetic ketoacidosis,base_win_rank,aphhm_lose,s3_hit_s4_miss,0,True,True,False,48,5,Lactic acidosis,s3_hit_s4_miss,0,True,True,False,19,5,Uremic acidosis,0,supervisor_hit_judge_miss,True,True,0,3,3,1,diagnose_ok,True,False,True,True,True,"[""Euglycemic Diabetic Ketoacidosis"", ""Lactic Acidosis""]","[""Euglycemic Diabetic Ketoacidosis"", ""Lactic Acidosis""]",1,gen_ok,True,True,4,12,final_hit_judge_miss,0,True,True,25,1,Diabetic Ketoacidosis,Metabolic Disorder with Ketoacidosis,True
mcr,mcr_v1,84,Lymphoepithelioma-like carcinoma of the breast,,,s2_miss,0,False,False,False,48,5,Medullary carcinoma of the breast,s2_miss,0,False,False,False,20,5,Medullary carcinoma of the breast,0,agents_hit_supervisor_drop,True,False,0,3,3,0,draft_miss,False,False,False,True,False,"[""Triple-negative breast cancer"", ""Medullary carcinoma of the breast""]","[""Triple-negative breast cancer"", ""Medullary carcinoma of the breast""]",0,rag_hit_gen_miss,True,False,4,12,tree_miss,0,False,False,35,2,,,False
mcr,mcr_v1,85,Small intestinal perforation,,,s2_miss,0,False,False,False,49,5,Acute appendicitis,s2_miss,0,False,False,False,18,5,Acute appendicitis,0,agents_hit_supervisor_drop,True,False,0,3,3,0,draft_miss,False,False,False,True,False,"[""Appendicitis"", ""Intestinal Obstruction""]","[""Appendicitis"", ""Intestinal Obstruction""]",0,rag_hit_gen_miss,True,False,4,12,tree_miss,0,False,False,19,1,,,False
mcr,mcr_v1,86,Restless arms syndrome,,,s2_miss,0,False,False,False,52,5,Akathisia,s2_miss,0,False,False,False,16,5,Akathisia,0,agents_hit_supervisor_drop,True,False,0,3,3,0,draft_miss,False,False,False,True,False,"[""Medication-induced paresthesia"", ""Post-COVID-19 depressive disorder with neurological symptoms""]","[""Medication-induced paresthesia"", ""Post-COVID-19 depressive disorder with neurological symptoms""]",0,rag_miss,False,False,4,12,tree_miss,0,False,False,44,5,,,False
mcr,mcr_v1,87,undifferentiated embryonal sarcoma of the liver,all_miss_but_recalled,,s2_hit_s3_drop,0,True,False,False,50,5,Mucinous cystadenocarcinoma of the liver,s3_hit_s4_miss,0,True,True,False,17,5,Mucinous cystadenocarcinoma of the liver,0,agents_hit_supervisor_drop,True,False,1,3,3,0,diagnose_hit_judge_miss,True,False,True,True,True,"[""Mucinous cystadenocarcinoma of the liver"", ""Sarcoma of the liver""]","[""Mucinous cystadenocarcinoma of the liver"", ""Sarcoma of the liver""]",0,rag_hit_gen_miss,True,False,4,12,tree_miss,0,False,False,19,1,,,False
mcr,mcr_v1,90,squamous cell carcinoma,all_miss_but_recalled,,s3_hit_s4_miss,0,True,True,False,46,5,Pacemaker pocket sarcoma,s3_hit_s4_miss,0,True,True,False,15,5,Pacemaker pocket sarcoma,0,agents_hit_supervisor_drop,True,False,0,3,3,0,draft_miss,False,False,False,True,False,"[""Metastatic tumor or new primary tumor"", ""Locally recurrent tumor at the pacemaker site""]","[""Metastatic tumor or new primary tumor"", ""Locally recurrent tumor at the pacemaker site""]",0,rag_miss,False,False,4,12,final_hit_judge_miss,0,True,True,21,4,Metastatic laryngeal squamous cell carcinoma,Neoplastic Process,True
mcr,mcr_v1,91,Angiosarcoma,all_miss_but_recalled,,s3_hit_s4_miss,0,True,True,False,51,5,Hemangiopericytoma,s2_miss,0,False,False,False,19,5,Hemangiopericytoma,0,agents_miss,False,False,,3,3,0,draft_miss,False,False,False,True,False,"[""Solitary Fibrous Tumor/Hemangiopericytoma"", ""Cavernous Angioma""]","[""Solitary Fibrous Tumor/Hemangiopericytoma"", ""Cavernous Angioma""]",0,rag_miss,False,False,4,12,tree_miss,0,False,False,20,2,,,False
mcr,mcr_v1,93,Serum sickness,,,s2_miss,0,False,False,False,50,5,Poststreptococcal Reactive Arthritis,s2_miss,0,False,False,False,18,5,Prosthetic Valve Endocarditis,0,agents_miss,False,False,,3,3,0,draft_miss,False,False,False,True,False,"[""Prosthetic Mitral Valve Thrombosis"", ""Streptokinase-Induced Inflammatory Response""]","[""Prosthetic Mitral Valve Thrombosis"", ""Streptokinase-Induced Inflammatory Response""]",0,rag_miss,False,False,4,12,tree_miss,0,False,False,28,4,,,False
mcr,mcr_v1,94,Schwannoma,all_miss_but_recalled,,s2_hit_s3_drop,0,True,False,False,47,5,Branchial cleft cyst,s3_hit_s4_miss,0,True,True,False,17,5,Branchial cleft cyst,0,agents_miss,False,False,,3,3,0,draft_miss,False,False,False,True,False,"[""Branchial cleft cyst"", ""Thyroglossal duct cyst""]","[""Branchial cleft cyst"", ""Thyroglossal duct cyst""]",0,rag_miss,False,False,4,12,tree_hit_final_drop,0,True,False,36,1,cervical schwannoma,Neoplastic Process,False
mcr,mcr_v1,95,Tuberculosis,all_miss_but_recalled,,s4_hit_judge_miss,0,True,True,True,55,5,Disseminated tuberculosis,s4_hit_judge_miss,0,True,True,True,18,5,Disseminated tuberculosis,0,supervisor_hit_judge_miss,True,True,0,3,3,0,diagnose_hit_judge_miss,True,False,True,True,True,"[""Disseminated Tuberculosis"", ""Sepsis due to an opportunistic infection""]","[""Disseminated Tuberculosis"", ""Sepsis due to an opportunistic infection""]",0,rag_miss,False,False,4,12,tree_hit_final_drop,0,True,False,27,1,tuberculosis,Infectious/Inflammatory Syndrome,False
mcr,mcr_v1,96,ParostealOsteosarcoma,all_miss_but_recalled,,s2_hit_s3_drop,0,True,False,False,48,5,Osteoma,s2_miss,0,False,False,False,18,5,Osteoma,0,agents_miss,False,False,,3,3,0,draft_miss,False,False,False,True,False,"[""Osteoma"", ""Calcified Hematoma or Other Benign Bone Lesion""]","[""Osteoma"", ""Calcified Hematoma or Other Benign Bone Lesion""]",0,rag_miss,False,False,4,12,tree_hit_final_drop,0,True,False,29,2,Osteosarcoma,Malignant Bone Neoplasm,False
mcr,mcr_v1,97,giant juvenile fibroadenoma,all_miss_but_recalled,,s3_hit_s4_miss,0,True,True,False,52,5,Giant fibroadenoma,s3_hit_s4_miss,0,True,True,False,18,5,Giant fibroadenoma,0,supervisor_hit_judge_miss,True,True,0,3,3,0,diagnose_hit_judge_miss,True,False,True,True,True,"[""Fibroadenoma"", ""Phyllodes Tumor""]","[""Fibroadenoma"", ""Phyllodes Tumor""]",0,gen_hit_judge_miss,True,True,4,12,tree_hit_final_drop,0,True,False,23,1,Fibroadenoma,Benign Breast Tumors,False
mcr,mcr_v1,99,Histoplasmosis,all_miss_but_recalled,,s3_hit_s4_miss,0,True,True,False,47,5,Cheilitis granulomatosa,s3_hit_s4_miss,0,True,True,False,19,5,Kaposi's sarcoma,0,agents_miss,False,False,,3,3,0,draft_miss,False,False,False,True,False,"[""Kaposi's Sarcoma"", ""Immune Reconstitution Inflammatory Syndrome (IRIS)""]","[""Kaposi's Sarcoma"", ""Immune Reconstitution Inflammatory Syndrome (IRIS)""]",0,rag_miss,False,False,4,12,tree_hit_final_drop,0,True,False,29,3,Histoplasmosis,Infectious Disease,False
mcr,mcr_v1,100,intraosseous metaplastic meningioma,,,s2_miss,0,False,False,False,47,5,Hemangioma of bone,s2_miss,0,False,False,False,20,5,Hemangioma of bone,0,agents_miss,False,False,,3,3,0,draft_miss,False,False,False,True,False,"[""Hemangioma"", ""Atypical Fibroxanthoma""]","[""Hemangioma"", ""Atypical Fibroxanthoma""]",0,rag_miss,False,False,4,12,tree_miss,0,False,False,22,5,,,False
mcr,mcr_v1,104,Langerhans cell histiocytosis,,,ok,1,True,True,True,51,5,Langerhans cell histiocytosis,ok,1,True,True,True,17,5,Langerhans cell histiocytosis,1,supervisor_ok,True,True,0,3,3,1,diagnose_ok,True,False,True,True,True,"[""Langerhans cell histiocytosis"", ""Other granulomatous disorders""]","[""Langerhans cell histiocytosis"", ""Other granulomatous disorders""]",1,gen_ok,False,True,4,12,final_ok,1,True,True,24,1,Langerhans cell histiocytosis,Granulomatous Disease,True
mcr,mcr_v1,105,heat stroke,,aphhm_lose,ok,1,True,True,True,50,5,Heat stroke,ok,1,True,True,True,19,5,Heat stroke,1,supervisor_ok,True,True,0,3,3,0,diagnose_hit_judge_miss,True,False,True,True,True,"[""Cerebellar injury secondary to heat stroke"", ""Hypoxic-ischemic encephalopathy""]","[""Cerebellar injury secondary to heat stroke"", ""Hypoxic-ischemic encephalopathy""]",1,gen_ok,True,True,4,12,final_hit_judge_miss,0,True,True,38,4,Severe Heat Stroke,Heat-Related Illness,True
mcr,mcr_v1,106,neuroendocrine tumor,all_miss_but_recalled,,s2_hit_s3_drop,0,True,False,False,45,5,Pituitary adenoma,s2_miss,0,False,False,False,16,5,Pituitary adenoma,0,agents_miss,False,False,,3,3,0,draft_miss,False,False,False,True,False,"[""Pituitary Adenoma"", ""Craniopharyngioma""]","[""Pituitary Adenoma"", ""Craniopharyngioma""]",0,rag_miss,False,False,4,12,tree_miss,0,False,False,26,1,,,False
mcr,mcr_v1,107,adrenal hyperplasia,all_miss_but_recalled,,s2_hit_s3_drop,0,True,False,False,52,5,Leydig cell tumor,s2_hit_s3_drop,0,True,False,False,19,5,Leydig cell tumor,0,agents_hit_supervisor_drop,True,False,0,3,3,0,diagnose_hit_judge_miss,True,False,True,True,True,"[""Testicular tumor"", ""Primary macronodular adrenal hyperplasia (PMAH)""]","[""Testicular tumor"", ""Primary macronodular adrenal hyperplasia (PMAH)""]",0,gen_hit_judge_miss,True,True,4,12,tree_hit_final_drop,0,True,False,28,2,Adrenal Hyperplasia,Adrenal Gland Disorder,False
mcr,mcr_v1,109,Aspergillosis,all_miss_but_recalled,,s2_hit_s3_drop,0,True,False,False,56,5,Progressive Multifocal Leukoencephalopathy,s2_miss,0,False,False,False,21,5,Progressive Multifocal Leukoencephalopathy,0,agents_miss,False,False,,3,3,0,draft_miss,False,False,False,True,False,"[""Brain Abscess"", ""Encephalitis""]","[""Brain Abscess"", ""Encephalitis""]",0,rag_miss,False,False,4,12,tree_miss,0,False,False,31,5,,,False
mcr,mcr_v1,111,Giant cell tumor of bone,e7_win_recall,aphhm_lose,ok,1,True,True,True,49,5,Giant cell tumor,s3_hit_s4_miss,0,True,True,False,18,5,Osteolytic metastasis,0,agents_hit_supervisor_drop,True,False,0,3,3,0,draft_miss,False,False,False,True,False,"[""Vertebral Osteomyelitis"", ""Vertebral Tumor""]","[""Vertebral Osteomyelitis"", ""Vertebral Tumor""]",0,rag_hit_gen_miss,True,False,4,12,tree_hit_final_drop,0,True,False,24,3,Giant cell tumor,Degenerative Spinal Condition,False
mcr,mcr_v1,112,Bath salt intoxication,,aphhm_lose,s2_miss,1,False,False,False,48,5,Bath Salts Intoxication,s2_miss,0,False,False,False,18,5,Sympathomimetic toxicity,0,agents_miss,False,False,,3,3,1,diagnose_miss_but_scored_ok,False,False,False,True,False,"[""Synthetic cathinone toxicity"", ""Rhabdomyolysis due to multiple factors""]","[""Synthetic cathinone toxicity"", ""Rhabdomyolysis due to multiple factors""]",0,rag_miss,False,False,4,12,tree_miss,0,False,False,38,5,,,False
mcr,mcr_v1,113,jejunal adenocarcinoma,all_miss_but_recalled,,s2_hit_s3_drop,0,True,False,False,46,5,Sister Mary Joseph nodule due to metastatic colorectal adenocarcinoma,s2_miss,0,False,False,False,19,5,Sister Mary Joseph nodule due to colorectal adenocarcinoma,0,agents_hit_supervisor_drop,True,False,0,3,3,0,draft_miss,False,False,False,True,False,"[""Adenocarcinoma of the colon with umbilical metastasis"", ""Sister Mary Joseph nodule due to metastatic adenocarcinoma""]","[""Adenocarcinoma of the colon with umbilical metastasis"", ""Sister Mary Joseph nodule due to metastatic adenocarcinoma""]",0,rag_hit_gen_miss,True,False,4,12,tree_miss,0,False,False,36,5,,,False
mcr,mcr_v1,114,Ependymoma,,,s2_miss,0,False,False,False,50,5,Epidermoid cyst,s2_miss,0,False,False,False,21,5,Epidermoid cyst,0,agents_miss,False,False,,3,3,0,draft_miss,False,False,False,True,False,"[""Pilonidal cyst"", ""Inclusion cyst""]","[""Pilonidal cyst"", ""Inclusion cyst""]",0,rag_miss,False,False,4,12,tree_miss,0,False,False,44,5,,,False
mcr,mcr_v1,116,systemic sclerosis sine scleroderma,base_win_rank,,s3_hit_s4_miss,0,True,True,False,51,5,Limited Systemic Sclerosis,s3_hit_s4_miss,0,True,True,False,17,5,Limited Systemic Sclerosis,1,supervisor_ok,True,True,0,3,3,0,diagnose_hit_judge_miss,True,False,True,True,True,"[""Limited Systemic Sclerosis (CREST syndrome)"", ""Systemic Sclerosis""]","[""Limited Systemic Sclerosis (CREST syndrome)"", ""Systemic Sclerosis""]",0,gen_hit_judge_miss,True,True,4,12,final_ok,1,True,True,38,1,Systemic Sclerosis,Connective Tissue Disease with Autoantibodies,True
mcr,mcr_v1,117,Antiphospholipid syndrome,,aphhm_lose,s2_miss,1,False,True,True,53,5,Antiphospholipid syndrome,s2_miss,0,False,False,False,19,5,Infectious vasculitis,1,supervisor_ok,True,True,0,3,3,1,diagnose_ok,True,False,True,True,True,"[""Antiphospholipid Syndrome"", ""Respiratory Syncytial Virus Infection""]","[""Antiphospholipid Syndrome"", ""Respiratory Syncytial Virus Infection""]",1,gen_ok,False,True,4,12,tree_miss,0,False,False,83,3,,,False
mcr,mcr_v1,119,cystadenofibroma,,,s2_miss,0,False,False,False,48,5,Mucinous cystadenoma,s2_miss,0,False,False,False,19,5,Mucinous cystadenoma,0,agents_miss,False,False,,3,3,0,draft_miss,False,False,False,True,False,"[""Mucinous Ovarian Cyst"", ""Serous Ovarian Cyst""]","[""Mucinous Ovarian Cyst"", ""Serous Ovarian Cyst""]",0,rag_miss,False,False,4,12,tree_miss,0,False,False,45,3,,,False
mcr,mcr_v1,121,Angioleiomyoma,,,s2_miss,0,False,False,False,51,5,Pleomorphic adenoma,s2_miss,0,False,False,False,18,5,Lipoma,0,agents_miss,False,False,,3,3,0,draft_miss,False,False,False,True,False,"[""Ectopic lymph node"", ""Lipoma""]","[""Ectopic lymph node"", ""Lipoma""]",0,rag_miss,False,False,4,12,tree_hit_final_drop,0,True,False,40,5,Angioleiomyoma,Inflammatory or Infectious Process,False
mcr,mcr_v1,122,Malignant peripheral nerve sheath tumour,,,s2_miss,1,False,False,False,48,5,Malignant peripheral nerve sheath tumor,s2_miss,1,False,False,False,17,5,Malignant peripheral nerve sheath tumor,1,supervisor_miss_but_scored_ok,True,False,0,3,3,1,diagnose_miss_but_scored_ok,False,False,False,True,False,"[""Malignant Peripheral Nerve Sheath Tumor (MPNST)"", ""Sarcomatoid Urothelial Carcinoma""]","[""Malignant Peripheral Nerve Sheath Tumor (MPNST)"", ""Sarcomatoid Urothelial Carcinoma""]",0,rag_miss,False,False,4,12,tree_miss,1,False,False,17,1,,,False
mcr,mcr_v1,123,chronic osteomyelitis,all_miss_but_recalled,,s3_hit_s4_miss,0,True,True,False,46,5,Ewing's sarcoma,s2_miss,0,False,False,False,18,5,Ewing sarcoma,0,supervisor_hit_judge_miss,True,True,0,3,3,0,draft_miss,False,False,False,True,False,"[""Langerhans cell histiocytosis"", ""Ewing's sarcoma""]","[""Langerhans cell histiocytosis"", ""Ewing's sarcoma""]",0,gen_hit_judge_miss,False,True,4,12,final_hit_judge_miss,0,True,True,41,4,Osteomyelitis,Bone Tumor or Cyst,False
mcr,mcr_v1,124,echovirus 11 infection,,,s2_miss,0,False,False,False,50,5,Necrotizing autoimmune myopathy,s2_miss,0,False,False,False,20,5,Necrotizing autoimmune myopathy,0,agents_miss,False,False,,3,3,0,draft_miss,False,False,False,True,False,"[""Immune-mediated myositis"", ""Myocarditis""]","[""Immune-mediated myositis"", ""Myocarditis""]",0,rag_miss,False,False,4,12,tree_miss,0,False,False,26,5,,,False
mcr,mcr_v1,125,Cohen syndrome,,,ok,1,True,True,True,48,5,Cohen syndrome,ok,1,True,True,True,17,5,Cohen syndrome,1,supervisor_ok,True,True,0,3,3,0,draft_miss,False,False,False,True,False,"[""Bardet-Biedl syndrome"", ""Alstrom syndrome""]","[""Bardet-Biedl syndrome"", ""Alstrom syndrome""]",1,gen_ok,False,True,4,12,final_ok,1,True,True,21,2,Cohen syndrome,Syndromic Retinal Dystrophy with Neurodevelopmental Features,True
mcr,mcr_v1,126,Extranodal natural killer/T-cell lymphoma nasal type,base_win_rank,aphhm_lose,s2_hit_s3_drop,0,True,False,False,51,5,Subcutaneous panniculitis-like T-cell lymphoma,s4_hit_judge_miss,0,True,True,True,19,5,Lymphoma,0,supervisor_hit_judge_miss,True,True,,3,3,1,diagnose_ok,True,False,True,True,True,"[""Lymphoma"", ""Mantle Cell Lymphoma""]","[""Lymphoma"", ""Mantle Cell Lymphoma""]",0,gen_hit_judge_miss,False,True,4,12,final_hit_judge_miss,0,True,True,48,4,Lymphoma,Inflammatory/Immune-Mediated Disorder,True
mcr,mcr_v1,128,Endosalpingiosis,all_miss_but_recalled,,s2_hit_s3_drop,0,True,False,False,45,5,Papillary urothelial carcinoma,s2_miss,0,False,False,False,16,5,Papillary urothelial carcinoma,0,agents_miss,False,False,,3,3,0,draft_miss,False,False,False,True,False,"[""Mucosal Neoplastic Lesion"", ""Endometriosis""]","[""Mucosal Neoplastic Lesion"", ""Endometriosis""]",0,rag_miss,False,False,4,12,tree_miss,0,False,False,25,2,,,False
mcr,mcr_v2,129,biliary cystadenocarcinoma,all_miss_but_recalled,,s2_hit_s3_drop,0,True,False,False,43,5,Pyogenic liver abscess,s3_hit_s4_miss,0,True,True,False,16,5,Complex Hepatic Cyst,0,agents_miss,False,False,,3,3,0,draft_miss,False,False,False,True,False,"[""Infected Non-Parasitic Liver Cyst"", ""Hepatic Hydatid Cyst""]","[""Infected Non-Parasitic Liver Cyst"", ""Hepatic Hydatid Cyst""]",0,rag_miss,False,False,4,12,na,,,,,,,,
mcr,mcr_v2,130,Clinging carcinoma in situ,,,s2_miss,0,False,False,False,55,5,Bilateral invasive ductal carcinoma,s2_miss,0,False,False,False,20,5,invasive ductal carcinoma,0,agents_hit_supervisor_drop,True,False,0,3,3,0,draft_miss,False,False,False,True,False,"[""Invasive Ductal Carcinoma (Left Breast)"", ""Fibroadenoma (Right Breast)""]","[""Invasive Ductal Carcinoma (Left Breast)"", ""Fibroadenoma (Right Breast)""]",0,rag_hit_gen_miss,True,False,4,12,na,,,,,,,,
mcr,mcr_v2,131,Histiocytic necrotizing lymphadenitis,,,s3_hit_s4_miss,1,True,True,False,52,5,Kikuchi-Fujimoto disease,s3_hit_s4_miss,1,True,True,False,17,5,Kikuchi-Fujimoto disease,1,supervisor_miss_but_scored_ok,True,False,0,3,3,1,diagnose_miss_but_scored_ok,False,False,False,True,False,"[""Kikuchi-Fujimoto disease"", ""Cat scratch disease""]","[""Kikuchi-Fujimoto disease"", ""Cat scratch disease""]",1,rag_miss,False,False,4,12,na,,,,,,,,
mcr,mcr_v2,132,Bowel-associated dermatosis-arthritis syndrome,,,s2_miss,0,False,False,False,46,5,Sweet syndrome,s2_miss,0,False,False,False,19,5,Sweet syndrome,0,agents_miss,False,False,,3,3,0,draft_miss,False,False,False,True,False,"[""Sweet syndrome"", ""Neutrophilic panniculitis""]","[""Sweet syndrome"", ""Neutrophilic panniculitis""]",0,rag_miss,False,False,4,12,na,,,,,,,,
mcr,mcr_v2,133,ProstateStromalSarcoma,,,s2_miss,1,False,False,False,49,5,Prostatic stromal sarcoma,s2_miss,1,False,False,False,18,5,Prostatic stromal sarcoma,1,supervisor_miss_but_scored_ok,False,False,,3,3,1,diagnose_miss_but_scored_ok,False,False,False,True,False,"[""Prostatic Stromal Sarcoma"", ""Prostatic Stromal Tumor of Uncertain Malignant Potential""]","[""Prostatic Stromal Sarcoma"", ""Prostatic Stromal Tumor of Uncertain Malignant Potential""]",1,rag_miss,False,False,4,12,na,,,,,,,,
mcr,mcr_v2,134,Malakoplakia,,,s2_miss,1,False,False,False,54,5,Malacoplakia,ok,1,True,True,True,21,5,Malakoplakia,0,agents_miss,False,False,,3,3,0,draft_miss,False,False,False,True,False,"[""MTAP deficiency"", ""6-mercaptopurine-induced gastrointestinal toxicity""]","[""MTAP deficiency"", ""6-mercaptopurine-induced gastrointestinal toxicity""]",0,rag_miss,False,False,4,12,na,,,,,,,,
mcr,mcr_v2,135,Intraductal papilloma,,,s2_hit_s3_drop,0,True,False,False,52,5,Gynecomastia,s3_hit_s4_miss,0,True,True,False,17,5,Gynecomastia,1,supervisor_miss_but_scored_ok,False,False,,3,3,0,draft_miss,False,False,False,True,False,"[""Breast Cancer"", ""Gynecomastia""]","[""Breast Cancer"", ""Gynecomastia""]",0,rag_miss,False,False,4,12,na,,,,,,,,
mcr,mcr_v2,136,glioblastoma multiforme,,,s2_miss,0,False,False,False,52,5,Acute Demyelinating Encephalomyelitis,s2_miss,0,False,False,False,17,5,Acute Disseminated Encephalomyelitis,0,agents_miss,False,False,,3,3,0,draft_miss,False,False,False,True,False,"[""Acute Demyelinating Encephalomyelitis (ADEM)"", ""Brainstem Glioma""]","[""Acute Demyelinating Encephalomyelitis (ADEM)"", ""Brainstem Glioma""]",0,rag_miss,False,False,4,12,na,,,,,,,,
mcr,mcr_v2,137,Solitary fibrous tumour,,,s2_miss,0,False,False,False,47,5,Pleomorphic adenoma,s2_miss,0,False,False,False,16,5,Pleomorphic adenoma,0,agents_miss,False,False,,3,3,0,draft_miss,False,False,False,True,False,"[""Fibroma"", ""Lipoma""]","[""Fibroma"", ""Lipoma""]",0,rag_miss,False,False,4,12,na,,,,,,,,
mcr,mcr_v2,138,appendiceal intussusception,all_miss_but_recalled,,s2_hit_s3_drop,0,True,False,False,52,5,Intestinal endometriosis,s2_hit_s3_drop,0,True,False,False,19,5,Intestinal endometriosis,0,agents_miss,False,False,,3,3,0,draft_miss,False,False,False,True,False,"[""Endometriosis with bowel involvement"", ""Inverted appendix or appendiceal neoplasm""]","[""Endometriosis with bowel involvement"", ""Inverted appendix or appendiceal neoplasm""]",0,rag_miss,False,False,4,12,na,,,,,,,,
mcr,mcr_v2,139,type 2 autoimmune pancreatitis,base_win_rank,,s3_hit_s4_miss,0,True,True,False,52,5,IgG4-related pancreatitis,s3_hit_s4_miss,0,True,True,False,18,5,IgG4-related pancreatitis,1,supervisor_ok,True,True,0,3,3,1,diagnose_ok,True,False,True,True,True,"[""Autoimmune Pancreatitis"", ""IgG4-related Disease""]","[""Autoimmune Pancreatitis"", ""IgG4-related Disease""]",0,rag_hit_gen_miss,True,False,4,12,na,,,,,,,,
mcr,mcr_v2,140,Gastric adenomyoma,,,s2_miss,0,False,False,False,45,5,Gastric polyps,s2_miss,0,False,False,False,17,5,Gastric polyps,0,agents_hit_supervisor_drop,True,False,0,3,3,0,draft_miss,False,False,False,True,False,"[""Hyperplastic Gastric Polyp"", ""Adenomatous Gastric Polyp""]","[""Hyperplastic Gastric Polyp"", ""Adenomatous Gastric Polyp""]",0,rag_hit_gen_miss,True,False,4,12,na,,,,,,,,
mcr,mcr_v2,141,Rhegmatogenous retinal detachment with choroidal detachment,all_miss_but_recalled,,s2_hit_s3_drop,0,True,False,False,52,5,Posterior Scleritis,s2_hit_s3_drop,0,True,False,False,20,5,Posterior Scleritis,0,agents_hit_supervisor_drop,True,False,0,3,3,0,draft_miss,False,False,False,True,False,"[""Posterior Scleritis"", ""Serous Retinal Detachment""]","[""Posterior Scleritis"", ""Serous Retinal Detachment""]",0,rag_hit_gen_miss,True,False,4,12,na,,,,,,,,
mcr,mcr_v2,142,angiosarcoma,all_miss_but_recalled,,s3_hit_s4_miss,0,True,True,False,45,5,Rhabdomyosarcoma,s3_hit_s4_miss,0,True,True,False,18,5,Rhabdomyosarcoma,0,supervisor_hit_judge_miss,True,True,0,3,3,0,draft_miss,False,False,False,True,False,"[""Rhabdomyosarcoma"", ""Langerhans Cell Histiocytosis (LCH)""]","[""Rhabdomyosarcoma"", ""Langerhans Cell Histiocytosis (LCH)""]",0,rag_miss,False,False,4,12,na,,,,,,,,
mcr,mcr_v2,143,ANCA-associated vasculitis,,,s2_miss,0,False,False,False,51,5,Goodpasture syndrome,s2_miss,0,False,False,False,21,5,Goodpasture syndrome,1,supervisor_miss_but_scored_ok,True,False,0,3,3,0,draft_miss,False,False,False,True,False,"[""Pulmonary-Renal Syndrome"", ""Post-infectious Complication (e.g., Goodpasture syndrome)""]","[""Pulmonary-Renal Syndrome"", ""Post-infectious Complication (e.g., Goodpasture syndrome)""]",0,rag_miss,False,False,4,12,na,,,,,,,,
mcr,mcr_v2,144,systemic lupus erythematosus,,,ok,1,True,True,True,50,5,Systemic Lupus Erythematosus,ok,1,True,True,True,18,5,Systemic Lupus Erythematosus,1,supervisor_ok,True,True,0,3,3,1,diagnose_ok,True,False,True,True,True,"[""Systemic Lupus Erythematosus (SLE) with cardiac involvement"", ""Hypertensive emergency with pericardial effusion""]","[""Systemic Lupus Erythematosus (SLE) with cardiac involvement"", ""Hypertensive emergency with pericardial effusion""]",1,gen_ok,True,True,4,12,na,,,,,,,,
mcr,mcr_v2,145,right paraduodenal hernia,,,s2_miss,0,False,False,False,51,5,Midgut volvulus,s2_miss,0,False,False,False,17,5,Malrotation of the intestine,0,agents_hit_supervisor_drop,True,False,1,3,3,0,draft_miss,False,False,False,True,False,"[""Intestinal Malrotation"", ""Small Bowel Obstruction""]","[""Intestinal Malrotation"", ""Small Bowel Obstruction""]",0,rag_miss,False,False,4,12,na,,,,,,,,
mcr,mcr_v2,146,Diffuse large B cell lymphoma,,,s2_miss,0,False,False,False,50,5,Ileocecal tuberculosis,s2_miss,0,False,False,False,21,5,Intestinal tuberculosis,0,agents_miss,False,False,,3,3,0,draft_miss,False,False,False,True,False,"[""Intestinal Tuberculosis"", ""Crohn's Disease""]","[""Intestinal Tuberculosis"", ""Crohn's Disease""]",0,rag_miss,False,False,4,12,na,,,,,,,,
mcr,mcr_v2,147,angioleiomyoma,,,s2_miss,0,False,False,False,49,5,Chondroblastoma,s2_miss,0,False,False,False,18,5,Chondroblastoma,0,agents_miss,False,False,,3,3,0,draft_miss,False,False,False,True,False,"[""Synovial Chondromatosis"", ""Pigmented Villonodular Synovitis""]","[""Synovial Chondromatosis"", ""Pigmented Villonodular Synovitis""]",0,rag_miss,False,False,4,12,na,,,,,,,,
mcr,mcr_v2,150,Intraosseous lipoma,,,s2_miss,0,False,False,False,44,5,Periapical granuloma,s2_miss,0,False,False,False,18,5,Periapical granuloma,0,agents_miss,False,False,,3,3,0,draft_miss,False,False,False,True,False,"[""Periapical Granuloma"", ""Periapical Cyst""]","[""Periapical Granuloma"", ""Periapical Cyst""]",0,rag_miss,False,False,4,12,na,,,,,,,,
mcr,mcr_v2,151,coccidioidomycosis,all_miss_but_recalled,,s2_hit_s3_drop,0,True,False,False,54,5,Toxoplasmosis,s2_hit_s3_drop,0,True,False,False,17,5,Toxoplasmosis,0,agents_miss,False,False,,3,3,0,draft_miss,False,False,False,True,False,"[""Pneumocystis jirovecii pneumonia (PCP)"", ""Toxoplasmosis""]","[""Pneumocystis jirovecii pneumonia (PCP)"", ""Toxoplasmosis""]",0,rag_miss,False,False,4,12,na,,,,,,,,
mcr,mcr_v2,152,Squamous cell carcinoma,base_win_rank,,s3_hit_s4_miss,0,True,True,False,48,5,Verrucous carcinoma,s3_hit_s4_miss,0,True,True,False,18,5,Verrucous carcinoma,1,supervisor_ok,True,True,0,3,3,1,diagnose_ok,True,False,True,True,True,"[""Squamous Cell Carcinoma"", ""Keratoacanthoma""]","[""Squamous Cell Carcinoma"", ""Keratoacanthoma""]",1,gen_ok,False,True,4,12,na,,,,,,,,
mcr,mcr_v2,153,Pheochromocytoma,all_miss_but_recalled,,s2_hit_s3_drop,0,True,False,False,49,5,Myocarditis,s2_miss,0,False,False,False,19,5,Chronic active myocarditis,0,agents_miss,False,False,,3,3,0,draft_miss,False,False,False,True,False,"[""Myocarditis"", ""Reverse Takotsubo Cardiomyopathy""]","[""Myocarditis"", ""Reverse Takotsubo Cardiomyopathy""]",0,rag_miss,False,False,4,12,na,,,,,,,,
mcr,mcr_v2,154,Decompression sickness,,,ok,1,True,True,True,47,5,Decompression sickness,ok,1,True,True,True,19,5,Decompression sickness,1,supervisor_ok,True,True,0,3,3,1,diagnose_ok,True,False,True,True,True,"[""Decompression Sickness"", ""Arterial Gas Embolism""]","[""Decompression Sickness"", ""Arterial Gas Embolism""]",1,gen_ok,True,True,4,12,na,,,,,,,,
mcr,mcr_v2,156,Angiomyolipoma,all_miss_but_recalled,,s3_hit_s4_miss,0,True,True,False,44,5,Renal cell carcinoma with vascular extension,s3_hit_s4_miss,0,True,True,False,15,5,Renal cell carcinoma with vascular extension,0,supervisor_hit_judge_miss,True,True,0,3,3,0,diagnose_hit_judge_miss,True,False,True,True,True,"[""Renal Cell Carcinoma with Tumor Thrombus"", ""Angiomyolipoma""]","[""Renal Cell Carcinoma with Tumor Thrombus"", ""Angiomyolipoma""]",0,gen_hit_judge_miss,False,True,4,12,na,,,,,,,,
mcr,mcr_v2,159,endometrioid adenocarcinoma,,,s3_hit_s4_miss,0,True,True,False,50,5,Undifferentiated uterine sarcoma,ok,1,True,True,True,18,5,Endometrioid adenocarcinoma,0,agents_hit_supervisor_drop,True,False,0,3,3,0,draft_miss,False,False,False,True,False,"[""Iatrogenic dissemination of malignant cells"", ""Disseminated peritoneal leiomyomatosis""]","[""Iatrogenic dissemination of malignant cells"", ""Disseminated peritoneal leiomyomatosis""]",1,gen_ok,True,True,4,12,na,,,,,,,,
mcr,mcr_v2,161,EccrinePorocarcinoma,,,s2_miss,0,False,False,False,43,5,Squamous cell carcinoma,s2_miss,0,False,False,False,13,5,Squamous cell carcinoma,0,agents_miss,False,False,,3,3,0,draft_miss,False,False,False,True,False,"[""Squamous Cell Carcinoma"", ""Melanoma""]","[""Squamous Cell Carcinoma"", ""Melanoma""]",0,rag_miss,False,False,4,12,na,,,,,,,,
mcr,mcr_v2,162,Milker's nodules,,,ok,1,True,True,True,48,5,Milker's nodule,ok,1,True,True,True,15,5,Milker's nodule,0,supervisor_hit_judge_miss,True,True,0,3,3,1,diagnose_miss_but_scored_ok,False,False,False,True,False,"[""Paravaccinia (Milker's nodule)"", ""Orf (ecthyma contagiosum)""]","[""Paravaccinia (Milker's nodule)"", ""Orf (ecthyma contagiosum)""]",0,rag_hit_gen_miss,True,False,4,12,na,,,,,,,,
mcr,mcr_v2,163,Acute appendicitis,all_miss_but_recalled,,s3_hit_s4_miss,0,True,True,False,49,5,Ectopic pregnancy,s3_hit_s4_miss,0,True,True,False,17,5,Ectopic pregnancy,0,agents_hit_supervisor_drop,True,False,0,3,3,0,draft_miss,False,False,False,True,False,"[""Ectopic Pregnancy"", ""Adnexal Mass or Ovarian Cyst""]","[""Ectopic Pregnancy"", ""Adnexal Mass or Ovarian Cyst""]",0,rag_hit_gen_miss,True,False,4,12,na,,,,,,,,
mcr,mcr_v2,164,Primary squamous cell carcinoma of the liver,,,s2_miss,0,False,False,False,47,5,Intrahepatic cholangiocarcinoma,s2_miss,0,False,False,False,17,5,Intrahepatic cholangiocarcinoma,0,agents_hit_supervisor_drop,True,False,0,3,3,0,draft_miss,False,False,False,True,False,"[""Intrahepatic Cholangiocarcinoma"", ""Gallbladder Cancer""]","[""Intrahepatic Cholangiocarcinoma"", ""Gallbladder Cancer""]",0,rag_miss,False,False,4,12,na,,,,,,,,
mcr,mcr_v2,165,Leiomyosarcoma,all_miss_but_recalled,,s2_hit_s3_drop,0,True,False,False,49,5,Gastrointestinal stromal tumor,s3_hit_s4_miss,0,True,True,False,18,5,Gastrointestinal stromal tumor (GIST),0,agents_miss,False,False,,3,3,0,diagnose_hit_judge_miss,True,False,True,True,True,"[""Gastrointestinal Stromal Tumor (GIST)"", ""Sarcoma""]","[""Gastrointestinal Stromal Tumor (GIST)"", ""Sarcoma""]",0,rag_miss,False,False,4,12,na,,,,,,,,
mcr,mcr_v2,166,Contrast-induced encephalopathy,base_win_recall,,s2_miss,0,False,False,False,50,5,Hypoxic-Ischemic Encephalopathy,s2_miss,0,False,False,False,19,5,Hypoxic-Ischemic Encephalopathy,1,supervisor_ok,True,True,0,3,3,1,diagnose_ok,True,False,True,True,True,"[""Contrast-induced encephalopathy"", ""Cerebral complication related to complex congenital heart disease""]","[""Contrast-induced encephalopathy"", ""Cerebral complication related to complex congenital heart disease""]",1,gen_ok,True,True,4,12,na,,,,,,,,
mcr,mcr_v2,167,Myofibroma,,,s2_miss,0,False,False,False,50,5,Osteosarcoma,s2_miss,0,False,False,False,17,5,Osteosarcoma,0,agents_miss,False,False,,3,3,0,draft_miss,False,False,False,True,False,"[""Osteosarcoma"", ""Ewing's Sarcoma""]","[""Osteosarcoma"", ""Ewing's Sarcoma""]",0,rag_miss,False,False,4,12,na,,,,,,,,
mcr,mcr_v2,168,Paraneoplastic encephalomyelitis,,,s2_miss,0,False,False,False,50,5,Acute Disseminated Encephalomyelitis,s2_miss,0,False,False,False,16,5,Acute Disseminated Encephalomyelitis,0,agents_hit_supervisor_drop,True,False,0,3,3,0,draft_miss,False,False,False,True,False,"[""Acute Disseminated Encephalomyelitis (ADEM)"", ""Multiple Sclerosis (MS)""]","[""Acute Disseminated Encephalomyelitis (ADEM)"", ""Multiple Sclerosis (MS)""]",0,rag_miss,False,False,4,12,na,,,,,,,,
mcr,mcr_v2,169,rheumatoid arthritis,,,ok,1,True,True,True,52,5,Seropositive Rheumatoid Arthritis,ok,1,True,True,True,19,5,Rheumatoid Arthritis,1,supervisor_ok,True,True,0,3,3,1,diagnose_ok,True,False,True,True,True,"[""Rheumatoid Arthritis (RA)"", ""Seronegative Spondyloarthropathy or other Autoimmune Disorder""]","[""Rheumatoid Arthritis (RA)"", ""Seronegative Spondyloarthropathy or other Autoimmune Disorder""]",1,gen_ok,True,True,4,12,na,,,,,,,,
mcr,mcr_v2,170,T-cell lymphoblastic lymphoma,e7_win_rank,,ok,1,True,True,True,49,5,Lymphoblastic lymphoma,s2_miss,0,False,False,False,18,5,Hodgkin lymphoma,0,supervisor_hit_judge_miss,True,True,0,3,3,0,diagnose_hit_judge_miss,True,False,True,True,True,"[""Lymphoma"", ""Germ Cell Tumor""]","[""Lymphoma"", ""Germ Cell Tumor""]",0,gen_hit_judge_miss,False,True,4,12,na,,,,,,,,
mcr,mcr_v2,171,mast cell leukaemia,,,s2_miss,0,False,False,False,42,5,Hemophagocytic Lymphohistiocytosis,s2_miss,0,False,False,False,16,5,Hemophagocytic Lymphohistiocytosis,0,agents_miss,False,False,,3,3,0,draft_miss,False,False,False,True,False,"[""Hemophagocytic Lymphohistiocytosis (HLH)"", ""Myelodysplastic Syndrome (MDS) with features of acute leukemia""]","[""Hemophagocytic Lymphohistiocytosis (HLH)"", ""Myelodysplastic Syndrome (MDS) with features of acute leukemia""]",0,rag_miss,False,False,4,12,na,,,,,,,,
mcr,mcr_v2,172,mucormycosis,,,ok,1,True,True,True,46,5,Mucormycosis,s3_hit_s4_miss,0,True,True,False,16,5,Conidiobolomycosis,1,supervisor_ok,True,True,0,3,3,1,diagnose_ok,True,False,True,True,True,"[""Mucormycosis"", ""Aspergillosis""]","[""Mucormycosis"", ""Aspergillosis""]",0,gen_hit_judge_miss,False,True,4,12,na,,,,,,,,
mcr,mcr_v2,173,Chronic subdural hematoma,e7_win_rank,,ok,1,True,True,True,48,5,Chronic subdural hematoma,ok,1,True,True,True,17,5,Chronic subdural hematoma,0,supervisor_hit_judge_miss,True,True,0,3,3,0,diagnose_hit_judge_miss,True,False,True,True,True,"[""Subdural Hematoma"", ""Post-Dural Puncture Headache (PDPH)""]","[""Subdural Hematoma"", ""Post-Dural Puncture Headache (PDPH)""]",0,rag_hit_gen_miss,True,False,4,12,na,,,,,,,,
mcr,mcr_v2,174,autoimmune gastritis,base_win_rank,,s3_hit_s4_miss,0,True,True,False,51,5,Gastric involvement in Sjögren’s syndrome,s3_hit_s4_miss,0,True,True,False,18,5,Chronic atrophic gastritis,1,supervisor_ok,True,True,0,3,3,1,diagnose_ok,True,False,True,True,True,"[""Autoimmune Gastritis"", ""Chronic Erosive Gastritis""]","[""Autoimmune Gastritis"", ""Chronic Erosive Gastritis""]",1,gen_ok,True,True,4,12,na,,,,,,,,
mcr,mcr_v2,175,Fibrous dysplasia,all_miss_but_recalled,,s3_hit_s4_miss,0,True,True,False,45,5,Juvenile ossifying fibroma,s3_hit_s4_miss,0,True,True,False,15,5,Juvenile ossifying fibroma,0,supervisor_hit_judge_miss,True,True,0,3,3,0,diagnose_hit_judge_miss,True,False,True,True,True,"[""Juvenile ossifying fibroma"", ""Fibrous dysplasia""]","[""Juvenile ossifying fibroma"", ""Fibrous dysplasia""]",0,gen_hit_judge_miss,True,True,4,12,na,,,,,,,,
mcr,mcr_v2,177,Niemann-Pick disease type B,all_miss_but_recalled,,s2_hit_s3_drop,0,True,False,False,49,5,Primary Myelofibrosis,s2_miss,0,False,False,False,18,5,Primary Myelofibrosis,0,agents_miss,False,False,,3,3,0,draft_miss,False,False,False,True,False,"[""Hereditary Spherocytosis"", ""Portal Hypertension due to Portal Vein Thrombosis or Splenic Vein Thrombosis""]","[""Hereditary Spherocytosis"", ""Portal Hypertension due to Portal Vein Thrombosis or Splenic Vein Thrombosis""]",0,rag_miss,False,False,4,12,na,,,,,,,,
mcr,mcr_v2,178,Malingering,all_miss_but_recalled,,s3_hit_s4_miss,0,True,True,False,51,5,Factitious disorder,s2_miss,0,False,False,False,19,5,Factitious disorder,0,supervisor_hit_judge_miss,True,True,0,3,3,0,diagnose_hit_judge_miss,True,False,True,True,True,"[""Factitious Disorder"", ""Malingering""]","[""Factitious Disorder"", ""Malingering""]",0,gen_hit_judge_miss,True,True,4,12,na,,,,,,,,
mcr,mcr_v2,179,hypoxia-induced thrombocytopenia,,,s2_miss,0,False,False,False,50,5,Thrombocytopenia with congenital heart disease,s2_miss,0,False,False,False,15,5,Thrombocytopenia with pulmonary atresia and ventricular septal defect,0,agents_hit_supervisor_drop,True,False,1,3,3,0,draft_miss,False,False,False,True,False,"[""Heparin-Induced Thrombocytopenia (HIT)"", ""Postoperative Thrombocytopenia due to Cardiac Surgery""]","[""Heparin-Induced Thrombocytopenia (HIT)"", ""Postoperative Thrombocytopenia due to Cardiac Surgery""]",0,rag_hit_gen_miss,True,False,4,12,na,,,,,,,,
mcr,mcr_v2,182,Plasmacytoma,all_miss_but_recalled,,s3_hit_s4_miss,0,True,True,False,44,5,Plasma cell myeloma hepatic involvement,s2_miss,0,False,False,False,16,5,Metastatic plasma cell myeloma,0,agents_miss,False,False,,3,3,0,draft_miss,False,False,False,True,False,"[""Liver Metastasis"", ""Direct Liver Involvement by Myeloma""]","[""Liver Metastasis"", ""Direct Liver Involvement by Myeloma""]",0,rag_miss,False,False,4,12,na,,,,,,,,
mcr,mcr_v2,183,atypical femoral neck fracture,all_miss_but_recalled,,s2_hit_s3_drop,0,True,False,False,50,5,Atypical femoral fracture,s2_miss,0,False,False,False,18,5,Atypical femoral fracture,0,agents_hit_supervisor_drop,True,False,0,3,3,0,draft_miss,False,False,False,True,False,"[""Atypical Femoral Fracture"", ""Osteoporotic Femoral Neck Fracture""]","[""Atypical Femoral Fracture"", ""Osteoporotic Femoral Neck Fracture""]",0,rag_hit_gen_miss,True,False,4,12,na,,,,,,,,
mcr,mcr_v2,184,Psoriasiform drug eruption,,,s2_miss,1,False,False,False,49,5,Drug-induced psoriasiform eruption,s2_miss,1,False,False,False,17,5,Drug-induced psoriasiform eruption,1,supervisor_miss_but_scored_ok,True,False,0,3,3,1,diagnose_miss_but_scored_ok,False,False,False,True,False,"[""Psoriasiform drug reaction"", ""Cutaneous lymphoma""]","[""Psoriasiform drug reaction"", ""Cutaneous lymphoma""]",1,gen_ok,True,True,4,12,na,,,,,,,,
mcr,mcr_v2,186,pyogenic spondylodiscitis,,,ok,1,True,True,True,49,5,Spondylodiscitis,ok,1,True,True,True,18,5,Spondylodiscitis,1,supervisor_ok,True,True,0,3,3,1,diagnose_miss_but_scored_ok,False,False,False,True,False,"[""Spinal Epidural Abscess"", ""Discitis/Osteomyelitis""]","[""Spinal Epidural Abscess"", ""Discitis/Osteomyelitis""]",1,gen_ok,True,True,4,12,na,,,,,,,,
mcr,mcr_v2,187,Schwannoma,all_miss_but_recalled,,s2_hit_s3_drop,0,True,False,False,45,5,Ganglion Cyst,s3_hit_s4_miss,0,True,True,False,15,5,Ganglion cyst,0,agents_hit_supervisor_drop,True,False,0,3,3,0,draft_miss,False,False,False,True,False,"[""Ganglion cyst"", ""Giant cell tumor of the tendon sheath""]","[""Ganglion cyst"", ""Giant cell tumor of the tendon sheath""]",0,rag_miss,False,False,4,12,na,,,,,,,,
mcr,mcr_v2,188,Liposarcoma,all_miss_but_recalled,,s3_hit_s4_miss,0,True,True,False,43,5,Gastrointestinal stromal tumor,s3_hit_s4_miss,0,True,True,False,17,5,Gastrointestinal stromal tumor,0,agents_miss,False,False,,3,3,0,draft_miss,False,False,False,True,False,"[""Gastrointestinal Stromal Tumor (GIST)"", ""Leiomyoma""]","[""Gastrointestinal Stromal Tumor (GIST)"", ""Leiomyoma""]",0,rag_miss,False,False,4,12,na,,,,,,,,
mcr,mcr_v2,189,cherubism,,,ok,1,True,True,True,41,5,Cherubism,ok,1,True,True,True,16,5,Cherubism,1,supervisor_ok,True,True,0,3,3,1,diagnose_ok,True,False,True,True,True,"[""Cherubism"", ""Fibrous Dysplasia""]","[""Cherubism"", ""Fibrous Dysplasia""]",1,gen_ok,False,True,4,12,na,,,,,,,,
mcr,mcr_v2,190,Primary signet-ring cell carcinoma of the bladder,all_miss_but_recalled,,s3_hit_s4_miss,0,True,True,False,49,5,Primary bladder adenocarcinoma,s2_miss,0,False,False,False,16,5,Primary bladder adenocarcinoma,0,agents_hit_supervisor_drop,True,False,0,3,3,0,draft_miss,False,False,False,True,False,"[""Primary adenocarcinoma of the bladder"", ""Secondary adenocarcinoma of the bladder""]","[""Primary adenocarcinoma of the bladder"", ""Secondary adenocarcinoma of the bladder""]",0,rag_hit_gen_miss,True,False,4,12,na,,,,,,,,
mcr,mcr_v2,192,Neurosyphilis,all_miss_but_recalled,,s2_hit_s3_drop,0,True,False,False,47,5,Ischemic stroke,s2_miss,0,False,False,False,17,5,Lateral Medullary Syndrome,0,agents_miss,False,False,,3,3,0,draft_miss,False,False,False,True,False,"[""Ischemic Stroke"", ""Cavernoma-related Stroke""]","[""Ischemic Stroke"", ""Cavernoma-related Stroke""]",0,rag_miss,False,False,4,12,na,,,,,,,,
mcr,mcr_v2,194,Mycosis fungoides,,,ok,1,True,True,True,44,5,Mycosis fungoides,ok,1,True,True,True,16,5,Mycosis fungoides,1,supervisor_ok,True,True,0,3,3,1,diagnose_ok,True,False,True,True,True,"[""Mycosis Fungoides"", ""Cutaneous T-cell Lymphoma""]","[""Mycosis Fungoides"", ""Cutaneous T-cell Lymphoma""]",1,gen_ok,False,True,4,12,na,,,,,,,,
mcr,mcr_v2,196,vertebral hemangioma,all_miss_but_recalled,,s2_hit_s3_drop,0,True,False,False,46,5,Chordoma,s2_miss,0,False,False,False,19,5,Chordoma,0,agents_hit_supervisor_drop,True,False,0,3,3,0,draft_miss,False,False,False,True,False,"[""Spinal tumor"", ""Metastatic spinal disease""]","[""Spinal tumor"", ""Metastatic spinal disease""]",0,rag_miss,False,False,4,12,na,,,,,,,,
mcr,mcr_v2,197,Pseudoseptic arthritis,base_win_rank,,s3_hit_s4_miss,0,True,True,False,50,5,Viscosupplementation-related inflammatory reaction,s3_hit_s4_miss,0,True,True,False,16,5,Viscosupplementation-related inflammatory reaction,1,supervisor_ok,True,True,0,3,3,0,diagnose_hit_judge_miss,True,False,True,True,True,"[""Aseptic inflammatory reaction to Synvisc injections"", ""Septic arthritis""]","[""Aseptic inflammatory reaction to Synvisc injections"", ""Septic arthritis""]",0,gen_hit_judge_miss,True,True,4,12,na,,,,,,,,
mcr,mcr_v2,198,Rosette-forming glioneuronal tumor,all_miss_but_recalled,,s2_hit_s3_drop,0,True,False,False,48,5,Ependymoma,s2_miss,0,False,False,False,18,5,Ependymoma,0,agents_miss,False,False,,3,3,0,draft_miss,False,False,False,True,False,"[""Ependymoma"", ""Medulloblastoma""]","[""Ependymoma"", ""Medulloblastoma""]",0,rag_miss,False,False,4,12,na,,,,,,,,
mcr,mcr_v2,199,bismuth encephalopathy,,,s2_miss,0,False,False,False,49,5,Creutzfeldt-Jakob disease,s2_miss,0,False,False,False,19,5,Creutzfeldt-Jakob disease,0,agents_hit_supervisor_drop,True,False,0,3,3,0,draft_miss,False,False,False,True,False,"[""Autoimmune Encephalitis"", ""Anti-NMDA Receptor Encephalitis""]","[""Autoimmune Encephalitis"", ""Anti-NMDA Receptor Encephalitis""]",0,rag_hit_gen_miss,True,False,4,12,na,,,,,,,,
mcr,mcr_v2,200,Angiomyofibroblastoma,all_miss_but_recalled,,s2_hit_s3_drop,0,True,False,False,48,5,Canal of Nuck hernia,s2_miss,0,False,False,False,17,5,Canal of Nuck hernia,0,agents_miss,False,False,,3,3,0,draft_miss,False,False,False,True,False,"[""Canal of Nuck hernia"", ""Lipoma or soft tissue tumor""]","[""Canal of Nuck hernia"", ""Lipoma or soft tissue tumor""]",0,rag_miss,False,False,4,12,na,,,,,,,,
mcr,mcr_v2,201,NeuromyelitisOptica,,,s2_miss,1,False,False,False,45,5,Neuromyelitis optica spectrum disorder,s2_miss,1,False,False,False,15,5,Neuromyelitis optica spectrum disorder,1,supervisor_miss_but_scored_ok,False,False,,3,3,1,diagnose_miss_but_scored_ok,False,False,False,True,False,"[""Neuromyelitis optica spectrum disorder (NMOSD)"", ""Multiple sclerosis (MS)""]","[""Neuromyelitis optica spectrum disorder (NMOSD)"", ""Multiple sclerosis (MS)""]",1,rag_miss,False,False,4,12,na,,,,,,,,
mcr,mcr_v2,202,Mantle cell lymphoma,,,s2_miss,0,False,False,False,54,5,Torus Palatinus,s2_miss,0,False,False,False,18,5,Torus Palatinus,0,agents_miss,False,False,,3,3,0,draft_miss,False,False,False,True,False,"[""Adenoid Cystic Carcinoma (AdCC)"", ""Lipoma""]","[""Adenoid Cystic Carcinoma (AdCC)"", ""Lipoma""]",0,rag_miss,False,False,4,12,na,,,,,,,,
mcr,mcr_v2,203,Epitheloid leiomyoma,,,s2_miss,0,False,False,False,47,5,Vulvar fibroma,s2_miss,0,False,False,False,15,5,Vulvar leiomyoma,0,agents_hit_supervisor_drop,True,False,0,3,3,0,draft_miss,False,False,False,True,False,"[""Vulvar malignancy"", ""Benign vulvar tumor""]","[""Vulvar malignancy"", ""Benign vulvar tumor""]",0,rag_miss,False,False,4,12,na,,,,,,,,
mcr,mcr_v2,204,genital tuberculosis,,,s2_miss,0,False,False,False,49,5,Tubo-ovarian abscess,s2_miss,0,False,False,False,17,5,Tubo-ovarian abscess,0,agents_miss,False,False,,3,3,0,draft_miss,False,False,False,True,False,"[""Tubo-ovarian abscess"", ""Ruptured ovarian cyst""]","[""Tubo-ovarian abscess"", ""Ruptured ovarian cyst""]",0,rag_miss,False,False,4,12,na,,,,,,,,
mcr,mcr_v2,205,Cysticercosis,base_win_recall,,s2_miss,0,False,False,False,52,5,Lipoid proteinosis,s2_miss,0,False,False,False,19,5,Multiple lipomas,1,supervisor_ok,True,True,0,3,3,1,diagnose_ok,True,False,True,True,True,"[""Cysticercosis"", ""Lipoma""]","[""Cysticercosis"", ""Lipoma""]",0,rag_miss,False,False,4,12,na,,,,,,,,
mcr,mcr_v2,206,sparganosis,,,s2_miss,0,False,False,False,53,5,Fibroadenoma,s2_miss,0,False,False,False,18,5,Fibroadenoma,0,agents_miss,False,False,,3,3,0,draft_miss,False,False,False,True,False,"[""Breast Cancer"", ""Benign Breast Lesion""]","[""Breast Cancer"", ""Benign Breast Lesion""]",0,rag_miss,False,False,4,12,na,,,,,,,,
mcr,mcr_v2,207,renal cell carcinoma,,,s2_miss,0,False,False,False,53,5,Chronic inflammatory demyelinating polyneuropathy,s2_miss,0,False,False,False,18,5,Chronic inflammatory demyelinating polyneuropathy,0,agents_miss,False,False,,3,3,0,draft_miss,False,False,False,True,False,"[""Chronic Inflammatory Demyelinating Polyneuropathy (CIDP)"", ""Multifocal Acquired Demyelinating Sensory and Motor Polyneuropathy (MADSAM)""]","[""Chronic Inflammatory Demyelinating Polyneuropathy (CIDP)"", ""Multifocal Acquired Demyelinating Sensory and Motor Polyneuropathy (MADSAM)""]",0,rag_miss,False,False,4,12,na,,,,,,,,
mcr,mcr_v2,208,Takotsubo syndrome,,,s2_miss,1,False,False,False,52,5,Takotsubo cardiomyopathy,s2_miss,1,False,False,False,19,5,Takotsubo cardiomyopathy,1,supervisor_ok,True,True,0,3,3,1,diagnose_ok,True,False,True,True,True,"[""Takotsubo syndrome"", ""Myocardial infarction with cardiogenic shock""]","[""Takotsubo syndrome"", ""Myocardial infarction with cardiogenic shock""]",1,gen_ok,True,True,4,12,na,,,,,,,,
mcr,mcr_v2,209,melanoma,all_miss_but_recalled,,s2_hit_s3_drop,0,True,False,False,46,5,Ewing sarcoma,s3_hit_s4_miss,0,True,True,False,15,5,Ewing sarcoma,0,supervisor_hit_judge_miss,True,True,0,3,3,0,draft_miss,False,False,False,True,False,"[""Ewing Sarcoma/Primitive Neuroectodermal Tumor (PNET)"", ""Desmoplastic Small Round Cell Tumor (DSRCT)""]","[""Ewing Sarcoma/Primitive Neuroectodermal Tumor (PNET)"", ""Desmoplastic Small Round Cell Tumor (DSRCT)""]",0,rag_miss,False,False,4,12,na,,,,,,,,
mcr,mcr_v2,210,Periapical actinomycosis,,,s2_miss,0,False,False,False,43,5,Odontogenic keratocyst,s2_miss,0,False,False,False,16,5,Odontogenic keratocyst,0,agents_hit_supervisor_drop,True,False,0,3,3,0,draft_miss,False,False,False,True,False,"[""Odontogenic Keratocyst"", ""Unicystic Ameloblastoma""]","[""Odontogenic Keratocyst"", ""Unicystic Ameloblastoma""]",0,rag_miss,False,False,4,12,na,,,,,,,,
mcr,mcr_v2,211,Ewing sarcoma,base_win_rank,,s3_hit_s4_miss,0,True,True,False,49,5,Endometrial stromal sarcoma,s3_hit_s4_miss,0,True,True,False,17,5,High-grade endometrial stromal sarcoma,1,supervisor_miss_but_scored_ok,True,False,0,3,3,1,diagnose_ok,True,False,True,True,True,"[""Ewing Sarcoma/Primitive Neuroectodermal Tumor (PNET)"", ""Desmoplastic Small Round Cell Tumor (DSRCT)""]","[""Ewing Sarcoma/Primitive Neuroectodermal Tumor (PNET)"", ""Desmoplastic Small Round Cell Tumor (DSRCT)""]",0,rag_hit_gen_miss,True,False,4,12,na,,,,,,,,
mcr,mcr_v2,212,Neurofibromatosis type 2,base_win_recall,,s2_miss,0,False,False,False,49,5,Neurofibromatosis type 1,s2_miss,0,False,False,False,18,5,Neurofibromatosis type 1,1,supervisor_ok,True,True,0,3,3,0,diagnose_hit_judge_miss,True,False,True,True,True,"[""Neurofibromatosis Type 2"", ""Neurofibromatosis Type 1""]","[""Neurofibromatosis Type 2"", ""Neurofibromatosis Type 1""]",0,rag_hit_gen_miss,True,False,4,12,na,,,,,,,,
mcr,mcr_v2,213,morbilliform drug eruption,,,s2_miss,0,False,False,False,47,5,Lichenoid drug eruption,s2_miss,0,False,False,False,19,5,Lichenoid drug eruption,1,supervisor_miss_but_scored_ok,True,False,2,3,3,0,draft_miss,False,False,False,True,False,"[""Drug Reaction with Eosinophilia and Systemic Symptoms (DRESS)"", ""Stevens-Johnson Syndrome (SJS)/Toxic Epidermal Necrolysis (TEN)""]","[""Drug Reaction with Eosinophilia and Systemic Symptoms (DRESS)"", ""Stevens-Johnson Syndrome (SJS)/Toxic Epidermal Necrolysis (TEN)""]",0,rag_hit_gen_miss,True,False,4,12,na,,,,,,,,
mcr,mcr_v2,214,Urticarial vasculitis,all_miss_but_recalled,,s3_hit_s4_miss,0,True,True,False,48,5,Erythema annulare centrifugum,s3_hit_s4_miss,0,True,True,False,21,5,Erythema annulare centrifugum,0,agents_miss,False,False,,3,3,0,draft_miss,False,False,False,True,False,"[""Pigmented Purpuric Eruption"", ""Erythema Multiforme""]","[""Pigmented Purpuric Eruption"", ""Erythema Multiforme""]",0,gen_hit_judge_miss,False,True,4,12,na,,,,,,,,
mcr,mcr_v2,215,ClearCellSarcoma,,,s2_miss,0,False,False,False,52,5,Dermatofibrosarcoma protuberans,s2_miss,0,False,False,False,13,5,Dermatofibrosarcoma protuberans,0,agents_miss,False,False,,3,3,0,draft_miss,False,False,False,True,False,"[""Spindle Cell Melanoma"", ""Dermal Sarcoma""]","[""Spindle Cell Melanoma"", ""Dermal Sarcoma""]",1,rag_miss,False,False,4,12,na,,,,,,,,
mcr,mcr_v2,217,Herpes simplex virus reactivation,,,s2_miss,0,False,False,False,50,5,Chronic Migraine,s2_miss,0,False,False,False,19,5,Hemicrania Continua,0,agents_miss,False,False,,3,3,0,draft_miss,False,False,False,True,False,"[""Migraine with Aura"", ""Cluster Headache""]","[""Migraine with Aura"", ""Cluster Headache""]",0,rag_miss,False,False,4,12,na,,,,,,,,
mcr,mcr_v2,218,Erdheim-Chester disease,,,ok,1,True,True,True,50,5,Erdheim-Chester disease,s2_miss,1,False,True,True,16,5,Erdheim-Chester disease,1,supervisor_ok,True,True,0,3,3,1,diagnose_ok,True,False,True,True,True,"[""Erdheim-Chester disease"", ""Paget disease""]","[""Erdheim-Chester disease"", ""Paget disease""]",1,gen_ok,False,True,4,12,na,,,,,,,,
mcr,mcr_v2,220,Kawasaki disease,,,ok,1,True,True,True,55,5,Kawasaki disease,ok,1,True,True,True,20,5,Kawasaki disease,1,supervisor_ok,True,True,0,3,3,1,diagnose_ok,True,False,True,True,True,"[""Kawasaki disease"", ""Multisystem inflammatory syndrome in children (MIS-C)""]","[""Kawasaki disease"", ""Multisystem inflammatory syndrome in children (MIS-C)""]",1,gen_ok,True,True,4,12,na,,,,,,,,
mcr,mcr_v2,221,giant cell-rich osteosarcoma,,,s2_miss,0,False,False,False,50,5,Non-Hodgkin lymphoma,s2_miss,0,False,False,False,17,5,Non-Hodgkin lymphoma,0,agents_miss,False,False,,3,3,0,draft_miss,False,False,False,True,False,"[""Lymphoma"", ""Germ Cell Tumor""]","[""Lymphoma"", ""Germ Cell Tumor""]",0,rag_miss,False,False,4,12,na,,,,,,,,
mcr,mcr_v2,222,fibromatosis-like metaplastic carcinoma,,,s2_miss,0,False,False,False,51,5,Invasive ductal carcinoma,s3_hit_s4_miss,0,True,True,False,19,5,Invasive ductal carcinoma,0,agents_miss,False,False,,3,3,0,draft_miss,False,False,False,True,False,"[""Breast Cancer"", ""Fat Necrosis of the Breast""]","[""Breast Cancer"", ""Fat Necrosis of the Breast""]",0,rag_miss,False,False,4,12,na,,,,,,,,
mcr,mcr_v2,223,COVID-19-related coagulopathy,,,s2_miss,0,False,False,False,51,5,Severe Acute Respiratory Syndrome Coronavirus 2 (SARS-CoV-2) infection,s2_miss,0,False,False,False,17,5,Severe Acute Respiratory Syndrome Coronavirus 2 (SARS-CoV-2) infection,0,agents_hit_supervisor_drop,True,False,0,3,3,0,draft_miss,False,False,False,True,False,"[""Severe COVID-19 with acute respiratory distress syndrome (ARDS)"", ""COVID-19-associated coagulopathy with renal failure""]","[""Severe COVID-19 with acute respiratory distress syndrome (ARDS)"", ""COVID-19-associated coagulopathy with renal failure""]",0,rag_hit_gen_miss,True,False,4,12,na,,,,,,,,
mcr,mcr_v2,224,mucosal melanoma,,,ok,1,True,True,True,47,5,Mucosal melanoma of the lip,s2_miss,0,False,False,False,20,5,Malignant Melanoma,0,supervisor_hit_judge_miss,True,True,0,3,3,1,diagnose_miss_but_scored_ok,False,False,False,True,False,"[""Oral Melanoma"", ""Labial Melanotic Macule""]","[""Oral Melanoma"", ""Labial Melanotic Macule""]",1,rag_miss,False,False,4,12,na,,,,,,,,
mcr,mcr_v2,226,Glomus tumor,all_miss_but_recalled,,s2_hit_s3_drop,0,True,False,False,42,5,Tracheal carcinoid tumor,s2_hit_s3_drop,0,True,False,False,18,5,Tracheal carcinoid tumor,0,agents_hit_supervisor_drop,True,False,0,3,3,0,draft_miss,False,False,False,True,False,"[""Adenoid Cystic Carcinoma"", ""Recurrent Carcinoid Tumor""]","[""Adenoid Cystic Carcinoma"", ""Recurrent Carcinoid Tumor""]",0,rag_hit_gen_miss,True,False,4,12,na,,,,,,,,
mcr,mcr_v2,227,pulmonary embolism,base_win_rank,,s3_hit_s4_miss,0,True,True,False,48,5,Myocardial infarction with normal coronary arteries,s3_hit_s4_miss,0,True,True,False,16,5,Takotsubo cardiomyopathy,1,supervisor_ok,True,True,0,3,3,0,draft_miss,False,False,False,True,False,"[""Acute Cor Pulmonale"", ""Myopericarditis""]","[""Acute Cor Pulmonale"", ""Myopericarditis""]",0,gen_hit_judge_miss,True,True,4,12,na,,,,,,,,
mcr,mcr_v2,229,Idiopathic retroperitoneal fibrosis,,,ok,1,True,True,True,46,5,Retroperitoneal fibrosis,ok,1,True,True,True,19,5,Retroperitoneal fibrosis,1,supervisor_ok,True,True,0,3,3,1,diagnose_ok,True,False,True,True,True,"[""Retroperitoneal fibrosis"", ""Malignant retroperitoneal tumor""]","[""Retroperitoneal fibrosis"", ""Malignant retroperitoneal tumor""]",1,gen_ok,True,True,4,12,na,,,,,,,,
mcr,mcr_v2,230,Mucormycosis,all_miss_but_recalled,,s2_miss,0,False,False,False,62,5,Acute Lymphoblastic Leukemia,s3_hit_s4_miss,0,True,True,False,22,5,Acute Lymphoblastic Leukemia,0,agents_miss,False,False,,3,3,0,diagnose_hit_judge_miss,True,False,True,True,True,"[""Invasive Aspergillosis"", ""Mucormycosis""]","[""Invasive Aspergillosis"", ""Mucormycosis""]",0,rag_miss,False,False,4,12,na,,,,,,,,
mcr,mcr_v2,231,urachal cyst,,,s2_miss,0,False,False,False,52,5,Intussusception,s2_miss,0,False,False,False,19,5,Intussusception,0,agents_miss,False,False,,3,3,0,draft_miss,False,False,False,True,False,"[""Intussusception"", ""Mesenteric cyst""]","[""Intussusception"", ""Mesenteric cyst""]",0,rag_miss,False,False,4,12,na,,,,,,,,
mcr,mcr_v2,232,eccrine chromhidrosis,,,s2_miss,0,False,False,False,52,5,Cholestasis,s2_miss,0,False,False,False,17,5,Porphyria cutanea tarda,0,agents_miss,False,False,,3,3,0,draft_miss,False,False,False,True,False,"[""Primary Biliary Cirrhosis"", ""Pigmented Purpuric Eruptions""]","[""Primary Biliary Cirrhosis"", ""Pigmented Purpuric Eruptions""]",0,rag_miss,False,False,4,12,na,,,,,,,,
mcr,mcr_v2,233,double-outlet right ventricle,,,s2_miss,1,False,False,False,42,5,Double Outlet Right Ventricle,s2_miss,1,False,False,False,15,5,Double Outlet Right Ventricle,1,supervisor_miss_but_scored_ok,True,False,0,3,3,0,draft_miss,False,False,False,True,False,"[""Hypoplastic Left Heart Syndrome (HLHS)"", ""Tricuspid Atresia with Complex Congenital Heart Defects""]","[""Hypoplastic Left Heart Syndrome (HLHS)"", ""Tricuspid Atresia with Complex Congenital Heart Defects""]",0,rag_miss,False,False,4,12,na,,,,,,,,
mcr,mcr_v2,234,SpindleCellHemangioma,,,s2_miss,0,False,False,False,48,5,Hemangioma of the bone,s2_miss,0,False,False,False,19,5,Hemangioma of the bone,0,agents_miss,False,False,,3,3,0,draft_miss,False,False,False,True,False,"[""Aneurysmal Bone Cyst (ABC)"", ""Giant Cell Tumor""]","[""Aneurysmal Bone Cyst (ABC)"", ""Giant Cell Tumor""]",0,rag_miss,False,False,4,12,na,,,,,,,,
mcr,mcr_v2,235,Nonketotic hyperglycemia hemichorea,,,s2_miss,0,False,False,False,48,5,Diabetic striatal disease,s2_miss,0,False,False,False,20,5,Diabetic Striatopathy,1,supervisor_miss_but_scored_ok,True,False,0,3,3,0,draft_miss,False,False,False,True,False,"[""Diabetic Chorea"", ""Hemichorea-Hemiballismus""]","[""Diabetic Chorea"", ""Hemichorea-Hemiballismus""]",1,rag_miss,False,False,4,12,na,,,,,,,,
mcr,mcr_v2,236,Eosinophilic mastitis,,,ok,1,True,True,True,46,5,Eosinophilic mastitis,ok,1,True,True,True,17,5,Eosinophilic mastitis,1,supervisor_ok,True,True,0,3,3,1,diagnose_ok,True,False,True,True,True,"[""Eosinophilic Mastitis"", ""Idiopathic Granulomatous Mastitis""]","[""Eosinophilic Mastitis"", ""Idiopathic Granulomatous Mastitis""]",0,gen_hit_judge_miss,True,True,4,12,na,,,,,,,,
mcr,mcr_v2,237,Peripheral odontoma,all_miss_but_recalled,,s3_hit_s4_miss,0,True,True,False,43,5,Maxillary exostosis,s2_miss,0,False,False,False,16,5,Maxillary exostosis,0,supervisor_hit_judge_miss,True,True,0,3,3,0,draft_miss,False,False,False,True,False,"[""Maxillary Exostosis"", ""Dens Evaginatus""]","[""Maxillary Exostosis"", ""Dens Evaginatus""]",0,rag_miss,False,False,4,12,na,,,,,,,,
mcr,mcr_v2,240,IgG4-related disease,,,s2_miss,0,False,False,False,50,5,Lymphoma,s2_miss,0,False,False,False,16,5,Lymphoma,0,agents_miss,False,False,,3,3,0,draft_miss,False,False,False,True,False,"[""Myositis with lymphoid hyperplasia"", ""Malignancy of the left maxilla""]","[""Myositis with lymphoid hyperplasia"", ""Malignancy of the left maxilla""]",0,rag_miss,False,False,4,12,na,,,,,,,,
mcr,mcr_v2,241,Perianal mucinous adenocarcinoma,,,ok,1,True,True,True,43,5,Mucinous adenocarcinoma,s2_miss,1,False,False,False,18,5,Mucinous adenocarcinoma of the anus,1,supervisor_ok,True,True,0,3,3,1,diagnose_miss_but_scored_ok,False,False,False,True,False,"[""Mucinous Adenocarcinoma of the Anus"", ""Anorectal Cancer with Lymph Node Involvement""]","[""Mucinous Adenocarcinoma of the Anus"", ""Anorectal Cancer with Lymph Node Involvement""]",1,rag_hit_gen_miss,True,False,4,12,na,,,,,,,,
mcr,mcr_v2,242,Intraventricular hemorrhage,,,s2_miss,0,False,False,False,48,5,Congenital Cytomegalovirus Infection,s2_miss,0,False,False,False,18,5,Congenital Cytomegalovirus Infection,0,agents_miss,False,False,,3,3,0,draft_miss,False,False,False,True,False,"[""Congenital Fetal Ventriculomegaly"", ""Obstructive Hydrocephalus""]","[""Congenital Fetal Ventriculomegaly"", ""Obstructive Hydrocephalus""]",0,rag_miss,False,False,4,12,na,,,,,,,,
mcr,mcr_v2,243,spermatocytic seminoma,all_miss_but_recalled,,s3_hit_s4_miss,0,True,True,False,50,5,Mixed germ cell tumor,s3_hit_s4_miss,0,True,True,False,17,5,Non-seminomatous germ cell tumor,0,agents_miss,False,False,,3,3,0,draft_miss,False,False,False,True,False,"[""Mixed Germ Cell Tumor"", ""Non-Seminomatous Germ Cell Tumor""]","[""Mixed Germ Cell Tumor"", ""Non-Seminomatous Germ Cell Tumor""]",1,gen_ok,False,True,4,12,na,,,,,,,,
mcr,mcr_v2,244,Hydranencephaly,,,s2_miss,0,False,False,False,48,5,Walker-Warburg syndrome,s2_miss,0,False,False,False,17,5,Muscle-eye-brain disease,0,agents_miss,False,False,,3,3,0,draft_miss,False,False,False,True,False,"[""Cerebro-Oculo-Facio-Skeletal (COFS) Syndrome"", ""Primary Microcephaly-10 (MCPH10)""]","[""Cerebro-Oculo-Facio-Skeletal (COFS) Syndrome"", ""Primary Microcephaly-10 (MCPH10)""]",0,rag_miss,False,False,4,12,na,,,,,,,,
mcr,mcr_v2,245,ovarian cyst adenofibroma,all_miss_but_recalled,,s2_miss,0,False,False,False,47,5,Mesenteric cyst,s2_miss,0,False,False,False,16,5,Mucinous cystadenoma,0,agents_hit_supervisor_drop,True,False,0,3,3,0,diagnose_hit_judge_miss,True,False,True,True,True,"[""Mesenteric Cyst"", ""Ovarian Cyst""]","[""Mesenteric Cyst"", ""Ovarian Cyst""]",0,gen_hit_judge_miss,False,True,4,12,na,,,,,,,,
mcr,mcr_v2,246,Liponeurocytoma,all_miss_but_recalled,,s2_hit_s3_drop,0,True,False,False,52,5,Pilocytic astrocytoma,s2_hit_s3_drop,0,True,False,False,15,5,Pilocytic astrocytoma,0,agents_miss,False,False,,3,3,0,draft_miss,False,False,False,True,False,"[""Hemangioblastoma"", ""Pilocytic Astrocytoma""]","[""Hemangioblastoma"", ""Pilocytic Astrocytoma""]",0,rag_miss,False,False,4,12,na,,,,,,,,
mcr,mcr_v2,247,Diffuse large B-cell lymphoma of the central nervous system,,,s2_miss,0,False,False,False,48,5,Brain Metastasis from Breast Cancer,s2_miss,0,False,False,False,16,5,Brain Metastasis from Breast Cancer,0,agents_miss,False,False,,3,3,0,draft_miss,False,False,False,True,False,"[""Brain Metastasis from Breast Cancer"", ""Primary Brain Tumor""]","[""Brain Metastasis from Breast Cancer"", ""Primary Brain Tumor""]",0,rag_miss,False,False,4,12,na,,,,,,,,
mcr,mcr_200b,249,Organizing pneumonia,base_win_recall,,s2_miss,0,False,False,False,54,5,Pneumocystis jirovecii pneumonia,s2_miss,0,False,False,False,21,5,Pneumocystis jirovecii pneumonia,0,agents_hit_supervisor_drop,True,False,0,3,3,1,diagnose_ok,True,False,True,True,True,"[""Bronchiolitis Obliterans Organizing Pneumonia (BOOP)"", ""Pneumocystis jirovecii Pneumonia (PCP)""]","[""Bronchiolitis Obliterans Organizing Pneumonia (BOOP)"", ""Pneumocystis jirovecii Pneumonia (PCP)""]",0,rag_hit_gen_miss,True,False,4,12,na,,,,,,,,
mcr,mcr_200b,250,Toxocariasis,base_win_recall,,s2_miss,0,False,False,False,51,5,Eosinophilic pericarditis,s2_miss,0,False,False,False,16,5,Eosinophilic pericarditis,1,supervisor_miss_but_scored_ok,False,False,,3,3,0,diagnose_hit_judge_miss,True,False,True,True,True,"[""Loeffler syndrome"", ""Toxocariasis""]","[""Loeffler syndrome"", ""Toxocariasis""]",0,rag_miss,False,False,4,12,na,,,,,,,,
mcr,mcr_200b,251,twin anemia polycythemia sequence,,,s2_hit_s3_drop,1,True,False,False,51,5,Twin anemia-polycythemia sequence,s2_miss,1,False,False,False,20,5,Twin anemia-polycythemia sequence,1,supervisor_miss_but_scored_ok,True,False,0,3,3,1,diagnose_miss_but_scored_ok,False,False,False,True,False,"[""Twin Anemia-Polycythemia Sequence (TAPS)"", ""Selective Intrauterine Growth Restriction (sIUGR)""]","[""Twin Anemia-Polycythemia Sequence (TAPS)"", ""Selective Intrauterine Growth Restriction (sIUGR)""]",1,rag_hit_gen_miss,True,False,4,12,na,,,,,,,,
mcr,mcr_200b,252,Visceral leishmaniasis,,,ok,1,True,True,True,57,5,Visceral Leishmaniasis,ok,1,True,True,True,18,5,Visceral Leishmaniasis,1,supervisor_ok,True,True,0,3,3,1,diagnose_ok,True,False,True,True,True,"[""Visceral Leishmaniasis"", ""Lymphoma or Histiocytosis""]","[""Visceral Leishmaniasis"", ""Lymphoma or Histiocytosis""]",1,rag_miss,False,False,4,12,na,,,,,,,,
mcr,mcr_200b,254,Intimal sarcoma of the pulmonary artery,,,s2_miss,0,False,False,False,52,5,Chronic Thromboembolic Pulmonary Hypertension,s2_miss,0,False,False,False,15,5,Chronic Thromboembolic Pulmonary Hypertension,0,agents_hit_supervisor_drop,True,False,0,3,3,0,draft_miss,False,False,False,True,False,"[""Pulmonary Embolism"", ""Pulmonary Artery Sarcoma""]","[""Pulmonary Embolism"", ""Pulmonary Artery Sarcoma""]",1,rag_hit_gen_miss,True,False,4,12,na,,,,,,,,
mcr,mcr_200b,257,collar button abscess,all_miss_but_recalled,,s3_hit_s4_miss,0,True,True,False,48,5,Pyogenic flexor tenosynovitis,s3_hit_s4_miss,0,True,True,False,18,5,Pyogenic flexor tenosynovitis,0,supervisor_hit_judge_miss,True,True,0,3,3,0,draft_miss,False,False,False,True,False,"[""Pyogenic Flexor Tenosynovitis"", ""Hand Deep Space Infection""]","[""Pyogenic Flexor Tenosynovitis"", ""Hand Deep Space Infection""]",0,rag_miss,False,False,4,12,na,,,,,,,,
mcr,mcr_200b,258,Tuberculous hemorrhagic meningoencephalitis,,,s2_miss,0,False,False,False,53,5,Miliary tuberculosis,s2_miss,0,False,False,False,19,5,Miliary tuberculosis,0,agents_hit_supervisor_drop,True,False,0,3,3,0,draft_miss,False,False,False,True,False,"[""Tuberculosis"", ""Histoplasmosis""]","[""Tuberculosis"", ""Histoplasmosis""]",0,rag_hit_gen_miss,True,False,4,12,na,,,,,,,,
mcr,mcr_200b,259,Klippel-Trenaunay syndrome,,,ok,1,True,True,True,46,5,Klippel-Trenaunay syndrome,s2_miss,0,False,False,False,14,5,Klippel-Trenaunay-Weber syndrome,1,supervisor_ok,True,True,0,3,3,1,diagnose_ok,True,False,True,True,True,"[""Klippel-Trenaunay syndrome"", ""Parkes-Weber syndrome""]","[""Klippel-Trenaunay syndrome"", ""Parkes-Weber syndrome""]",0,rag_hit_gen_miss,True,False,4,12,na,,,,,,,,
mcr,mcr_200b,260,syphilitic aortitis,e7_win_recall,,ok,1,True,True,True,51,5,Syphilitic aortitis,ok,1,True,True,True,19,5,Syphilitic aortitis,0,agents_hit_supervisor_drop,True,False,0,3,3,0,draft_miss,False,False,False,True,False,"[""Infectious Aortitis"", ""Aortic Valve Disease""]","[""Infectious Aortitis"", ""Aortic Valve Disease""]",0,rag_hit_gen_miss,True,False,4,12,na,,,,,,,,
mcr,mcr_200b,261,Granulomatous pneumonitis,,,s2_miss,0,False,False,False,49,5,Etanercept-induced interstitial lung disease,s2_miss,0,False,False,False,18,5,Etanercept-induced interstitial lung disease,0,agents_hit_supervisor_drop,True,False,0,3,3,0,draft_miss,False,False,False,True,False,"[""Etanercept-induced interstitial lung disease"", ""Interstitial lung disease associated with seronegative spondyloarthropathy""]","[""Etanercept-induced interstitial lung disease"", ""Interstitial lung disease associated with seronegative spondyloarthropathy""]",0,rag_miss,False,False,4,12,na,,,,,,,,
mcr,mcr_200b,262,Schwannoma,,,s2_miss,0,False,False,False,46,5,Mucinous Cystic Neoplasm,s2_miss,0,False,False,False,16,5,Mucinous Cystic Neoplasm,0,agents_miss,False,False,,3,3,0,draft_miss,False,False,False,True,False,"[""Mucinous Cystic Neoplasm (MCN)"", ""Intraductal Papillary Mucinous Neoplasm (IPMN)""]","[""Mucinous Cystic Neoplasm (MCN)"", ""Intraductal Papillary Mucinous Neoplasm (IPMN)""]",0,rag_miss,False,False,4,12,na,,,,,,,,
mcr,mcr_200b,263,sarcoidosis,,,ok,1,True,True,True,50,5,Sarcoidosis,ok,1,True,True,True,17,5,Sarcoidosis,1,supervisor_ok,True,True,0,3,3,0,diagnose_hit_judge_miss,True,False,True,True,True,"[""Multiple Myeloma"", ""Sarcoidosis""]","[""Multiple Myeloma"", ""Sarcoidosis""]",1,gen_ok,False,True,4,12,na,,,,,,,,
mcr,mcr_200b,264,Benign cystic mesothelioma,,,s2_miss,0,False,False,False,49,5,Ovarian serous cystadenocarcinoma,s2_miss,0,False,False,False,19,5,Ovarian serous cystadenocarcinoma,0,agents_miss,False,False,,3,3,0,draft_miss,False,False,False,True,False,"[""Ovarian Cancer"", ""Benign Ovarian Cyst""]","[""Ovarian Cancer"", ""Benign Ovarian Cyst""]",0,rag_miss,False,False,4,12,na,,,,,,,,
mcr,mcr_200b,265,Intestinal T-cell lymphoma not otherwise specified,base_win_recall,,s2_miss,0,False,False,False,49,5,Crohn's disease,s2_miss,0,False,False,False,19,5,Crohn's disease,1,supervisor_ok,True,True,0,3,3,1,diagnose_ok,True,False,True,True,True,"[""Lymphoma"", ""Inflammatory Bowel Disease (IBD)""]","[""Lymphoma"", ""Inflammatory Bowel Disease (IBD)""]",0,gen_hit_judge_miss,False,True,4,12,na,,,,,,,,
mcr,mcr_200b,266,Aortic Dissection,all_miss_but_recalled,,s2_hit_s3_drop,0,True,False,False,51,5,Hypertensive Emergency,s2_hit_s3_drop,0,True,False,False,16,5,Hypertensive Emergency,0,agents_miss,False,False,,3,3,0,draft_miss,False,False,False,True,False,"[""Hypertensive Emergency"", ""Pericarditis""]","[""Hypertensive Emergency"", ""Pericarditis""]",0,rag_miss,False,False,4,12,na,,,,,,,,
mcr,mcr_200b,267,T-cell lymphoma,all_miss_but_recalled,,s3_hit_s4_miss,0,True,True,False,48,5,Abscess,s3_hit_s4_miss,0,True,True,False,19,5,Abscess,0,agents_miss,False,False,,3,3,0,draft_miss,False,False,False,True,False,"[""Soft tissue mass (e.g., abscess or tumor) causing external compression of the trachea"", ""Infectious or inflammatory process (e.g., cellulitis or abscess) in the cervical region""]","[""Soft tissue mass (e.g., abscess or tumor) causing external compression of the trachea"", ""Infectious or inflammatory process (e.g., cellulitis or abscess) in the cervical region""]",0,rag_miss,False,False,4,12,na,,,,,,,,
mcr,mcr_200b,268,pustular psoriasis,all_miss_but_recalled,,s2_hit_s3_drop,0,True,False,False,49,5,Acute Generalized Exanthematous Pustulosis,s2_hit_s3_drop,0,True,False,False,16,5,Acute Generalized Exanthematous Pustulosis,0,agents_hit_supervisor_drop,True,False,0,3,3,0,draft_miss,False,False,False,True,False,"[""Drug Reaction with Eosinophilia and Systemic Symptoms (DRESS) syndrome"", ""Acute Generalized Exanthematous Pustulosis (AGEP)""]","[""Drug Reaction with Eosinophilia and Systemic Symptoms (DRESS) syndrome"", ""Acute Generalized Exanthematous Pustulosis (AGEP)""]",0,rag_miss,False,False,4,12,na,,,,,,,,
mcr,mcr_200b,269,Osteoid osteoma,all_miss_but_recalled,,s2_hit_s3_drop,0,True,False,False,51,5,Chronic osteomyelitis,s2_miss,0,False,False,False,20,5,Chronic osteomyelitis,0,agents_miss,False,False,,3,3,0,draft_miss,False,False,False,True,False,"[""Chronic Osteomyelitis"", ""Bone Tumor (such as Osteoid Osteoma or Osteoblastoma)""]","[""Chronic Osteomyelitis"", ""Bone Tumor (such as Osteoid Osteoma or Osteoblastoma)""]",0,rag_miss,False,False,4,12,na,,,,,,,,
mcr,mcr_200b,270,epidermal inclusion cyst,,,s2_miss,0,False,False,False,53,5,Tarlov cyst,s2_miss,0,False,False,False,19,5,Tarlov cyst,0,agents_miss,False,False,,3,3,0,draft_miss,False,False,False,True,False,"[""Tarlov cyst"", ""Perineural cyst""]","[""Tarlov cyst"", ""Perineural cyst""]",0,rag_miss,False,False,4,12,na,,,,,,,,
mcr,mcr_200b,271,solid persistent facial edema,,,s2_miss,0,False,False,False,44,5,Angiolymphoid Hyperplasia with Eosinophilia,s2_miss,0,False,False,False,16,5,Angiolymphoid hyperplasia with eosinophilia,0,agents_hit_supervisor_drop,True,False,0,3,3,0,draft_miss,False,False,False,True,False,"[""Lymphatic Malformation"", ""Vascular Anomaly""]","[""Lymphatic Malformation"", ""Vascular Anomaly""]",0,rag_hit_gen_miss,True,False,4,12,na,,,,,,,,
mcr,mcr_200b,272,sclerosing hemangioma,all_miss_but_recalled,,s3_hit_s4_miss,0,True,True,False,46,5,Hepatocellular carcinoma,s4_hit_judge_miss,0,True,True,True,17,5,Hemangioma,0,agents_hit_supervisor_drop,True,False,0,3,3,0,diagnose_hit_judge_miss,True,False,True,True,True,"[""Hepatocellular Adenoma"", ""Hemangioma""]","[""Hepatocellular Adenoma"", ""Hemangioma""]",0,rag_miss,False,False,4,12,na,,,,,,,,
mcr,mcr_200b,274,tricuspid valve aneurysm,,,s2_miss,0,False,False,False,42,5,Papillary fibroelastoma,s2_miss,0,False,False,False,15,5,Papillary fibroelastoma,0,agents_hit_supervisor_drop,True,False,0,3,3,0,draft_miss,False,False,False,True,False,"[""Papillary fibroelastoma"", ""Tricuspid valve vegetation""]","[""Papillary fibroelastoma"", ""Tricuspid valve vegetation""]",0,rag_hit_gen_miss,True,False,4,12,na,,,,,,,,
mcr,mcr_200b,275,Ischemic colitis,all_miss_but_recalled,,s3_hit_s4_miss,0,True,True,False,47,5,Crohn's Disease,s3_hit_s4_miss,0,True,True,False,19,5,Infectious Colitis,0,agents_hit_supervisor_drop,True,False,0,3,3,0,draft_miss,False,False,False,True,False,"[""Microscopic Colitis"", ""Segmental Colitis""]","[""Microscopic Colitis"", ""Segmental Colitis""]",0,rag_hit_gen_miss,True,False,4,12,na,,,,,,,,
mcr,mcr_200b,276,Inflammatory cap polyp,,,s2_miss,0,False,False,False,46,5,Intussusception of the colon,s2_miss,0,False,False,False,18,5,Intussusception of the colon,0,agents_hit_supervisor_drop,True,False,0,3,3,0,draft_miss,False,False,False,True,False,"[""Colorectal cancer with intussusception"", ""Colonic lipoma with intussusception""]","[""Colorectal cancer with intussusception"", ""Colonic lipoma with intussusception""]",0,rag_miss,False,False,4,12,na,,,,,,,,
mcr,mcr_200b,277,Wilms tumor,all_miss_but_recalled,,s3_hit_s4_miss,0,True,True,False,44,5,Renal cell carcinoma,s2_hit_s3_drop,0,True,False,False,15,5,Renal cell carcinoma,0,agents_miss,False,False,,3,3,0,draft_miss,False,False,False,True,False,"[""Renal Cell Carcinoma"", ""Oncocytoma""]","[""Renal Cell Carcinoma"", ""Oncocytoma""]",0,gen_hit_judge_miss,True,True,4,12,na,,,,,,,,
mcr,mcr_200b,278,Refeeding syndrome,,,ok,1,True,True,True,45,5,Refeeding syndrome,ok,1,True,True,True,18,5,Refeeding syndrome,1,supervisor_ok,True,True,0,3,3,1,diagnose_ok,True,False,True,True,True,"[""Refeeding Syndrome"", ""Hypophosphatemia""]","[""Refeeding Syndrome"", ""Hypophosphatemia""]",1,gen_ok,True,True,4,12,na,,,,,,,,
mcr,mcr_200b,279,Leiomyosarcoma,,,s2_miss,0,False,False,False,44,5,Bartholin's gland cyst,s2_miss,0,False,False,False,16,5,Bartholin's gland cyst,0,agents_miss,False,False,,3,3,0,draft_miss,False,False,False,True,False,"[""Bartholin's gland cyst"", ""Bartholin's gland carcinoma""]","[""Bartholin's gland cyst"", ""Bartholin's gland carcinoma""]",0,rag_miss,False,False,4,12,na,,,,,,,,
mcr,mcr_200b,280,Invasive papillary carcinoma,all_miss_but_recalled,,s3_hit_s4_miss,0,True,True,False,47,5,Inflammatory breast cancer,s3_hit_s4_miss,0,True,True,False,21,5,Inflammatory breast cancer,0,supervisor_hit_judge_miss,True,True,0,3,3,0,draft_miss,False,False,False,True,False,"[""Papillary Carcinoma of the Breast"", ""Invasive Ductal Carcinoma of the Breast""]","[""Papillary Carcinoma of the Breast"", ""Invasive Ductal Carcinoma of the Breast""]",0,rag_hit_gen_miss,True,False,4,12,na,,,,,,,,
mcr,mcr_200b,283,dermoid cyst,,,ok,1,True,True,True,48,5,Dermoid cyst,ok,1,True,True,True,18,5,Dermoid cyst,1,supervisor_ok,True,True,0,3,3,1,diagnose_ok,True,False,True,True,True,"[""Dermoid cyst"", ""Epidermoid cyst""]","[""Dermoid cyst"", ""Epidermoid cyst""]",1,gen_ok,False,True,4,12,na,,,,,,,,
mcr,mcr_200b,284,hibernoma,all_miss_but_recalled,,s2_hit_s3_drop,0,True,False,False,42,5,Lipoma,s2_miss,0,False,False,False,17,5,Gastric lipoma,0,agents_miss,False,False,,3,3,0,draft_miss,False,False,False,True,False,"[""Gastric Lipoma"", ""Gastric Adenocarcinoma""]","[""Gastric Lipoma"", ""Gastric Adenocarcinoma""]",0,rag_miss,False,False,4,12,na,,,,,,,,
mcr,mcr_200b,285,Pycnodysostosis,,,ok,1,True,True,True,45,5,Pycnodysostosis,ok,1,True,True,True,16,5,Pycnodysostosis,1,supervisor_ok,True,True,0,3,3,1,diagnose_miss_but_scored_ok,False,False,False,True,False,"[""Pyknodysostosis"", ""Skeletal dysplasia""]","[""Pyknodysostosis"", ""Skeletal dysplasia""]",1,rag_miss,False,False,4,12,na,,,,,,,,
mcr,mcr_200b,287,Autoimmune hepatitis,all_miss_but_recalled,,s3_hit_s4_miss,0,True,True,False,51,5,Idiopathic acute liver failure,s3_hit_s4_miss,0,True,True,False,16,5,Fulminant hepatic failure,0,supervisor_hit_judge_miss,True,True,0,3,3,0,draft_miss,False,False,False,True,False,"[""Acute Liver Failure"", ""Hepatitis E Virus (HEV) Infection""]","[""Acute Liver Failure"", ""Hepatitis E Virus (HEV) Infection""]",0,rag_hit_gen_miss,True,False,4,12,na,,,,,,,,
mcr,mcr_200b,288,cystic lymphangioma,,,s2_miss,0,False,False,False,50,5,Mucinous cystic neoplasm,s2_miss,0,False,False,False,17,5,Mucinous cystic neoplasm,0,agents_hit_supervisor_drop,True,False,0,3,3,0,draft_miss,False,False,False,True,False,"[""Serous Cystadenoma of the Pancreas"", ""Mucinous Cystic Neoplasm of the Pancreas""]","[""Serous Cystadenoma of the Pancreas"", ""Mucinous Cystic Neoplasm of the Pancreas""]",0,rag_hit_gen_miss,True,False,4,12,na,,,,,,,,
mcr,mcr_200b,289,Takayasu arteritis,,,ok,1,True,True,True,50,5,Takayasu arteritis,ok,1,True,True,True,18,5,Takayasu arteritis,1,supervisor_ok,True,True,0,3,3,1,diagnose_ok,True,False,True,True,True,"[""Takayasu arteritis"", ""Giant cell arteritis""]","[""Takayasu arteritis"", ""Giant cell arteritis""]",1,gen_ok,True,True,4,12,na,,,,,,,,
mcr,mcr_200b,290,functional neurological disorder,,,s2_miss,0,False,False,False,52,5,Multiple System Atrophy,s2_miss,0,False,False,False,19,5,Multiple System Atrophy,0,agents_hit_supervisor_drop,True,False,0,3,3,0,draft_miss,False,False,False,True,False,"[""Vertebrobasilar Insufficiency"", ""Peripheral Vestibular Disorder""]","[""Vertebrobasilar Insufficiency"", ""Peripheral Vestibular Disorder""]",0,rag_hit_gen_miss,True,False,4,12,na,,,,,,,,
mcr,mcr_200b,291,Necrolytic acral erythema,,,s2_miss,0,False,False,False,47,5,Psoriasis,s2_miss,0,False,False,False,17,5,Psoriasis,0,agents_hit_supervisor_drop,True,False,0,3,3,0,draft_miss,False,False,False,True,False,"[""Psoriasis"", ""Hypothyroidism-associated skin changes""]","[""Psoriasis"", ""Hypothyroidism-associated skin changes""]",0,rag_hit_gen_miss,True,False,4,12,na,,,,,,,,
mcr,mcr_200b,292,Anaplastic large-cell lymphoma,,,s2_miss,1,False,False,False,46,5,Anaplastic large cell lymphoma,s2_miss,1,False,False,False,18,5,Anaplastic large cell lymphoma,1,supervisor_miss_but_scored_ok,True,False,0,3,3,0,draft_miss,False,False,False,True,False,"[""Hodgkin lymphoma"", ""Non-Hodgkin lymphoma""]","[""Hodgkin lymphoma"", ""Non-Hodgkin lymphoma""]",0,rag_hit_gen_miss,True,False,4,12,na,,,,,,,,
mcr,mcr_200b,293,Hemangiosarcoma,,,s2_miss,0,False,False,False,51,5,hepatocellular carcinoma,s2_miss,0,False,False,False,18,5,Hepatocellular carcinoma,0,agents_miss,False,False,,3,3,0,draft_miss,False,False,False,True,False,"[""Hepatocellular Carcinoma (HCC)"", ""Hepatic Adenoma""]","[""Hepatocellular Carcinoma (HCC)"", ""Hepatic Adenoma""]",0,rag_miss,False,False,4,12,na,,,,,,,,
mcr,mcr_200b,294,Undifferentiated embryonal sarcoma of the liver,all_miss_but_recalled,,s3_hit_s4_miss,0,True,True,False,46,5,Hepatoblastoma,s3_hit_s4_miss,0,True,True,False,15,5,Hepatoblastoma,0,supervisor_hit_judge_miss,True,True,0,3,3,0,draft_miss,False,False,False,True,False,"[""Hepatoblastoma"", ""Hepatocellular carcinoma""]","[""Hepatoblastoma"", ""Hepatocellular carcinoma""]",0,rag_miss,False,False,4,12,na,,,,,,,,
mcr,mcr_200b,295,gallbladder carcinoma,,,s2_miss,1,False,False,False,48,5,Gallbladder cancer,s2_miss,1,False,False,False,18,5,Gallbladder cancer,1,supervisor_miss_but_scored_ok,True,False,0,3,3,1,diagnose_ok,True,False,True,True,True,"[""Gallbladder Carcinoma"", ""Heterotopic Gastric Mucosa in Gallbladder""]","[""Gallbladder Carcinoma"", ""Heterotopic Gastric Mucosa in Gallbladder""]",1,gen_ok,True,True,4,12,na,,,,,,,,
mcr,mcr_200b,296,Sweet’s syndrome,,,s2_miss,1,False,False,False,49,5,Sweet syndrome,s2_miss,1,False,False,False,19,5,Sweet syndrome,1,supervisor_miss_but_scored_ok,True,False,0,3,3,1,diagnose_miss_but_scored_ok,False,False,False,True,False,"[""Sweet Syndrome"", ""Neutrophilic Urticarial Dermatosis""]","[""Sweet Syndrome"", ""Neutrophilic Urticarial Dermatosis""]",1,rag_miss,False,False,4,12,na,,,,,,,,
mcr,mcr_200b,297,puffy hand syndrome,,,s2_miss,0,False,False,False,53,5,Eosinophilic Fasciitis,s2_miss,0,False,False,False,17,5,Eosinophilic Fasciitis,0,agents_hit_supervisor_drop,True,False,0,3,3,0,draft_miss,False,False,False,True,False,"[""Scleroderma"", ""Systemic Lupus Erythematosus (SLE)""]","[""Scleroderma"", ""Systemic Lupus Erythematosus (SLE)""]",0,rag_miss,False,False,4,12,na,,,,,,,,
mcr,mcr_200b,298,Warthin tumor,all_miss_but_recalled,,s2_hit_s3_drop,0,True,False,False,48,5,Squamous cell carcinoma of the oropharynx,s2_hit_s3_drop,0,True,False,False,18,5,Squamous cell carcinoma of the oropharynx,0,agents_hit_supervisor_drop,True,False,0,3,3,0,draft_miss,False,False,False,True,False,"[""Oropharyngeal cancer"", ""Metastatic disease from a previous head and neck cancer""]","[""Oropharyngeal cancer"", ""Metastatic disease from a previous head and neck cancer""]",0,gen_hit_judge_miss,False,True,4,12,na,,,,,,,,
mcr,mcr_200b,299,Pancreatic adenocarcinoma,,,s2_miss,1,False,False,False,51,5,Pancreatic ductal adenocarcinoma,ok,1,True,True,True,18,5,Pancreatic adenocarcinoma,0,agents_hit_supervisor_drop,True,False,0,3,3,1,diagnose_miss_but_scored_ok,False,False,False,True,False,"[""Pancreatic Cancer"", ""Autoimmune Pancreatitis (AIP)""]","[""Pancreatic Cancer"", ""Autoimmune Pancreatitis (AIP)""]",0,rag_hit_gen_miss,True,False,4,12,na,,,,,,,,
mcr,mcr_200b,300,Perniosis,,,s2_miss,0,False,False,False,49,5,Raynaud's Disease,s2_miss,0,False,False,False,18,5,Raynaud's Disease,0,agents_miss,False,False,,3,3,0,draft_miss,False,False,False,True,False,"[""Systemic Sclerosis (SSc)"", ""Mixed Connective Tissue Disease (MCTD)""]","[""Systemic Sclerosis (SSc)"", ""Mixed Connective Tissue Disease (MCTD)""]",0,rag_miss,False,False,4,12,na,,,,,,,,
mcr,mcr_200b,301,water reflex epilepsy,,,s2_miss,0,False,False,False,54,5,Reflex anoxic seizure,s2_miss,1,False,False,False,20,5,Epilepsy with aquatic triggers,0,agents_hit_supervisor_drop,True,False,0,3,3,0,draft_miss,False,False,False,True,False,"[""Breath-Holding Spells"", ""Epilepsy Syndrome with Water-Induced Seizures""]","[""Breath-Holding Spells"", ""Epilepsy Syndrome with Water-Induced Seizures""]",0,rag_hit_gen_miss,True,False,4,12,na,,,,,,,,
mcr,mcr_200b,302,septic arthritis,all_miss_but_recalled,,s3_hit_s4_miss,0,True,True,False,52,5,Methotrexate-induced rheumatologic reaction,s3_hit_s4_miss,0,True,True,False,20,5,Methotrexate-induced rheumatologic reaction,0,agents_hit_supervisor_drop,True,False,0,3,3,0,diagnose_hit_judge_miss,True,False,True,True,True,"[""Methotrexate-induced rheumatologic reaction"", ""Septic arthritis""]","[""Methotrexate-induced rheumatologic reaction"", ""Septic arthritis""]",0,gen_hit_judge_miss,False,True,4,12,na,,,,,,,,
mcr,mcr_200b,303,GastricSchwannoma,all_miss_but_recalled,,s2_hit_s3_drop,0,True,False,False,43,5,Gastrointestinal stromal tumor,s3_hit_s4_miss,0,True,True,False,16,5,Gastrointestinal stromal tumor,0,agents_miss,False,False,,3,3,0,draft_miss,False,False,False,True,False,"[""Gastrointestinal Stromal Tumor (GIST)"", ""Plexiform Fibromyxoma""]","[""Gastrointestinal Stromal Tumor (GIST)"", ""Plexiform Fibromyxoma""]",0,rag_miss,False,False,4,12,na,,,,,,,,
mcr,mcr_200b,305,amitraz poisoning,,,ok,1,True,True,True,48,5,Amitraz poisoning,ok,1,True,True,True,18,5,Amitraz poisoning,1,supervisor_ok,True,True,0,3,3,1,diagnose_ok,True,False,True,True,True,"[""Amitraz poisoning"", ""Organophosphate or cholinesterase inhibitor poisoning""]","[""Amitraz poisoning"", ""Organophosphate or cholinesterase inhibitor poisoning""]",1,gen_ok,True,True,4,12,na,,,,,,,,
mcr,mcr_200b,306,Disseminated strongyloidiasis,,,s2_miss,0,False,False,False,56,5,Enterococcal meningitis,s2_miss,0,False,False,False,19,5,SLE-associated vasculitis,0,agents_miss,False,False,,3,3,0,draft_miss,False,False,False,True,False,"[""Enterococcus gallinarum meningitis"", ""Diffuse alveolar hemorrhage secondary to systemic lupus erythematosus (SLE) flare""]","[""Enterococcus gallinarum meningitis"", ""Diffuse alveolar hemorrhage secondary to systemic lupus erythematosus (SLE) flare""]",0,rag_miss,False,False,4,12,na,,,,,,,,
mcr,mcr_200b,307,Leiomyoma,,,s2_miss,0,False,False,False,49,5,Incarcerated inguinal hernia,s2_miss,0,False,False,False,18,5,Incarcerated inguinal hernia,0,agents_miss,False,False,,3,3,0,draft_miss,False,False,False,True,False,"[""Incarcerated Inguinal Hernia"", ""Inguinal Hernia""]","[""Incarcerated Inguinal Hernia"", ""Inguinal Hernia""]",0,rag_miss,False,False,4,12,na,,,,,,,,
mcr,mcr_200b,308,Metastatic breast carcinoma,,,s2_miss,0,False,False,False,54,5,Spheno-orbital Aspergillosis,s2_miss,0,False,False,False,20,5,Invasive Aspergillosis,0,agents_miss,False,False,,3,3,0,draft_miss,False,False,False,True,False,"[""Invasive Fungal Sinusitis"", ""Orbital Cellulitis with Cavernous Sinus Thrombosis""]","[""Invasive Fungal Sinusitis"", ""Orbital Cellulitis with Cavernous Sinus Thrombosis""]",0,rag_miss,False,False,4,12,na,,,,,,,,
mcr,mcr_200b,309,Graves disease,,,s2_miss,1,False,False,False,50,5,Graves' disease,s2_miss,1,False,False,False,18,5,Graves' disease,0,agents_miss,False,False,,3,3,1,diagnose_miss_but_scored_ok,False,False,False,True,False,"[""Graves' disease"", ""Toxic multinodular goitre""]","[""Graves' disease"", ""Toxic multinodular goitre""]",0,rag_miss,False,False,4,12,na,,,,,,,,
mcr,mcr_200b,310,ExtraskeletalMyxoidChondrosarcoma,,,s3_hit_s4_miss,0,True,True,False,47,5,Metastatic disease,s3_hit_s4_miss,0,True,True,False,15,5,Metastatic disease,0,agents_miss,False,False,,3,3,1,diagnose_miss_but_scored_ok,False,False,False,True,False,"[""Metastatic extraskeletal myxoid chondrosarcoma"", ""Primary bone tumor (e.g. chondrosarcoma or osteosarcoma)""]","[""Metastatic extraskeletal myxoid chondrosarcoma"", ""Primary bone tumor (e.g. chondrosarcoma or osteosarcoma)""]",1,gen_ok,False,True,4,12,na,,,,,,,,
mcr,mcr_200b,311,Pulmonary syphilis,,,s2_miss,0,False,False,False,54,5,Empyema,s2_miss,0,False,False,False,20,5,Empyema,0,agents_hit_supervisor_drop,True,False,0,3,3,0,draft_miss,False,False,False,True,False,"[""Empyema"", ""Parapneumonic effusion""]","[""Empyema"", ""Parapneumonic effusion""]",0,rag_miss,False,False,4,12,na,,,,,,,,
mcr,mcr_200b,312,Hepatic cystadenoma,,,s2_miss,0,False,False,False,49,5,Biliary cystadenocarcinoma,s2_miss,0,False,False,False,18,5,Mucinous biliary cystadenocarcinoma,0,agents_hit_supervisor_drop,True,False,0,3,3,1,diagnose_miss_but_scored_ok,False,False,False,True,False,"[""Biliary cystadenoma"", ""Hydatid cyst with secondary infection or rupture""]","[""Biliary cystadenoma"", ""Hydatid cyst with secondary infection or rupture""]",0,rag_hit_gen_miss,True,False,4,12,na,,,,,,,,
mcr,mcr_200b,313,Syphilis,,,ok,1,True,True,True,52,5,Secondary syphilis,ok,1,True,True,True,19,5,Secondary syphilis,1,supervisor_ok,True,True,0,3,3,1,diagnose_ok,True,False,True,True,True,"[""Secondary Syphilis"", ""Other Sexually Transmitted Infections (e.g. Monkeypox)""]","[""Secondary Syphilis"", ""Other Sexually Transmitted Infections (e.g. Monkeypox)""]",1,gen_ok,False,True,4,12,na,,,,,,,,
mcr,mcr_200b,314,invasive fungal rhinosinusitis,,,s2_miss,0,False,False,False,54,5,Sphenoid sinus pyocele,s2_miss,0,False,False,False,18,5,Sphenoid sinus pyocele,0,agents_hit_supervisor_drop,True,False,0,3,3,0,draft_miss,False,False,False,True,False,"[""Skull base osteomyelitis"", ""Chronic invasive fungal sinusitis""]","[""Skull base osteomyelitis"", ""Chronic invasive fungal sinusitis""]",1,rag_miss,False,False,4,12,na,,,,,,,,
mcr,mcr_200b,315,Large cell neuroendocrine carcinoma,all_miss_but_recalled,,s2_hit_s3_drop,0,True,False,False,55,5,Ovarian serous carcinoma,s2_miss,0,False,False,False,17,5,Ovarian serous carcinoma,0,agents_hit_supervisor_drop,True,False,0,3,3,0,draft_miss,False,False,False,True,False,"[""High-grade serous ovarian carcinoma"", ""Poorly differentiated ovarian carcinoma""]","[""High-grade serous ovarian carcinoma"", ""Poorly differentiated ovarian carcinoma""]",0,rag_hit_gen_miss,True,False,4,12,na,,,,,,,,
mcr,mcr_200b,316,Cerebrospinal fluid hypovolemia syndrome,,,s2_miss,0,False,False,False,44,5,Mitochondrial Myopathies,s2_miss,0,False,False,False,16,5,Ocular Myasthenia Gravis,0,agents_miss,False,False,,3,3,0,draft_miss,False,False,False,True,False,"[""Third Cranial Nerve Palsy"", ""Traumatic Cranial Nerve Injury""]","[""Third Cranial Nerve Palsy"", ""Traumatic Cranial Nerve Injury""]",0,rag_miss,False,False,4,12,na,,,,,,,,
mcr,mcr_200b,317,Cryptococcal meningitis,,,ok,1,True,True,True,47,5,Cryptococcal meningitis,ok,1,True,True,True,18,5,Cryptococcal meningitis,1,supervisor_ok,True,True,0,3,3,1,diagnose_ok,True,False,True,True,True,"[""Cryptococcal meningitis"", ""CNS cryptococcoma""]","[""Cryptococcal meningitis"", ""CNS cryptococcoma""]",1,gen_ok,True,True,4,12,na,,,,,,,,
mcr,mcr_200b,318,Multiple endocrine neoplasia type 2A,,,ok,1,True,True,True,48,5,Multiple endocrine neoplasia type 2A,ok,1,True,True,True,18,5,Multiple endocrine neoplasia type 2A,1,supervisor_ok,True,True,0,3,3,1,diagnose_ok,True,False,True,True,True,"[""Multiple Endocrine Neoplasia Type 2 (MEN2)"", ""Medullary Thyroid Carcinoma""]","[""Multiple Endocrine Neoplasia Type 2 (MEN2)"", ""Medullary Thyroid Carcinoma""]",1,gen_ok,True,True,4,12,na,,,,,,,,
mcr,mcr_200b,319,Osteosarcoma,,,s2_miss,0,False,False,False,49,5,Pseudotumor,s2_miss,0,False,False,False,19,5,Adverse local tissue reaction,0,agents_miss,False,False,,3,3,0,draft_miss,False,False,False,True,False,"[""Adverse Local Tissue Reaction (ALTR)"", ""Aseptic Lymphocytic Vasculitis-Associated Lesion (ALVAL)""]","[""Adverse Local Tissue Reaction (ALTR)"", ""Aseptic Lymphocytic Vasculitis-Associated Lesion (ALVAL)""]",0,rag_miss,False,False,4,12,na,,,,,,,,
mcr,mcr_200b,320,May-Thurner syndrome,,,ok,1,True,True,True,51,5,May-Thurner syndrome,ok,1,True,True,True,24,5,May-Thurner syndrome,0,supervisor_hit_judge_miss,True,True,0,3,3,1,diagnose_ok,True,False,True,True,True,"[""May-Thurner syndrome"", ""Deep vein thrombosis (DVT)""]","[""May-Thurner syndrome"", ""Deep vein thrombosis (DVT)""]",1,gen_ok,True,True,4,12,na,,,,,,,,
mcr,mcr_200b,321,Myofibromatosis,all_miss_but_recalled,,s4_hit_judge_miss,0,True,True,True,53,5,Fibromatosis,s4_hit_judge_miss,0,True,True,True,18,5,Fibromatosis,0,supervisor_hit_judge_miss,True,True,,3,3,0,diagnose_hit_judge_miss,True,False,True,True,True,"[""Fibromatosis"", ""Neurofibroma""]","[""Fibromatosis"", ""Neurofibroma""]",0,gen_hit_judge_miss,False,True,4,12,na,,,,,,,,
mcr,mcr_200b,322,Factitious disorder,base_win_recall,,s2_miss,0,False,False,False,51,5,Vocal Cord Dysfunction,ok,1,True,True,True,20,5,Factitious Disorder,1,supervisor_ok,True,True,0,3,3,1,diagnose_ok,True,False,True,True,True,"[""Factitious Disorder Imposed on Self"", ""Somatoform Disorder""]","[""Factitious Disorder Imposed on Self"", ""Somatoform Disorder""]",1,gen_ok,True,True,4,12,na,,,,,,,,
mcr,mcr_200b,323,diffuse large B-cell lymphoma,all_miss_but_recalled,,s3_hit_s4_miss,0,True,True,False,53,5,Cervical cancer recurrence,s3_hit_s4_miss,0,True,True,False,19,5,Cervical cancer recurrence,0,agents_hit_supervisor_drop,True,False,0,3,3,0,draft_miss,False,False,False,True,False,"[""Primary Vaginal Cancer"", ""Recurrent Cervical Cancer""]","[""Primary Vaginal Cancer"", ""Recurrent Cervical Cancer""]",0,rag_miss,False,False,4,12,na,,,,,,,,
mcr,mcr_200b,324,COVID-19-associated acute and transient psychotic disorder,,,s2_miss,1,False,False,False,51,5,COVID-19 Psychosis,s2_miss,1,False,False,False,20,5,COVID-19-Associated Psychosis,1,supervisor_miss_but_scored_ok,True,False,0,3,3,1,diagnose_miss_but_scored_ok,False,False,False,True,False,"[""COVID-19 associated psychosis"", ""Mercury exposure related psychiatric symptoms""]","[""COVID-19 associated psychosis"", ""Mercury exposure related psychiatric symptoms""]",0,rag_miss,False,False,4,12,na,,,,,,,,
mcr,mcr_200b,326,Brucellosis,,,s3_hit_s4_miss,0,True,True,False,52,5,Spinal epidural abscess,ok,1,True,True,True,17,5,Brucellosis,0,agents_hit_supervisor_drop,True,False,0,3,3,0,diagnose_hit_judge_miss,True,False,True,True,True,"[""Spinal Epidural Abscess"", ""Brucellosis""]","[""Spinal Epidural Abscess"", ""Brucellosis""]",1,gen_ok,False,True,4,12,na,,,,,,,,
mcr,mcr_200b,327,dermatofibrosarcoma protuberans,all_miss_but_recalled,,s4_hit_judge_miss,0,True,True,True,48,5,Dermatofibrosarcoma protuberans metastasis to thyroid,s4_hit_judge_miss,0,True,True,True,18,5,Dermatofibrosarcoma protuberans metastasis to thyroid,0,agents_hit_supervisor_drop,True,False,0,3,3,0,draft_miss,False,False,False,True,False,"[""Metastatic cancer to the thyroid gland"", ""Primary thyroid cancer""]","[""Metastatic cancer to the thyroid gland"", ""Primary thyroid cancer""]",0,rag_hit_gen_miss,True,False,4,12,na,,,,,,,,
mcr,mcr_200b,328,Necrotizing fasciitis,,,ok,1,True,True,True,51,5,Necrotizing fasciitis,s3_hit_s4_miss,0,True,True,False,18,5,Fournier gangrene,1,supervisor_ok,True,True,0,3,3,1,diagnose_ok,True,False,True,True,True,"[""Necrotizing Fasciitis"", ""Sepsis""]","[""Necrotizing Fasciitis"", ""Sepsis""]",1,gen_ok,True,True,4,12,na,,,,,,,,
mcr,mcr_200b,329,urachal cyst,base_win_rank,,s3_hit_s4_miss,0,True,True,False,54,5,Urachal adenocarcinoma,ok,1,True,True,True,18,5,Urachal cyst,1,supervisor_ok,True,True,0,3,3,0,diagnose_hit_judge_miss,True,False,True,True,True,"[""Urachal cyst"", ""Urachal remnant anomaly with possible malignancy""]","[""Urachal cyst"", ""Urachal remnant anomaly with possible malignancy""]",0,gen_hit_judge_miss,True,True,4,12,na,,,,,,,,
mcr,mcr_200b,330,Squamous cell carcinoma,,,s2_miss,0,False,False,False,51,5,Pancoast tumor,s2_miss,0,False,False,False,19,5,Pancoast tumor,0,agents_miss,False,False,,3,3,0,draft_miss,False,False,False,True,False,"[""Pancoast tumor"", ""Apical lung disease""]","[""Pancoast tumor"", ""Apical lung disease""]",0,rag_miss,False,False,4,12,na,,,,,,,,
mcr,mcr_200b,331,tumoral calcinosis,,,s2_miss,0,False,False,False,46,5,Giant Cell Tumor of the Tendon Sheath,s2_miss,0,False,False,False,14,5,Giant Cell Tumor of the Tendon Sheath,0,agents_miss,False,False,,3,3,0,draft_miss,False,False,False,True,False,"[""Giant-cell tumor of the tendon sheath"", ""Other benign tumor of the tendon or soft tissue""]","[""Giant-cell tumor of the tendon sheath"", ""Other benign tumor of the tendon or soft tissue""]",0,rag_miss,False,False,4,12,na,,,,,,,,
mcr,mcr_200b,332,cesarean scar ectopic pregnancy,,,ok,1,True,True,True,46,5,Cesarean scar ectopic pregnancy,ok,1,True,True,True,18,5,Cesarean scar ectopic pregnancy,1,supervisor_miss_but_scored_ok,True,False,0,3,3,1,diagnose_ok,True,False,True,True,True,"[""Cesarean-section scar ectopic pregnancy"", ""Ectopic pregnancy""]","[""Cesarean-section scar ectopic pregnancy"", ""Ectopic pregnancy""]",1,gen_ok,True,True,4,12,na,,,,,,,,
mcr,mcr_200b,333,Pilomatrixoma,,,s2_miss,0,False,False,False,50,5,Phyllodes Tumor,s2_miss,0,False,False,False,15,5,Ductal Carcinoma In Situ,0,agents_miss,False,False,,3,3,0,draft_miss,False,False,False,True,False,"[""Breast Cancer"", ""Fibroadenoma""]","[""Breast Cancer"", ""Fibroadenoma""]",0,rag_miss,False,False,4,12,na,,,,,,,,
mcr,mcr_200b,334,Posterior reversible encephalopathy syndrome,,,ok,1,True,True,True,48,5,Posterior reversible encephalopathy syndrome (PRES),ok,1,True,True,True,16,5,Posterior reversible encephalopathy syndrome (PRES),1,supervisor_ok,True,True,0,3,3,1,diagnose_ok,True,False,True,True,True,"[""Posterior Reversible Encephalopathy Syndrome (PRES)"", ""Hypertensive Encephalopathy""]","[""Posterior Reversible Encephalopathy Syndrome (PRES)"", ""Hypertensive Encephalopathy""]",1,gen_ok,True,True,4,12,na,,,,,,,,
mcr,mcr_200b,335,Drug-induced lupus,,,ok,1,True,True,True,51,5,Drug-induced lupus erythematosus,ok,1,True,True,True,19,5,Drug-induced lupus erythematosus,0,agents_hit_supervisor_drop,True,False,0,3,3,1,diagnose_ok,True,False,True,True,True,"[""Drug-induced lupus"", ""Systemic lupus erythematosus (SLE)""]","[""Drug-induced lupus"", ""Systemic lupus erythematosus (SLE)""]",0,rag_hit_gen_miss,True,False,4,12,na,,,,,,,,
mcr,mcr_200b,336,Subacute thyroiditis,,,ok,1,True,True,True,54,5,Subacute thyroiditis,ok,1,True,True,True,21,5,Subacute thyroiditis,1,supervisor_ok,True,True,0,3,3,1,diagnose_ok,True,False,True,True,True,"[""Subacute Thyroiditis"", ""Vaccine-Induced Thyroiditis""]","[""Subacute Thyroiditis"", ""Vaccine-Induced Thyroiditis""]",1,gen_ok,True,True,4,12,na,,,,,,,,
mcr,mcr_200b,337,Tubo-ovarian complex torsion,,,s2_miss,0,False,False,False,50,5,Ovarian torsion,s2_miss,0,False,False,False,20,5,Ovarian torsion,0,agents_hit_supervisor_drop,True,False,0,3,3,0,draft_miss,False,False,False,True,False,"[""Ovarian Torsion"", ""Ruptured Ovarian Cyst""]","[""Ovarian Torsion"", ""Ruptured Ovarian Cyst""]",0,rag_hit_gen_miss,True,False,4,12,na,,,,,,,,
mcr,mcr_200b,338,filariasis,,,s2_miss,0,False,False,False,53,5,Retroperitoneal lymphangioma,s2_miss,0,False,False,False,18,5,Retroperitoneal lymphangioma,0,agents_miss,False,False,,3,3,0,draft_miss,False,False,False,True,False,"[""Mesenteric cyst"", ""Lymphatic malformation""]","[""Mesenteric cyst"", ""Lymphatic malformation""]",0,rag_miss,False,False,4,12,na,,,,,,,,
mcr,mcr_200b,339,lingual thyroid gland,,,ok,1,True,True,True,48,5,Lingual thyroid gland,ok,1,True,True,True,18,5,Lingual thyroid,1,supervisor_ok,True,True,0,3,3,1,diagnose_miss_but_scored_ok,False,False,False,True,False,"[""Ectopic Thyroid Tissue"", ""Thyroid Dysgenesis""]","[""Ectopic Thyroid Tissue"", ""Thyroid Dysgenesis""]",1,rag_hit_gen_miss,True,False,4,12,na,,,,,,,,
mcr,mcr_200b,340,retropharyngeal calcific tendinitis,,,s2_miss,1,False,False,False,46,5,Calcific Tendinitis of the Longus Colli Muscle,s2_miss,1,False,False,False,17,5,Calcific Tendinitis of the Longus Colli Muscle,1,supervisor_ok,True,True,0,3,3,1,diagnose_ok,True,False,True,True,True,"[""Calcific Tendinitis"", ""Retropharyngeal Abscess""]","[""Calcific Tendinitis"", ""Retropharyngeal Abscess""]",1,rag_hit_gen_miss,True,False,4,12,na,,,,,,,,
mcr,mcr_200b,341,acute motor axonal neuropathy,,,s2_miss,0,False,False,False,50,5,Acute Inflammatory Demyelinating Polyneuropathy,s2_miss,0,False,False,False,17,5,Guillain-Barré Syndrome,0,agents_hit_supervisor_drop,True,False,0,3,3,0,draft_miss,False,False,False,True,False,"[""Guillain-Barre syndrome"", ""Botulism""]","[""Guillain-Barre syndrome"", ""Botulism""]",0,rag_miss,False,False,4,12,na,,,,,,,,
mcr,mcr_200b,342,Brown bowel syndrome,,,s2_miss,0,False,False,False,45,5,Chronic intestinal pseudo-obstruction,s2_miss,0,False,False,False,20,5,Chronic intestinal pseudo-obstruction,0,agents_hit_supervisor_drop,True,False,0,3,3,0,draft_miss,False,False,False,True,False,"[""Chronic Intestinal Pseudo-Obstruction"", ""Small Bowel Obstruction""]","[""Chronic Intestinal Pseudo-Obstruction"", ""Small Bowel Obstruction""]",0,rag_hit_gen_miss,True,False,4,12,na,,,,,,,,
mcr,mcr_200b,343,CardiacSarcoidosis,,,s2_miss,0,False,False,False,52,5,Arrhythmogenic right ventricular dysplasia,s2_miss,0,False,False,False,19,5,Arrhythmogenic Right Ventricular Dysplasia,0,agents_miss,False,False,,3,3,0,draft_miss,False,False,False,True,False,"[""Arrhythmogenic Right Ventricular Dysplasia (ARVD)"", ""Cardiac Sarcoidosis""]","[""Arrhythmogenic Right Ventricular Dysplasia (ARVD)"", ""Cardiac Sarcoidosis""]",0,rag_miss,False,False,4,12,na,,,,,,,,
mcr,mcr_200b,344,sarcoidosis,base_win_rank,,s3_hit_s4_miss,0,True,True,False,50,5,Interferon-induced pulmonary sarcoid-like reaction,ok,1,True,True,True,18,5,Sarcoidosis,1,supervisor_ok,True,True,0,3,3,1,diagnose_ok,True,False,True,True,True,"[""Sarcoidosis"", ""Pulmonary lymphangitic carcinomatosis""]","[""Sarcoidosis"", ""Pulmonary lymphangitic carcinomatosis""]",1,gen_ok,False,True,4,12,na,,,,,,,,
mcr,mcr_200b,345,Hereditary hypophosphatemic rickets with hypercalciuria,all_miss_but_recalled,,s3_hit_s4_miss,0,True,True,False,49,5,Hypophosphatemic rickets with nephrocalcinosis,s3_hit_s4_miss,0,True,True,False,18,5,X-linked hypophosphatemia,0,supervisor_hit_judge_miss,True,True,0,3,3,0,diagnose_hit_judge_miss,True,False,True,True,True,"[""Hereditary Hypophosphatemic Rickets"", ""Familial Hypomagnesemia with Hypercalciuria and Nephrocalcinosis (FHHNC)""]","[""Hereditary Hypophosphatemic Rickets"", ""Familial Hypomagnesemia with Hypercalciuria and Nephrocalcinosis (FHHNC)""]",0,gen_hit_judge_miss,False,True,4,12,na,,,,,,,,
mcr,mcr_200b,346,myxoinflammatory fibroblastic sarcoma,e7_win_recall,,ok,1,True,True,True,44,5,Acral myxoinflammatory fibroblastic sarcoma,ok,1,True,True,True,15,5,Myxoinflammatory fibroblastic sarcoma,0,agents_hit_supervisor_drop,True,False,0,3,3,0,draft_miss,False,False,False,True,False,"[""Hodgkin lymphoma"", ""Myxoid liposarcoma""]","[""Hodgkin lymphoma"", ""Myxoid liposarcoma""]",0,rag_miss,False,False,4,12,na,,,,,,,,
mcr,mcr_200b,347,sellar cavernous hemangioma,,,s2_miss,0,False,False,False,49,5,Pituitary macroadenoma,s2_miss,0,False,False,False,16,5,Pituitary macroadenoma,0,agents_hit_supervisor_drop,True,False,0,3,3,0,draft_miss,False,False,False,True,False,"[""Nonfunctioning Pituitary Macroadenoma"", ""Pituitary Neuroendocrine Tumor (PitNET)""]","[""Nonfunctioning Pituitary Macroadenoma"", ""Pituitary Neuroendocrine Tumor (PitNET)""]",0,rag_hit_gen_miss,True,False,4,12,na,,,,,,,,
mcr,mcr_200b,348,complex odontoma,,,ok,1,True,True,True,47,5,Complex odontoma,ok,1,True,True,True,16,5,Complex odontoma,1,supervisor_ok,True,True,0,3,3,1,diagnose_ok,True,False,True,True,True,"[""Complex Odontoma"", ""Adenomatoid Odontogenic Tumor (AOT)""]","[""Complex Odontoma"", ""Adenomatoid Odontogenic Tumor (AOT)""]",0,rag_miss,False,False,4,12,na,,,,,,,,
mcr,mcr_200b,349,phaeohyphomycosis,,,s2_miss,0,False,False,False,49,5,Dermatofibroma,s2_miss,0,False,False,False,17,5,Dermatofibroma,0,agents_miss,False,False,,3,3,0,draft_miss,False,False,False,True,False,"[""Ganglion cyst"", ""Dermatofibroma""]","[""Ganglion cyst"", ""Dermatofibroma""]",0,rag_miss,False,False,4,12,na,,,,,,,,
mcr,mcr_200b,352,mucoepidermoid carcinoma,,,s2_miss,0,False,False,False,49,5,Squamous cell carcinoma,s2_miss,0,False,False,False,15,5,Squamous cell carcinoma,0,agents_hit_supervisor_drop,True,False,0,3,3,0,draft_miss,False,False,False,True,False,"[""Squamous cell carcinoma"", ""Basal cell carcinoma""]","[""Squamous cell carcinoma"", ""Basal cell carcinoma""]",0,rag_miss,False,False,4,12,na,,,,,,,,
mcr,mcr_200b,353,squamous cell carcinoma,all_miss_but_recalled,,s2_hit_s3_drop,0,True,False,False,50,5,Granulomatosis with polyangiitis,s2_hit_s3_drop,0,True,False,False,19,5,Wegener's granulomatosis,0,agents_hit_supervisor_drop,True,False,0,3,3,0,draft_miss,False,False,False,True,False,"[""Granulomatosis with Polyangiitis (Wegener's Granulomatosis)"", ""Eosinophilic Granulomatosis with Polyangiitis (Churg-Strauss Syndrome)""]","[""Granulomatosis with Polyangiitis (Wegener's Granulomatosis)"", ""Eosinophilic Granulomatosis with Polyangiitis (Churg-Strauss Syndrome)""]",0,rag_miss,False,False,4,12,na,,,,,,,,
mcr,mcr_200b,354,Posterior Nutcracker Syndrome,,,s2_miss,0,False,False,False,50,5,Medullary sponge kidney,s2_miss,0,False,False,False,15,5,IgA nephropathy,0,agents_hit_supervisor_drop,True,False,0,3,3,0,draft_miss,False,False,False,True,False,"[""Glomerulonephritis"", ""Nephrolithiasis (Kidney Stones)""]","[""Glomerulonephritis"", ""Nephrolithiasis (Kidney Stones)""]",0,rag_miss,False,False,4,12,na,,,,,,,,
mcr,mcr_200b,355,Dedifferentiated chondrosarcoma,all_miss_but_recalled,,s3_hit_s4_miss,0,True,True,False,46,5,Osteosarcoma,s3_hit_s4_miss,0,True,True,False,20,5,Osteosarcoma,0,supervisor_hit_judge_miss,True,True,0,3,3,0,diagnose_hit_judge_miss,True,False,True,True,True,"[""Osteosarcoma"", ""Chondrosarcoma""]","[""Osteosarcoma"", ""Chondrosarcoma""]",0,gen_hit_judge_miss,True,True,4,12,na,,,,,,,,
mcr,mcr_200b,356,Synovial sarcoma,,,s2_miss,0,False,False,False,45,5,Malignant solitary fibrous tumor of the spine,s2_miss,0,False,False,False,16,5,Ewing's sarcoma,0,agents_hit_supervisor_drop,True,False,0,3,3,0,draft_miss,False,False,False,True,False,"[""Ewing's Sarcoma"", ""Gastrointestinal Stromal Tumor (GIST)""]","[""Ewing's Sarcoma"", ""Gastrointestinal Stromal Tumor (GIST)""]",0,gen_hit_judge_miss,False,True,4,12,na,,,,,,,,
mcr,mcr_200b,357,melanocytoma,,,s2_miss,0,False,False,False,46,5,Orbital metastasis from choroidal melanoma,s2_miss,0,False,False,False,16,5,Cavernous hemangioma,0,agents_miss,False,False,,3,3,0,draft_miss,False,False,False,True,False,"[""Metastatic choroidal melanoma"", ""Primary orbital tumor""]","[""Metastatic choroidal melanoma"", ""Primary orbital tumor""]",0,rag_miss,False,False,4,12,na,,,,,,,,
mcr,mcr_200b,358,Foreign body granuloma,all_miss_but_recalled,,s2_hit_s3_drop,0,True,False,False,51,5,Tenosynovial Giant Cell Tumor,s2_miss,0,False,False,False,20,5,Tenosynovial Giant Cell Tumor,0,agents_miss,False,False,,3,3,0,draft_miss,False,False,False,True,False,"[""Tenosynovial Giant Cell Tumor"", ""Synovitis/Tenosynovitis""]","[""Tenosynovial Giant Cell Tumor"", ""Synovitis/Tenosynovitis""]",0,rag_miss,False,False,4,12,na,,,,,,,,
mcr,mcr_200b,359,basal cell carcinoma,all_miss_but_recalled,,s2_hit_s3_drop,0,True,False,False,46,5,Squamous cell carcinoma,s2_hit_s3_drop,0,True,False,False,16,5,Squamous cell carcinoma,0,agents_hit_supervisor_drop,True,False,0,3,3,0,draft_miss,False,False,False,True,False,"[""Squamous cell carcinoma"", ""Perianal cyst or abscess""]","[""Squamous cell carcinoma"", ""Perianal cyst or abscess""]",0,rag_miss,False,False,4,12,na,,,,,,,,
mcr,mcr_200b,361,Anaplastic thyroid carcinoma,all_miss_but_recalled,,s3_hit_s4_miss,0,True,True,False,52,5,Hypopharyngeal squamous cell carcinoma,s2_miss,0,False,False,False,18,5,Hypopharyngeal cancer,0,agents_hit_supervisor_drop,True,False,0,3,3,0,draft_miss,False,False,False,True,False,"[""Hypopharyngeal carcinoma"", ""Poorly differentiated squamous cell carcinoma""]","[""Hypopharyngeal carcinoma"", ""Poorly differentiated squamous cell carcinoma""]",0,rag_miss,False,False,4,12,na,,,,,,,,
mcr,mcr_200b,362,Cryptococcal osteomyelitis,all_miss_but_recalled,,s2_miss,0,False,False,False,51,5,Tuberculous osteomyelitis,s2_miss,0,False,False,False,19,5,Tuberculous osteomyelitis,0,supervisor_hit_judge_miss,True,True,0,3,3,0,draft_miss,False,False,False,True,False,"[""Osteomyelitis due to tuberculosis"", ""Multidrug-resistant tuberculosis""]","[""Osteomyelitis due to tuberculosis"", ""Multidrug-resistant tuberculosis""]",0,rag_hit_gen_miss,True,False,4,12,na,,,,,,,,
mcr,mcr_200b,363,Symmetrical peripheral gangrene,,,s2_miss,0,False,False,False,51,5,Purpura fulminans,s2_miss,0,False,False,False,16,5,Purpura Fulminans,0,agents_hit_supervisor_drop,True,False,0,3,3,0,draft_miss,False,False,False,True,False,"[""Purpura Fulminans"", ""Disseminated Intravascular Coagulation (DIC) with limb ischemia""]","[""Purpura Fulminans"", ""Disseminated Intravascular Coagulation (DIC) with limb ischemia""]",0,rag_hit_gen_miss,True,False,4,12,na,,,,,,,,
mcr,mcr_200b,364,acute interstitial nephritis,base_win_rank,,s3_hit_s4_miss,0,True,True,False,47,5,Nephrotic Syndrome due to Sildenafil,s2_hit_s3_drop,0,True,False,False,18,5,Sildenafil-induced nephropathy,1,supervisor_ok,True,True,0,3,3,0,draft_miss,False,False,False,True,False,"[""Sildenafil-induced nephrotic syndrome"", ""Minimal change disease""]","[""Sildenafil-induced nephrotic syndrome"", ""Minimal change disease""]",0,gen_hit_judge_miss,True,True,4,12,na,,,,,,,,
mcr,mcr_200b,365,thyroglossal duct cyst,e7_win_recall,,ok,1,True,True,True,45,5,Thyroglossal duct cyst,ok,1,True,True,True,16,5,Thyroglossal duct cyst,0,agents_miss,False,False,,3,3,0,draft_miss,False,False,False,True,False,"[""Vallecular cyst"", ""Obstructive sleep apnea due to other base of tongue lesions""]","[""Vallecular cyst"", ""Obstructive sleep apnea due to other base of tongue lesions""]",0,rag_miss,False,False,4,12,na,,,,,,,,
mcr,mcr_200b,367,Cicatricial conjunctivitis,base_win_recall,,s2_miss,0,False,False,False,51,5,Atopic Keratoconjunctivitis,s2_miss,0,False,False,False,21,5,Ocular Cicatricial Pemphigoid,1,supervisor_ok,True,True,0,3,3,1,diagnose_ok,True,False,True,True,True,"[""Chronic Cicatricial Conjunctivitis"", ""Blepharitis""]","[""Chronic Cicatricial Conjunctivitis"", ""Blepharitis""]",0,rag_hit_gen_miss,True,False,4,12,na,,,,,,,,
mcr,mcr_200b,368,LeukemiaCutis,,,s2_miss,0,False,False,False,48,5,Blastic plasmacytoid dendritic cell neoplasm,s2_miss,0,False,False,False,18,5,Blastic plasmacytoid dendritic cell neoplasm,0,agents_miss,False,False,,3,3,0,draft_miss,False,False,False,True,False,"[""Cutaneous Lymphoma"", ""Leukemia Cutis""]","[""Cutaneous Lymphoma"", ""Leukemia Cutis""]",0,rag_miss,False,False,4,12,na,,,,,,,,
mcr,mcr_200b,369,Bilateral adrenal hemorrhage,all_miss_but_recalled,,s4_hit_judge_miss,0,True,True,True,48,5,Adrenal Hemorrhage,s4_hit_judge_miss,0,True,True,True,18,5,Adrenal hemorrhage,0,supervisor_hit_judge_miss,True,True,0,3,3,0,diagnose_hit_judge_miss,True,False,True,True,True,"[""Adrenal Hemorrhage"", ""Bilateral Adrenal Metastases""]","[""Adrenal Hemorrhage"", ""Bilateral Adrenal Metastases""]",0,rag_hit_gen_miss,True,False,4,12,na,,,,,,,,
mcr,mcr_200b,370,osteochondroma,,,ok,1,True,True,True,54,5,Osteochondroma,ok,1,True,True,True,15,5,Osteochondroma,1,supervisor_ok,True,True,0,3,3,1,diagnose_ok,True,False,True,True,True,"[""Osteochondroma"", ""Costal Exostosis""]","[""Osteochondroma"", ""Costal Exostosis""]",1,gen_ok,True,True,4,12,na,,,,,,,,
mcr,mcr_200b,371,Brucellosis,,,s2_miss,0,False,False,False,50,5,Pseudogout,s2_miss,0,False,False,False,19,5,Hemarthrosis,0,agents_hit_supervisor_drop,True,False,0,3,3,0,draft_miss,False,False,False,True,False,"[""Septic Arthritis"", ""Brucellar Spondylodiscitis or Osteomyelitis""]","[""Septic Arthritis"", ""Brucellar Spondylodiscitis or Osteomyelitis""]",0,rag_hit_gen_miss,True,False,4,12,na,,,,,,,,
mcr,mcr_200b,372,Sporotrichosis,all_miss_but_recalled,,s2_hit_s3_drop,0,True,False,False,50,5,Lupus miliaris disseminatus faciei,s2_miss,0,False,False,False,18,5,Lupus miliaris disseminatus faciei,0,agents_miss,False,False,,3,3,0,draft_miss,False,False,False,True,False,"[""Lupus pernio (cutaneous sarcoidosis)"", ""Discoid lupus erythematosus""]","[""Lupus pernio (cutaneous sarcoidosis)"", ""Discoid lupus erythematosus""]",0,rag_miss,False,False,4,12,na,,,,,,,,
mcr,mcr_200b,373,amyloidosis,,,ok,1,True,True,True,47,5,Conjunctival Amyloidosis,ok,1,True,True,True,16,5,Conjunctival Amyloidosis,1,supervisor_ok,True,True,0,3,3,0,draft_miss,False,False,False,True,False,"[""Conjunctival cyst"", ""Pinguecula""]","[""Conjunctival cyst"", ""Pinguecula""]",0,rag_miss,False,False,4,12,na,,,,,,,,
mcr,mcr_200b,374,cryptogenic organizing pneumonia,e7_win_recall,,ok,1,True,True,True,53,5,organizing pneumonia,ok,1,True,True,True,19,5,Organizing pneumonia,0,agents_hit_supervisor_drop,True,False,0,3,3,0,draft_miss,False,False,False,True,False,"[""Lung Cancer"", ""Sarcoidosis""]","[""Lung Cancer"", ""Sarcoidosis""]",0,rag_miss,False,False,4,12,na,,,,,,,,
mcr,mcr_200b,375,gliomatosis cerebri,,,s2_miss,0,False,False,False,45,5,Progressive Supranuclear Palsy,s2_miss,0,False,False,False,16,5,Progressive Supranuclear Palsy,0,agents_miss,False,False,,3,3,0,draft_miss,False,False,False,True,False,"[""Normal Pressure Hydrocephalus (NPH)"", ""Progressive Supranuclear Palsy (PSP)""]","[""Normal Pressure Hydrocephalus (NPH)"", ""Progressive Supranuclear Palsy (PSP)""]",0,rag_miss,False,False,4,12,na,,,,,,,,
mcr,mcr_200b,376,Sacrococcygeal teratoma,,,s2_miss,1,False,False,False,43,5,Sacrooccygeal Teratoma,s2_miss,1,False,False,False,16,5,Sacrooccygeal Teratoma,1,supervisor_ok,True,True,0,3,3,1,diagnose_ok,True,False,True,True,True,"[""Sacrococcygeal Teratoma"", ""Neonatal Tumor with Hemorrhage and Metabolic Acidosis""]","[""Sacrococcygeal Teratoma"", ""Neonatal Tumor with Hemorrhage and Metabolic Acidosis""]",1,gen_ok,True,True,4,12,na,,,,,,,,
mcr,mcr_200b,377,hemorrhagic synovial cyst,,,s2_miss,0,False,False,False,49,5,Meningioma,s2_miss,0,False,False,False,20,5,Meningioma,0,agents_miss,False,False,,3,3,0,draft_miss,False,False,False,True,False,"[""Meningioma"", ""Neurofibroma""]","[""Meningioma"", ""Neurofibroma""]",0,rag_miss,False,False,4,12,na,,,,,,,,
mcr,mcr_200b,378,Visual conversion disorder,,,ok,1,True,True,True,48,5,Conversion disorder,ok,1,True,True,True,19,5,Conversion disorder,1,supervisor_ok,True,True,0,3,3,1,diagnose_ok,True,False,True,True,True,"[""Conversion Disorder"", ""Traumatic Optic Neuropathy""]","[""Conversion Disorder"", ""Traumatic Optic Neuropathy""]",1,gen_ok,True,True,4,12,na,,,,,,,,
mcr,mcr_200b,379,Hemangiopericytoma,,,s2_miss,0,False,False,False,45,5,Uterine leiomyoma,s2_miss,0,False,False,False,19,5,Uterine leiomyoma,0,agents_miss,False,False,,3,3,0,draft_miss,False,False,False,True,False,"[""Subserosal uterine fibroid"", ""Ovarian tumor""]","[""Subserosal uterine fibroid"", ""Ovarian tumor""]",0,rag_miss,False,False,4,12,na,,,,,,,,
mcr,mcr_200b,381,lipoma,base_win_rank,,s3_hit_s4_miss,0,True,True,False,48,5,Hamartoma of the Breast,s3_hit_s4_miss,0,True,True,False,19,5,Hamartoma of the breast,1,supervisor_ok,True,True,0,3,3,1,diagnose_ok,True,False,True,True,True,"[""Lipoma"", ""Fibroadenoma""]","[""Lipoma"", ""Fibroadenoma""]",1,gen_ok,False,True,4,12,na,,,,,,,,
mcr,mcr_200b,382,Brown-McLean syndrome,,,s2_miss,0,False,False,False,47,5,Aphakic bullous keratopathy,s2_miss,0,False,False,False,16,5,Aphakic bullous keratopathy,0,agents_hit_supervisor_drop,True,False,0,3,3,0,draft_miss,False,False,False,True,False,"[""Fuchs' endothelial dystrophy"", ""Corneal edema secondary to endothelial dysfunction""]","[""Fuchs' endothelial dystrophy"", ""Corneal edema secondary to endothelial dysfunction""]",0,rag_miss,False,False,4,12,na,,,,,,,,
mcr,mcr_200b,383,Idiopathic granulomatous mastitis,all_miss_but_recalled,,s3_hit_s4_miss,0,True,True,False,49,5,Inflammatory breast cancer,s3_hit_s4_miss,0,True,True,False,17,5,Inflammatory breast cancer,0,agents_hit_supervisor_drop,True,False,0,3,3,0,diagnose_hit_judge_miss,True,False,True,True,True,"[""Inflammatory Breast Cancer"", ""Granulomatous Mastitis""]","[""Inflammatory Breast Cancer"", ""Granulomatous Mastitis""]",0,rag_miss,False,False,4,12,na,,,,,,,,
mcr,mcr_200b,384,juvenile ossifying fibroma,all_miss_but_recalled,,s3_hit_s4_miss,0,True,True,False,48,5,Cherubism,s2_miss,0,False,False,False,19,5,Cherubism,0,agents_hit_supervisor_drop,True,False,0,3,3,0,draft_miss,False,False,False,True,False,"[""Juvenile Nasopharyngeal Angiofibroma"", ""Odontogenic Myxoma""]","[""Juvenile Nasopharyngeal Angiofibroma"", ""Odontogenic Myxoma""]",0,rag_miss,False,False,4,12,na,,,,,,,,
mcr,mcr_200b,385,olaparib-induced purpuric drug eruption,,,s2_miss,0,False,False,False,48,5,Olaparib-induced thrombocytopenia,s2_miss,0,False,False,False,17,5,Olaparib-induced thrombocytopenia,0,agents_hit_supervisor_drop,True,False,0,3,3,0,draft_miss,False,False,False,True,False,"[""Thrombocytopenia"", ""Drug-induced purpura""]","[""Thrombocytopenia"", ""Drug-induced purpura""]",0,rag_miss,False,False,4,12,na,,,,,,,,
mcr,mcr_200b,386,chondrosarcoma,,,ok,1,True,True,True,50,5,Laryngeal chondrosarcoma,ok,1,True,True,True,18,5,Laryngeal chondrosarcoma,0,supervisor_hit_judge_miss,True,True,0,3,3,1,diagnose_ok,True,False,True,True,True,"[""Chondrosarcoma"", ""Laryngeal mucoepidermoid carcinoma""]","[""Chondrosarcoma"", ""Laryngeal mucoepidermoid carcinoma""]",1,gen_ok,False,True,4,12,na,,,,,,,,
mcr,mcr_200b,387,Langerhans cell histiocytosis,all_miss_but_recalled,,s3_hit_s4_miss,0,True,True,False,50,5,Rhabdomyosarcoma,s3_hit_s4_miss,0,True,True,False,18,5,Rhabdomyosarcoma,0,agents_hit_supervisor_drop,True,False,0,3,3,0,draft_miss,False,False,False,True,False,"[""Rhabdomyosarcoma"", ""Orbital cellulitis or abscess""]","[""Rhabdomyosarcoma"", ""Orbital cellulitis or abscess""]",0,rag_miss,False,False,4,12,na,,,,,,,,
mcr,mcr_200b,388,ClearCellMeningioma,all_miss_but_recalled,,s3_hit_s4_miss,0,True,True,False,50,5,Myxopapillary ependymoma,s4_hit_judge_miss,0,True,True,True,20,5,Meningioma,0,supervisor_hit_judge_miss,True,True,,3,3,0,diagnose_hit_judge_miss,True,False,True,True,True,"[""Meningioma"", ""Schwannoma""]","[""Meningioma"", ""Schwannoma""]",0,rag_miss,False,False,4,12,na,,,,,,,,
mcr,mcr_200b,389,Fusarium pneumonia,,,s2_miss,0,False,False,False,52,5,invasive aspergillosis,s2_miss,0,False,False,False,20,5,invasive aspergillosis,0,agents_miss,False,False,,3,3,0,draft_miss,False,False,False,True,False,"[""Invasive Aspergillosis"", ""Granulomatosis with Polyangiitis (GPA)""]","[""Invasive Aspergillosis"", ""Granulomatosis with Polyangiitis (GPA)""]",0,rag_miss,False,False,4,12,na,,,,,,,,
mcr,mcr_200b,390,Intraductal carcinoma,,,s2_miss,0,False,False,False,45,5,Mucoepidermoid carcinoma,s2_miss,0,False,False,False,18,5,Mucoepidermoid carcinoma,0,agents_hit_supervisor_drop,True,False,0,3,3,0,draft_miss,False,False,False,True,False,"[""Salivary Duct Carcinoma"", ""Pleomorphic Adenoma""]","[""Salivary Duct Carcinoma"", ""Pleomorphic Adenoma""]",0,rag_hit_gen_miss,True,False,4,12,na,,,,,,,,
mcr,mcr_200b,391,foreign body granuloma,,,s2_miss,0,False,False,False,45,5,Cholesteatoma,s2_miss,0,False,False,False,16,5,Cholesteatoma,0,agents_miss,False,False,,3,3,0,draft_miss,False,False,False,True,False,"[""Middle Ear Adenocarcinoma"", ""Aggressive Middle Ear Cholesteatoma""]","[""Middle Ear Adenocarcinoma"", ""Aggressive Middle Ear Cholesteatoma""]",0,rag_miss,False,False,4,12,na,,,,,,,,
mcr,mcr_200b,392,Pial arteriovenous fistula,,,s2_miss,0,False,False,False,49,5,Arteriovenous malformation,s2_miss,0,False,False,False,17,5,Arteriovenous malformation,0,agents_hit_supervisor_drop,True,False,0,3,3,0,draft_miss,False,False,False,True,False,"[""Arterial Ischemic Stroke (AIS)"", ""Hemiconvulsive-Hemiplegic Syndrome""]","[""Arterial Ischemic Stroke (AIS)"", ""Hemiconvulsive-Hemiplegic Syndrome""]",0,rag_miss,False,False,4,12,na,,,,,,,,
mcr,mcr_200b,393,mucormycosis,all_miss_but_recalled,,s2_hit_s3_drop,0,True,False,False,53,5,Phycomycosis,s2_miss,0,False,False,False,20,5,Phycomycosis,0,agents_miss,False,False,,3,3,0,draft_miss,False,False,False,True,False,"[""Gastrointestinal fungal infection"", ""Gastric phytobezoars or other gastric foreign bodies""]","[""Gastrointestinal fungal infection"", ""Gastric phytobezoars or other gastric foreign bodies""]",1,gen_ok,False,True,4,12,na,,,,,,,,
mcr,mcr_200b,394,Isolated ACTH deficiency,,,s2_miss,0,False,False,False,51,5,SIADH due to malignancy,s2_miss,0,False,False,False,18,5,SIADH due to malignancy,0,agents_miss,False,False,,3,3,0,draft_miss,False,False,False,True,False,"[""Syndrome of Inappropriate Antidiuretic Hormone Secretion (SIADH)"", ""Paraneoplastic Syndrome""]","[""Syndrome of Inappropriate Antidiuretic Hormone Secretion (SIADH)"", ""Paraneoplastic Syndrome""]",0,rag_miss,False,False,4,12,na,,,,,,,,
mcr,mcr_200b,395,Kummell disease,base_win_rank,,s3_hit_s4_miss,0,True,True,False,49,5,Vertebral osteonecrosis,ok,1,True,True,True,19,5,Kummell disease,1,supervisor_ok,True,True,0,3,3,0,draft_miss,False,False,False,True,False,"[""Osteoporotic Vertebral Compression Fractures"", ""Vertebral Osteonecrosis""]","[""Osteoporotic Vertebral Compression Fractures"", ""Vertebral Osteonecrosis""]",0,gen_hit_judge_miss,False,True,4,12,na,,,,,,,,
mcr,mcr_200b,396,rheumatoid arthritis,,,ok,1,True,True,True,50,5,Rheumatoid Arthritis,ok,1,True,True,True,18,5,Rheumatoid Arthritis,1,supervisor_ok,True,True,0,3,3,1,diagnose_ok,True,False,True,True,True,"[""Rheumatoid Arthritis"", ""Tendinosis/Tendinitis""]","[""Rheumatoid Arthritis"", ""Tendinosis/Tendinitis""]",1,gen_ok,True,True,4,12,na,,,,,,,,
mcr,mcr_200b,397,Cancer associated microangiopathic hemolytic anemia,e7_win_recall,,s3_hit_s4_miss,1,True,True,False,52,5,Thrombotic microangiopathy associated with cancer,s2_miss,0,False,False,False,17,5,Disseminated intravascular coagulation,0,agents_hit_supervisor_drop,True,False,0,3,3,0,draft_miss,False,False,False,True,False,"[""Thrombotic Thrombocytopenic Purpura (TTP)"", ""Atypical Hemolytic Uremic Syndrome (aHUS)""]","[""Thrombotic Thrombocytopenic Purpura (TTP)"", ""Atypical Hemolytic Uremic Syndrome (aHUS)""]",1,gen_ok,True,True,4,12,na,,,,,,,,
mcr,mcr_200b,399,FournierGangrene,,,s2_miss,0,False,False,False,51,5,Neonatal testicular torsion,s2_miss,0,False,False,False,18,5,Scrotal abscess,0,agents_miss,False,False,,3,3,0,draft_miss,False,False,False,True,False,"[""Neonatal testicular torsion"", ""Scrotal abscess""]","[""Neonatal testicular torsion"", ""Scrotal abscess""]",0,rag_miss,False,False,4,12,na,,,,,,,,
mcr,mcr_200b,401,Chronic invasive fungal rhinosinusitis,,,s2_miss,0,False,False,False,55,5,Sinonasal lymphoma,s2_miss,0,False,False,False,20,5,Nasal natural killer/T-cell lymphoma,1,supervisor_miss_but_scored_ok,True,False,0,3,3,0,draft_miss,False,False,False,True,False,"[""Malignant Neoplasm of the Sinus with Orbital Extension"", ""Chronic Fibrosing Inflammation of the Sinus with Orbital Extension""]","[""Malignant Neoplasm of the Sinus with Orbital Extension"", ""Chronic Fibrosing Inflammation of the Sinus with Orbital Extension""]",0,rag_miss,False,False,4,12,na,,,,,,,,
mcr,mcr_200b,402,Primary pleuropulmonary synovial sarcoma,all_miss_but_recalled,,s2_hit_s3_drop,0,True,False,False,49,5,Non-small cell lung cancer,s2_hit_s3_drop,0,True,False,False,20,5,Non-small cell lung cancer,0,agents_miss,False,False,,3,3,0,draft_miss,False,False,False,True,False,"[""Malignant Pleural Effusion"", ""Lymphoma""]","[""Malignant Pleural Effusion"", ""Lymphoma""]",0,rag_miss,False,False,4,12,na,,,,,,,,
mcr,mcr_200b,403,Primary angiitis of the central nervous system,all_miss_but_recalled,,s2_hit_s3_drop,0,True,False,False,48,5,Cardioembolic stroke,s2_miss,0,False,False,False,18,5,Cardioembolic stroke,0,agents_miss,False,False,,3,3,0,draft_miss,False,False,False,True,False,"[""Cardioembolic Stroke"", ""Atherosclerotic-Thrombotic Stroke""]","[""Cardioembolic Stroke"", ""Atherosclerotic-Thrombotic Stroke""]",0,rag_miss,False,False,4,12,na,,,,,,,,
mcr,mcr_200b,405,Synovial sarcoma,,,s2_miss,0,False,False,False,57,5,Budd-Chiari syndrome,s2_miss,0,False,False,False,20,5,Tumor thrombus,0,agents_miss,False,False,,3,3,0,draft_miss,False,False,False,True,False,"[""Budd-Chiari syndrome due to hepatic vein thrombosis"", ""Cardiac angiosarcoma with hepatic vein thrombosis and tumor thrombus""]","[""Budd-Chiari syndrome due to hepatic vein thrombosis"", ""Cardiac angiosarcoma with hepatic vein thrombosis and tumor thrombus""]",0,rag_miss,False,False,4,12,na,,,,,,,,
mcr,mcr_200b,406,Sturge-Weber syndrome,,,ok,1,True,True,True,48,5,Sturge-Weber syndrome,ok,1,True,True,True,17,5,Sturge-Weber syndrome,1,supervisor_ok,True,True,0,3,3,1,diagnose_ok,True,False,True,True,True,"[""Sturge-Weber syndrome"", ""Glaucoma""]","[""Sturge-Weber syndrome"", ""Glaucoma""]",1,gen_ok,True,True,4,12,na,,,,,,,,
mcr,mcr_200b,407,Adrenal myelolipoma,,,ok,1,True,True,True,52,5,Adrenal myelolipoma,ok,1,True,True,True,16,5,Myelolipoma,1,supervisor_ok,True,True,0,3,3,1,diagnose_ok,True,False,True,True,True,"[""Adrenal myelolipoma"", ""Retroperitoneal liposarcoma""]","[""Adrenal myelolipoma"", ""Retroperitoneal liposarcoma""]",1,gen_ok,True,True,4,12,na,,,,,,,,
mcr,mcr_200b,408,sebaceous carcinoma,all_miss_but_recalled,,s2_hit_s3_drop,0,True,False,False,43,5,Primary clear-cell adenocarcinoma of the penis,s2_hit_s3_drop,0,True,False,False,15,5,Primary clear-cell carcinoma of the penis,0,agents_hit_supervisor_drop,True,False,0,3,3,0,draft_miss,False,False,False,True,False,"[""Primary Clear-Cell Squamous Cell Carcinoma of the Penis"", ""Metastatic Clear-Cell Carcinoma to the Penis""]","[""Primary Clear-Cell Squamous Cell Carcinoma of the Penis"", ""Metastatic Clear-Cell Carcinoma to the Penis""]",0,rag_hit_gen_miss,True,False,4,12,na,,,,,,,,
mcr,mcr_200b,409,Chronic necrotizing pancreatitis,,,s2_miss,0,False,False,False,49,5,Pseudochylothorax,s2_miss,0,False,False,False,19,5,Pancreaticopleural fistula,0,agents_hit_supervisor_drop,True,False,0,3,3,0,draft_miss,False,False,False,True,False,"[""Pancreaticopleural fistula"", ""Exudative pleural effusion due to pancreatitis""]","[""Pancreaticopleural fistula"", ""Exudative pleural effusion due to pancreatitis""]",0,rag_hit_gen_miss,True,False,4,12,na,,,,,,,,
mcr,mcr_200b,410,Intraductal papillary neoplasm of the bile duct,,,ok,1,True,True,True,48,5,Intraductal papillary neoplasm of the bile duct,ok,1,True,True,True,20,5,Intraductal papillary neoplasm of the bile duct,1,supervisor_ok,True,True,0,3,3,1,diagnose_ok,True,False,True,True,True,"[""Intraductal Papillary Neoplasm of the Bile Duct (IPNB)"", ""Mucinous Cystic Neoplasm of the Liver""]","[""Intraductal Papillary Neoplasm of the Bile Duct (IPNB)"", ""Mucinous Cystic Neoplasm of the Liver""]",1,gen_ok,True,True,4,12,na,,,,,,,,
mcr,mcr_200b,411,PlexiformSchwannoma,,,s3_hit_s4_miss,1,True,True,False,51,5,plexiform schwannoma,s4_hit_judge_miss,0,True,True,True,19,5,schwannoma,1,supervisor_miss_but_scored_ok,False,False,,3,3,1,diagnose_miss_but_scored_ok,False,False,False,True,False,"[""Plexiform Schwannoma"", ""Glomus Tumor""]","[""Plexiform Schwannoma"", ""Glomus Tumor""]",1,rag_miss,False,False,4,12,na,,,,,,,,
mcr,mcr_200b,412,External cervical resorption,e7_win_rank,,ok,1,True,True,True,54,5,External Cervical Resorption,ok,1,True,True,True,17,5,External Cervical Resorption,0,supervisor_hit_judge_miss,True,True,0,3,3,0,diagnose_hit_judge_miss,True,False,True,True,True,"[""Asymptomatic Irreversible Pulpitis with Normal Apical Tissues"", ""External Cervical Resorption""]","[""Asymptomatic Irreversible Pulpitis with Normal Apical Tissues"", ""External Cervical Resorption""]",0,gen_hit_judge_miss,True,True,4,12,na,,,,,,,,
mcr,mcr_200b,413,schwannoma,,,s2_miss,0,False,False,False,50,5,Esthesioneuroblastoma,s2_miss,0,False,False,False,17,5,Esthesioneuroblastoma,0,agents_miss,False,False,,3,3,0,draft_miss,False,False,False,True,False,"[""Inverted Papilloma"", ""Mucocoele""]","[""Inverted Papilloma"", ""Mucocoele""]",0,rag_miss,False,False,4,12,na,,,,,,,,
mcr,mcr_200b,414,Primary spontaneous pneumothorax,,,s2_miss,0,False,False,False,49,5,Precordial catch syndrome,s2_miss,0,False,False,False,15,5,Precordial catch syndrome,0,agents_miss,False,False,,3,3,0,draft_miss,False,False,False,True,False,"[""Mitral Valve Prolapse"", ""Costochondritis""]","[""Mitral Valve Prolapse"", ""Costochondritis""]",0,rag_miss,False,False,4,12,na,,,,,,,,
mcr,mcr_200b,415,Schwannoma,,,s2_miss,0,False,False,False,49,5,Metastatic papillary thyroid carcinoma,s2_miss,0,False,False,False,15,5,Metastatic papillary thyroid carcinoma,0,agents_miss,False,False,,3,3,0,draft_miss,False,False,False,True,False,"[""Metastatic thyroid carcinoma"", ""Primary high-grade glioma""]","[""Metastatic thyroid carcinoma"", ""Primary high-grade glioma""]",0,rag_miss,False,False,4,12,na,,,,,,,,
mcr,mcr_200b,416,Schistosomiasis,,,ok,1,True,True,True,49,5,Schistosomiasis,s3_hit_s4_miss,0,True,True,False,18,5,Eosinophilic meningomyelitis,1,supervisor_ok,True,True,0,3,3,1,diagnose_miss_but_scored_ok,False,False,False,True,False,"[""Spinal cord infection (e.g., parasitic infection)"", ""Intramedullary spinal cord tumor (e.g., lymphoma)""]","[""Spinal cord infection (e.g., parasitic infection)"", ""Intramedullary spinal cord tumor (e.g., lymphoma)""]",1,gen_ok,False,True,4,12,na,,,,,,,,
mcr,mcr_200b,418,Sarcoidosis,,,ok,1,True,True,True,52,5,Cardiac sarcoidosis,s4_hit_judge_miss,0,True,True,True,17,5,Cardiac sarcoidosis,1,supervisor_ok,True,True,0,3,3,0,diagnose_hit_judge_miss,True,False,True,True,True,"[""Cardiac Sarcoidosis"", ""Arrhythmogenic Right Ventricular Cardiomyopathy (ARVC)""]","[""Cardiac Sarcoidosis"", ""Arrhythmogenic Right Ventricular Cardiomyopathy (ARVC)""]",1,gen_ok,False,True,4,12,na,,,,,,,,
mcr,mcr_200b,419,Inflammatory pseudotumor-like follicular dendritic cell sarcoma,,,s2_miss,0,False,False,False,53,5,Lymphoma with splenic involvement,s2_miss,0,False,False,False,19,5,Angiosarcoma of the spleen,0,agents_miss,False,False,,3,3,0,draft_miss,False,False,False,True,False,"[""Splenic Hamartoma"", ""Lymphoma""]","[""Splenic Hamartoma"", ""Lymphoma""]",0,rag_miss,False,False,4,12,na,,,,,,,,
mcr,mcr_200b,420,Osteochondroma,,,s2_miss,0,False,False,False,49,5,Calcaneal spur,s2_hit_s3_drop,0,True,False,False,19,5,Osteoid osteoma of the calcaneus,0,agents_miss,False,False,,3,3,0,draft_miss,False,False,False,True,False,"[""Calcaneus secundarius"", ""Haglund's deformity""]","[""Calcaneus secundarius"", ""Haglund's deformity""]",0,rag_miss,False,False,4,12,na,,,,,,,,
mcr,mcr_200b,423,schwannoma,all_miss_but_recalled,,s2_hit_s3_drop,0,True,False,False,48,5,Liposarcoma,s2_hit_s3_drop,0,True,False,False,18,5,Liposarcoma,0,agents_miss,False,False,,3,3,0,draft_miss,False,False,False,True,False,"[""Soft tissue sarcoma"", ""Lymphoma""]","[""Soft tissue sarcoma"", ""Lymphoma""]",0,rag_miss,False,False,4,12,na,,,,,,,,
mcr,mcr_200b,424,Nonbacterial thrombotic endocarditis,all_miss_but_recalled,,s2_miss,0,False,False,False,50,5,Systemic Lupus Erythematosus,s2_miss,0,False,True,False,17,5,Systemic Lupus Erythematosus,0,agents_hit_supervisor_drop,True,False,0,3,3,0,diagnose_hit_judge_miss,True,False,True,True,True,"[""Nonbacterial thrombotic endocarditis (NBTE)"", ""Antiphospholipid syndrome (APS)""]","[""Nonbacterial thrombotic endocarditis (NBTE)"", ""Antiphospholipid syndrome (APS)""]",1,gen_ok,True,True,4,12,na,,,,,,,,
mcr,mcr_200b,426,cystoid macular oedema,,,s2_miss,1,False,False,False,49,5,Cystoid Macular Edema,s2_miss,1,False,False,False,19,5,Cystoid Macular Edema,1,supervisor_miss_but_scored_ok,True,False,0,3,3,1,diagnose_miss_but_scored_ok,False,False,False,True,False,"[""Cystoid Macular Edema"", ""Diabetic Macular Edema""]","[""Cystoid Macular Edema"", ""Diabetic Macular Edema""]",1,rag_hit_gen_miss,True,False,4,12,na,,,,,,,,
mcr,mcr_200b,428,Hairy cell leukemia,,,s2_miss,0,False,False,False,57,5,Evans Syndrome,s2_miss,0,False,False,False,18,5,Myelodysplastic Syndrome,0,agents_miss,False,False,,3,3,0,draft_miss,False,False,False,True,False,"[""Felty's Syndrome"", ""Systemic Lupus Erythematosus (SLE)""]","[""Felty's Syndrome"", ""Systemic Lupus Erythematosus (SLE)""]",0,rag_miss,False,False,4,12,na,,,,,,,,
mcr,mcr_200b,430,Atrial tachycardia,all_miss_but_recalled,,s3_hit_s4_miss,0,True,True,False,39,5,Vein of Marshall Epicardial Tachycardia,s3_hit_s4_miss,0,True,True,False,16,5,Vein of Marshall Epicardial Tachycardia,0,supervisor_hit_judge_miss,True,True,0,3,3,0,draft_miss,False,False,False,True,False,"[""Mitral Isthmus Dependent Flutter"", ""Atrial Fibrillation with Epicardial Pathway""]","[""Mitral Isthmus Dependent Flutter"", ""Atrial Fibrillation with Epicardial Pathway""]",0,gen_hit_judge_miss,True,True,4,12,na,,,,,,,,
mcr,mcr_200b,431,congenital cytomegalovirus infection,all_miss_but_recalled,,s3_hit_s4_miss,0,True,True,False,52,5,Porencephaly,s3_hit_s4_miss,0,True,True,False,18,5,Porencephaly,0,agents_hit_supervisor_drop,True,False,0,3,3,0,draft_miss,False,False,False,True,False,"[""Porencephaly"", ""Schizencephaly""]","[""Porencephaly"", ""Schizencephaly""]",1,gen_ok,True,True,4,12,na,,,,,,,,
mcr,mcr_200b,432,Rapidly involuting congenital hemangioma,,,ok,1,True,True,True,46,5,Rapidly involuting congenital hemangioma,ok,1,True,True,True,17,5,Rapidly involuting congenital hemangioma,1,supervisor_ok,True,True,0,3,3,1,diagnose_ok,True,False,True,True,True,"[""Rapidly Involuting Congenital Hemangioma (RICH)"", ""Smooth Muscle Hamartoma""]","[""Rapidly Involuting Congenital Hemangioma (RICH)"", ""Smooth Muscle Hamartoma""]",1,gen_ok,True,True,4,12,na,,,,,,,,
mcr,mcr_200b,434,multifocal diverticulitis,all_miss_but_recalled,,s3_hit_s4_miss,0,True,True,False,52,5,Colorectal cancer,s3_hit_s4_miss,0,True,True,False,19,5,Colorectal cancer,0,agents_hit_supervisor_drop,True,False,0,3,3,0,draft_miss,False,False,False,True,False,"[""Inflammatory Bowel Disease (IBD)"", ""Colorectal Cancer""]","[""Inflammatory Bowel Disease (IBD)"", ""Colorectal Cancer""]",0,rag_miss,False,False,4,12,na,,,,,,,,
mcr,mcr_200b,435,cryptococcoma,,,s2_miss,0,False,False,False,51,5,Metastatic brain tumor,s2_miss,0,False,False,False,16,5,Metastatic brain tumor,0,agents_miss,False,False,,3,3,0,draft_miss,False,False,False,True,False,"[""Metastatic brain tumor"", ""Primary brain tumor""]","[""Metastatic brain tumor"", ""Primary brain tumor""]",0,rag_miss,False,False,4,12,na,,,,,,,,
mcr,mcr_200b,436,Renal artery aneurysm,all_miss_but_recalled,,s3_hit_s4_miss,0,True,True,False,47,5,Spontaneous renal hemorrhage,s3_hit_s4_miss,0,True,True,False,16,5,Spontaneous renal hemorrhage,0,supervisor_hit_judge_miss,True,True,0,3,3,0,draft_miss,False,False,False,True,False,"[""Spontaneous renal hemorrhage"", ""Retroperitoneal hemorrhage due to renovascular cause""]","[""Spontaneous renal hemorrhage"", ""Retroperitoneal hemorrhage due to renovascular cause""]",0,gen_hit_judge_miss,True,True,4,12,na,,,,,,,,
mcr,mcr_200b,437,Hepatopulmonary syndrome,,,s2_miss,0,False,False,False,51,5,Severe prosthesis-patient mismatch,s2_miss,0,False,False,False,20,5,Prosthesis-patient mismatch,0,agents_miss,False,False,,3,3,0,draft_miss,False,False,False,True,False,"[""Heart Failure with Preserved Ejection Fraction (HFpEF)"", ""Prosthetic Valve Dysfunction due to Patient-Prosthesis Mismatch""]","[""Heart Failure with Preserved Ejection Fraction (HFpEF)"", ""Prosthetic Valve Dysfunction due to Patient-Prosthesis Mismatch""]",0,rag_miss,False,False,4,12,na,,,,,,,,
mcr,mcr_200b,438,chemotherapy induced sclerosing cholangitis,,,s2_miss,1,False,False,False,46,5,Sclerosing cholangitis due to paclitaxel,s2_miss,1,False,False,False,17,5,Sclerosing cholangitis due to paclitaxel,0,supervisor_hit_judge_miss,True,True,0,3,3,1,diagnose_miss_but_scored_ok,False,False,False,True,False,"[""Chemotherapy-induced sclerosing cholangitis"", ""Drug-induced liver injury (paclitaxel and bevacizumab associated)""]","[""Chemotherapy-induced sclerosing cholangitis"", ""Drug-induced liver injury (paclitaxel and bevacizumab associated)""]",0,rag_hit_gen_miss,True,False,4,12,na,,,,,,,,
mcr,mcr_200b,441,Dengue encephalitis,,,ok,1,True,True,True,51,5,Dengue encephalitis,ok,1,True,True,True,21,5,Dengue encephalitis,1,supervisor_ok,True,True,0,3,3,1,diagnose_ok,True,False,True,True,True,"[""Dengue Encephalitis"", ""Dengue Hemorrhagic Fever with Neurological Complications""]","[""Dengue Encephalitis"", ""Dengue Hemorrhagic Fever with Neurological Complications""]",1,gen_ok,True,True,4,12,na,,,,,,,,
mcr,mcr_200b,442,Topical corticosteroid withdrawal,,,s2_miss,0,False,False,False,50,5,Steroid-induced rosacea-like dermatitis,s2_miss,0,False,False,False,17,5,Steroid-induced rosacea,0,agents_hit_supervisor_drop,True,False,0,3,3,1,diagnose_miss_but_scored_ok,False,False,False,True,False,"[""Perioral Dermatitis"", ""Topical Steroid Withdrawal""]","[""Perioral Dermatitis"", ""Topical Steroid Withdrawal""]",0,rag_hit_gen_miss,True,False,4,12,na,,,,,,,,
mcr,mcr_200b,443,Thymoma,all_miss_but_recalled,,s2_hit_s3_drop,0,True,False,False,47,5,Non-Hodgkin lymphoma,s2_hit_s3_drop,0,True,False,False,18,5,Non-Hodgkin lymphoma,0,agents_miss,False,False,,3,3,0,draft_miss,False,False,False,True,False,"[""Metastatic lymph node"", ""Malignant lymphoma""]","[""Metastatic lymph node"", ""Malignant lymphoma""]",0,rag_miss,False,False,4,12,na,,,,,,,,
mcr,mcr_200b,444,Langerhans cell histiocytosis,,,ok,1,True,True,True,47,5,Langerhans cell histiocytosis,ok,1,True,True,True,19,5,Langerhans cell histiocytosis,1,supervisor_ok,True,True,0,3,3,1,diagnose_ok,True,False,True,True,True,"[""Langerhans cell histiocytosis"", ""Infectious or inflammatory condition""]","[""Langerhans cell histiocytosis"", ""Infectious or inflammatory condition""]",1,gen_ok,True,True,4,12,na,,,,,,,,
mcr,mcr_200b,445,Actinomycosis,,,s2_miss,0,False,False,False,49,5,Chronic invasive fungal sinusitis,s2_miss,0,False,False,False,18,5,Acute invasive fungal sinusitis,0,agents_miss,False,False,,3,3,0,draft_miss,False,False,False,True,False,"[""Invasive Fungal Sinusitis"", ""Chronic Rhinosinusitis""]","[""Invasive Fungal Sinusitis"", ""Chronic Rhinosinusitis""]",0,rag_miss,False,False,4,12,na,,,,,,,,
mcr,mcr_200b,448,thrombotic thrombocytopenic purpura,,,ok,1,True,True,True,59,5,Thrombotic Thrombocytopenic Purpura,ok,1,True,True,True,18,5,Thrombotic Thrombocytopenic Purpura,1,supervisor_ok,True,True,0,3,3,1,diagnose_ok,True,False,True,True,True,"[""Thrombotic Thrombocytopenic Purpura (TTP)"", ""Hemolytic Uremic Syndrome (HUS)""]","[""Thrombotic Thrombocytopenic Purpura (TTP)"", ""Hemolytic Uremic Syndrome (HUS)""]",1,gen_ok,True,True,4,12,na,,,,,,,,
mcr,mcr_200b,450,lupus pneumonitis,,,s2_miss,0,False,False,False,51,5,Neonatal Lupus,s2_miss,0,False,False,False,17,5,Neonatal Lupus,0,agents_hit_supervisor_drop,True,False,0,3,3,0,draft_miss,False,False,False,True,False,"[""Neonatal Lupus Syndrome"", ""Congenital Heart Disease""]","[""Neonatal Lupus Syndrome"", ""Congenital Heart Disease""]",0,rag_hit_gen_miss,True,False,4,12,na,,,,,,,,
mcr,mcr_200b,451,Spontaneous pneumoperitoneum,,,s3_hit_s4_miss,0,True,True,False,43,5,Idiopathic pneumoperitoneum,s3_hit_s4_miss,1,True,True,False,17,5,Idiopathic pneumoperitoneum,1,supervisor_miss_but_scored_ok,True,False,0,3,3,1,diagnose_miss_but_scored_ok,False,False,False,True,False,"[""Recurrent pneumoperitoneum of unclear etiology"", ""Perforated viscus""]","[""Recurrent pneumoperitoneum of unclear etiology"", ""Perforated viscus""]",0,rag_hit_gen_miss,True,False,4,12,na,,,,,,,,
mcr,mcr_200b,452,fibroadenoma,,,s2_miss,0,False,False,False,50,5,Leiomyosarcoma,s2_miss,0,False,False,False,20,5,Leiomyoma,0,agents_miss,False,False,,3,3,0,draft_miss,False,False,False,True,False,"[""Leiomyoma"", ""Fibrokeratoma""]","[""Leiomyoma"", ""Fibrokeratoma""]",0,rag_miss,False,False,4,12,na,,,,,,,,
mcr,mcr_200b,453,osteoblastoma,,,s2_miss,0,False,False,False,49,5,Cemento-ossifying fibroma,s2_miss,0,False,False,False,19,5,Cemento-ossifying fibroma,0,agents_miss,False,False,,3,3,0,draft_miss,False,False,False,True,False,"[""Cemento-ossifying fibroma"", ""Other benign bone tumors""]","[""Cemento-ossifying fibroma"", ""Other benign bone tumors""]",0,rag_miss,False,False,4,12,na,,,,,,,,
mcr,mcr_200b,454,Gastrointestinal stromal tumor,,,ok,1,True,True,True,43,5,Gastrointestinal Stromal Tumor (GIST),ok,1,True,True,True,16,5,Gastrointestinal Stromal Tumor (GIST),1,supervisor_ok,True,True,0,3,3,1,diagnose_ok,True,False,True,True,True,"[""Gastrointestinal Stromal Tumor (GIST)"", ""Leiomyoma""]","[""Gastrointestinal Stromal Tumor (GIST)"", ""Leiomyoma""]",1,gen_ok,False,True,4,12,na,,,,,,,,
mcr,mcr_200b,455,uterine inversion,,,s2_miss,0,False,False,False,48,5,Vaginal leiomyoma,s2_miss,0,False,False,False,18,5,Aggressive angiomyxoma,0,agents_hit_supervisor_drop,True,False,0,3,3,0,draft_miss,False,False,False,True,False,"[""Vaginal or Cervical Tumor"", ""Uterovaginal Anomaly with Hematocolpos or Hematometra""]","[""Vaginal or Cervical Tumor"", ""Uterovaginal Anomaly with Hematocolpos or Hematometra""]",0,rag_miss,False,False,4,12,na,,,,,,,,
mcr,mcr_200b,456,Ureteroarterial fistula,base_win_recall,,s2_miss,0,False,False,False,48,5,Radiation cystitis,s2_miss,0,False,False,False,17,5,Radiation cystitis,1,supervisor_ok,True,True,0,3,3,0,draft_miss,False,False,False,True,False,"[""Radiation-induced ureteral damage"", ""Ureteroileal fistula with recurrent hematuria""]","[""Radiation-induced ureteral damage"", ""Ureteroileal fistula with recurrent hematuria""]",0,rag_hit_gen_miss,True,False,4,12,na,,,,,,,,
mcr,mcr_200b,457,Ewing sarcoma,,,s2_miss,0,False,False,False,45,5,Hemangiopericytoma,s2_miss,0,False,False,False,20,5,Hemangiopericytoma,0,agents_hit_supervisor_drop,True,False,0,3,3,0,draft_miss,False,False,False,True,False,"[""Hemangiopericytoma"", ""Meningioma""]","[""Hemangiopericytoma"", ""Meningioma""]",0,rag_miss,False,False,4,12,na,,,,,,,,
mcr,mcr_200b,458,Lymphangioleiomyomatosis,base_win_rank,,s3_hit_s4_miss,0,True,True,False,46,5,Birt-Hogg-Dube syndrome,s3_hit_s4_miss,0,True,True,False,15,5,Birt-Hogg-Dube syndrome,0,supervisor_hit_judge_miss,True,True,0,3,3,1,diagnose_ok,True,False,True,True,True,"[""Lymphangioleiomyomatosis (LAM)"", ""Birt-Hogg-Dube syndrome""]","[""Lymphangioleiomyomatosis (LAM)"", ""Birt-Hogg-Dube syndrome""]",1,gen_ok,False,True,4,12,na,,,,,,,,
mcr,mcr_200b,459,Cavernous hemangioma,,,s2_miss,0,False,False,False,48,5,Monostotic fibrous dysplasia,s2_miss,0,False,False,False,16,5,Fibrous dysplasia,0,agents_miss,False,False,,3,3,0,draft_miss,False,False,False,True,False,"[""Fibrous Dysplasia"", ""Other Bone Lesions (e.g. Osteoma, Osteoblastoma)""]","[""Fibrous Dysplasia"", ""Other Bone Lesions (e.g. Osteoma, Osteoblastoma)""]",0,rag_miss,False,False,4,12,na,,,,,,,,
mcr,mcr_200b,460,Schistosomiasis,,,s2_miss,0,False,False,False,60,5,empyema,s2_miss,0,False,False,False,19,5,Empyema,0,agents_miss,False,False,,3,3,0,draft_miss,False,False,False,True,False,"[""Empyema"", ""Tuberculosis""]","[""Empyema"", ""Tuberculosis""]",0,rag_miss,False,False,4,12,na,,,,,,,,
mcr,mcr_200b,461,dengue viral myositis,all_miss_but_recalled,,s2_hit_s3_drop,0,True,False,False,55,5,Rhabdomyolysis,s2_miss,0,False,False,False,21,5,Rhabdomyolysis,0,agents_hit_supervisor_drop,True,False,0,3,3,0,draft_miss,False,False,False,True,False,"[""Rhabdomyolysis"", ""Acute Kidney Injury (AKI)""]","[""Rhabdomyolysis"", ""Acute Kidney Injury (AKI)""]",0,rag_miss,False,False,4,12,na,,,,,,,,
mcr,mcr_200b,463,Femoral–facial syndrome,,,s2_miss,0,False,False,False,51,5,Thanatophoric dysplasia,s2_miss,0,False,False,False,20,5,Amniotic band syndrome,1,supervisor_miss_but_scored_ok,True,False,0,3,3,1,diagnose_miss_but_scored_ok,False,False,False,True,False,"[""Femoral Hypoplasia-Unusual Facies Syndrome"", ""Skeletal Dysplasia (possibly Perinatal Hypophosphatasia)""]","[""Femoral Hypoplasia-Unusual Facies Syndrome"", ""Skeletal Dysplasia (possibly Perinatal Hypophosphatasia)""]",0,rag_hit_gen_miss,True,False,4,12,na,,,,,,,,
mcr,mcr_200b,464,ruptured popliteal artery aneurysm,base_win_rank,,s4_hit_judge_miss,0,True,True,True,47,5,Popliteal artery aneurysm,s4_hit_judge_miss,0,True,True,True,19,5,Popliteal artery aneurysm,1,supervisor_ok,True,True,0,3,3,1,diagnose_ok,True,False,True,True,True,"[""Ruptured Popliteal Artery Aneurysm"", ""Deep Vein Thrombosis""]","[""Ruptured Popliteal Artery Aneurysm"", ""Deep Vein Thrombosis""]",1,gen_ok,True,True,4,12,na,,,,,,,,
mcr,mcr_200b,465,congenital granular cell epulis,,,s2_miss,1,False,False,False,48,5,Congenital epulis,s2_miss,1,False,False,False,19,5,Congenital epulis,1,supervisor_miss_but_scored_ok,True,False,0,3,3,1,diagnose_miss_but_scored_ok,False,False,False,True,False,"[""Congenital Epulis"", ""Gingival Granular Cell Tumor""]","[""Congenital Epulis"", ""Gingival Granular Cell Tumor""]",1,rag_hit_gen_miss,True,False,4,12,na,,,,,,,,
mcr,mcr_200b,466,Basaloid squamous cell carcinoma,all_miss_but_recalled,,s3_hit_s4_miss,0,True,True,False,51,5,Pilonidal sinus,s3_hit_s4_miss,0,True,True,False,19,5,Pyoderma gangrenosum,0,agents_hit_supervisor_drop,True,False,0,3,3,0,draft_miss,False,False,False,True,False,"[""Pilonidal Disease"", ""Chronic Dermatological Condition (e.g., Psoriasis)""]","[""Pilonidal Disease"", ""Chronic Dermatological Condition (e.g., Psoriasis)""]",0,rag_miss,False,False,4,12,na,,,,,,,,
mcr,mcr_200b,467,spinal epidural lipomatosis,,,ok,1,True,True,True,53,5,Spinal epidural lipomatosis,ok,1,True,True,True,19,5,Spinal epidural lipomatosis,1,supervisor_ok,True,True,0,3,3,1,diagnose_ok,True,False,True,True,True,"[""Spinal Epidural Lipomatosis"", ""Epidural Abscess""]","[""Spinal Epidural Lipomatosis"", ""Epidural Abscess""]",1,gen_ok,True,True,4,12,na,,,,,,,,
mcr,mcr_200b,468,cryoglobulinemic vasculitis,,,s2_miss,0,False,False,False,51,5,Primary Angiitis of the Central Nervous System,s2_miss,0,False,False,False,18,5,Central Nervous System Vasculitis,0,agents_hit_supervisor_drop,True,False,0,3,3,0,draft_miss,False,False,False,True,False,"[""Central Nervous System (CNS) Vasculitis"", ""Neurosarcoidosis""]","[""Central Nervous System (CNS) Vasculitis"", ""Neurosarcoidosis""]",0,rag_hit_gen_miss,True,False,4,12,na,,,,,,,,
mcr,mcr_200b,469,mantle cell lymphoma,all_miss_but_recalled,,s3_hit_s4_miss,0,True,True,False,53,5,Intraocular lymphoma,s3_hit_s4_miss,0,True,True,False,18,5,Intraocular lymphoma,0,supervisor_hit_judge_miss,True,True,0,3,3,0,diagnose_hit_judge_miss,True,False,True,True,True,"[""Lymphoma"", ""Vogt-Koyanagi-Harada disease""]","[""Lymphoma"", ""Vogt-Koyanagi-Harada disease""]",0,gen_hit_judge_miss,False,True,4,12,na,,,,,,,,
mcr,mcr_200b,470,cone-rod dystrophy,all_miss_but_recalled,,s3_hit_s4_miss,0,True,True,False,46,5,Stargardt disease,s3_hit_s4_miss,0,True,True,False,16,5,Stargardt disease,0,supervisor_hit_judge_miss,True,True,0,3,3,0,diagnose_hit_judge_miss,True,False,True,True,True,"[""Stargardt disease"", ""Cone-rod dystrophy""]","[""Stargardt disease"", ""Cone-rod dystrophy""]",0,rag_hit_gen_miss,True,False,4,12,na,,,,,,,,
mcr,mcr_200b,471,stress-induced gastric ulcer,,,s2_miss,0,False,False,False,50,5,Meckel's diverticulum,s2_miss,0,False,False,False,18,5,Meckel's diverticulum,0,agents_miss,False,False,,3,3,0,draft_miss,False,False,False,True,False,"[""Peptic Ulcer Disease"", ""Gastroesophageal Varices""]","[""Peptic Ulcer Disease"", ""Gastroesophageal Varices""]",0,rag_miss,False,False,4,12,na,,,,,,,,
mcr,mcr_200b,473,keratoameloblastoma,all_miss_but_recalled,,s3_hit_s4_miss,0,True,True,False,45,5,Unicystic Ameloblastoma,s2_miss,0,False,False,False,18,5,Unicystic Ameloblastoma,0,agents_miss,False,False,,3,3,0,draft_miss,False,False,False,True,False,"[""Unicystic Ameloblastoma"", ""Odontogenic Keratocyst""]","[""Unicystic Ameloblastoma"", ""Odontogenic Keratocyst""]",0,rag_miss,False,False,4,12,na,,,,,,,,
mcr,mcr_200b,474,Neurenteric cyst,,,s2_miss,0,False,False,False,52,5,Hemangioblastoma,s2_miss,0,False,False,False,19,5,Hemangioblastoma,0,agents_miss,False,False,,3,3,0,draft_miss,False,False,False,True,False,"[""Hemangioblastoma"", ""Meningioma""]","[""Hemangioblastoma"", ""Meningioma""]",0,rag_miss,False,False,4,12,na,,,,,,,,
mcr,mcr_200b,475,Parsonage Turner Syndrome,,,s2_miss,0,False,False,False,47,5,Anterior Interosseous Nerve Syndrome,s2_miss,0,False,False,False,16,5,Anterior Interosseous Nerve Syndrome,0,agents_miss,False,False,,3,3,0,draft_miss,False,False,False,True,False,"[""Anterior Interosseous Nerve Syndrome"", ""Mononeuropathy""]","[""Anterior Interosseous Nerve Syndrome"", ""Mononeuropathy""]",0,rag_miss,False,False,4,12,na,,,,,,,,
mcr,mcr_200b,477,Burkitt lymphoma,all_miss_but_recalled,,s3_hit_s4_miss,0,True,True,False,50,5,Intussusception,s2_hit_s3_drop,0,True,False,False,18,5,Intussusception,0,agents_miss,False,False,,3,3,0,draft_miss,False,False,False,True,False,"[""Intussusception"", ""Appendicitis""]","[""Intussusception"", ""Appendicitis""]",0,rag_miss,False,False,4,12,na,,,,,,,,
mcr,mcr_200b,478,toxic megacolon,,,s2_miss,0,False,False,False,50,5,Campylobacter jejuni enteritis,s2_miss,0,False,False,False,20,5,Campylobacter jejuni enteritis,0,agents_miss,False,False,,3,3,0,draft_miss,False,False,False,True,False,"[""Campylobacter jejuni infection"", ""Infectious colitis""]","[""Campylobacter jejuni infection"", ""Infectious colitis""]",0,rag_miss,False,False,4,12,na,,,,,,,,
mcr,mcr_200b,479,Extraskeletal myxoid chondrosarcoma,all_miss_but_recalled,,s3_hit_s4_miss,0,True,True,False,44,5,Myxoid liposarcoma,s3_hit_s4_miss,0,True,True,False,15,5,Myxoid liposarcoma,0,agents_hit_supervisor_drop,True,False,0,3,3,0,draft_miss,False,False,False,True,False,"[""Myxoid Liposarcoma"", ""Myxofibrosarcoma""]","[""Myxoid Liposarcoma"", ""Myxofibrosarcoma""]",0,rag_hit_gen_miss,True,False,4,12,na,,,,,,,,
mcr,mcr_200b,480,Myasthenia gravis,all_miss_but_recalled,,s2_hit_s3_drop,0,True,False,False,53,5,Transient Ischemic Attack,s2_hit_s3_drop,0,True,False,False,18,5,Vertebrobasilar insufficiency,0,supervisor_hit_judge_miss,True,True,0,3,3,0,draft_miss,False,False,False,True,False,"[""Transient Ischemic Attack of the Vertebrobasilar System"", ""Neurodegenerative Disease (e.g. Multiple System Atrophy)""]","[""Transient Ischemic Attack of the Vertebrobasilar System"", ""Neurodegenerative Disease (e.g. Multiple System Atrophy)""]",0,rag_miss,False,False,4,12,na,,,,,,,,
