slice_id,family,source_id,case_id,gold,logged_champion,n_occurrences,legacy_unsafe_merge_pairs,legacy_unsafe_merge_concepts,legacy_evidence_transfer_targets,legacy_foreign_support_spans,exact_minus_legacy_concepts,typed_relation_edges,legacy_gold_contaminated,exact_gold_contaminated,legacy_order_partition_changed,exact_order_partition_changed,legacy_score_top1,exact_score_top1,score_top1_flipped
DA_d2_seq100,DA,3,diagnosisarena__000003,Familial cerebral cavernous malformations,Cerebral cavernous malformation,8,2,2,3,5,2,2,False,False,False,False,Klippel-Trenaunay syndrome,Klippel-Trenaunay syndrome,False
DA_d2_seq100,DA,4,diagnosisarena__000004,Microvenular hemangioma (MVH),Angiolymphoid hyperplasia with eosinophilia,13,1,1,2,3,1,1,False,False,False,False,Angiolymphoid hyperplasia with eosinophilia,Angiolymphoid hyperplasia with eosinophilia,False
DA_d2_seq100,DA,5,diagnosisarena__000005,Left maxillary giant cell reparative granuloma (GCRG),Juvenile Nasopharyngeal Angiofibroma,8,0,0,0,0,0,0,False,False,False,False,Juvenile Nasopharyngeal Angiofibroma,Juvenile Nasopharyngeal Angiofibroma,False
DA_d2_seq100,DA,7,diagnosisarena__000007,Segmental stiff skin syndrome (SSS),Morphea,12,0,0,0,0,0,0,False,False,False,False,Morphea,Morphea,False
DA_d2_seq100,DA,11,diagnosisarena__000011,Acute dacryocystitis with secondary optic nerve injury,Orbital cellulitis,8,2,1,3,7,1,2,False,False,True,False,Orbital cellulitis,Optic neuritis,True
DA_d2_seq100,DA,12,diagnosisarena__000012,Kaposiform hemangioendothelioma (KHE) of the internal auditory canal,Hemangioma,6,2,1,1,2,1,1,False,False,False,False,Hemangioma,Hemangioma,False
DA_d2_seq100,DA,15,diagnosisarena__000015,Primary oral histoplasmosis,Histoplasmosis,12,0,0,0,0,0,0,False,False,False,False,Chronic granulomatous disease,Chronic granulomatous disease,False
DA_d2_seq100,DA,19,diagnosisarena__000019,Follicular thyroid carcinoma with manubrial invasion,Metastatic thyroid carcinoma,7,0,0,0,0,0,1,False,False,False,False,Metastatic thyroid carcinoma,Metastatic thyroid carcinoma,False
DA_d2_seq100,DA,21,diagnosisarena__000021,Saturday night retinopathy with orbital compression syndrome,Acute Angle-Closure Glaucoma,10,0,0,0,0,0,0,False,False,False,False,Compressive optic neuropathy,Compressive optic neuropathy,False
DA_d2_seq100,DA,22,diagnosisarena__000022,Antimelanoma differentiation associated gene 5 clinically amyopathic dermatomyositis,Dermatomyositis,11,0,0,0,0,0,0,False,False,False,False,Dermatomyositis,Dermatomyositis,False
DA_d2_seq100,DA,27,diagnosisarena__000027,Histiocytoid Sweet syndrome,Sweet syndrome,10,0,0,0,0,0,0,False,False,False,False,Sweet syndrome,Sweet syndrome,False
DA_d2_seq100,DA,28,diagnosisarena__000028,Bayés syndrome (Advanced interatrial block with paroxysmal atrial arrhythmias),Hypertensive Heart Disease,9,0,0,0,0,0,0,False,False,False,False,Hypertensive Heart Disease,Hypertensive Heart Disease,False
DA_d2_seq100,DA,29,diagnosisarena__000029,IgG4-related rhinosinusitis with concurrent Streptococcus constellatus bacterial rhinosinusitis,IgG4-related disease,9,0,0,0,0,0,0,False,False,False,False,IgG4-related disease,IgG4-related disease,False
DA_d2_seq100,DA,33,diagnosisarena__000033,ST-segment elevation due to myocardial metastasis from squamous cell carcinoma of the lung,Cardiac Tamponade,9,0,0,0,0,0,0,False,False,False,False,Cardiac Tamponade,Cardiac Tamponade,False
DA_d2_seq100,DA,36,diagnosisarena__000036,Primary cutaneous cryptococcosis (PCC),Cryptococcosis,6,4,1,3,6,1,1,False,False,False,False,Cryptococcosis,Cutaneous Cryptococcosis,True
DA_d2_seq100,DA,39,diagnosisarena__000039,Metastatic Crohn disease,Hiddenitis suppurativa,9,0,0,0,0,0,0,False,False,False,False,Crohn's disease,Crohn's disease,False
DA_d2_seq100,DA,40,diagnosisarena__000040,Invasive squamous cell carcinoma arising in a seborrheic keratosis of the eyelid,Squamous cell carcinoma,5,0,0,0,0,0,0,False,False,False,False,Squamous cell carcinoma,Squamous cell carcinoma,False
DA_d2_seq100,DA,45,diagnosisarena__000045,Drug-induced dermatomyositis secondary to ipilimumab therapy,Dermatomyositis,9,3,1,4,6,1,1,False,False,False,False,Polymyositis,Polymyositis,False
DA_d2_seq100,DA,57,diagnosisarena__000057,Eosinophilic annular erythema (EAE),Drug-induced eosinophilic dermatitis,9,2,1,3,6,1,1,False,False,False,False,Drug-induced eosinophilic dermatitis,Eosinophilic dermatitis,True
DA_d2_seq100,DA,59,diagnosisarena__000059,Anastrozole-associated uveitis with cystoid macular edema,Cystoid Macular Edema,9,5,2,7,9,2,2,False,False,False,False,Cystoid Macular Edema,Cystoid Macular Edema,False
DA_d2_seq100,DA,60,diagnosisarena__000060,Ostium secundum atrial septal defect (OS-ASD),Atrial Septal Defect,6,0,0,0,0,0,0,False,False,False,False,Atrial Septal Defect,Atrial Septal Defect,False
DA_d2_seq100,DA,62,diagnosisarena__000062,Type I cryoglobulinemia associated with multiple myeloma,Multiple Myeloma,10,0,0,0,0,0,0,False,False,False,False,Multiple Myeloma,Multiple Myeloma,False
DA_d2_seq100,DA,63,diagnosisarena__000063,Synchysis scintillans with morning glory disc anomaly and chronic retinal detachment,Morning Glory Syndrome,8,2,1,2,2,1,1,False,False,False,False,Primary Hyperoxaluria,Morning Glory Syndrome,True
DA_d2_seq100,DA,67,diagnosisarena__000067,Septic shock with anuric kidney failure,Bradycardia,8,0,0,0,0,0,0,False,False,False,False,Bradycardia,Bradycardia,False
DA_d2_seq100,DA,72,diagnosisarena__000072,Three-vessel obstructive coronary artery disease,Coronary Artery Disease,10,0,0,0,0,0,0,False,False,False,False,Coronary Artery Disease,Coronary Artery Disease,False
DA_d2_seq100,DA,74,diagnosisarena__000074,Nonkeratinizing squamous cell carcinoma of the nasal mucosa with Schneiderian features,Hidradenoma,8,0,0,0,0,0,0,False,False,False,False,Hidradenoma,Hidradenoma,False
DA_d2_seq100,DA,76,diagnosisarena__000076,Low-grade chondrosarcoma of the mastoid with facial nerve involvement,Facial nerve schwannoma,6,2,1,3,11,1,1,False,False,False,False,Facial nerve schwannoma,Facial nerve schwannoma,False
DA_d2_seq100,DA,81,diagnosisarena__000081,Disseminated Strongyloides stercoralis infection with ocular involvement (choroiditis),Disseminated aspergillosis,9,0,0,0,0,0,0,False,False,False,False,Disseminated aspergillosis,Disseminated aspergillosis,False
DA_d2_seq100,DA,83,diagnosisarena__000083,Enhanced S-cone syndrome (ESCS),Retinitis Pigmentosa,7,0,0,0,0,0,0,False,False,False,False,Retinitis Pigmentosa,Retinitis Pigmentosa,False
DA_d2_seq100,DA,87,diagnosisarena__000087,Myopericarditis,Acute Pericarditis,7,2,1,3,6,1,1,False,False,False,False,Acute Pericarditis,Pericarditis,True
DA_d2_seq100,DA,89,diagnosisarena__000089,Accelerated atrioventricular junctional tachycardia with isorhythmic atrioventricular dissociation,Atrioventricular Nodal Reentrant Tachycardia,6,0,0,0,0,0,0,False,False,False,False,Atrioventricular Nodal Reentrant Tachycardia,Atrioventricular Nodal Reentrant Tachycardia,False
DA_d2_seq100,DA,90,diagnosisarena__000090,Caruncular melanoma,Malignant Melanoma of the Caruncle,6,2,1,3,6,1,1,False,False,False,False,Malignant Melanoma of the Caruncle,Malignant Melanoma of the Caruncle,False
DA_d2_seq100,DA,95,diagnosisarena__000095,"Progressive Ataxia and Palatal Tremor (PAPT), sporadic type",Palatal Myoclonus,9,0,0,0,0,0,0,False,False,False,False,Palatal Myoclonus,Palatal Myoclonus,False
DA_d2_seq100,DA,97,diagnosisarena__000097,Anti-TIF-1γ juvenile dermatomyositis (JDM),Dermatomyositis,10,9,1,6,23,1,1,False,False,False,False,Dermatomyositis,Dermatomyositis,False
DA_d2_seq100,DA,99,diagnosisarena__000099,Epidermolysis bullosa pruriginosa (EBP),Dystrophic Epidermolysis Bullosa,7,12,1,6,25,3,4,False,False,True,False,Dystrophic Epidermolysis Bullosa,Dystrophic Epidermolysis Bullosa,False
DA_d2_seq100,DA,100,diagnosisarena__000100,Telangiectatic metastatic breast carcinoma (TMBC),Cutaneous metastasis,6,2,1,2,5,1,1,False,False,False,False,Cutaneous metastasis,Cutaneous metastasis of breast carcinoma,True
DA_d2_seq100,DA,102,diagnosisarena__000102,Annular epidermolytic ichthyosis (AEI),Epidermolytic Hyperkeratosis,6,0,0,0,0,0,0,False,False,False,False,Bullous Congenital Ichthyosiform Erythroderma,Bullous Congenital Ichthyosiform Erythroderma,False
DA_d2_seq100,DA,103,diagnosisarena__000103,Intra-atrial reentrant tachycardia (IART) with variable atrioventricular block,Orthodromic Atrioventricular Reentrant Tachycardia,8,1,1,2,2,1,1,False,False,False,False,Orthodromic Atrioventricular Reentrant Tachycardia,Supraventricular Tachycardia,True
DA_d2_seq100,DA,107,diagnosisarena__000107,Keloidal scleroderma,Scleromyxedema,9,0,0,0,0,0,0,False,False,False,False,Scleromyxedema,Scleromyxedema,False
DA_d2_seq100,DA,111,diagnosisarena__000111,Inverse lichen planus,Granuloma annulare,9,0,0,0,0,0,0,False,False,False,False,Granuloma annulare,Granuloma annulare,False
DA_d2_seq100,DA,114,diagnosisarena__000114,Reversible cerebral vasoconstriction syndrome (RCVS),Toxic Encephalopathy,9,3,1,3,6,2,2,False,False,True,False,Cannabinoid Hyperemesis Syndrome,Cannabinoid Hyperemesis Syndrome,False
DA_d2_seq100,DA,117,diagnosisarena__000117,Pyoderma with Staphylococcus simulans,Staphylococcal skin infection,6,0,0,0,0,0,0,False,False,False,False,Staphylococcal skin infection,Staphylococcal skin infection,False
DA_d2_seq100,DA,118,diagnosisarena__000118,Inflammation-induced ocular neuropathy associated with SARS-CoV-2–induced panuveitis,Optic Neuritis,10,9,1,5,18,3,3,False,False,True,False,Optic Neuritis,Post-infectious optic neuritis,True
DA_d2_seq100,DA,119,diagnosisarena__000119,Eruptive pruritic papular porokeratosis (EPPP),Grover's disease,6,0,0,0,0,0,0,False,False,False,False,Grover's disease,Grover's disease,False
DA_d2_seq100,DA,120,diagnosisarena__000120,Myopic macular pit,Optic Disc Pit,6,1,1,2,2,1,1,False,False,False,False,Pathologic myopia,Pathologic myopia,False
DA_d2_seq100,DA,122,diagnosisarena__000122,Vagus-mediated paroxysmal atrioventricular block (VP-AVB),Sick Sinus Syndrome,5,0,0,0,0,0,0,False,False,False,False,Sick Sinus Syndrome,Sick Sinus Syndrome,False
DA_d2_seq100,DA,124,diagnosisarena__000124,Primary invasive lobular breast carcinoma in heterotopic cutaneous breast tissue,Hidradenocarcinoma,8,0,0,0,0,0,0,False,False,False,False,Hidradenocarcinoma,Hidradenocarcinoma,False
DA_d2_seq100,DA,125,diagnosisarena__000125,Tumors of the follicular infundibulum (TFI),Eccrine poroma,7,0,0,0,0,0,0,False,False,False,False,Nevus depigmentosus,Nevus depigmentosus,False
DA_d2_seq100,DA,128,diagnosisarena__000128,Cutaneous angiosarcoma,Angiosarcoma,8,0,0,0,0,0,0,False,False,False,False,Kaposi's Sarcoma,Kaposi's Sarcoma,False
DA_d2_seq100,DA,129,diagnosisarena__000129,Short-coupled polymorphic ventricular tachycardia/ventricular fibrillation (SC-PMVT/VF) variant of idiopathic ventricular fibrillation,Catecholaminergic Polymorphic Ventricular Tachycardia (CPVT),6,3,1,2,5,1,1,False,False,False,False,Catecholaminergic Polymorphic Ventricular Tachycardia (CPVT),Catecholaminergic Polymorphic Ventricular Tachycardia (CPVT),False
DA_d2_seq100,DA,132,diagnosisarena__000132,Trifascicular heart block (Bifascicular block with first-degree AV block progressing to complete heart block),High-degree atrioventricular block,13,0,0,0,0,0,1,False,False,False,False,Pulmonary hypertension,Pulmonary hypertension,False
DA_d2_seq100,DA,134,diagnosisarena__000134,Lymphomatosis cerebri variant of diffuse large B-cell lymphoma (DLBCL),Primary Central Nervous System Lymphoma,11,3,1,3,3,1,1,False,False,False,False,Primary Central Nervous System Lymphoma,Primary Central Nervous System Lymphoma,False
DA_d2_seq100,DA,137,diagnosisarena__000137,Papillary hemangioma,Dabska tumor,5,0,0,0,0,0,0,False,False,False,False,Dabska tumor,Dabska tumor,False
DA_d2_seq100,DA,139,diagnosisarena__000139,Radioiodine-refractory vesicular thyroid carcinoma (VTC) with sinonasal metastasis,Vascular Tumor of the Thyroid with metastasis,6,0,0,0,0,0,0,False,False,False,False,Vascular Tumor of the Thyroid with metastasis,Vascular Tumor of the Thyroid with metastasis,False
DA_d2_seq100,DA,140,diagnosisarena__000140,Pheochromocytoma-induced cardiomyopathy,Takotsubo cardiomyopathy,10,0,0,0,0,0,0,False,False,False,False,Takotsubo cardiomyopathy,Takotsubo cardiomyopathy,False
DA_d2_seq100,DA,147,diagnosisarena__000147,Linear or annular lupus erythematosus panniculitis of the scalp (LALPS),Morphea,9,0,0,0,0,0,0,False,False,False,False,Lichen Planopilaris,Lichen Planopilaris,False
DA_d2_seq100,DA,149,diagnosisarena__000149,Giant cell tumor of soft tissue (GCT-ST),Giant Cell Tumor,8,0,0,0,0,0,0,False,False,False,False,Giant Cell Tumor,Giant Cell Tumor,False
DA_d2_seq100,DA,150,diagnosisarena__000150,Transient left abducens (cranial nerve VI) nerve palsy,Abducens nerve palsy,7,0,0,0,0,0,0,False,False,False,False,Abducens nerve palsy,Abducens nerve palsy,False
DA_d2_seq100,DA,151,diagnosisarena__000151,Large middle cerebral artery territory embolic stroke,Atrial Fibrillation with Embolic Stroke,8,1,1,2,2,1,2,False,False,True,False,Atrial Fibrillation with Embolic Stroke,Ischemic stroke,True
DA_d2_seq100,DA,156,diagnosisarena__000156,Drug-induced blepharitis and ectropion associated with TNF-α inhibitors (infliximab and adalimumab),Blepharitis,9,3,1,4,8,1,1,False,False,False,False,Blepharitis,Blepharitis,False
DA_d2_seq100,DA,158,diagnosisarena__000158,Bullous pilomatricoma,Pilomatrixoma,6,0,0,0,0,0,0,False,False,False,False,Pilomatrixoma,Pilomatrixoma,False
DA_d2_seq100,DA,161,diagnosisarena__000161,Hemosiderotic fibrolipomatous tumor (HFLT),Nora's lesion,3,0,0,0,0,0,0,False,False,False,False,Nora's lesion,Nora's lesion,False
DA_d2_seq100,DA,163,diagnosisarena__000163,FIP1L1-PDGFRA–positive chronic eosinophilic leukemia (CEL) with associated generalized eruptive histiocytosis (GEH),Chronic Eosinophilic Leukemia,11,2,1,2,2,1,1,False,False,False,False,Eosinophilic Disorder,Eosinophilic Disorder,False
DA_d2_seq100,DA,164,diagnosisarena__000164,Blastic plasmacytoid dendritic cell neoplasm (BPDCN) with polyradiculopathy,Leukemia,9,4,1,4,10,1,1,False,False,False,False,Leukemia,Acute lymphoblastic leukemia,True
DA_d2_seq100,DA,165,diagnosisarena__000165,Nocardia brasiliensis skin infection,Cutaneous nocardiosis,9,0,0,0,0,0,0,False,False,False,False,Nocardia infection,Nocardia infection,False
DA_d2_seq100,DA,167,diagnosisarena__000167,Chikungunya virus-induced bilateral stromal keratouveitis,Chikungunya virus-associated uveitis,8,0,0,0,0,0,0,False,False,False,False,Chikungunya virus infection,Chikungunya virus infection,False
DA_d2_seq100,DA,173,diagnosisarena__000173,Netherton syndrome,Psoriasis,7,2,1,3,5,1,1,False,False,False,False,Alopecia,Psoriasis,True
DA_d2_seq100,DA,174,diagnosisarena__000174,"Intravascular NK/T-cell lymphoma, nasal type",Intravascular lymphoma,11,0,0,0,0,0,1,False,False,False,False,Cutaneous T-cell lymphoma,Cutaneous T-cell lymphoma,False
DA_d2_seq100,DA,177,diagnosisarena__000177,Subacute left ventricular free wall rupture (LVFWR) complicating acute myocardial infarction,Myocardial Infarction,10,0,0,0,0,0,0,False,False,False,False,Acute Coronary Syndrome,Acute Coronary Syndrome,False
DA_d2_seq100,DA,181,diagnosisarena__000181,Benign lymphangioendothelioma (BLAE),Targetoid hemosiderotic hemangioma,9,5,1,4,10,2,2,False,False,True,False,Targetoid hemosiderotic hemangioma,Targetoid hemosiderotic hemangioma,False
DA_d2_seq100,DA,182,diagnosisarena__000182,Fibrofatty residua of involuted infantile hemangioma,Nevus lipomatosus superficialis,4,0,0,0,0,0,0,False,False,False,False,Lipofibromatosis,Lipofibromatosis,False
DA_d2_seq100,DA,183,diagnosisarena__000183,Glioblastoma (World Health Organization grade IV) with optic nerve invasion and intraocular extension,Glioma,11,3,2,4,5,2,2,False,False,False,False,Glioma,Glioblastoma,True
DA_d2_seq100,DA,186,diagnosisarena__000186,Pseudoxanthoma elasticum-like disorder with coagulation deficiency,Pseudoxanthoma elasticum,6,0,0,0,0,0,0,False,False,False,False,Pseudoxanthoma elasticum,Pseudoxanthoma elasticum,False
DA_d2_seq100,DA,187,diagnosisarena__000187,Xanthoma disseminatum,Erdheim-Chester disease,10,1,1,2,4,1,1,False,False,False,False,Erdheim-Chester disease,Erdheim-Chester disease,False
DA_d2_seq100,DA,188,diagnosisarena__000188,Coronary Artery Disease (CAD) with Giant R-wave Syndrome,Long QT Syndrome,9,0,0,0,0,0,0,False,False,False,False,Arrhythmogenic Right Ventricular Cardiomyopathy,Arrhythmogenic Right Ventricular Cardiomyopathy,False
DA_d2_seq100,DA,190,diagnosisarena__000190,Pott's puffy tumor with sinocutaneous fistula secondary to chronic sinusitis,Frontal sinusitis,9,2,1,3,3,1,1,False,False,False,False,Frontal sinusitis,Chronic frontal sinusitis,True
DA_d2_seq100,DA,194,diagnosisarena__000194,Hyperoleon within a lamellar macular hole,Lamellar Macular Hole,10,0,0,0,0,0,0,False,False,False,False,Lamellar Macular Hole,Lamellar Macular Hole,False
DA_d2_seq100,DA,198,diagnosisarena__000198,Stage IA endometrial cancer,Lynch syndrome,3,0,0,0,0,0,0,False,False,False,False,Lynch syndrome,Lynch syndrome,False
DA_d2_seq100,DA,202,diagnosisarena__000202,Type B lactic acidosis secondary to diffuse large B-cell lymphoma,Lymphoma,9,0,0,0,0,0,0,False,False,False,False,Lymphoma,Lymphoma,False
DA_d2_seq100,DA,205,diagnosisarena__000205,Methimazole-induced vasculitis,Cutaneous Leukocytoclastic Vasculitis,12,0,0,0,0,-1,1,False,False,False,False,Erythema Induratum,Erythema Induratum,False
DA_d2_seq100,DA,206,diagnosisarena__000206,Acute posterior and inferior myocardial infarction (STEMI equivalent) due to saphenous vein graft occlusion,Graft Occlusion,9,0,0,0,0,0,0,False,False,False,False,Acute Coronary Syndrome,Acute Coronary Syndrome,False
DA_d2_seq100,DA,207,diagnosisarena__000207,Mucous membrane pemphigoid (MMP),Cicatricial Pemphigoid,7,2,1,0,0,1,1,False,False,False,False,Cicatricial Pemphigoid,Ocular cicatricial pemphigoid,True
DA_d2_seq100,DA,211,diagnosisarena__000211,Brown tumor secondary to primary hyperparathyroidism due to parathyroid carcinoma,Brown Tumor,9,2,1,3,4,1,1,False,False,False,False,Osteitis Fibrosa Cystica,Osteitis Fibrosa Cystica,False
DA_d2_seq100,DA,214,diagnosisarena__000214,Macular retinal vein occlusion with chronic cystoid macular edema,Cystoid Macular Edema,6,2,1,3,4,1,2,False,False,True,False,Cystoid Macular Edema,Cystoid Macular Edema,False
DA_d2_seq100,DA,216,diagnosisarena__000216,Coronavirus Disease 2019 (COVID-19) with Acute Respiratory Distress Syndrome (ARDS),COVID-19,10,0,0,0,0,0,0,False,False,False,False,Acute Respiratory Distress Syndrome (ARDS),Acute Respiratory Distress Syndrome (ARDS),False
DA_d2_seq100,DA,219,diagnosisarena__000219,Multiple hereditary infundibulocystic basal cell carcinoma syndrome (MHIBCC),Nevoid basal cell carcinoma syndrome,6,6,2,5,13,3,5,False,False,False,False,Nevoid basal cell carcinoma syndrome,Nevoid basal cell carcinoma syndrome,False
DA_d2_seq100,DA,220,diagnosisarena__000220,"Plasmablastic lymphoma (PBL), stage 1 with high-risk features",Extranodal NK/T-cell lymphoma,5,2,1,1,1,1,1,False,False,False,False,Extranodal NK/T-cell lymphoma,Extranodal NK/T-cell lymphoma,False
DA_d2_seq100,DA,225,diagnosisarena__000225,Richter's transformation presenting as penile ulcer (transformation of chronic lymphocytic leukemia to diffuse large B-cell lymphoma),Diffuse large B-cell lymphoma,8,3,1,3,4,1,1,False,False,False,False,Diffuse large B-cell lymphoma,Diffuse large B-cell lymphoma,False
DA_d2_seq100,DA,226,diagnosisarena__000226,Actinic prurigo with associated cheilitis,Discoid Lupus Erythematosus,8,0,0,0,0,0,0,False,False,False,False,Discoid Lupus Erythematosus,Discoid Lupus Erythematosus,False
DA_d2_seq100,DA,227,diagnosisarena__000227,Bullous amyloidosis,Amyloidosis,9,6,1,5,15,1,1,False,False,False,False,Amyloidosis,Multiple myeloma-associated amyloidosis,True
DA_d2_seq100,DA,228,diagnosisarena__000228,Primary systemic (AL) amyloidosis,Primary Systemic Amyloidosis,6,7,1,5,19,2,4,False,False,True,False,Primary Systemic Amyloidosis,Primary Systemic Amyloidosis,False
DA_d2_seq100,DA,229,diagnosisarena__000229,Rheumatoid meningitis,Rheumatoid Meningitis,11,0,0,0,0,0,0,False,False,False,False,Multiple Sclerosis,Multiple Sclerosis,False
DA_d2_seq100,DA,231,diagnosisarena__000231,Stage IV invasive renal urothelial carcinoma,Florid cutaneous papillomatosis,8,0,0,0,0,0,0,False,False,False,False,Tylosis with esophageal cancer,Tylosis with esophageal cancer,False
DA_d2_seq100,DA,233,diagnosisarena__000233,Multisystem Langerhans cell histiocytosis,Langerhans cell histiocytosis,5,6,1,2,2,1,1,False,False,False,False,Langerhans cell histiocytosis,Langerhans cell histiocytosis,False
DA_d2_seq100,DA,237,diagnosisarena__000237,Intergluteal and sacral hyperhidrosis,Hyperhidrosis,7,12,1,6,13,3,3,False,False,False,False,Hyperhidrosis,Hyperhidrosis,False
DA_d2_seq100,DA,241,diagnosisarena__000241,Endogenous endophthalmitis with iris abscess,Endophthalmitis,6,9,1,6,12,1,1,False,False,False,False,Endophthalmitis,Endophthalmitis,False
DA_d2_seq100,DA,242,diagnosisarena__000242,Branch retinal vein occlusion with preretinal neovascularization,Exudative (Wet) Age-related Macular Degeneration,9,0,0,0,0,0,0,False,False,False,False,Neovascular Age-related Macular Degeneration,Neovascular Age-related Macular Degeneration,False
DA_d2_seq100,DA,243,diagnosisarena__000243,Juvenile spring eruption (JSE) associated with parvovirus B19 infection,Erythema multiforme,8,0,0,0,0,0,0,False,False,False,False,Erythema multiforme,Erythema multiforme,False
DA_d2_seq100,DA,246,diagnosisarena__000246,Tufted angioma with somatic KDR mutation,Somatic KDR (VEGFR2) Mutation-associated Vascular Lesion,9,0,0,0,0,0,0,False,False,False,False,Angiosarcoma,Angiosarcoma,False
DA_d2_seq100,DA,249,diagnosisarena__000249,CD8-positive granulomatous cutaneous T-cell lymphoma,Mycosis Fungoides,9,0,0,0,0,0,0,False,False,False,False,Mycosis Fungoides,Mycosis Fungoides,False
DA_d2_heldout100,DA,252,diagnosisarena__000252,Folliculocentric lichen sclerosus et atrophicus,Keratosis pilaris,10,0,0,0,0,0,0,False,False,False,False,Keratosis pilaris,Keratosis pilaris,False
DA_d2_heldout100,DA,254,diagnosisarena__000254,Pyomyositis of the levator scapulae muscle caused by Fusobacterium necrophorum,Paraspinal abscess,9,3,1,3,4,2,2,False,False,False,False,Paraspinal abscess,Lemierre's syndrome,True
DA_d2_heldout100,DA,255,diagnosisarena__000255,Pemphigus erythematosus (Senear-Usher syndrome),Lupus erythematosus,7,6,1,5,20,1,1,False,False,False,False,Lupus erythematosus,Subacute cutaneous lupus erythematosus,True
DA_d2_heldout100,DA,256,diagnosisarena__000256,Paracentral acute middle maculopathy in sickle cell disease,Sickle Cell Retinopathy,8,0,0,0,0,0,0,False,False,False,False,Sickle Cell Retinopathy,Sickle Cell Retinopathy,False
DA_d2_heldout100,DA,257,diagnosisarena__000257,Heterozygous HTRA1-related cerebral small vessel disease (CSVD),HTRA1-related hereditary cerebral small vessel disease,7,2,1,1,1,1,0,False,False,False,False,Cerebral Autosomal Dominant Arteriopathy with Subcortical Infarcts and Leukoencephalopathy (CADASIL),Cerebral Amyloid Angiopathy,True
DA_d2_heldout100,DA,259,diagnosisarena__000259,Right Bundle Branch Block (RBBB) with cardiac arrest due to hypoxemia from COPD exacerbation,Chronic obstructive pulmonary disease (COPD) exacerbation,7,0,0,0,0,0,0,False,False,False,False,Chronic obstructive pulmonary disease (COPD) exacerbation,Chronic obstructive pulmonary disease (COPD) exacerbation,False
DA_d2_heldout100,DA,261,diagnosisarena__000261,Cutaneous malakoplakia,Malakoplakia,4,2,1,3,7,1,1,True,False,False,False,Malakoplakia,Malakoplakia,False
DA_d2_heldout100,DA,262,diagnosisarena__000262,IBD-associated neutrophilic dermatosis with ulcerative colitis,Pyoderma gangrenosum,9,0,0,0,0,0,0,False,False,False,False,Inflammatory bowel disease,Inflammatory bowel disease,False
DA_d2_heldout100,DA,266,diagnosisarena__000266,Arrhythmogenic cardiomyopathy (AC) with biventricular involvement,Arrhythmogenic Right Ventricular Cardiomyopathy (ARVC),5,0,0,0,0,0,0,False,False,False,False,Arrhythmogenic Right Ventricular Cardiomyopathy (ARVC),Arrhythmogenic Right Ventricular Cardiomyopathy (ARVC),False
DA_d2_heldout100,DA,268,diagnosisarena__000268,Ipsilateral hemisphere hemorrhagic stroke with peripheral-type facial paralysis,Stroke,7,3,1,2,3,1,1,False,False,False,False,Stroke,Stroke,False
DA_d2_heldout100,DA,269,diagnosisarena__000269,Severe generalized recessive dystrophic epidermolysis bullosa (RDEB) with revertant mosaicism,Revertant Mosaicism in Dystrophic Epidermolysis Bullosa,6,6,1,5,16,1,2,False,False,False,False,Revertant Mosaicism in Dystrophic Epidermolysis Bullosa,Dystrophic Epidermolysis Bullosa,True
DA_d2_heldout100,DA,270,diagnosisarena__000270,Dual atrioventricular (AV) nonreentrant tachycardia,Infective endocarditis,10,1,1,2,3,1,1,False,False,False,False,Tachyarrhythmia,Infective endocarditis,True
DA_d2_heldout100,DA,272,diagnosisarena__000272,Window-Period Acute Myocardial Infarction,Acute Coronary Syndrome,9,0,0,0,0,0,0,False,False,False,False,Acute Coronary Syndrome,Acute Coronary Syndrome,False
DA_d2_heldout100,DA,273,diagnosisarena__000273,Very severe chronic atopic hand eczema with moderate to severe atopic dermatitis,Allergic Contact Dermatitis,7,0,0,0,0,0,0,False,False,False,False,Allergic Contact Dermatitis,Allergic Contact Dermatitis,False
DA_d2_heldout100,DA,276,diagnosisarena__000276,Carcinoma erysipelatoides arising from triple-negative breast cancer,Carcinoma Erysipelatoides,8,0,0,0,0,0,0,False,False,False,False,Inflammatory Breast Cancer,Inflammatory Breast Cancer,False
DA_d2_heldout100,DA,281,diagnosisarena__000281,Stage IIA Malignant Melanoma with subsequent development of metastasis and a second primary melanoma,Melanoma,7,17,1,7,38,3,3,False,False,True,False,Melanoma,Melanoma,False
DA_d2_heldout100,DA,283,diagnosisarena__000283,Recurrent infiltrative basal cell carcinoma,Basal Cell Carcinoma,7,0,0,0,0,0,0,False,False,False,False,Basal Cell Carcinoma,Basal Cell Carcinoma,False
DA_d2_heldout100,DA,284,diagnosisarena__000284,Low-grade epithelioid pleural mesothelioma with tongue metastasis,Tongue Metastasis of Malignant Mesothelioma,5,5,1,4,12,2,3,False,False,True,False,Tongue Metastasis of Malignant Mesothelioma,Malignant Mesothelioma,True
DA_d2_heldout100,DA,289,diagnosisarena__000289,Frontotemporal lobar degeneration–motor neuron disease (FTLD-MND),Frontotemporal dementia and parkinsonism-17,8,0,0,0,0,0,0,False,False,False,False,Frontotemporal dementia and parkinsonism-17,Frontotemporal dementia and parkinsonism-17,False
DA_d2_heldout100,DA,290,diagnosisarena__000290,Wellens syndrome with critical left anterior descending coronary artery stenosis,Myocardial Infarction,9,2,1,1,2,1,1,False,False,False,False,Variant Angina,Variant Angina,False
DA_d2_heldout100,DA,293,diagnosisarena__000293,TEMPI syndrome,Hereditary Hemorrhagic Telangiectasia,9,0,0,0,0,0,0,False,False,False,False,Hereditary Hemorrhagic Telangiectasia,Hereditary Hemorrhagic Telangiectasia,False
DA_d2_heldout100,DA,299,diagnosisarena__000299,Exophytic Schneiderian papilloma,Inverted papilloma,6,0,0,0,0,0,1,False,False,False,False,Inverted papilloma,Inverted papilloma,False
DA_d2_heldout100,DA,301,diagnosisarena__000301,Paroxysmal Atrioventricular Block,Atrioventricular Block,7,2,1,3,6,1,1,False,False,False,False,Atrioventricular Block,Atrioventricular Block,False
DA_d2_heldout100,DA,302,diagnosisarena__000302,Unilesional folliculotropic mycosis fungoides,Mycosis Fungoides,9,3,1,4,11,1,1,False,False,False,False,Mycosis Fungoides,Mycosis Fungoides,False
DA_d2_heldout100,DA,303,diagnosisarena__000303,Cutaneous Bacillus cereus infection with bacteremia,Ecthyma gangrenosum,8,0,0,0,0,0,0,False,False,False,False,Pseudomonas aeruginosa infection,Pseudomonas aeruginosa infection,False
DA_d2_heldout100,DA,306,diagnosisarena__000306,Candida tropicalis meningoencephalitis,Autoimmune encephalitis,10,3,1,3,3,2,3,False,False,True,False,Autoimmune encephalitis,Autoimmune encephalitis,False
DA_d2_heldout100,DA,308,diagnosisarena__000308,Periorbital Discoid Lupus Erythematosus (DLE),Discoid lupus erythematosus,7,5,1,4,15,2,3,False,False,True,False,Discoid lupus erythematosus,Cutaneous lupus erythematosus,True
DA_d2_heldout100,DA,310,diagnosisarena__000310,Complete spinal cord injury (SCI) at C4-C5 level with intramedullary hemorrhage,Acute Spinal Cord Injury,9,2,1,3,8,1,1,False,False,False,False,Acute Spinal Cord Injury,Acute Spinal Cord Injury,False
DA_d2_heldout100,DA,312,diagnosisarena__000312,Pseudo-α-galactosidase deficiency (PAGD) syndrome with mild neurocognitive disorder,Fabry Disease,8,0,0,0,0,0,0,False,False,False,False,Fabry Disease,Fabry Disease,False
DA_d2_heldout100,DA,313,diagnosisarena__000313,Community-acquired methicillin-resistant Staphylococcus aureus (CA-MRSA) sepsis with septic vasculopathy,Staphylococcal sepsis,10,0,0,0,0,0,0,False,False,False,False,Purpura Fulminans,Purpura Fulminans,False
DA_d2_heldout100,DA,314,diagnosisarena__000314,Peeling skin disease (PSD),Peeling skin disease due to CDSN gene mutations,9,16,2,9,35,3,3,False,False,True,False,Peeling skin syndrome,Peeling skin syndrome,False
DA_d2_heldout100,DA,317,diagnosisarena__000317,Pyoderma vegetans,Pyoderma gangrenosum,8,0,0,0,0,0,0,False,False,False,False,Acute febrile neutrophilic dermatosis (Sweet syndrome),Acute febrile neutrophilic dermatosis (Sweet syndrome),False
DA_d2_heldout100,DA,318,diagnosisarena__000318,Dual tachycardia: Atrial flutter with accelerated idioventricular rhythm (AIVR),Heart Failure,10,2,1,3,6,1,1,False,False,False,False,Heart Failure,Heart Failure,False
DA_d2_heldout100,DA,320,diagnosisarena__000320,Peristomal localized pemphigus vulgaris,Pemphigus vulgaris,4,0,0,0,0,0,0,False,False,False,False,Pemphigus vulgaris,Pemphigus vulgaris,False
DA_d2_heldout100,DA,321,diagnosisarena__000321,Syringocystadenocarcinoma papilliferum in situ (SCACPIS) arising in a precursor lesion of syringocystadenoma papilliferum (SCAP) with macular amyloidosis,Hidradenoma papilliferum,9,0,0,0,0,0,0,False,False,False,False,Hidradenoma papilliferum,Hidradenoma papilliferum,False
DA_d2_heldout100,DA,325,diagnosisarena__000325,Pigmented extramammary Paget disease,Extramammary Paget's Disease,3,0,0,0,0,0,0,False,False,False,False,Extramammary Paget's Disease,Extramammary Paget's Disease,False
DA_d2_heldout100,DA,328,diagnosisarena__000328,Chronic idiopathic urticaria (CIU) due to methylisothiazolinone contact sensitization,Chronic Urticaria,9,0,0,0,0,0,0,False,False,False,False,Chronic Urticaria,Chronic Urticaria,False
DA_d2_heldout100,DA,329,diagnosisarena__000329,Secondary cardiac lymphoma,Cardiac Lymphoma,8,0,0,0,0,0,0,False,False,False,False,Cardiac Lymphoma,Cardiac Lymphoma,False
DA_d2_heldout100,DA,330,diagnosisarena__000330,Trifascicular block (Right bundle-branch block with alternating left anterior and left posterior fascicular block),Cardiac conduction disease,8,0,0,0,0,0,0,False,False,False,False,Cardiac conduction disease,Cardiac conduction disease,False
DA_d2_heldout100,DA,333,diagnosisarena__000333,Rhombencephalitis caused by Listeria monocytogenes,Cerebral Abscess,9,1,1,0,0,1,1,False,False,False,False,Progressive multifocal leukoencephalopathy,Progressive multifocal leukoencephalopathy,False
DA_d2_heldout100,DA,334,diagnosisarena__000334,Phaeohyphomycosis,Phaeohyphomycosis,9,0,0,0,0,0,0,False,False,False,False,Phaeohyphomycosis,Phaeohyphomycosis,False
DA_d2_heldout100,DA,337,diagnosisarena__000337,Spindle cell lipoma (SCL) with focal intramuscular involvement,Madelung's disease,8,0,0,0,0,0,0,False,False,False,False,Nerve tissue tumor,Nerve tissue tumor,False
DA_d2_heldout100,DA,341,diagnosisarena__000341,Leukemia cutis secondary to juvenile myelomonocytic leukemia (JMML),Langerhans cell histiocytosis,9,0,0,0,0,0,0,False,False,False,False,Langerhans cell histiocytosis,Langerhans cell histiocytosis,False
DA_d2_heldout100,DA,347,diagnosisarena__000347,Nonbullous neutrophilic lupus erythematosus,Subacute Cutaneous Lupus Erythematosus,7,0,0,0,0,0,0,False,False,False,False,Subacute Cutaneous Lupus Erythematosus,Subacute Cutaneous Lupus Erythematosus,False
DA_d2_heldout100,DA,348,diagnosisarena__000348,Asymptomatic posterior corneal dystrophy,Crocodile shagreen of the cornea,8,0,0,0,0,0,0,False,False,False,False,Corneal amyloidosis,Corneal amyloidosis,False
DA_d2_heldout100,DA,349,diagnosisarena__000349,Cutaneous histoplasmosis,Cryptococcosis,10,0,0,0,0,0,0,False,False,False,False,Basal cell carcinoma,Basal cell carcinoma,False
DA_d2_heldout100,DA,350,diagnosisarena__000350,Infrahisian Mobitz type I second-degree AV block (Wenckebach phenomenon occurring in His-Purkinje system),Mobitz Type II Second-Degree Atrioventricular Block,8,3,2,2,3,2,3,False,False,False,False,AV Block,Sick Sinus Syndrome,True
DA_d2_heldout100,DA,352,diagnosisarena__000352,Neurocysticercosis,Pseudotumor Cerebri,9,0,0,0,0,0,0,False,False,False,False,Multiple Sclerosis,Multiple Sclerosis,False
DA_d2_heldout100,DA,353,diagnosisarena__000353,Atypical epidermolysis bullosa nevus (benign),Congenital Melanocytic Nevus,8,0,0,0,0,0,1,False,False,False,False,Congenital Melanocytic Nevus,Congenital Melanocytic Nevus,False
DA_d2_heldout100,DA,354,diagnosisarena__000354,COVID-19-associated papulovesicular eruption with endotheliitis-like changes,Toxic Epidermal Necrolysis,9,2,1,1,1,1,1,False,False,False,False,Toxic Epidermal Necrolysis,Toxic Epidermal Necrolysis,False
DA_d2_heldout100,DA,355,diagnosisarena__000355,Advanced interatrial block (IAB) with Bayés syndrome,Atrial Fibrillation,8,0,0,0,0,0,0,False,False,False,False,Atrial Fibrillation,Atrial Fibrillation,False
DA_d2_heldout100,DA,356,diagnosisarena__000356,Cutaneous cystinosis,Tuberous Sclerosis Complex,8,2,1,3,6,1,1,False,False,False,False,Tuberous Sclerosis Complex,Tuberous Sclerosis Complex (TSC) associated angiofibromas,True
DA_d2_heldout100,DA,357,diagnosisarena__000357,Hailey-Hailey disease (HHD),Psoriasis,10,0,0,0,0,0,0,False,False,False,False,Seborrheic dermatitis,Seborrheic dermatitis,False
DA_d2_heldout100,DA,359,diagnosisarena__000359,Wolff-Parkinson-White (WPW) pattern with heart failure exacerbation,Wolff-Parkinson-White syndrome,8,1,1,0,0,1,1,False,False,False,False,Wolff-Parkinson-White syndrome,Wolff-Parkinson-White syndrome,False
DA_d2_heldout100,DA,361,diagnosisarena__000361,Slow-fast atrioventricular nodal reentry tachycardia (AVNRT),Supraventricular Tachycardia,7,9,1,6,12,1,1,False,False,False,False,Supraventricular Tachycardia,Supraventricular Tachycardia,False
DA_d2_heldout100,DA,364,diagnosisarena__000364,Actinic folliculitis,Rosacea,9,9,1,5,25,3,3,False,False,True,False,Rosacea,Rosacea,False
DA_d2_heldout100,DA,365,diagnosisarena__000365,Fibrosis and ulceration caused by meperidine,Injectable drug-induced skin and soft tissue injury,10,4,2,6,10,2,4,False,False,True,False,Pancreatic panniculitis,Pancreatic panniculitis,False
DA_d2_heldout100,DA,367,diagnosisarena__000367,Ciliary body myxoma,Neurofibroma,5,0,0,0,0,0,0,False,False,False,False,Medulloepithelioma,Medulloepithelioma,False
DA_d2_heldout100,DA,368,diagnosisarena__000368,Ichthyosiform mycosis fungoides,Mycosis Fungoides,7,0,0,0,0,0,0,False,False,False,False,Mycosis Fungoides,Mycosis Fungoides,False
DA_d2_heldout100,DA,372,diagnosisarena__000372,Elevated Lipoprotein(a) causing discordance between direct and calculated LDL cholesterol measurements,Familial Hypercholesterolemia,7,0,0,0,0,0,0,False,False,False,False,Familial Hypercholesterolemia,Familial Hypercholesterolemia,False
DA_d2_heldout100,DA,373,diagnosisarena__000373,Anastrozole-associated crystalline retinopathy,Anastrozole-associated crystalline maculopathy,3,0,0,0,0,0,0,False,False,False,False,Anastrozole-associated crystalline maculopathy,Anastrozole-associated crystalline maculopathy,False
DA_d2_heldout100,DA,374,diagnosisarena__000374,Atypical Atrioventricular Nodal Reentrant Tachycardia (Atypical AVNRT),Atrial Tachycardia,6,0,0,0,0,0,0,False,False,False,False,Atrial Tachycardia,Atrial Tachycardia,False
DA_d2_heldout100,DA,375,diagnosisarena__000375,Herpes vegetans,Verrucous Carcinoma,9,2,1,3,7,1,1,False,False,False,False,Genital Herpes Simplex Virus Infection,Verrucous Carcinoma,True
DA_d2_heldout100,DA,379,diagnosisarena__000379,Neurotropic melanoma with orbital spread,Perineural invasion by malignant melanoma,9,11,1,6,27,2,2,False,False,False,False,Perineural invasion by malignant melanoma,Perineural invasion by malignant melanoma,False
DA_d2_heldout100,DA,381,diagnosisarena__000381,Good syndrome,Thymoma-associated multiorgan autoimmunity,9,2,1,3,6,1,1,False,False,False,False,Thymoma-associated multiorgan autoimmunity,Pemphigus Vulgaris,True
DA_d2_heldout100,DA,382,diagnosisarena__000382,Genital porokeratosis (GP),Darier's disease,8,0,0,0,0,0,0,False,False,False,False,Grover's disease,Grover's disease,False
DA_d2_heldout100,DA,383,diagnosisarena__000383,Primary cutaneous embryonal rhabdomyosarcoma,Rhabdomyosarcoma,7,3,1,4,11,1,1,False,False,False,False,Rhabdomyosarcoma,Rhabdomyosarcoma,False
DA_d2_heldout100,DA,387,diagnosisarena__000387,Primary B-cell mucosa-associated lymphoid tissue (MALT) lymphoma of the iris,Primary Iris Lymphoma,8,0,0,0,0,0,0,False,False,False,False,Primary Iris Lymphoma,Primary Iris Lymphoma,False
DA_d2_heldout100,DA,389,diagnosisarena__000389,Cranial nerve 7 (CN7) paresis secondary to acute bacterial sinusitis,Rhinosinusitis,11,0,0,0,0,0,0,False,False,False,False,Rhinosinusitis,Rhinosinusitis,False
DA_d2_heldout100,DA,391,diagnosisarena__000391,Lepromatous leprosy with type 2 leprosy reaction (T2R),Leprosy,10,0,0,0,0,0,0,False,False,False,False,Sarcoidosis,Sarcoidosis,False
DA_d2_heldout100,DA,392,diagnosisarena__000392,Pigmented onychomatricoma,Onychomatricoma,7,0,0,0,0,0,0,False,False,False,False,Onychomatricoma,Onychomatricoma,False
DA_d2_heldout100,DA,397,diagnosisarena__000397,Mirror-image dextrocardia with acute inferior wall and right ventricular myocardial infarction due to proximal right coronary artery occlusion,Acute Myocardial Infarction,7,2,1,2,3,1,1,False,False,False,False,Acute Myocardial Infarction,Acute Myocardial Infarction,False
DA_d2_heldout100,DA,398,diagnosisarena__000398,Poikilodermatous plaque-like hemangioma (PPH),Kaposi's sarcoma,7,3,1,3,3,1,1,False,False,False,False,Kaposi's sarcoma,Kaposi's sarcoma,False
DA_d2_heldout100,DA,399,diagnosisarena__000399,Atrioventricular nodal reentrant tachycardia (AVNRT),Supraventricular Tachycardia,10,0,0,0,0,0,0,False,False,False,False,Supraventricular Tachycardia,Supraventricular Tachycardia,False
DA_d2_heldout100,DA,400,diagnosisarena__000400,Advanced Parkinson disease,Rapid Eye Movement Sleep Behavior Disorder,6,2,1,3,4,1,1,False,False,False,False,Rapid Eye Movement Sleep Behavior Disorder,Obstructive Sleep Apnea,True
DA_d2_heldout100,DA,402,diagnosisarena__000402,Mycobacterium chelonae sinusitis,Tuberculosis,10,0,0,0,0,0,0,False,False,False,False,Granulomatosis with Polyangiitis,Granulomatosis with Polyangiitis,False
DA_d2_heldout100,DA,404,diagnosisarena__000404,Pemetrexed-induced inflammatory and sclerotic edema,pembrolizumab-induced scleroderma-like reaction,8,2,1,3,3,1,1,False,False,False,False,pembrolizumab-induced scleroderma-like reaction,pembrolizumab-induced scleroderma-like reaction,False
DA_d2_heldout100,DA,409,diagnosisarena__000409,Bilateral syphilitic panuveitis with neurosyphilis,Ocular syphilis,9,2,1,3,5,1,1,False,False,False,False,Ocular syphilis,Ocular syphilis,False
DA_d2_heldout100,DA,410,diagnosisarena__000410,Cutaneous cholesterol embolism,Cholesterol crystal embolism,9,0,0,0,0,0,0,False,False,False,False,Vasculitis,Vasculitis,False
DA_d2_heldout100,DA,411,diagnosisarena__000411,Left posterior fascicular ventricular tachycardia (FVT),Atrioventricular Nodal Reentrant Tachycardia (AVNRT),8,0,0,0,0,0,0,False,False,False,False,Atrioventricular Nodal Reentrant Tachycardia (AVNRT),Atrioventricular Nodal Reentrant Tachycardia (AVNRT),False
DA_d2_heldout100,DA,413,diagnosisarena__000413,Cutaneous Langerhans cell histiocytosis (LCH) with concurrent evolving acute myeloid leukemia (AML),Langerhans cell histiocytosis,10,0,0,0,0,0,0,False,False,False,False,Myelodysplastic syndrome,Myelodysplastic syndrome,False
DA_d2_heldout100,DA,414,diagnosisarena__000414,Juvenile-onset glaucoma with compound heterozygous LTBP2 mutations,Weill-Marchesani syndrome,12,0,0,0,0,0,0,False,False,False,False,Weill-Marchesani syndrome,Weill-Marchesani syndrome,False
DA_d2_heldout100,DA,415,diagnosisarena__000415,"Acute myocardial infarction due to critical stenosis of the proximal left anterior descending artery, presenting with de Winter ECG pattern evolving to Wellens syndrome",Myocardial Infarction,10,9,1,5,26,3,5,False,False,True,False,Myocardial Infarction,Acute Coronary Syndrome,True
DA_d2_heldout100,DA,416,diagnosisarena__000416,Mirror-image dextrocardia,Dextrocardia with Situs Inversus,6,0,0,0,0,0,0,False,False,False,False,Dextrocardia with Situs Inversus,Dextrocardia with Situs Inversus,False
DA_d2_heldout100,DA,420,diagnosisarena__000420,Fulminant Myocarditis,Myocarditis,11,1,1,2,3,1,1,False,False,False,False,Myocarditis,Myocarditis,False
DA_d2_heldout100,DA,421,diagnosisarena__000421,Rowell syndrome,Stevens-Johnson Syndrome,12,0,0,0,0,0,0,False,False,False,False,Stevens-Johnson Syndrome,Stevens-Johnson Syndrome,False
DA_d2_heldout100,DA,423,diagnosisarena__000423,Leptomeningeal lymphoplasmacytic lymphoma (LPL),Leptomeningeal lymphoma,6,0,0,0,0,0,0,False,False,False,False,Central nervous system lymphoma,Central nervous system lymphoma,False
DA_d2_heldout100,DA,424,diagnosisarena__000424,"Hyperkeratosis lenticularis perstans (HLP), unilateral presentation",Necrobiosis Lipoidica,4,0,0,0,0,0,0,False,False,False,False,Necrobiosis Lipoidica,Necrobiosis Lipoidica,False
DA_d2_heldout100,DA,425,diagnosisarena__000425,Chronic lymphocytic leukemia (CLL)-associated warm autoimmune hemolytic anemia,Autoimmune Hemolytic Anemia,4,0,0,0,0,0,0,False,False,False,False,Autoimmune Hemolytic Anemia,Autoimmune Hemolytic Anemia,False
DA_d2_heldout100,DA,428,diagnosisarena__000428,Alcohol-induced Prinzmetal variant angina,Alcoholic Cardiomyopathy,10,0,0,0,0,0,0,False,False,False,False,Alcoholic Cardiomyopathy,Alcoholic Cardiomyopathy,False
DA_d2_heldout100,DA,429,diagnosisarena__000429,Secukinumab-induced dermatomyositis exacerbation,Dermatomyositis,7,0,0,0,0,0,0,False,False,False,False,Dermatomyositis,Dermatomyositis,False
DA_d2_heldout100,DA,431,diagnosisarena__000431,Stage IIIC (T4aN3) melanoma with satellite metastases,Melanoma,10,17,1,7,61,3,3,False,False,True,False,Melanoma,Melanoma,False
DA_d2_heldout100,DA,432,diagnosisarena__000432,Bullous lichen planus of the nails,Lichen planus,7,17,1,7,65,3,3,False,False,False,False,Lichen planus,Lichen planus,False
DA_d2_heldout100,DA,434,diagnosisarena__000434,Dermatophyte infection due to Trichophyton interdigitale,Dermatophytosis,6,0,0,0,0,0,0,False,False,False,False,Dermatophytosis,Dermatophytosis,False
DA_d2_heldout100,DA,437,diagnosisarena__000437,Masquerading bundle-branch block (MBBB) with progression to advanced atrioventricular block,Left Bundle Branch Block,9,0,0,0,0,0,0,False,False,False,False,Left Bundle Branch Block,Left Bundle Branch Block,False
DA_d2_heldout100,DA,439,diagnosisarena__000439,Lightning-induced retinopathy with delayed-onset cystoid macular abnormalities,Traumatic maculopathy,9,0,0,0,0,0,0,False,False,False,False,Photoreceptor damage,Photoreceptor damage,False
DA_d2_heldout100,DA,440,diagnosisarena__000440,Pregnancy at 24 weeks gestation,Heterotopic pregnancy,12,0,0,0,0,0,0,False,False,False,False,Heterotopic pregnancy,Heterotopic pregnancy,False
DA_d2_heldout100,DA,449,diagnosisarena__000449,Acute non–ST-segment elevation myocardial infarction (NSTEMI) with Aslanger pattern,Myocardial Infarction,9,6,2,6,12,3,3,False,False,False,False,Myocardial Infarction,Acute Coronary Syndrome,True
DA_d2_heldout100,DA,451,diagnosisarena__000451,Congenital cholesteatoma with fistula formation in the setting of otomandibular syndrome,Middle Ear Cholesteatoma,9,1,1,2,5,1,2,False,False,True,False,Middle Ear Cholesteatoma,Cholesteatoma,True
DA_d2_heldout100,DA,452,diagnosisarena__000452,Antiplakin dermatosis,Paraneoplastic pemphigus,7,0,0,0,0,0,0,False,False,False,False,Paraneoplastic pemphigus,Paraneoplastic pemphigus,False
DA_d2_heldout200b,DA,455,diagnosisarena__000455,Congenital disseminated pyogenic granuloma (CDPG),Infantile hemangioma,6,0,0,0,0,0,0,False,False,False,False,Infantile hemangioma,Infantile hemangioma,False
DA_d2_heldout200b,DA,457,diagnosisarena__000457,Atrophia maculosa varioliformis cutis (AMVC),Discoid lupus erythematosus,8,0,0,0,0,0,0,False,False,False,False,Discoid lupus erythematosus,Discoid lupus erythematosus,False
DA_d2_heldout200b,DA,458,diagnosisarena__000458,LMNA-mediated atrioventricular block with tachyarrhythmias,Lamin A/C cardiomyopathy,13,0,0,0,0,0,1,False,False,False,False,Dilated cardiomyopathy,Dilated cardiomyopathy,False
DA_d2_heldout200b,DA,459,diagnosisarena__000459,Arrhythmia-induced cardiomyopathy due to paroxysmal ectopic atrial tachycardia,Tachycardia-Induced Cardiomyopathy,9,5,3,8,10,3,3,False,False,False,False,Atrial Fibrillation with Heart Failure,Atrial Fibrillation with Heart Failure,False
DA_d2_heldout200b,DA,461,diagnosisarena__000461,Cutaneous pseudolymphoma arising as Wolf's post-herpetic isotopic response,Cutaneous Pseudolymphoma,9,3,1,3,3,2,2,False,False,False,False,Cutaneous Pseudolymphoma,Cutaneous T-cell lymphoma,True
DA_d2_heldout200b,DA,464,diagnosisarena__000464,Pressure necrosis,Purpura fulminans,10,0,0,0,0,0,0,False,False,False,False,Purpura fulminans,Purpura fulminans,False
DA_d2_heldout200b,DA,465,diagnosisarena__000465,Malignant myopericytoma,Angiosarcoma,6,0,0,0,0,0,0,False,False,False,False,Angiosarcoma,Angiosarcoma,False
DA_d2_heldout200b,DA,466,diagnosisarena__000466,Painful Left Bundle-Branch Block (LBBB) Syndrome,Cardiac Syndrome X,2,0,0,0,0,0,0,False,False,False,False,Cardiac Syndrome X,Cardiac Syndrome X,False
DA_d2_heldout200b,DA,468,diagnosisarena__000468,Progressive nodular histiocytosis (PNHC),Juvenile xanthogranuloma,9,0,0,0,0,0,0,False,False,False,False,Juvenile xanthogranuloma,Juvenile xanthogranuloma,False
DA_d2_heldout200b,DA,472,diagnosisarena__000472,Apical hypertrophic obstructive cardiomyopathy,Hypertrophic Cardiomyopathy,9,0,0,0,0,0,0,False,False,False,False,Hypertrophic Cardiomyopathy,Hypertrophic Cardiomyopathy,False
DA_d2_heldout200b,DA,473,diagnosisarena__000473,COVID-19 (SARS-CoV-2 infection),Respiratory Syncytial Virus (RSV) infection,10,0,0,0,0,0,0,False,False,False,False,Respiratory Syncytial Virus (RSV) infection,Respiratory Syncytial Virus (RSV) infection,False
DA_d2_heldout200b,DA,474,diagnosisarena__000474,COVID-19 with cardiac injury and thrombocytopenia-associated multiple organ failure (TAMOF),Myocarditis,10,1,1,2,2,1,1,False,False,False,False,Acute Respiratory Distress Syndrome,Myocarditis,True
DA_d2_heldout200b,DA,477,diagnosisarena__000477,Multisystem Inflammatory Syndrome in Children (MIS-C) with COVID-19 associated acute ischemic stroke,Multisystem Inflammatory Syndrome in Children (MIS-C),10,1,1,1,2,1,1,False,False,False,False,Multisystem Inflammatory Syndrome in Children (MIS-C),Multisystem Inflammatory Syndrome in Children (MIS-C),False
DA_d2_heldout200b,DA,478,diagnosisarena__000478,Severe SARS-CoV-2 infection,Respiratory Syncytial Virus (RSV) infection,9,5,2,5,8,3,3,False,False,True,False,Respiratory Distress Syndrome,Sepsis,True
DA_d2_heldout200b,DA,479,diagnosisarena__000479,Epstein-Barr virus (EBV) hepatitis,Infectious Mononucleosis,9,0,0,0,0,0,0,False,False,False,False,Autoimmune Hepatitis,Autoimmune Hepatitis,False
DA_d2_heldout200b,DA,480,diagnosisarena__000480,Negative pressure pulmonary oedema with pulmonary haemorrhage,High-Altitude Pulmonary Edema,9,0,0,0,0,0,0,False,False,False,False,High-Altitude Pulmonary Edema,High-Altitude Pulmonary Edema,False
DA_d2_heldout200b,DA,481,diagnosisarena__000481,Severe Influenza A (H3N2) infection,Influenza A (H3N2) pneumonia,10,0,0,0,0,0,1,False,False,False,False,Acute respiratory distress syndrome (ARDS),Acute respiratory distress syndrome (ARDS),False
DA_d2_heldout200b,DA,482,diagnosisarena__000482,Peripheral T-cell non-Hodgkin lymphoma,Hemophagocytic Lymphohistiocytosis (HLH),9,0,0,0,0,0,0,False,False,False,False,Hemophagocytic Lymphohistiocytosis (HLH),Hemophagocytic Lymphohistiocytosis (HLH),False
DA_d2_heldout200b,DA,484,diagnosisarena__000484,Poncet's Disease with tuberculous lymphadenitis,Tuberculosis,7,0,0,0,0,0,0,False,False,False,False,Sarcoidosis,Sarcoidosis,False
DA_d2_heldout200b,DA,485,diagnosisarena__000485,Focal segmental necrotising immune-complex glomerulonephritis triggered by chronic LVAD infection with Corynebacterium jeikeium,Necrotising Immune-Complex Glomerulonephritis,11,0,0,0,0,0,0,False,False,False,False,Chronic kidney disease,Chronic kidney disease,False
DA_d2_heldout200b,DA,486,diagnosisarena__000486,Histoid leprosy,Lupus vulgaris,12,2,1,3,3,1,1,False,False,False,False,Erythema nodosum,Lupus erythematosus,True
DA_d2_heldout200b,DA,487,diagnosisarena__000487,Atypical Tuberous Myxoedema (Scleromyxoedema variant),Necrobiotic xanthogranuloma,11,0,0,0,0,0,0,False,False,False,False,Sjögren's syndrome,Sjögren's syndrome,False
DA_d2_heldout200b,DA,488,diagnosisarena__000488,Myelodysplastic syndrome (MDS) with refractory anaemia with excess blasts-1 presenting with leukaemic vasculitis,Myelodysplastic syndrome,10,0,0,0,0,0,0,False,False,False,False,Sweet syndrome,Sweet syndrome,False
DA_d2_heldout200b,DA,489,diagnosisarena__000489,Pseudohypoparathyroidism type Ib (confirmed by genetic testing showing broad GNAS methylation changes with loss of all maternal methylation imprints),Hypoparathyroidism,9,11,1,4,5,2,2,False,False,False,False,Hypoparathyroidism,Epilepsy,True
DA_d2_heldout200b,DA,490,diagnosisarena__000490,Starvation colitis,Hunger Strike-Related Colitis,10,0,0,0,0,0,0,False,False,False,False,Inflammatory Bowel Disease,Inflammatory Bowel Disease,False
DA_d2_heldout200b,DA,493,diagnosisarena__000493,Dengue myocarditis,Dengue hemorrhagic fever,10,0,0,0,0,0,1,False,False,False,False,Pulmonary edema,Pulmonary edema,False
DA_d2_heldout200b,DA,496,diagnosisarena__000496,Listeria monocytogenes infection in a liver transplant recipient,Sepsis,13,0,0,0,0,0,0,False,False,False,False,Sepsis,Sepsis,False
DA_d2_heldout200b,DA,497,diagnosisarena__000497,Cardioembolic stroke with underlying hypercoagulable state due to metastatic breast cancer and autoimmune hemolytic anemia,Disseminated intravascular coagulation,13,0,0,0,0,0,0,False,False,False,False,Disseminated intravascular coagulation,Disseminated intravascular coagulation,False
DA_d2_heldout200b,DA,498,diagnosisarena__000498,Denied pregnancy with stillbirth delivery complicated by eclampsia and posterior reversible encephalopathy syndrome (PRES),Molar Pregnancy,11,1,1,2,2,1,1,False,False,False,False,Eclampsia or preeclampsia,Pregnancy-related complications,True
DA_d2_heldout200b,DA,500,diagnosisarena__000500,Pemetrexed-related acute lipodermatosclerosis-like eruption,Chronic Venous Insufficiency,9,2,1,0,0,1,1,False,False,False,False,Chronic Venous Insufficiency,Chronic Venous Insufficiency,False
DA_d2_heldout200b,DA,501,diagnosisarena__000501,Epstein-Barr virus–associated polymorphic lymphoproliferative disorder involving the adrenal gland,Adrenal Cortical Carcinoma,13,0,0,0,0,0,0,False,False,False,False,Metastatic Renal Cell Carcinoma,Metastatic Renal Cell Carcinoma,False
DA_d2_heldout200b,DA,506,diagnosisarena__000506,Neuro-Behçet Disease,Herpes Simplex Encephalitis,10,0,0,0,0,0,0,False,False,False,False,Herpes Simplex Encephalitis,Herpes Simplex Encephalitis,False
DA_d2_heldout200b,DA,507,diagnosisarena__000507,Primary isolated cardiac myeloid sarcoma,Cardiac Sarcoma,9,3,2,5,8,2,2,False,False,False,False,Cardiac Sarcoma,Cardiac Sarcoma,False
DA_d2_heldout200b,DA,508,diagnosisarena__000508,Subcutaneous panniculitis-like T-cell lymphoma (SPTCL) with hemophagocytic lymphohistiocytosis (HLH),Hemophagocytic Lymphohistiocytosis (HLH),6,2,1,0,0,1,1,False,False,False,False,Hemophagocytic Lymphohistiocytosis (HLH),Hemophagocytic Lymphohistiocytosis (HLH),False
DA_d2_heldout200b,DA,509,diagnosisarena__000509,Williamsia spongiae/serinedens/deligens bacteremia,Catheter-related bloodstream infection,7,0,0,0,0,0,0,False,False,False,False,Catheter-related bloodstream infection,Catheter-related bloodstream infection,False
DA_d2_heldout200b,DA,510,diagnosisarena__000510,Overlap syndrome involving diffuse systemic sclerosis and systemic lupus erythematosus,Systemic Sclerosis,9,0,0,0,0,0,0,False,False,False,False,Systemic Sclerosis,Systemic Sclerosis,False
DA_d2_heldout200b,DA,511,diagnosisarena__000511,Capnocytophaga canimorsus-induced immune thrombocytopenia,Capnocytophaga canimorsus infection,9,2,1,3,7,1,1,False,False,False,False,Sepsis,Disseminated Intravascular Coagulation (DIC),True
DA_d2_heldout200b,DA,513,diagnosisarena__000513,Perivascular endothelial carcinoma (PEComa) of the liver,Metastatic melanoma to the liver,8,1,1,2,2,1,1,False,False,False,False,Metastatic melanoma to the liver,Hepatocellular carcinoma,True
DA_d2_heldout200b,DA,514,diagnosisarena__000514,Effusive-constrictive pericarditis,Constrictive Pericarditis,9,0,0,0,0,0,0,False,False,False,False,Restrictive Cardiomyopathy,Restrictive Cardiomyopathy,False
DA_d2_heldout200b,DA,518,diagnosisarena__000518,Catastrophic Adult-onset Still Disease (AOSD) with secondary hemophagocytic lymphohistiocytosis/macrophage activation syndrome (MAS),Still's disease,11,5,2,5,11,2,2,False,False,False,False,Still's disease,Still's disease,False
DA_d2_heldout200b,DA,522,diagnosisarena__000522,Catatonia related to underlying Lewy body dementia,Catatonia,11,0,0,0,0,0,0,False,False,False,False,Catatonia,Catatonia,False
DA_d2_heldout200b,DA,523,diagnosisarena__000523,Acute-on-chronic liver failure due to acute hepatitis C virus infection,Hepatitis C,10,0,0,0,0,0,0,False,False,False,False,Cirrhosis,Cirrhosis,False
DA_d2_heldout200b,DA,524,diagnosisarena__000524,Acute embolic stroke due to clot formation in retained Impella graft,Embolic stroke,7,5,1,4,6,2,2,False,False,True,False,Embolic stroke,Aortic thrombosis,True
DA_d2_heldout200b,DA,527,diagnosisarena__000527,Compound heterozygosity for Hemoglobin Tak and Hemoglobin E with polycythemia,Hemoglobin E disease,10,0,0,0,0,0,0,False,False,False,False,Hemoglobin E disease,Hemoglobin E disease,False
DA_d2_heldout200b,DA,529,diagnosisarena__000529,Multidrug-resistant Cytomegalovirus (CMV) infection,Cytomegalovirus (CMV) infection,10,1,1,0,0,1,2,False,False,False,False,Cytomegalovirus (CMV) infection,Cytomegalovirus (CMV) infection,False
DA_d2_heldout200b,DA,530,diagnosisarena__000530,Calcinosis cutis in Sjögren syndrome,Limited Systemic Sclerosis,12,2,1,1,1,1,1,False,False,False,False,Limited Systemic Sclerosis,Limited Systemic Sclerosis,False
DA_d2_heldout200b,DA,532,diagnosisarena__000532,Interatrial septal lipoma causing Superior Vena Cava (SVC) compression,Superior Vena Cava Syndrome,8,0,0,0,0,0,0,False,False,False,False,Superior Vena Cava Syndrome,Superior Vena Cava Syndrome,False
DA_d2_heldout200b,DA,535,diagnosisarena__000535,Bilateral facial nerve palsy induced by nab-paclitaxel,Facial neuritis,8,0,0,0,0,0,0,False,False,False,False,Facial neuritis,Facial neuritis,False
DA_d2_heldout200b,DA,536,diagnosisarena__000536,Subacute Invasive Aspergillosis (SAIA) with pneumothorax,Chronic Pulmonary Aspergillosis,12,0,0,0,0,0,0,False,False,False,False,Chronic Pulmonary Aspergillosis,Chronic Pulmonary Aspergillosis,False
DA_d2_heldout200b,DA,537,diagnosisarena__000537,Drug-induced acute dystonia caused by sacubitril/valsartan combination therapy,Acute Dystonic Reaction,6,0,0,0,0,0,0,False,False,False,False,Acute Dystonic Reaction,Acute Dystonic Reaction,False
DA_d2_heldout200b,DA,539,diagnosisarena__000539,"Pancreatitis, Panniculitis, and Polyarthritis (PPP) syndrome secondary to pancreatic-venous fistula associated with intraductal papillary mucinous neoplasm (IPMN)",Pancreatic panniculitis,7,2,1,3,12,1,2,False,False,False,False,Pancreatic cancer,Pancreatic panniculitis,True
DA_d2_heldout200b,DA,540,diagnosisarena__000540,Acute Oxalate Nephropathy,Diabetic Ketoacidosis,11,0,0,0,0,0,0,False,False,False,False,Diabetic Ketoacidosis,Diabetic Ketoacidosis,False
DA_d2_heldout200b,DA,542,diagnosisarena__000542,Cytomegalovirus (CMV) Proctitis,Cytomegalovirus colitis,9,0,0,0,0,0,1,False,False,False,False,Ischemic colitis,Ischemic colitis,False
DA_d2_heldout200b,DA,543,diagnosisarena__000543,Legionella myocarditis,Legionnaires' disease,10,0,0,0,0,0,0,False,False,False,False,Legionnaires' disease,Legionnaires' disease,False
DA_d2_heldout200b,DA,544,diagnosisarena__000544,Loeys-Dietz Syndrome 5 (LDS5) confirmed by pathogenic TGFB3 variant c.427A>T (p.Arg143*),Ehlers-Danlos Syndrome,7,0,0,0,0,0,0,False,False,False,False,Ehlers-Danlos Syndrome,Ehlers-Danlos Syndrome,False
DA_d2_heldout200b,DA,548,diagnosisarena__000548,Rhabdomyolysis associated with Relugolix,Rhabdomyolysis,10,6,1,5,14,1,1,False,False,False,False,Rhabdomyolysis,Rhabdomyolysis,False
DA_d2_heldout200b,DA,549,diagnosisarena__000549,Systemic Lupus Erythematosus with IgA Nephropathy and Acute Progressive Glomerulonephritis,Rapidly Progressive Glomerulonephritis,9,4,2,4,5,2,2,False,False,False,False,IgA Nephropathy,IgA Nephropathy,False
DA_d2_heldout200b,DA,551,diagnosisarena__000551,Linagliptin-induced acute pancreatitis,Acute Pancreatitis,10,0,0,0,0,0,0,False,False,False,False,Diabetic Ketoacidosis,Diabetic Ketoacidosis,False
DA_d2_heldout200b,DA,553,diagnosisarena__000553,Succinate dehydrogenase (SDH)-deficient paraganglioma of the prostate with multiple and recurrent paragangliomas,Paraganglioma,9,3,1,4,9,1,1,False,False,False,False,Paraganglioma,Paraganglioma,False
DA_d2_heldout200b,DA,555,diagnosisarena__000555,Euglycemic Diabetic Ketoacidosis,Acute kidney injury,9,16,1,7,27,2,2,False,False,True,False,Diabetic ketoacidosis,Diabetic ketoacidosis,False
DA_d2_heldout200b,DA,556,diagnosisarena__000556,Disseminated Strongyloides infection with concurrent Aspergillus infection,Strongyloidiasis,9,0,0,0,0,0,0,False,False,False,False,Invasive Aspergillosis,Invasive Aspergillosis,False
DA_d2_heldout200b,DA,559,diagnosisarena__000559,"Skin necrosis induced by low-molecular-weight heparin, produced at a distance from the point of heparin inoculation",Heparin-induced thrombocytopenia,11,0,0,0,0,0,0,False,False,False,False,Heparin-induced thrombocytopenia,Heparin-induced thrombocytopenia,False
DA_d2_heldout200b,DA,560,diagnosisarena__000560,Graves' disease with thyroid storm,Atrial Fibrillation,12,0,0,0,0,0,0,False,False,False,False,Atrial Fibrillation,Atrial Fibrillation,False
DA_d2_heldout200b,DA,563,diagnosisarena__000563,Raoultella planticola bacteremia,Sepsis,8,0,0,0,0,0,1,False,False,False,False,Sepsis,Sepsis,False
DA_d2_heldout200b,DA,565,diagnosisarena__000565,ALK-positive lung adenocarcinoma with paraneoplastic RS3PE (Remitting Seronegative Symmetrical Synovitis with Pitting Edema),Paraneoplastic syndrome,9,1,1,2,2,1,1,False,False,False,False,Paraneoplastic syndrome,Paraneoplastic syndrome,False
DA_d2_heldout200b,DA,566,diagnosisarena__000566,"High-grade (3A) follicular lymphoma, stage IVB",Nodular lymphocyte-predominant Hodgkin lymphoma,8,5,1,4,6,2,3,False,False,True,False,Nodular lymphocyte-predominant Hodgkin lymphoma,Nodular lymphocyte-predominant Hodgkin lymphoma,False
DA_d2_heldout200b,DA,567,diagnosisarena__000567,Neisseria sicca bacteremia,Sepsis,9,13,1,6,41,3,3,False,False,True,False,Sepsis,Neutropenic sepsis,True
DA_d2_heldout200b,DA,568,diagnosisarena__000568,Primary Cardiac Synovial Sarcoma (PCSS),Synovial Sarcoma,7,3,1,4,8,1,2,False,False,False,False,Synovial Sarcoma,Synovial Sarcoma,False
DA_d2_heldout200b,DA,569,diagnosisarena__000569,COVID-19-induced inflammatory cardiac channelopathy with refractory ventricular fibrillation,Myocarditis,13,0,0,0,0,0,0,False,False,False,False,Myocarditis,Myocarditis,False
DA_d2_heldout200b,DA,573,diagnosisarena__000573,Chronic Myelogenous Leukemia in Lymphoid Blast Crisis,Acute Lymphoblastic Leukemia,10,0,0,0,0,0,0,False,False,False,False,Acute Lymphoblastic Leukemia,Acute Lymphoblastic Leukemia,False
DA_d2_heldout200b,DA,574,diagnosisarena__000574,Mixed Langerhans cell histiocytosis (LCH) and Erdheim-Chester disease (ECD) with renovascular hypertension,Renovascular hypertension,9,0,0,0,0,0,0,False,False,False,False,Renovascular hypertension,Renovascular hypertension,False
DA_d2_heldout200b,DA,575,diagnosisarena__000575,Co-infection with Plasmodium falciparum and Plasmodium ovale,Malaria,8,5,1,3,12,2,2,False,False,True,False,Malaria,Malaria,False
DA_d2_heldout200b,DA,577,diagnosisarena__000577,Hyperviscosity Syndrome in Rheumatoid Arthritis,Heart Failure,12,0,0,0,0,0,0,False,False,False,False,Heart Failure,Heart Failure,False
DA_d2_heldout200b,DA,578,diagnosisarena__000578,Secondary squamous cell carcinoma of the anterior mediastinum with unknown primary site,Squamous cell carcinoma,9,0,0,0,0,0,0,False,False,False,False,Pulmonary embolism,Pulmonary embolism,False
DA_d2_heldout200b,DA,579,diagnosisarena__000579,Gas-containing brain abscess,Brain Abscess,11,6,1,5,8,1,1,False,False,False,False,Brain Abscess,Otogenic Brain Abscess,True
DA_d2_heldout200b,DA,580,diagnosisarena__000580,T-cell prolymphocytic leukemia (T-PLL),Cutaneous T-cell lymphoma,11,0,0,0,0,0,0,False,False,False,False,Cutaneous T-cell lymphoma,Cutaneous T-cell lymphoma,False
DA_d2_heldout200b,DA,582,diagnosisarena__000582,Extrahepatic cholangiocarcinoma with paraneoplastic myositis,Pancreatic adenocarcinoma,9,0,0,0,0,0,0,False,False,False,False,Pancreatic adenocarcinoma,Pancreatic adenocarcinoma,False
DA_d2_heldout200b,DA,583,diagnosisarena__000583,Surfer's Myelopathy,Spinal Cord Injury,8,7,2,6,18,2,2,False,False,False,False,Spinal Cord Injury,Spinal Cord Injury,False
DA_d2_heldout200b,DA,584,diagnosisarena__000584,Acute immune thrombocytopenia (ITP),Thrombocytopenia,10,11,2,7,17,4,5,False,False,True,False,Thrombocytopenia,Cirrhosis,True
DA_d2_heldout200b,DA,586,diagnosisarena__000586,Rifampin-induced acute renal failure due to heme pigment-related injury,Rifampin-induced acute tubular necrosis,8,0,0,0,0,0,0,False,False,False,False,Rifampin-induced acute tubular necrosis,Rifampin-induced acute tubular necrosis,False
DA_d2_heldout200b,DA,587,diagnosisarena__000587,PARP inhibitor-induced interstitial lung disease (ILD),Drug-induced pneumonitis,10,1,1,2,2,1,1,False,False,False,False,Drug-induced pneumonitis,Drug-induced pneumonitis,False
DA_d2_heldout200b,DA,589,diagnosisarena__000589,Edwardsiella tarda infection with empyema,Empyema,9,3,1,3,7,2,2,False,False,True,False,Empyema,Spontaneous Bacterial Peritonitis,True
DA_d2_heldout200b,DA,590,diagnosisarena__000590,Left Ventricular Pseudoaneurysm after Inferior Myocardial Infarction,Myocardial Infarction,11,7,1,5,28,2,3,False,False,False,False,Myocardial Infarction,Myocardial Infarction,False
DA_d2_heldout200b,DA,591,diagnosisarena__000591,Recurrent plaque erosion presenting as Non-ST-segment elevation myocardial infarction (NSTEMI),Myocardial Infarction,9,2,1,3,5,1,2,False,False,True,False,Myocardial Infarction,Acute Coronary Syndrome,True
DA_d2_heldout200b,DA,592,diagnosisarena__000592,Pulmonary Reperfusion Injury after catheter-directed thrombectomy for acute pulmonary embolism,Pulmonary Embolism,8,1,1,2,3,1,1,False,False,False,False,Pulmonary Embolism,Pulmonary Embolism,False
DA_d2_heldout200b,DA,593,diagnosisarena__000593,Re-expansion Pulmonary Edema (RPE),Malignant pleural effusion,10,0,0,0,0,0,0,False,False,False,False,Pulmonary embolism,Pulmonary embolism,False
DA_d2_heldout200b,DA,596,diagnosisarena__000596,Renal sarcoidosis with Fanconi syndrome,Sarcoidosis,9,0,0,0,0,0,0,False,False,False,False,Multiple Myeloma,Multiple Myeloma,False
DA_d2_heldout200b,DA,598,diagnosisarena__000598,Heroin-induced bullous emphysema,Chronic Obstructive Pulmonary Disease (COPD),9,0,0,0,0,0,0,False,False,False,False,Chronic Obstructive Pulmonary Disease (COPD),Chronic Obstructive Pulmonary Disease (COPD),False
DA_d2_heldout200b,DA,600,diagnosisarena__000600,Wong-type Dermatomyositis,Dermatomyositis,11,0,0,0,0,0,0,False,False,False,False,Dermatomyositis,Dermatomyositis,False
DA_d2_heldout200b,DA,601,diagnosisarena__000601,Acinic cell carcinoma (ACC) with high-grade transformation and ACTH-dependent Cushing syndrome,Ectopic ACTH-producing tumor,8,2,1,3,10,1,2,False,False,True,False,Cushing's syndrome,Cushing's syndrome due to ectopic ACTH-producing tumor,True
DA_d2_heldout200b,DA,602,diagnosisarena__000602,Tumoral Calcinosis (Normophosphatemic subtype),Calcinosis,9,2,1,3,3,1,1,False,False,False,False,Calcinosis,Sickle Cell Disease,True
DA_d2_heldout200b,DA,603,diagnosisarena__000603,Giant Abdominal Aortic Aneurysm,Abdominal aortic aneurysm,5,0,0,0,0,0,0,False,False,False,False,Abdominal aortic aneurysm,Abdominal aortic aneurysm,False
DA_d2_heldout200b,DA,604,diagnosisarena__000604,Lymphomatoid Granulomatosis (LYG) Grade 3 (EBV+ B-cell lymphoma),Lymphoma,9,31,1,9,60,4,4,False,False,True,False,Lymphoma,Diffuse Large B-Cell Lymphoma,True
DA_d2_heldout200b,DA,605,diagnosisarena__000605,Congenital Thrombotic Thrombocytopenic Purpura (cTTP),Thrombotic Thrombocytopenic Purpura,9,6,1,4,16,3,3,False,False,True,False,Stroke,Ischemic Stroke,True
DA_d2_heldout200b,DA,608,diagnosisarena__000608,Isolated cardiac sarcoidosis,Dilated Cardiomyopathy,10,2,1,2,2,1,1,False,False,False,False,Dilated Cardiomyopathy,Dilated Cardiomyopathy,False
DA_d2_heldout200b,DA,611,diagnosisarena__000611,Multisystem Inflammatory Syndrome after SARS-CoV-2 vaccination (MIS-V) with myocardial infarction,Myocarditis,10,2,1,3,8,1,2,False,False,False,False,Myocarditis,Vaccine-induced immune-mediated thrombocytopenia,True
DA_d2_heldout200b,DA,613,diagnosisarena__000613,Jejunal diverticulitis,Diverticulitis,10,0,0,0,0,0,0,False,False,False,False,Diverticulitis,Diverticulitis,False
DA_d2_heldout200b,DA,615,diagnosisarena__000615,"Hypervirulent Klebsiella pneumoniae (hvKp) infection with multifocal manifestations including bacteremia, tibial osteomyelitis, pyogenic liver abscess, and multifocal osteomyelitis",Klebsiella pneumoniae infection,12,7,2,5,12,3,3,False,False,True,False,Osteomyelitis,Diabetic foot infection,True
DA_d2_heldout200b,DA,618,diagnosisarena__000618,CD5+ Diffuse Large B-Cell Lymphoma presenting as Cavernous Sinus Syndrome,Diffuse large B-cell lymphoma,10,2,1,2,2,1,1,False,False,False,False,Tolosa-Hunt syndrome,Tolosa-Hunt syndrome,False
DA_d2_heldout200b,DA,619,diagnosisarena__000619,Multisystem Inflammatory Syndrome–A (MIS-A) with Diffuse Alveolar Hemorrhage,Myocarditis,11,5,2,7,15,2,2,False,False,False,False,Myocarditis,Myocarditis,False
DA_d2_heldout200b,DA,620,diagnosisarena__000620,Magnusiomyces capitatus fungemia with hepatosplenic abscesses,Hepatosplenic Candidiasis,7,3,1,1,2,1,1,False,False,False,False,Hepatosplenic Candidiasis,Hepatosplenic Candidiasis,False
DA_d2_heldout200b,DA,621,diagnosisarena__000621,Primary Adrenal Choriocarcinoma with pulmonary metastases,Choriocarcinoma,7,0,0,0,0,0,0,False,False,False,False,Choriocarcinoma,Choriocarcinoma,False
DA_d2_heldout200b,DA,622,diagnosisarena__000622,Diffuse idiopathic skeletal hyperostosis (DISH) with hypoglossal nerve palsy,Cervical osteophyte-induced dysphagia,10,0,0,0,0,0,0,False,False,False,False,Squamous cell carcinoma,Squamous cell carcinoma,False
DA_d2_heldout200b,DA,627,diagnosisarena__000627,Complete pancreatic divisum with pancreatic-pleural fistula,Acute Pancreatitis,9,0,0,0,0,0,0,False,False,False,False,Acute Pancreatitis,Acute Pancreatitis,False
DA_d2_heldout200b,DA,628,diagnosisarena__000628,Peri-infarction pericarditis (PIP),Myocardial Infarction,7,2,1,3,6,1,1,False,False,False,False,Acute Pericarditis,Acute Pericarditis,False
DA_d2_heldout200b,DA,629,diagnosisarena__000629,Complement-mediated atypical hemolytic uremic syndrome (aHUS) precipitated by recurrent alcohol-induced pancreatitis,Thrombotic Thrombocytopenic Purpura (TTP),8,0,0,0,0,0,0,False,False,False,False,Hemolytic Uremic Syndrome (HUS),Hemolytic Uremic Syndrome (HUS),False
DA_d2_heldout200b,DA,630,diagnosisarena__000630,Horner syndrome secondary to invasive Blastomyces pneumonia,Blastomycosis,7,0,0,0,0,0,0,False,False,False,False,Blastomycosis,Blastomycosis,False
DA_d2_heldout200b,DA,631,diagnosisarena__000631,Primary Cardiac Angiosarcoma,Angiosarcoma,12,0,0,0,0,0,0,False,False,False,False,Metastatic disease,Metastatic disease,False
DA_d2_heldout200b,DA,632,diagnosisarena__000632,Hydroxychloroquine-induced cardiomyopathy,Uremic Cardiomyopathy,9,0,0,0,0,0,0,False,False,False,False,Uremic Cardiomyopathy,Uremic Cardiomyopathy,False
DA_d2_heldout200b,DA,633,diagnosisarena__000633,Coccidioides meningitis presenting as pseudosubarachnoid hemorrhage,Cysticercosis,10,7,2,5,10,2,2,False,False,False,False,Cysticercosis,Cysticercosis,False
DA_d2_heldout200b,DA,634,diagnosisarena__000634,Stage 3c (pT4a pN2a M0) Sarcomatoid Carcinoma of the sigmoid colon,High-grade poorly differentiated sigmoid adenocarcinoma,9,1,1,2,4,1,2,False,False,False,False,Colorectal cancer,Colorectal cancer,False
DA_d2_heldout200b,DA,636,diagnosisarena__000636,Recurrent postpartum mastitis with concurrent lactotroph hyperplasia,Puerperal mastitis,9,0,0,0,0,0,0,False,False,False,False,Puerperal mastitis,Puerperal mastitis,False
DA_d2_heldout200b,DA,637,diagnosisarena__000637,Chronic Spontaneous Urticaria (CSU),Allergic reaction to vaccination,9,9,1,5,19,3,3,False,False,False,False,Urticaria,Urticaria,False
DA_d2_heldout200b,DA,638,diagnosisarena__000638,Laryngeal histoplasmosis,Histoplasmosis,9,17,1,7,36,3,3,True,False,True,False,Histoplasmosis,Histoplasmosis,False
DA_d2_heldout200b,DA,639,diagnosisarena__000639,Brucella melitensis soft tissue abscess related to ventriculoperitoneal shunt,Brucellosis,7,0,0,0,0,0,0,False,False,False,False,Brucellosis,Brucellosis,False
DA_d2_heldout200b,DA,642,diagnosisarena__000642,Pylephlebitis with Fusobacterium bacteremia and hepatic abscesses,Pyogenic Liver Abscess,12,0,0,0,0,0,0,False,False,False,False,Pyogenic Liver Abscess,Pyogenic Liver Abscess,False
DA_d2_heldout200b,DA,644,diagnosisarena__000644,Metastatic paraganglioma of the urinary bladder,Paraganglioma,6,0,0,0,0,0,0,False,False,False,False,Paraganglioma,Paraganglioma,False
DA_d2_heldout200b,DA,645,diagnosisarena__000645,Abdominal epilepsy as sequela of COVID-19,Posterior Reversible Encephalopathy Syndrome (PRES),10,0,0,0,0,0,0,False,False,False,False,Posterior Reversible Encephalopathy Syndrome (PRES),Posterior Reversible Encephalopathy Syndrome (PRES),False
DA_d2_heldout200b,DA,646,diagnosisarena__000646,Radiation-induced solitary rectal ulcer,Radiation Proctitis,6,0,0,0,0,0,0,False,False,False,False,Radiation Proctitis,Radiation Proctitis,False
DA_d2_heldout200b,DA,649,diagnosisarena__000649,Severe COVID-19 pneumonia with ARDS in pregnancy requiring V-V ECMO support,Pulmonary Embolism,9,2,1,3,6,1,1,False,False,False,False,Pulmonary Embolism,Pulmonary Embolism,False
DA_d2_heldout200b,DA,650,diagnosisarena__000650,PVC-induced Idiopathic Ventricular Fibrillation,Catecholaminergic Polymorphic Ventricular Tachycardia,12,0,0,0,0,0,0,False,False,False,False,Catecholaminergic Polymorphic Ventricular Tachycardia,Catecholaminergic Polymorphic Ventricular Tachycardia,False
DA_d2_heldout200b,DA,652,diagnosisarena__000652,Kalamiella piersonii bacteremia,Sepsis,9,5,1,4,17,2,2,False,False,True,False,Sepsis,Catheter-related bloodstream infection,True
DA_d2_heldout200b,DA,653,diagnosisarena__000653,Spontaneous Hepatic Artery Thrombosis,Hepatic artery thrombosis,9,2,1,2,2,1,1,False,False,False,False,Pyelonephritis,Pyelonephritis,False
DA_d2_heldout200b,DA,660,diagnosisarena__000660,Recurrent stage IIIC papillary serous adenocarcinoma of the ovary with BRCA1-positive somatic mutation,Ovarian serous adenocarcinoma,9,5,1,4,13,2,3,False,False,True,False,Ovarian cancer,Metastatic cancer,True
DA_d2_heldout200b,DA,661,diagnosisarena__000661,Tubal angiomyofibroblastoma,Leiomyoma of the Uterine Tube,10,0,0,0,0,0,1,False,False,False,False,Uterine Leiomyoma,Uterine Leiomyoma,False
DA_d2_heldout200b,DA,662,diagnosisarena__000662,Kikuchi-Fujimoto disease (KFD) complicated by hemophagocytosis and aseptic meningitis,Hemophagocytic Lymphohistiocytosis (HLH),8,2,1,0,0,1,1,False,False,False,False,Hemophagocytic Lymphohistiocytosis (HLH),Systemic Juvenile Idiopathic Arthritis (sJIA),True
DA_d2_heldout200b,DA,665,diagnosisarena__000665,HPV-related squamous cell carcinoma of the base of the tongue,Squamous cell carcinoma of the tongue,9,5,1,4,7,2,2,False,False,False,False,Squamous cell carcinoma of the tongue,Dysphagia due to oral cavity tumor,True
DA_d2_heldout200b,DA,666,diagnosisarena__000666,Dropped Head Syndrome (DHS) - Isolated Neck Extensor Myopathy (INEM),Cervical Kyphosis,7,0,0,0,0,0,0,False,False,False,False,Cervical Kyphosis,Cervical Kyphosis,False
DA_d2_heldout200b,DA,668,diagnosisarena__000668,Non-convulsive seizures (NCSs),Epilepsy,7,0,0,0,0,0,0,False,False,False,False,Epilepsy,Epilepsy,False
DA_d2_heldout200b,DA,671,diagnosisarena__000671,Spinal cerebrospinal fluid leak,Chiari Malformation,5,0,0,0,0,0,0,False,False,False,False,Chiari Malformation,Chiari Malformation,False
DA_d2_heldout200b,DA,676,diagnosisarena__000676,Mild encephalitis with reversible splenial lesion (MERS) Type I,Neuroleptic Malignant Syndrome,9,0,0,0,0,0,0,False,False,False,False,Neuroleptic Malignant Syndrome,Neuroleptic Malignant Syndrome,False
DA_d2_heldout200b,DA,677,diagnosisarena__000677,Ancient schwannoma,Schwannoma,8,0,0,0,0,0,0,False,False,False,False,Schwannoma,Schwannoma,False
DA_d2_heldout200b,DA,678,diagnosisarena__000678,Clivus chordoma associated with Tuberous Sclerosis Complex (TSC),Tuberous Sclerosis Complex,7,0,0,0,0,0,0,False,False,False,False,Tuberous Sclerosis Complex,Tuberous Sclerosis Complex,False
DA_d2_heldout200b,DA,679,diagnosisarena__000679,Ureterosciatic hernia with incarceration,Ureteral obstruction,6,0,0,0,0,0,0,False,False,False,False,Ureteral obstruction,Ureteral obstruction,False
DA_d2_heldout200b,DA,681,diagnosisarena__000681,Familial myocardial amyloidosis (transthyretin amyloidosis type [ATTR]),Amyloidosis,7,3,1,4,7,1,1,False,False,False,False,Amyloidosis,Arrhythmogenic Right Ventricular Cardiomyopathy,True
DA_d2_heldout200b,DA,684,diagnosisarena__000684,Symptomatic apical periodontitis in tooth #17,Chronic Apical Periodontitis,8,0,0,0,0,0,1,False,False,False,False,Chronic Apical Periodontitis,Chronic Apical Periodontitis,False
DA_d2_heldout200b,DA,685,diagnosisarena__000685,Chemotherapy-induced sinus arrhythmia with cardiotoxicity,Cardiomyopathy,9,0,0,0,0,0,0,False,False,False,False,Atrial Fibrillation,Atrial Fibrillation,False
DA_d2_heldout200b,DA,686,diagnosisarena__000686,Dilated cardiomyopathy,Cardiac allograft dysfunction,9,0,0,0,0,0,0,False,False,False,False,Cardiac allograft dysfunction,Cardiac allograft dysfunction,False
DA_d2_heldout200b,DA,687,diagnosisarena__000687,Epstein-Barr virus (EBV) meningoencephalitis,Epstein-Barr Virus (EBV) Encephalitis,10,1,1,2,4,1,1,False,False,False,False,Meningoencephalitis,Epstein-Barr Virus (EBV) Encephalitis,True
DA_d2_heldout200b,DA,692,diagnosisarena__000692,Mediastinal bronchogenic cyst infection,Abscess,10,5,1,4,10,2,2,False,False,True,False,Abscess,Mediastinitis,True
DA_d2_heldout200b,DA,693,diagnosisarena__000693,Giant perinephric abscess caused by Klebsiella pneumoniae ssp pneumoniae in a patient with decompensated liver cirrhosis,Psoas Abscess,10,2,1,3,3,1,1,False,False,False,False,Spontaneous Bacterial Peritonitis,Spontaneous Bacterial Peritonitis,False
DA_d2_heldout200b,DA,694,diagnosisarena__000694,Parkinson's Disease,Vascular Dementia,8,0,0,0,0,0,0,False,False,False,False,Vascular Dementia,Vascular Dementia,False
DA_d2_heldout200b,DA,698,diagnosisarena__000698,Concurrent pulmonary and cerebral mucormycosis,Cerebral aspergillosis,9,0,0,0,0,0,0,False,False,False,False,Lung cancer with brain metastasis,Lung cancer with brain metastasis,False
DA_d2_heldout200b,DA,701,diagnosisarena__000701,Arteriocolonic fistula of Inferior Mesenteric Artery Aneurysm (IMAA),Ruptured Pseudoaneurysm,8,6,1,4,4,3,4,False,False,True,False,Ruptured Pseudoaneurysm,Hemorrhage,True
DA_d2_heldout200b,DA,702,diagnosisarena__000702,Strangulated sciatic hernia with intestinal perforation,Strangulated hernia,11,2,1,3,5,1,1,False,False,False,False,Sciatic hernia,Incercerated hernia,True
DA_d2_heldout200b,DA,703,diagnosisarena__000703,Extrapyramidal syndromes of chronic kidney disease and dialysis (EPS-CKDD),Leigh syndrome,8,0,0,0,0,0,0,False,False,False,False,Mitochondrial disease,Mitochondrial disease,False
DA_d2_heldout200b,DA,705,diagnosisarena__000705,Listeria monocytogenes ST87 bacteremia in pregnancy,Listeriosis,4,3,1,4,8,1,1,False,False,False,False,Listeriosis,Listeriosis,False
DA_d2_heldout200b,DA,706,diagnosisarena__000706,Non-traumatic acute bilateral compartment syndrome with rhabdomyolysis,Compartment Syndrome,11,0,0,0,0,0,0,False,False,False,False,Compartment Syndrome,Compartment Syndrome,False
DA_d2_heldout200b,DA,707,diagnosisarena__000707,Diffuse panbronchiolitis (DPB),Churg-Strauss syndrome,10,0,0,0,0,0,0,False,False,False,False,Churg-Strauss syndrome,Churg-Strauss syndrome,False
DA_d2_heldout200b,DA,709,diagnosisarena__000709,Disseminated Tuberculosis with Hemophagocytic Lymphohistiocytosis (TB-HLH),Hemophagocytic lymphohistiocytosis,9,4,2,6,11,2,3,False,False,True,False,Tuberculosis,Tuberculosis,False
DA_d2_heldout200b,DA,710,diagnosisarena__000710,Atypical popliteal cyst,Baker's cyst,5,0,0,0,0,0,0,False,False,False,False,Baker's cyst,Baker's cyst,False
DA_d2_heldout200b,DA,713,diagnosisarena__000713,Near-fatal asthma with type II respiratory failure and respiratory acidosis,Asthma,9,5,1,4,22,2,2,False,False,True,False,Asthma,Status Asthmaticus,True
DA_d2_heldout200b,DA,714,diagnosisarena__000714,Vibrio vulnificus sepsis,Vibrio vulnificus infection,10,0,0,0,0,0,0,False,False,False,False,Sepsis,Sepsis,False
DA_d2_heldout200b,DA,715,diagnosisarena__000715,Burkholderia cenocepacia-associated paranasal sinusitis,Cystic Fibrosis,6,0,0,0,0,0,0,False,False,False,False,Cystic Fibrosis,Cystic Fibrosis,False
DA_d2_heldout200b,DA,718,diagnosisarena__000718,Sintilimab-induced myocarditis,Myocarditis,9,0,0,0,0,0,0,False,False,False,False,Myocarditis,Myocarditis,False
DA_d2_heldout200b,DA,719,diagnosisarena__000719,Right peripheral-type facial palsy due to dorsolateral pontine infarction,Brainstem stroke,9,1,1,2,5,1,1,False,False,False,False,Brainstem stroke,Brainstem stroke,False
DA_d2_heldout200b,DA,721,diagnosisarena__000721,Persistent SARS-CoV-2 infection in an immunocompromised patient (long COVID),COVID-19 pneumonia,8,0,0,0,0,0,0,False,False,False,False,COVID-19 pneumonia,COVID-19 pneumonia,False
DA_d2_heldout200b,DA,723,diagnosisarena__000723,Acute pancreatitis with renal failure,Pancreatitis,11,0,0,0,0,0,0,False,False,False,False,Pancreatitis,Pancreatitis,False
DA_d2_heldout200b,DA,724,diagnosisarena__000724,Type A thymoma with MINOCA (Myocardial Infarction with Non-Obstructive Coronary Arteries),Thymic Carcinoma,10,0,0,0,0,0,0,False,False,False,False,Acute Coronary Syndrome,Acute Coronary Syndrome,False
DA_d2_heldout200b,DA,729,diagnosisarena__000729,Left ventricular free wall rupture following acute myocardial infarction,Myocardial Infarction,10,0,0,0,0,0,0,False,False,False,False,Acute Coronary Syndrome,Acute Coronary Syndrome,False
DA_d2_heldout200b,DA,730,diagnosisarena__000730,Organized thrombus formation on native bicuspid aortic valve with ascending aortic aneurysm,Bicuspid aortic valve,10,4,3,4,4,3,5,False,False,True,False,Bicuspid aortic valve,Aortic Aneurysm,True
DA_d2_heldout200b,DA,731,diagnosisarena__000731,Mature cystic teratoma in the posterior fossa,Hemangioblastoma,6,6,1,5,15,1,1,False,False,False,False,Hemangioblastoma,Hemangioblastoma,False
DA_d2_heldout200b,DA,732,diagnosisarena__000732,Multiple liver abscesses infected by Fusobacterium necrophorum,Pyogenic Liver Abscess,7,1,1,2,2,1,1,False,False,False,False,Pyogenic Liver Abscess,Pyogenic Liver Abscess,False
DA_d2_heldout200b,DA,733,diagnosisarena__000733,Photic maculopathy derived from LED light exposure,Phototoxic Maculopathy,6,0,0,0,0,0,0,False,False,False,False,Phototoxic Maculopathy,Phototoxic Maculopathy,False
DA_d2_heldout200b,DA,734,diagnosisarena__000734,Vibrio vulnificus septicemia with underlying hepatitis B virus-associated cirrhosis,Spontaneous Bacterial Peritonitis,8,0,0,0,0,0,0,False,False,False,False,Spontaneous Bacterial Peritonitis,Spontaneous Bacterial Peritonitis,False
DA_d2_heldout200b,DA,735,diagnosisarena__000735,CD5-positive diffuse large B-cell lymphoma,Diffuse large B-cell lymphoma,11,5,1,4,22,2,2,False,False,True,False,Diffuse large B-cell lymphoma,Diffuse large B-cell lymphoma,False
DA_d2_heldout200b,DA,736,diagnosisarena__000736,Vertebral osteomyelitis and discitis due to Streptococcus cristatus,Spondylodiscitis,11,3,1,3,5,2,2,False,False,True,False,Chronic Kidney Disease,Spondylodiscitis,True
DA_d2_heldout200b,DA,737,diagnosisarena__000737,Leiomyomatosis peritonealis disseminata (LPD) with endometriosis,Leiomyosarcoma,9,0,0,0,0,0,0,False,False,False,False,Leiomyosarcoma,Leiomyosarcoma,False
DA_d2_heldout200b,DA,738,diagnosisarena__000738,Severe congenital neutropenia (SCN) with hepatic abscess caused by Staphylococcus aureus,Liver Abscess,10,0,0,0,0,0,0,False,False,False,False,Liver Abscess,Liver Abscess,False
DA_d2_heldout200b,DA,739,diagnosisarena__000739,HIV-associated diffuse large B-cell lymphoma of the spleen,Diffuse large B-cell lymphoma,10,0,0,0,0,0,0,False,False,False,False,Diffuse large B-cell lymphoma,Diffuse large B-cell lymphoma,False
DA_d2_heldout200b,DA,740,diagnosisarena__000740,Secondary cutaneous endometriosis (SCE),Abdominal Endometriosis,6,4,2,6,15,2,2,False,False,False,False,Abdominal Endometriosis,Abdominal wall endometrioma,True
DA_d2_heldout200b,DA,741,diagnosisarena__000741,Primary acinic cell carcinoma of the breast,Invasive Ductal Carcinoma,11,14,1,6,42,4,4,False,False,True,False,Breast Cancer,Invasive Ductal Carcinoma,True
DA_d2_heldout200b,DA,743,diagnosisarena__000743,Gastric band erosion with migration to jejunum causing intestinal obstruction and jejunal perforation,Intestinal obstruction,10,0,0,0,0,0,0,False,False,False,False,Intestinal obstruction,Intestinal obstruction,False
DA_d2_heldout200b,DA,745,diagnosisarena__000745,Schizophrenia with catatonic features and chronic intestinal pseudo-obstruction (CIPO),Catatonia,7,0,0,0,0,0,0,False,False,False,False,Hypokalemic paralysis,Hypokalemic paralysis,False
DA_d2_heldout200b,DA,746,diagnosisarena__000746,Obstructive pneumonia due to bronchial foreign body (fish bone),Lung cancer,9,0,0,0,0,0,0,False,False,False,False,Chronic obstructive pulmonary disease (COPD),Chronic obstructive pulmonary disease (COPD),False
DA_d2_heldout200b,DA,747,diagnosisarena__000747,Severe Mycoplasma pneumoniae pneumonia (MPP) with coronary artery dilation (CAD) and necrotizing pneumonia,Mycoplasma pneumoniae pneumonia,9,0,0,0,0,0,0,False,False,False,False,Plastic bronchitis,Plastic bronchitis,False
DA_d2_heldout200b,DA,748,diagnosisarena__000748,"Pyogenic liver abscess caused by Klebsiella oxytoca with metastatic complications (septic pulmonary embolism, right hepatic vein thrombosis, spondylodiscitis, and retroperitoneal abscess)",Pyogenic liver abscess,12,2,1,0,0,1,1,False,False,False,False,Pyogenic liver abscess,Pyogenic liver abscess,False
DA_d2_heldout200b,DA,750,diagnosisarena__000750,"Pulmonary sarcomatoid carcinoma (PSC), stage IVA (cT4N2M1a)",Non-Small Cell Lung Cancer,9,0,0,0,0,0,0,False,False,False,False,Non-Small Cell Lung Cancer,Non-Small Cell Lung Cancer,False
DA_d2_heldout200b,DA,751,diagnosisarena__000751,"Rhodococcus equi infection causing necrotizing pneumonia, bacteremia, and brain abscess in an HIV-positive patient",Disseminated tuberculosis,10,2,1,3,10,1,2,False,False,True,False,Pulmonary tuberculosis,Pneumocystis jirovecii pneumonia,True
DA_d2_heldout200b,DA,752,diagnosisarena__000752,Spontaneous spinal epidural hematoma (SSEH) with underlying vascular malformation,Spinal Epidural Hematoma,8,0,0,0,0,0,0,False,False,False,False,Spinal Epidural Hematoma,Spinal Epidural Hematoma,False
DA_d2_heldout200b,DA,753,diagnosisarena__000753,Developmental and Epileptic Encephalopathy-94 (DEE-94) caused by pathogenic CHD2 gene variant,CHD2-related epilepsy,9,0,0,0,0,0,0,False,False,False,False,CHD2-related epilepsy,CHD2-related epilepsy,False
DA_d2_heldout200b,DA,754,diagnosisarena__000754,Concurrent Microcephaly-capillary malformation syndrome (MIC-CAP) and Mowat-Wilson syndrome (MWS),Sturge-Weber syndrome,9,0,0,0,0,0,0,False,False,False,False,Sturge-Weber syndrome,Sturge-Weber syndrome,False
DA_d2_heldout200b,DA,756,diagnosisarena__000756,Acute epididymal orchitis with testicular infarction caused by Pseudomonas aeruginosa infection,Epididymo-orchitis,9,0,0,0,0,0,0,False,False,False,False,Epididymo-orchitis,Epididymo-orchitis,False
DA_d2_heldout200b,DA,757,diagnosisarena__000757,WDR19-related NPHP13 (Nephronophthisis 13) with Caroli disease,WDR19-related disease,11,0,0,0,0,0,0,False,False,False,False,Senior-Loken syndrome,Senior-Loken syndrome,False
DA_d2_heldout200b,DA,758,diagnosisarena__000758,COVID-19-related cardiac injury with diffuse myocardial necrosis,Myocarditis,9,3,1,4,9,1,1,False,False,False,False,Myocarditis,Myocarditis,False
DA_d2_heldout200b,DA,759,diagnosisarena__000759,Odoribacter splanchnicus bacteremia,Peritonitis,10,0,0,0,0,0,0,False,False,False,False,Peritonitis,Peritonitis,False
DA_d2_heldout200b,DA,760,diagnosisarena__000760,Phlegmonous enteritis,Infectious colitis,10,0,0,0,0,0,0,False,False,False,False,Infectious colitis,Infectious colitis,False
DA_d2_heldout200b,DA,762,diagnosisarena__000762,SCN4A-associated congenital myopathy with compound heterozygous variants: - c.1841A>T p.(Asn614Ile) - c.4420G>A p.(Ala1474Thr),Congenital Muscular Dystrophy,10,0,0,0,0,0,0,False,False,False,False,Congenital Muscular Dystrophy,Congenital Muscular Dystrophy,False
DA_d2_heldout200b,DA,763,diagnosisarena__000763,Harel-Yoon syndrome (HAYOS) caused by ATAD3A gene mutation,Hoyeraal-Hreidarsson syndrome,10,2,1,3,5,1,1,False,False,False,False,Congenital laryngomalacia,Congenital laryngomalacia,False
DA_d2_heldout200b,DA,765,diagnosisarena__000765,Coronary spasm with complete atrioventricular block,Brugada Syndrome,9,0,0,0,0,0,0,False,False,False,False,Brugada Syndrome,Brugada Syndrome,False
DA_d2_heldout200b,DA,766,diagnosisarena__000766,Myopericarditis with cardiac conduction system involvement due to monkeypox virus infection with concurrent Lyme disease,Myopericarditis,11,2,1,2,3,1,2,False,False,True,False,Myopericarditis,Myopericarditis,False
DA_d2_heldout200b,DA,767,diagnosisarena__000767,Diffuse large B-cell lymphoma,Lymphoma,9,5,1,4,16,2,3,False,False,False,False,Lymphoma,Metastatic cancer,True
DA_d2_heldout200b,DA,769,diagnosisarena__000769,FH-deficient uterine leiomyoma,Hereditary Leiomyomatosis and Renal Cell Cancer (HLRCC) syndrome,9,4,2,5,7,2,2,False,False,False,False,Uterine leiomyoma,Uterine leiomyoma,False
DA_d2_heldout200b,DA,770,diagnosisarena__000770,"Leptospirosis with severe pneumonia, acute kidney injury, and acute liver injury",Pneumonia,9,3,1,4,12,1,1,False,False,False,False,Pneumonia,Pneumonia,False
DA_d2_heldout200b,DA,771,diagnosisarena__000771,Post-COVID-19 syndrome with osteoarticular and neurological manifestations,Reactive Arthritis,9,1,1,2,2,1,1,False,False,False,False,Reactive Arthritis,Post-vaccination Reactive Arthritis,True
DA_d2_heldout200b,DA,773,diagnosisarena__000773,Idiopathic Pulmonary Arterial Hypertension (IPAH) with Patent Foramen Ovale (PFO),Eisenmenger Syndrome,10,3,2,5,12,2,4,False,False,False,False,Eisenmenger Syndrome,Eisenmenger Syndrome,False
DA_d2_heldout200b,DA,774,diagnosisarena__000774,"Klebsiella pneumoniae invasive syndrome with multiple organ involvement (liver, lungs, kidneys, and brain) complicated by extensive cerebral infarction and pneumocephalus",Sepsis,12,0,0,0,0,0,0,False,False,False,False,Sepsis,Sepsis,False
DA_d2_heldout200b,DA,775,diagnosisarena__000775,Mixed mold infection with Rhizopus microsporus and Mucor racemosus causing disseminated mucormycosis,Mucormycosis,10,2,1,2,4,1,1,False,False,False,False,Mucormycosis,Mucormycosis,False
DA_d2_heldout200b,DA,777,diagnosisarena__000777,Coinfection of Hantaan virus (HTNV) and SARS-CoV-2,Hemorrhagic Fever with Renal Syndrome (HFRS),8,2,1,0,0,1,1,False,False,False,False,Hemorrhagic Fever with Renal Syndrome (HFRS),Hemorrhagic Fever with Renal Syndrome (HFRS),False
DA_d2_heldout200b,DA,778,diagnosisarena__000778,Acute pneumonia caused by Tropheryma whipplei infection,Community-acquired pneumonia,11,15,2,8,68,5,6,False,False,True,False,Community-acquired pneumonia,Influenza pneumonia,True
MCR_v1_seq100,MCR,1,medcasereasoning__000001,schwannoma,Leiomyoma with cystic degeneration,12,7,2,7,15,3,3,False,False,True,False,Leiomyoma with cystic degeneration,Ovarian fibroma,True
MCR_v1_seq100,MCR,2,medcasereasoning__000002,5-oxoprolinemia,Lactic Acidosis,11,0,0,0,0,0,0,False,False,False,False,Lactic Acidosis,Lactic Acidosis,False
MCR_v1_seq100,MCR,3,medcasereasoning__000003,Eosinophilic granulomatosis with polyangiitis,Peroneal neuropathy,9,0,0,0,0,0,0,False,False,False,False,Peroneal neuropathy,Peroneal neuropathy,False
MCR_v1_seq100,MCR,4,medcasereasoning__000004,IgG4-related hypophysitis,IgG4-related hypophysitis,9,0,0,0,0,0,0,False,False,False,False,IgG4-related hypophysitis,IgG4-related hypophysitis,False
MCR_v1_seq100,MCR,5,medcasereasoning__000005,cryptococcoma,Primary Central Nervous System Lymphoma,14,0,0,0,0,0,0,False,False,False,False,Primary Central Nervous System Lymphoma,Primary Central Nervous System Lymphoma,False
MCR_v1_seq100,MCR,6,medcasereasoning__000006,Exophiala xenobiotica keratitis,Fungal keratitis,9,0,0,0,0,0,0,False,False,False,False,Fungal keratitis,Fungal keratitis,False
MCR_v1_seq100,MCR,7,medcasereasoning__000007,Wunderlich syndrome,Posterior Urethral Valves,9,0,0,0,0,0,0,False,False,False,False,Posterior Urethral Valves,Posterior Urethral Valves,False
MCR_v1_seq100,MCR,8,medcasereasoning__000008,Liver metastasis from colon cancer,Colorectal cancer liver metastasis,8,5,1,4,6,2,3,False,False,False,False,Colorectal cancer liver metastasis,Colorectal cancer liver metastasis,False
MCR_v1_seq100,MCR,11,medcasereasoning__000011,Multisystem inflammatory syndrome in children,Multisystem inflammatory syndrome,10,0,0,0,0,0,0,False,False,False,False,Multisystem inflammatory syndrome,Multisystem inflammatory syndrome,False
MCR_v1_seq100,MCR,12,medcasereasoning__000012,Tumor-induced osteomalacia,Osteomalacia,9,3,1,4,8,1,1,True,False,False,False,Osteomalacia,Osteomalacia,False
MCR_v1_seq100,MCR,13,medcasereasoning__000013,Compound odontoma,Odontoma,7,3,1,4,7,1,1,True,False,False,False,Odontoma,Odontoma,False
MCR_v1_seq100,MCR,15,medcasereasoning__000015,leiomyomatous hamartoma,Congenital lipoma,9,1,1,0,0,1,1,False,False,False,False,Teratoma,Teratoma,False
MCR_v1_seq100,MCR,16,medcasereasoning__000016,LocalizedUrethralAmyloidosis,Primary Amyloidosis of the Urethra,7,2,1,0,0,1,1,False,False,False,False,Primary Amyloidosis of the Urethra,Urethral Stenosis,True
MCR_v1_seq100,MCR,17,medcasereasoning__000017,immune-related pneumonitis,ICI-induced pneumonitis,7,9,1,6,16,1,1,False,False,False,False,ICI-induced pneumonitis,Steroid-refractory ICI-induced pneumonitis,True
MCR_v1_seq100,MCR,18,medcasereasoning__000018,Schwannoma,Cardiac Tamponade,10,0,0,0,0,0,0,False,False,False,False,Cardiac Tamponade,Cardiac Tamponade,False
MCR_v1_seq100,MCR,19,medcasereasoning__000019,Leiomyosarcoma,Sarcoma,12,0,0,0,0,0,0,False,False,False,False,Sarcoma,Sarcoma,False
MCR_v1_seq100,MCR,20,medcasereasoning__000020,Type 4 renal tubular acidosis,Systemic Lupus Erythematosus,8,0,0,0,0,0,0,False,False,False,False,Systemic Lupus Erythematosus,Systemic Lupus Erythematosus,False
MCR_v1_seq100,MCR,21,medcasereasoning__000021,Fibrous dysplasia,Fibrous dysplasia,7,1,1,2,2,1,1,False,False,False,False,Fibrous dysplasia,Fibrous dysplasia,False
MCR_v1_seq100,MCR,22,medcasereasoning__000022,adenomatoid tumor,Adenomatoid tumor,9,0,0,0,0,0,0,False,False,False,False,Adenomatoid tumor,Adenomatoid tumor,False
MCR_v1_seq100,MCR,23,medcasereasoning__000023,AdenoidCysticCarcinoma,chondroid syringoma,6,0,0,0,0,0,0,False,False,False,False,chondroid syringoma,chondroid syringoma,False
MCR_v1_seq100,MCR,24,medcasereasoning__000024,Superior mesenteric artery syndrome,Superior Mesenteric Artery Syndrome,3,0,0,0,0,0,0,False,False,False,False,Superior Mesenteric Artery Syndrome,Superior Mesenteric Artery Syndrome,False
MCR_v1_seq100,MCR,26,medcasereasoning__000026,Self-limited epilepsy with autonomic seizures,Abdominal Migraine,8,4,1,4,4,1,2,False,False,True,False,Cyclic Vomiting Syndrome,Cyclic Vomiting Syndrome,False
MCR_v1_seq100,MCR,27,medcasereasoning__000027,Massive ovarian edema,Malignant Ovarian Tumor,10,0,0,0,0,0,0,False,False,False,False,Meigs syndrome,Meigs syndrome,False
MCR_v1_seq100,MCR,28,medcasereasoning__000028,Toxic epidermal necrolysis,Drug-induced Stevens-Johnson syndrome,9,2,1,3,6,1,2,False,False,True,False,Drug-induced Stevens-Johnson syndrome,Acute generalized exanthematous pustulosis,True
MCR_v1_seq100,MCR,29,medcasereasoning__000029,cerebral venous thrombosis,Creutzfeldt-Jakob disease,8,0,0,0,0,0,0,False,False,False,False,Frontotemporal dementia,Frontotemporal dementia,False
MCR_v1_seq100,MCR,30,medcasereasoning__000030,Cronkhite-Canada syndrome,Peutz-Jeghers Syndrome,11,0,0,0,0,0,0,False,False,False,False,Peutz-Jeghers Syndrome,Peutz-Jeghers Syndrome,False
MCR_v1_seq100,MCR,33,medcasereasoning__000033,Dyke-Davidoff-Masson syndrome,Rasmussen's encephalitis,10,0,0,0,0,0,0,False,False,False,False,Rasmussen's encephalitis,Rasmussen's encephalitis,False
MCR_v1_seq100,MCR,34,medcasereasoning__000034,Tonsillolith,Tonsillolith,5,0,0,0,0,0,0,False,False,False,False,Tonsillolith,Tonsillolith,False
MCR_v1_seq100,MCR,35,medcasereasoning__000035,Petersen’s hernia,Internal Hernia,8,2,1,3,6,1,1,False,False,False,False,Internal Hernia,Internal Hernia,False
MCR_v1_seq100,MCR,38,medcasereasoning__000038,trigeminal schwannoma,Schwannoma,9,0,0,0,0,0,0,False,False,False,False,Schwannoma,Schwannoma,False
MCR_v1_seq100,MCR,39,medcasereasoning__000039,mesalazine-induced myocarditis,Myocarditis,9,0,0,0,0,0,0,False,False,False,False,Myocarditis,Myocarditis,False
MCR_v1_seq100,MCR,40,medcasereasoning__000040,hepatocellular carcinoma,Hepatocellular carcinoma with extrahepatic metastasis,7,0,0,0,0,0,1,False,False,False,False,Hepatocellular carcinoma with extrahepatic metastasis,Hepatocellular carcinoma with extrahepatic metastasis,False
MCR_v1_seq100,MCR,41,medcasereasoning__000041,Gastric lipoma,Gastrointestinal Stromal Tumor (GIST),9,0,0,0,0,0,0,False,False,False,False,Gastrointestinal Stromal Tumor (GIST),Gastrointestinal Stromal Tumor (GIST),False
MCR_v1_seq100,MCR,42,medcasereasoning__000042,Keratocystic odontogenic tumour,Chronic buccal space abscess,9,0,0,0,0,0,0,False,False,False,False,Tuberculous buccal space abscess,Tuberculous buccal space abscess,False
MCR_v1_seq100,MCR,43,medcasereasoning__000043,IgA nephropathy,Pulmonary tuberculosis,9,4,1,4,12,1,2,False,False,True,False,Renal tuberculosis,Pott's disease,True
MCR_v1_seq100,MCR,44,medcasereasoning__000044,Pyoderma gangrenosum,Device-related infection,10,0,0,0,0,0,0,False,False,False,False,Device-related infection,Device-related infection,False
MCR_v1_seq100,MCR,45,medcasereasoning__000045,granuloma annulare,Necrobiotic xanthogranuloma,10,0,0,0,0,0,0,False,False,False,False,Idiopathic orbital inflammatory disease,Idiopathic orbital inflammatory disease,False
MCR_v1_seq100,MCR,46,medcasereasoning__000046,Sarcoidosis,Sarcoidosis,8,0,0,0,0,0,0,False,False,False,False,Crohn's disease,Crohn's disease,False
MCR_v1_seq100,MCR,47,medcasereasoning__000047,Metastatic melanoma of unknown primary,Metastatic melanoma,9,1,1,2,2,1,2,False,False,False,False,Metastatic melanoma,Primary hepatic melanoma,True
MCR_v1_seq100,MCR,48,medcasereasoning__000048,xanthogranulomatous osteomyelitis,Brodie's abscess,7,2,1,3,5,1,2,False,False,True,False,Chronic osteomyelitis,Brodie's abscess,True
MCR_v1_seq100,MCR,49,medcasereasoning__000049,StumpAppendicitis,Appendiceal abscess,12,17,1,7,17,3,3,False,False,True,False,Appendiceal abscess,Appendiceal abscess,False
MCR_v1_seq100,MCR,50,medcasereasoning__000050,Gastrointestinal clear cell sarcoma,Malignant Peripheral Nerve Sheath Tumor (MPNST),7,0,0,0,0,0,0,False,False,False,False,Gastrointestinal Stromal Tumor (GIST),Gastrointestinal Stromal Tumor (GIST),False
MCR_v1_seq100,MCR,52,medcasereasoning__000052,Livedoid vasculopathy,Livedoid vasculopathy,10,2,1,2,3,1,1,False,False,False,False,Vasculitis,Vasculitis,False
MCR_v1_seq100,MCR,53,medcasereasoning__000053,hemangioma,Cardiac Myxoma,12,4,1,4,8,1,1,False,False,False,False,Cardiac Myxoma,Cardiac Myxoma,False
MCR_v1_seq100,MCR,54,medcasereasoning__000054,Trigeminal neuralgia,Trigeminal Neuralgia,4,3,1,4,12,1,1,True,False,False,False,Trigeminal Neuralgia,Trigeminal Neuralgia,False
MCR_v1_seq100,MCR,55,medcasereasoning__000055,Post-transplant lymphoproliferative disorder,Urinary Tract Infection,10,0,0,0,0,0,0,False,False,False,False,Urinary Tract Infection,Urinary Tract Infection,False
MCR_v1_seq100,MCR,56,medcasereasoning__000056,Spindle cell squamous cell carcinoma,Sarcomatoid carcinoma,8,0,0,0,0,0,1,False,False,False,False,Sarcomatoid carcinoma,Sarcomatoid carcinoma,False
MCR_v1_seq100,MCR,58,medcasereasoning__000058,Mixed sex cord-stromal tumor,Testicular cancer,10,0,0,0,0,0,0,False,False,False,False,Testicular cancer,Testicular cancer,False
MCR_v1_seq100,MCR,60,medcasereasoning__000060,Polymyalgia rheumatica,Polymyalgia Rheumatica,15,0,0,0,0,0,0,False,False,False,False,Polymyalgia Rheumatica,Polymyalgia Rheumatica,False
MCR_v1_seq100,MCR,61,medcasereasoning__000061,Choriocarcinoma,Hepatic Adenoma,10,2,1,3,3,1,1,False,False,False,False,Hepatic Adenoma,Hepatic Adenoma,False
MCR_v1_seq100,MCR,62,medcasereasoning__000062,Lipoblastoma,Lipoma,7,0,0,0,0,0,0,False,False,False,False,Lipoma,Lipoma,False
MCR_v1_seq100,MCR,63,medcasereasoning__000063,Fibroepithelial polyp,Ureteral fibroepithelial polyp,10,0,0,0,0,0,1,False,False,False,False,Ureteral fibroepithelial polyp,Ureteral fibroepithelial polyp,False
MCR_v1_seq100,MCR,64,medcasereasoning__000064,small cell lung carcinoma,Sepsis,10,0,0,0,0,0,0,False,False,False,False,Sepsis,Sepsis,False
MCR_v1_seq100,MCR,65,medcasereasoning__000065,myelolipoma,Refractory cytopenia with multilineage dysplasia,8,0,0,0,0,0,0,False,False,False,False,Refractory cytopenia with multilineage dysplasia,Refractory cytopenia with multilineage dysplasia,False
MCR_v1_seq100,MCR,66,medcasereasoning__000066,CIC-rearranged sarcoma,Desmoplastic small round cell tumor,7,0,0,0,0,0,0,False,False,False,False,Desmoplastic small round cell tumor,Desmoplastic small round cell tumor,False
MCR_v1_seq100,MCR,67,medcasereasoning__000067,congenital unilateral hypoplasia of depressor anguli oris,Congenital unilateral lower lip palsy,6,0,0,0,0,0,0,False,False,False,False,Congenital unilateral lower lip palsy,Congenital unilateral lower lip palsy,False
MCR_v1_seq100,MCR,68,medcasereasoning__000068,macrodystrophia lipomatosa,Macrodactyly,7,0,0,0,0,0,0,False,False,False,False,Macrodactyly,Macrodactyly,False
MCR_v1_seq100,MCR,69,medcasereasoning__000069,Gastric lipoma,Gastric Lipoma,9,2,1,2,2,1,1,True,False,False,False,Gastrointestinal Stromal Tumor (GIST),Gastrointestinal Stromal Tumor (GIST),False
MCR_v1_seq100,MCR,72,medcasereasoning__000072,abdominal tuberculosis,Ovarian cancer,14,7,1,5,15,2,2,False,False,False,False,Ovarian cancer,Lymphoma,True
MCR_v1_seq100,MCR,73,medcasereasoning__000073,metastatic prostate carcinoma,Brain Metastasis from Prostate Cancer,12,0,0,0,0,0,0,False,False,False,False,Cerebellar metastasis,Cerebellar metastasis,False
MCR_v1_seq100,MCR,74,medcasereasoning__000074,Catecholaminergic polymorphic ventricular tachycardia,Catecholaminergic Polymorphic Ventricular Tachycardia,9,0,0,0,0,0,0,False,False,False,False,Catecholaminergic Polymorphic Ventricular Tachycardia,Catecholaminergic Polymorphic Ventricular Tachycardia,False
MCR_v1_seq100,MCR,75,medcasereasoning__000075,BasosquamousCarcinoma,Invasive cutaneous squamous cell carcinoma,6,0,0,0,0,0,0,False,False,False,False,Basal cell carcinoma,Basal cell carcinoma,False
MCR_v1_seq100,MCR,76,medcasereasoning__000076,drug-induced liver injury,Drug-induced liver injury,7,0,0,0,0,0,0,False,False,False,False,Drug-induced liver injury,Drug-induced liver injury,False
MCR_v1_seq100,MCR,77,medcasereasoning__000077,Accessory extraocular muscle,Orbital Fibrosis,8,0,0,0,0,0,0,False,False,False,False,Orbital Fibrosis,Orbital Fibrosis,False
MCR_v1_seq100,MCR,78,medcasereasoning__000078,schwannoma,Schwannoma,7,0,0,0,0,0,0,False,False,False,False,Schwannoma,Schwannoma,False
MCR_v1_seq100,MCR,80,medcasereasoning__000080,Leiomyosarcoma,Radiation-Induced Sarcoma,9,0,0,0,0,0,0,False,False,False,False,Radiation-Induced Sarcoma,Radiation-Induced Sarcoma,False
MCR_v1_seq100,MCR,81,medcasereasoning__000081,Macrophage myofasciitis,Juvenile Dermatomyositis,11,0,0,0,0,0,0,False,False,False,False,Mixed Connective Tissue Disease,Mixed Connective Tissue Disease,False
MCR_v1_seq100,MCR,82,medcasereasoning__000082,Euglycemic diabetic ketoacidosis,Diabetic Ketoacidosis,10,3,1,4,5,1,1,False,False,False,False,Diabetic Ketoacidosis,Diabetic Ketoacidosis,False
MCR_v1_seq100,MCR,84,medcasereasoning__000084,Lymphoepithelioma-like carcinoma of the breast,Medullary breast cancer,6,0,0,0,0,0,0,False,False,False,False,Triple-Negative Breast Cancer,Triple-Negative Breast Cancer,False
MCR_v1_seq100,MCR,85,medcasereasoning__000085,Small intestinal perforation,Acute Appendicitis,6,2,1,2,5,1,1,False,False,False,False,Acute Appendicitis,Acute Appendicitis,False
MCR_v1_seq100,MCR,86,medcasereasoning__000086,Restless arms syndrome,Akathisia,8,0,0,0,0,0,0,False,False,False,False,Serotonin Syndrome,Serotonin Syndrome,False
MCR_v1_seq100,MCR,87,medcasereasoning__000087,undifferentiated embryonal sarcoma of the liver,Mucinous cystadenocarcinoma,8,0,0,0,0,0,0,False,False,False,False,Mucinous cystadenocarcinoma,Mucinous cystadenocarcinoma,False
MCR_v1_seq100,MCR,90,medcasereasoning__000090,squamous cell carcinoma,Squamous cell carcinoma metastasis,11,0,0,0,0,0,0,False,False,False,False,Squamous cell carcinoma metastasis,Squamous cell carcinoma metastasis,False
MCR_v1_seq100,MCR,91,medcasereasoning__000091,Angiosarcoma,Hemangiopericytoma,5,2,1,2,4,1,1,False,False,False,False,Hemangiopericytoma,Hemangiopericytoma,False
MCR_v1_seq100,MCR,93,medcasereasoning__000093,Serum sickness,Prosthetic valve thrombosis,11,0,0,0,0,0,0,False,False,False,False,Prosthetic valve thrombosis,Prosthetic valve thrombosis,False
MCR_v1_seq100,MCR,94,medcasereasoning__000094,Schwannoma,Branchial cleft cyst,3,0,0,0,0,0,0,False,False,False,False,Branchial cleft cyst,Branchial cleft cyst,False
MCR_v1_seq100,MCR,95,medcasereasoning__000095,Tuberculosis,Disseminated Mycobacterium avium complex,9,5,2,6,21,3,4,False,False,False,False,Disseminated Mycobacterium avium complex,Disseminated Mycobacterium avium complex,False
MCR_v1_seq100,MCR,96,medcasereasoning__000096,ParostealOsteosarcoma,Osteoma,8,3,1,4,8,1,1,False,False,False,False,Osteoma,Osteoma,False
MCR_v1_seq100,MCR,97,medcasereasoning__000097,giant juvenile fibroadenoma,Fibroadenoma,3,0,0,0,0,0,0,False,False,False,False,Fibroadenoma,Fibroadenoma,False
MCR_v1_seq100,MCR,99,medcasereasoning__000099,Histoplasmosis,Kaposi's sarcoma,11,0,0,0,0,0,0,False,False,False,False,Angioedema,Angioedema,False
MCR_v1_seq100,MCR,100,medcasereasoning__000100,intraosseous metaplastic meningioma,Hemangioma of bone,5,3,1,3,8,2,3,False,False,False,False,Hemangioma of bone,Hemangioma of bone,False
MCR_v1_seq100,MCR,104,medcasereasoning__000104,Langerhans cell histiocytosis,Langerhans cell histiocytosis,6,0,0,0,0,0,0,False,False,False,False,Langerhans cell histiocytosis,Langerhans cell histiocytosis,False
MCR_v1_seq100,MCR,105,medcasereasoning__000105,heat stroke,Heat Stroke,10,0,0,0,0,0,0,False,False,False,False,Heat Stroke,Heat Stroke,False
MCR_v1_seq100,MCR,106,medcasereasoning__000106,neuroendocrine tumor,Pituitary adenoma,9,0,0,0,0,0,0,False,False,False,False,Pituitary adenoma,Pituitary adenoma,False
MCR_v1_seq100,MCR,107,medcasereasoning__000107,adrenal hyperplasia,Leydig cell tumor,8,3,1,3,10,2,2,False,False,True,False,Leydig cell tumor,Leydig cell tumor,False
MCR_v1_seq100,MCR,109,medcasereasoning__000109,Aspergillosis,Progressive multifocal leukoencephalopathy,14,1,1,2,4,1,1,False,False,False,False,Progressive multifocal leukoencephalopathy,Progressive multifocal leukoencephalopathy,False
MCR_v1_seq100,MCR,111,medcasereasoning__000111,Giant cell tumor of bone,Osteolytic vertebral tumor,11,1,1,0,0,1,1,False,False,False,False,Osteolytic vertebral tumor,Osteolytic vertebral tumor,False
MCR_v1_seq100,MCR,112,medcasereasoning__000112,Bath salt intoxication,Rhabdomyolysis,10,0,0,0,0,0,0,False,False,False,False,Acute Kidney Injury,Acute Kidney Injury,False
MCR_v1_seq100,MCR,113,medcasereasoning__000113,jejunal adenocarcinoma,Sister Mary Joseph nodule,5,3,1,3,8,2,2,False,False,True,False,Sister Mary Joseph nodule,Sister Mary Joseph nodule with metastatic adenocarcinoma of colonic origin,True
MCR_v1_seq100,MCR,114,medcasereasoning__000114,Ependymoma,Epidermoid cyst,12,4,1,5,7,1,1,False,False,False,False,Epidermoid cyst,Epidermoid cyst,False
MCR_v1_seq100,MCR,116,medcasereasoning__000116,systemic sclerosis sine scleroderma,Limited Systemic Sclerosis,9,0,0,0,0,0,0,False,False,False,False,Undifferentiated Connective Tissue Disease,Undifferentiated Connective Tissue Disease,False
MCR_v1_seq100,MCR,117,medcasereasoning__000117,Antiphospholipid syndrome,Antiphospholipid syndrome,11,0,0,0,0,0,0,False,False,False,False,Antiphospholipid syndrome,Antiphospholipid syndrome,False
MCR_v1_seq100,MCR,119,medcasereasoning__000119,cystadenofibroma,Mucinous cystadenoma,8,0,0,0,0,0,0,False,False,False,False,Mucinous cystadenoma,Mucinous cystadenoma,False
MCR_v1_seq100,MCR,121,medcasereasoning__000121,Angioleiomyoma,Ectopic lymph node,6,0,0,0,0,0,0,False,False,False,False,Ectopic lymph node,Ectopic lymph node,False
MCR_v1_seq100,MCR,122,medcasereasoning__000122,Malignant peripheral nerve sheath tumour,Malignant Peripheral Nerve Sheath Tumor,7,0,0,0,0,0,0,False,False,False,False,Malignant Peripheral Nerve Sheath Tumor,Malignant Peripheral Nerve Sheath Tumor,False
MCR_v1_seq100,MCR,123,medcasereasoning__000123,chronic osteomyelitis,Osteomyelitis,10,6,1,5,14,1,1,False,False,False,False,Osteomyelitis,Osteomyelitis,False
MCR_v1_seq100,MCR,124,medcasereasoning__000124,echovirus 11 infection,Polymyositis,12,2,1,3,5,1,1,False,False,False,False,Polymyositis,Rhabdomyolysis,True
MCR_v1_seq100,MCR,125,medcasereasoning__000125,Cohen syndrome,Cohen syndrome,7,0,0,0,0,0,0,False,False,False,False,Cohen syndrome,Cohen syndrome,False
MCR_v1_seq100,MCR,126,medcasereasoning__000126,Extranodal natural killer/T-cell lymphoma nasal type,Lymphoma,12,8,1,6,14,1,1,False,False,False,False,Lymphoma,Lymphoma,False
MCR_v1_seq100,MCR,128,medcasereasoning__000128,Endosalpingiosis,Urinary Bladder Endometriosis,9,2,1,3,4,1,1,False,False,False,False,Urinary Bladder Endometriosis,Malacoplakia,True
MCR_v2_seq100,MCR,129,medcasereasoning__000129,biliary cystadenocarcinoma,Infected non-parasitic cyst,7,0,0,0,0,0,1,False,False,False,False,Hepatic Abscess,Hepatic Abscess,False
MCR_v2_seq100,MCR,130,medcasereasoning__000130,Clinging carcinoma in situ,Infiltrative ductal carcinoma,9,0,0,0,0,0,0,False,False,False,False,Infiltrative ductal carcinoma,Infiltrative ductal carcinoma,False
MCR_v2_seq100,MCR,131,medcasereasoning__000131,Histiocytic necrotizing lymphadenitis,Kikuchi-Fujimoto disease,9,0,0,0,0,0,0,False,False,False,False,Kikuchi-Fujimoto disease,Kikuchi-Fujimoto disease,False
MCR_v2_seq100,MCR,132,medcasereasoning__000132,Bowel-associated dermatosis-arthritis syndrome,Neutrophilic panniculitis,11,0,0,0,0,0,0,False,False,False,False,Sickle cell crisis,Sickle cell crisis,False
MCR_v2_seq100,MCR,133,medcasereasoning__000133,ProstateStromalSarcoma,Prostatic Stromal Sarcoma,6,0,0,0,0,0,0,False,False,False,False,Prostatic Stromal Sarcoma,Prostatic Stromal Sarcoma,False
MCR_v2_seq100,MCR,134,medcasereasoning__000134,Malakoplakia,Malakoplakia,7,0,0,0,0,0,0,False,False,False,False,Whipple disease,Whipple disease,False
MCR_v2_seq100,MCR,135,medcasereasoning__000135,Intraductal papilloma,Gynecomastia,7,0,0,0,0,0,0,False,False,False,False,Gynecomastia,Gynecomastia,False
MCR_v2_seq100,MCR,136,medcasereasoning__000136,glioblastoma multiforme,Acute Demyelinating Encephalomyelitis,9,2,1,3,6,1,1,False,False,False,False,Acute Demyelinating Encephalomyelitis,Acute Demyelinating Encephalomyelitis,False
MCR_v2_seq100,MCR,137,medcasereasoning__000137,Solitary fibrous tumour,Fibroma,8,0,0,0,0,0,0,False,False,False,False,Fibroma,Fibroma,False
MCR_v2_seq100,MCR,138,medcasereasoning__000138,appendiceal intussusception,Endometriosis,12,0,0,0,0,0,0,False,False,False,False,Endometriosis,Endometriosis,False
MCR_v2_seq100,MCR,139,medcasereasoning__000139,type 2 autoimmune pancreatitis,Autoimmune Pancreatitis,9,0,0,0,0,0,0,False,False,False,False,Autoimmune Pancreatitis,Autoimmune Pancreatitis,False
MCR_v2_seq100,MCR,140,medcasereasoning__000140,Gastric adenomyoma,Gastric adenocarcinoma,10,1,1,1,1,1,2,False,False,False,False,Gastric adenocarcinoma,Gastric adenocarcinoma,False
MCR_v2_seq100,MCR,141,medcasereasoning__000141,Rhegmatogenous retinal detachment with choroidal detachment,Posterior Scleritis,8,0,0,0,0,0,0,False,False,False,False,Posterior Scleritis,Posterior Scleritis,False
MCR_v2_seq100,MCR,142,medcasereasoning__000142,angiosarcoma,Langerhans Cell Histiocytosis,9,0,0,0,0,0,0,False,False,False,False,Rhabdomyosarcoma,Rhabdomyosarcoma,False
MCR_v2_seq100,MCR,143,medcasereasoning__000143,ANCA-associated vasculitis,Wegener's granulomatosis,9,0,0,0,0,0,0,False,False,False,False,Wegener's granulomatosis,Wegener's granulomatosis,False
MCR_v2_seq100,MCR,144,medcasereasoning__000144,systemic lupus erythematosus,Systemic Lupus Erythematosus,9,2,1,3,7,1,1,False,False,False,False,Pericarditis,Systemic Lupus Erythematosus,True
MCR_v2_seq100,MCR,145,medcasereasoning__000145,right paraduodenal hernia,Malrotation of the intestine,10,0,0,0,0,0,0,False,False,False,False,Malrotation of the intestine,Malrotation of the intestine,False
MCR_v2_seq100,MCR,146,medcasereasoning__000146,Diffuse large B cell lymphoma,Intestinal tuberculosis,11,0,0,0,0,0,0,False,False,False,False,Crohn's disease,Crohn's disease,False
MCR_v2_seq100,MCR,147,medcasereasoning__000147,angioleiomyoma,Synovial chondromatosis,8,0,0,0,0,0,0,False,False,False,False,Synovial chondromatosis,Synovial chondromatosis,False
MCR_v2_seq100,MCR,150,medcasereasoning__000150,Intraosseous lipoma,Periapical granuloma,6,0,0,0,0,0,0,False,False,False,False,Periapical abscess,Periapical abscess,False
MCR_v2_seq100,MCR,151,medcasereasoning__000151,coccidioidomycosis,Pneumocystis jirovecii pneumonia,8,0,0,0,0,0,0,False,False,False,False,Pneumocystis jirovecii pneumonia,Pneumocystis jirovecii pneumonia,False
MCR_v2_seq100,MCR,152,medcasereasoning__000152,Squamous cell carcinoma,Squamous cell carcinoma,8,0,0,0,0,0,0,False,False,False,False,Chronic fungal infection,Chronic fungal infection,False
MCR_v2_seq100,MCR,153,medcasereasoning__000153,Pheochromocytoma,Myocarditis,8,2,1,3,3,1,1,False,False,False,False,Takotsubo cardiomyopathy,Myocarditis,True
MCR_v2_seq100,MCR,154,medcasereasoning__000154,Decompression sickness,Decompression Sickness,8,3,1,3,6,1,1,True,False,False,False,Decompression Sickness,Decompression Sickness,False
MCR_v2_seq100,MCR,156,medcasereasoning__000156,Angiomyolipoma,Renal Cell Carcinoma,8,0,0,0,0,0,0,False,False,False,False,Renal Cell Carcinoma,Renal Cell Carcinoma,False
MCR_v2_seq100,MCR,159,medcasereasoning__000159,endometrioid adenocarcinoma,Iatrogenic tumor dissemination,9,2,1,3,3,1,1,True,False,False,False,Disseminated peritoneal leiomyomatosis,Disseminated peritoneal leiomyomatosis,False
MCR_v2_seq100,MCR,161,medcasereasoning__000161,EccrinePorocarcinoma,Melanoma,8,2,1,3,5,1,1,False,False,False,False,Melanoma,Squamous Cell Carcinoma,True
MCR_v2_seq100,MCR,162,medcasereasoning__000162,Milker's nodules,Paravaccinia,9,2,1,2,4,1,1,False,False,False,False,Erysipeloid,Erysipeloid,False
MCR_v2_seq100,MCR,163,medcasereasoning__000163,Acute appendicitis,Ectopic Pregnancy,8,0,0,0,0,0,0,False,False,False,False,Ectopic Pregnancy,Ectopic Pregnancy,False
MCR_v2_seq100,MCR,164,medcasereasoning__000164,Primary squamous cell carcinoma of the liver,Cholecystitis,8,0,0,0,0,0,0,False,False,False,False,Cholecystitis,Cholecystitis,False
MCR_v2_seq100,MCR,165,medcasereasoning__000165,Leiomyosarcoma,Gastrointestinal Stromal Tumor (GIST),4,0,0,0,0,0,0,False,False,False,False,Gastrointestinal Stromal Tumor (GIST),Gastrointestinal Stromal Tumor (GIST),False
MCR_v2_seq100,MCR,166,medcasereasoning__000166,Contrast-induced encephalopathy,Contrast-Induced Encephalopathy,7,0,0,0,0,0,0,False,False,False,False,Contrast-Induced Encephalopathy,Contrast-Induced Encephalopathy,False
MCR_v2_seq100,MCR,167,medcasereasoning__000167,Myofibroma,Osteosarcoma,8,0,0,0,0,0,0,False,False,False,False,Ewing's Sarcoma,Ewing's Sarcoma,False
MCR_v2_seq100,MCR,168,medcasereasoning__000168,Paraneoplastic encephalomyelitis,Acute Disseminated Encephalomyelitis,10,4,2,6,12,2,2,False,False,False,False,Acute Disseminated Encephalomyelitis,Neuromyelitis Optica Spectrum Disorder (NMOSD),True
MCR_v2_seq100,MCR,169,medcasereasoning__000169,rheumatoid arthritis,Rheumatoid Arthritis,9,3,1,4,8,1,1,True,False,False,False,Rheumatoid Arthritis,Rheumatoid Arthritis,False
MCR_v2_seq100,MCR,170,medcasereasoning__000170,T-cell lymphoblastic lymphoma,Hodgkin lymphoma,11,14,3,10,37,5,8,False,False,True,False,Hodgkin lymphoma,Hodgkin lymphoma,False
MCR_v2_seq100,MCR,171,medcasereasoning__000171,mast cell leukaemia,Hemophagocytic lymphohistiocytosis,10,2,1,2,2,1,1,False,False,False,False,Histiocytic medullary reticulosis,Histiocytic medullary reticulosis,False
MCR_v2_seq100,MCR,172,medcasereasoning__000172,mucormycosis,Mucormycosis,8,0,0,0,0,0,0,False,False,False,False,Mucormycosis,Mucormycosis,False
MCR_v2_seq100,MCR,173,medcasereasoning__000173,Chronic subdural hematoma,Subdural Hematoma,8,9,1,6,22,1,1,True,False,False,False,Subdural Hematoma,Chronic Subdural Hematoma,True
MCR_v2_seq100,MCR,174,medcasereasoning__000174,autoimmune gastritis,Atrophic gastritis,7,0,0,0,0,0,0,False,False,False,False,Atrophic gastritis,Atrophic gastritis,False
MCR_v2_seq100,MCR,175,medcasereasoning__000175,Fibrous dysplasia,Juvenile Ossifying Fibroma,6,0,0,0,0,0,0,False,False,False,False,Juvenile Ossifying Fibroma,Juvenile Ossifying Fibroma,False
MCR_v2_seq100,MCR,177,medcasereasoning__000177,Niemann-Pick disease type B,Hereditary hemorrhagic telangiectasia,14,0,0,0,0,0,0,False,False,False,False,Polycystic kidney disease,Polycystic kidney disease,False
MCR_v2_seq100,MCR,178,medcasereasoning__000178,Malingering,Factitious disorder,10,0,0,0,0,0,1,False,False,False,False,Malingering,Malingering,False
MCR_v2_seq100,MCR,179,medcasereasoning__000179,hypoxia-induced thrombocytopenia,Pulmonary Atresia with Ventricular Septal Defect,7,3,1,4,8,1,1,False,False,False,False,Immune thrombocytopenia,Immune thrombocytopenia,False
MCR_v2_seq100,MCR,182,medcasereasoning__000182,Plasmacytoma,Metastatic plasma cell myeloma,9,0,0,0,0,0,0,False,False,False,False,Metastatic plasma cell myeloma,Metastatic plasma cell myeloma,False
MCR_v2_seq100,MCR,183,medcasereasoning__000183,atypical femoral neck fracture,Atypical Femoral Fracture,7,0,0,0,0,0,0,False,False,False,False,Atypical Femoral Fracture,Atypical Femoral Fracture,False
MCR_v2_seq100,MCR,184,medcasereasoning__000184,Psoriasiform drug eruption,psoriasiform drug reaction,6,3,1,4,4,1,1,False,False,False,False,psoriasiform drug reaction,psoriasiform drug reaction,False
MCR_v2_seq100,MCR,186,medcasereasoning__000186,pyogenic spondylodiscitis,Spondylodiscitis,11,3,1,1,1,1,1,False,False,False,False,Epidural abscess,Epidural abscess,False
MCR_v2_seq100,MCR,187,medcasereasoning__000187,Schwannoma,Ganglion cyst,3,0,0,0,0,0,0,False,False,False,False,Ganglion cyst,Ganglion cyst,False
MCR_v2_seq100,MCR,188,medcasereasoning__000188,Liposarcoma,Gastrointestinal stromal tumor (GIST),8,2,1,2,2,1,1,False,False,False,False,Gastrointestinal stromal tumor (GIST),Gastrointestinal stromal tumor (GIST),False
MCR_v2_seq100,MCR,189,medcasereasoning__000189,cherubism,Cherubism,5,0,0,0,0,0,0,False,False,False,False,Cherubism,Cherubism,False
MCR_v2_seq100,MCR,190,medcasereasoning__000190,Primary signet-ring cell carcinoma of the bladder,Urinary Bladder Adenocarcinoma,9,1,1,2,2,1,1,False,False,False,False,Urinary Bladder Adenocarcinoma,Urinary Bladder Adenocarcinoma,False
MCR_v2_seq100,MCR,192,medcasereasoning__000192,Neurosyphilis,Stroke,9,2,1,3,8,1,1,False,False,False,False,Stroke,Cavernous Malformation,True
MCR_v2_seq100,MCR,194,medcasereasoning__000194,Mycosis fungoides,Mycosis Fungoides,7,0,0,0,0,0,0,False,False,False,False,Mycosis Fungoides,Mycosis Fungoides,False
MCR_v2_seq100,MCR,196,medcasereasoning__000196,vertebral hemangioma,Primary spinal tumor,8,0,0,0,0,0,0,False,False,False,False,Metastatic spinal tumor,Metastatic spinal tumor,False
MCR_v2_seq100,MCR,197,medcasereasoning__000197,Pseudoseptic arthritis,viscosupplementation-related inflammatory reaction,11,12,1,7,47,1,1,True,False,False,False,viscosupplementation-related inflammatory reaction,viscosupplementation-related inflammatory reaction,False
MCR_v2_seq100,MCR,198,medcasereasoning__000198,Rosette-forming glioneuronal tumor,Ependymoma,9,0,0,0,0,0,0,False,False,False,False,Medulloblastoma,Medulloblastoma,False
MCR_v2_seq100,MCR,199,medcasereasoning__000199,bismuth encephalopathy,Autoimmune Encephalitis,9,0,0,0,0,0,0,False,False,False,False,Autoimmune Encephalitis,Autoimmune Encephalitis,False
MCR_v2_seq100,MCR,200,medcasereasoning__000200,Angiomyofibroblastoma,Canal of Nuck hernia,7,0,0,0,0,0,0,False,False,False,False,Canal of Nuck hernia,Canal of Nuck hernia,False
MCR_v2_seq100,MCR,201,medcasereasoning__000201,NeuromyelitisOptica,Neuromyelitis Optica Spectrum Disorder,5,2,1,0,0,1,1,False,False,False,False,Neuromyelitis Optica Spectrum Disorder,Neuromyelitis Optica Spectrum Disorder,False
MCR_v2_seq100,MCR,202,medcasereasoning__000202,Mantle cell lymphoma,Torus palatinus,6,0,0,0,0,0,0,False,False,False,False,Torus palatinus,Torus palatinus,False
MCR_v2_seq100,MCR,203,medcasereasoning__000203,Epitheloid leiomyoma,Vulvar cancer,6,0,0,0,0,0,0,False,False,False,False,Vulvar cancer,Vulvar cancer,False
MCR_v2_seq100,MCR,204,medcasereasoning__000204,genital tuberculosis,Tubo-ovarian abscess,7,2,1,2,2,1,1,False,False,False,False,Ovarian cyst,Tubo-ovarian abscess,True
MCR_v2_seq100,MCR,205,medcasereasoning__000205,Cysticercosis,Cysticercosis,11,7,2,9,16,2,2,True,False,False,False,Cysticercosis,Cysticercosis,False
MCR_v2_seq100,MCR,206,medcasereasoning__000206,sparganosis,Phyllodes tumor,9,0,0,0,0,0,0,False,False,False,False,Breast cancer,Breast cancer,False
MCR_v2_seq100,MCR,207,medcasereasoning__000207,renal cell carcinoma,Diabetic Amyotrophy,8,0,0,0,0,0,0,False,False,False,False,Diabetic Amyotrophy,Diabetic Amyotrophy,False
MCR_v2_seq100,MCR,208,medcasereasoning__000208,Takotsubo syndrome,Takotsubo syndrome,10,0,0,0,0,0,0,False,False,False,False,Takotsubo syndrome,Takotsubo syndrome,False
MCR_v2_seq100,MCR,209,medcasereasoning__000209,melanoma,Ewing sarcoma,12,2,1,2,2,1,1,False,False,False,False,Ewing sarcoma,Ewing sarcoma,False
MCR_v2_seq100,MCR,210,medcasereasoning__000210,Periapical actinomycosis,odontogenic keratocyst,9,0,0,0,0,0,0,False,False,False,False,odontogenic keratocyst,odontogenic keratocyst,False
MCR_v2_seq100,MCR,211,medcasereasoning__000211,Ewing sarcoma,Ewing's Sarcoma,11,1,1,2,5,1,1,False,False,False,False,Uterine Sarcoma,Solitary Fibrous Tumor,True
MCR_v2_seq100,MCR,212,medcasereasoning__000212,Neurofibromatosis type 2,Neurofibromatosis type 1,9,0,0,0,0,0,0,False,False,False,False,Neurofibromatosis type 1,Neurofibromatosis type 1,False
MCR_v2_seq100,MCR,213,medcasereasoning__000213,morbilliform drug eruption,Drug rash with eosinophilia and systemic symptoms (DRESS) syndrome,9,3,2,5,8,2,2,False,False,False,False,Drug rash with eosinophilia and systemic symptoms (DRESS) syndrome,Stevens-Johnson Syndrome (SJS)/Toxic Epidermal Necrolysis (TEN),True
MCR_v2_seq100,MCR,214,medcasereasoning__000214,Urticarial vasculitis,Erythema Multiforme,9,0,0,0,0,0,0,False,False,False,False,Erythema Multiforme,Erythema Multiforme,False
MCR_v2_seq100,MCR,215,medcasereasoning__000215,ClearCellSarcoma,Dermatofibrosarcoma protuberans,9,0,0,0,0,0,0,False,False,False,False,Dermatofibrosarcoma protuberans,Dermatofibrosarcoma protuberans,False
MCR_v2_seq100,MCR,217,medcasereasoning__000217,Herpes simplex virus reactivation,Hemicrania Continua,11,0,0,0,0,0,0,False,False,False,False,Cluster Headache,Cluster Headache,False
MCR_v2_seq100,MCR,218,medcasereasoning__000218,Erdheim-Chester disease,Erdheim-Chester disease,9,0,0,0,0,0,0,False,False,False,False,Erdheim-Chester disease,Erdheim-Chester disease,False
MCR_v2_seq100,MCR,220,medcasereasoning__000220,Kawasaki disease,Kawasaki disease,8,0,0,0,0,0,0,False,False,False,False,Kawasaki disease,Kawasaki disease,False
MCR_v2_seq100,MCR,221,medcasereasoning__000221,giant cell-rich osteosarcoma,Lymphoma,11,5,1,4,18,2,3,False,False,False,False,Lymphoma,Lymphoma,False
MCR_v2_seq100,MCR,222,medcasereasoning__000222,fibromatosis-like metaplastic carcinoma,Inflammatory Breast Cancer,7,6,1,4,21,3,3,False,False,True,False,Inflammatory Breast Cancer,Invasive Breast Cancer,True
MCR_v2_seq100,MCR,223,medcasereasoning__000223,COVID-19-related coagulopathy,Sepsis,10,0,0,0,0,0,0,False,False,False,False,Disseminated Intravascular Coagulation (DIC),Disseminated Intravascular Coagulation (DIC),False
MCR_v2_seq100,MCR,224,medcasereasoning__000224,mucosal melanoma,Melanoma,7,0,0,0,0,0,0,False,False,False,False,Melanoma,Melanoma,False
MCR_v2_seq100,MCR,226,medcasereasoning__000226,Glomus tumor,Tracheal carcinoid tumor,5,2,1,0,0,1,3,False,False,False,False,Tracheal carcinoid tumor,Tracheal carcinoid tumor,False
MCR_v2_seq100,MCR,227,medcasereasoning__000227,pulmonary embolism,Takotsubo Cardiomyopathy,9,0,0,0,0,0,0,False,False,False,False,Takotsubo Cardiomyopathy,Takotsubo Cardiomyopathy,False
MCR_v2_seq100,MCR,229,medcasereasoning__000229,Idiopathic retroperitoneal fibrosis,Retroperitoneal fibrosis,10,0,0,0,0,0,0,False,False,False,False,Retroperitoneal fibrosis,Retroperitoneal fibrosis,False
MCR_v2_seq100,MCR,230,medcasereasoning__000230,Mucormycosis,Acute Lymphoblastic Leukemia,12,0,0,0,0,0,0,False,False,False,False,Acute Lymphoblastic Leukemia,Acute Lymphoblastic Leukemia,False
MCR_v2_seq100,MCR,231,medcasereasoning__000231,urachal cyst,Intussusception,8,0,0,0,0,0,0,False,False,False,False,Intussusception,Intussusception,False
MCR_v2_seq100,MCR,232,medcasereasoning__000232,eccrine chromhidrosis,Pityriasis rosea,9,0,0,0,0,0,0,False,False,False,False,Pityriasis rosea,Pityriasis rosea,False
MCR_v2_seq100,MCR,233,medcasereasoning__000233,double-outlet right ventricle,Tetralogy of Fallot,11,0,0,0,0,0,0,False,False,False,False,Tetralogy of Fallot,Tetralogy of Fallot,False
MCR_v2_seq100,MCR,234,medcasereasoning__000234,SpindleCellHemangioma,Giant Cell Tumor,10,0,0,0,0,0,0,False,False,False,False,Giant Cell Tumor,Giant Cell Tumor,False
MCR_v2_seq100,MCR,235,medcasereasoning__000235,Nonketotic hyperglycemia hemichorea,Hemichorea-Hemiballismus,6,0,0,0,0,0,0,False,False,False,False,Hemichorea-Hemiballismus,Hemichorea-Hemiballismus,False
MCR_v2_seq100,MCR,236,medcasereasoning__000236,Eosinophilic mastitis,Eosinophilic mastitis,7,2,1,0,0,1,1,True,False,False,False,Eosinophilic mastitis,Eosinophilic mastitis,False
MCR_v2_seq100,MCR,237,medcasereasoning__000237,Peripheral odontoma,Odontoma,12,6,1,5,18,1,1,False,False,False,False,Odontoma,Odontoma,False
MCR_v2_seq100,MCR,240,medcasereasoning__000240,IgG4-related disease,Kimura disease,9,0,0,0,0,0,0,False,False,False,False,Kimura disease,Kimura disease,False
MCR_v2_seq100,MCR,241,medcasereasoning__000241,Perianal mucinous adenocarcinoma,Mucinous Adenocarcinoma,7,0,0,0,0,0,0,False,False,False,False,Mucinous Adenocarcinoma,Mucinous Adenocarcinoma,False
MCR_v2_seq100,MCR,242,medcasereasoning__000242,Intraventricular hemorrhage,Fetal ventriculomegaly,11,0,0,0,0,0,0,False,False,False,False,Congenital Cytomegalovirus Infection,Congenital Cytomegalovirus Infection,False
MCR_v2_seq100,MCR,243,medcasereasoning__000243,spermatocytic seminoma,Mixed germ cell tumor,8,1,1,2,2,1,1,False,False,False,False,Testicular cancer,Testicular cancer,False
MCR_v2_seq100,MCR,244,medcasereasoning__000244,Hydranencephaly,Fetal akinesia deformation sequence,8,0,0,0,0,0,0,False,False,False,False,Fetal akinesia deformation sequence,Fetal akinesia deformation sequence,False
MCR_v2_seq100,MCR,245,medcasereasoning__000245,ovarian cyst adenofibroma,Mucinous cystadenoma,10,0,0,0,0,0,0,False,False,False,False,Mucinous cystadenoma,Mucinous cystadenoma,False
MCR_v2_seq100,MCR,246,medcasereasoning__000246,Liponeurocytoma,Medulloblastoma,9,2,1,1,1,1,1,False,False,False,False,Medulloblastoma,Medulloblastoma,False
MCR_v2_seq100,MCR,247,medcasereasoning__000247,Diffuse large B-cell lymphoma of the central nervous system,Brain metastasis,7,1,1,2,2,1,1,False,False,False,False,Brain metastasis,Brain metastasis,False
MCR_seq200b,MCR,249,medcasereasoning__000249,Organizing pneumonia,Organizing pneumonia,10,0,0,0,0,0,0,False,False,False,False,Bronchiolitis obliterans syndrome,Bronchiolitis obliterans syndrome,False
MCR_seq200b,MCR,250,medcasereasoning__000250,Toxocariasis,Viral myopericarditis,10,0,0,0,0,0,0,False,False,False,False,Viral myopericarditis,Viral myopericarditis,False
MCR_seq200b,MCR,251,medcasereasoning__000251,twin anemia polycythemia sequence,Twin anemia-polycythemia sequence,11,0,0,0,0,0,0,False,False,False,False,Preeclampsia,Preeclampsia,False
MCR_seq200b,MCR,252,medcasereasoning__000252,Visceral leishmaniasis,Visceral Leishmaniasis,10,0,0,0,0,0,0,False,False,False,False,Visceral Leishmaniasis,Visceral Leishmaniasis,False
MCR_seq200b,MCR,254,medcasereasoning__000254,Intimal sarcoma of the pulmonary artery,Chronic Thromboembolic Pulmonary Hypertension,6,0,0,0,0,0,0,False,False,False,False,Chronic Thromboembolic Pulmonary Hypertension,Chronic Thromboembolic Pulmonary Hypertension,False
MCR_seq200b,MCR,257,medcasereasoning__000257,collar button abscess,Pyogenic flexor tenosynovitis,9,0,0,0,0,0,0,False,False,False,False,Pyogenic flexor tenosynovitis,Pyogenic flexor tenosynovitis,False
MCR_seq200b,MCR,258,medcasereasoning__000258,Tuberculous hemorrhagic meningoencephalitis,Miliary tuberculosis,12,2,1,3,6,1,1,False,False,False,False,Coccidioidomycosis,Coccidioidomycosis,False
MCR_seq200b,MCR,259,medcasereasoning__000259,Klippel-Trenaunay syndrome,Klippel-Trenaunay syndrome,6,0,0,0,0,0,0,False,False,False,False,Klippel-Trenaunay syndrome,Klippel-Trenaunay syndrome,False
MCR_seq200b,MCR,260,medcasereasoning__000260,syphilitic aortitis,Syphilitic aortitis,12,0,0,0,0,0,0,False,False,False,False,Takayasu arteritis,Takayasu arteritis,False
MCR_seq200b,MCR,261,medcasereasoning__000261,Granulomatous pneumonitis,Etanercept-induced lung disease,9,2,2,4,7,2,5,False,False,True,False,Interstitial lung disease,Sarcoidosis,True
MCR_seq200b,MCR,262,medcasereasoning__000262,Schwannoma,Intraductal Papillary Mucinous Neoplasm (IPMN),11,0,0,0,0,0,0,False,False,False,False,Intraductal Papillary Mucinous Neoplasm (IPMN),Intraductal Papillary Mucinous Neoplasm (IPMN),False
MCR_seq200b,MCR,263,medcasereasoning__000263,sarcoidosis,Sarcoidosis,10,0,0,0,0,0,0,False,False,False,False,Sarcoidosis,Sarcoidosis,False
MCR_seq200b,MCR,264,medcasereasoning__000264,Benign cystic mesothelioma,Ovarian cystadenocarcinoma,8,2,1,3,7,1,1,False,False,False,False,Ovarian cystadenocarcinoma,Ovarian cystadenocarcinoma,False
MCR_seq200b,MCR,265,medcasereasoning__000265,Intestinal T-cell lymphoma not otherwise specified,Crohn's disease,10,0,0,0,0,0,0,False,False,False,False,Crohn's disease,Crohn's disease,False
MCR_seq200b,MCR,266,medcasereasoning__000266,Aortic Dissection,Hypertensive Heart Disease,6,0,0,0,0,0,0,False,False,False,False,Hypertensive Heart Disease,Hypertensive Heart Disease,False
MCR_seq200b,MCR,267,medcasereasoning__000267,T-cell lymphoma,Abscess,9,0,0,0,0,0,0,False,False,False,False,Abscess,Abscess,False
MCR_seq200b,MCR,268,medcasereasoning__000268,pustular psoriasis,Acute generalized exanthematous pustulosis,9,0,0,0,0,0,0,False,False,False,False,Stevens-Johnson syndrome,Stevens-Johnson syndrome,False
MCR_seq200b,MCR,269,medcasereasoning__000269,Osteoid osteoma,Chronic Recurrent Multifocal Osteomyelitis (CRMO),10,0,0,0,0,0,1,False,False,False,False,Chronic Recurrent Multifocal Osteomyelitis (CRMO),Chronic Recurrent Multifocal Osteomyelitis (CRMO),False
MCR_seq200b,MCR,270,medcasereasoning__000270,epidermal inclusion cyst,Tarlov cyst,8,0,0,0,0,0,0,False,False,False,False,Tarlov cyst,Tarlov cyst,False
MCR_seq200b,MCR,271,medcasereasoning__000271,solid persistent facial edema,Lymphangioma,9,0,0,0,0,0,0,False,False,False,False,Lymphangioma,Lymphangioma,False
MCR_seq200b,MCR,272,medcasereasoning__000272,sclerosing hemangioma,Focal nodular hyperplasia,9,0,0,0,0,0,0,False,False,False,False,Focal nodular hyperplasia,Focal nodular hyperplasia,False
MCR_seq200b,MCR,274,medcasereasoning__000274,tricuspid valve aneurysm,Papillary Fibroelastoma,9,0,0,0,0,0,0,False,False,False,False,Papillary Fibroelastoma,Papillary Fibroelastoma,False
MCR_seq200b,MCR,275,medcasereasoning__000275,Ischemic colitis,Ulcerative Colitis,10,0,0,0,0,0,0,False,False,False,False,Ulcerative Colitis,Ulcerative Colitis,False
MCR_seq200b,MCR,276,medcasereasoning__000276,Inflammatory cap polyp,Colorectal intussusception,10,2,1,2,3,1,1,False,False,False,False,Colorectal intussusception,Colorectal intussusception,False
MCR_seq200b,MCR,277,medcasereasoning__000277,Wilms tumor,Renal Cell Carcinoma,7,3,1,4,8,1,1,False,False,False,False,Renal Cell Carcinoma,Renal Cell Carcinoma,False
MCR_seq200b,MCR,278,medcasereasoning__000278,Refeeding syndrome,Refeeding syndrome,7,0,0,0,0,0,0,False,False,False,False,Refeeding syndrome,Refeeding syndrome,False
MCR_seq200b,MCR,279,medcasereasoning__000279,Leiomyosarcoma,Bartholin's gland cyst,5,0,0,0,0,0,0,False,False,False,False,Bartholin's gland cyst,Bartholin's gland cyst,False
MCR_seq200b,MCR,280,medcasereasoning__000280,Invasive papillary carcinoma,Invasive Ductal Carcinoma,10,0,0,0,0,0,0,False,False,False,False,Invasive Ductal Carcinoma,Invasive Ductal Carcinoma,False
MCR_seq200b,MCR,283,medcasereasoning__000283,dermoid cyst,Dermoid cyst,8,9,1,6,23,1,1,True,False,False,False,Dermoid cyst,Dermoid cyst,False
MCR_seq200b,MCR,284,medcasereasoning__000284,hibernoma,Gastric lipoma,4,2,1,3,6,1,1,False,False,False,False,Gastric lipoma,Gastric lipoma,False
MCR_seq200b,MCR,285,medcasereasoning__000285,Pycnodysostosis,Pyknodysostosis,6,0,0,0,0,0,0,False,False,False,False,Pyknodysostosis,Pyknodysostosis,False
MCR_seq200b,MCR,287,medcasereasoning__000287,Autoimmune hepatitis,Acute Liver Failure,11,0,0,0,0,0,0,False,False,False,False,Autoimmune Hepatitis,Autoimmune Hepatitis,False
MCR_seq200b,MCR,288,medcasereasoning__000288,cystic lymphangioma,Intraductal Papillary Mucinous Neoplasm (IPMN),9,0,0,0,0,0,0,False,False,False,False,Intraductal Papillary Mucinous Neoplasm (IPMN),Intraductal Papillary Mucinous Neoplasm (IPMN),False
MCR_seq200b,MCR,289,medcasereasoning__000289,Takayasu arteritis,Takayasu arteritis,7,0,0,0,0,0,0,False,False,False,False,Takayasu arteritis,Takayasu arteritis,False
MCR_seq200b,MCR,290,medcasereasoning__000290,functional neurological disorder,Cervical vertigo,12,0,0,0,0,0,0,False,False,False,False,Small vessel disease,Small vessel disease,False
MCR_seq200b,MCR,291,medcasereasoning__000291,Necrolytic acral erythema,Psoriasis,9,2,1,2,2,1,1,False,False,False,False,Psoriasis,Psoriasis,False
MCR_seq200b,MCR,292,medcasereasoning__000292,Anaplastic large-cell lymphoma,Hodgkin lymphoma,9,6,1,5,21,1,1,False,False,False,False,Hodgkin lymphoma,Anaplastic large cell lymphoma,True
MCR_seq200b,MCR,293,medcasereasoning__000293,Hemangiosarcoma,Hepatocellular Carcinoma,5,0,0,0,0,0,0,False,False,False,False,Hepatocellular Carcinoma,Hepatocellular Carcinoma,False
MCR_seq200b,MCR,294,medcasereasoning__000294,Undifferentiated embryonal sarcoma of the liver,Hepatoblastoma,9,0,0,0,0,0,0,False,False,False,False,Hepatoblastoma,Hepatoblastoma,False
MCR_seq200b,MCR,295,medcasereasoning__000295,gallbladder carcinoma,Gallbladder cancer,8,0,0,0,0,0,0,False,False,False,False,Gallbladder cancer,Gallbladder cancer,False
MCR_seq200b,MCR,296,medcasereasoning__000296,Sweet’s syndrome,Sweet syndrome,9,0,0,0,0,0,0,False,False,False,False,Sweet syndrome,Sweet syndrome,False
MCR_seq200b,MCR,297,medcasereasoning__000297,puffy hand syndrome,Scleroderma,12,0,0,0,0,0,0,False,False,False,False,Scleroderma,Scleroderma,False
MCR_seq200b,MCR,298,medcasereasoning__000298,Warthin tumor,Squamous cell carcinoma of the oropharynx,10,2,1,3,3,1,1,False,False,False,False,Squamous cell carcinoma of the oropharynx,Squamous cell carcinoma,True
MCR_seq200b,MCR,299,medcasereasoning__000299,Pancreatic adenocarcinoma,Pancreatic Cancer,9,0,0,0,0,0,0,False,False,False,False,Autoimmune Pancreatitis,Autoimmune Pancreatitis,False
MCR_seq200b,MCR,300,medcasereasoning__000300,Perniosis,Systemic Lupus Erythematosus,10,0,0,0,0,0,0,False,False,False,False,Systemic Lupus Erythematosus,Systemic Lupus Erythematosus,False
MCR_seq200b,MCR,301,medcasereasoning__000301,water reflex epilepsy,Aquatic dysautonomia or water-induced epilepsy,7,0,0,0,0,0,0,False,False,False,False,Aquatic Migraine,Aquatic Migraine,False
MCR_seq200b,MCR,302,medcasereasoning__000302,septic arthritis,Ectopic Pregnancy,9,0,0,0,0,0,0,False,False,False,False,Septic Arthritis,Septic Arthritis,False
MCR_seq200b,MCR,303,medcasereasoning__000303,GastricSchwannoma,Gastrointestinal Stromal Tumor (GIST),7,0,0,0,0,0,0,False,False,False,False,Gastrointestinal Stromal Tumor (GIST),Gastrointestinal Stromal Tumor (GIST),False
MCR_seq200b,MCR,305,medcasereasoning__000305,amitraz poisoning,Amitraz poisoning,7,0,0,0,0,0,0,False,False,False,False,Amitraz poisoning,Amitraz poisoning,False
MCR_seq200b,MCR,306,medcasereasoning__000306,Disseminated strongyloidiasis,Enterococcal Meningitis,11,0,0,0,0,0,0,False,False,False,False,Diffuse Alveolar Hemorrhage,Diffuse Alveolar Hemorrhage,False
MCR_seq200b,MCR,307,medcasereasoning__000307,Leiomyoma,Incarcerated Inguinal Hernia,4,5,1,4,6,2,2,False,False,True,False,Incarcerated Inguinal Hernia,Incarcerated Inguinal Hernia,False
MCR_seq200b,MCR,308,medcasereasoning__000308,Metastatic breast carcinoma,Invasive Fungal Sinusitis,10,0,0,0,0,0,0,False,False,False,False,Invasive Fungal Sinusitis,Invasive Fungal Sinusitis,False
MCR_seq200b,MCR,309,medcasereasoning__000309,Graves disease,Thyroid Storm,9,0,0,0,0,0,0,False,False,False,False,Thyroid Storm,Thyroid Storm,False
MCR_seq200b,MCR,310,medcasereasoning__000310,ExtraskeletalMyxoidChondrosarcoma,Extraskeletal myxoid chondrosarcoma,9,9,1,5,22,3,5,False,False,False,False,Extraskeletal myxoid chondrosarcoma,Osteosarcoma,True
MCR_seq200b,MCR,311,medcasereasoning__000311,Pulmonary syphilis,Empyema,9,0,0,0,0,0,0,False,False,False,False,Parapneumonic effusion,Parapneumonic effusion,False
MCR_seq200b,MCR,312,medcasereasoning__000312,Hepatic cystadenoma,Intraductal Papillary Mucinous Neoplasm (IPMN) of the Bile Duct,13,8,3,9,15,3,3,False,False,False,False,Intraductal Papillary Mucinous Neoplasm (IPMN) of the Bile Duct,Intraductal Papillary Mucinous Neoplasm (IPMN) of the Bile Duct,False
MCR_seq200b,MCR,313,medcasereasoning__000313,Syphilis,Secondary Syphilis,9,0,0,0,0,0,0,False,False,False,False,Infectious Mononucleosis,Infectious Mononucleosis,False
MCR_seq200b,MCR,314,medcasereasoning__000314,invasive fungal rhinosinusitis,Sphenoid sinusitis,10,0,0,0,0,0,0,False,False,False,False,Sphenoid sinusitis,Sphenoid sinusitis,False
MCR_seq200b,MCR,315,medcasereasoning__000315,Large cell neuroendocrine carcinoma,High-Grade Serous Carcinoma,7,0,0,0,0,0,0,False,False,False,False,High-Grade Serous Carcinoma,High-Grade Serous Carcinoma,False
MCR_seq200b,MCR,316,medcasereasoning__000316,Cerebrospinal fluid hypovolemia syndrome,Third cranial nerve palsy,9,0,0,0,0,0,0,False,False,False,False,Superior orbital fissure syndrome,Superior orbital fissure syndrome,False
MCR_seq200b,MCR,317,medcasereasoning__000317,Cryptococcal meningitis,Cryptococcal meningitis,9,0,0,0,0,0,0,False,False,False,False,Progressive multifocal leukoencephalopathy,Progressive multifocal leukoencephalopathy,False
MCR_seq200b,MCR,318,medcasereasoning__000318,Multiple endocrine neoplasia type 2A,Multiple Endocrine Neoplasia Type 2A (MEN2A),9,0,0,0,0,0,0,False,False,False,False,Medullary Thyroid Carcinoma (MTC),Medullary Thyroid Carcinoma (MTC),False
MCR_seq200b,MCR,319,medcasereasoning__000319,Osteosarcoma,Adverse Local Tissue Reaction (ALTR),9,2,1,3,6,1,1,False,False,False,False,Adverse Local Tissue Reaction (ALTR),Adverse Local Tissue Reaction (ALTR),False
MCR_seq200b,MCR,320,medcasereasoning__000320,May-Thurner syndrome,May-Thurner syndrome,8,0,0,0,0,0,0,False,False,False,False,Deep vein thrombosis,Deep vein thrombosis,False
MCR_seq200b,MCR,321,medcasereasoning__000321,Myofibromatosis,Fibromatosis,9,0,0,0,0,0,0,False,False,False,False,Fibromatosis,Fibromatosis,False
MCR_seq200b,MCR,322,medcasereasoning__000322,Factitious disorder,Factitious disorder imposed on self,11,2,1,3,6,1,1,True,False,False,False,Factitious disorder imposed on self,Somatoform disorder,True
MCR_seq200b,MCR,323,medcasereasoning__000323,diffuse large B-cell lymphoma,Vaginal cancer,12,6,2,5,7,2,2,False,False,False,False,Vaginal cancer,Lymphoma,True
MCR_seq200b,MCR,324,medcasereasoning__000324,COVID-19-associated acute and transient psychotic disorder,COVID-19 Psychosis,7,0,0,0,0,0,0,False,False,False,False,COVID-19 Psychosis,COVID-19 Psychosis,False
MCR_seq200b,MCR,326,medcasereasoning__000326,Brucellosis,Spinal epidural abscess,10,4,2,2,2,2,2,False,False,False,False,Discitis,Discitis,False
MCR_seq200b,MCR,327,medcasereasoning__000327,dermatofibrosarcoma protuberans,Metastatic disease to the thyroid,10,0,0,0,0,0,0,False,False,False,False,Metastatic disease to the thyroid,Metastatic disease to the thyroid,False
MCR_seq200b,MCR,328,medcasereasoning__000328,Necrotizing fasciitis,Necrotizing Fasciitis,7,0,0,0,0,0,0,False,False,False,False,Necrotizing Fasciitis,Necrotizing Fasciitis,False
MCR_seq200b,MCR,329,medcasereasoning__000329,urachal cyst,Urachal sinus,10,0,0,0,0,0,0,False,False,False,False,Urachal sinus,Urachal sinus,False
MCR_seq200b,MCR,330,medcasereasoning__000330,Squamous cell carcinoma,Pancoast tumor,13,0,0,0,0,0,0,False,False,False,False,Sjögren's syndrome,Sjögren's syndrome,False
MCR_seq200b,MCR,331,medcasereasoning__000331,tumoral calcinosis,Giant Cell Tumor of the Tendon Sheath,3,0,0,0,0,0,0,False,False,False,False,Giant Cell Tumor of the Tendon Sheath,Giant Cell Tumor of the Tendon Sheath,False
MCR_seq200b,MCR,332,medcasereasoning__000332,cesarean scar ectopic pregnancy,Cesarean-section scar ectopic pregnancy,8,0,0,0,0,0,0,False,False,False,False,Cesarean-section scar ectopic pregnancy,Cesarean-section scar ectopic pregnancy,False
MCR_seq200b,MCR,333,medcasereasoning__000333,Pilomatrixoma,Phyllodes Tumor,8,0,0,0,0,0,0,False,False,False,False,Phyllodes Tumor,Phyllodes Tumor,False
MCR_seq200b,MCR,334,medcasereasoning__000334,Posterior reversible encephalopathy syndrome,Posterior Reversible Encephalopathy Syndrome (PRES),10,0,0,0,0,0,0,False,False,False,False,Posterior Reversible Encephalopathy Syndrome (PRES),Posterior Reversible Encephalopathy Syndrome (PRES),False
MCR_seq200b,MCR,335,medcasereasoning__000335,Drug-induced lupus,Drug-induced lupus erythematosus,9,0,0,0,0,0,0,False,False,False,False,Paradoxical Tuberculous Effusion,Paradoxical Tuberculous Effusion,False
MCR_seq200b,MCR,336,medcasereasoning__000336,Subacute thyroiditis,Subacute Thyroiditis,7,0,0,0,0,0,0,False,False,False,False,Subacute Thyroiditis,Subacute Thyroiditis,False
MCR_seq200b,MCR,337,medcasereasoning__000337,Tubo-ovarian complex torsion,Ovarian Torsion,10,0,0,0,0,-1,0,False,False,False,False,Ovarian Torsion,Ovarian Torsion,False
MCR_seq200b,MCR,338,medcasereasoning__000338,filariasis,Retroperitoneal lymphangioma,7,2,1,3,5,1,1,False,False,False,False,Retroperitoneal lymphangioma,Retroperitoneal lymphangioma,False
MCR_seq200b,MCR,339,medcasereasoning__000339,lingual thyroid gland,Lingual thyroid,7,0,0,0,0,0,0,False,False,False,False,Thyroglossal duct cyst,Thyroglossal duct cyst,False
MCR_seq200b,MCR,340,medcasereasoning__000340,retropharyngeal calcific tendinitis,Retropharyngeal calcific tendinitis,4,0,0,0,0,0,0,False,False,False,False,Retropharyngeal calcific tendinitis,Retropharyngeal calcific tendinitis,False
MCR_seq200b,MCR,341,medcasereasoning__000341,acute motor axonal neuropathy,Guillain-Barré Syndrome,7,0,0,0,0,0,0,False,False,False,False,Guillain-Barré Syndrome,Guillain-Barré Syndrome,False
MCR_seq200b,MCR,342,medcasereasoning__000342,Brown bowel syndrome,Intestinal pseudo-obstruction,12,3,1,4,6,1,1,False,False,False,False,Intestinal pseudo-obstruction,Short bowel syndrome,True
MCR_seq200b,MCR,343,medcasereasoning__000343,CardiacSarcoidosis,Arrhythmogenic Right Ventricular Dysplasia,6,0,0,0,0,0,0,False,False,False,False,Arrhythmogenic Right Ventricular Dysplasia,Arrhythmogenic Right Ventricular Dysplasia,False
MCR_seq200b,MCR,344,medcasereasoning__000344,sarcoidosis,Sarcoidosis,10,0,0,0,0,0,0,False,False,False,False,Sarcoidosis,Sarcoidosis,False
MCR_seq200b,MCR,345,medcasereasoning__000345,Hereditary hypophosphatemic rickets with hypercalciuria,X-linked hypophosphatemia,10,1,1,2,2,1,1,True,False,False,False,X-linked hypophosphatemia,X-linked hypophosphatemia,False
MCR_seq200b,MCR,346,medcasereasoning__000346,myxoinflammatory fibroblastic sarcoma,Hodgkin lymphoma,7,0,0,0,0,0,0,False,False,False,False,Hodgkin lymphoma,Hodgkin lymphoma,False
MCR_seq200b,MCR,347,medcasereasoning__000347,sellar cavernous hemangioma,Nonfunctioning Pituitary Adenoma,8,0,0,0,0,0,0,False,False,False,False,Pituitary Macroadenoma,Pituitary Macroadenoma,False
MCR_seq200b,MCR,348,medcasereasoning__000348,complex odontoma,Complex odontoma,8,2,1,3,6,1,2,False,False,False,False,Odontogenic tumor,Calcifying epithelial odontogenic tumor,True
MCR_seq200b,MCR,349,medcasereasoning__000349,phaeohyphomycosis,Dermatofibroma,11,0,0,0,0,0,0,False,False,False,False,Epidermal Inclusion Cyst,Epidermal Inclusion Cyst,False
MCR_seq200b,MCR,352,medcasereasoning__000352,mucoepidermoid carcinoma,Squamous cell carcinoma,10,1,1,2,3,1,1,False,False,False,False,Squamous cell carcinoma,Metastatic squamous cell carcinoma,True
MCR_seq200b,MCR,353,medcasereasoning__000353,squamous cell carcinoma,Granulomatosis with polyangiitis,8,0,0,0,0,-1,0,False,False,False,False,Wegener's granulomatosis,Wegener's granulomatosis,False
MCR_seq200b,MCR,354,medcasereasoning__000354,Posterior Nutcracker Syndrome,Nephrolithiasis,8,0,0,0,0,0,0,False,False,False,False,Alport syndrome,Alport syndrome,False
MCR_seq200b,MCR,355,medcasereasoning__000355,Dedifferentiated chondrosarcoma,Osteosarcoma,7,0,0,0,0,0,0,False,False,False,False,Chondrosarcoma,Chondrosarcoma,False
MCR_seq200b,MCR,356,medcasereasoning__000356,Synovial sarcoma,Ewing's Sarcoma,6,0,0,0,0,0,0,False,False,False,False,Ewing's Sarcoma,Ewing's Sarcoma,False
MCR_seq200b,MCR,357,medcasereasoning__000357,melanocytoma,Cavernous Hemangioma,8,2,2,4,6,2,2,False,False,False,False,Cavernous Hemangioma,Orbital metastasis,True
MCR_seq200b,MCR,358,medcasereasoning__000358,Foreign body granuloma,Synovitis,11,2,1,3,7,1,1,False,False,False,False,Synovitis,Tenosynovitis,True
MCR_seq200b,MCR,359,medcasereasoning__000359,basal cell carcinoma,Squamous cell carcinoma,8,0,0,0,0,0,0,False,False,False,False,Squamous cell carcinoma,Squamous cell carcinoma,False
MCR_seq200b,MCR,361,medcasereasoning__000361,Anaplastic thyroid carcinoma,Hypopharyngeal cancer,9,0,0,0,0,0,0,False,False,False,False,Hypopharyngeal cancer,Hypopharyngeal cancer,False
MCR_seq200b,MCR,362,medcasereasoning__000362,Cryptococcal osteomyelitis,Osteomyelitis,10,12,1,6,15,3,4,False,False,False,False,Osteomyelitis,Multidrug-resistant tuberculosis,True
MCR_seq200b,MCR,363,medcasereasoning__000363,Symmetrical peripheral gangrene,Purpura fulminans,9,0,0,0,0,0,0,False,False,False,False,Purpura fulminans,Purpura fulminans,False
MCR_seq200b,MCR,364,medcasereasoning__000364,acute interstitial nephritis,Acute Kidney Injury,10,3,2,5,10,2,2,False,False,False,False,Nephrotic Syndrome,Nephrotic Syndrome,False
MCR_seq200b,MCR,365,medcasereasoning__000365,thyroglossal duct cyst,Base of Tongue Cyst,8,0,0,0,0,0,0,False,False,False,False,Base of Tongue Cyst,Base of Tongue Cyst,False
MCR_seq200b,MCR,367,medcasereasoning__000367,Cicatricial conjunctivitis,Chronic Cicatricial Conjunctivitis,11,0,0,0,0,0,0,False,False,False,False,Dry Eye Syndrome,Dry Eye Syndrome,False
MCR_seq200b,MCR,368,medcasereasoning__000368,LeukemiaCutis,Cutaneous Lymphoma,9,2,1,3,10,1,3,False,False,True,False,Cutaneous Lymphoma,Leukemia Cutis,True
MCR_seq200b,MCR,369,medcasereasoning__000369,Bilateral adrenal hemorrhage,Adrenal hemorrhage,9,0,0,0,0,0,0,False,False,False,False,Adrenal hemorrhage,Adrenal hemorrhage,False
MCR_seq200b,MCR,370,medcasereasoning__000370,osteochondroma,Osteochondroma,3,0,0,0,0,0,0,False,False,False,False,Osteochondroma,Osteochondroma,False
MCR_seq200b,MCR,371,medcasereasoning__000371,Brucellosis,Hemarthrosis,13,0,0,0,0,0,0,False,False,False,False,Hemarthrosis,Hemarthrosis,False
MCR_seq200b,MCR,372,medcasereasoning__000372,Sporotrichosis,Lupus miliaris disseminatus faciei,9,0,0,0,0,0,0,False,False,False,False,Lupus miliaris disseminatus faciei,Lupus miliaris disseminatus faciei,False
MCR_seq200b,MCR,373,medcasereasoning__000373,amyloidosis,Conjunctival amyloidosis,9,0,0,0,0,0,0,False,False,False,False,Conjunctival amyloidosis,Conjunctival amyloidosis,False
MCR_seq200b,MCR,374,medcasereasoning__000374,cryptogenic organizing pneumonia,Sarcoidosis,13,5,1,4,11,2,2,False,False,True,False,Sarcoidosis,Sarcoidosis,False
MCR_seq200b,MCR,375,medcasereasoning__000375,gliomatosis cerebri,Progressive Supranuclear Palsy,11,0,0,0,0,0,0,False,False,False,False,Normal Pressure Hydrocephalus,Normal Pressure Hydrocephalus,False
MCR_seq200b,MCR,376,medcasereasoning__000376,Sacrococcygeal teratoma,Sacrococcygeal teratoma,9,2,1,2,3,1,1,False,False,False,False,Neonatal hemorrhagic shock,Hemorrhagic shock,True
MCR_seq200b,MCR,377,medcasereasoning__000377,hemorrhagic synovial cyst,Meningioma,9,0,0,0,0,0,0,False,False,False,False,Meningioma,Meningioma,False
MCR_seq200b,MCR,378,medcasereasoning__000378,Visual conversion disorder,Traumatic Optic Neuropathy,8,0,0,0,0,0,0,False,False,False,False,Traumatic Optic Neuropathy,Traumatic Optic Neuropathy,False
MCR_seq200b,MCR,379,medcasereasoning__000379,Hemangiopericytoma,Uterine Fibroid,6,0,0,0,0,0,0,False,False,False,False,Uterine Fibroid,Uterine Fibroid,False
MCR_seq200b,MCR,381,medcasereasoning__000381,lipoma,Lipoma,9,0,0,0,0,0,0,False,False,False,False,Lipoma,Lipoma,False
MCR_seq200b,MCR,382,medcasereasoning__000382,Brown-McLean syndrome,Fuchs' endothelial dystrophy,6,0,0,0,0,0,0,False,False,False,False,Fuchs' endothelial dystrophy,Fuchs' endothelial dystrophy,False
MCR_seq200b,MCR,383,medcasereasoning__000383,Idiopathic granulomatous mastitis,Idiopathic granulomatous mastitis,9,5,2,6,15,2,5,True,False,False,False,Idiopathic granulomatous mastitis,Granulomatous mastitis,True
MCR_seq200b,MCR,384,medcasereasoning__000384,juvenile ossifying fibroma,Juvenile nasopharyngeal angiofibroma,10,0,0,0,0,0,0,False,False,False,False,Juvenile nasopharyngeal angiofibroma,Juvenile nasopharyngeal angiofibroma,False
MCR_seq200b,MCR,385,medcasereasoning__000385,olaparib-induced purpuric drug eruption,Thrombocytopenia,9,7,2,5,13,2,2,False,False,False,False,Thrombocytopenia,Olaparib-induced thrombocytopenia,True
MCR_seq200b,MCR,386,medcasereasoning__000386,chondrosarcoma,Laryngeal Chondrosarcoma,8,3,2,2,4,2,2,True,False,False,False,Laryngeal Chondrosarcoma,Laryngeal Chondrosarcoma,False
MCR_seq200b,MCR,387,medcasereasoning__000387,Langerhans cell histiocytosis,Rhabdomyosarcoma,10,0,0,0,0,0,0,False,False,False,False,Rhabdomyosarcoma,Rhabdomyosarcoma,False
MCR_seq200b,MCR,388,medcasereasoning__000388,ClearCellMeningioma,Meningioma,7,15,1,7,27,2,2,False,False,False,False,Meningioma,Meningioma,False
MCR_seq200b,MCR,389,medcasereasoning__000389,Fusarium pneumonia,Invasive aspergillosis,8,2,1,2,3,1,2,False,False,False,False,Invasive aspergillosis,Invasive aspergillosis,False
MCR_seq200b,MCR,390,medcasereasoning__000390,Intraductal carcinoma,Salivary duct carcinoma,10,0,0,0,0,0,0,False,False,False,False,Salivary duct carcinoma,Salivary duct carcinoma,False
MCR_seq200b,MCR,391,medcasereasoning__000391,foreign body granuloma,Cholesteatoma,9,0,0,0,0,0,0,False,False,False,False,Cholesteatoma,Cholesteatoma,False
MCR_seq200b,MCR,392,medcasereasoning__000392,Pial arteriovenous fistula,Stroke,9,2,1,2,2,1,1,False,False,False,False,Moyamoya Disease,Moyamoya Disease,False
MCR_seq200b,MCR,393,medcasereasoning__000393,mucormycosis,Gastrointestinal basidiobolomycosis,13,3,1,4,9,1,1,False,False,False,False,Gastric neoplasia,Gastric neoplasia,False
MCR_seq200b,MCR,394,medcasereasoning__000394,Isolated ACTH deficiency,Syndrome of Inappropriate Antidiuretic Hormone Secretion (SIADH),10,1,1,0,0,1,1,False,False,False,False,Syndrome of Inappropriate Antidiuretic Hormone Secretion (SIADH),Syndrome of Inappropriate Antidiuretic Hormone Secretion (SIADH),False
MCR_seq200b,MCR,395,medcasereasoning__000395,Kummell disease,Kummell's Disease,6,0,0,0,0,0,0,False,False,False,False,Kummell's Disease,Kummell's Disease,False
MCR_seq200b,MCR,396,medcasereasoning__000396,rheumatoid arthritis,Rheumatoid Arthritis,10,0,0,0,0,0,0,False,False,False,False,Seronegative Spondyloarthritis,Seronegative Spondyloarthritis,False
MCR_seq200b,MCR,397,medcasereasoning__000397,Cancer associated microangiopathic hemolytic anemia,Disseminated Intravascular Coagulation,9,0,0,0,0,0,0,False,False,False,False,Disseminated Intravascular Coagulation,Disseminated Intravascular Coagulation,False
MCR_seq200b,MCR,399,medcasereasoning__000399,FournierGangrene,Scrotal abscess,11,0,0,0,0,0,0,False,False,False,False,Neonatal testicular torsion,Neonatal testicular torsion,False
MCR_seq200b,MCR,401,medcasereasoning__000401,Chronic invasive fungal rhinosinusitis,Sinonasal lymphoma,10,3,1,3,5,2,2,False,False,False,False,Invasive fungal sinusitis,Invasive fungal sinusitis,False
MCR_seq200b,MCR,402,medcasereasoning__000402,Primary pleuropulmonary synovial sarcoma,Lung cancer,12,0,0,0,0,0,0,False,False,False,False,Lung cancer,Lung cancer,False
MCR_seq200b,MCR,403,medcasereasoning__000403,Primary angiitis of the central nervous system,Ischemic Stroke,11,4,3,6,9,3,3,False,False,False,False,Ischemic Stroke,Atrial Fibrillation-Related Embolic Stroke,True
MCR_seq200b,MCR,405,medcasereasoning__000405,Synovial sarcoma,Tumor thrombus,12,0,0,0,0,0,0,False,False,False,False,Inferior vena cava thrombosis,Inferior vena cava thrombosis,False
MCR_seq200b,MCR,406,medcasereasoning__000406,Sturge-Weber syndrome,Sturge-Weber syndrome,9,0,0,0,0,0,0,False,False,False,False,Glaucoma,Glaucoma,False
MCR_seq200b,MCR,407,medcasereasoning__000407,Adrenal myelolipoma,Myelolipoma,8,11,1,6,9,2,3,True,False,False,False,Myelolipoma,Myelolipoma,False
MCR_seq200b,MCR,408,medcasereasoning__000408,sebaceous carcinoma,clear-cell squamous cell carcinoma,8,2,1,3,6,1,2,False,False,False,False,clear-cell squamous cell carcinoma,clear-cell squamous cell carcinoma,False
MCR_seq200b,MCR,409,medcasereasoning__000409,Chronic necrotizing pancreatitis,Pulmonary effusion due to pancreaticopleural fistula,10,6,3,8,17,3,3,False,False,False,False,Pleural effusion,Pleural effusion,False
MCR_seq200b,MCR,410,medcasereasoning__000410,Intraductal papillary neoplasm of the bile duct,Intraductal Papillary Neoplasm of the Bile Duct,9,0,0,0,0,0,0,False,False,False,False,Intraductal Papillary Neoplasm of the Bile Duct,Intraductal Papillary Neoplasm of the Bile Duct,False
MCR_seq200b,MCR,411,medcasereasoning__000411,PlexiformSchwannoma,Plexiform Schwannoma,9,0,0,0,0,0,0,False,False,False,False,Plexiform Schwannoma,Plexiform Schwannoma,False
MCR_seq200b,MCR,412,medcasereasoning__000412,External cervical resorption,External Cervical Resorption,9,2,1,3,3,1,1,False,False,False,False,External Cervical Resorption,External Cervical Resorption,False
MCR_seq200b,MCR,413,medcasereasoning__000413,schwannoma,Esthesioneuroblastoma,9,0,0,0,0,0,0,False,False,False,False,Esthesioneuroblastoma,Esthesioneuroblastoma,False
MCR_seq200b,MCR,414,medcasereasoning__000414,Primary spontaneous pneumothorax,Costochondritis,10,0,0,0,0,0,0,False,False,False,False,Costochondritis,Costochondritis,False
MCR_seq200b,MCR,415,medcasereasoning__000415,Schwannoma,Metastatic thyroid carcinoma,9,0,0,0,0,0,0,False,False,False,False,Lymphoma,Lymphoma,False
MCR_seq200b,MCR,416,medcasereasoning__000416,Schistosomiasis,Schistosomiasis,7,1,1,2,3,1,2,True,False,False,False,Schistosomiasis,Spinal schistosomiasis,True
MCR_seq200b,MCR,418,medcasereasoning__000418,Sarcoidosis,Sarcoidosis,10,2,1,2,2,1,1,True,False,False,False,Sarcoidosis,Arrhythmogenic Right Ventricular Cardiomyopathy,True
MCR_seq200b,MCR,419,medcasereasoning__000419,Inflammatory pseudotumor-like follicular dendritic cell sarcoma,Lymphoma,9,0,0,0,0,0,0,False,False,False,False,Lymphoma,Lymphoma,False
MCR_seq200b,MCR,420,medcasereasoning__000420,Osteochondroma,Bone spur,7,0,0,0,0,0,0,False,False,False,False,Gastrocnemius Tightness,Gastrocnemius Tightness,False
MCR_seq200b,MCR,423,medcasereasoning__000423,schwannoma,Retroperitoneal sarcoma,9,6,2,6,25,3,3,False,False,False,False,Retroperitoneal sarcoma,Sarcoma,True
MCR_seq200b,MCR,424,medcasereasoning__000424,Nonbacterial thrombotic endocarditis,Systemic Lupus Erythematosus,9,0,0,0,0,0,0,False,False,False,False,Systemic Lupus Erythematosus,Systemic Lupus Erythematosus,False
MCR_seq200b,MCR,426,medcasereasoning__000426,cystoid macular oedema,Diabetic Macular Edema,10,0,0,0,0,0,0,False,False,False,False,Diabetic Macular Edema,Diabetic Macular Edema,False
MCR_seq200b,MCR,428,medcasereasoning__000428,Hairy cell leukemia,Pancytopenia,9,2,1,0,0,1,1,False,False,False,False,Immune Thrombocytopenia,Immune Thrombocytopenia,False
MCR_seq200b,MCR,430,medcasereasoning__000430,Atrial tachycardia,Mitral Isthmus Dependent Atrial Flutter,9,3,1,3,8,2,2,False,False,False,False,Mitral Isthmus Dependent Atrial Flutter,Atrial Fibrillation,True
MCR_seq200b,MCR,431,medcasereasoning__000431,congenital cytomegalovirus infection,Porencephaly,11,0,0,0,0,0,0,False,False,False,False,Porencephaly,Porencephaly,False
MCR_seq200b,MCR,432,medcasereasoning__000432,Rapidly involuting congenital hemangioma,Rapidly Involuting Congenital Hemangioma (RICH),8,0,0,0,0,0,0,False,False,False,False,Rapidly Involuting Congenital Hemangioma (RICH),Rapidly Involuting Congenital Hemangioma (RICH),False
MCR_seq200b,MCR,434,medcasereasoning__000434,multifocal diverticulitis,Ulcerative Colitis,9,0,0,0,0,0,0,False,False,False,False,Ulcerative Colitis,Ulcerative Colitis,False
MCR_seq200b,MCR,435,medcasereasoning__000435,cryptococcoma,Cerebral Toxoplasmosis,9,2,1,2,2,1,1,False,False,False,False,Cerebral Toxoplasmosis,Primary Central Nervous System Lymphoma,True
MCR_seq200b,MCR,436,medcasereasoning__000436,Renal artery aneurysm,Spontaneous renal hemorrhage,9,2,1,3,7,1,1,False,False,False,False,Spontaneous renal hemorrhage,Spontaneous renal hemorrhage,False
MCR_seq200b,MCR,437,medcasereasoning__000437,Hepatopulmonary syndrome,Heart Failure with Preserved Ejection Fraction,12,2,1,2,2,1,1,False,False,False,False,Heart Failure with Preserved Ejection Fraction,Heart Failure with Preserved Ejection Fraction,False
MCR_seq200b,MCR,438,medcasereasoning__000438,chemotherapy induced sclerosing cholangitis,Cholangitis,9,9,1,5,27,3,5,False,False,True,False,Cholangitis,Vanishing bile duct syndrome,True
MCR_seq200b,MCR,441,medcasereasoning__000441,Dengue encephalitis,Dengue Encephalitis,7,0,0,0,0,0,0,False,False,False,False,Dengue Encephalitis,Dengue Encephalitis,False
MCR_seq200b,MCR,442,medcasereasoning__000442,Topical corticosteroid withdrawal,steroid-induced rosacea-like dermatitis,9,0,0,0,0,0,0,False,False,False,False,perioral dermatitis,perioral dermatitis,False
MCR_seq200b,MCR,443,medcasereasoning__000443,Thymoma,Malignant Lymphoma,6,0,0,0,0,0,0,False,False,False,False,Malignant Lymphoma,Malignant Lymphoma,False
MCR_seq200b,MCR,444,medcasereasoning__000444,Langerhans cell histiocytosis,Langerhans cell histiocytosis,4,0,0,0,0,0,0,False,False,False,False,Langerhans cell histiocytosis,Langerhans cell histiocytosis,False
MCR_seq200b,MCR,445,medcasereasoning__000445,Actinomycosis,Chronic invasive fungal sinusitis,10,2,1,2,4,1,1,False,False,False,False,Chronic invasive fungal sinusitis,Invasive fungal sinusitis,True
MCR_seq200b,MCR,448,medcasereasoning__000448,thrombotic thrombocytopenic purpura,Thrombotic Thrombocytopenic Purpura (TTP),9,0,0,0,0,0,0,False,False,False,False,Thrombotic Thrombocytopenic Purpura (TTP),Thrombotic Thrombocytopenic Purpura (TTP),False
MCR_seq200b,MCR,450,medcasereasoning__000450,lupus pneumonitis,Neonatal Lupus,9,0,0,0,0,0,0,False,False,False,False,Neonatal Lupus,Neonatal Lupus,False
MCR_seq200b,MCR,451,medcasereasoning__000451,Spontaneous pneumoperitoneum,Recurrent pneumoperitoneum,8,3,1,3,10,2,2,False,False,False,False,Recurrent pneumoperitoneum,Chronic intestinal pseudo-obstruction,True
MCR_seq200b,MCR,452,medcasereasoning__000452,fibroadenoma,Fibroma,9,6,1,5,13,1,1,False,False,False,False,Fibroma,Leiomyoma,True
MCR_seq200b,MCR,453,medcasereasoning__000453,osteoblastoma,cemento-ossifying fibroma,3,0,0,0,0,0,0,False,False,False,False,cemento-ossifying fibroma,cemento-ossifying fibroma,False
MCR_seq200b,MCR,454,medcasereasoning__000454,Gastrointestinal stromal tumor,Gastrointestinal Stromal Tumor (GIST),9,0,0,0,0,0,0,False,False,False,False,Gastrointestinal Stromal Tumor (GIST),Gastrointestinal Stromal Tumor (GIST),False
MCR_seq200b,MCR,455,medcasereasoning__000455,uterine inversion,Uterovaginal prolapse,12,1,1,2,2,1,2,False,False,False,False,Uterovaginal prolapse,Uterovaginal prolapse,False
MCR_seq200b,MCR,456,medcasereasoning__000456,Ureteroarterial fistula,Radiation-induced hemorrhagic cystitis,11,4,2,4,6,2,2,False,False,False,False,Radiation-induced hemorrhagic cystitis,Radiation-induced hemorrhagic cystitis,False
MCR_seq200b,MCR,457,medcasereasoning__000457,Ewing sarcoma,Hemangiopericytoma,6,0,0,0,0,0,0,False,False,False,False,Hemangiopericytoma,Hemangiopericytoma,False
MCR_seq200b,MCR,458,medcasereasoning__000458,Lymphangioleiomyomatosis,Birt-Hogg-Dube syndrome,6,0,0,0,0,0,0,False,False,False,False,Birt-Hogg-Dube syndrome,Birt-Hogg-Dube syndrome,False
MCR_seq200b,MCR,459,medcasereasoning__000459,Cavernous hemangioma,Fibrous Dysplasia,5,0,0,0,0,0,0,False,False,False,False,Fibrous Dysplasia,Fibrous Dysplasia,False
MCR_seq200b,MCR,460,medcasereasoning__000460,Schistosomiasis,Bronchopleural fistula,9,0,0,0,0,0,0,False,False,False,False,Bronchopleural fistula,Bronchopleural fistula,False
MCR_seq200b,MCR,461,medcasereasoning__000461,dengue viral myositis,Rhabdomyolysis,8,0,0,0,0,0,0,False,False,False,False,Sepsis,Sepsis,False
MCR_seq200b,MCR,463,medcasereasoning__000463,Femoral–facial syndrome,Femoral hypoplasia-unusual facies syndrome,8,0,0,0,0,0,0,False,False,False,False,Femoral hypoplasia-unusual facies syndrome,Femoral hypoplasia-unusual facies syndrome,False
MCR_seq200b,MCR,464,medcasereasoning__000464,ruptured popliteal artery aneurysm,Popliteal artery aneurysm,10,3,1,4,10,1,1,True,False,False,False,Popliteal artery aneurysm,Popliteal artery aneurysm,False
MCR_seq200b,MCR,465,medcasereasoning__000465,congenital granular cell epulis,Congenital Epulis,6,0,0,0,0,0,0,False,False,False,False,Congenital Granular Cell Tumor,Congenital Granular Cell Tumor,False
MCR_seq200b,MCR,466,medcasereasoning__000466,Basaloid squamous cell carcinoma,Pilonidal disease,10,1,1,0,0,1,1,False,False,False,False,Chronic pressure ulcer,Chronic pressure ulcer,False
MCR_seq200b,MCR,467,medcasereasoning__000467,spinal epidural lipomatosis,Spinal Cord Compression,7,0,0,0,0,0,0,False,False,False,False,Spinal Cord Compression,Spinal Cord Compression,False
MCR_seq200b,MCR,468,medcasereasoning__000468,cryoglobulinemic vasculitis,Central nervous system vasculitis,9,2,1,3,6,1,1,False,False,False,False,Central nervous system vasculitis,Central nervous system vasculitis,False
MCR_seq200b,MCR,469,medcasereasoning__000469,mantle cell lymphoma,Lymphoma,10,2,1,3,7,1,1,False,False,False,False,Lymphoma,vogt-koyanagi-harada disease,True
MCR_seq200b,MCR,470,medcasereasoning__000470,cone-rod dystrophy,Cone-rod dystrophy,9,0,0,0,0,0,0,False,False,False,False,Cone-rod dystrophy,Cone-rod dystrophy,False
MCR_seq200b,MCR,471,medcasereasoning__000471,stress-induced gastric ulcer,Gastritis,14,0,0,0,0,0,0,False,False,False,False,Gastritis,Gastritis,False
MCR_seq200b,MCR,473,medcasereasoning__000473,keratoameloblastoma,Odontogenic Keratocyst,6,0,0,0,0,0,0,False,False,False,False,Odontogenic Keratocyst,Odontogenic Keratocyst,False
MCR_seq200b,MCR,474,medcasereasoning__000474,Neurenteric cyst,Hemangioblastoma,9,0,0,0,0,0,0,False,False,False,False,Hemangioblastoma,Hemangioblastoma,False
MCR_seq200b,MCR,475,medcasereasoning__000475,Parsonage Turner Syndrome,Anterior Interosseous Nerve Syndrome,5,0,0,0,0,0,1,False,False,False,False,Anterior Interosseous Nerve Syndrome,Anterior Interosseous Nerve Syndrome,False
MCR_seq200b,MCR,477,medcasereasoning__000477,Burkitt lymphoma,Intussusception,8,0,0,0,0,0,0,False,False,False,False,Inflammatory Bowel Disease,Inflammatory Bowel Disease,False
MCR_seq200b,MCR,478,medcasereasoning__000478,toxic megacolon,Campylobacter jejuni infection,7,0,0,0,0,0,0,False,False,False,False,Inflammatory bowel disease,Inflammatory bowel disease,False
MCR_seq200b,MCR,479,medcasereasoning__000479,Extraskeletal myxoid chondrosarcoma,Myxoid Liposarcoma,9,0,0,0,0,0,0,False,False,False,False,Myxoid Liposarcoma,Myxoid Liposarcoma,False
MCR_seq200b,MCR,480,medcasereasoning__000480,Myasthenia gravis,Transient Ischemic Attack of the Vertebrobasilar System,8,3,1,3,5,2,3,False,False,False,False,Transient Ischemic Attack of the Vertebrobasilar System,Vertebrobasilar Insufficiency,True
