case_key,family,arm,success,gold_exposure_hit,gold_top1,champion_label,runner_up_label,margin,requested_object,candidate_n,relation_n,relation_typing_success,cache_hit,error
DA_d2_heldout100/254,DA,exact_control,True,False,False,Paraspinal abscess,Abscess,high,disease,6,0,True,False,
DA_d2_heldout100/254,DA,generic_non_equivalence,True,False,False,Paraspinal abscess,Abscess,high,disease,6,1,True,False,
DA_d2_heldout100/254,DA,directional_relation,True,False,False,Paraspinal abscess,Abscess,high,disease,6,1,True,False,
DA_d2_heldout100/254,DA,bounded_inheritance,True,False,False,Paraspinal abscess,Abscess,high,disease,6,1,True,False,
DA_d2_heldout100/255,DA,exact_control,True,False,False,Pemphigus,Lupus erythematosus,high,disease,4,0,True,False,
DA_d2_heldout100/255,DA,generic_non_equivalence,True,False,False,Pemphigus,Subacute cutaneous lupus erythematosus,high,disease,4,2,True,False,
DA_d2_heldout100/255,DA,directional_relation,True,False,False,Pemphigus,Lupus erythematosus,high,disease,4,1,True,False,
DA_d2_heldout100/255,DA,bounded_inheritance,True,False,False,Pemphigus,Subacute cutaneous lupus erythematosus,high,disease,4,1,True,False,
DA_d2_heldout100/257,DA,exact_control,True,False,False,HTRA1-related hereditary cerebral small vessel disease,Cerebral Amyloid Angiopathy,high,disease,5,0,True,False,
DA_d2_heldout100/257,DA,generic_non_equivalence,True,False,False,HTRA1-related hereditary cerebral small vessel disease,Cerebral Amyloid Angiopathy,high,disease,5,1,True,False,
DA_d2_heldout100/257,DA,directional_relation,True,False,False,HTRA1-related hereditary cerebral small vessel disease,Cerebral Amyloid Angiopathy,high,disease,5,1,True,False,
DA_d2_heldout100/257,DA,bounded_inheritance,True,False,False,HTRA1-related hereditary cerebral small vessel disease,,high,disease,5,1,True,False,
DA_d2_heldout100/261,DA,exact_control,True,True,True,Cutaneous Malakoplakia,Malakoplakia,high,disease,3,0,True,False,
DA_d2_heldout100/261,DA,generic_non_equivalence,True,True,True,Cutaneous Malakoplakia,Malakoplakia,medium,disease,3,2,True,False,
DA_d2_heldout100/261,DA,directional_relation,True,True,True,Cutaneous Malakoplakia,Malakoplakia,high,disease,3,2,True,False,
DA_d2_heldout100/261,DA,bounded_inheritance,True,True,True,Cutaneous Malakoplakia,Malakoplakia,high,disease,3,2,True,False,
DA_d2_heldout100/268,DA,exact_control,True,False,False,Thalamic hemorrhage,Intracerebral Hemorrhage,high,disease,5,0,True,False,
DA_d2_heldout100/268,DA,generic_non_equivalence,True,False,False,Thalamic hemorrhage,Intracerebral Hemorrhage,high,disease,5,2,True,False,
DA_d2_heldout100/268,DA,directional_relation,True,False,False,Thalamic hemorrhage,Intracerebral Hemorrhage,medium,disease,5,2,True,False,
DA_d2_heldout100/268,DA,bounded_inheritance,True,False,False,Thalamic hemorrhage,Intracerebral Hemorrhage,high,disease,5,2,True,False,
DA_d2_heldout100/269,DA,exact_control,True,False,False,Revertant Mosaicism in Dystrophic Epidermolysis Bullosa,Revertant Mosaicism in Epidermolysis Bullosa,high,disease,3,0,True,False,
DA_d2_heldout100/269,DA,generic_non_equivalence,True,False,False,Revertant Mosaicism in Dystrophic Epidermolysis Bullosa,Dystrophic Epidermolysis Bullosa,high,disease,3,2,True,False,
DA_d2_heldout100/269,DA,directional_relation,True,False,False,Revertant Mosaicism in Dystrophic Epidermolysis Bullosa,Dystrophic Epidermolysis Bullosa,high,disease,3,2,True,False,
DA_d2_heldout100/269,DA,bounded_inheritance,True,False,False,Revertant Mosaicism in Dystrophic Epidermolysis Bullosa,Dystrophic Epidermolysis Bullosa,high,disease,3,2,True,False,
DA_d2_heldout100/270,DA,exact_control,True,False,False,Tachyarrhythmia,Infective endocarditis,high,disease,6,0,True,False,
DA_d2_heldout100/270,DA,generic_non_equivalence,True,False,False,Tachyarrhythmia,Arrhythmia,high,disease,6,1,True,False,
DA_d2_heldout100/270,DA,directional_relation,True,False,False,Tachyarrhythmia,Arrhythmia,high,disease,6,1,True,False,
DA_d2_heldout100/270,DA,bounded_inheritance,True,False,False,Tachyarrhythmia,Arrhythmia,high,disease,6,1,True,False,
DA_d2_heldout100/281,DA,exact_control,True,False,False,BRAF V600E-mutant melanoma,Invasive Melanoma,high,subtype,4,0,True,False,
DA_d2_heldout100/281,DA,generic_non_equivalence,True,False,False,Invasive Melanoma,Melanoma,high,disease,4,9,True,False,
DA_d2_heldout100/281,DA,directional_relation,True,False,False,BRAF V600E-mutant melanoma,Melanoma,high,disease,4,13,True,False,
DA_d2_heldout100/281,DA,bounded_inheritance,True,False,False,BRAF V600E-mutant melanoma,Invasive Melanoma,high,disease,4,13,True,False,
DA_d2_heldout100/284,DA,exact_control,True,False,False,Tongue Metastasis of Malignant Mesothelioma,Malignant Mesothelioma,high,disease,4,0,True,False,
DA_d2_heldout100/284,DA,generic_non_equivalence,True,False,False,Tongue Metastasis of Malignant Mesothelioma,Tongue Metastasis,high,disease,4,4,True,False,
DA_d2_heldout100/284,DA,directional_relation,True,False,False,Tongue Metastasis of Malignant Mesothelioma,Malignant Mesothelioma,high,disease,4,4,True,False,
DA_d2_heldout100/284,DA,bounded_inheritance,True,False,False,Tongue Metastasis of Malignant Mesothelioma,Tongue Metastasis,high,subtype,4,4,True,False,
DA_d2_heldout100/290,DA,exact_control,True,False,False,Acute Coronary Syndrome,Coronary Artery Disease,medium,disease,6,0,True,False,
DA_d2_heldout100/290,DA,generic_non_equivalence,True,False,False,Acute Coronary Syndrome,Myocardial Infarction,high,disease,6,1,True,False,
DA_d2_heldout100/290,DA,directional_relation,True,False,False,Acute Coronary Syndrome,Coronary Artery Disease,high,disease,6,1,True,False,
DA_d2_heldout100/290,DA,bounded_inheritance,True,False,False,Acute Coronary Syndrome,Coronary Artery Disease,high,disease,6,1,True,False,
DA_d2_heldout100/301,DA,exact_control,True,False,False,High-grade atrioventricular block,Atrioventricular Block,medium,disease,4,0,True,False,
DA_d2_heldout100/301,DA,generic_non_equivalence,True,False,False,High-grade atrioventricular block,Atrioventricular Block,high,disease,4,1,True,False,
DA_d2_heldout100/301,DA,directional_relation,True,False,False,High-grade atrioventricular block,Atrioventricular Block,high,disease,4,1,True,False,
DA_d2_heldout100/301,DA,bounded_inheritance,True,False,False,High-grade atrioventricular block,Atrioventricular Block,medium,disease,4,1,True,False,
DA_d2_heldout100/302,DA,exact_control,True,False,False,Folliculotropic Mycosis Fungoides,Mycosis Fungoides,high,disease,5,0,True,False,
DA_d2_heldout100/302,DA,generic_non_equivalence,True,False,False,Folliculotropic Mycosis Fungoides,Mycosis Fungoides,high,disease,5,1,True,False,
DA_d2_heldout100/302,DA,directional_relation,True,False,False,Folliculotropic Mycosis Fungoides,Mycosis Fungoides,high,disease,5,1,True,False,
DA_d2_heldout100/302,DA,bounded_inheritance,True,False,False,Folliculotropic Mycosis Fungoides,Mycosis Fungoides,high,disease,5,1,True,False,
DA_d2_heldout100/306,DA,exact_control,True,False,False,Candida tropicalis meningitis,Autoimmune encephalitis,high,disease,6,0,True,False,
DA_d2_heldout100/306,DA,generic_non_equivalence,True,False,False,Candida tropicalis meningitis,Candida meningitis,high,disease,6,3,True,False,
DA_d2_heldout100/306,DA,directional_relation,True,False,False,Candida tropicalis meningitis,Candida meningitis,medium,disease,6,3,True,False,
DA_d2_heldout100/306,DA,bounded_inheritance,True,False,False,Candida tropicalis meningitis,Candida meningitis,high,disease,6,3,True,False,
DA_d2_heldout100/308,DA,exact_control,True,False,False,Discoid lupus erythematosus,Cutaneous lupus erythematosus,medium,disease,4,0,True,False,
DA_d2_heldout100/308,DA,generic_non_equivalence,True,False,False,Discoid lupus erythematosus,Cutaneous lupus erythematosus,high,disease,4,4,True,False,
DA_d2_heldout100/308,DA,directional_relation,True,False,False,Discoid lupus erythematosus,Cutaneous lupus erythematosus,medium,disease,4,4,True,False,
DA_d2_heldout100/308,DA,bounded_inheritance,True,False,False,Discoid lupus erythematosus,Cutaneous lupus erythematosus,high,disease,4,4,True,False,
DA_d2_heldout100/310,DA,exact_control,True,False,False,Traumatic Spondylolisthesis,Acute Spinal Cord Injury,high,disease,6,0,True,False,
DA_d2_heldout100/310,DA,generic_non_equivalence,True,False,False,Acute Spinal Cord Injury,Spinal cord injury,high,disease,6,2,True,False,
DA_d2_heldout100/310,DA,directional_relation,True,False,False,Acute Spinal Cord Injury,Spinal cord injury,high,disease,6,2,True,False,
DA_d2_heldout100/310,DA,bounded_inheritance,True,False,False,Acute Spinal Cord Injury,Spinal cord injury,high,disease,6,2,True,False,
DA_d2_heldout100/314,DA,exact_control,True,False,False,Peeling skin disease due to CDSN gene mutations,Peeling skin disease due to CDSN gene mutation,high,disease,5,0,False,False,
DA_d2_heldout100/314,DA,generic_non_equivalence,True,False,False,Peeling skin disease due to CDSN gene mutations,Peeling skin disease due to CDSN gene mutation,low,disease,5,5,False,False,
DA_d2_heldout100/314,DA,directional_relation,True,False,False,Peeling skin disease due to CDSN gene mutations,Peeling skin syndrome type B,high,disease,5,6,False,False,
DA_d2_heldout100/314,DA,bounded_inheritance,True,False,False,Peeling skin disease due to CDSN gene mutations,Peeling skin disease due to CDSN gene mutation,high,disease,5,6,False,False,
DA_d2_heldout100/318,DA,exact_control,True,False,False,Tachycardia-Induced Cardiomyopathy,Heart Failure,medium,disease,6,0,True,False,
DA_d2_heldout100/318,DA,generic_non_equivalence,True,False,False,Tachycardia-Induced Cardiomyopathy,Atrial Tachycardia,medium,disease,6,2,True,False,
DA_d2_heldout100/318,DA,directional_relation,True,False,False,Tachycardia-Induced Cardiomyopathy,Atrial Tachycardia,medium,disease,6,2,True,False,
DA_d2_heldout100/318,DA,bounded_inheritance,True,False,False,Tachycardia-Induced Cardiomyopathy,Cardiomyopathy,medium,disease,6,2,True,False,
DA_d2_heldout100/333,DA,exact_control,True,False,False,Listeria rhombencephalitis,Listeriosis,high,disease,6,0,True,False,
DA_d2_heldout100/333,DA,generic_non_equivalence,True,False,False,Listeria rhombencephalitis,Listeriosis,high,disease,6,0,True,True,
DA_d2_heldout100/333,DA,directional_relation,True,False,False,Listeria rhombencephalitis,Listeriosis,high,disease,6,0,True,True,
DA_d2_heldout100/333,DA,bounded_inheritance,True,False,False,Listeria rhombencephalitis,Listeriosis,high,disease,6,0,True,True,
DA_d2_heldout100/350,DA,exact_control,True,False,False,Mobitz Type II Second-Degree Atrioventricular (AV) Block,Mobitz Type II Second-Degree Atrioventricular Block,low,disease,6,0,True,False,
DA_d2_heldout100/350,DA,generic_non_equivalence,True,False,False,Mobitz Type II Second-Degree Atrioventricular (AV) Block,Mobitz Type II Second-Degree Atrioventricular Block,medium,disease,6,3,True,False,
DA_d2_heldout100/350,DA,directional_relation,True,False,False,Mobitz Type II Second-Degree Atrioventricular (AV) Block,Mobitz Type II Second-Degree Atrioventricular Block,high,disease,6,3,True,False,
DA_d2_heldout100/350,DA,bounded_inheritance,True,False,False,Mobitz Type II Second-Degree Atrioventricular (AV) Block,AV Block,high,disease,6,3,True,False,
DA_d2_heldout100/354,DA,exact_control,True,False,False,Vasculitis,Toxic Epidermal Necrolysis,medium,disease,4,0,True,False,
DA_d2_heldout100/354,DA,generic_non_equivalence,True,False,False,Toxic Epidermal Necrolysis,Vasculitis,low,disease,4,2,True,False,
DA_d2_heldout100/354,DA,directional_relation,True,False,False,Vasculitis,Toxic Epidermal Necrolysis,medium,disease,4,2,True,False,
DA_d2_heldout100/354,DA,bounded_inheritance,True,False,False,Toxic Epidermal Necrolysis,Vasculitis,low,disease,4,2,True,False,
DA_d2_heldout100/356,DA,exact_control,True,False,False,Multiple Endocrine Neoplasia Type 1 (MEN1) associated angiofibromas,,high,disease,6,0,True,False,
DA_d2_heldout100/356,DA,generic_non_equivalence,True,False,False,Multiple Endocrine Neoplasia Type 1 (MEN1) associated angiofibromas,,high,disease,6,1,True,False,
DA_d2_heldout100/356,DA,directional_relation,False,False,False,,,,,6,1,True,False,"champion_id must be one of ['D1', 'D2', 'D3', 'D4', 'D5', 'D6']; got ''"
DA_d2_heldout100/356,DA,bounded_inheritance,True,False,False,Birt-Hogg-Dube Syndrome,Multiple Endocrine Neoplasia Type 1 (MEN1) associated angiofibromas,high,disease,6,1,True,False,
DA_d2_heldout100/359,DA,exact_control,True,False,False,Wolff-Parkinson-White syndrome,Dilated cardiomyopathy,high,disease,6,0,True,False,
DA_d2_heldout100/359,DA,generic_non_equivalence,True,False,False,Dilated cardiomyopathy,Heart failure with reduced ejection fraction,high,disease,6,1,True,False,
DA_d2_heldout100/359,DA,directional_relation,True,False,False,Wolff-Parkinson-White syndrome,Dilated cardiomyopathy,high,disease,6,1,True,False,
DA_d2_heldout100/359,DA,bounded_inheritance,True,False,False,Dilated cardiomyopathy,Heart failure with reduced ejection fraction,high,disease,6,1,True,False,
DA_d2_heldout100/361,DA,exact_control,True,False,False,Ventricular Tachycardia,Supraventricular Tachycardia,high,disease,3,0,False,False,
DA_d2_heldout100/361,DA,generic_non_equivalence,True,False,False,Atrioventricular Nodal Reentrant Tachycardia,Supraventricular Tachycardia,medium,disease,3,2,False,False,
DA_d2_heldout100/361,DA,directional_relation,True,False,False,Ventricular Tachycardia,Supraventricular Tachycardia,medium,disease,3,2,False,False,
DA_d2_heldout100/361,DA,bounded_inheritance,True,False,False,Ventricular Tachycardia,Supraventricular Tachycardia,medium,disease,3,2,False,False,
DA_d2_heldout100/364,DA,exact_control,True,False,False,Papulopustular rosacea,Rosacea,high,disease,6,0,True,False,
DA_d2_heldout100/364,DA,generic_non_equivalence,True,False,False,Papulopustular rosacea,Rosacea,high,disease,6,6,True,False,
DA_d2_heldout100/364,DA,directional_relation,True,False,False,Papulopustular rosacea,Rosacea,high,subtype,6,6,True,False,
DA_d2_heldout100/364,DA,bounded_inheritance,True,False,False,Papulopustular rosacea,Rosacea,high,disease,6,6,True,False,
DA_d2_heldout100/365,DA,exact_control,True,False,False,Scleroderma-like illness due to meperidine injections,Injectable drug-induced skin and soft tissue injury,medium,disease,6,0,True,False,
DA_d2_heldout100/365,DA,generic_non_equivalence,True,False,False,Scleroderma-like illness due to meperidine injections,Injectable drug-induced skin and soft tissue injury,high,disease,6,1,True,False,
DA_d2_heldout100/365,DA,directional_relation,True,False,False,Scleroderma-like illness due to meperidine injections,Injectable drug-induced skin and soft tissue injury,high,disease,6,1,True,False,
DA_d2_heldout100/365,DA,bounded_inheritance,True,False,False,Scleroderma-like illness due to meperidine injections,Injectable drug-induced skin and soft tissue injury,high,disease,6,1,True,False,
DA_d2_heldout100/375,DA,exact_control,True,False,False,Genital Herpes Simplex Virus Infection,Herpes simplex virus infection,high,disease,6,0,True,False,
DA_d2_heldout100/375,DA,generic_non_equivalence,True,False,False,Herpes simplex virus infection,Genital Herpes Simplex Virus Infection,high,disease,6,1,True,False,
DA_d2_heldout100/375,DA,directional_relation,True,False,False,Genital Herpes Simplex Virus Infection,Herpes simplex virus infection,high,disease,6,1,True,False,
DA_d2_heldout100/375,DA,bounded_inheritance,True,False,False,Herpes simplex virus infection,Genital Herpes Simplex Virus Infection,high,disease,6,1,True,False,
DA_d2_heldout100/379,DA,exact_control,True,False,False,Perineural invasion by malignant melanoma,Malignant Melanoma,high,disease,6,0,True,False,
DA_d2_heldout100/379,DA,generic_non_equivalence,True,False,False,Perineural invasion by malignant melanoma,Malignant Melanoma,high,disease,6,6,True,False,
DA_d2_heldout100/379,DA,directional_relation,True,False,False,Desmoplastic Melanoma,Malignant Melanoma,high,disease,6,4,True,False,
DA_d2_heldout100/379,DA,bounded_inheritance,True,False,False,Perineural invasion by malignant melanoma,Malignant Melanoma,high,disease,6,4,True,False,
DA_d2_heldout100/381,DA,exact_control,True,False,False,Good's syndrome,Thymoma-associated multiorgan autoimmunity,high,disease,5,0,True,False,
DA_d2_heldout100/381,DA,generic_non_equivalence,True,False,False,Good's syndrome,Thymoma-associated multiorgan autoimmunity,medium,disease,5,1,True,False,
DA_d2_heldout100/381,DA,directional_relation,True,False,False,Good's syndrome,Thymoma-associated multiorgan autoimmunity,high,disease,5,1,True,False,
DA_d2_heldout100/381,DA,bounded_inheritance,True,False,False,Good's syndrome,Thymoma-associated multiorgan autoimmunity,high,disease,5,1,True,False,
DA_d2_heldout100/383,DA,exact_control,True,False,False,Embryonal Rhabdomyosarcoma,Rhabdomyosarcoma,high,disease,5,0,True,False,
DA_d2_heldout100/383,DA,generic_non_equivalence,True,False,False,Embryonal Rhabdomyosarcoma,Rhabdomyosarcoma,high,disease,5,2,True,False,
DA_d2_heldout100/383,DA,directional_relation,True,False,False,Embryonal Rhabdomyosarcoma,Rhabdomyosarcoma,high,disease,5,2,True,False,
DA_d2_heldout100/383,DA,bounded_inheritance,True,False,False,Embryonal Rhabdomyosarcoma,Rhabdomyosarcoma,high,subtype,5,2,True,False,
DA_d2_heldout100/397,DA,exact_control,True,False,False,Acute myocardial infarction due to total occlusion of the proximal right coronary artery,Acute Myocardial Infarction,high,disease,4,0,True,False,
DA_d2_heldout100/397,DA,generic_non_equivalence,True,False,False,Acute myocardial infarction due to total occlusion of the proximal right coronary artery,Acute Myocardial Infarction,high,disease,4,1,True,False,
DA_d2_heldout100/397,DA,directional_relation,True,False,False,Acute myocardial infarction due to total occlusion of the proximal right coronary artery,Acute Myocardial Infarction,medium,disease,4,1,True,False,
DA_d2_heldout100/397,DA,bounded_inheritance,True,False,False,Acute myocardial infarction due to total occlusion of the proximal right coronary artery,Dextrocardia with Situs Inversus,medium,disease,4,1,True,False,
DA_d2_heldout100/398,DA,exact_control,True,False,False,hemangioma,angioma,medium,disease,3,0,True,False,
DA_d2_heldout100/398,DA,generic_non_equivalence,True,False,False,Kaposi's sarcoma,hemangioma,high,disease,3,2,True,False,
DA_d2_heldout100/398,DA,directional_relation,True,False,False,hemangioma,angioma,medium,disease,3,2,True,False,
DA_d2_heldout100/398,DA,bounded_inheritance,True,False,False,hemangioma,angioma,high,disease,3,2,True,False,
DA_d2_heldout100/400,DA,exact_control,True,False,False,Rapid Eye Movement Sleep Behavior Disorder (RBD),,high,disease,3,0,True,False,
DA_d2_heldout100/400,DA,generic_non_equivalence,True,False,False,Rapid Eye Movement Sleep Behavior Disorder (RBD),Rapid Eye Movement Sleep Behavior Disorder,high,disease,3,1,True,False,
DA_d2_heldout100/400,DA,directional_relation,True,False,False,Rapid Eye Movement Sleep Behavior Disorder (RBD),Obstructive Sleep Apnea,high,disease,3,1,True,False,
DA_d2_heldout100/400,DA,bounded_inheritance,True,False,False,Rapid Eye Movement Sleep Behavior Disorder (RBD),Obstructive Sleep Apnea,high,disease,3,1,True,False,
DA_d2_heldout100/404,DA,exact_control,True,False,False,pembrolizumab-induced scleroderma-like reaction,Chemotherapy-induced scleroderma-like reaction,high,disease,6,0,True,False,
DA_d2_heldout100/404,DA,generic_non_equivalence,True,False,False,pembrolizumab-induced scleroderma-like reaction,Pembrolizumab-induced scleroderma,high,disease,6,2,True,False,
DA_d2_heldout100/404,DA,directional_relation,True,False,False,pembrolizumab-induced scleroderma-like reaction,Pembrolizumab-induced scleroderma,high,disease,6,2,True,False,
DA_d2_heldout100/404,DA,bounded_inheritance,True,False,False,pembrolizumab-induced scleroderma-like reaction,Pembrolizumab-induced scleroderma,high,disease,6,2,True,False,
DA_d2_heldout100/409,DA,exact_control,True,False,False,Ocular syphilis,Syphilitic Uveitis,high,disease,6,0,True,False,
DA_d2_heldout100/409,DA,generic_non_equivalence,True,False,False,Ocular syphilis,Syphilitic Uveitis,high,disease,6,2,True,False,
DA_d2_heldout100/409,DA,directional_relation,True,False,False,Ocular syphilis,Syphilitic Uveitis,high,disease,6,2,True,False,
DA_d2_heldout100/409,DA,bounded_inheritance,True,False,False,Ocular syphilis,Syphilitic Uveitis,high,disease,6,2,True,False,
DA_d2_heldout100/415,DA,exact_control,True,False,False,Non-ST-Elevation Myocardial Infarction (NSTEMI),Myocardial Infarction,medium,disease,6,0,True,False,
DA_d2_heldout100/415,DA,generic_non_equivalence,True,False,False,Non-ST-Elevation Myocardial Infarction (NSTEMI),Myocardial Infarction,high,disease,6,7,True,False,
DA_d2_heldout100/415,DA,directional_relation,True,False,False,ST-Elevation Myocardial Infarction (STEMI),ST-Elevation Myocardial Infarction,high,disease,6,7,True,False,
DA_d2_heldout100/415,DA,bounded_inheritance,True,False,False,ST-Elevation Myocardial Infarction (STEMI),Non-ST-Elevation Myocardial Infarction (NSTEMI),medium,disease,6,7,True,False,
DA_d2_heldout100/420,DA,exact_control,True,False,False,Myocarditis,Sepsis-Induced Cardiomyopathy,high,disease,6,0,True,False,
DA_d2_heldout100/420,DA,generic_non_equivalence,True,False,False,Myocarditis,Sepsis-Induced Cardiomyopathy,medium,disease,6,1,True,False,
DA_d2_heldout100/420,DA,directional_relation,True,False,False,Myocarditis,Sepsis-Induced Cardiomyopathy,high,disease,6,1,True,False,
DA_d2_heldout100/420,DA,bounded_inheritance,True,False,False,Myocarditis,Sepsis-Induced Cardiomyopathy,high,disease,6,1,True,False,
DA_d2_heldout100/431,DA,exact_control,True,False,False,T-VEC–Treated Melanoma,Recurrent Melanoma,high,disease,6,0,True,False,
DA_d2_heldout100/431,DA,generic_non_equivalence,True,False,False,T-VEC–Treated Melanoma,Recurrent Melanoma,high,disease,6,4,True,False,
DA_d2_heldout100/431,DA,directional_relation,True,False,False,T-VEC–Treated Melanoma,Recurrent Melanoma,medium,disease,6,7,True,False,
DA_d2_heldout100/431,DA,bounded_inheritance,True,False,False,T-VEC–Treated Melanoma,Recurrent Melanoma,high,disease,6,7,True,False,
DA_d2_heldout100/432,DA,exact_control,True,False,False,Hepatitis C-associated lichen planus,Lichen planus,high,disease,4,0,True,False,
DA_d2_heldout100/432,DA,generic_non_equivalence,True,False,False,Hepatitis C-associated lichen planus,Hepatitis C virus-associated lichen planus,low,disease,4,9,True,False,
DA_d2_heldout100/432,DA,directional_relation,True,False,False,Hepatitis C-associated lichen planus,Hepatitis C virus-associated lichen planus,high,disease,4,8,True,False,
DA_d2_heldout100/432,DA,bounded_inheritance,True,False,False,Hepatitis C-associated lichen planus,Lichen planus,high,disease,4,8,True,False,
DA_d2_heldout100/449,DA,exact_control,True,False,False,ST-Elevation Myocardial Infarction (STEMI),Acute Myocardial Infarction,medium,disease,6,0,True,False,
DA_d2_heldout100/449,DA,generic_non_equivalence,True,False,False,ST-Elevation Myocardial Infarction (STEMI),Acute Myocardial Infarction,high,disease,6,5,True,False,
DA_d2_heldout100/449,DA,directional_relation,True,False,False,ST-Elevation Myocardial Infarction (STEMI),Acute Myocardial Infarction,high,disease,6,5,True,False,
DA_d2_heldout100/449,DA,bounded_inheritance,True,False,False,ST-Elevation Myocardial Infarction (STEMI),Acute Myocardial Infarction,high,disease,6,5,True,False,
DA_d2_heldout100/451,DA,exact_control,True,False,False,Middle Ear Cholesteatoma,Cholesteatoma,medium,disease,6,0,True,False,
DA_d2_heldout100/451,DA,generic_non_equivalence,True,False,False,Middle Ear Cholesteatoma,Cholesteatoma,medium,disease,6,1,True,False,
DA_d2_heldout100/451,DA,directional_relation,True,False,False,Middle Ear Cholesteatoma,Cholesteatoma,high,disease,6,1,True,False,
DA_d2_heldout100/451,DA,bounded_inheritance,True,False,False,Middle Ear Cholesteatoma,Cholesteatoma,high,disease,6,1,True,False,
DA_d2_heldout200b/459,DA,exact_control,True,False,False,Tachycardia-Induced Cardiomyopathy,Atrial Tachycardia with Cardiac Dysfunction,high,disease,6,0,True,False,
DA_d2_heldout200b/459,DA,generic_non_equivalence,True,False,False,Tachycardia-Induced Cardiomyopathy,Atrial Tachycardia with Cardiac Dysfunction,medium,disease,6,4,True,False,
DA_d2_heldout200b/459,DA,directional_relation,True,False,False,Tachycardia-Induced Cardiomyopathy,Atrial Tachycardia with Cardiac Dysfunction,high,disease,6,4,True,False,
DA_d2_heldout200b/459,DA,bounded_inheritance,True,False,False,Tachycardia-Induced Cardiomyopathy,Atrial Tachycardia with Cardiac Dysfunction,high,disease,6,4,True,False,
DA_d2_heldout200b/461,DA,exact_control,True,False,False,Pseudolymphomatous Reaction,Cutaneous Pseudolymphoma,medium,disease,6,0,True,False,
DA_d2_heldout200b/461,DA,generic_non_equivalence,True,False,False,Pseudolymphomatous Reaction,Cutaneous Pseudolymphoma,low,disease,6,3,True,False,
DA_d2_heldout200b/461,DA,directional_relation,True,False,False,Cutaneous Pseudolymphoma,Pseudolymphoma,high,disease,6,3,True,False,
DA_d2_heldout200b/461,DA,bounded_inheritance,True,False,False,Cutaneous Pseudolymphoma,Pseudolymphomatous Reaction,high,disease,6,3,True,False,
DA_d2_heldout200b/474,DA,exact_control,True,False,False,Myocarditis,Cardiogenic Shock,medium,disease,6,0,True,False,
DA_d2_heldout200b/474,DA,generic_non_equivalence,True,False,False,Thrombotic Thrombocytopenic Purpura,Myocarditis,medium,disease,6,1,True,False,
DA_d2_heldout200b/474,DA,directional_relation,True,False,False,Myocarditis,Cardiogenic Shock,high,disease,6,1,True,False,
DA_d2_heldout200b/474,DA,bounded_inheritance,True,False,False,Myocarditis,Cardiogenic Shock,medium,disease,6,1,True,False,
DA_d2_heldout200b/477,DA,exact_control,True,False,False,Multisystem Inflammatory Syndrome in Children (MIS-C),Cerebral Vasculitis,medium,disease,6,0,True,False,
DA_d2_heldout200b/477,DA,generic_non_equivalence,True,False,False,Cerebral Vasculitis,Multisystem Inflammatory Syndrome in Children (MIS-C),high,disease,6,1,True,False,
DA_d2_heldout200b/477,DA,directional_relation,True,False,False,Cerebral Vasculitis,Acute Hemorrhagic Leukoencephalitis (AHLE),high,disease,6,1,True,False,
DA_d2_heldout200b/477,DA,bounded_inheritance,True,False,False,Multisystem Inflammatory Syndrome in Children (MIS-C),Cerebral Vasculitis,high,disease,6,1,True,False,
DA_d2_heldout200b/478,DA,exact_control,True,False,False,Bronchiolitis,Acute respiratory distress syndrome (ARDS),medium,disease,6,0,True,False,
DA_d2_heldout200b/478,DA,generic_non_equivalence,True,False,False,Bronchiolitis,Sepsis,medium,disease,6,4,True,False,
DA_d2_heldout200b/478,DA,directional_relation,True,False,False,Bronchiolitis,Acute respiratory distress syndrome (ARDS),medium,disease,6,4,True,False,
DA_d2_heldout200b/478,DA,bounded_inheritance,True,False,False,Bronchiolitis,Acute respiratory distress syndrome (ARDS),medium,disease,6,4,True,False,
DA_d2_heldout200b/486,DA,exact_control,True,False,False,Leprosy,Lupus vulgaris,high,disease,6,0,True,False,
DA_d2_heldout200b/486,DA,generic_non_equivalence,True,False,False,Leprosy,Lupus vulgaris,high,disease,6,2,True,False,
DA_d2_heldout200b/486,DA,directional_relation,True,False,False,Leprosy,Erythema nodosum leprosum,high,disease,6,2,True,False,
DA_d2_heldout200b/486,DA,bounded_inheritance,True,False,False,Leprosy,Lupus vulgaris,high,disease,6,2,True,False,
DA_d2_heldout200b/489,DA,exact_control,True,False,False,Pseudohypoparathyroidism,Idiopathic Basal Ganglia Calcification,high,disease,5,0,True,False,
DA_d2_heldout200b/489,DA,generic_non_equivalence,True,False,False,Pseudohypoparathyroidism,Hypoparathyroidism,high,disease,5,6,True,False,
DA_d2_heldout200b/489,DA,directional_relation,True,False,False,Pseudohypoparathyroidism,Hypoparathyroidism,high,disease,5,7,True,False,
DA_d2_heldout200b/489,DA,bounded_inheritance,True,False,False,Pseudohypoparathyroidism,Hypoparathyroidism,high,disease,5,7,True,False,
DA_d2_heldout200b/498,DA,exact_control,True,False,False,Choriocarcinoma,Eclampsia,high,disease,6,0,True,False,
DA_d2_heldout200b/498,DA,generic_non_equivalence,True,False,False,Choriocarcinoma,Eclampsia or preeclampsia,high,disease,6,1,True,False,
DA_d2_heldout200b/498,DA,directional_relation,True,False,False,Choriocarcinoma,Eclampsia,high,disease,6,1,True,False,
DA_d2_heldout200b/498,DA,bounded_inheritance,True,False,False,Eclampsia,Eclampsia or preeclampsia,medium,disease,6,1,True,False,
DA_d2_heldout200b/500,DA,exact_control,True,False,False,Acute lipodermatosclerosis,Lipodermatosclerosis,medium,disease,5,0,True,False,
DA_d2_heldout200b/500,DA,generic_non_equivalence,True,False,False,Acute lipodermatosclerosis,Lipodermatosclerosis,high,disease,5,1,True,False,
DA_d2_heldout200b/500,DA,directional_relation,True,False,False,Acute lipodermatosclerosis,Lipodermatosclerosis,high,disease,5,1,True,False,
DA_d2_heldout200b/500,DA,bounded_inheritance,True,False,False,Acute lipodermatosclerosis,Lipodermatosclerosis,high,disease,5,1,True,False,
DA_d2_heldout200b/507,DA,exact_control,True,False,False,Secondary acute myeloid leukemia,Acute Myeloid Leukemia,medium,disease,6,0,True,False,
DA_d2_heldout200b/507,DA,generic_non_equivalence,True,False,False,Secondary acute myeloid leukemia,Acute Myeloid Leukemia,medium,disease,6,1,True,False,
DA_d2_heldout200b/507,DA,directional_relation,True,False,False,Acute Myeloid Leukemia,Secondary acute myeloid leukemia,medium,disease,6,1,True,False,
DA_d2_heldout200b/507,DA,bounded_inheritance,True,False,False,Secondary acute myeloid leukemia,Acute Myeloid Leukemia,high,disease,6,1,True,False,
DA_d2_heldout200b/508,DA,exact_control,True,False,False,Peripheral T-cell Lymphoma,T-cell Lymphoma,high,disease,3,0,True,False,
DA_d2_heldout200b/508,DA,generic_non_equivalence,True,False,False,Peripheral T-cell Lymphoma,T-cell Lymphoma,high,disease,3,1,True,False,
DA_d2_heldout200b/508,DA,directional_relation,True,False,False,Peripheral T-cell Lymphoma,T-cell Lymphoma,high,disease,3,1,True,False,
DA_d2_heldout200b/508,DA,bounded_inheritance,True,False,False,Peripheral T-cell Lymphoma,T-cell Lymphoma,high,disease,3,1,True,False,
DA_d2_heldout200b/511,DA,exact_control,True,False,False,Sepsis due to Capnocytophaga canimorsus,Capnocytophaga canimorsus infection,high,disease,6,0,True,False,
DA_d2_heldout200b/511,DA,generic_non_equivalence,True,False,False,Sepsis due to Capnocytophaga canimorsus,Capnocytophaga canimorsus infection,high,disease,6,1,True,False,
DA_d2_heldout200b/511,DA,directional_relation,True,False,False,Sepsis due to Capnocytophaga canimorsus,Capnocytophaga canimorsus infection,high,disease,6,1,True,False,
DA_d2_heldout200b/511,DA,bounded_inheritance,True,False,False,Sepsis due to Capnocytophaga canimorsus,Capnocytophaga canimorsus infection,high,disease,6,1,True,False,
DA_d2_heldout200b/513,DA,exact_control,True,False,False,Metastatic melanoma to the liver,Melanoma metastasis to the liver,high,disease,6,0,True,False,
DA_d2_heldout200b/513,DA,generic_non_equivalence,True,False,False,Metastatic melanoma to the liver,Metastatic melanoma,high,disease,6,1,True,False,
DA_d2_heldout200b/513,DA,directional_relation,True,False,False,Metastatic melanoma to the liver,Melanoma metastasis to the liver,high,disease,6,1,True,False,
DA_d2_heldout200b/513,DA,bounded_inheritance,True,False,False,Metastatic melanoma to the liver,Metastatic melanoma,high,disease,6,1,True,False,
DA_d2_heldout200b/518,DA,exact_control,True,False,False,Adult-onset Still's disease,Still's disease,high,disease,6,0,True,False,
DA_d2_heldout200b/518,DA,generic_non_equivalence,True,False,False,Adult-onset Still's disease,Hemophagocytic lymphohistiocytosis,high,disease,6,2,True,False,
DA_d2_heldout200b/518,DA,directional_relation,True,False,False,Adult-onset Still's disease,Still's disease,high,disease,6,2,True,False,
DA_d2_heldout200b/518,DA,bounded_inheritance,True,False,False,Adult-onset Still's disease,Still's disease,high,disease,6,2,True,False,
DA_d2_heldout200b/524,DA,exact_control,True,False,False,Embolic stroke,Acute Embolic Stroke,high,disease,4,0,True,False,
DA_d2_heldout200b/524,DA,generic_non_equivalence,True,False,False,Acute Embolic Stroke,Embolic stroke,low,disease,4,3,True,False,
DA_d2_heldout200b/524,DA,directional_relation,True,False,False,Acute Embolic Stroke,Embolic stroke,high,disease,4,3,True,False,
DA_d2_heldout200b/524,DA,bounded_inheritance,True,False,False,Acute Embolic Stroke,Embolic stroke,low,disease,4,3,True,False,
DA_d2_heldout200b/529,DA,exact_control,True,False,False,Cytomegalovirus (CMV) infection,Immune reconstitution inflammatory syndrome (IRIS),high,disease,6,0,True,False,
DA_d2_heldout200b/529,DA,generic_non_equivalence,True,False,False,Cytomegalovirus (CMV) infection,Immune reconstitution inflammatory syndrome (IRIS),high,disease,6,0,True,True,
DA_d2_heldout200b/529,DA,directional_relation,True,False,False,Cytomegalovirus (CMV) infection,Immune reconstitution inflammatory syndrome (IRIS),high,disease,6,0,True,True,
DA_d2_heldout200b/529,DA,bounded_inheritance,True,False,False,Cytomegalovirus (CMV) infection,Immune reconstitution inflammatory syndrome (IRIS),high,disease,6,0,True,True,
DA_d2_heldout200b/530,DA,exact_control,True,False,False,Sjögren's Syndrome,Limited Systemic Sclerosis,high,disease,5,0,True,False,
DA_d2_heldout200b/530,DA,generic_non_equivalence,True,False,False,Sjögren's Syndrome,Limited Systemic Sclerosis,high,disease,5,1,True,False,
DA_d2_heldout200b/530,DA,directional_relation,True,False,False,Sjögren's Syndrome,Limited Systemic Sclerosis,high,disease,5,1,True,False,
DA_d2_heldout200b/530,DA,bounded_inheritance,True,False,False,Sjögren's Syndrome,Calcinosis Cutis,high,disease,5,1,True,False,
DA_d2_heldout200b/539,DA,exact_control,True,False,False,Pancreatic cancer with panniculitis,Pancreatic panniculitis,medium,composite,4,0,True,False,
DA_d2_heldout200b/539,DA,generic_non_equivalence,True,False,False,Pancreatic cancer with panniculitis,Pancreatic panniculitis,high,composite,4,1,True,False,
DA_d2_heldout200b/539,DA,directional_relation,True,False,False,Pancreatic cancer with panniculitis,Pancreatic cancer,high,disease,4,1,True,False,
DA_d2_heldout200b/539,DA,bounded_inheritance,True,False,False,Pancreatic cancer with panniculitis,Pancreatic panniculitis,high,disease,4,1,True,False,
DA_d2_heldout200b/548,DA,exact_control,True,False,False,Drug-induced rhabdomyolysis,Rhabdomyolysis,high,disease,6,0,True,False,
DA_d2_heldout200b/548,DA,generic_non_equivalence,True,False,False,Drug-induced rhabdomyolysis,Rhabdomyolysis,high,disease,6,2,True,False,
DA_d2_heldout200b/548,DA,directional_relation,True,False,False,Drug-induced rhabdomyolysis,Rhabdomyolysis,high,disease,6,1,True,False,
DA_d2_heldout200b/548,DA,bounded_inheritance,True,False,False,Drug-induced rhabdomyolysis,Rhabdomyolysis,high,disease,6,1,True,False,
DA_d2_heldout200b/549,DA,exact_control,True,False,False,Systemic Lupus Erythematosus (SLE) with renal involvement,Systemic Lupus Erythematosus,medium,disease,5,0,True,False,
DA_d2_heldout200b/549,DA,generic_non_equivalence,True,False,False,Systemic Lupus Erythematosus (SLE) with renal involvement,Systemic Lupus Erythematosus,high,disease,5,2,True,False,
DA_d2_heldout200b/549,DA,directional_relation,True,False,False,Systemic Lupus Erythematosus (SLE) with renal involvement,IgA Nephropathy,high,disease,5,2,True,False,
DA_d2_heldout200b/549,DA,bounded_inheritance,True,False,False,Systemic Lupus Erythematosus (SLE) with renal involvement,Systemic Lupus Erythematosus,medium,disease,5,2,True,False,
DA_d2_heldout200b/553,DA,exact_control,True,False,False,Paraganglioma,Prostatic paraganglioma,high,disease,4,0,True,False,
DA_d2_heldout200b/553,DA,generic_non_equivalence,True,False,False,Paraganglioma,Prostatic paraganglioma,medium,disease,4,2,True,False,
DA_d2_heldout200b/553,DA,directional_relation,True,False,False,Paraganglioma,Prostatic paraganglioma,high,disease,4,1,True,False,
DA_d2_heldout200b/553,DA,bounded_inheritance,True,False,False,Prostatic paraganglioma,Paraganglioma,high,disease,4,1,True,False,
DA_d2_heldout200b/555,DA,exact_control,True,False,False,Starvation Ketoacidosis,Ketoacidosis,high,disease,5,0,True,False,
DA_d2_heldout200b/555,DA,generic_non_equivalence,True,False,False,Starvation Ketoacidosis,Ketoacidosis,high,disease,5,6,True,False,
DA_d2_heldout200b/555,DA,directional_relation,True,False,False,Starvation Ketoacidosis,Ketoacidosis,high,disease,5,6,True,False,
DA_d2_heldout200b/555,DA,bounded_inheritance,True,False,False,Starvation Ketoacidosis,Ketoacidosis,high,disease,5,6,True,False,
DA_d2_heldout200b/565,DA,exact_control,True,False,False,ALK-positive lung adenocarcinoma,Lung adenocarcinoma,high,disease,6,0,True,False,
DA_d2_heldout200b/565,DA,generic_non_equivalence,True,False,False,ALK-positive lung adenocarcinoma,Lung adenocarcinoma,high,disease,6,1,True,False,
DA_d2_heldout200b/565,DA,directional_relation,True,False,False,ALK-positive lung adenocarcinoma,Lung adenocarcinoma,high,disease,6,1,True,False,
DA_d2_heldout200b/565,DA,bounded_inheritance,True,False,False,ALK-positive lung adenocarcinoma,Lung adenocarcinoma,high,disease,6,1,True,False,
DA_d2_heldout200b/566,DA,exact_control,True,False,False,Diffuse Large B-Cell Lymphoma,Lymphoma,high,disease,6,0,True,False,
DA_d2_heldout200b/566,DA,generic_non_equivalence,True,False,False,Diffuse Large B-Cell Lymphoma,Lymphoma,high,disease,6,4,True,False,
DA_d2_heldout200b/566,DA,directional_relation,True,False,False,Diffuse Large B-Cell Lymphoma,Nodular lymphocyte-predominant Hodgkin lymphoma,high,disease,6,3,True,False,
DA_d2_heldout200b/566,DA,bounded_inheritance,True,False,False,Diffuse Large B-Cell Lymphoma,Lymphoma,high,disease,6,3,True,False,
DA_d2_heldout200b/567,DA,exact_control,True,False,False,Neisseria meningitidis sepsis,Gram-negative sepsis,high,disease,6,0,True,False,
DA_d2_heldout200b/567,DA,generic_non_equivalence,True,False,False,Neisseria meningitidis sepsis,Gram-negative sepsis,medium,disease,6,7,True,False,
DA_d2_heldout200b/567,DA,directional_relation,True,False,False,Neisseria meningitidis sepsis,Gram-negative sepsis,medium,disease,6,7,True,False,
DA_d2_heldout200b/567,DA,bounded_inheritance,True,False,False,Gram-negative sepsis,Sepsis,medium,disease,6,7,True,False,
DA_d2_heldout200b/568,DA,exact_control,True,False,False,Cardiac Synovial Sarcoma,Synovial Sarcoma,high,disease,5,0,True,False,
DA_d2_heldout200b/568,DA,generic_non_equivalence,True,False,False,Cardiac Synovial Sarcoma,Synovial Sarcoma,high,disease,5,1,True,False,
DA_d2_heldout200b/568,DA,directional_relation,True,False,False,Cardiac Synovial Sarcoma,Synovial Sarcoma,high,disease,5,1,True,False,
DA_d2_heldout200b/568,DA,bounded_inheritance,True,False,False,Cardiac Synovial Sarcoma,Synovial Sarcoma,high,disease,5,1,True,False,
DA_d2_heldout200b/575,DA,exact_control,True,False,False,Plasmodium falciparum malaria,Malaria,high,disease,5,0,True,False,
DA_d2_heldout200b/575,DA,generic_non_equivalence,True,False,False,Plasmodium falciparum malaria,Malaria,high,disease,5,3,True,False,
DA_d2_heldout200b/575,DA,directional_relation,True,False,False,Plasmodium falciparum malaria,Malaria,high,subtype,5,3,True,False,
DA_d2_heldout200b/575,DA,bounded_inheritance,True,False,False,Plasmodium falciparum malaria,Malaria,high,disease,5,3,True,False,
DA_d2_heldout200b/579,DA,exact_control,True,False,False,Otogenic Brain Abscess,Brain Abscess,high,disease,6,0,False,False,
DA_d2_heldout200b/579,DA,generic_non_equivalence,True,False,False,Otogenic Brain Abscess,Brain Abscess,high,disease,6,2,False,False,
DA_d2_heldout200b/579,DA,directional_relation,True,False,False,Otogenic Brain Abscess,Brain Abscess,high,disease,6,0,False,True,
DA_d2_heldout200b/579,DA,bounded_inheritance,True,False,False,Otogenic Brain Abscess,Brain Abscess,high,disease,6,0,False,True,
DA_d2_heldout200b/583,DA,exact_control,True,False,False,Spinal Cord Injury,Transverse myelitis,medium,disease,5,0,True,False,
DA_d2_heldout200b/583,DA,generic_non_equivalence,True,False,False,Spinal Cord Injury,Traumatic Spinal Cord Injury,medium,disease,5,3,True,False,
DA_d2_heldout200b/583,DA,directional_relation,True,False,False,Spinal Cord Injury,Traumatic Spinal Cord Injury,medium,disease,5,3,True,False,
DA_d2_heldout200b/583,DA,bounded_inheritance,True,False,False,Transverse myelitis,Spinal Cord Injury,medium,disease,5,3,True,False,
DA_d2_heldout200b/584,DA,exact_control,True,False,False,Hypersplenism,Cirrhosis-related thrombocytopenia,medium,disease,6,0,True,False,
DA_d2_heldout200b/584,DA,generic_non_equivalence,True,False,False,Hypersplenism,Cirrhosis-related thrombocytopenia,medium,disease,6,7,True,False,
DA_d2_heldout200b/584,DA,directional_relation,True,False,False,Hypersplenism,Cirrhosis-related thrombocytopenia,medium,disease,6,7,True,False,
DA_d2_heldout200b/584,DA,bounded_inheritance,True,False,False,Hypersplenism,Cirrhosis-related thrombocytopenia,medium,disease,6,7,True,False,
DA_d2_heldout200b/587,DA,exact_control,True,False,False,Drug-induced pneumonitis,Drug-Induced Interstitial Lung Disease,medium,disease,6,0,True,False,
DA_d2_heldout200b/587,DA,generic_non_equivalence,False,False,False,,,medium,disease,6,1,True,False,"champion_id must be one of ['D1', 'D2', 'D3', 'D4', 'D5', 'D6']; got ''"
DA_d2_heldout200b/587,DA,directional_relation,True,False,False,Drug-induced pneumonitis,Drug-Induced Interstitial Lung Disease,high,disease,6,1,True,False,
DA_d2_heldout200b/587,DA,bounded_inheritance,True,False,False,Drug-induced pneumonitis,Drug-Induced Interstitial Lung Disease,medium,disease,6,1,True,False,
DA_d2_heldout200b/589,DA,exact_control,True,False,False,Spontaneous Bacterial Empyema,Pleural Empyema,medium,disease,6,0,True,False,
DA_d2_heldout200b/589,DA,generic_non_equivalence,True,False,False,Spontaneous Bacterial Empyema,Pleural Empyema,high,disease,6,3,True,False,
DA_d2_heldout200b/589,DA,directional_relation,True,False,False,Spontaneous Bacterial Empyema,Pleural Empyema,high,disease,6,3,True,False,
DA_d2_heldout200b/589,DA,bounded_inheritance,True,False,False,Spontaneous Bacterial Empyema,Pleural Empyema,high,disease,6,3,True,False,
DA_d2_heldout200b/590,DA,exact_control,True,False,False,Inferior Wall Myocardial Infarction with Aneurysm Formation,Ventricular Aneurysm,high,composite,6,0,True,False,
DA_d2_heldout200b/590,DA,generic_non_equivalence,True,False,False,Inferior Wall Myocardial Infarction with Aneurysm Formation,Inferior Wall Myocardial Infarction,high,composite,6,4,True,False,
DA_d2_heldout200b/590,DA,directional_relation,True,False,False,Inferior Wall Myocardial Infarction with Aneurysm Formation,Inferior Wall Myocardial Infarction,high,disease,6,5,True,False,
DA_d2_heldout200b/590,DA,bounded_inheritance,True,False,False,Inferior Wall Myocardial Infarction with Aneurysm Formation,Inferior Wall Myocardial Infarction,high,disease,6,5,True,False,
DA_d2_heldout200b/591,DA,exact_control,True,False,False,Spontaneous Coronary Artery Dissection,Myocardial Infarction with Non-Obstructive Coronary Artery Disease,medium,disease,5,0,True,False,
DA_d2_heldout200b/591,DA,generic_non_equivalence,True,False,False,Myocardial Infarction with Non-Obstructive Coronary Artery Disease,Myocardial Infarction,medium,disease,5,1,True,False,
DA_d2_heldout200b/591,DA,directional_relation,True,False,False,Spontaneous Coronary Artery Dissection,Myocardial Infarction with Non-Obstructive Coronary Artery Disease,medium,disease,5,1,True,False,
DA_d2_heldout200b/591,DA,bounded_inheritance,True,False,False,Myocardial Infarction with Non-Obstructive Coronary Artery Disease,Myocardial Infarction,medium,disease,5,1,True,False,
DA_d2_heldout200b/592,DA,exact_control,True,False,False,Pulmonary Embolism,Acute Cor Pulmonale,high,disease,6,0,True,False,
DA_d2_heldout200b/592,DA,generic_non_equivalence,True,False,False,Pulmonary Embolism,Acute Cor Pulmonale,high,disease,6,1,True,False,
DA_d2_heldout200b/592,DA,directional_relation,True,False,False,Pulmonary Embolism,Acute Cor Pulmonale,high,disease,6,1,True,False,
DA_d2_heldout200b/592,DA,bounded_inheritance,True,False,False,Pulmonary Embolism,Acute Cor Pulmonale,high,disease,6,1,True,False,
DA_d2_heldout200b/601,DA,exact_control,True,False,False,Cushing's syndrome due to ectopic ACTH-producing tumor,Ectopic ACTH-producing tumor,high,disease,6,0,True,False,
DA_d2_heldout200b/601,DA,generic_non_equivalence,True,False,False,Cushing's syndrome due to ectopic ACTH-producing tumor,Ectopic ACTH-producing tumor,medium,disease,6,1,True,False,
DA_d2_heldout200b/601,DA,directional_relation,True,False,False,Cushing's syndrome due to ectopic ACTH-producing tumor,Ectopic ACTH-producing tumor,high,disease,6,1,True,False,
DA_d2_heldout200b/601,DA,bounded_inheritance,True,False,False,Cushing's syndrome due to ectopic ACTH-producing tumor,Ectopic ACTH-producing tumor,high,disease,6,1,True,False,
DA_d2_heldout200b/602,DA,exact_control,True,False,False,Scleroderma,Calcinosis Cutis,high,disease,6,0,True,False,
DA_d2_heldout200b/602,DA,generic_non_equivalence,True,False,False,Calcinosis Cutis,Scleroderma,high,disease,6,2,True,False,
DA_d2_heldout200b/602,DA,directional_relation,True,False,False,Calcinosis Cutis,Calcinosis,medium,disease,6,2,True,False,
DA_d2_heldout200b/602,DA,bounded_inheritance,True,False,False,Calcinosis Cutis,Calcinosis,high,disease,6,2,True,False,
DA_d2_heldout200b/604,DA,exact_control,True,False,False,Diffuse Large B-Cell Lymphoma,Non-Hodgkin Lymphoma,high,disease,5,0,True,False,
DA_d2_heldout200b/604,DA,generic_non_equivalence,True,False,False,Diffuse Large B-Cell Lymphoma,Lymphoma,high,disease,5,13,True,False,
DA_d2_heldout200b/604,DA,directional_relation,True,False,False,Diffuse Large B-Cell Lymphoma,Lymphomatoid granulomatosis,medium,disease,5,19,True,False,
DA_d2_heldout200b/604,DA,bounded_inheritance,True,False,False,Diffuse Large B-Cell Lymphoma,Lymphomatoid granulomatosis,medium,disease,5,19,True,False,
DA_d2_heldout200b/605,DA,exact_control,True,False,False,Thrombotic Thrombocytopenic Purpura,Ischemic Stroke,high,disease,6,0,True,False,
DA_d2_heldout200b/605,DA,generic_non_equivalence,True,False,False,Thrombotic Thrombocytopenic Purpura,Ischemic Stroke,high,disease,6,6,True,False,
DA_d2_heldout200b/605,DA,directional_relation,True,False,False,Thrombotic Thrombocytopenic Purpura,Thrombophilia,high,disease,6,6,True,False,
DA_d2_heldout200b/605,DA,bounded_inheritance,True,False,False,Thrombotic Thrombocytopenic Purpura,Thrombophilia,high,disease,6,6,True,False,
DA_d2_heldout200b/608,DA,exact_control,True,False,False,Cardiac Sarcoidosis,Sarcoidosis,high,disease,5,0,True,False,
DA_d2_heldout200b/608,DA,generic_non_equivalence,True,False,False,Cardiac Sarcoidosis,Sarcoidosis,high,disease,5,2,True,False,
DA_d2_heldout200b/608,DA,directional_relation,True,False,False,Cardiac Sarcoidosis,Sarcoidosis,high,disease,5,2,True,False,
DA_d2_heldout200b/608,DA,bounded_inheritance,True,False,False,Cardiac Sarcoidosis,Sarcoidosis,high,disease,5,2,True,False,
DA_d2_heldout200b/611,DA,exact_control,True,False,False,Multisystem inflammatory syndrome,Vaccine-associated myocarditis,high,disease,6,0,False,False,
DA_d2_heldout200b/611,DA,generic_non_equivalence,True,False,False,Multisystem inflammatory syndrome,Vaccine-associated myocarditis,high,disease,6,2,False,False,
DA_d2_heldout200b/611,DA,directional_relation,True,False,False,Multisystem inflammatory syndrome,Vaccine-associated myocarditis,high,disease,6,0,False,True,
DA_d2_heldout200b/611,DA,bounded_inheritance,True,False,False,Multisystem inflammatory syndrome,Vaccine-associated myocarditis,high,disease,6,0,False,True,
DA_d2_heldout200b/615,DA,exact_control,True,False,False,Klebsiella pneumoniae infection,Klebsiella pneumoniae liver abscess,medium,disease,6,0,True,False,
DA_d2_heldout200b/615,DA,generic_non_equivalence,True,False,False,Klebsiella pneumoniae liver abscess,Klebsiella pneumoniae infection,high,disease,6,3,True,False,
DA_d2_heldout200b/615,DA,directional_relation,True,False,False,Klebsiella pneumoniae liver abscess,Klebsiella pneumoniae infection,high,disease,6,3,True,False,
DA_d2_heldout200b/615,DA,bounded_inheritance,True,False,False,Klebsiella pneumoniae liver abscess,Klebsiella pneumoniae infection,high,disease,6,3,True,False,
DA_d2_heldout200b/618,DA,exact_control,True,False,False,Lymphoma,Sarcoidosis,high,disease,6,0,True,False,
DA_d2_heldout200b/618,DA,generic_non_equivalence,True,False,False,Lymphoma,Sarcoidosis,high,disease,6,0,True,True,
DA_d2_heldout200b/618,DA,directional_relation,True,False,False,Lymphoma,Sarcoidosis,high,disease,6,0,True,True,
DA_d2_heldout200b/618,DA,bounded_inheritance,True,False,False,Lymphoma,Sarcoidosis,high,disease,6,0,True,True,
DA_d2_heldout200b/619,DA,exact_control,True,False,False,Vasculitis,Myocarditis,high,disease,6,0,True,False,
DA_d2_heldout200b/619,DA,generic_non_equivalence,True,False,False,Vasculitis,Myocarditis,medium,disease,6,1,True,False,
DA_d2_heldout200b/619,DA,directional_relation,True,False,False,Vasculitis,Myocarditis,medium,disease,6,1,True,False,
DA_d2_heldout200b/619,DA,bounded_inheritance,True,False,False,Vasculitis,Vaccine-Induced Myocarditis,medium,disease,6,1,True,False,
DA_d2_heldout200b/620,DA,exact_control,True,False,False,Hepatosplenic Candidiasis,Candidemia,high,disease,4,0,True,False,
DA_d2_heldout200b/620,DA,generic_non_equivalence,True,False,False,Hepatosplenic Candidiasis,Candidemia,high,disease,4,2,True,False,
DA_d2_heldout200b/620,DA,directional_relation,True,False,False,Hepatosplenic Candidiasis,Candidiasis,high,disease,4,2,True,False,
DA_d2_heldout200b/620,DA,bounded_inheritance,True,False,False,Hepatosplenic Candidiasis,Candidemia,high,disease,4,2,True,False,
DA_d2_heldout200b/628,DA,exact_control,True,False,False,Acute Pericarditis,Acute myocardial infarction,high,disease,4,0,True,False,
DA_d2_heldout200b/628,DA,generic_non_equivalence,True,False,False,Acute myocardial infarction,Myocardial Infarction,high,disease,4,1,True,False,
DA_d2_heldout200b/628,DA,directional_relation,True,False,False,Acute Pericarditis,Acute myocardial infarction,high,disease,4,1,True,False,
DA_d2_heldout200b/628,DA,bounded_inheritance,True,False,False,Acute Pericarditis,Acute myocardial infarction,high,disease,4,1,True,False,
DA_d2_heldout200b/633,DA,exact_control,True,False,False,Neurocysticercosis,Cysticercosis,high,disease,6,0,True,False,
DA_d2_heldout200b/633,DA,generic_non_equivalence,True,False,False,Neurocysticercosis,Tuberculous meningitis,high,disease,6,3,True,False,
DA_d2_heldout200b/633,DA,directional_relation,True,False,False,Neurocysticercosis,Cysticercosis,high,disease,6,3,True,False,
DA_d2_heldout200b/633,DA,bounded_inheritance,True,False,False,Neurocysticercosis,Cysticercosis,high,disease,6,3,True,False,
DA_d2_heldout200b/634,DA,exact_control,True,False,False,Sigmoid cancer,Sigmoid colon cancer,low,disease,6,0,True,False,
DA_d2_heldout200b/634,DA,generic_non_equivalence,True,False,False,Sigmoid cancer,Sigmoid colon cancer,low,disease,6,0,True,True,
DA_d2_heldout200b/634,DA,directional_relation,True,False,False,Sigmoid cancer,Sigmoid colon cancer,low,disease,6,0,True,True,
DA_d2_heldout200b/634,DA,bounded_inheritance,True,False,False,Sigmoid cancer,Sigmoid colon cancer,low,disease,6,0,True,True,
DA_d2_heldout200b/637,DA,exact_control,True,False,False,Acute urticaria,Allergic reaction to vaccination,medium,disease,6,0,False,False,
DA_d2_heldout200b/637,DA,generic_non_equivalence,True,False,False,Acute urticaria,Allergic reaction to vaccination,medium,disease,6,4,False,False,
DA_d2_heldout200b/637,DA,directional_relation,True,False,False,Allergic reaction to vaccination,Acute urticaria,high,disease,6,3,False,False,
DA_d2_heldout200b/637,DA,bounded_inheritance,True,False,False,Acute urticaria,Allergic reaction to vaccination,medium,disease,6,3,False,False,
DA_d2_heldout200b/638,DA,exact_control,True,True,True,Laryngeal histoplasmosis,Histoplasmosis,medium,disease,6,0,True,False,
DA_d2_heldout200b/638,DA,generic_non_equivalence,True,True,True,Laryngeal histoplasmosis,Disseminated histoplasmosis,medium,disease,6,9,True,False,
DA_d2_heldout200b/638,DA,directional_relation,True,True,False,Disseminated histoplasmosis,Laryngeal histoplasmosis,high,disease,6,12,True,False,
DA_d2_heldout200b/638,DA,bounded_inheritance,True,True,False,Disseminated histoplasmosis,Laryngeal histoplasmosis,high,disease,6,12,True,False,
DA_d2_heldout200b/649,DA,exact_control,True,False,False,COVID-19 pneumonia,COVID-19,medium,disease,5,0,True,False,
DA_d2_heldout200b/649,DA,generic_non_equivalence,True,False,False,COVID-19,COVID-19 pneumonia,medium,disease,5,2,True,False,
DA_d2_heldout200b/649,DA,directional_relation,True,False,False,COVID-19 pneumonia,COVID-19,medium,disease,5,2,True,False,
DA_d2_heldout200b/649,DA,bounded_inheritance,True,False,False,COVID-19,COVID-19 pneumonia,high,disease,5,2,True,False,
DA_d2_heldout200b/652,DA,exact_control,True,False,False,Gram-negative bacteremia,Gram-negative bacillary sepsis,high,disease,5,0,True,False,
DA_d2_heldout200b/652,DA,generic_non_equivalence,True,False,False,Gram-negative bacillary sepsis,Gram-negative bacteremia,medium,disease,5,3,True,False,
DA_d2_heldout200b/652,DA,directional_relation,True,False,False,Gram-negative bacillary sepsis,Sepsis,high,disease,5,3,True,False,
DA_d2_heldout200b/652,DA,bounded_inheritance,True,False,False,Gram-negative bacillary sepsis,Gram-negative bacteremia,medium,disease,5,3,True,False,
DA_d2_heldout200b/653,DA,exact_control,True,False,False,Hepatic artery thrombosis,Thrombosis,high,disease,6,0,True,False,
DA_d2_heldout200b/653,DA,generic_non_equivalence,True,False,False,Hepatic artery thrombosis,Thrombosis,high,disease,6,2,True,False,
DA_d2_heldout200b/653,DA,directional_relation,True,False,False,Hepatic artery thrombosis,Thrombosis,high,disease,6,1,True,False,
DA_d2_heldout200b/653,DA,bounded_inheritance,True,False,False,Hepatic artery thrombosis,Thrombosis,high,disease,6,1,True,False,
DA_d2_heldout200b/660,DA,exact_control,True,False,False,BRCA-1 mutated ovarian cancer,Metastatic ovarian cancer,high,disease,6,0,False,False,
DA_d2_heldout200b/660,DA,generic_non_equivalence,True,False,False,BRCA-1 mutated ovarian cancer,Metastatic ovarian cancer,medium,disease,6,3,False,False,
DA_d2_heldout200b/660,DA,directional_relation,True,False,False,BRCA-1 mutated ovarian cancer,Metastatic ovarian cancer,high,disease,6,0,False,True,
DA_d2_heldout200b/660,DA,bounded_inheritance,True,False,False,BRCA-1 mutated ovarian cancer,Metastatic ovarian cancer,high,disease,6,0,False,True,
DA_d2_heldout200b/662,DA,exact_control,True,False,False,Hemophagocytic Lymphohistiocytosis (HLH),Hemophagocytic lymphohistiocytosis,high,disease,6,0,True,False,
DA_d2_heldout200b/662,DA,generic_non_equivalence,True,False,False,Hemophagocytic Lymphohistiocytosis (HLH),,high,disease,6,2,True,False,
DA_d2_heldout200b/662,DA,directional_relation,True,False,False,Hemophagocytic Lymphohistiocytosis (HLH),Influenza-associated encephalitis,high,disease,6,2,True,False,
DA_d2_heldout200b/662,DA,bounded_inheritance,True,False,False,Hemophagocytic Lymphohistiocytosis (HLH),Influenza-associated encephalitis,high,disease,6,2,True,False,
DA_d2_heldout200b/665,DA,exact_control,True,False,False,Squamous cell carcinoma of the tongue,Human papillomavirus (HPV)-related squamous cell carcinoma,medium,disease,6,0,True,False,
DA_d2_heldout200b/665,DA,generic_non_equivalence,True,False,False,Human papillomavirus (HPV)-related squamous cell carcinoma,Squamous cell carcinoma of the tongue,high,disease,6,1,True,False,
DA_d2_heldout200b/665,DA,directional_relation,True,False,False,Human papillomavirus (HPV)-related squamous cell carcinoma,Squamous cell carcinoma of the tongue,medium,disease,6,1,True,False,
DA_d2_heldout200b/665,DA,bounded_inheritance,True,False,False,Squamous cell carcinoma of the tongue,Human papillomavirus (HPV)-related squamous cell carcinoma,high,disease,6,1,True,False,
DA_d2_heldout200b/681,DA,exact_control,True,False,False,Cardiac Amyloidosis,Amyloidosis,high,disease,4,0,True,False,
DA_d2_heldout200b/681,DA,generic_non_equivalence,True,False,False,Cardiac Amyloidosis,Amyloidosis,high,disease,4,2,True,False,
DA_d2_heldout200b/681,DA,directional_relation,True,False,False,Cardiac Amyloidosis,Amyloidosis,high,disease,4,2,True,False,
DA_d2_heldout200b/681,DA,bounded_inheritance,True,False,False,Cardiac Amyloidosis,Amyloidosis,high,disease,4,2,True,False,
DA_d2_heldout200b/687,DA,exact_control,True,False,False,EBV Meningoencephalitis,Epstein-Barr Virus (EBV) Encephalitis,medium,disease,6,0,True,False,
DA_d2_heldout200b/687,DA,generic_non_equivalence,True,False,False,EBV Meningoencephalitis,Epstein-Barr Virus (EBV) Encephalitis,high,disease,6,1,True,False,
DA_d2_heldout200b/687,DA,directional_relation,True,False,False,EBV Meningoencephalitis,Epstein-Barr Virus (EBV) Encephalitis,high,disease,6,1,True,False,
DA_d2_heldout200b/687,DA,bounded_inheritance,True,False,False,EBV Meningoencephalitis,Epstein-Barr Virus (EBV) Encephalitis,high,disease,6,1,True,False,
DA_d2_heldout200b/692,DA,exact_control,True,False,False,Mediastinal abscess,Mediastinitis,medium,disease,6,0,True,False,
DA_d2_heldout200b/692,DA,generic_non_equivalence,True,False,False,Mediastinal abscess,Mediastinitis,high,disease,6,3,True,False,
DA_d2_heldout200b/692,DA,directional_relation,True,False,False,Mediastinal abscess,Abscess,high,disease,6,3,True,False,
DA_d2_heldout200b/692,DA,bounded_inheritance,True,False,False,Mediastinal abscess,Abscess,high,disease,6,3,True,False,
DA_d2_heldout200b/693,DA,exact_control,True,False,False,Psoas Abscess,Klebsiella pneumoniae infection,high,disease,6,0,True,False,
DA_d2_heldout200b/693,DA,generic_non_equivalence,True,False,False,Psoas Abscess,Klebsiella pneumoniae infection,high,disease,6,1,True,False,
DA_d2_heldout200b/693,DA,directional_relation,True,False,False,Psoas Abscess,Klebsiella pneumoniae infection,high,disease,6,1,True,False,
DA_d2_heldout200b/693,DA,bounded_inheritance,True,False,False,Psoas Abscess,Klebsiella pneumoniae infection,high,disease,6,1,True,False,
DA_d2_heldout200b/701,DA,exact_control,True,False,False,Ruptured Pseudoaneurysm of the Inferior Mesenteric Artery,Ruptured Pseudoaneurysm,high,disease,6,0,True,False,
DA_d2_heldout200b/701,DA,generic_non_equivalence,True,False,False,Ruptured Pseudoaneurysm of the Inferior Mesenteric Artery,Ruptured Pseudoaneurysm,medium,disease,6,6,True,False,
DA_d2_heldout200b/701,DA,directional_relation,True,False,False,Ruptured Pseudoaneurysm of the Inferior Mesenteric Artery,Ruptured Pseudoaneurysm,high,disease,6,6,True,False,
DA_d2_heldout200b/701,DA,bounded_inheritance,True,False,False,Ruptured Pseudoaneurysm of the Inferior Mesenteric Artery,Rupture of pseudoaneurysm,high,disease,6,6,True,False,
DA_d2_heldout200b/702,DA,exact_control,True,False,False,Sciatic hernia with incarcerated bowel loops,Sciatic hernia,high,disease,6,0,True,False,
DA_d2_heldout200b/702,DA,generic_non_equivalence,True,False,False,Sciatic hernia with incarcerated bowel loops,Sciatic hernia,high,disease,6,1,True,False,
DA_d2_heldout200b/702,DA,directional_relation,True,False,False,Sciatic hernia with incarcerated bowel loops,Sciatic hernia,high,disease,6,1,True,False,
DA_d2_heldout200b/702,DA,bounded_inheritance,True,False,False,Sciatic hernia with incarcerated bowel loops,Sciatic hernia,high,disease,6,1,True,False,
DA_d2_heldout200b/705,DA,exact_control,True,False,False,Pregnancy-associated listeriosis,Listeriosis,high,disease,2,0,True,False,
DA_d2_heldout200b/705,DA,generic_non_equivalence,True,False,False,Pregnancy-associated listeriosis,Listeriosis,high,disease,2,2,True,False,
DA_d2_heldout200b/705,DA,directional_relation,True,False,False,Pregnancy-associated listeriosis,Listeriosis,high,disease,2,2,True,False,
DA_d2_heldout200b/705,DA,bounded_inheritance,True,False,False,Pregnancy-associated listeriosis,Listeriosis,high,disease,2,2,True,False,
DA_d2_heldout200b/709,DA,exact_control,True,False,False,Disseminated Tuberculosis with Hemophagocytic Lymphohistiocytosis,Hemophagocytic lymphohistiocytosis,high,disease,6,0,True,False,
DA_d2_heldout200b/709,DA,generic_non_equivalence,True,False,False,Disseminated Tuberculosis with Hemophagocytic Lymphohistiocytosis,Hemophagocytic lymphohistiocytosis,high,disease,6,1,True,False,
DA_d2_heldout200b/709,DA,directional_relation,True,False,False,Disseminated Tuberculosis with Hemophagocytic Lymphohistiocytosis,Hemophagocytic lymphohistiocytosis,high,disease,6,1,True,False,
DA_d2_heldout200b/709,DA,bounded_inheritance,True,False,False,Disseminated Tuberculosis with Hemophagocytic Lymphohistiocytosis,Hemophagocytic lymphohistiocytosis,high,composite,6,1,True,False,
DA_d2_heldout200b/713,DA,exact_control,True,False,False,Status Asthmaticus,Severe Asthma,medium,disease,6,0,True,False,
DA_d2_heldout200b/713,DA,generic_non_equivalence,True,False,False,Status Asthmaticus,Severe Asthma,medium,disease,6,4,True,False,
DA_d2_heldout200b/713,DA,directional_relation,True,False,False,Status Asthmaticus,Severe Asthma,high,disease,6,3,True,False,
DA_d2_heldout200b/713,DA,bounded_inheritance,True,False,False,Status Asthmaticus,Severe Asthma,high,disease,6,3,True,False,
DA_d2_heldout200b/719,DA,exact_control,True,False,False,Brainstem stroke,Stroke,high,disease,6,0,True,False,
DA_d2_heldout200b/719,DA,generic_non_equivalence,True,False,False,Brainstem stroke,Multiple sclerosis,medium,disease,6,1,True,False,
DA_d2_heldout200b/719,DA,directional_relation,True,False,False,Brainstem stroke,Multiple sclerosis,medium,disease,6,1,True,False,
DA_d2_heldout200b/719,DA,bounded_inheritance,True,False,False,Brainstem stroke,Multiple sclerosis,medium,disease,6,1,True,False,
DA_d2_heldout200b/730,DA,exact_control,True,False,False,Bicuspid aortic valve with ascending aortic aneurysm,Thrombotic occlusion of the left coronary artery,medium,composite,6,0,True,False,
DA_d2_heldout200b/730,DA,generic_non_equivalence,True,False,False,Thrombotic occlusion of the left coronary artery,Left coronary artery thrombosis,low,disease,6,2,True,False,
DA_d2_heldout200b/730,DA,directional_relation,True,False,False,Bicuspid aortic valve with ascending aortic aneurysm,Ascending aortic aneurysm,high,disease,6,2,True,False,
DA_d2_heldout200b/730,DA,bounded_inheritance,True,False,False,Left coronary artery thrombosis,Thrombotic occlusion of the left coronary artery,low,disease,6,2,True,False,
DA_d2_heldout200b/731,DA,exact_control,True,False,False,Cystic cerebellar hemangioblastoma,Hemangioblastoma,high,disease,3,0,False,False,
DA_d2_heldout200b/731,DA,generic_non_equivalence,True,False,False,Cystic cerebellar hemangioblastoma,Hemangioblastoma,high,disease,3,2,False,False,
DA_d2_heldout200b/731,DA,directional_relation,True,False,False,Cystic cerebellar hemangioblastoma,Hemangioblastoma,high,disease,3,0,False,True,
DA_d2_heldout200b/731,DA,bounded_inheritance,True,False,False,Cystic cerebellar hemangioblastoma,Hemangioblastoma,high,disease,3,0,False,True,
DA_d2_heldout200b/732,DA,exact_control,True,False,False,Pyogenic Liver Abscess,Klebsiella pneumoniae Liver Abscess,medium,disease,5,0,True,False,
DA_d2_heldout200b/732,DA,generic_non_equivalence,True,False,False,Pyogenic Liver Abscess,Klebsiella pneumoniae Liver Abscess,high,disease,5,1,True,False,
DA_d2_heldout200b/732,DA,directional_relation,True,False,False,Pyogenic Liver Abscess,Klebsiella pneumoniae Liver Abscess,high,disease,5,1,True,False,
DA_d2_heldout200b/732,DA,bounded_inheritance,True,False,False,Klebsiella pneumoniae Liver Abscess,Pyogenic Liver Abscess,medium,disease,5,1,True,False,
DA_d2_heldout200b/735,DA,exact_control,True,False,False,Diffuse large B-cell lymphoma,Lymphoma with leukemic phase,medium,disease,6,0,True,False,
DA_d2_heldout200b/735,DA,generic_non_equivalence,True,False,False,Diffuse large B-cell lymphoma,Lymphoma,medium,disease,6,4,True,False,
DA_d2_heldout200b/735,DA,directional_relation,True,False,False,Lymphoma with leukemic phase,Diffuse large B-cell lymphoma,medium,disease,6,4,True,False,
DA_d2_heldout200b/735,DA,bounded_inheritance,True,False,False,Diffuse large B-cell lymphoma,Lymphoma,high,disease,6,4,True,False,
DA_d2_heldout200b/736,DA,exact_control,True,False,False,Spondylodiscitis,Group B Streptococcal Infection,high,disease,6,0,True,False,
DA_d2_heldout200b/736,DA,generic_non_equivalence,True,False,False,Spondylodiscitis,Group B Streptococcal Infection,high,disease,6,3,True,False,
DA_d2_heldout200b/736,DA,directional_relation,True,False,False,Spondylodiscitis,,high,disease,6,3,True,False,
DA_d2_heldout200b/736,DA,bounded_inheritance,True,False,False,Spondylodiscitis,Chronic Kidney Disease with Hydroureteronephrosis,high,disease,6,3,True,False,
DA_d2_heldout200b/740,DA,exact_control,True,False,False,Abdominal wall endometrioma,Abdominal Endometriosis,high,disease,4,0,True,False,
DA_d2_heldout200b/740,DA,generic_non_equivalence,True,False,False,Abdominal wall endometrioma,Abdominal Endometriosis,high,disease,4,2,True,False,
DA_d2_heldout200b/740,DA,directional_relation,True,False,False,Abdominal wall endometrioma,Abdominal Endometriosis,medium,disease,4,2,True,False,
DA_d2_heldout200b/740,DA,bounded_inheritance,True,False,False,Abdominal wall endometrioma,Abdominal Endometriosis,high,disease,4,2,True,False,
DA_d2_heldout200b/741,DA,exact_control,True,False,False,Invasive Ductal Carcinoma,Breast Cancer,high,disease,6,0,True,False,
DA_d2_heldout200b/741,DA,generic_non_equivalence,True,False,False,Invasive Ductal Carcinoma,Breast Cancer,high,disease,6,11,True,False,
DA_d2_heldout200b/741,DA,directional_relation,True,False,False,Invasive Ductal Carcinoma,Breast Cancer,medium,disease,6,11,True,False,
DA_d2_heldout200b/741,DA,bounded_inheritance,True,False,False,Invasive Ductal Carcinoma,Breast Cancer,medium,disease,6,11,True,False,
DA_d2_heldout200b/748,DA,exact_control,True,False,False,Pyogenic liver abscess,Spondylodiscitis,medium,disease,6,0,True,False,
DA_d2_heldout200b/748,DA,generic_non_equivalence,True,False,False,Pyogenic liver abscess,Spondylodiscitis,high,disease,6,1,True,False,
DA_d2_heldout200b/748,DA,directional_relation,True,False,False,Pyogenic liver abscess,Spondylodiscitis,high,disease,6,1,True,False,
DA_d2_heldout200b/748,DA,bounded_inheritance,True,False,False,Pyogenic liver abscess,Spondylodiscitis,medium,disease,6,1,True,False,
DA_d2_heldout200b/751,DA,exact_control,True,False,False,Toxoplasmosis,Tuberculosis,high,disease,6,0,True,False,
DA_d2_heldout200b/751,DA,generic_non_equivalence,True,False,False,Toxoplasmosis,Tuberculosis,high,disease,6,1,True,False,
DA_d2_heldout200b/751,DA,directional_relation,True,False,False,Toxoplasmosis,Tuberculosis,high,disease,6,1,True,False,
DA_d2_heldout200b/751,DA,bounded_inheritance,True,False,False,Toxoplasmosis,Tuberculosis,high,disease,6,1,True,False,
DA_d2_heldout200b/758,DA,exact_control,True,False,False,COVID-19-associated myocardial injury,COVID-19-associated myocarditis,high,disease,6,0,True,False,
DA_d2_heldout200b/758,DA,generic_non_equivalence,True,False,False,COVID-19-associated myocardial injury,COVID-19-associated myocarditis,medium,disease,6,1,True,False,
DA_d2_heldout200b/758,DA,directional_relation,True,False,False,COVID-19-associated myocarditis,Myocarditis,high,disease,6,1,True,False,
DA_d2_heldout200b/758,DA,bounded_inheritance,True,False,False,COVID-19-associated myocarditis,Myocarditis,high,disease,6,1,True,False,
DA_d2_heldout200b/763,DA,exact_control,True,False,False,Congenital hypotonia,Congenital laryngomalacia,medium,disease,6,0,True,False,
DA_d2_heldout200b/763,DA,generic_non_equivalence,True,False,False,Hoyeraal-Hreidarsson syndrome,Congenital hypotonia,medium,disease,6,1,True,False,
DA_d2_heldout200b/763,DA,directional_relation,True,False,False,Hoyeraal-Hreidarsson syndrome,Congenital laryngomalacia,medium,disease,6,1,True,False,
DA_d2_heldout200b/763,DA,bounded_inheritance,True,False,False,Hoyeraal-Hreidarsson syndrome,Congenital laryngomalacia,medium,disease,6,1,True,False,
DA_d2_heldout200b/766,DA,exact_control,True,False,False,Myopericarditis,Pericarditis,medium,disease,6,0,True,False,
DA_d2_heldout200b/766,DA,generic_non_equivalence,True,False,False,Myopericarditis,Acute Pericarditis,high,disease,6,1,True,False,
DA_d2_heldout200b/766,DA,directional_relation,True,False,False,Myopericarditis,Acute Pericarditis,high,disease,6,1,True,False,
DA_d2_heldout200b/766,DA,bounded_inheritance,True,False,False,Myopericarditis,Pericarditis,high,disease,6,1,True,False,
DA_d2_heldout200b/767,DA,exact_control,True,False,False,Non-Hodgkin lymphoma,Lymphoma,medium,disease,6,0,True,False,
DA_d2_heldout200b/767,DA,generic_non_equivalence,True,False,False,Non-Hodgkin lymphoma,Lymphoma,medium,disease,6,3,True,False,
DA_d2_heldout200b/767,DA,directional_relation,True,False,False,Non-Hodgkin lymphoma,Lymphoma,medium,disease,6,3,True,False,
DA_d2_heldout200b/767,DA,bounded_inheritance,True,False,False,Non-Hodgkin lymphoma,Lymphoma,high,disease,6,3,True,False,
DA_d2_heldout200b/769,DA,exact_control,True,False,False,Hereditary Leiomyomatosis and Renal Cell Cancer (HLRCC),Ovarian leiomyoma,high,disease,6,0,True,False,
DA_d2_heldout200b/769,DA,generic_non_equivalence,False,False,False,,,,,6,2,True,False,"champion_id must be one of ['D1', 'D2', 'D3', 'D4', 'D5', 'D6']; got ''"
DA_d2_heldout200b/769,DA,directional_relation,True,False,False,Hereditary Leiomyomatosis and Renal Cell Cancer (HLRCC) syndrome,Uterine Leiomyoma with atypical features,high,disease,6,2,True,False,
DA_d2_heldout200b/769,DA,bounded_inheritance,False,False,False,,,high,disease,6,2,True,False,"champion_id must be one of ['D1', 'D2', 'D3', 'D4', 'D5', 'D6']; got ''"
DA_d2_heldout200b/770,DA,exact_control,True,False,False,Pneumonia,Bacterial Pneumonia,medium,disease,6,0,True,False,
DA_d2_heldout200b/770,DA,generic_non_equivalence,True,False,False,Pneumonia,Septic Shock,medium,disease,6,1,True,False,
DA_d2_heldout200b/770,DA,directional_relation,True,False,False,Pneumonia,Bacterial Pneumonia,medium,disease,6,1,True,False,
DA_d2_heldout200b/770,DA,bounded_inheritance,True,False,False,Pneumonia,Bacterial Pneumonia,medium,disease,6,1,True,False,
DA_d2_heldout200b/771,DA,exact_control,True,False,False,Post-vaccination Reactive Arthritis,Reactive Arthritis,medium,disease,6,0,True,False,
DA_d2_heldout200b/771,DA,generic_non_equivalence,True,False,False,Post-vaccination Reactive Arthritis,Reactive Arthritis,medium,disease,6,1,True,False,
DA_d2_heldout200b/771,DA,directional_relation,True,False,False,Post-vaccination Reactive Arthritis,Reactive Arthritis,high,disease,6,1,True,False,
DA_d2_heldout200b/771,DA,bounded_inheritance,True,False,False,Post-vaccination Reactive Arthritis,Reactive Arthritis,high,disease,6,1,True,False,
DA_d2_heldout200b/773,DA,exact_control,True,False,False,Eisenmenger Syndrome,Pulmonary Hypertension,high,disease,6,0,True,False,
DA_d2_heldout200b/773,DA,generic_non_equivalence,True,False,False,Eisenmenger Syndrome,Pulmonary Arterial Hypertension,medium,disease,6,2,True,False,
DA_d2_heldout200b/773,DA,directional_relation,True,False,False,Eisenmenger Syndrome,Pulmonary Arterial Hypertension,high,disease,6,2,True,False,
DA_d2_heldout200b/773,DA,bounded_inheritance,True,False,False,Eisenmenger Syndrome,Pulmonary Arterial Hypertension,high,disease,6,2,True,False,
DA_d2_heldout200b/775,DA,exact_control,True,False,False,Mucormycosis,Invasive Fungal Sinusitis,high,disease,6,0,True,False,
DA_d2_heldout200b/775,DA,generic_non_equivalence,True,False,False,Mucormycosis,Invasive Fungal Sinusitis,high,disease,6,2,True,False,
DA_d2_heldout200b/775,DA,directional_relation,True,False,False,Mucormycosis,Invasive Fungal Sinusitis,high,disease,6,2,True,False,
DA_d2_heldout200b/775,DA,bounded_inheritance,True,False,False,Mucormycosis,Invasive Fungal Sinusitis,high,disease,6,2,True,False,
DA_d2_heldout200b/777,DA,exact_control,True,False,False,Hemorrhagic Fever with Renal Syndrome (HFRS),Hantavirus infection,high,disease,5,0,True,False,
DA_d2_heldout200b/777,DA,generic_non_equivalence,True,False,False,Hemorrhagic Fever with Renal Syndrome (HFRS),Hantavirus infection,medium,disease,5,1,True,False,
DA_d2_heldout200b/777,DA,directional_relation,True,False,False,Hemorrhagic Fever with Renal Syndrome (HFRS),Hantavirus infection,high,disease,5,1,True,False,
DA_d2_heldout200b/777,DA,bounded_inheritance,True,False,False,Hemorrhagic Fever with Renal Syndrome (HFRS),Hantavirus infection,high,disease,5,1,True,False,
DA_d2_heldout200b/778,DA,exact_control,True,False,False,Fungal pneumonia,Community-acquired pneumonia,high,disease,6,0,True,False,
DA_d2_heldout200b/778,DA,generic_non_equivalence,True,False,False,Fungal pneumonia,Pneumonia,high,disease,6,7,True,False,
DA_d2_heldout200b/778,DA,directional_relation,True,False,False,Fungal pneumonia,Community-acquired pneumonia,high,disease,6,7,True,False,
DA_d2_heldout200b/778,DA,bounded_inheritance,True,False,False,Fungal pneumonia,Community-acquired pneumonia,high,disease,6,7,True,False,
DA_d2_seq100/100,DA,exact_control,True,False,False,Cutaneous metastasis of breast carcinoma,Cutaneous metastasis,high,disease,4,0,True,False,
DA_d2_seq100/100,DA,generic_non_equivalence,True,False,False,Cutaneous metastasis of breast carcinoma,Cutaneous metastasis,high,disease,4,1,True,False,
DA_d2_seq100/100,DA,directional_relation,True,False,False,Cutaneous metastasis of breast carcinoma,Cutaneous metastasis,high,disease,4,1,True,False,
DA_d2_seq100/100,DA,bounded_inheritance,True,False,False,Cutaneous metastasis of breast carcinoma,Cutaneous metastasis,high,disease,4,1,True,False,
DA_d2_seq100/103,DA,exact_control,True,False,False,Intra-atrial Reentrant Tachycardia,Supraventricular Tachycardia,high,disease,6,0,True,False,
DA_d2_seq100/103,DA,generic_non_equivalence,True,False,False,Intra-atrial Reentrant Tachycardia,Supraventricular Tachycardia,high,disease,6,1,True,False,
DA_d2_seq100/103,DA,directional_relation,True,False,False,Intra-atrial Reentrant Tachycardia,Supraventricular Tachycardia,high,disease,6,1,True,False,
DA_d2_seq100/103,DA,bounded_inheritance,True,False,False,Intra-atrial Reentrant Tachycardia,Supraventricular Tachycardia,high,disease,6,1,True,False,
DA_d2_seq100/11,DA,exact_control,True,False,False,Orbital cellulitis with lacrimal sac abscess,Lacrimal sac abscess,high,disease,5,0,True,False,
DA_d2_seq100/11,DA,generic_non_equivalence,True,False,False,Orbital cellulitis with lacrimal sac abscess,Lacrimal sac abscess,high,composite,5,1,True,False,
DA_d2_seq100/11,DA,directional_relation,True,False,False,Orbital cellulitis with lacrimal sac abscess,Orbital cellulitis,high,disease,5,1,True,False,
DA_d2_seq100/11,DA,bounded_inheritance,True,False,False,Orbital cellulitis with lacrimal sac abscess,Orbital cellulitis,high,disease,5,1,True,False,
DA_d2_seq100/114,DA,exact_control,True,False,False,Toxic Encephalopathy,Posterior Reversible Encephalopathy Syndrome (PRES),high,disease,6,0,True,False,
DA_d2_seq100/114,DA,generic_non_equivalence,True,False,False,Toxic Encephalopathy,Posterior Reversible Encephalopathy Syndrome (PRES),medium,disease,6,3,True,False,
DA_d2_seq100/114,DA,directional_relation,True,False,False,Posterior Reversible Encephalopathy Syndrome (PRES),Toxic Encephalopathy,high,disease,6,3,True,False,
DA_d2_seq100/114,DA,bounded_inheritance,True,False,False,Toxic Encephalopathy,Seizure Disorder due to Drug Use,high,disease,6,3,True,False,
DA_d2_seq100/118,DA,exact_control,True,False,False,SARS-CoV-2-associated optic neuritis,Post-infectious optic neuritis,high,disease,6,0,True,False,
DA_d2_seq100/118,DA,generic_non_equivalence,True,False,False,SARS-CoV-2-associated optic neuritis,Viral optic neuritis,high,disease,6,7,True,False,
DA_d2_seq100/118,DA,directional_relation,True,False,False,SARS-CoV-2-associated optic neuritis,Post-infectious optic neuritis,high,disease,6,8,True,False,
DA_d2_seq100/118,DA,bounded_inheritance,True,False,False,SARS-CoV-2-associated optic neuritis,Post-infectious optic neuritis,high,disease,6,8,True,False,
DA_d2_seq100/12,DA,exact_control,True,False,False,Hemangioma,Lymphangioma,high,disease,3,0,True,False,
DA_d2_seq100/12,DA,generic_non_equivalence,True,False,False,Hemangioma,Lymphangioma,medium,disease,3,2,True,False,
DA_d2_seq100/12,DA,directional_relation,True,False,False,Hemangioma,Lymphangioma,medium,disease,3,2,True,False,
DA_d2_seq100/12,DA,bounded_inheritance,True,False,False,Lymphangioma,Hemangioma,medium,disease,3,2,True,False,
DA_d2_seq100/120,DA,exact_control,True,False,False,Scleral ectasia,Pathologic myopia,high,disease,5,0,True,False,
DA_d2_seq100/120,DA,generic_non_equivalence,True,False,False,Scleral ectasia,Congenital scleral ectasia,high,disease,5,1,True,False,
DA_d2_seq100/120,DA,directional_relation,True,False,False,Scleral ectasia,Pathologic myopia,high,disease,5,1,True,False,
DA_d2_seq100/120,DA,bounded_inheritance,True,False,False,Scleral ectasia,Congenital scleral ectasia,high,disease,5,1,True,False,
DA_d2_seq100/129,DA,exact_control,True,False,False,Catecholaminergic Polymorphic Ventricular Tachycardia (CPVT),Ventricular Tachycardia,high,disease,4,0,True,False,
DA_d2_seq100/129,DA,generic_non_equivalence,True,False,False,Catecholaminergic Polymorphic Ventricular Tachycardia (CPVT),Ventricular Tachycardia,high,disease,4,2,True,False,
DA_d2_seq100/129,DA,directional_relation,True,False,False,Catecholaminergic Polymorphic Ventricular Tachycardia (CPVT),Ventricular Tachycardia,medium,disease,4,2,True,False,
DA_d2_seq100/129,DA,bounded_inheritance,True,False,False,Catecholaminergic Polymorphic Ventricular Tachycardia (CPVT),Ventricular Tachycardia,medium,disease,4,2,True,False,
DA_d2_seq100/134,DA,exact_control,True,False,False,Primary Central Nervous System Lymphoma,Central Nervous System Lymphoma with specific genetic signature,high,disease,6,0,True,False,
DA_d2_seq100/134,DA,generic_non_equivalence,False,False,False,,,high,disease,6,2,True,False,"champion_id must be one of ['D1', 'D2', 'D3', 'D4', 'D5', 'D6']; got ''"
DA_d2_seq100/134,DA,directional_relation,True,False,False,Primary Central Nervous System Lymphoma,Central Nervous System Lymphoma with specific genetic signature,high,disease,6,2,True,False,
DA_d2_seq100/134,DA,bounded_inheritance,True,False,False,Primary Central Nervous System Lymphoma,Central Nervous System Lymphoma with specific genetic signature,high,disease,6,2,True,False,
DA_d2_seq100/151,DA,exact_control,True,False,False,Cardioembolic stroke,Atrial fibrillation-related stroke,high,disease,6,0,True,False,
DA_d2_seq100/151,DA,generic_non_equivalence,True,False,False,Cardioembolic stroke,Ischemic stroke,medium,disease,6,1,True,False,
DA_d2_seq100/151,DA,directional_relation,True,False,False,Cardioembolic stroke,Atrial fibrillation-related stroke,medium,disease,6,1,True,False,
DA_d2_seq100/151,DA,bounded_inheritance,True,False,False,Cardioembolic stroke,Atrial fibrillation-related stroke,high,disease,6,1,True,False,
DA_d2_seq100/156,DA,exact_control,True,False,False,Drug-induced blepharitis,Blepharitis,high,disease,5,0,True,False,
DA_d2_seq100/156,DA,generic_non_equivalence,True,False,False,Drug-induced blepharitis,Blepharitis,high,disease,5,2,True,False,
DA_d2_seq100/156,DA,directional_relation,True,False,False,Drug-induced blepharitis,Blepharitis,high,disease,5,2,True,False,
DA_d2_seq100/156,DA,bounded_inheritance,True,False,False,Drug-induced blepharitis,Blepharitis,medium,disease,5,2,True,False,
DA_d2_seq100/163,DA,exact_control,True,False,False,Chronic Eosinophilic Leukemia,Hypereosinophilic syndrome,high,disease,6,0,True,False,
DA_d2_seq100/163,DA,generic_non_equivalence,True,False,False,Chronic Eosinophilic Leukemia,Hypereosinophilic syndrome,high,disease,6,2,True,False,
DA_d2_seq100/163,DA,directional_relation,True,False,False,Chronic Eosinophilic Leukemia,Hypereosinophilic syndrome,high,disease,6,1,True,False,
DA_d2_seq100/163,DA,bounded_inheritance,True,False,False,Chronic Eosinophilic Leukemia,Hypereosinophilic syndrome,high,disease,6,1,True,False,
DA_d2_seq100/164,DA,exact_control,True,False,False,Acute lymphoblastic leukemia,Leukemia,medium,disease,5,0,True,False,
DA_d2_seq100/164,DA,generic_non_equivalence,True,False,False,Leukemia,Leptomeningeal disease,medium,disease,5,2,True,False,
DA_d2_seq100/164,DA,directional_relation,True,False,False,Leukemia,Neurolymphomatosis,medium,disease,5,2,True,False,
DA_d2_seq100/164,DA,bounded_inheritance,True,False,False,Leukemia,Leptomeningeal disease,high,disease,5,2,True,False,
DA_d2_seq100/173,DA,exact_control,True,False,False,Psoriasis,Pityriasis Rubra Pilaris,low,disease,4,0,True,False,
DA_d2_seq100/173,DA,generic_non_equivalence,True,False,False,Pityriasis Rubra Pilaris,Psoriasis,low,disease,4,1,True,False,
DA_d2_seq100/173,DA,directional_relation,False,False,False,,,,,4,1,True,False,"champion_id must be one of ['D1', 'D2', 'D3', 'D4']; got ''"
DA_d2_seq100/173,DA,bounded_inheritance,False,False,False,,,,,4,1,True,False,"champion_id must be one of ['D1', 'D2', 'D3', 'D4']; got ''"
DA_d2_seq100/181,DA,exact_control,True,False,False,Targetoid hemosiderotic hemangioma,Hobnail hemangioma,low,disease,6,0,True,False,
DA_d2_seq100/181,DA,generic_non_equivalence,True,False,False,Targetoid hemosiderotic hemangioma,Hobnail hemangioma,high,disease,6,4,True,False,
DA_d2_seq100/181,DA,directional_relation,True,False,False,Targetoid hemosiderotic hemangioma,Hobnail hemangioma,high,disease,6,4,True,False,
DA_d2_seq100/181,DA,bounded_inheritance,True,False,False,Targetoid hemosiderotic hemangioma,Hobnail hemangioma,high,disease,6,4,True,False,
DA_d2_seq100/183,DA,exact_control,True,False,False,IDH-mutant Astrocytoma,Glioblastoma,high,disease,6,0,True,False,
DA_d2_seq100/183,DA,generic_non_equivalence,True,False,False,IDH-mutant Astrocytoma,Glioma,high,disease,6,1,True,False,
DA_d2_seq100/183,DA,directional_relation,True,False,False,IDH-mutant Astrocytoma,Glioma,high,disease,6,1,True,False,
DA_d2_seq100/183,DA,bounded_inheritance,True,False,False,IDH-mutant Astrocytoma,Glioma,high,disease,6,1,True,False,
DA_d2_seq100/187,DA,exact_control,True,False,False,Erdheim-Chester disease,Necrobiotic xanthogranuloma,high,disease,6,0,True,False,
DA_d2_seq100/187,DA,generic_non_equivalence,True,False,False,Erdheim-Chester disease,Necrobiotic xanthogranuloma,high,disease,6,0,True,True,
DA_d2_seq100/187,DA,directional_relation,True,False,False,Erdheim-Chester disease,Necrobiotic xanthogranuloma,high,disease,6,0,True,True,
DA_d2_seq100/187,DA,bounded_inheritance,True,False,False,Erdheim-Chester disease,Necrobiotic xanthogranuloma,high,disease,6,0,True,True,
DA_d2_seq100/190,DA,exact_control,True,False,False,Frontal sinus mucocele,Chronic frontal sinusitis,high,disease,6,0,True,False,
DA_d2_seq100/190,DA,generic_non_equivalence,True,False,False,Frontal sinus mucocele,Chronic frontal sinusitis,high,disease,6,1,True,False,
DA_d2_seq100/190,DA,directional_relation,True,False,False,Frontal sinus mucocele,Chronic frontal sinusitis,high,disease,6,1,True,False,
DA_d2_seq100/190,DA,bounded_inheritance,True,False,False,Frontal sinus mucocele,Chronic frontal sinusitis,high,disease,6,1,True,False,
DA_d2_seq100/207,DA,exact_control,True,False,False,Ocular cicatricial pemphigoid,Cicatricial Pemphigoid,high,disease,5,0,True,False,
DA_d2_seq100/207,DA,generic_non_equivalence,True,False,False,Ocular cicatricial pemphigoid,Cicatricial Pemphigoid,high,disease,5,1,True,False,
DA_d2_seq100/207,DA,directional_relation,True,False,False,Ocular cicatricial pemphigoid,Cicatricial Pemphigoid,high,disease,5,1,True,False,
DA_d2_seq100/207,DA,bounded_inheritance,True,False,False,Ocular cicatricial pemphigoid,Cicatricial Pemphigoid,high,disease,5,1,True,False,
DA_d2_seq100/211,DA,exact_control,True,False,False,Brown Tumor,Osteitis Fibrosa Cystica,high,disease,4,0,True,False,
DA_d2_seq100/211,DA,generic_non_equivalence,True,False,False,Primary Hyperparathyroidism,Hyperparathyroidism,high,disease,4,1,True,False,
DA_d2_seq100/211,DA,directional_relation,True,False,False,Brown Tumor,Osteitis Fibrosa Cystica,medium,manifestation,4,1,True,False,
DA_d2_seq100/211,DA,bounded_inheritance,True,False,False,Brown Tumor,Osteitis Fibrosa Cystica,medium,complication,4,1,True,False,
DA_d2_seq100/214,DA,exact_control,True,False,False,Cystoid Macular Edema (CME) Secondary to Retinal Vein Occlusion,Niacin-induced Maculopathy,medium,disease,4,0,True,False,
DA_d2_seq100/214,DA,generic_non_equivalence,True,False,False,Cystoid Macular Edema (CME) Secondary to Retinal Vein Occlusion,Cystoid Macular Edema,high,disease,4,1,True,False,
DA_d2_seq100/214,DA,directional_relation,True,False,False,Cystoid Macular Edema (CME) Secondary to Retinal Vein Occlusion,Cystoid Macular Edema,high,disease,4,1,True,False,
DA_d2_seq100/214,DA,bounded_inheritance,True,False,False,Cystoid Macular Edema (CME) Secondary to Retinal Vein Occlusion,Cystoid Macular Edema,high,disease,4,1,True,False,
DA_d2_seq100/219,DA,exact_control,True,False,False,Nevoid Basal Cell Carcinoma Syndrome (Gorlin Syndrome),Nevoid basal cell carcinoma syndrome,low,disease,5,0,True,False,
DA_d2_seq100/219,DA,generic_non_equivalence,True,False,False,Nevoid Basal Cell Carcinoma Syndrome (Gorlin Syndrome),Nevoid basal cell carcinoma syndrome,low,disease,5,4,True,False,
DA_d2_seq100/219,DA,directional_relation,True,False,False,Nevoid Basal Cell Carcinoma Syndrome (Gorlin Syndrome),Nevoid basal cell carcinoma syndrome,high,disease,5,4,True,False,
DA_d2_seq100/219,DA,bounded_inheritance,True,False,False,Nevoid basal cell carcinoma syndrome,Nevoid Basal Cell Carcinoma Syndrome (Gorlin Syndrome),medium,disease,5,4,True,False,
DA_d2_seq100/220,DA,exact_control,True,False,False,"Extranodal NK/T-cell lymphoma, nasal type",Extranodal NK/T-cell lymphoma,medium,disease,3,0,True,False,
DA_d2_seq100/220,DA,generic_non_equivalence,True,False,False,"Extranodal NK/T-cell lymphoma, nasal type",Extranodal NK/T-cell lymphoma,medium,disease,3,1,True,False,
DA_d2_seq100/220,DA,directional_relation,True,False,False,"Extranodal NK/T-cell lymphoma, nasal type",Extranodal NK/T-cell lymphoma,low,disease,3,1,True,False,
DA_d2_seq100/220,DA,bounded_inheritance,True,False,False,"Extranodal NK/T-cell lymphoma, nasal type",Extranodal NK/T-cell lymphoma,high,disease,3,1,True,False,
DA_d2_seq100/225,DA,exact_control,True,False,False,Diffuse large B-cell lymphoma,"Primary cutaneous diffuse large B-cell lymphoma, leg type",high,disease,5,0,True,False,
DA_d2_seq100/225,DA,generic_non_equivalence,True,False,False,Diffuse large B-cell lymphoma,"Primary cutaneous diffuse large B-cell lymphoma, leg type",medium,disease,5,2,True,False,
DA_d2_seq100/225,DA,directional_relation,True,False,False,Diffuse large B-cell lymphoma,"Primary cutaneous diffuse large B-cell lymphoma, leg type",high,disease,5,2,True,False,
DA_d2_seq100/225,DA,bounded_inheritance,True,False,False,Diffuse large B-cell lymphoma,"Primary cutaneous diffuse large B-cell lymphoma, leg type",medium,disease,5,2,True,False,
DA_d2_seq100/227,DA,exact_control,True,False,False,Multiple myeloma-associated amyloidosis,Amyloidosis,high,disease,5,0,True,False,
DA_d2_seq100/227,DA,generic_non_equivalence,True,False,False,Multiple myeloma-associated amyloidosis,Amyloidosis,high,disease,5,2,True,False,
DA_d2_seq100/227,DA,directional_relation,True,False,False,Multiple myeloma-associated amyloidosis,Amyloidosis,high,disease,5,1,True,False,
DA_d2_seq100/227,DA,bounded_inheritance,True,False,False,Multiple myeloma-associated amyloidosis,Amyloidosis,high,disease,5,1,True,False,
DA_d2_seq100/228,DA,exact_control,True,False,False,Primary Systemic Amyloidosis,Amyloidosis cutis,medium,disease,4,0,True,False,
DA_d2_seq100/228,DA,generic_non_equivalence,True,False,False,Primary Systemic Amyloidosis,Amyloidosis,medium,disease,4,4,True,False,
DA_d2_seq100/228,DA,directional_relation,True,False,False,Primary Systemic Amyloidosis,Amyloidosis,high,disease,4,5,True,False,
DA_d2_seq100/228,DA,bounded_inheritance,True,False,False,Primary Systemic Amyloidosis,Amyloidosis,medium,disease,4,5,True,False,
DA_d2_seq100/233,DA,exact_control,True,False,False,Langerhans cell histiocytosis,Histiocytosis,high,disease,2,0,True,False,
DA_d2_seq100/233,DA,generic_non_equivalence,True,False,False,Langerhans cell histiocytosis,Histiocytosis,high,disease,2,2,True,False,
DA_d2_seq100/233,DA,directional_relation,True,False,False,Langerhans cell histiocytosis,Histiocytosis,high,disease,2,2,True,False,
DA_d2_seq100/233,DA,bounded_inheritance,True,False,False,Langerhans cell histiocytosis,Histiocytosis,high,disease,2,2,True,False,
DA_d2_seq100/237,DA,exact_control,True,False,False,Primary hyperhidrosis,Focal hyperhidrosis,medium,disease,5,0,True,False,
DA_d2_seq100/237,DA,generic_non_equivalence,True,False,False,Primary hyperhidrosis,Focal hyperhidrosis,medium,disease,5,9,True,False,
DA_d2_seq100/237,DA,directional_relation,True,False,False,Primary hyperhidrosis,Focal hyperhidrosis,high,disease,5,9,True,False,
DA_d2_seq100/237,DA,bounded_inheritance,True,False,False,Primary hyperhidrosis,Focal hyperhidrosis,low,disease,5,9,True,False,
DA_d2_seq100/241,DA,exact_control,True,False,False,Streptococcal endophthalmitis,Endophthalmitis,high,disease,2,0,True,False,
DA_d2_seq100/241,DA,generic_non_equivalence,True,False,False,Streptococcal endophthalmitis,Endophthalmitis,high,disease,2,2,True,False,
DA_d2_seq100/241,DA,directional_relation,True,False,False,Streptococcal endophthalmitis,Endophthalmitis,high,disease,2,3,True,False,
DA_d2_seq100/241,DA,bounded_inheritance,True,False,False,Streptococcal endophthalmitis,Endophthalmitis,high,disease,2,3,True,False,
DA_d2_seq100/3,DA,exact_control,True,False,False,Cerebral cavernous malformations,Cerebral cavernous malformation,high,disease,6,0,True,False,
DA_d2_seq100/3,DA,generic_non_equivalence,True,False,False,Cerebral cavernous malformations,Cerebral cavernous malformation,low,disease,6,2,True,False,
DA_d2_seq100/3,DA,directional_relation,True,False,False,Cerebral cavernous malformations,Cerebral cavernous malformation,high,disease,6,2,True,False,
DA_d2_seq100/3,DA,bounded_inheritance,True,False,False,Cerebral cavernous malformations,Cerebral cavernous malformation,high,disease,6,2,True,False,
DA_d2_seq100/36,DA,exact_control,True,False,False,Cutaneous Cryptococcosis,Cryptococcosis,high,disease,4,0,True,False,
DA_d2_seq100/36,DA,generic_non_equivalence,True,False,False,Cutaneous Cryptococcosis,Cryptococcosis,high,disease,4,2,True,False,
DA_d2_seq100/36,DA,directional_relation,True,False,False,Cutaneous Cryptococcosis,Cryptococcosis,high,disease,4,2,True,False,
DA_d2_seq100/36,DA,bounded_inheritance,True,False,False,Cutaneous Cryptococcosis,Cryptococcosis,high,disease,4,2,True,False,
DA_d2_seq100/4,DA,exact_control,True,False,False,Hemangioma,Angioma,medium,disease,6,0,True,False,
DA_d2_seq100/4,DA,generic_non_equivalence,True,False,False,Hemangioma,Angioma,low,disease,6,1,True,False,
DA_d2_seq100/4,DA,directional_relation,True,False,False,Angioma,Hemangioma,medium,disease,6,1,True,False,
DA_d2_seq100/4,DA,bounded_inheritance,True,False,False,Angioma,Hemangioma,high,disease,6,1,True,False,
DA_d2_seq100/45,DA,exact_control,True,False,False,Ipilimumab-induced dermatomyositis,Dermatomyositis,high,disease,5,0,True,False,
DA_d2_seq100/45,DA,generic_non_equivalence,True,False,False,Ipilimumab-induced dermatomyositis,Dermatomyositis,high,disease,5,1,True,False,
DA_d2_seq100/45,DA,directional_relation,True,False,False,Ipilimumab-induced dermatomyositis,Dermatomyositis,high,disease,5,1,True,False,
DA_d2_seq100/45,DA,bounded_inheritance,True,False,False,Ipilimumab-induced dermatomyositis,Dermatomyositis,high,disease,5,1,True,False,
DA_d2_seq100/57,DA,exact_control,True,False,False,Immune-related adverse event (irAE) of immunotherapy,Drug-induced eosinophilic dermatitis,medium,disease,6,0,True,False,
DA_d2_seq100/57,DA,generic_non_equivalence,True,False,False,Immune-related adverse event (irAE) of immunotherapy,Pembrolizumab-induced rash,medium,disease,6,1,True,False,
DA_d2_seq100/57,DA,directional_relation,True,False,False,Drug-induced eosinophilic dermatitis,Eosinophilic dermatitis,medium,disease,6,1,True,False,
DA_d2_seq100/57,DA,bounded_inheritance,True,False,False,Drug-induced eosinophilic dermatitis,Eosinophilic dermatitis,medium,disease,6,1,True,False,
DA_d2_seq100/59,DA,exact_control,True,False,False,Anastrozole-induced uveitis,Anastrozole-Associated Cystoid Macular Edema,medium,disease,6,0,True,False,
DA_d2_seq100/59,DA,generic_non_equivalence,True,False,False,Anastrozole-induced uveitis,Uveitis,medium,disease,6,2,True,False,
DA_d2_seq100/59,DA,directional_relation,True,False,False,Anastrozole-induced uveitis,Uveitis,high,disease,6,2,True,False,
DA_d2_seq100/59,DA,bounded_inheritance,True,False,False,Anastrozole-induced uveitis,Uveitis,medium,disease,6,2,True,False,
DA_d2_seq100/63,DA,exact_control,True,False,False,Primary hyperoxaluria type 1,Primary Hyperoxaluria,medium,disease,4,0,True,False,
DA_d2_seq100/63,DA,generic_non_equivalence,True,False,False,Primary Hyperoxaluria,Primary hyperoxaluria type 1,high,disease,4,1,True,False,
DA_d2_seq100/63,DA,directional_relation,True,False,False,Morning Glory Syndrome,Retinal Detachment,medium,disease,4,1,True,False,
DA_d2_seq100/63,DA,bounded_inheritance,True,False,False,Primary Hyperoxaluria,Primary hyperoxaluria type 1,high,disease,4,1,True,False,
DA_d2_seq100/76,DA,exact_control,True,False,False,Facial nerve schwannoma,Chondrosarcoma,medium,disease,4,0,True,False,
DA_d2_seq100/76,DA,generic_non_equivalence,True,False,False,Chondrosarcoma,Facial nerve schwannoma,medium,disease,4,2,True,False,
DA_d2_seq100/76,DA,directional_relation,True,False,False,Chondrosarcoma,Facial nerve schwannoma,high,disease,4,2,True,False,
DA_d2_seq100/76,DA,bounded_inheritance,True,False,False,Chondrosarcoma,Facial nerve schwannoma,high,disease,4,2,True,False,
DA_d2_seq100/87,DA,exact_control,True,False,False,Acute Pericarditis,Pericarditis,high,disease,4,0,True,False,
DA_d2_seq100/87,DA,generic_non_equivalence,True,False,False,Acute Pericarditis,Pericarditis,high,disease,4,1,True,False,
DA_d2_seq100/87,DA,directional_relation,True,False,False,Acute Pericarditis,Pericarditis,high,disease,4,1,True,False,
DA_d2_seq100/87,DA,bounded_inheritance,True,False,False,Acute Pericarditis,Myocarditis,medium,disease,4,1,True,False,
DA_d2_seq100/90,DA,exact_control,True,True,False,Malignant Melanoma of the Caruncle,Caruncular Melanoma,low,disease,5,0,True,False,
DA_d2_seq100/90,DA,generic_non_equivalence,True,True,False,Malignant Melanoma of the Caruncle,Caruncular Melanoma,high,disease,5,2,True,False,
DA_d2_seq100/90,DA,directional_relation,True,True,False,Malignant Melanoma of the Caruncle,Caruncular Melanoma,high,disease,5,2,True,False,
DA_d2_seq100/90,DA,bounded_inheritance,True,True,False,Malignant Melanoma of the Caruncle,Caruncular Melanoma,high,disease,5,2,True,False,
DA_d2_seq100/97,DA,exact_control,True,False,False,Juvenile Dermatomyositis,Dermatomyositis,high,disease,5,0,False,False,
DA_d2_seq100/97,DA,generic_non_equivalence,True,False,False,Juvenile Dermatomyositis,Dermatomyositis,high,disease,5,2,False,False,
DA_d2_seq100/97,DA,directional_relation,True,False,False,Juvenile Dermatomyositis,Dermatomyositis,medium,disease,5,2,False,False,
DA_d2_seq100/97,DA,bounded_inheritance,True,False,False,Juvenile Dermatomyositis,Dermatomyositis,high,disease,5,2,False,False,
DA_d2_seq100/99,DA,exact_control,True,True,True,Epidermolysis Bullosa Pruriginosa,Dystrophic Epidermolysis Bullosa,high,subtype,5,0,True,False,
DA_d2_seq100/99,DA,generic_non_equivalence,True,True,True,Epidermolysis Bullosa Pruriginosa,Dystrophic Epidermolysis Bullosa,high,disease,5,7,True,False,
DA_d2_seq100/99,DA,directional_relation,True,True,True,Epidermolysis Bullosa Pruriginosa,Dystrophic Epidermolysis Bullosa,medium,disease,5,7,True,False,
DA_d2_seq100/99,DA,bounded_inheritance,True,True,True,Epidermolysis Bullosa Pruriginosa,Dystrophic Epidermolysis Bullosa,high,disease,5,7,True,False,
MCR_seq200b/258,MCR,exact_control,True,False,False,Miliary tuberculosis,Tuberculosis,high,disease,6,0,True,False,
MCR_seq200b/258,MCR,generic_non_equivalence,True,False,False,Miliary tuberculosis,Tuberculosis,high,disease,6,2,True,False,
MCR_seq200b/258,MCR,directional_relation,True,False,False,Miliary tuberculosis,Tuberculosis,high,disease,6,2,True,False,
MCR_seq200b/258,MCR,bounded_inheritance,True,False,False,Miliary tuberculosis,Tuberculosis,high,disease,6,2,True,False,
MCR_seq200b/261,MCR,exact_control,True,False,False,Etanercept-induced interstitial lung disease,Etanercept-induced pulmonary fibrosis,medium,disease,6,0,True,False,
MCR_seq200b/261,MCR,generic_non_equivalence,True,False,False,Etanercept-induced interstitial lung disease,Interstitial lung disease,high,disease,6,1,True,False,
MCR_seq200b/261,MCR,directional_relation,True,False,False,Etanercept-induced interstitial lung disease,Interstitial lung disease,high,disease,6,1,True,False,
MCR_seq200b/261,MCR,bounded_inheritance,True,False,False,Etanercept-induced interstitial lung disease,Interstitial lung disease,medium,disease,6,1,True,False,
MCR_seq200b/264,MCR,exact_control,True,False,False,Mucinous cystadenocarcinoma,Ovarian cystadenocarcinoma,medium,disease,6,0,True,False,
MCR_seq200b/264,MCR,generic_non_equivalence,True,False,False,Mucinous cystadenocarcinoma,Ovarian cystadenocarcinoma,medium,disease,6,0,True,True,
MCR_seq200b/264,MCR,directional_relation,True,False,False,Mucinous cystadenocarcinoma,Ovarian cystadenocarcinoma,medium,disease,6,0,True,True,
MCR_seq200b/264,MCR,bounded_inheritance,True,False,False,Mucinous cystadenocarcinoma,Ovarian cystadenocarcinoma,medium,disease,6,0,True,True,
MCR_seq200b/276,MCR,exact_control,True,False,False,Colorectal intussusception,Colorectal polyp or mass,high,disease,6,0,True,False,
MCR_seq200b/276,MCR,generic_non_equivalence,True,False,False,Colorectal intussusception,Colorectal polyp or mass,high,disease,6,0,True,True,
MCR_seq200b/276,MCR,directional_relation,True,False,False,Colorectal intussusception,Colorectal polyp or mass,high,disease,6,0,True,True,
MCR_seq200b/276,MCR,bounded_inheritance,True,False,False,Colorectal intussusception,Colorectal polyp or mass,high,disease,6,0,True,True,
MCR_seq200b/277,MCR,exact_control,True,False,False,Renal Cell Carcinoma,Clear Cell Renal Cell Carcinoma,high,disease,5,0,True,False,
MCR_seq200b/277,MCR,generic_non_equivalence,True,False,False,Renal Cell Carcinoma,Clear Cell Renal Cell Carcinoma,medium,disease,5,1,True,False,
MCR_seq200b/277,MCR,directional_relation,True,False,False,Renal Cell Carcinoma,Clear Cell Renal Cell Carcinoma,medium,disease,5,1,True,False,
MCR_seq200b/277,MCR,bounded_inheritance,True,False,False,Renal Cell Carcinoma,Clear Cell Renal Cell Carcinoma,medium,disease,5,1,True,False,
MCR_seq200b/283,MCR,exact_control,True,True,True,Dermoid cyst,Epidermoid cyst,high,disease,3,0,True,False,
MCR_seq200b/283,MCR,generic_non_equivalence,True,True,True,Dermoid cyst,Epidermoid cyst,high,disease,3,2,True,False,
MCR_seq200b/283,MCR,directional_relation,True,True,True,Dermoid cyst,Epidermoid cyst,high,disease,3,4,True,False,
MCR_seq200b/283,MCR,bounded_inheritance,True,True,True,Dermoid cyst,Epidermoid cyst,medium,disease,3,4,True,False,
MCR_seq200b/284,MCR,exact_control,True,False,False,Gastric lipoma,Lipoma,high,disease,3,0,True,False,
MCR_seq200b/284,MCR,generic_non_equivalence,True,False,False,Gastric lipoma,Lipoma,medium,disease,3,2,True,False,
MCR_seq200b/284,MCR,directional_relation,True,False,False,Gastric lipoma,Lipoma,high,disease,3,2,True,False,
MCR_seq200b/284,MCR,bounded_inheritance,True,False,False,Gastric lipoma,Lipoma,high,disease,3,2,True,False,
MCR_seq200b/291,MCR,exact_control,True,False,False,Zinc deficiency,Psoriasis,medium,disease,4,0,True,False,
MCR_seq200b/291,MCR,generic_non_equivalence,True,False,False,Zinc deficiency,Psoriasis,medium,disease,4,1,True,False,
MCR_seq200b/291,MCR,directional_relation,True,False,False,Psoriasis,Zinc deficiency,medium,disease,4,1,True,False,
MCR_seq200b/291,MCR,bounded_inheritance,True,False,False,Psoriasis,Zinc deficiency,high,disease,4,1,True,False,
MCR_seq200b/292,MCR,exact_control,True,False,False,Anaplastic large cell lymphoma,Hodgkin lymphoma,high,disease,4,0,True,False,
MCR_seq200b/292,MCR,generic_non_equivalence,True,False,False,Anaplastic large cell lymphoma,Non-Hodgkin lymphoma,high,disease,4,2,True,False,
MCR_seq200b/292,MCR,directional_relation,True,False,False,Anaplastic large cell lymphoma,Non-Hodgkin lymphoma,high,disease,4,2,True,False,
MCR_seq200b/292,MCR,bounded_inheritance,True,False,False,Anaplastic large cell lymphoma,Hodgkin lymphoma,high,disease,4,2,True,False,
MCR_seq200b/298,MCR,exact_control,True,True,False,Squamous cell carcinoma of the oropharynx,Squamous cell carcinoma,medium,disease,5,0,True,False,
MCR_seq200b/298,MCR,generic_non_equivalence,True,True,False,Squamous cell carcinoma of the oropharynx,Squamous cell carcinoma,medium,disease,5,1,True,False,
MCR_seq200b/298,MCR,directional_relation,True,True,False,Squamous cell carcinoma of the oropharynx,Squamous cell carcinoma,high,disease,5,1,True,False,
MCR_seq200b/298,MCR,bounded_inheritance,True,True,False,Squamous cell carcinoma of the oropharynx,Squamous cell carcinoma,medium,disease,5,1,True,False,
MCR_seq200b/307,MCR,exact_control,True,False,False,Incarcerated Inguinal Hernia,Incercerated Inguinal Hernia,high,disease,3,0,True,False,
MCR_seq200b/307,MCR,generic_non_equivalence,True,False,False,Incarcerated Inguinal Hernia,Inguinal Hernia,high,disease,3,5,True,False,
MCR_seq200b/307,MCR,directional_relation,True,False,False,Incarcerated Inguinal Hernia,Inguinal Hernia,high,disease,3,4,True,False,
MCR_seq200b/307,MCR,bounded_inheritance,True,False,False,Incarcerated Inguinal Hernia,Incercerated Inguinal Hernia,high,disease,3,4,True,False,
MCR_seq200b/310,MCR,exact_control,True,False,False,Metastatic extraskeletal myxoid chondrosarcoma,Extraskeletal myxoid chondrosarcoma metastasis,high,disease,6,0,True,False,
MCR_seq200b/310,MCR,generic_non_equivalence,True,False,False,Metastatic extraskeletal myxoid chondrosarcoma,Extraskeletal myxoid chondrosarcoma metastasis,high,disease,6,7,True,False,
MCR_seq200b/310,MCR,directional_relation,True,False,False,Extraskeletal myxoid chondrosarcoma metastasis,Metastatic extraskeletal myxoid chondrosarcoma,high,disease,6,8,True,False,
MCR_seq200b/310,MCR,bounded_inheritance,True,False,False,Metastatic extraskeletal myxoid chondrosarcoma,Extraskeletal myxoid chondrosarcoma metastasis,high,disease,6,8,True,False,
MCR_seq200b/312,MCR,exact_control,True,False,False,Intraductal Papillary Mucinous Neoplasm (IPMN) of the Bile Duct,Biliary mucinous cystic neoplasm,medium,disease,6,0,True,False,
MCR_seq200b/312,MCR,generic_non_equivalence,True,False,False,Intraductal Papillary Mucinous Neoplasm (IPMN) of the Bile Duct,Biliary Cystadenoma,high,disease,6,4,True,False,
MCR_seq200b/312,MCR,directional_relation,True,False,False,Intraductal Papillary Mucinous Neoplasm (IPMN) of the Bile Duct,Biliary mucinous cystic neoplasm,high,disease,6,5,True,False,
MCR_seq200b/312,MCR,bounded_inheritance,True,False,False,Intraductal Papillary Mucinous Neoplasm (IPMN) of the Bile Duct,Intraductal papillary mucinous neoplasm,high,disease,6,5,True,False,
MCR_seq200b/319,MCR,exact_control,True,False,False,Adverse Local Tissue Reaction (ALTR),Adverse local tissue reaction (ALTR) associated with metal-on-metal hip arthroplasty,medium,disease,6,0,True,False,
MCR_seq200b/319,MCR,generic_non_equivalence,True,False,False,Adverse Local Tissue Reaction (ALTR),Adverse local tissue reaction (ALTR) associated with metal-on-metal hip arthroplasty,high,disease,6,1,True,False,
MCR_seq200b/319,MCR,directional_relation,True,False,False,Adverse Local Tissue Reaction (ALTR),Adverse local tissue reaction (ALTR) associated with metal-on-metal hip arthroplasty,medium,disease,6,1,True,False,
MCR_seq200b/319,MCR,bounded_inheritance,True,False,False,Adverse Local Tissue Reaction (ALTR),,medium,disease,6,1,True,False,
MCR_seq200b/322,MCR,exact_control,True,True,False,Factitious disorder imposed on self,Factitious Disorder,high,disease,6,0,True,False,
MCR_seq200b/322,MCR,generic_non_equivalence,True,True,False,Factitious disorder imposed on self,Factitious Disorder,high,disease,6,1,True,False,
MCR_seq200b/322,MCR,directional_relation,True,True,False,Factitious disorder imposed on self,Factitious Disorder,high,disease,6,1,True,False,
MCR_seq200b/322,MCR,bounded_inheritance,True,True,False,Factitious disorder imposed on self,Factitious Disorder,high,disease,6,1,True,False,
MCR_seq200b/323,MCR,exact_control,True,False,False,Lymphoma,Cervical cancer recurrence,medium,disease,6,0,True,False,
MCR_seq200b/323,MCR,generic_non_equivalence,True,False,False,Cervical cancer recurrence,Primary vaginal cancer,high,disease,6,1,True,False,
MCR_seq200b/323,MCR,directional_relation,True,False,False,Primary vaginal cancer,Vaginal cancer,medium,disease,6,1,True,False,
MCR_seq200b/323,MCR,bounded_inheritance,True,False,False,Primary vaginal cancer,Cervical cancer recurrence,medium,disease,6,1,True,False,
MCR_seq200b/326,MCR,exact_control,True,True,True,Brucellosis,Spinal epidural abscess,medium,disease,6,0,True,False,
MCR_seq200b/326,MCR,generic_non_equivalence,True,True,True,Brucellosis,Spinal epidural abscess,high,disease,6,2,True,False,
MCR_seq200b/326,MCR,directional_relation,True,True,True,Brucellosis,Spinal epidural abscess,high,disease,6,2,True,False,
MCR_seq200b/326,MCR,bounded_inheritance,True,True,False,Spinal epidural abscess,Epidural abscess,high,disease,6,2,True,False,
MCR_seq200b/338,MCR,exact_control,True,False,False,Retroperitoneal lymphangioma,Lymphangioma,high,disease,5,0,True,False,
MCR_seq200b/338,MCR,generic_non_equivalence,True,False,False,Retroperitoneal lymphangioma,Lymphangioma,high,disease,5,1,True,False,
MCR_seq200b/338,MCR,directional_relation,True,False,False,Retroperitoneal lymphangioma,Lymphangioma,high,disease,5,1,True,False,
MCR_seq200b/338,MCR,bounded_inheritance,True,False,False,Retroperitoneal lymphangioma,Lymphangioma,high,disease,5,1,True,False,
MCR_seq200b/342,MCR,exact_control,True,False,False,Chronic intestinal pseudo-obstruction,Intestinal pseudo-obstruction,high,disease,6,0,True,False,
MCR_seq200b/342,MCR,generic_non_equivalence,True,False,False,Chronic intestinal pseudo-obstruction,Intestinal pseudo-obstruction,medium,disease,6,1,True,False,
MCR_seq200b/342,MCR,directional_relation,True,False,False,Chronic intestinal pseudo-obstruction,Intestinal pseudo-obstruction,high,disease,6,1,True,False,
MCR_seq200b/342,MCR,bounded_inheritance,True,False,False,Chronic intestinal pseudo-obstruction,Intestinal pseudo-obstruction,high,disease,6,1,True,False,
MCR_seq200b/345,MCR,exact_control,True,True,True,Hereditary hypophosphatemic rickets with hypercalciuria,Hypophosphatemic rickets,medium,disease,5,0,True,False,
MCR_seq200b/345,MCR,generic_non_equivalence,True,True,True,Hereditary hypophosphatemic rickets with hypercalciuria,Hypophosphatemic rickets,high,disease,5,1,True,False,
MCR_seq200b/345,MCR,directional_relation,True,True,True,Hereditary hypophosphatemic rickets with hypercalciuria,Hypophosphatemic rickets,high,disease,5,1,True,False,
MCR_seq200b/345,MCR,bounded_inheritance,True,True,False,Hypophosphatemic rickets,Hereditary hypophosphatemic rickets with hypercalciuria,medium,disease,5,1,True,False,
MCR_seq200b/348,MCR,exact_control,True,True,True,Complex odontoma,Calcifying epithelial odontogenic tumor,high,disease,6,0,True,False,
MCR_seq200b/348,MCR,generic_non_equivalence,True,True,True,Complex odontoma,Calcifying epithelial odontogenic tumor,high,disease,6,1,True,False,
MCR_seq200b/348,MCR,directional_relation,True,True,False,Calcifying epithelial odontogenic tumor,Complex odontoma,medium,disease,6,1,True,False,
MCR_seq200b/348,MCR,bounded_inheritance,True,True,True,Complex odontoma,Calcifying epithelial odontogenic tumor,high,disease,6,1,True,False,
MCR_seq200b/352,MCR,exact_control,True,False,False,Metastatic squamous cell carcinoma,Squamous cell carcinoma,medium,disease,6,0,True,False,
MCR_seq200b/352,MCR,generic_non_equivalence,True,False,False,Metastatic squamous cell carcinoma,Squamous cell carcinoma,high,disease,6,1,True,False,
MCR_seq200b/352,MCR,directional_relation,True,False,False,Dermatofibrosarcoma protuberans,Metastatic squamous cell carcinoma,high,disease,6,1,True,False,
MCR_seq200b/352,MCR,bounded_inheritance,True,False,False,Metastatic squamous cell carcinoma,Squamous cell carcinoma,medium,disease,6,1,True,False,
MCR_seq200b/357,MCR,exact_control,True,False,False,Choroidal melanoma metastasis to the orbit,Choroidal melanoma metastasis,high,disease,6,0,True,False,
MCR_seq200b/357,MCR,generic_non_equivalence,True,False,False,Choroidal melanoma metastasis to the orbit,Choroidal melanoma metastasis,high,disease,6,2,True,False,
MCR_seq200b/357,MCR,directional_relation,True,False,False,Choroidal melanoma metastasis to the orbit,Choroidal melanoma metastasis,high,disease,6,2,True,False,
MCR_seq200b/357,MCR,bounded_inheritance,True,False,False,Choroidal melanoma metastasis to the orbit,Choroidal melanoma metastasis,high,disease,6,2,True,False,
MCR_seq200b/358,MCR,exact_control,True,False,False,Tenosynovial Giant Cell Tumor,Tenosynovitis,high,disease,6,0,True,False,
MCR_seq200b/358,MCR,generic_non_equivalence,True,False,False,Tenosynovitis,Tenosynovial Giant Cell Tumor,medium,disease,6,1,True,False,
MCR_seq200b/358,MCR,directional_relation,True,False,False,Tenosynovial Giant Cell Tumor,Giant Cell Tumor of the Tendon Sheath,low,disease,6,1,True,False,
MCR_seq200b/358,MCR,bounded_inheritance,True,False,False,Tenosynovial Giant Cell Tumor,Giant Cell Tumor of the Tendon Sheath,high,disease,6,1,True,False,
MCR_seq200b/362,MCR,exact_control,True,False,False,Tuberculous osteomyelitis,Chronic osteomyelitis due to Mycobacterium tuberculosis,medium,disease,6,0,True,False,
MCR_seq200b/362,MCR,generic_non_equivalence,True,False,False,Tuberculous osteomyelitis,Chronic osteomyelitis due to Mycobacterium tuberculosis,low,disease,6,8,True,False,
MCR_seq200b/362,MCR,directional_relation,True,False,False,Tuberculous osteomyelitis,Chronic osteomyelitis due to Mycobacterium tuberculosis,high,disease,6,9,True,False,
MCR_seq200b/362,MCR,bounded_inheritance,True,False,False,Tuberculous osteomyelitis,Chronic osteomyelitis due to Mycobacterium tuberculosis,low,disease,6,9,True,False,
MCR_seq200b/364,MCR,exact_control,True,False,False,Nephrotic Syndrome,Minimal change disease,high,composite,6,0,True,False,
MCR_seq200b/364,MCR,generic_non_equivalence,True,False,False,Nephrotic Syndrome,Minimal change disease,high,composite,6,1,True,False,
MCR_seq200b/364,MCR,directional_relation,True,False,False,Minimal change disease,Nephrotic Syndrome,medium,disease,6,1,True,False,
MCR_seq200b/364,MCR,bounded_inheritance,True,False,False,Nephrotic Syndrome,Minimal change disease,medium,disease,6,1,True,False,
MCR_seq200b/368,MCR,exact_control,True,False,False,Leukemia Cutis,Cutaneous Lymphoma,high,disease,6,0,True,False,
MCR_seq200b/368,MCR,generic_non_equivalence,True,False,False,Leukemia Cutis,Cutaneous Lymphoma,high,disease,6,2,True,False,
MCR_seq200b/368,MCR,directional_relation,True,False,False,Leukemia Cutis,Cutaneous Lymphoma,high,disease,6,1,True,False,
MCR_seq200b/368,MCR,bounded_inheritance,True,False,False,Leukemia Cutis,Cutaneous Lymphoma,medium,disease,6,1,True,False,
MCR_seq200b/374,MCR,exact_control,True,False,False,Lung Cancer,Sarcoidosis,medium,disease,6,0,True,False,
MCR_seq200b/374,MCR,generic_non_equivalence,True,False,False,Lung Cancer,Sarcoidosis,medium,disease,6,3,True,False,
MCR_seq200b/374,MCR,directional_relation,True,False,False,Lung Cancer,Sarcoidosis,medium,disease,6,3,True,False,
MCR_seq200b/374,MCR,bounded_inheritance,True,False,False,Lung Cancer,Sarcoidosis,high,disease,6,3,True,False,
MCR_seq200b/376,MCR,exact_control,True,True,True,Sacrococcygeal teratoma,Sacrooccygeal Teratoma,high,disease,6,0,True,False,
MCR_seq200b/376,MCR,generic_non_equivalence,True,True,True,Sacrococcygeal teratoma,Sacrooccygeal Teratoma,high,disease,6,1,True,False,
MCR_seq200b/376,MCR,directional_relation,True,True,True,Sacrococcygeal teratoma,Sacrooccygeal Teratoma,high,disease,6,1,True,False,
MCR_seq200b/376,MCR,bounded_inheritance,True,True,True,Sacrococcygeal teratoma,Sacrooccygeal Teratoma,high,disease,6,1,True,False,
MCR_seq200b/383,MCR,exact_control,True,True,True,Idiopathic granulomatous mastitis,Idiopathic granulomatous lobular mastitis,medium,disease,5,0,True,False,
MCR_seq200b/383,MCR,generic_non_equivalence,True,True,True,Idiopathic granulomatous mastitis,Idiopathic granulomatous lobular mastitis,high,disease,5,3,True,False,
MCR_seq200b/383,MCR,directional_relation,True,True,True,Idiopathic granulomatous mastitis,Granulomatous mastitis,medium,disease,5,2,True,False,
MCR_seq200b/383,MCR,bounded_inheritance,True,True,True,Idiopathic granulomatous mastitis,Idiopathic granulomatous lobular mastitis,medium,disease,5,2,True,False,
MCR_seq200b/385,MCR,exact_control,True,False,False,Thrombocytopenia,Olaparib-induced thrombocytopenia,medium,disease,6,0,True,False,
MCR_seq200b/385,MCR,generic_non_equivalence,True,False,False,Olaparib-induced thrombocytopenia,Immune thrombocytopenic purpura,medium,disease,6,3,True,False,
MCR_seq200b/385,MCR,directional_relation,True,False,False,Olaparib-induced thrombocytopenia,Immune thrombocytopenic purpura,medium,disease,6,2,True,False,
MCR_seq200b/385,MCR,bounded_inheritance,True,False,False,Olaparib-induced thrombocytopenia,Thrombocytopenia,medium,disease,6,2,True,False,
MCR_seq200b/386,MCR,exact_control,True,True,False,Laryngeal Chondrosarcoma,Chondrosarcoma,high,disease,6,0,True,False,
MCR_seq200b/386,MCR,generic_non_equivalence,True,True,False,Laryngeal Chondrosarcoma,Chondrosarcoma,high,disease,6,2,True,False,
MCR_seq200b/386,MCR,directional_relation,True,True,False,Laryngeal Chondrosarcoma,Chondrosarcoma,high,disease,6,2,True,False,
MCR_seq200b/386,MCR,bounded_inheritance,True,True,False,Laryngeal Chondrosarcoma,Chondrosarcoma,high,disease,6,2,True,False,
MCR_seq200b/388,MCR,exact_control,True,False,False,Clear Cell Meningioma,Spinal Meningioma,medium,subtype,3,0,True,False,
MCR_seq200b/388,MCR,generic_non_equivalence,True,False,False,Clear Cell Meningioma,Meningioma,medium,disease,3,6,True,False,
MCR_seq200b/388,MCR,directional_relation,True,False,False,Clear Cell Meningioma,Spinal Meningioma,high,disease,3,7,True,False,
MCR_seq200b/388,MCR,bounded_inheritance,True,False,False,Clear Cell Meningioma,Meningioma,medium,disease,3,7,True,False,
MCR_seq200b/389,MCR,exact_control,True,False,False,Invasive Pulmonary Aspergillosis,Invasive aspergillosis,high,disease,6,0,True,False,
MCR_seq200b/389,MCR,generic_non_equivalence,True,False,False,Invasive Pulmonary Aspergillosis,Invasive aspergillosis,high,disease,6,2,True,False,
MCR_seq200b/389,MCR,directional_relation,True,False,False,Invasive Pulmonary Aspergillosis,Invasive aspergillosis,high,disease,6,2,True,False,
MCR_seq200b/389,MCR,bounded_inheritance,True,False,False,Invasive Pulmonary Aspergillosis,Invasive aspergillosis,high,disease,6,2,True,False,
MCR_seq200b/392,MCR,exact_control,True,False,False,Stroke,Moyamoya Disease,high,disease,4,0,True,False,
MCR_seq200b/392,MCR,generic_non_equivalence,True,False,False,Stroke,Moyamoya Disease,high,disease,4,2,True,False,
MCR_seq200b/392,MCR,directional_relation,True,False,False,Stroke,Moyamoya Disease,high,disease,4,2,True,False,
MCR_seq200b/392,MCR,bounded_inheritance,True,False,False,Stroke,Moyamoya Disease,high,disease,4,2,True,False,
MCR_seq200b/393,MCR,exact_control,True,False,False,Gastrointestinal basidiobolomycosis,Gastrointestinal phycomycosis,high,disease,6,0,True,False,
MCR_seq200b/393,MCR,generic_non_equivalence,True,False,False,Gastrointestinal basidiobolomycosis,Gastrointestinal phycomycosis,high,disease,6,0,True,True,
MCR_seq200b/393,MCR,directional_relation,True,False,False,Gastrointestinal basidiobolomycosis,Gastrointestinal phycomycosis,high,disease,6,0,True,True,
MCR_seq200b/393,MCR,bounded_inheritance,True,False,False,Gastrointestinal basidiobolomycosis,Gastrointestinal phycomycosis,high,disease,6,0,True,True,
MCR_seq200b/394,MCR,exact_control,True,False,False,Syndrome of Inappropriate Antidiuretic Hormone Secretion (SIADH),Small cell carcinoma of the stomach,high,disease,6,0,True,False,
MCR_seq200b/394,MCR,generic_non_equivalence,True,False,False,Syndrome of Inappropriate Antidiuretic Hormone Secretion (SIADH),Cancer Cachexia,high,disease,6,1,True,False,
MCR_seq200b/394,MCR,directional_relation,True,False,False,Syndrome of Inappropriate Antidiuretic Hormone Secretion (SIADH),Small cell carcinoma of the stomach,high,disease,6,1,True,False,
MCR_seq200b/394,MCR,bounded_inheritance,True,False,False,Syndrome of Inappropriate Antidiuretic Hormone Secretion (SIADH),Cancer Cachexia,high,disease,6,1,True,False,
MCR_seq200b/401,MCR,exact_control,True,False,False,Sinonasal lymphoma,Lymphoma,low,disease,6,0,True,False,
MCR_seq200b/401,MCR,generic_non_equivalence,True,False,False,Sinonasal lymphoma,Lymphoma,medium,disease,6,1,True,False,
MCR_seq200b/401,MCR,directional_relation,True,False,False,Sinonasal lymphoma,Lymphoma,medium,disease,6,1,True,False,
MCR_seq200b/401,MCR,bounded_inheritance,True,False,False,Sinonasal lymphoma,Lymphoma,medium,disease,6,1,True,False,
MCR_seq200b/403,MCR,exact_control,True,False,False,Atrial Fibrillation-Related Embolic Stroke,Acute Ischemic Stroke,high,disease,6,0,True,False,
MCR_seq200b/403,MCR,generic_non_equivalence,True,False,False,Atrial Fibrillation-Related Embolic Stroke,Acute Ischemic Stroke,high,subtype,6,2,True,False,
MCR_seq200b/403,MCR,directional_relation,True,False,False,Atrial Fibrillation-Related Embolic Stroke,Acute Ischemic Stroke,high,disease,6,2,True,False,
MCR_seq200b/403,MCR,bounded_inheritance,True,False,False,Atrial Fibrillation-Related Embolic Stroke,Acute Ischemic Stroke,high,disease,6,2,True,False,
MCR_seq200b/407,MCR,exact_control,True,True,True,Adrenal myelolipoma,Myelolipoma,high,disease,4,0,True,False,
MCR_seq200b/407,MCR,generic_non_equivalence,True,True,True,Adrenal myelolipoma,Myelolipoma,high,disease,4,5,True,False,
MCR_seq200b/407,MCR,directional_relation,True,True,True,Adrenal myelolipoma,Myelolipoma,high,disease,4,8,True,False,
MCR_seq200b/407,MCR,bounded_inheritance,True,True,True,Adrenal myelolipoma,Myelolipoma,high,disease,4,8,True,False,
MCR_seq200b/408,MCR,exact_control,True,False,False,Primary clear-cell squamous cell carcinoma of the penis,clear-cell squamous cell carcinoma,medium,disease,5,0,True,False,
MCR_seq200b/408,MCR,generic_non_equivalence,True,False,False,Primary clear-cell squamous cell carcinoma of the penis,clear-cell squamous cell carcinoma,high,disease,5,1,True,False,
MCR_seq200b/408,MCR,directional_relation,True,False,False,Primary clear-cell squamous cell carcinoma of the penis,clear-cell squamous cell carcinoma,high,disease,5,1,True,False,
MCR_seq200b/408,MCR,bounded_inheritance,True,False,False,Primary clear-cell squamous cell carcinoma of the penis,clear-cell squamous cell carcinoma,high,disease,5,1,True,False,
MCR_seq200b/409,MCR,exact_control,True,False,False,Pancreaticopleural fistula,Pleural effusion due to pancreatic disease,high,disease,6,0,True,False,
MCR_seq200b/409,MCR,generic_non_equivalence,True,False,False,Pancreaticopleural fistula,Pleural effusion due to pancreatic disease,high,disease,6,2,True,False,
MCR_seq200b/409,MCR,directional_relation,True,False,False,Pancreaticopleural fistula,Pleural effusion due to pancreatic disease,high,disease,6,2,True,False,
MCR_seq200b/409,MCR,bounded_inheritance,True,False,False,Pancreaticopleural fistula,Pleural effusion due to pancreatic disease,high,disease,6,2,True,False,
MCR_seq200b/412,MCR,exact_control,True,True,False,Asymptomatic Irreversible Pulpitis,External Cervical Resorption,medium,disease,4,0,True,False,
MCR_seq200b/412,MCR,generic_non_equivalence,True,True,True,External Cervical Resorption,Asymptomatic Irreversible Pulpitis,medium,disease,4,2,True,False,
MCR_seq200b/412,MCR,directional_relation,True,True,True,External Cervical Resorption,Asymptomatic Irreversible Pulpitis,medium,disease,4,2,True,False,
MCR_seq200b/412,MCR,bounded_inheritance,True,True,True,External Cervical Resorption,Asymptomatic Irreversible Pulpitis,high,disease,4,2,True,False,
MCR_seq200b/416,MCR,exact_control,True,True,False,Spinal schistosomiasis,Schistosomiasis,high,disease,6,0,True,False,
MCR_seq200b/416,MCR,generic_non_equivalence,True,True,False,Spinal schistosomiasis,Schistosomiasis,high,disease,6,1,True,False,
MCR_seq200b/416,MCR,directional_relation,True,True,False,Spinal schistosomiasis,Schistosomiasis,high,disease,6,1,True,False,
MCR_seq200b/416,MCR,bounded_inheritance,True,True,False,Spinal schistosomiasis,Schistosomiasis,high,disease,6,1,True,False,
MCR_seq200b/418,MCR,exact_control,True,True,False,Cardiac sarcoidosis,Sarcoidosis,high,disease,6,0,True,False,
MCR_seq200b/418,MCR,generic_non_equivalence,True,True,False,Cardiac sarcoidosis,Sarcoidosis,high,disease,6,2,True,False,
MCR_seq200b/418,MCR,directional_relation,True,True,False,Cardiac sarcoidosis,Sarcoidosis,high,disease,6,1,True,False,
MCR_seq200b/418,MCR,bounded_inheritance,True,True,False,Cardiac sarcoidosis,Sarcoidosis,high,disease,6,1,True,False,
MCR_seq200b/423,MCR,exact_control,True,False,False,Retroperitoneal sarcoma,Solitary Fibrous Tumor,medium,disease,6,0,True,False,
MCR_seq200b/423,MCR,generic_non_equivalence,True,False,False,Retroperitoneal sarcoma,Sarcoma,medium,disease,6,4,True,False,
MCR_seq200b/423,MCR,directional_relation,True,False,False,Retroperitoneal sarcoma,Retroperitoneal lymphoma,medium,disease,6,4,True,False,
MCR_seq200b/423,MCR,bounded_inheritance,True,False,False,Retroperitoneal sarcoma,Retroperitoneal lymphoma,medium,disease,6,4,True,False,
MCR_seq200b/428,MCR,exact_control,True,False,False,Aplastic Anemia,Bullous Sweet’s syndrome,medium,disease,6,0,True,False,
MCR_seq200b/428,MCR,generic_non_equivalence,True,False,False,Bullous Sweet’s syndrome,Sweet's Syndrome,high,disease,6,1,True,False,
MCR_seq200b/428,MCR,directional_relation,True,False,False,Aplastic Anemia,Bullous Sweet’s syndrome,medium,disease,6,1,True,False,
MCR_seq200b/428,MCR,bounded_inheritance,True,False,False,Aplastic Anemia,Bullous Sweet’s syndrome,medium,disease,6,1,True,False,
MCR_seq200b/430,MCR,exact_control,True,False,False,Mitral Isthmus Dependent Atrial Flutter,Mitral Isthmus-Dependent Atrial Flutter,high,disease,6,0,True,False,
MCR_seq200b/430,MCR,generic_non_equivalence,True,False,False,Mitral Isthmus-Dependent Atrial Flutter,Mitral Isthmus Dependent Atrial Flutter,high,disease,6,3,True,False,
MCR_seq200b/430,MCR,directional_relation,True,False,False,Mitral Isthmus-Dependent Atrial Flutter,Atrial flutter,high,disease,6,3,True,False,
MCR_seq200b/430,MCR,bounded_inheritance,True,False,False,Mitral Isthmus-Dependent Atrial Flutter,Mitral Isthmus Dependent Atrial Flutter,high,disease,6,3,True,False,
MCR_seq200b/435,MCR,exact_control,True,False,False,Cerebral Toxoplasmosis,Metastatic Brain Tumor,medium,disease,5,0,True,False,
MCR_seq200b/435,MCR,generic_non_equivalence,True,False,False,Metastatic Brain Tumor,Primary Central Nervous System Lymphoma,high,disease,5,1,True,False,
MCR_seq200b/435,MCR,directional_relation,True,False,False,Cerebral Toxoplasmosis,Toxoplasmosis,high,disease,5,1,True,False,
MCR_seq200b/435,MCR,bounded_inheritance,True,False,False,Metastatic Brain Tumor,Cerebral Toxoplasmosis,medium,disease,5,1,True,False,
MCR_seq200b/436,MCR,exact_control,True,False,False,Spontaneous renal hemorrhage,Retroperitoneal hemorrhage,high,disease,6,0,True,False,
MCR_seq200b/436,MCR,generic_non_equivalence,True,False,False,Spontaneous renal hemorrhage,Retroperitoneal hemorrhage,medium,disease,6,1,True,False,
MCR_seq200b/436,MCR,directional_relation,True,False,False,Spontaneous renal hemorrhage,Retroperitoneal hemorrhage,high,disease,6,1,True,False,
MCR_seq200b/436,MCR,bounded_inheritance,True,False,False,Spontaneous renal hemorrhage,Renal artery aneurysm rupture,high,disease,6,1,True,False,
MCR_seq200b/437,MCR,exact_control,True,False,False,Severe Prosthesis-Patient Mismatch,Heart Failure with Preserved Ejection Fraction,high,disease,6,0,True,False,
MCR_seq200b/437,MCR,generic_non_equivalence,True,False,False,Severe Prosthesis-Patient Mismatch,Prosthesis-patient mismatch,high,disease,6,2,True,False,
MCR_seq200b/437,MCR,directional_relation,True,False,False,Severe Prosthesis-Patient Mismatch,Prosthesis-patient mismatch,high,disease,6,2,True,False,
MCR_seq200b/437,MCR,bounded_inheritance,True,False,False,Severe Prosthesis-Patient Mismatch,Prosthesis-patient mismatch,high,disease,6,2,True,False,
MCR_seq200b/438,MCR,exact_control,True,False,False,Chemotherapy-associated sclerosing cholangitis,Sclerosing cholangitis,high,disease,6,0,True,False,
MCR_seq200b/438,MCR,generic_non_equivalence,True,False,False,Chemotherapy-associated sclerosing cholangitis,Sclerosing cholangitis,high,disease,6,6,True,False,
MCR_seq200b/438,MCR,directional_relation,True,False,False,Chemotherapy-associated sclerosing cholangitis,Sclerosing cholangitis,medium,disease,6,7,True,False,
MCR_seq200b/438,MCR,bounded_inheritance,True,False,False,Chemotherapy-associated sclerosing cholangitis,Sclerosing cholangitis,high,disease,6,7,True,False,
MCR_seq200b/445,MCR,exact_control,True,False,False,Chronic invasive fungal sinusitis,Allergic fungal sinusitis,medium,disease,6,0,True,False,
MCR_seq200b/445,MCR,generic_non_equivalence,True,False,False,Chronic invasive fungal sinusitis,Invasive fungal sinusitis,medium,disease,6,1,True,False,
MCR_seq200b/445,MCR,directional_relation,True,False,False,Chronic invasive fungal sinusitis,Allergic fungal sinusitis,medium,disease,6,1,True,False,
MCR_seq200b/445,MCR,bounded_inheritance,True,False,False,Chronic invasive fungal sinusitis,Allergic fungal sinusitis,medium,disease,6,1,True,False,
MCR_seq200b/451,MCR,exact_control,True,False,False,Recurrent pneumoperitoneum,Idiopathic pneumoperitoneum,high,disease,6,0,True,False,
MCR_seq200b/451,MCR,generic_non_equivalence,True,False,False,Recurrent pneumoperitoneum,Idiopathic pneumoperitoneum,high,disease,6,3,True,False,
MCR_seq200b/451,MCR,directional_relation,True,False,False,Idiopathic pneumoperitoneum,Recurrent pneumoperitoneum,low,disease,6,3,True,False,
MCR_seq200b/451,MCR,bounded_inheritance,True,False,False,Recurrent pneumoperitoneum,Idiopathic pneumoperitoneum,medium,disease,6,3,True,False,
MCR_seq200b/452,MCR,exact_control,True,False,False,Fibroma,Leiomyoma,medium,disease,4,0,True,False,
MCR_seq200b/452,MCR,generic_non_equivalence,True,False,False,Fibroma,Leiomyoma,high,disease,4,2,True,False,
MCR_seq200b/452,MCR,directional_relation,True,False,False,Fibroma,Leiomyoma,medium,disease,4,2,True,False,
MCR_seq200b/452,MCR,bounded_inheritance,True,False,False,Fibroma,Leiomyoma,high,disease,4,2,True,False,
MCR_seq200b/455,MCR,exact_control,True,False,False,Cervical Cancer,Vaginal cancer,high,disease,6,0,True,False,
MCR_seq200b/455,MCR,generic_non_equivalence,True,False,False,Cervical Cancer,Vaginal cancer,high,disease,6,0,True,True,
MCR_seq200b/455,MCR,directional_relation,True,False,False,Cervical Cancer,Vaginal cancer,high,disease,6,0,True,True,
MCR_seq200b/455,MCR,bounded_inheritance,True,False,False,Cervical Cancer,Vaginal cancer,high,disease,6,0,True,True,
MCR_seq200b/456,MCR,exact_control,True,False,False,Ureteroileal fistula,Radiation-induced hemorrhagic cystitis,high,disease,6,0,True,False,
MCR_seq200b/456,MCR,generic_non_equivalence,True,False,False,Ureteroileal fistula,Radiation-induced hemorrhagic cystitis,high,complication,6,2,True,False,
MCR_seq200b/456,MCR,directional_relation,True,False,False,Ureteroileal fistula,Radiation-induced hemorrhagic cystitis,medium,disease,6,2,True,False,
MCR_seq200b/456,MCR,bounded_inheritance,True,False,False,Radiation-induced hemorrhagic cystitis,Hemorrhagic cystitis,low,disease,6,2,True,False,
MCR_seq200b/464,MCR,exact_control,True,True,True,Ruptured popliteal artery aneurysm,Popliteal artery aneurysm,high,disease,6,0,True,False,
MCR_seq200b/464,MCR,generic_non_equivalence,True,True,True,Ruptured popliteal artery aneurysm,Popliteal artery aneurysm,high,disease,6,2,True,False,
MCR_seq200b/464,MCR,directional_relation,True,True,True,Ruptured popliteal artery aneurysm,Popliteal artery aneurysm,high,disease,6,2,True,False,
MCR_seq200b/464,MCR,bounded_inheritance,True,True,True,Ruptured popliteal artery aneurysm,Popliteal artery aneurysm,high,disease,6,2,True,False,
MCR_seq200b/466,MCR,exact_control,True,False,False,Chronic wound with possible squamous cell carcinoma,Pilonidal disease,medium,disease,6,0,True,False,
MCR_seq200b/466,MCR,generic_non_equivalence,True,False,False,Chronic wound with possible squamous cell carcinoma,Pilonidal disease,medium,disease,6,0,True,True,
MCR_seq200b/466,MCR,directional_relation,True,False,False,Chronic wound with possible squamous cell carcinoma,Pilonidal disease,medium,disease,6,0,True,True,
MCR_seq200b/466,MCR,bounded_inheritance,True,False,False,Chronic wound with possible squamous cell carcinoma,Pilonidal disease,medium,disease,6,0,True,True,
MCR_seq200b/468,MCR,exact_control,True,False,False,Cerebral angiitis,Cerebral vasculitis,high,disease,6,0,True,False,
MCR_seq200b/468,MCR,generic_non_equivalence,True,False,False,Central nervous system vasculitis,Cerebral vasculitis,low,disease,6,2,True,False,
MCR_seq200b/468,MCR,directional_relation,True,False,False,Central nervous system vasculitis,Cerebral vasculitis,medium,disease,6,2,True,False,
MCR_seq200b/468,MCR,bounded_inheritance,True,False,False,Central nervous system vasculitis,Cerebral vasculitis,medium,disease,6,2,True,False,
MCR_seq200b/469,MCR,exact_control,True,False,False,intraocular lymphoma,Lymphoma,high,disease,6,0,True,False,
MCR_seq200b/469,MCR,generic_non_equivalence,True,False,False,intraocular lymphoma,Lymphoma,high,disease,6,1,True,False,
MCR_seq200b/469,MCR,directional_relation,True,False,False,intraocular lymphoma,Lymphoma,medium,disease,6,1,True,False,
MCR_seq200b/469,MCR,bounded_inheritance,True,False,False,intraocular lymphoma,Lymphoma,high,disease,6,1,True,False,
MCR_seq200b/480,MCR,exact_control,True,False,False,Transient Ischemic Attack of the Vertebrobasilar System,Transient Ischemic Attack,high,disease,6,0,True,False,
MCR_seq200b/480,MCR,generic_non_equivalence,True,False,False,Transient Ischemic Attack of the Vertebrobasilar System,Transient Ischemic Attack,high,disease,6,1,True,False,
MCR_seq200b/480,MCR,directional_relation,True,False,False,Transient Ischemic Attack of the Vertebrobasilar System,Transient Ischemic Attack,high,disease,6,1,True,False,
MCR_seq200b/480,MCR,bounded_inheritance,True,False,False,Transient Ischemic Attack of the Vertebrobasilar System,Transient Ischemic Attack,high,disease,6,1,True,False,
MCR_v1_seq100/1,MCR,exact_control,True,False,False,Leiomyoma with cystic degeneration,Infected hematometra,medium,disease,6,0,True,False,
MCR_v1_seq100/1,MCR,generic_non_equivalence,True,False,False,Leiomyoma with cystic degeneration,Ovarian fibroma,high,disease,6,6,True,False,
MCR_v1_seq100/1,MCR,directional_relation,True,False,False,Leiomyoma with cystic degeneration,Leiomyoma,medium,disease,6,6,True,False,
MCR_v1_seq100/1,MCR,bounded_inheritance,True,False,False,Leiomyoma with cystic degeneration,Infected hematometra,medium,disease,6,6,True,False,
MCR_v1_seq100/100,MCR,exact_control,True,False,False,Hemangioma of the bone,Hemangioma,high,disease,5,0,True,False,
MCR_v1_seq100/100,MCR,generic_non_equivalence,True,False,False,Hemangioma of the bone,Hemangioma of bone,high,disease,5,3,True,False,
MCR_v1_seq100/100,MCR,directional_relation,True,False,False,Hemangioma of the bone,Hemangioma of bone,high,disease,5,3,True,False,
MCR_v1_seq100/100,MCR,bounded_inheritance,True,False,False,Hemangioma of the bone,Hemangioma of bone,high,disease,5,3,True,False,
MCR_v1_seq100/107,MCR,exact_control,True,False,False,testicular lymphoma,Lymphoma,high,disease,6,0,True,False,
MCR_v1_seq100/107,MCR,generic_non_equivalence,True,False,False,testicular lymphoma,Lymphoma,high,disease,6,1,True,False,
MCR_v1_seq100/107,MCR,directional_relation,True,False,False,testicular lymphoma,Lymphoma,high,disease,6,1,True,False,
MCR_v1_seq100/107,MCR,bounded_inheritance,True,False,False,testicular lymphoma,Lymphoma,high,disease,6,1,True,False,
MCR_v1_seq100/109,MCR,exact_control,True,False,False,Pyogenic brain abscess,Cerebral Toxoplasmosis,high,disease,6,0,True,False,
MCR_v1_seq100/109,MCR,generic_non_equivalence,True,False,False,Pyogenic brain abscess,Cerebral Toxoplasmosis,high,disease,6,0,True,True,
MCR_v1_seq100/109,MCR,directional_relation,True,False,False,Pyogenic brain abscess,Cerebral Toxoplasmosis,high,disease,6,0,True,True,
MCR_v1_seq100/109,MCR,bounded_inheritance,True,False,False,Pyogenic brain abscess,Cerebral Toxoplasmosis,high,disease,6,0,True,True,
MCR_v1_seq100/111,MCR,exact_control,True,False,False,Giant cell tumor,Primary bone tumor,medium,disease,6,0,True,False,
MCR_v1_seq100/111,MCR,generic_non_equivalence,True,False,False,Giant cell tumor,Primary bone tumor,medium,disease,6,0,True,True,
MCR_v1_seq100/111,MCR,directional_relation,True,False,False,Giant cell tumor,Primary bone tumor,medium,disease,6,0,True,True,
MCR_v1_seq100/111,MCR,bounded_inheritance,True,False,False,Giant cell tumor,Primary bone tumor,medium,disease,6,0,True,True,
MCR_v1_seq100/113,MCR,exact_control,True,False,False,Sister Mary Joseph nodule with metastatic adenocarcinoma of colonic origin,Sister Mary Joseph nodule due to metastatic adenocarcinoma,high,composite,5,0,True,False,
MCR_v1_seq100/113,MCR,generic_non_equivalence,True,False,False,Sister Mary Joseph nodule with metastatic adenocarcinoma of colonic origin,Sister Mary Joseph nodule due to metastatic adenocarcinoma,high,composite,5,3,True,False,
MCR_v1_seq100/113,MCR,directional_relation,True,False,False,Sister Mary Joseph nodule with metastatic adenocarcinoma of colonic origin,Sister Mary Joseph nodule due to metastatic adenocarcinoma,high,composite,5,3,True,False,
MCR_v1_seq100/113,MCR,bounded_inheritance,True,False,False,Sister Mary Joseph nodule with metastatic adenocarcinoma of colonic origin,Sister Mary Joseph nodule due to metastatic adenocarcinoma,high,disease,5,3,True,False,
MCR_v1_seq100/114,MCR,exact_control,True,False,False,Epidermoid cyst,Dermoid cyst,medium,disease,6,0,True,False,
MCR_v1_seq100/114,MCR,generic_non_equivalence,True,False,False,Epidermoid cyst,Dermoid cyst,high,disease,6,1,True,False,
MCR_v1_seq100/114,MCR,directional_relation,True,False,False,Epidermoid cyst,Pilonidal cyst,high,disease,6,1,True,False,
MCR_v1_seq100/114,MCR,bounded_inheritance,True,False,False,Soft tissue tumor,Soft-tissue tumor,high,disease,6,1,True,False,
MCR_v1_seq100/12,MCR,exact_control,True,True,True,Tumor-induced osteomalacia,Osteomalacia,high,disease,4,0,True,False,
MCR_v1_seq100/12,MCR,generic_non_equivalence,True,True,True,Tumor-induced osteomalacia,Osteomalacia,high,disease,4,2,True,False,
MCR_v1_seq100/12,MCR,directional_relation,True,True,True,Tumor-induced osteomalacia,Osteomalacia,high,disease,4,2,True,False,
MCR_v1_seq100/12,MCR,bounded_inheritance,True,True,True,Tumor-induced osteomalacia,Osteomalacia,high,disease,4,2,True,False,
MCR_v1_seq100/123,MCR,exact_control,True,False,False,Langerhans Cell Histiocytosis,Ewing's Sarcoma,high,disease,4,0,True,False,
MCR_v1_seq100/123,MCR,generic_non_equivalence,True,False,False,Langerhans Cell Histiocytosis,Ewing's Sarcoma,medium,disease,4,2,True,False,
MCR_v1_seq100/123,MCR,directional_relation,True,False,False,Langerhans Cell Histiocytosis,Chronic Recurrent Multifocal Osteomyelitis (CRMO),medium,disease,4,1,True,False,
MCR_v1_seq100/123,MCR,bounded_inheritance,True,False,False,Langerhans Cell Histiocytosis,Ewing's Sarcoma,high,disease,4,1,True,False,
MCR_v1_seq100/124,MCR,exact_control,True,False,False,Myositis,Polymyositis,high,disease,5,0,True,False,
MCR_v1_seq100/124,MCR,generic_non_equivalence,True,False,False,Myositis,Polymyositis,high,disease,5,2,True,False,
MCR_v1_seq100/124,MCR,directional_relation,True,False,False,Myositis,Polymyositis,medium,disease,5,2,True,False,
MCR_v1_seq100/124,MCR,bounded_inheritance,True,False,False,Myositis,Polymyositis,high,disease,5,2,True,False,
MCR_v1_seq100/126,MCR,exact_control,True,False,False,Lymphoma,Cutaneous T-cell lymphoma,high,disease,6,0,True,False,
MCR_v1_seq100/126,MCR,generic_non_equivalence,True,False,False,Lymphoma,Cutaneous T-cell lymphoma,high,disease,6,2,True,False,
MCR_v1_seq100/126,MCR,directional_relation,True,False,False,Lymphoma,Cutaneous T-cell lymphoma,medium,disease,6,1,True,False,
MCR_v1_seq100/126,MCR,bounded_inheritance,True,False,False,Lymphoma,Cutaneous T-cell lymphoma,medium,disease,6,1,True,False,
MCR_v1_seq100/128,MCR,exact_control,True,False,False,Malacoplakia,Transitional Cell Carcinoma,medium,disease,5,0,True,False,
MCR_v1_seq100/128,MCR,generic_non_equivalence,True,False,False,Transitional Cell Carcinoma,Urinary Bladder Endometriosis,medium,disease,5,2,True,False,
MCR_v1_seq100/128,MCR,directional_relation,True,False,False,Urinary Bladder Endometriosis,Transitional Cell Carcinoma,medium,disease,5,2,True,False,
MCR_v1_seq100/128,MCR,bounded_inheritance,True,False,False,Transitional Cell Carcinoma,Urinary bladder cancer,high,disease,5,2,True,False,
MCR_v1_seq100/13,MCR,exact_control,True,True,False,Odontoma,Compound odontoma,medium,disease,4,0,True,False,
MCR_v1_seq100/13,MCR,generic_non_equivalence,True,True,False,Odontoma,Compound odontoma,medium,disease,4,2,True,False,
MCR_v1_seq100/13,MCR,directional_relation,True,True,False,Odontoma,Compound odontoma,medium,disease,4,2,True,False,
MCR_v1_seq100/13,MCR,bounded_inheritance,True,True,False,Odontoma,Compound odontoma,high,disease,4,2,True,False,
MCR_v1_seq100/15,MCR,exact_control,True,False,False,Congenital lipoma,Hamartoma,high,disease,6,0,True,False,
MCR_v1_seq100/15,MCR,generic_non_equivalence,True,False,False,Congenital lipoma,Hamartoma,high,disease,6,0,True,True,
MCR_v1_seq100/15,MCR,directional_relation,True,False,False,Congenital lipoma,Hamartoma,high,disease,6,0,True,True,
MCR_v1_seq100/15,MCR,bounded_inheritance,True,False,False,Congenital lipoma,Hamartoma,high,disease,6,0,True,True,
MCR_v1_seq100/16,MCR,exact_control,True,False,False,Primary Amyloidosis of the Urethra,Amyloidosis,high,disease,4,0,True,False,
MCR_v1_seq100/16,MCR,generic_non_equivalence,True,False,False,Primary Amyloidosis of the Urethra,Amyloidosis,high,disease,4,2,True,False,
MCR_v1_seq100/16,MCR,directional_relation,True,False,False,Primary Amyloidosis of the Urethra,Amyloidosis,high,disease,4,2,True,False,
MCR_v1_seq100/16,MCR,bounded_inheritance,True,False,False,Primary Amyloidosis of the Urethra,Amyloidosis,high,disease,4,2,True,False,
MCR_v1_seq100/17,MCR,exact_control,True,False,False,Steroid-refractory ICI-induced pneumonitis,ICI-induced pneumonitis,high,disease,3,0,True,False,
MCR_v1_seq100/17,MCR,generic_non_equivalence,True,False,False,Steroid-refractory ICI-induced pneumonitis,ICI-induced pneumonitis,high,disease,3,2,True,False,
MCR_v1_seq100/17,MCR,directional_relation,True,False,False,Steroid-refractory ICI-induced pneumonitis,ICI-induced pneumonitis,high,disease,3,2,True,False,
MCR_v1_seq100/17,MCR,bounded_inheritance,True,False,False,Steroid-refractory ICI-induced pneumonitis,ICI-induced pneumonitis,high,disease,3,2,True,False,
MCR_v1_seq100/21,MCR,exact_control,True,True,True,Fibrous dysplasia,Orbital meningioma,medium,disease,5,0,True,False,
MCR_v1_seq100/21,MCR,generic_non_equivalence,True,True,True,Fibrous dysplasia,Orbital meningioma,medium,disease,5,1,True,False,
MCR_v1_seq100/21,MCR,directional_relation,True,True,False,Orbital meningioma,Meningioma,high,disease,5,1,True,False,
MCR_v1_seq100/21,MCR,bounded_inheritance,True,True,True,Fibrous dysplasia,Orbital meningioma,high,disease,5,1,True,False,
MCR_v1_seq100/26,MCR,exact_control,True,False,False,Basilar Migraine,Migraine,high,disease,4,0,True,False,
MCR_v1_seq100/26,MCR,generic_non_equivalence,True,False,False,Basilar Migraine,Migraine,high,disease,4,2,True,False,
MCR_v1_seq100/26,MCR,directional_relation,True,False,False,Basilar Migraine,Migraine,high,disease,4,1,True,False,
MCR_v1_seq100/26,MCR,bounded_inheritance,True,False,False,Basilar Migraine,Migraine,high,disease,4,1,True,False,
MCR_v1_seq100/28,MCR,exact_control,True,True,False,Drug-induced Stevens-Johnson syndrome,Drug-induced Stevens-Johnson syndrome/toxic epidermal necrolysis,medium,disease,5,0,True,False,
MCR_v1_seq100/28,MCR,generic_non_equivalence,True,True,False,Drug-induced Stevens-Johnson syndrome,Drug-induced Stevens-Johnson syndrome/toxic epidermal necrolysis,medium,disease,5,1,True,False,
MCR_v1_seq100/28,MCR,directional_relation,True,True,False,Drug-induced Stevens-Johnson syndrome,Drug-induced Stevens-Johnson syndrome/toxic epidermal necrolysis,medium,disease,5,1,True,False,
MCR_v1_seq100/28,MCR,bounded_inheritance,True,True,False,Drug-induced Stevens-Johnson syndrome/toxic epidermal necrolysis,Drug-induced Stevens-Johnson syndrome,medium,disease,5,1,True,False,
MCR_v1_seq100/35,MCR,exact_control,True,False,False,Internal Hernia,Adhesive Bowel Obstruction,high,disease,4,0,True,False,
MCR_v1_seq100/35,MCR,generic_non_equivalence,True,False,False,Internal Hernia,Internal herniation,high,disease,4,2,True,False,
MCR_v1_seq100/35,MCR,directional_relation,True,False,False,Internal Hernia,Internal herniation,high,disease,4,2,True,False,
MCR_v1_seq100/35,MCR,bounded_inheritance,True,False,False,Internal Hernia,Internal herniation,high,disease,4,2,True,False,
MCR_v1_seq100/43,MCR,exact_control,True,False,False,Tuberculosis,Pott's disease,high,disease,5,0,True,False,
MCR_v1_seq100/43,MCR,generic_non_equivalence,True,False,False,Tuberculosis,Pott's disease,high,disease,5,2,True,False,
MCR_v1_seq100/43,MCR,directional_relation,True,False,False,Tuberculosis,Pulmonary tuberculosis,high,disease,5,1,True,False,
MCR_v1_seq100/43,MCR,bounded_inheritance,True,False,False,Tuberculosis,Pulmonary tuberculosis,high,disease,5,1,True,False,
MCR_v1_seq100/47,MCR,exact_control,True,False,False,Metastatic Melanoma to the Liver,Primary hepatic melanoma,high,disease,6,0,True,False,
MCR_v1_seq100/47,MCR,generic_non_equivalence,True,False,False,Metastatic Melanoma to the Liver,Hepatic Metastasis of Melanoma,medium,disease,6,1,True,False,
MCR_v1_seq100/47,MCR,directional_relation,True,False,False,Metastatic Melanoma to the Liver,Metastatic melanoma,medium,disease,6,1,True,False,
MCR_v1_seq100/47,MCR,bounded_inheritance,True,False,False,Metastatic Melanoma to the Liver,Hepatic Metastasis of Melanoma,medium,disease,6,1,True,False,
MCR_v1_seq100/48,MCR,exact_control,True,False,False,Brodie's abscess,Subacute osteomyelitis,high,disease,4,0,True,False,
MCR_v1_seq100/48,MCR,generic_non_equivalence,True,False,False,Brodie's abscess,Subacute osteomyelitis,high,disease,4,2,True,False,
MCR_v1_seq100/48,MCR,directional_relation,True,False,False,Brodie's abscess,Subacute osteomyelitis,high,disease,4,2,True,False,
MCR_v1_seq100/48,MCR,bounded_inheritance,True,False,False,Brodie's abscess,Subacute osteomyelitis,high,disease,4,2,True,False,
MCR_v1_seq100/49,MCR,exact_control,True,False,False,Appendiceal abscess,Post-surgical abscess,medium,disease,6,0,True,False,
MCR_v1_seq100/49,MCR,generic_non_equivalence,True,False,False,Appendiceal abscess,Post-surgical abscess,medium,disease,6,5,True,False,
MCR_v1_seq100/49,MCR,directional_relation,True,False,False,Appendiceal abscess,Post-surgical abscess,medium,disease,6,6,True,False,
MCR_v1_seq100/49,MCR,bounded_inheritance,True,False,False,Post-surgical abscess,Intra-abdominal abscess,high,disease,6,6,True,False,
MCR_v1_seq100/52,MCR,exact_control,True,True,True,Livedoid vasculopathy,Antiphospholipid Syndrome,high,disease,6,0,True,False,
MCR_v1_seq100/52,MCR,generic_non_equivalence,True,True,True,Livedoid vasculopathy,Antiphospholipid Syndrome,high,disease,6,0,True,True,
MCR_v1_seq100/52,MCR,directional_relation,True,True,True,Livedoid vasculopathy,Antiphospholipid Syndrome,high,disease,6,0,True,True,
MCR_v1_seq100/52,MCR,bounded_inheritance,True,True,True,Livedoid vasculopathy,Antiphospholipid Syndrome,high,disease,6,0,True,True,
MCR_v1_seq100/53,MCR,exact_control,True,False,False,Cardiac Myxoma,Papillary Fibroelastoma,medium,disease,4,0,True,False,
MCR_v1_seq100/53,MCR,generic_non_equivalence,True,False,False,Cardiac Myxoma,Papillary Fibroelastoma,high,disease,4,1,True,False,
MCR_v1_seq100/53,MCR,directional_relation,True,False,False,Cardiac Myxoma,Papillary Fibroelastoma,medium,disease,4,1,True,False,
MCR_v1_seq100/53,MCR,bounded_inheritance,True,False,False,Cardiac Myxoma,Papillary Fibroelastoma,high,disease,4,1,True,False,
MCR_v1_seq100/54,MCR,exact_control,True,True,False,Vaccine-induced Trigeminal Neuralgia,Trigeminal Neuralgia,high,disease,2,0,True,False,
MCR_v1_seq100/54,MCR,generic_non_equivalence,True,True,False,Vaccine-induced Trigeminal Neuralgia,Trigeminal Neuralgia,medium,disease,2,2,True,False,
MCR_v1_seq100/54,MCR,directional_relation,True,True,False,Vaccine-induced Trigeminal Neuralgia,Trigeminal Neuralgia,high,disease,2,1,True,False,
MCR_v1_seq100/54,MCR,bounded_inheritance,True,True,False,Vaccine-induced Trigeminal Neuralgia,Trigeminal Neuralgia,medium,disease,2,1,True,False,
MCR_v1_seq100/61,MCR,exact_control,True,False,False,Hepatocellular Adenoma,Hepatic Adenoma,low,disease,6,0,True,False,
MCR_v1_seq100/61,MCR,generic_non_equivalence,True,False,False,Hepatocellular Adenoma,Hepatic Adenoma,low,disease,6,0,True,True,
MCR_v1_seq100/61,MCR,directional_relation,True,False,False,Hepatocellular Adenoma,Hepatic Adenoma,low,disease,6,0,True,True,
MCR_v1_seq100/61,MCR,bounded_inheritance,True,False,False,Hepatocellular Adenoma,Hepatic Adenoma,low,disease,6,0,True,True,
MCR_v1_seq100/69,MCR,exact_control,True,True,True,Gastric Lipoma,Lipoma,high,disease,6,0,True,False,
MCR_v1_seq100/69,MCR,generic_non_equivalence,True,True,True,Gastric Lipoma,Lipoma,high,disease,6,1,True,False,
MCR_v1_seq100/69,MCR,directional_relation,True,True,True,Gastric Lipoma,Lipoma,high,disease,6,1,True,False,
MCR_v1_seq100/69,MCR,bounded_inheritance,True,True,True,Gastric Lipoma,Lipoma,high,disease,6,1,True,False,
MCR_v1_seq100/72,MCR,exact_control,True,False,False,Lymphoma,Metastatic Ovarian Cancer,medium,disease,6,0,False,False,
MCR_v1_seq100/72,MCR,generic_non_equivalence,True,False,False,Lymphoma,Metastatic Ovarian Cancer,medium,disease,6,0,False,True,
MCR_v1_seq100/72,MCR,directional_relation,True,False,False,Lymphoma,Metastatic Ovarian Cancer,medium,disease,6,0,False,True,
MCR_v1_seq100/72,MCR,bounded_inheritance,True,False,False,Lymphoma,Metastatic Ovarian Cancer,medium,disease,6,0,False,True,
MCR_v1_seq100/8,MCR,exact_control,True,False,False,Colorectal cancer liver metastasis,Colorectal cancer metastasis,medium,disease,6,0,True,False,
MCR_v1_seq100/8,MCR,generic_non_equivalence,True,False,False,Hepatocellular carcinoma with portal vein tumor thrombus,Hepatocellular carcinoma,medium,composite,6,5,True,False,
MCR_v1_seq100/8,MCR,directional_relation,True,False,False,Colorectal cancer liver metastasis,Colorectal cancer metastasis,high,disease,6,3,True,False,
MCR_v1_seq100/8,MCR,bounded_inheritance,True,False,False,Colorectal cancer liver metastasis,Hepatocellular carcinoma with portal vein tumor thrombus,medium,disease,6,3,True,False,
MCR_v1_seq100/82,MCR,exact_control,True,False,False,Empagliflozin-Associated Diabetic Ketoacidosis,Empagliflozin-induced ketoacidosis,low,disease,6,0,True,False,
MCR_v1_seq100/82,MCR,generic_non_equivalence,True,False,False,Empagliflozin-Associated Diabetic Ketoacidosis,Diabetic Ketoacidosis,high,disease,6,1,True,False,
MCR_v1_seq100/82,MCR,directional_relation,True,False,False,Empagliflozin-Associated Diabetic Ketoacidosis,Diabetic Ketoacidosis,high,disease,6,1,True,False,
MCR_v1_seq100/82,MCR,bounded_inheritance,True,False,False,Empagliflozin-Associated Diabetic Ketoacidosis,Diabetic Ketoacidosis,high,disease,6,1,True,False,
MCR_v1_seq100/85,MCR,exact_control,True,False,False,Acute Appendicitis,Appendicitis,high,disease,5,0,True,False,
MCR_v1_seq100/85,MCR,generic_non_equivalence,True,False,False,Intussusception,Appendicitis,medium,disease,5,2,True,False,
MCR_v1_seq100/85,MCR,directional_relation,True,False,False,Intussusception,Acute Appendicitis,high,disease,5,2,True,False,
MCR_v1_seq100/85,MCR,bounded_inheritance,True,False,False,Intussusception,Acute Appendicitis,high,disease,5,2,True,False,
MCR_v1_seq100/91,MCR,exact_control,True,False,False,Solitary Fibrous Tumor/Hemangiopericytoma,Hemangiopericytoma,high,disease,3,0,True,False,
MCR_v1_seq100/91,MCR,generic_non_equivalence,True,False,False,Solitary Fibrous Tumor/Hemangiopericytoma,Hemangiopericytoma,medium,disease,3,1,True,False,
MCR_v1_seq100/91,MCR,directional_relation,True,False,False,Solitary Fibrous Tumor/Hemangiopericytoma,Hemangiopericytoma,high,disease,3,1,True,False,
MCR_v1_seq100/91,MCR,bounded_inheritance,True,False,False,Solitary Fibrous Tumor/Hemangiopericytoma,Hemangiopericytoma,low,disease,3,1,True,False,
MCR_v1_seq100/95,MCR,exact_control,True,False,False,Disseminated Mycobacterium avium complex (MAC),Cytomegalovirus (CMV) infection,medium,disease,6,0,True,False,
MCR_v1_seq100/95,MCR,generic_non_equivalence,True,False,False,Disseminated Mycobacterium avium complex (MAC),Disseminated Mycobacterium avium complex,high,disease,6,2,True,False,
MCR_v1_seq100/95,MCR,directional_relation,True,False,False,Disseminated Mycobacterium avium complex (MAC),Sepsis,high,disease,6,2,True,False,
MCR_v1_seq100/95,MCR,bounded_inheritance,True,False,False,Disseminated Mycobacterium avium complex (MAC),Pneumocystis jirovecii pneumonia,medium,disease,6,2,True,False,
MCR_v1_seq100/96,MCR,exact_control,True,False,False,Mastoid osteoma,Osteoma,low,disease,5,0,True,False,
MCR_v1_seq100/96,MCR,generic_non_equivalence,True,False,False,Osteoma,Mastoid osteoma,medium,disease,5,1,True,False,
MCR_v1_seq100/96,MCR,directional_relation,True,False,False,Mastoid osteoma,Osteoma,high,disease,5,1,True,False,
MCR_v1_seq100/96,MCR,bounded_inheritance,True,False,False,Mastoid osteoma,Osteoma,high,disease,5,1,True,False,
MCR_v2_seq100/136,MCR,exact_control,True,False,False,Acute Demyelinating Encephalomyelitis (ADEM),Low-Grade Glioma,medium,disease,6,0,True,False,
MCR_v2_seq100/136,MCR,generic_non_equivalence,True,False,False,Low-Grade Glioma,Acute Demyelinating Encephalomyelitis (ADEM),high,disease,6,1,True,False,
MCR_v2_seq100/136,MCR,directional_relation,True,False,False,Acute Demyelinating Encephalomyelitis (ADEM),Low-Grade Glioma,high,disease,6,1,True,False,
MCR_v2_seq100/136,MCR,bounded_inheritance,True,False,False,Low-Grade Glioma,Acute Demyelinating Encephalomyelitis (ADEM),medium,disease,6,1,True,False,
MCR_v2_seq100/140,MCR,exact_control,True,False,False,Hyperplastic polyp,Gastric adenomatous polyp,high,disease,6,0,True,False,
MCR_v2_seq100/140,MCR,generic_non_equivalence,True,False,False,Hyperplastic polyp,Gastric adenomatous polyp,high,disease,6,0,True,True,
MCR_v2_seq100/140,MCR,directional_relation,True,False,False,Hyperplastic polyp,Gastric adenomatous polyp,high,disease,6,0,True,True,
MCR_v2_seq100/140,MCR,bounded_inheritance,True,False,False,Hyperplastic polyp,Gastric adenomatous polyp,high,disease,6,0,True,True,
MCR_v2_seq100/144,MCR,exact_control,True,True,True,Systemic Lupus Erythematosus,Pericarditis,high,disease,5,0,True,False,
MCR_v2_seq100/144,MCR,generic_non_equivalence,True,True,True,Systemic Lupus Erythematosus,Pericarditis,high,disease,5,2,True,False,
MCR_v2_seq100/144,MCR,directional_relation,True,True,True,Systemic Lupus Erythematosus,Pericarditis,high,disease,5,2,True,False,
MCR_v2_seq100/144,MCR,bounded_inheritance,True,True,True,Systemic Lupus Erythematosus,Pericarditis,high,disease,5,2,True,False,
MCR_v2_seq100/153,MCR,exact_control,True,False,False,Reverse Takotsubo Cardiomyopathy,Takotsubo cardiomyopathy,high,disease,5,0,True,False,
MCR_v2_seq100/153,MCR,generic_non_equivalence,True,False,False,Myocarditis,Reverse Takotsubo Cardiomyopathy,high,disease,5,1,True,False,
MCR_v2_seq100/153,MCR,directional_relation,True,False,False,Myocarditis,Reverse Takotsubo Cardiomyopathy,medium,disease,5,1,True,False,
MCR_v2_seq100/153,MCR,bounded_inheritance,True,False,False,Reverse Takotsubo Cardiomyopathy,Takotsubo cardiomyopathy,high,disease,5,1,True,False,
MCR_v2_seq100/154,MCR,exact_control,True,True,True,Decompression Sickness,Arthralgia due to Decompression Sickness,high,disease,5,0,True,False,
MCR_v2_seq100/154,MCR,generic_non_equivalence,True,True,True,Decompression Sickness,Nitrogen Embolism,high,disease,5,2,True,False,
MCR_v2_seq100/154,MCR,directional_relation,True,True,True,Decompression Sickness,Nitrogen Embolism,high,disease,5,1,True,False,
MCR_v2_seq100/154,MCR,bounded_inheritance,True,True,True,Decompression Sickness,Arterial gas embolism,high,disease,5,1,True,False,
MCR_v2_seq100/159,MCR,exact_control,True,True,False,grade 3 endometrioid adenocarcinoma,Endometrioid adenocarcinoma,medium,disease,6,0,True,False,
MCR_v2_seq100/159,MCR,generic_non_equivalence,True,True,False,Iatrogenic tumor dissemination,grade 3 endometrioid adenocarcinoma,high,complication,6,1,True,False,
MCR_v2_seq100/159,MCR,directional_relation,True,True,False,grade 3 endometrioid adenocarcinoma,Endometrioid adenocarcinoma,high,disease,6,1,True,False,
MCR_v2_seq100/159,MCR,bounded_inheritance,True,True,False,grade 3 endometrioid adenocarcinoma,Endometrioid adenocarcinoma,high,subtype,6,1,True,False,
MCR_v2_seq100/161,MCR,exact_control,True,False,False,Squamous Cell Carcinoma,Merkel Cell Carcinoma,high,disease,5,0,True,False,
MCR_v2_seq100/161,MCR,generic_non_equivalence,True,False,False,Squamous Cell Carcinoma,Malignant melanoma,medium,disease,5,1,True,False,
MCR_v2_seq100/161,MCR,directional_relation,True,False,False,Merkel Cell Carcinoma,Squamous Cell Carcinoma,medium,disease,5,1,True,False,
MCR_v2_seq100/161,MCR,bounded_inheritance,True,False,False,Merkel Cell Carcinoma,Squamous Cell Carcinoma,medium,disease,5,1,True,False,
MCR_v2_seq100/162,MCR,exact_control,True,False,False,Paravaccinia virus infection,Paravaccinia,high,disease,5,0,True,False,
MCR_v2_seq100/162,MCR,generic_non_equivalence,True,False,False,Paravaccinia virus infection,Paravaccinia,high,disease,5,1,True,False,
MCR_v2_seq100/162,MCR,directional_relation,True,False,False,Paravaccinia virus infection,Orf virus infection,high,disease,5,1,True,False,
MCR_v2_seq100/162,MCR,bounded_inheritance,True,False,False,Paravaccinia virus infection,Paravaccinia,high,disease,5,1,True,False,
MCR_v2_seq100/168,MCR,exact_control,True,False,False,Acute Disseminated Encephalomyelitis (ADEM),Acute Disseminated Encephalomyelitis,medium,disease,6,0,True,False,
MCR_v2_seq100/168,MCR,generic_non_equivalence,True,False,False,Acute Disseminated Encephalomyelitis (ADEM),Neuromyelitis Optica Spectrum Disorder (NMOSD),medium,disease,6,2,True,False,
MCR_v2_seq100/168,MCR,directional_relation,True,False,False,Acute Disseminated Encephalomyelitis (ADEM),Neuromyelitis Optica Spectrum Disorder (NMOSD),high,disease,6,2,True,False,
MCR_v2_seq100/168,MCR,bounded_inheritance,True,False,False,Acute Disseminated Encephalomyelitis (ADEM),Neuromyelitis Optica Spectrum Disorder,medium,disease,6,2,True,False,
MCR_v2_seq100/169,MCR,exact_control,True,True,True,Rheumatoid Arthritis,Seronegative Rheumatoid Arthritis,high,disease,5,0,True,False,
MCR_v2_seq100/169,MCR,generic_non_equivalence,True,True,True,Rheumatoid Arthritis,Undifferentiated Connective Tissue Disease,high,disease,5,1,True,False,
MCR_v2_seq100/169,MCR,directional_relation,True,True,True,Rheumatoid Arthritis,Undifferentiated Connective Tissue Disease,high,disease,5,1,True,False,
MCR_v2_seq100/169,MCR,bounded_inheritance,True,True,True,Rheumatoid Arthritis,Seronegative Rheumatoid Arthritis,high,disease,5,1,True,False,
MCR_v2_seq100/170,MCR,exact_control,True,False,False,Non-Hodgkin lymphoma,Lymphoma,medium,disease,6,0,True,False,
MCR_v2_seq100/170,MCR,generic_non_equivalence,True,False,False,Non-Hodgkin lymphoma,Lymphoma,high,disease,6,5,True,False,
MCR_v2_seq100/170,MCR,directional_relation,True,False,False,Hodgkin lymphoma,Non-Hodgkin lymphoma,medium,disease,6,5,True,False,
MCR_v2_seq100/170,MCR,bounded_inheritance,True,False,False,Hodgkin lymphoma,Non-Hodgkin lymphoma,medium,disease,6,5,True,False,
MCR_v2_seq100/171,MCR,exact_control,True,False,False,Acute myeloid leukemia,Hemophagocytic lymphohistiocytosis,medium,disease,5,0,True,False,
MCR_v2_seq100/171,MCR,generic_non_equivalence,True,False,False,Acute myeloid leukemia,Acute myeloid leukemia with maturation,high,disease,5,2,True,False,
MCR_v2_seq100/171,MCR,directional_relation,True,False,False,Acute myeloid leukemia,Hemophagocytic lymphohistiocytosis,medium,disease,5,2,True,False,
MCR_v2_seq100/171,MCR,bounded_inheritance,True,False,False,Acute myeloid leukemia,Acute myeloid leukemia with maturation,high,disease,5,2,True,False,
MCR_v2_seq100/173,MCR,exact_control,True,True,True,Chronic Subdural Hematoma,Subdural Hematoma,high,disease,4,0,True,False,
MCR_v2_seq100/173,MCR,generic_non_equivalence,True,True,True,Chronic Subdural Hematoma,Subdural Hematoma,high,disease,4,2,True,False,
MCR_v2_seq100/173,MCR,directional_relation,True,True,True,Chronic Subdural Hematoma,Subdural Hematoma,high,disease,4,3,True,False,
MCR_v2_seq100/173,MCR,bounded_inheritance,True,True,True,Chronic Subdural Hematoma,Subdural Hematoma,high,disease,4,3,True,False,
MCR_v2_seq100/179,MCR,exact_control,True,False,False,Immune thrombocytopenia,Thrombocytopenia,medium,disease,4,0,True,False,
MCR_v2_seq100/179,MCR,generic_non_equivalence,True,False,False,Pulmonary Atresia with Ventricular Septal Defect,Tetralogy of Fallot with pulmonary atresia,high,disease,4,2,True,False,
MCR_v2_seq100/179,MCR,directional_relation,True,False,False,Immune thrombocytopenia,Thrombocytopenia,high,disease,4,2,True,False,
MCR_v2_seq100/179,MCR,bounded_inheritance,True,False,False,Thrombocytopenia,Immune thrombocytopenia,high,disease,4,2,True,False,
MCR_v2_seq100/184,MCR,exact_control,True,False,False,duvelisib-induced psoriasiform drug reaction,psoriasiform drug reaction,high,disease,4,0,True,False,
MCR_v2_seq100/184,MCR,generic_non_equivalence,True,False,False,duvelisib-induced psoriasiform drug reaction,duvelisib-induced psoriasiform eruption,high,disease,4,2,True,False,
MCR_v2_seq100/184,MCR,directional_relation,True,False,False,duvelisib-induced psoriasiform drug reaction,duvelisib-induced psoriasiform eruption,low,disease,4,1,True,False,
MCR_v2_seq100/184,MCR,bounded_inheritance,True,False,False,duvelisib-induced psoriasiform drug reaction,psoriasiform drug reaction,high,disease,4,1,True,False,
MCR_v2_seq100/186,MCR,exact_control,True,False,False,Spondylodiscitis,Osteomyelitis,medium,disease,6,0,True,False,
MCR_v2_seq100/186,MCR,generic_non_equivalence,True,False,False,Spondylodiscitis,Discitis,high,disease,6,2,True,False,
MCR_v2_seq100/186,MCR,directional_relation,True,False,False,Spondylodiscitis,Discitis,medium,disease,6,2,True,False,
MCR_v2_seq100/186,MCR,bounded_inheritance,True,False,False,Spondylodiscitis,Discitis,high,disease,6,2,True,False,
MCR_v2_seq100/188,MCR,exact_control,True,False,False,Gastric lipoma,Lipoma,medium,disease,5,0,True,False,
MCR_v2_seq100/188,MCR,generic_non_equivalence,True,False,False,Gastric lipoma,Lipoma,high,disease,5,1,True,False,
MCR_v2_seq100/188,MCR,directional_relation,True,False,False,Gastrointestinal stromal tumor (GIST),Leiomyoma,high,disease,5,1,True,False,
MCR_v2_seq100/188,MCR,bounded_inheritance,True,False,False,Gastrointestinal stromal tumor (GIST),Leiomyoma,high,disease,5,1,True,False,
MCR_v2_seq100/190,MCR,exact_control,True,False,False,Primary adenocarcinoma of the bladder,Urinary Bladder Adenocarcinoma,medium,disease,6,0,True,False,
MCR_v2_seq100/190,MCR,generic_non_equivalence,True,False,False,Primary adenocarcinoma of the bladder,Urinary Bladder Adenocarcinoma,high,disease,6,1,True,False,
MCR_v2_seq100/190,MCR,directional_relation,True,False,False,Primary adenocarcinoma of the bladder,Secondary adenocarcinoma of the bladder,medium,disease,6,1,True,False,
MCR_v2_seq100/190,MCR,bounded_inheritance,True,False,False,Primary adenocarcinoma of the bladder,Secondary adenocarcinoma of the bladder,medium,disease,6,1,True,False,
MCR_v2_seq100/192,MCR,exact_control,True,False,False,Ischemic Stroke,Stroke,high,disease,6,0,True,False,
MCR_v2_seq100/192,MCR,generic_non_equivalence,True,False,False,Ischemic Stroke,Stroke,high,disease,6,1,True,False,
MCR_v2_seq100/192,MCR,directional_relation,True,False,False,Ischemic Stroke,Stroke,high,disease,6,1,True,False,
MCR_v2_seq100/192,MCR,bounded_inheritance,True,False,False,Ischemic Stroke,Stroke,high,disease,6,1,True,False,
MCR_v2_seq100/197,MCR,exact_control,True,True,True,Pseudoseptic Arthritis,Aseptic Viscosupplementation-Related Reaction,high,disease,6,0,True,False,
MCR_v2_seq100/197,MCR,generic_non_equivalence,True,True,True,Pseudoseptic Arthritis,Aseptic Viscosupplementation-Related Reaction,high,disease,6,2,True,False,
MCR_v2_seq100/197,MCR,directional_relation,True,True,True,Pseudoseptic Arthritis,viscosupplementation-related inflammatory reaction,high,disease,6,2,True,False,
MCR_v2_seq100/197,MCR,bounded_inheritance,True,True,True,Pseudoseptic Arthritis,viscosupplementation-related inflammatory reaction,medium,disease,6,2,True,False,
MCR_v2_seq100/201,MCR,exact_control,True,False,False,Neuromyelitis Optica Spectrum Disorder (NMOSD),Neuromyelitis Optica Spectrum Disorder,high,disease,3,0,True,False,
MCR_v2_seq100/201,MCR,generic_non_equivalence,True,False,False,Neuromyelitis Optica Spectrum Disorder (NMOSD),Neuromyelitis Optica Spectrum Disorder,high,disease,3,1,True,False,
MCR_v2_seq100/201,MCR,directional_relation,True,False,False,Neuromyelitis Optica Spectrum Disorder (NMOSD),,high,disease,3,1,True,False,
MCR_v2_seq100/201,MCR,bounded_inheritance,True,False,False,Neuromyelitis Optica Spectrum Disorder (NMOSD),Neuromyelitis Optica Spectrum Disorder,high,disease,3,1,True,False,
MCR_v2_seq100/204,MCR,exact_control,True,False,False,Ovarian cyst infection,Tubo-ovarian abscess,medium,disease,4,0,True,False,
MCR_v2_seq100/204,MCR,generic_non_equivalence,True,False,False,Ovarian cyst infection,Tubo-ovarian abscess,medium,disease,4,2,True,False,
MCR_v2_seq100/204,MCR,directional_relation,True,False,False,Tubo-ovarian abscess,Ovarian cyst infection,high,disease,4,1,True,False,
MCR_v2_seq100/204,MCR,bounded_inheritance,True,False,False,Ovarian cyst infection,Tubo-ovarian abscess,medium,disease,4,1,True,False,
MCR_v2_seq100/205,MCR,exact_control,True,True,True,Cysticercosis,Neurofibromatosis type 1,high,disease,6,0,True,False,
MCR_v2_seq100/205,MCR,generic_non_equivalence,True,True,False,Neurofibromatosis type 1,Cysticercosis,high,disease,6,3,True,False,
MCR_v2_seq100/205,MCR,directional_relation,True,True,True,Cysticercosis,Neurofibromatosis type 1,medium,disease,6,4,True,False,
MCR_v2_seq100/205,MCR,bounded_inheritance,True,True,True,Cysticercosis,Neurofibromatosis type 1,high,disease,6,4,True,False,
MCR_v2_seq100/209,MCR,exact_control,True,False,False,Chondrosarcoma,Osteosarcoma,medium,disease,5,0,True,False,
MCR_v2_seq100/209,MCR,generic_non_equivalence,True,False,False,Plasmacytoma,Chondrosarcoma,medium,disease,5,1,True,False,
MCR_v2_seq100/209,MCR,directional_relation,True,False,False,Osteosarcoma,Chondrosarcoma,low,disease,5,1,True,False,
MCR_v2_seq100/209,MCR,bounded_inheritance,True,False,False,Chondrosarcoma,Osteosarcoma,medium,disease,5,1,True,False,
MCR_v2_seq100/211,MCR,exact_control,True,False,False,Ewing's Sarcoma,Undifferentiated Uterine Sarcoma,high,disease,6,0,True,False,
MCR_v2_seq100/211,MCR,generic_non_equivalence,True,False,False,Ewing's Sarcoma,Undifferentiated Uterine Sarcoma,high,disease,6,1,True,False,
MCR_v2_seq100/211,MCR,directional_relation,True,False,False,Ewing's Sarcoma,Undifferentiated Uterine Sarcoma,high,disease,6,1,True,False,
MCR_v2_seq100/211,MCR,bounded_inheritance,True,False,False,Ewing's Sarcoma,Undifferentiated Uterine Sarcoma,high,disease,6,1,True,False,
MCR_v2_seq100/213,MCR,exact_control,True,False,False,Drug rash,Acneiform eruption,medium,disease,6,0,True,False,
MCR_v2_seq100/213,MCR,generic_non_equivalence,True,False,False,Drug rash,,high,disease,6,1,True,False,
MCR_v2_seq100/213,MCR,directional_relation,True,False,False,Drug rash,Acneiform eruption,medium,disease,6,1,True,False,
MCR_v2_seq100/213,MCR,bounded_inheritance,True,False,False,Drug rash,Acneiform eruption,high,disease,6,1,True,False,
MCR_v2_seq100/221,MCR,exact_control,True,False,False,Ewing's Sarcoma,Non-Hodgkin lymphoma,medium,disease,6,0,True,False,
MCR_v2_seq100/221,MCR,generic_non_equivalence,True,False,False,Ewing's Sarcoma,Lymphoma,high,disease,6,3,True,False,
MCR_v2_seq100/221,MCR,directional_relation,True,False,False,Non-Hodgkin lymphoma,Hodgkin lymphoma,medium,disease,6,3,True,False,
MCR_v2_seq100/221,MCR,bounded_inheritance,True,False,False,Hodgkin lymphoma,Non-Hodgkin lymphoma,high,disease,6,3,True,False,
MCR_v2_seq100/222,MCR,exact_control,True,False,False,Invasive Breast Cancer,Invasive Breast Carcinoma,low,disease,6,0,True,False,
MCR_v2_seq100/222,MCR,generic_non_equivalence,True,False,False,Invasive Breast Cancer,Invasive Breast Carcinoma,low,disease,6,6,True,False,
MCR_v2_seq100/222,MCR,directional_relation,True,False,False,Invasive Breast Cancer,Invasive Breast Carcinoma,low,disease,6,6,True,False,
MCR_v2_seq100/222,MCR,bounded_inheritance,True,False,False,Invasive Breast Cancer,Invasive Breast Carcinoma,high,disease,6,6,True,False,
MCR_v2_seq100/226,MCR,exact_control,True,False,False,Tracheal carcinoid tumor,Carcinoid tumor,medium,disease,4,0,True,False,
MCR_v2_seq100/226,MCR,generic_non_equivalence,True,False,False,Tracheal carcinoid tumor,Carcinoid tumor,high,disease,4,2,True,False,
MCR_v2_seq100/226,MCR,directional_relation,True,False,False,Tracheal carcinoid tumor,Carcinoid tumor,high,disease,4,2,True,False,
MCR_v2_seq100/226,MCR,bounded_inheritance,True,False,False,Tracheal carcinoid tumor,Carcinoid tumor,high,disease,4,2,True,False,
MCR_v2_seq100/236,MCR,exact_control,True,True,False,Idiopathic eosinophilic mastitis,Eosinophilic mastitis,medium,disease,5,0,True,False,
MCR_v2_seq100/236,MCR,generic_non_equivalence,True,True,False,Idiopathic eosinophilic mastitis,Eosinophilic mastitis,high,disease,5,2,True,False,
MCR_v2_seq100/236,MCR,directional_relation,True,True,False,Idiopathic eosinophilic mastitis,Eosinophilic mastitis,low,disease,5,2,True,False,
MCR_v2_seq100/236,MCR,bounded_inheritance,True,True,False,Idiopathic eosinophilic mastitis,Eosinophilic mastitis,low,disease,5,2,True,False,
MCR_v2_seq100/237,MCR,exact_control,True,False,False,Osteoma,Maxillary Exostosis,medium,disease,5,0,True,False,
MCR_v2_seq100/237,MCR,generic_non_equivalence,True,False,False,Maxillary Exostosis,Odontoma,high,disease,5,2,True,False,
MCR_v2_seq100/237,MCR,directional_relation,True,False,False,Compound Odontoma,Odontoma,medium,disease,5,2,True,False,
MCR_v2_seq100/237,MCR,bounded_inheritance,True,False,False,Odontoma,Maxillary Exostosis,medium,disease,5,2,True,False,
MCR_v2_seq100/243,MCR,exact_control,True,False,False,Mixed germ cell tumor,Embryonal carcinoma,high,disease,5,0,True,False,
MCR_v2_seq100/243,MCR,generic_non_equivalence,True,False,False,Testicular cancer,Mixed germ cell tumor,medium,disease,5,1,True,False,
MCR_v2_seq100/243,MCR,directional_relation,True,False,False,Testicular cancer,Mixed germ cell tumor,medium,disease,5,1,True,False,
MCR_v2_seq100/243,MCR,bounded_inheritance,True,False,False,Mixed germ cell tumor,Embryonal carcinoma,high,disease,5,1,True,False,
MCR_v2_seq100/246,MCR,exact_control,True,False,False,Medulloblastoma,Pilocytic Astrocytoma,high,disease,5,0,True,False,
MCR_v2_seq100/246,MCR,generic_non_equivalence,True,False,False,Medulloblastoma,Pilocytic Astrocytoma,high,disease,5,1,True,False,
MCR_v2_seq100/246,MCR,directional_relation,True,False,False,Medulloblastoma,Pilocytic Astrocytoma,medium,disease,5,1,True,False,
MCR_v2_seq100/246,MCR,bounded_inheritance,True,False,False,Medulloblastoma,Pilocytic Astrocytoma,high,disease,5,1,True,False,
MCR_v2_seq100/247,MCR,exact_control,True,False,False,Brain metastasis,Leptomeningeal metastasis,high,complication,5,0,True,False,
MCR_v2_seq100/247,MCR,generic_non_equivalence,True,False,False,Brain metastasis,Leptomeningeal metastasis,high,disease,5,1,True,False,
MCR_v2_seq100/247,MCR,directional_relation,True,False,False,Brain metastasis,Leptomeningeal metastasis,high,complication,5,1,True,False,
MCR_v2_seq100/247,MCR,bounded_inheritance,True,False,False,Brain metastasis,Leptomeningeal metastasis,high,complication,5,1,True,False,
