case_key,slice_id,family,source_id,arm,success,gold_exposure_hit,gold_top1,candidate_n,champion_label,runner_up_label,margin,pool_sha256,cache_hit,error
DA_d2_heldout100/254,DA_d2_heldout100,DA,254,evidence_count_control,True,False,False,10,Parapharyngeal abscess,Lemierre's syndrome,low,81e58ac5c619443f171e95bc06c319cf314140548723f266f02ac3aa9bc45c68,False,
DA_d2_heldout100/254,DA_d2_heldout100,DA,254,e7_contrast,True,False,False,10,Levator scapulae muscle abscess,Pyomyositis,medium,81e58ac5c619443f171e95bc06c319cf314140548723f266f02ac3aa9bc45c68,True,
DA_d2_heldout100/254,DA_d2_heldout100,DA,254,forest_evidence_integrator,True,False,False,10,Levator scapulae muscle abscess,Pyomyositis,high,81e58ac5c619443f171e95bc06c319cf314140548723f266f02ac3aa9bc45c68,False,
DA_d2_heldout100/254,DA_d2_heldout100,DA,254,collapse_obligation_ledger,True,False,False,10,Pyomyositis,Paraspinal abscess,high,81e58ac5c619443f171e95bc06c319cf314140548723f266f02ac3aa9bc45c68,False,
DA_d2_heldout100/254,DA_d2_heldout100,DA,254,pairwise_tournament,True,False,False,10,Levator scapulae muscle abscess,Pyomyositis,high,81e58ac5c619443f171e95bc06c319cf314140548723f266f02ac3aa9bc45c68,False,
DA_d2_heldout100/255,DA_d2_heldout100,DA,255,evidence_count_control,True,False,False,9,Pemphigus,Lupus erythematosus,low,3e21bf6400237166584cb863485176017a2e9195f88ddd26127c1c8facd9d411,False,
DA_d2_heldout100/255,DA_d2_heldout100,DA,255,e7_contrast,True,False,False,9,Pemphigus foliaceus,Pemphigus,high,3e21bf6400237166584cb863485176017a2e9195f88ddd26127c1c8facd9d411,True,
DA_d2_heldout100/255,DA_d2_heldout100,DA,255,forest_evidence_integrator,True,False,False,9,Pemphigus foliaceus,Pemphigus,high,3e21bf6400237166584cb863485176017a2e9195f88ddd26127c1c8facd9d411,False,
DA_d2_heldout100/255,DA_d2_heldout100,DA,255,collapse_obligation_ledger,True,False,False,9,Pemphigus foliaceus,Pemphigus,high,3e21bf6400237166584cb863485176017a2e9195f88ddd26127c1c8facd9d411,False,
DA_d2_heldout100/255,DA_d2_heldout100,DA,255,pairwise_tournament,True,False,False,9,Pemphigus foliaceus,Pemphigus,high,3e21bf6400237166584cb863485176017a2e9195f88ddd26127c1c8facd9d411,False,
DA_d2_heldout100/257,DA_d2_heldout100,DA,257,evidence_count_control,True,False,False,10,CARASIL syndrome,Cerebral Autosomal Dominant Arteriopathy with Subcortical Infarcts and Leukoencephalopathy (CADASIL),low,a01413ed63b7df88fe6703e9e14b4663d216616b98183488ce8d5c2d81fe317b,False,
DA_d2_heldout100/257,DA_d2_heldout100,DA,257,e7_contrast,True,False,False,10,HTRA1-related hereditary cerebral small vessel disease,CARASIL syndrome,high,a01413ed63b7df88fe6703e9e14b4663d216616b98183488ce8d5c2d81fe317b,True,
DA_d2_heldout100/257,DA_d2_heldout100,DA,257,forest_evidence_integrator,True,False,False,10,HTRA1-related hereditary cerebral small vessel disease,CARASIL syndrome,high,a01413ed63b7df88fe6703e9e14b4663d216616b98183488ce8d5c2d81fe317b,False,
DA_d2_heldout100/257,DA_d2_heldout100,DA,257,collapse_obligation_ledger,True,False,False,10,HTRA1-related hereditary cerebral small vessel disease,CARASIL syndrome,high,a01413ed63b7df88fe6703e9e14b4663d216616b98183488ce8d5c2d81fe317b,False,
DA_d2_heldout100/257,DA_d2_heldout100,DA,257,pairwise_tournament,True,False,False,10,HTRA1-related hereditary cerebral small vessel disease,CARASIL syndrome,high,a01413ed63b7df88fe6703e9e14b4663d216616b98183488ce8d5c2d81fe317b,False,
DA_d2_heldout100/259,DA_d2_heldout100,DA,259,evidence_count_control,True,False,False,10,Chronic obstructive pulmonary disease (COPD) exacerbation,Chronic obstructive pulmonary disease exacerbation,low,13681bb6e97bf8793b91f4ec539fc5529deeb7ba85af682b8b938f25d7eba399,False,
DA_d2_heldout100/259,DA_d2_heldout100,DA,259,e7_contrast,True,False,False,10,Pulmonary embolism,Chronic obstructive pulmonary disease exacerbation,high,13681bb6e97bf8793b91f4ec539fc5529deeb7ba85af682b8b938f25d7eba399,True,
DA_d2_heldout100/259,DA_d2_heldout100,DA,259,forest_evidence_integrator,True,False,False,10,Pulmonary embolism,Chronic obstructive pulmonary disease (COPD) exacerbation,high,13681bb6e97bf8793b91f4ec539fc5529deeb7ba85af682b8b938f25d7eba399,False,
DA_d2_heldout100/259,DA_d2_heldout100,DA,259,collapse_obligation_ledger,True,False,False,10,Pulmonary embolism,Right ventricular hypertrophy,high,13681bb6e97bf8793b91f4ec539fc5529deeb7ba85af682b8b938f25d7eba399,False,
DA_d2_heldout100/259,DA_d2_heldout100,DA,259,pairwise_tournament,True,False,False,10,Pulmonary embolism,Hyperkalemia,high,13681bb6e97bf8793b91f4ec539fc5529deeb7ba85af682b8b938f25d7eba399,False,
DA_d2_heldout100/261,DA_d2_heldout100,DA,261,evidence_count_control,True,False,False,10,Malakoplakia,Calcinosis cutis,low,df497fa84bf0628b7f2a8d1ce6809736957e083e9b307986f1f767fdf2b6e560,False,
DA_d2_heldout100/261,DA_d2_heldout100,DA,261,e7_contrast,True,False,False,10,Malacoplakia,Calcinosis cutis,high,df497fa84bf0628b7f2a8d1ce6809736957e083e9b307986f1f767fdf2b6e560,True,
DA_d2_heldout100/261,DA_d2_heldout100,DA,261,forest_evidence_integrator,True,False,False,10,Malacoplakia,,high,df497fa84bf0628b7f2a8d1ce6809736957e083e9b307986f1f767fdf2b6e560,False,
DA_d2_heldout100/261,DA_d2_heldout100,DA,261,collapse_obligation_ledger,True,False,False,10,Malakoplakia,Malacoplakia,high,df497fa84bf0628b7f2a8d1ce6809736957e083e9b307986f1f767fdf2b6e560,False,
DA_d2_heldout100/261,DA_d2_heldout100,DA,261,pairwise_tournament,True,False,False,10,Malakoplakia,,high,df497fa84bf0628b7f2a8d1ce6809736957e083e9b307986f1f767fdf2b6e560,False,
DA_d2_heldout100/268,DA_d2_heldout100,DA,268,evidence_count_control,True,False,False,10,Thalamic hemorrhage,Stroke,low,a430e4430deb1f13eda16ab4d2c17f465561c037f4562ed09ba341253a92ca54,False,
DA_d2_heldout100/268,DA_d2_heldout100,DA,268,e7_contrast,True,False,False,10,Thalamic hemorrhage,Hypertensive Intracerebral Hemorrhage,high,a430e4430deb1f13eda16ab4d2c17f465561c037f4562ed09ba341253a92ca54,True,
DA_d2_heldout100/268,DA_d2_heldout100,DA,268,forest_evidence_integrator,True,False,False,10,Thalamic hemorrhage,Intracerebral hemorrhage,high,a430e4430deb1f13eda16ab4d2c17f465561c037f4562ed09ba341253a92ca54,False,
DA_d2_heldout100/268,DA_d2_heldout100,DA,268,collapse_obligation_ledger,True,False,False,10,Thalamic hemorrhage,Hypertensive Intracerebral Hemorrhage,high,a430e4430deb1f13eda16ab4d2c17f465561c037f4562ed09ba341253a92ca54,False,
DA_d2_heldout100/268,DA_d2_heldout100,DA,268,pairwise_tournament,True,False,False,10,Hypertensive Intracerebral Hemorrhage,Thalamic hemorrhage,high,a430e4430deb1f13eda16ab4d2c17f465561c037f4562ed09ba341253a92ca54,False,
DA_d2_heldout100/270,DA_d2_heldout100,DA,270,evidence_count_control,True,False,False,10,Infective endocarditis,Tachyarrhythmia,low,ba587eef11fb65ecd138199d7d539b9566f161604b05a216e353c403c690f6ad,False,
DA_d2_heldout100/270,DA_d2_heldout100,DA,270,e7_contrast,True,False,False,10,Pacemaker-mediated tachycardia,Tachyarrhythmia,high,ba587eef11fb65ecd138199d7d539b9566f161604b05a216e353c403c690f6ad,True,
DA_d2_heldout100/270,DA_d2_heldout100,DA,270,forest_evidence_integrator,True,False,False,10,Pacemaker-mediated tachycardia,Tachyarrhythmia,high,ba587eef11fb65ecd138199d7d539b9566f161604b05a216e353c403c690f6ad,False,
DA_d2_heldout100/270,DA_d2_heldout100,DA,270,collapse_obligation_ledger,True,False,False,10,Pacemaker-mediated tachycardia,Tachyarrhythmia,high,ba587eef11fb65ecd138199d7d539b9566f161604b05a216e353c403c690f6ad,False,
DA_d2_heldout100/270,DA_d2_heldout100,DA,270,pairwise_tournament,True,False,False,10,Pacemaker-mediated tachycardia,Tachyarrhythmia,high,ba587eef11fb65ecd138199d7d539b9566f161604b05a216e353c403c690f6ad,False,
DA_d2_heldout100/273,DA_d2_heldout100,DA,273,evidence_count_control,True,False,False,7,Allergic Contact Dermatitis,Atopic Dermatitis,low,04d84fc9db2f1c835e72df3d3faa1c3fefe97fea8f7bb740cc3c2d07e152c04f,False,
DA_d2_heldout100/273,DA_d2_heldout100,DA,273,e7_contrast,True,False,False,7,Allergic Contact Dermatitis,Atopic Dermatitis,high,04d84fc9db2f1c835e72df3d3faa1c3fefe97fea8f7bb740cc3c2d07e152c04f,True,
DA_d2_heldout100/273,DA_d2_heldout100,DA,273,forest_evidence_integrator,True,False,False,7,Atopic Dermatitis,Allergic Contact Dermatitis,high,04d84fc9db2f1c835e72df3d3faa1c3fefe97fea8f7bb740cc3c2d07e152c04f,False,
DA_d2_heldout100/273,DA_d2_heldout100,DA,273,collapse_obligation_ledger,True,False,False,7,Allergic Contact Dermatitis,Atopic Dermatitis,high,04d84fc9db2f1c835e72df3d3faa1c3fefe97fea8f7bb740cc3c2d07e152c04f,False,
DA_d2_heldout100/273,DA_d2_heldout100,DA,273,pairwise_tournament,True,False,False,7,Allergic Contact Dermatitis,Atopic Dermatitis,high,04d84fc9db2f1c835e72df3d3faa1c3fefe97fea8f7bb740cc3c2d07e152c04f,False,
DA_d2_heldout100/276,DA_d2_heldout100,DA,276,evidence_count_control,True,False,False,10,Inflammatory Breast Cancer,Cutaneous Metastasis,low,ecdc8ec53abc9d2c2c86c2f86d43c2bedb68a949bb58a684d980a1c769ce3671,False,
DA_d2_heldout100/276,DA_d2_heldout100,DA,276,e7_contrast,True,False,False,10,Carcinoma Erysipelatoides,Cutaneous Metastasis,high,ecdc8ec53abc9d2c2c86c2f86d43c2bedb68a949bb58a684d980a1c769ce3671,True,
DA_d2_heldout100/276,DA_d2_heldout100,DA,276,forest_evidence_integrator,True,False,False,10,Carcinomatous lymphangitis,Inflammatory Breast Cancer,high,ecdc8ec53abc9d2c2c86c2f86d43c2bedb68a949bb58a684d980a1c769ce3671,False,
DA_d2_heldout100/276,DA_d2_heldout100,DA,276,collapse_obligation_ledger,True,False,False,10,Breast cancer with cutaneous lymphatic invasion,Breast Cancer Recurrence,high,ecdc8ec53abc9d2c2c86c2f86d43c2bedb68a949bb58a684d980a1c769ce3671,False,
DA_d2_heldout100/276,DA_d2_heldout100,DA,276,pairwise_tournament,True,False,False,10,Carcinoma Erysipelatoides,Lymphangitic carcinoma,high,ecdc8ec53abc9d2c2c86c2f86d43c2bedb68a949bb58a684d980a1c769ce3671,False,
DA_d2_heldout100/281,DA_d2_heldout100,DA,281,evidence_count_control,True,False,False,9,Lentigo Maligna Melanoma,Melanoma,low,73dd721e938b5b4cd05ee580a5e0eb0d15c1c2bd2914074f6331ac2e6e4a564d,False,
DA_d2_heldout100/281,DA_d2_heldout100,DA,281,e7_contrast,True,False,False,9,Metastatic Melanoma,Melanoma,high,73dd721e938b5b4cd05ee580a5e0eb0d15c1c2bd2914074f6331ac2e6e4a564d,True,
DA_d2_heldout100/281,DA_d2_heldout100,DA,281,forest_evidence_integrator,True,False,False,9,Melanoma,Nodular Melanoma,medium,73dd721e938b5b4cd05ee580a5e0eb0d15c1c2bd2914074f6331ac2e6e4a564d,False,
DA_d2_heldout100/281,DA_d2_heldout100,DA,281,collapse_obligation_ledger,True,False,False,9,Melanoma,Nodular Melanoma,high,73dd721e938b5b4cd05ee580a5e0eb0d15c1c2bd2914074f6331ac2e6e4a564d,False,
DA_d2_heldout100/281,DA_d2_heldout100,DA,281,pairwise_tournament,True,False,False,9,Melanoma,Nodular Melanoma,high,73dd721e938b5b4cd05ee580a5e0eb0d15c1c2bd2914074f6331ac2e6e4a564d,False,
DA_d2_heldout100/283,DA_d2_heldout100,DA,283,evidence_count_control,True,False,False,9,Basal Cell Carcinoma,Anophthalmic Socket Syndrome,low,8cca362c8af1a6d14410920df5daf29a8a94c3deebd6dbffe38a7e70ae28b066,False,
DA_d2_heldout100/283,DA_d2_heldout100,DA,283,e7_contrast,True,False,False,9,Basal Cell Carcinoma,,high,8cca362c8af1a6d14410920df5daf29a8a94c3deebd6dbffe38a7e70ae28b066,True,
DA_d2_heldout100/283,DA_d2_heldout100,DA,283,forest_evidence_integrator,True,False,False,9,Basal Cell Carcinoma,,high,8cca362c8af1a6d14410920df5daf29a8a94c3deebd6dbffe38a7e70ae28b066,False,
DA_d2_heldout100/283,DA_d2_heldout100,DA,283,collapse_obligation_ledger,True,False,False,9,Basal Cell Carcinoma,Cicatricial Ectropion,high,8cca362c8af1a6d14410920df5daf29a8a94c3deebd6dbffe38a7e70ae28b066,False,
DA_d2_heldout100/283,DA_d2_heldout100,DA,283,pairwise_tournament,True,False,False,9,Basal Cell Carcinoma,Cicatricial Ectropion,high,8cca362c8af1a6d14410920df5daf29a8a94c3deebd6dbffe38a7e70ae28b066,False,
DA_d2_heldout100/284,DA_d2_heldout100,DA,284,evidence_count_control,True,False,False,10,Malignant pleural mesothelioma,Malignant Mesothelioma,low,35f9ef07341906a2aa0a49e521da05c7b6d0b641901896f348f43a8434cac023,False,
DA_d2_heldout100/284,DA_d2_heldout100,DA,284,e7_contrast,True,False,False,10,Metastatic Malignant Mesothelioma to the Tongue,Tongue Metastasis of Malignant Mesothelioma,high,35f9ef07341906a2aa0a49e521da05c7b6d0b641901896f348f43a8434cac023,True,
DA_d2_heldout100/284,DA_d2_heldout100,DA,284,forest_evidence_integrator,True,False,False,10,Pleural Mesothelioma with Distant Metastasis,Metastatic Malignant Mesothelioma to the Tongue,high,35f9ef07341906a2aa0a49e521da05c7b6d0b641901896f348f43a8434cac023,False,
DA_d2_heldout100/284,DA_d2_heldout100,DA,284,collapse_obligation_ledger,True,False,False,10,Metastatic Malignant Mesothelioma to the Tongue,Tongue Metastasis of Malignant Mesothelioma,high,35f9ef07341906a2aa0a49e521da05c7b6d0b641901896f348f43a8434cac023,False,
DA_d2_heldout100/284,DA_d2_heldout100,DA,284,pairwise_tournament,True,False,False,10,Metastatic Malignant Mesothelioma to the Tongue,Tongue Metastasis of Malignant Mesothelioma,high,35f9ef07341906a2aa0a49e521da05c7b6d0b641901896f348f43a8434cac023,False,
DA_d2_heldout100/289,DA_d2_heldout100,DA,289,evidence_count_control,True,False,False,8,Frontotemporal dementia and parkinsonism-17,Progressive supranuclear palsy,low,44a994c034ea1c624005182f32ec8795a033e9d229db36223d0d690ef11419fb,False,
DA_d2_heldout100/289,DA_d2_heldout100,DA,289,e7_contrast,True,False,False,8,TBK1-associated frontotemporal dementia,Amyotrophic lateral sclerosis,high,44a994c034ea1c624005182f32ec8795a033e9d229db36223d0d690ef11419fb,True,
DA_d2_heldout100/289,DA_d2_heldout100,DA,289,forest_evidence_integrator,True,False,False,8,TBK1-associated frontotemporal dementia,Amyotrophic lateral sclerosis,high,44a994c034ea1c624005182f32ec8795a033e9d229db36223d0d690ef11419fb,False,
DA_d2_heldout100/289,DA_d2_heldout100,DA,289,collapse_obligation_ledger,True,False,False,8,TBK1-associated frontotemporal dementia,Amyotrophic lateral sclerosis,medium,44a994c034ea1c624005182f32ec8795a033e9d229db36223d0d690ef11419fb,False,
DA_d2_heldout100/289,DA_d2_heldout100,DA,289,pairwise_tournament,True,False,False,8,TBK1-associated frontotemporal dementia,Amyotrophic lateral sclerosis,high,44a994c034ea1c624005182f32ec8795a033e9d229db36223d0d690ef11419fb,False,
DA_d2_heldout100/290,DA_d2_heldout100,DA,290,evidence_count_control,True,False,False,9,Acute Coronary Syndrome,Variant Angina,low,67d00e304396ee09a8ff0dbbbc602586699bd7ec153b231a10ba9ba22033b0ed,False,
DA_d2_heldout100/290,DA_d2_heldout100,DA,290,e7_contrast,True,False,False,9,Unstable Angina,Non-ST-Elevation Myocardial Infarction,medium,67d00e304396ee09a8ff0dbbbc602586699bd7ec153b231a10ba9ba22033b0ed,True,
DA_d2_heldout100/290,DA_d2_heldout100,DA,290,forest_evidence_integrator,True,False,False,9,Unstable Angina,Coronary Artery Disease,high,67d00e304396ee09a8ff0dbbbc602586699bd7ec153b231a10ba9ba22033b0ed,False,
DA_d2_heldout100/290,DA_d2_heldout100,DA,290,collapse_obligation_ledger,True,False,False,9,Unstable Angina,Acute Coronary Syndrome,high,67d00e304396ee09a8ff0dbbbc602586699bd7ec153b231a10ba9ba22033b0ed,False,
DA_d2_heldout100/290,DA_d2_heldout100,DA,290,pairwise_tournament,True,False,False,9,Unstable Angina,Acute Coronary Syndrome,high,67d00e304396ee09a8ff0dbbbc602586699bd7ec153b231a10ba9ba22033b0ed,False,
DA_d2_heldout100/312,DA_d2_heldout100,DA,312,evidence_count_control,True,False,False,9,Autonomic nervous system dysfunction,Corticobasal Degeneration,low,c1b127924d9186e2c491dbf6497d46778170564181c5afe37bb4dd87437d2020,False,
DA_d2_heldout100/312,DA_d2_heldout100,DA,312,e7_contrast,True,False,False,9,Fabry Disease,Multiple System Atrophy,high,c1b127924d9186e2c491dbf6497d46778170564181c5afe37bb4dd87437d2020,True,
DA_d2_heldout100/312,DA_d2_heldout100,DA,312,forest_evidence_integrator,True,False,False,9,Fabry Disease,Multiple System Atrophy,high,c1b127924d9186e2c491dbf6497d46778170564181c5afe37bb4dd87437d2020,False,
DA_d2_heldout100/312,DA_d2_heldout100,DA,312,collapse_obligation_ledger,True,False,False,9,Fabry Disease,Multiple System Atrophy,medium,c1b127924d9186e2c491dbf6497d46778170564181c5afe37bb4dd87437d2020,False,
DA_d2_heldout100/312,DA_d2_heldout100,DA,312,pairwise_tournament,True,False,False,9,Multiple System Atrophy,Adult Polyglucosan Body Disease,high,c1b127924d9186e2c491dbf6497d46778170564181c5afe37bb4dd87437d2020,False,
DA_d2_heldout100/314,DA_d2_heldout100,DA,314,evidence_count_control,True,False,False,10,Peeling skin syndrome,Peeling skin disease due to CDSN gene mutations,low,998cfc86aa4e0496bc408a582a2671ce5316a4474e440a042e0855c1d0f312b7,False,
DA_d2_heldout100/314,DA_d2_heldout100,DA,314,e7_contrast,True,False,False,10,CDSN-related peeling skin syndrome,Peeling skin syndrome,high,998cfc86aa4e0496bc408a582a2671ce5316a4474e440a042e0855c1d0f312b7,True,
DA_d2_heldout100/314,DA_d2_heldout100,DA,314,forest_evidence_integrator,True,False,False,10,Peeling skin disease due to CDSN gene mutations,Generalized peeling skin syndrome,high,998cfc86aa4e0496bc408a582a2671ce5316a4474e440a042e0855c1d0f312b7,False,
DA_d2_heldout100/314,DA_d2_heldout100,DA,314,collapse_obligation_ledger,True,False,False,10,CDSN-related peeling skin syndrome,,high,998cfc86aa4e0496bc408a582a2671ce5316a4474e440a042e0855c1d0f312b7,False,
DA_d2_heldout100/314,DA_d2_heldout100,DA,314,pairwise_tournament,True,False,False,10,Peeling skin disease due to CDSN gene mutations,CDSN-related peeling skin syndrome,low,998cfc86aa4e0496bc408a582a2671ce5316a4474e440a042e0855c1d0f312b7,False,
DA_d2_heldout100/317,DA_d2_heldout100,DA,317,evidence_count_control,True,False,False,7,Pyoderma gangrenosum,Sweet syndrome,low,6a826d5cc9d3a9e2808acdb44c3c338e8c8b3e50078f432b1d849bf7fc8675d5,False,
DA_d2_heldout100/317,DA_d2_heldout100,DA,317,e7_contrast,True,False,False,7,Sweet syndrome,Pyoderma gangrenosum,low,6a826d5cc9d3a9e2808acdb44c3c338e8c8b3e50078f432b1d849bf7fc8675d5,True,
DA_d2_heldout100/317,DA_d2_heldout100,DA,317,forest_evidence_integrator,True,False,False,7,Pyoderma gangrenosum,Sweet syndrome,high,6a826d5cc9d3a9e2808acdb44c3c338e8c8b3e50078f432b1d849bf7fc8675d5,False,
DA_d2_heldout100/317,DA_d2_heldout100,DA,317,collapse_obligation_ledger,True,False,False,7,Pyoderma gangrenosum,Sweet syndrome,medium,6a826d5cc9d3a9e2808acdb44c3c338e8c8b3e50078f432b1d849bf7fc8675d5,False,
DA_d2_heldout100/317,DA_d2_heldout100,DA,317,pairwise_tournament,True,False,False,7,Pyoderma gangrenosum,Sweet syndrome,medium,6a826d5cc9d3a9e2808acdb44c3c338e8c8b3e50078f432b1d849bf7fc8675d5,False,
DA_d2_heldout100/321,DA_d2_heldout100,DA,321,evidence_count_control,True,False,False,10,Hidradenoma papilliferum,Syringocystadenoma papilliferum,low,89b89bf8a06b93d7b4ebeaad4d02fd94a86d8d39bdd1d1d37e586c77acb9f33e,False,
DA_d2_heldout100/321,DA_d2_heldout100,DA,321,e7_contrast,True,False,False,10,Syringocystadenoma papilliferum,Syringocystadenocarcinoma papilliferum,medium,89b89bf8a06b93d7b4ebeaad4d02fd94a86d8d39bdd1d1d37e586c77acb9f33e,True,
DA_d2_heldout100/321,DA_d2_heldout100,DA,321,forest_evidence_integrator,True,False,False,10,Syringocystadenocarcinoma papilliferum,Syringocystadenoma papilliferum,medium,89b89bf8a06b93d7b4ebeaad4d02fd94a86d8d39bdd1d1d37e586c77acb9f33e,False,
DA_d2_heldout100/321,DA_d2_heldout100,DA,321,collapse_obligation_ledger,True,False,False,10,Syringocystadenocarcinoma papilliferum,Syringocystadenoma papilliferum,high,89b89bf8a06b93d7b4ebeaad4d02fd94a86d8d39bdd1d1d37e586c77acb9f33e,False,
DA_d2_heldout100/321,DA_d2_heldout100,DA,321,pairwise_tournament,True,False,False,10,Syringocystadenocarcinoma papilliferum,Syringocystadenoma papilliferum,high,89b89bf8a06b93d7b4ebeaad4d02fd94a86d8d39bdd1d1d37e586c77acb9f33e,False,
DA_d2_heldout100/328,DA_d2_heldout100,DA,328,evidence_count_control,True,False,False,10,Chronic Urticaria,Autoimmune Urticaria,low,cbb4c9776b50a76087d41a0650542f8e5268f56711386c47ea42bd12895321da,False,
DA_d2_heldout100/328,DA_d2_heldout100,DA,328,e7_contrast,True,False,False,10,Chronic Urticaria,Chronic autoimmune urticaria,medium,cbb4c9776b50a76087d41a0650542f8e5268f56711386c47ea42bd12895321da,True,
DA_d2_heldout100/328,DA_d2_heldout100,DA,328,forest_evidence_integrator,True,False,False,10,Chronic Urticaria,Chronic autoimmune urticaria,high,cbb4c9776b50a76087d41a0650542f8e5268f56711386c47ea42bd12895321da,False,
DA_d2_heldout100/328,DA_d2_heldout100,DA,328,collapse_obligation_ledger,True,False,False,10,Chronic Urticaria,Chronic autoimmune urticaria,medium,cbb4c9776b50a76087d41a0650542f8e5268f56711386c47ea42bd12895321da,False,
DA_d2_heldout100/328,DA_d2_heldout100,DA,328,pairwise_tournament,True,False,False,10,Chronic Urticaria,Chronic autoimmune urticaria,high,cbb4c9776b50a76087d41a0650542f8e5268f56711386c47ea42bd12895321da,False,
DA_d2_heldout100/329,DA_d2_heldout100,DA,329,evidence_count_control,True,False,False,10,Cardiac Lymphoma,Cardiac Amyloidosis,low,dbc39b208707a0b1b954f950b3014b3a476da9cc402e140b0986a459959ed125,False,
DA_d2_heldout100/329,DA_d2_heldout100,DA,329,e7_contrast,True,False,False,10,Cardiac Lymphoma,Atrial Involvement of Lymphoma,high,dbc39b208707a0b1b954f950b3014b3a476da9cc402e140b0986a459959ed125,True,
DA_d2_heldout100/329,DA_d2_heldout100,DA,329,forest_evidence_integrator,True,False,False,10,Cardiac Lymphoma,Cardiac Metastasis,high,dbc39b208707a0b1b954f950b3014b3a476da9cc402e140b0986a459959ed125,False,
DA_d2_heldout100/329,DA_d2_heldout100,DA,329,collapse_obligation_ledger,True,False,False,10,Cardiac Lymphoma,Atrial Involvement of Lymphoma,high,dbc39b208707a0b1b954f950b3014b3a476da9cc402e140b0986a459959ed125,False,
DA_d2_heldout100/329,DA_d2_heldout100,DA,329,pairwise_tournament,True,False,False,10,Cardiac Lymphoma,Atrial Involvement of Lymphoma,high,dbc39b208707a0b1b954f950b3014b3a476da9cc402e140b0986a459959ed125,False,
DA_d2_heldout100/330,DA_d2_heldout100,DA,330,evidence_count_control,True,False,False,10,Cardiac conduction disease,Sick sinus syndrome,low,2217d3d1b0805a0fc6e8b86c04b0b7c6c24c99d37be4771b0d3b2007254d4a5b,False,
DA_d2_heldout100/330,DA_d2_heldout100,DA,330,e7_contrast,True,False,False,10,Cardiac conduction disease,Bifascicular block,high,2217d3d1b0805a0fc6e8b86c04b0b7c6c24c99d37be4771b0d3b2007254d4a5b,True,
DA_d2_heldout100/330,DA_d2_heldout100,DA,330,forest_evidence_integrator,True,False,False,10,Cardiac conduction disease,Bifascicular block,high,2217d3d1b0805a0fc6e8b86c04b0b7c6c24c99d37be4771b0d3b2007254d4a5b,False,
DA_d2_heldout100/330,DA_d2_heldout100,DA,330,collapse_obligation_ledger,True,False,False,10,Cardiac conduction disease,Bifascicular block,high,2217d3d1b0805a0fc6e8b86c04b0b7c6c24c99d37be4771b0d3b2007254d4a5b,False,
DA_d2_heldout100/330,DA_d2_heldout100,DA,330,pairwise_tournament,True,False,False,10,Cardiac conduction disease,Bifascicular block,high,2217d3d1b0805a0fc6e8b86c04b0b7c6c24c99d37be4771b0d3b2007254d4a5b,False,
DA_d2_heldout100/334,DA_d2_heldout100,DA,334,evidence_count_control,True,True,False,10,Chromoblastomycosis,Leprosy,low,351f8ef33450f6598c5f742393dba9ad4fe4c3c1c6619be774e9e6d4cb0d365e,False,
DA_d2_heldout100/334,DA_d2_heldout100,DA,334,e7_contrast,True,True,True,10,Phaeohyphomycosis,Exophiala infection,high,351f8ef33450f6598c5f742393dba9ad4fe4c3c1c6619be774e9e6d4cb0d365e,True,
DA_d2_heldout100/334,DA_d2_heldout100,DA,334,forest_evidence_integrator,True,True,True,10,Phaeohyphomycosis,Exophiala infection,high,351f8ef33450f6598c5f742393dba9ad4fe4c3c1c6619be774e9e6d4cb0d365e,False,
DA_d2_heldout100/334,DA_d2_heldout100,DA,334,collapse_obligation_ledger,True,True,True,10,Phaeohyphomycosis,Exophiala infection,high,351f8ef33450f6598c5f742393dba9ad4fe4c3c1c6619be774e9e6d4cb0d365e,False,
DA_d2_heldout100/334,DA_d2_heldout100,DA,334,pairwise_tournament,True,True,False,10,Exophiala infection,Phaeohyphomycosis,high,351f8ef33450f6598c5f742393dba9ad4fe4c3c1c6619be774e9e6d4cb0d365e,False,
DA_d2_heldout100/349,DA_d2_heldout100,DA,349,evidence_count_control,True,True,False,10,Cryptococcosis,Sporotrichosis,low,04290f0aba22f03e2bb9df89e7819a7765082aa47adb7cb43a08625b609cd924,False,
DA_d2_heldout100/349,DA_d2_heldout100,DA,349,e7_contrast,True,True,False,10,Cryptococcosis,Blastomycosis,high,04290f0aba22f03e2bb9df89e7819a7765082aa47adb7cb43a08625b609cd924,True,
DA_d2_heldout100/349,DA_d2_heldout100,DA,349,forest_evidence_integrator,True,True,False,10,Cryptococcosis,Cutaneous histoplasmosis,high,04290f0aba22f03e2bb9df89e7819a7765082aa47adb7cb43a08625b609cd924,False,
DA_d2_heldout100/349,DA_d2_heldout100,DA,349,collapse_obligation_ledger,True,True,False,10,Cryptococcosis,Blastomycosis,high,04290f0aba22f03e2bb9df89e7819a7765082aa47adb7cb43a08625b609cd924,False,
DA_d2_heldout100/349,DA_d2_heldout100,DA,349,pairwise_tournament,True,True,False,10,Cryptococcosis,Blastomycosis,high,04290f0aba22f03e2bb9df89e7819a7765082aa47adb7cb43a08625b609cd924,False,
DA_d2_heldout100/350,DA_d2_heldout100,DA,350,evidence_count_control,True,False,False,10,Sick Sinus Syndrome,AV Block,low,93bd76b1096f62dd53f4aea3667f750cebe3e3b591ba2cb695836e4cfb5cdc72,False,
DA_d2_heldout100/350,DA_d2_heldout100,DA,350,e7_contrast,True,False,False,10,His-Purkinje Disease,Mobitz Type II Second-Degree Atrioventricular Block,high,93bd76b1096f62dd53f4aea3667f750cebe3e3b591ba2cb695836e4cfb5cdc72,True,
DA_d2_heldout100/350,DA_d2_heldout100,DA,350,forest_evidence_integrator,True,False,False,10,Mobitz Type II Second-Degree Atrioventricular Block,His-Purkinje Disease,high,93bd76b1096f62dd53f4aea3667f750cebe3e3b591ba2cb695836e4cfb5cdc72,False,
DA_d2_heldout100/350,DA_d2_heldout100,DA,350,collapse_obligation_ledger,True,False,False,10,His-Purkinje Disease,Mobitz Type II Second-Degree Atrioventricular Block,high,93bd76b1096f62dd53f4aea3667f750cebe3e3b591ba2cb695836e4cfb5cdc72,False,
DA_d2_heldout100/350,DA_d2_heldout100,DA,350,pairwise_tournament,True,False,False,10,His-Purkinje Disease,AV Block,high,93bd76b1096f62dd53f4aea3667f750cebe3e3b591ba2cb695836e4cfb5cdc72,False,
DA_d2_heldout100/352,DA_d2_heldout100,DA,352,evidence_count_control,True,False,False,10,Pseudotumor Cerebri,Multiple Sclerosis,low,e018b1967e75d532cb504d433498b7c4b3f7e598261e84e740fe964c982865d4,False,
DA_d2_heldout100/352,DA_d2_heldout100,DA,352,e7_contrast,True,False,False,10,Posterior Fossa Arachnoid Cyst,Dandy-Walker Syndrome,high,e018b1967e75d532cb504d433498b7c4b3f7e598261e84e740fe964c982865d4,True,
DA_d2_heldout100/352,DA_d2_heldout100,DA,352,forest_evidence_integrator,True,False,False,10,Posterior Fossa Arachnoid Cyst,Arachnoid Cyst,high,e018b1967e75d532cb504d433498b7c4b3f7e598261e84e740fe964c982865d4,False,
DA_d2_heldout100/352,DA_d2_heldout100,DA,352,collapse_obligation_ledger,True,False,False,10,Posterior Fossa Arachnoid Cyst,Arachnoid Cyst,high,e018b1967e75d532cb504d433498b7c4b3f7e598261e84e740fe964c982865d4,False,
DA_d2_heldout100/352,DA_d2_heldout100,DA,352,pairwise_tournament,True,False,False,10,Posterior Fossa Arachnoid Cyst,Arachnoid Cyst,high,e018b1967e75d532cb504d433498b7c4b3f7e598261e84e740fe964c982865d4,False,
DA_d2_heldout100/353,DA_d2_heldout100,DA,353,evidence_count_control,True,False,False,9,Epidermolysis Bullosa Nevus,Atypical Nevus,low,e703fa984bb52d6cb616a9e59cc13bbc7f44f148b8fa211c617c2f7073279f7f,False,
DA_d2_heldout100/353,DA_d2_heldout100,DA,353,e7_contrast,True,False,False,9,Epidermolysis Bullosa Nevus,Atypical Compound Nevus,high,e703fa984bb52d6cb616a9e59cc13bbc7f44f148b8fa211c617c2f7073279f7f,True,
DA_d2_heldout100/353,DA_d2_heldout100,DA,353,forest_evidence_integrator,True,False,False,9,Epidermolysis Bullosa Nevus,Atypical Compound Nevus,high,e703fa984bb52d6cb616a9e59cc13bbc7f44f148b8fa211c617c2f7073279f7f,False,
DA_d2_heldout100/353,DA_d2_heldout100,DA,353,collapse_obligation_ledger,True,False,False,9,Epidermolysis Bullosa Nevus,Atypical Compound Nevus,high,e703fa984bb52d6cb616a9e59cc13bbc7f44f148b8fa211c617c2f7073279f7f,False,
DA_d2_heldout100/353,DA_d2_heldout100,DA,353,pairwise_tournament,True,False,False,9,Epidermolysis Bullosa Nevus,Atypical Compound Nevus,high,e703fa984bb52d6cb616a9e59cc13bbc7f44f148b8fa211c617c2f7073279f7f,False,
DA_d2_heldout100/354,DA_d2_heldout100,DA,354,evidence_count_control,True,False,False,9,Toxic Epidermal Necrolysis,Vasculitis,low,a33cfb5bfe643b2794de976277ae77b705a691d0b32554d554995600f5c2ee43,False,
DA_d2_heldout100/354,DA_d2_heldout100,DA,354,e7_contrast,True,False,False,9,Toxic Epidermal Necrolysis,Stevens-Johnson syndrome,high,a33cfb5bfe643b2794de976277ae77b705a691d0b32554d554995600f5c2ee43,True,
DA_d2_heldout100/354,DA_d2_heldout100,DA,354,forest_evidence_integrator,True,False,False,9,Varicella,Varicella Zoster Virus Infection,medium,a33cfb5bfe643b2794de976277ae77b705a691d0b32554d554995600f5c2ee43,False,
DA_d2_heldout100/354,DA_d2_heldout100,DA,354,collapse_obligation_ledger,True,False,False,9,Severe COVID-19,Toxic Epidermal Necrolysis,medium,a33cfb5bfe643b2794de976277ae77b705a691d0b32554d554995600f5c2ee43,False,
DA_d2_heldout100/354,DA_d2_heldout100,DA,354,pairwise_tournament,True,False,False,9,Vasculitis,Toxic Epidermal Necrolysis,medium,a33cfb5bfe643b2794de976277ae77b705a691d0b32554d554995600f5c2ee43,False,
DA_d2_heldout100/355,DA_d2_heldout100,DA,355,evidence_count_control,True,False,False,9,Atrial Fibrillation,Cardiac Amyloidosis,low,18b7127548afdcc2baadebfa11ed6af3be49c87afdbac166524aab62d163e8e2,False,
DA_d2_heldout100/355,DA_d2_heldout100,DA,355,e7_contrast,True,False,False,9,Constrictive Pericarditis,Restrictive Cardiomyopathy,medium,18b7127548afdcc2baadebfa11ed6af3be49c87afdbac166524aab62d163e8e2,True,
DA_d2_heldout100/355,DA_d2_heldout100,DA,355,forest_evidence_integrator,True,False,False,9,Constrictive Pericarditis,Restrictive Cardiomyopathy,high,18b7127548afdcc2baadebfa11ed6af3be49c87afdbac166524aab62d163e8e2,False,
DA_d2_heldout100/355,DA_d2_heldout100,DA,355,collapse_obligation_ledger,True,False,False,9,Constrictive Pericarditis,Restrictive Cardiomyopathy,medium,18b7127548afdcc2baadebfa11ed6af3be49c87afdbac166524aab62d163e8e2,False,
DA_d2_heldout100/355,DA_d2_heldout100,DA,355,pairwise_tournament,True,False,False,9,Constrictive Pericarditis,Restrictive Cardiomyopathy,high,18b7127548afdcc2baadebfa11ed6af3be49c87afdbac166524aab62d163e8e2,False,
DA_d2_heldout100/361,DA_d2_heldout100,DA,361,evidence_count_control,True,False,False,7,Supraventricular Tachycardia,Atrioventricular Nodal Reentrant Tachycardia,low,139e91de90058068f646d47a67fc427e23b4f6e4563a921f069da7a0a5b61e22,False,
DA_d2_heldout100/361,DA_d2_heldout100,DA,361,e7_contrast,True,False,False,7,Ventricular Tachycardia,Supraventricular Tachycardia with Aberrancy,high,139e91de90058068f646d47a67fc427e23b4f6e4563a921f069da7a0a5b61e22,True,
DA_d2_heldout100/361,DA_d2_heldout100,DA,361,forest_evidence_integrator,True,False,False,7,Ventricular Tachycardia,Supraventricular Tachycardia with Aberrancy,medium,139e91de90058068f646d47a67fc427e23b4f6e4563a921f069da7a0a5b61e22,False,
DA_d2_heldout100/361,DA_d2_heldout100,DA,361,collapse_obligation_ledger,True,False,False,7,Supraventricular Tachycardia with Aberrancy,Supraventricular Tachycardia,high,139e91de90058068f646d47a67fc427e23b4f6e4563a921f069da7a0a5b61e22,False,
DA_d2_heldout100/361,DA_d2_heldout100,DA,361,pairwise_tournament,True,False,False,7,Catecholaminergic Polymorphic Ventricular Tachycardia,Ventricular Tachycardia,high,139e91de90058068f646d47a67fc427e23b4f6e4563a921f069da7a0a5b61e22,False,
DA_d2_heldout100/364,DA_d2_heldout100,DA,364,evidence_count_control,True,False,False,10,Acne Vulgaris,Folliculitis,low,773edbd3354ae79218bd33017182d75bf0d0e00e642ea1b9e002ad5058aff2cd,False,
DA_d2_heldout100/364,DA_d2_heldout100,DA,364,e7_contrast,True,False,False,10,Eosinophilic pustular folliculitis,Rosacea,high,773edbd3354ae79218bd33017182d75bf0d0e00e642ea1b9e002ad5058aff2cd,True,
DA_d2_heldout100/364,DA_d2_heldout100,DA,364,forest_evidence_integrator,True,False,False,10,Rosacea,Eosinophilic pustular folliculitis,medium,773edbd3354ae79218bd33017182d75bf0d0e00e642ea1b9e002ad5058aff2cd,False,
DA_d2_heldout100/364,DA_d2_heldout100,DA,364,collapse_obligation_ledger,True,False,False,10,Eosinophilic pustular folliculitis,Rosacea,high,773edbd3354ae79218bd33017182d75bf0d0e00e642ea1b9e002ad5058aff2cd,False,
DA_d2_heldout100/364,DA_d2_heldout100,DA,364,pairwise_tournament,True,False,False,10,Eosinophilic pustular folliculitis,Folliculitis,high,773edbd3354ae79218bd33017182d75bf0d0e00e642ea1b9e002ad5058aff2cd,False,
DA_d2_heldout100/365,DA_d2_heldout100,DA,365,evidence_count_control,True,False,False,10,Panniculitis,Foreign body granuloma,low,c70dd36847ebd163db465e8bddc407791ff0083b6a6bdd5e3912dec950852dab,False,
DA_d2_heldout100/365,DA_d2_heldout100,DA,365,e7_contrast,True,False,False,10,Injectable drug-induced skin and soft tissue injury,Foreign body granuloma,high,c70dd36847ebd163db465e8bddc407791ff0083b6a6bdd5e3912dec950852dab,True,
DA_d2_heldout100/365,DA_d2_heldout100,DA,365,forest_evidence_integrator,True,False,False,10,Injectable drug-induced skin and soft tissue injury,Panniculitis,high,c70dd36847ebd163db465e8bddc407791ff0083b6a6bdd5e3912dec950852dab,False,
DA_d2_heldout100/365,DA_d2_heldout100,DA,365,collapse_obligation_ledger,True,False,False,10,Injectable drug-induced skin and soft tissue injury,Foreign body granuloma,high,c70dd36847ebd163db465e8bddc407791ff0083b6a6bdd5e3912dec950852dab,False,
DA_d2_heldout100/365,DA_d2_heldout100,DA,365,pairwise_tournament,True,False,False,10,Injectable drug-induced skin and soft tissue injury,Foreign body granuloma,high,c70dd36847ebd163db465e8bddc407791ff0083b6a6bdd5e3912dec950852dab,False,
DA_d2_heldout100/367,DA_d2_heldout100,DA,367,evidence_count_control,True,False,False,8,Neurofibroma,Medulloepithelioma,low,210801e9ce40583d98edb16d45a3e077d7887d6160bc6473395127f0d2fe31b6,False,
DA_d2_heldout100/367,DA_d2_heldout100,DA,367,e7_contrast,True,False,False,8,Neurofibroma,Schwannoma,medium,210801e9ce40583d98edb16d45a3e077d7887d6160bc6473395127f0d2fe31b6,True,
DA_d2_heldout100/367,DA_d2_heldout100,DA,367,forest_evidence_integrator,True,False,False,8,Glial choristoma,Neuroepithelial tumor,medium,210801e9ce40583d98edb16d45a3e077d7887d6160bc6473395127f0d2fe31b6,False,
DA_d2_heldout100/367,DA_d2_heldout100,DA,367,collapse_obligation_ledger,True,False,False,8,Glial choristoma,Neuroepithelial tumor,high,210801e9ce40583d98edb16d45a3e077d7887d6160bc6473395127f0d2fe31b6,False,
DA_d2_heldout100/367,DA_d2_heldout100,DA,367,pairwise_tournament,True,False,False,8,Neurofibroma,Schwannoma,high,210801e9ce40583d98edb16d45a3e077d7887d6160bc6473395127f0d2fe31b6,False,
DA_d2_heldout100/368,DA_d2_heldout100,DA,368,evidence_count_control,True,False,False,8,Mycosis Fungoides,Cutaneous T-cell lymphoma,low,49d7da514d69097b997a20a0a10c5fd66c6d37d6c06097a70b01700316d410a0,False,
DA_d2_heldout100/368,DA_d2_heldout100,DA,368,e7_contrast,True,False,False,8,Mycosis Fungoides,Primary cutaneous CD4+ small/medium-sized pleomorphic T-cell lymphoma,medium,49d7da514d69097b997a20a0a10c5fd66c6d37d6c06097a70b01700316d410a0,True,
DA_d2_heldout100/368,DA_d2_heldout100,DA,368,forest_evidence_integrator,True,False,False,8,Mycosis Fungoides,Primary cutaneous CD4+ small/medium-sized pleomorphic T-cell lymphoma,medium,49d7da514d69097b997a20a0a10c5fd66c6d37d6c06097a70b01700316d410a0,False,
DA_d2_heldout100/368,DA_d2_heldout100,DA,368,collapse_obligation_ledger,True,False,False,8,Primary cutaneous CD4+ small/medium-sized pleomorphic T-cell lymphoma,Mycosis Fungoides,high,49d7da514d69097b997a20a0a10c5fd66c6d37d6c06097a70b01700316d410a0,False,
DA_d2_heldout100/368,DA_d2_heldout100,DA,368,pairwise_tournament,True,False,False,8,Mycosis Fungoides,Primary cutaneous CD4+ small/medium-sized pleomorphic T-cell lymphoma,high,49d7da514d69097b997a20a0a10c5fd66c6d37d6c06097a70b01700316d410a0,False,
DA_d2_heldout100/372,DA_d2_heldout100,DA,372,evidence_count_control,True,False,False,10,Familial Hypercholesterolemia,Lipid Profile Disorder,low,0ec33eac48c1b247061ff93c9d84d3566003053a931603ca18ba0e3cdc7a1d26,False,
DA_d2_heldout100/372,DA_d2_heldout100,DA,372,e7_contrast,True,False,False,10,Lipoprotein(a) hyperlipoproteinemia,Familial Hypercholesterolemia,high,0ec33eac48c1b247061ff93c9d84d3566003053a931603ca18ba0e3cdc7a1d26,True,
DA_d2_heldout100/372,DA_d2_heldout100,DA,372,forest_evidence_integrator,True,False,False,10,Lipoprotein(a) hyperlipoproteinemia,Familial Hypercholesterolemia,high,0ec33eac48c1b247061ff93c9d84d3566003053a931603ca18ba0e3cdc7a1d26,False,
DA_d2_heldout100/372,DA_d2_heldout100,DA,372,collapse_obligation_ledger,True,False,False,10,Lipoprotein(a) hyperlipoproteinemia,,high,0ec33eac48c1b247061ff93c9d84d3566003053a931603ca18ba0e3cdc7a1d26,False,
DA_d2_heldout100/372,DA_d2_heldout100,DA,372,pairwise_tournament,True,False,False,10,Lipoprotein(a) hyperlipoproteinemia,Familial Hypercholesterolemia,high,0ec33eac48c1b247061ff93c9d84d3566003053a931603ca18ba0e3cdc7a1d26,False,
DA_d2_heldout100/374,DA_d2_heldout100,DA,374,evidence_count_control,True,False,False,10,COVID-19 associated cardiac injury,Atrial Tachycardia,low,050347972ba2e8b892fdfd2a24078d431c15a13a2d51d721b7dac9ccd94ea5cf,False,
DA_d2_heldout100/374,DA_d2_heldout100,DA,374,e7_contrast,True,False,False,10,Atrial Tachycardia,Atrioventricular nodal reentrant tachycardia,high,050347972ba2e8b892fdfd2a24078d431c15a13a2d51d721b7dac9ccd94ea5cf,True,
DA_d2_heldout100/374,DA_d2_heldout100,DA,374,forest_evidence_integrator,True,False,False,10,Atrial Tachycardia,Atrioventricular nodal reentrant tachycardia,high,050347972ba2e8b892fdfd2a24078d431c15a13a2d51d721b7dac9ccd94ea5cf,False,
DA_d2_heldout100/374,DA_d2_heldout100,DA,374,collapse_obligation_ledger,True,False,False,10,Atrial Tachycardia,Atrioventricular nodal reentrant tachycardia,high,050347972ba2e8b892fdfd2a24078d431c15a13a2d51d721b7dac9ccd94ea5cf,False,
DA_d2_heldout100/374,DA_d2_heldout100,DA,374,pairwise_tournament,True,False,False,10,Atrial Tachycardia,Paroxysmal supraventricular tachycardia,high,050347972ba2e8b892fdfd2a24078d431c15a13a2d51d721b7dac9ccd94ea5cf,False,
DA_d2_heldout100/375,DA_d2_heldout100,DA,375,evidence_count_control,True,False,False,10,Verrucous carcinoma,Herpes simplex virus infection,low,6eed10b4adf444f90e897586060c346769a88d0c628b19f0f21d0fbb3005a3ff,False,
DA_d2_heldout100/375,DA_d2_heldout100,DA,375,e7_contrast,True,False,False,10,Genital Herpes Simplex Virus Infection,Verrucous carcinoma,high,6eed10b4adf444f90e897586060c346769a88d0c628b19f0f21d0fbb3005a3ff,True,
DA_d2_heldout100/375,DA_d2_heldout100,DA,375,forest_evidence_integrator,True,False,False,10,Genital Herpes Simplex Virus Infection,Verrucous carcinoma,high,6eed10b4adf444f90e897586060c346769a88d0c628b19f0f21d0fbb3005a3ff,False,
DA_d2_heldout100/375,DA_d2_heldout100,DA,375,collapse_obligation_ledger,True,False,False,10,Herpes simplex virus infection,Genital Herpes Simplex Virus Infection,high,6eed10b4adf444f90e897586060c346769a88d0c628b19f0f21d0fbb3005a3ff,False,
DA_d2_heldout100/375,DA_d2_heldout100,DA,375,pairwise_tournament,True,False,False,10,Genital Herpes Simplex Virus Infection,Herpes simplex virus infection,high,6eed10b4adf444f90e897586060c346769a88d0c628b19f0f21d0fbb3005a3ff,False,
DA_d2_heldout100/379,DA_d2_heldout100,DA,379,evidence_count_control,True,False,False,10,Malignant Melanoma of the Orbit,Perineural invasion by malignant melanoma,low,207940e5562a2e050b6af3eeb61653c383b3bc060ad535b070e6c8cca57a7565,False,
DA_d2_heldout100/379,DA_d2_heldout100,DA,379,e7_contrast,True,False,False,10,Perineural invasion by malignant melanoma,Malignant Melanoma of the Orbit,high,207940e5562a2e050b6af3eeb61653c383b3bc060ad535b070e6c8cca57a7565,True,
DA_d2_heldout100/379,DA_d2_heldout100,DA,379,forest_evidence_integrator,True,False,False,10,Perineural invasion by malignant melanoma,Malignant Melanoma of the Orbit,high,207940e5562a2e050b6af3eeb61653c383b3bc060ad535b070e6c8cca57a7565,False,
DA_d2_heldout100/379,DA_d2_heldout100,DA,379,collapse_obligation_ledger,True,False,False,10,Perineural invasion by malignant melanoma,Malignant Melanoma of the Orbit,high,207940e5562a2e050b6af3eeb61653c383b3bc060ad535b070e6c8cca57a7565,False,
DA_d2_heldout100/379,DA_d2_heldout100,DA,379,pairwise_tournament,True,False,False,10,Perineural invasion by malignant melanoma,Desmoplastic melanoma,high,207940e5562a2e050b6af3eeb61653c383b3bc060ad535b070e6c8cca57a7565,False,
DA_d2_heldout100/383,DA_d2_heldout100,DA,383,evidence_count_control,True,False,False,10,Rhabdomyosarcoma,Embryonal rhabdomyosarcoma,low,e48ca811cff845d4c9a40639ee5aba576e31e7b7130184d7cb675abeefd2eec6,False,
DA_d2_heldout100/383,DA_d2_heldout100,DA,383,e7_contrast,True,False,False,10,Embryonal rhabdomyosarcoma,Rhabdomyosarcoma,high,e48ca811cff845d4c9a40639ee5aba576e31e7b7130184d7cb675abeefd2eec6,True,
DA_d2_heldout100/383,DA_d2_heldout100,DA,383,forest_evidence_integrator,True,False,False,10,Embryonal rhabdomyosarcoma,Rhabdomyosarcoma,high,e48ca811cff845d4c9a40639ee5aba576e31e7b7130184d7cb675abeefd2eec6,False,
DA_d2_heldout100/383,DA_d2_heldout100,DA,383,collapse_obligation_ledger,True,False,False,10,Embryonal rhabdomyosarcoma,Rhabdomyosarcoma,high,e48ca811cff845d4c9a40639ee5aba576e31e7b7130184d7cb675abeefd2eec6,False,
DA_d2_heldout100/383,DA_d2_heldout100,DA,383,pairwise_tournament,True,False,False,10,Embryonal rhabdomyosarcoma,Rhabdomyosarcoma,high,e48ca811cff845d4c9a40639ee5aba576e31e7b7130184d7cb675abeefd2eec6,False,
DA_d2_heldout100/398,DA_d2_heldout100,DA,398,evidence_count_control,True,False,False,8,Kaposi's sarcoma,angioma,low,7810ec8cd5d28bd3cb527dad55d2363a050d11dbec19659fc08a27d8a6a55a05,False,
DA_d2_heldout100/398,DA_d2_heldout100,DA,398,e7_contrast,True,False,False,8,Kaposi's sarcoma,Angiosarcoma,high,7810ec8cd5d28bd3cb527dad55d2363a050d11dbec19659fc08a27d8a6a55a05,True,
DA_d2_heldout100/398,DA_d2_heldout100,DA,398,forest_evidence_integrator,True,False,False,8,Kaposi's sarcoma,angioma,high,7810ec8cd5d28bd3cb527dad55d2363a050d11dbec19659fc08a27d8a6a55a05,False,
DA_d2_heldout100/398,DA_d2_heldout100,DA,398,collapse_obligation_ledger,True,False,False,8,Kaposi's sarcoma,angioma,high,7810ec8cd5d28bd3cb527dad55d2363a050d11dbec19659fc08a27d8a6a55a05,False,
DA_d2_heldout100/398,DA_d2_heldout100,DA,398,pairwise_tournament,True,False,False,8,Kaposi's sarcoma,angioma,high,7810ec8cd5d28bd3cb527dad55d2363a050d11dbec19659fc08a27d8a6a55a05,False,
DA_d2_heldout100/400,DA_d2_heldout100,DA,400,evidence_count_control,True,False,False,7,Rapid Eye Movement Sleep Behavior Disorder,Obstructive Sleep Apnea,low,02ecc7eed599cda33ed6f89ed3896026da7fa6a3db31789635d2e613653692ac,False,
DA_d2_heldout100/400,DA_d2_heldout100,DA,400,e7_contrast,True,False,False,7,Rapid Eye Movement Sleep Behavior Disorder,Parkinson Disease,high,02ecc7eed599cda33ed6f89ed3896026da7fa6a3db31789635d2e613653692ac,True,
DA_d2_heldout100/400,DA_d2_heldout100,DA,400,forest_evidence_integrator,True,False,False,7,Rapid Eye Movement Sleep Behavior Disorder,Parkinson Disease,high,02ecc7eed599cda33ed6f89ed3896026da7fa6a3db31789635d2e613653692ac,False,
DA_d2_heldout100/400,DA_d2_heldout100,DA,400,collapse_obligation_ledger,True,False,False,7,Rapid Eye Movement Sleep Behavior Disorder,Parkinson Disease,high,02ecc7eed599cda33ed6f89ed3896026da7fa6a3db31789635d2e613653692ac,False,
DA_d2_heldout100/400,DA_d2_heldout100,DA,400,pairwise_tournament,True,False,False,7,Rapid Eye Movement Sleep Behavior Disorder,Parkinson Disease,high,02ecc7eed599cda33ed6f89ed3896026da7fa6a3db31789635d2e613653692ac,False,
DA_d2_heldout100/415,DA_d2_heldout100,DA,415,evidence_count_control,True,False,False,10,Acute Coronary Syndrome,Myocardial Infarction,low,dc8550871a2733fb4a1d790a7f4fbf40cf8d6656dd03edf62df068d9967880d9,False,
DA_d2_heldout100/415,DA_d2_heldout100,DA,415,e7_contrast,True,False,False,10,Acute myocardial infarction,Myocardial Infarction,medium,dc8550871a2733fb4a1d790a7f4fbf40cf8d6656dd03edf62df068d9967880d9,True,
DA_d2_heldout100/415,DA_d2_heldout100,DA,415,forest_evidence_integrator,True,False,False,10,Myocardial Infarction,Acute Coronary Syndrome,high,dc8550871a2733fb4a1d790a7f4fbf40cf8d6656dd03edf62df068d9967880d9,False,
DA_d2_heldout100/415,DA_d2_heldout100,DA,415,collapse_obligation_ledger,True,False,False,10,Acute myocardial infarction,Myocardial Infarction,high,dc8550871a2733fb4a1d790a7f4fbf40cf8d6656dd03edf62df068d9967880d9,False,
DA_d2_heldout100/415,DA_d2_heldout100,DA,415,pairwise_tournament,True,False,False,10,Myocardial Infarction,Acute myocardial infarction,high,dc8550871a2733fb4a1d790a7f4fbf40cf8d6656dd03edf62df068d9967880d9,False,
DA_d2_heldout100/423,DA_d2_heldout100,DA,423,evidence_count_control,True,False,False,10,Central nervous system lymphoma,Neurolymphomatosis,low,6edbc8a07c56337017a5253a17a87893cd018f6f49f57da20c3bddf96151770b,False,
DA_d2_heldout100/423,DA_d2_heldout100,DA,423,e7_contrast,True,False,False,10,Lymphomatous meningitis,Leptomeningeal lymphoma,medium,6edbc8a07c56337017a5253a17a87893cd018f6f49f57da20c3bddf96151770b,True,
DA_d2_heldout100/423,DA_d2_heldout100,DA,423,forest_evidence_integrator,True,False,False,10,Leptomeningeal lymphoma,Lymphomatous meningitis,high,6edbc8a07c56337017a5253a17a87893cd018f6f49f57da20c3bddf96151770b,False,
DA_d2_heldout100/423,DA_d2_heldout100,DA,423,collapse_obligation_ledger,True,False,False,10,Leptomeningeal lymphoma,Lymphomatous meningitis,high,6edbc8a07c56337017a5253a17a87893cd018f6f49f57da20c3bddf96151770b,False,
DA_d2_heldout100/423,DA_d2_heldout100,DA,423,pairwise_tournament,True,False,False,10,Leptomeningeal lymphoma,Lymphomatous meningitis,high,6edbc8a07c56337017a5253a17a87893cd018f6f49f57da20c3bddf96151770b,False,
DA_d2_heldout100/425,DA_d2_heldout100,DA,425,evidence_count_control,True,False,False,10,Autoimmune Hemolytic Anemia,Mixed Anemia,low,3d9688e9c90d60ca79ea152a8eb1812f0c6ea680f55fb68da3a1c1909d7d7b21,False,
DA_d2_heldout100/425,DA_d2_heldout100,DA,425,e7_contrast,True,False,False,10,Warm antibody hemolytic anemia,Autoimmune Hemolytic Anemia,high,3d9688e9c90d60ca79ea152a8eb1812f0c6ea680f55fb68da3a1c1909d7d7b21,True,
DA_d2_heldout100/425,DA_d2_heldout100,DA,425,forest_evidence_integrator,True,False,False,10,Hemolytic Anemia due to Warm Antibodies,Warm antibody hemolytic anemia,high,3d9688e9c90d60ca79ea152a8eb1812f0c6ea680f55fb68da3a1c1909d7d7b21,False,
DA_d2_heldout100/425,DA_d2_heldout100,DA,425,collapse_obligation_ledger,True,False,False,10,Hemolytic Anemia due to Warm Antibodies,Warm antibody hemolytic anemia,high,3d9688e9c90d60ca79ea152a8eb1812f0c6ea680f55fb68da3a1c1909d7d7b21,False,
DA_d2_heldout100/425,DA_d2_heldout100,DA,425,pairwise_tournament,True,False,False,10,Warm antibody hemolytic anemia,Hemolytic Anemia due to Warm Antibodies,high,3d9688e9c90d60ca79ea152a8eb1812f0c6ea680f55fb68da3a1c1909d7d7b21,False,
DA_d2_heldout100/431,DA_d2_heldout100,DA,431,evidence_count_control,True,False,False,10,Melanoma,T-VEC-treated Melanoma,low,4e78e83090066ec72e9cb9ec131d91a1793471ecaaea8fac05448ab496e77bea,False,
DA_d2_heldout100/431,DA_d2_heldout100,DA,431,e7_contrast,True,False,False,10,T-VEC-treated Melanoma,Tumor regression due to immunotherapy,medium,4e78e83090066ec72e9cb9ec131d91a1793471ecaaea8fac05448ab496e77bea,True,
DA_d2_heldout100/431,DA_d2_heldout100,DA,431,forest_evidence_integrator,True,False,False,10,T-VEC-treated Melanoma,Tumor regression due to immunotherapy,high,4e78e83090066ec72e9cb9ec131d91a1793471ecaaea8fac05448ab496e77bea,False,
DA_d2_heldout100/431,DA_d2_heldout100,DA,431,collapse_obligation_ledger,True,False,False,10,T-VEC-treated Melanoma,Tumor regression due to immunotherapy,high,4e78e83090066ec72e9cb9ec131d91a1793471ecaaea8fac05448ab496e77bea,False,
DA_d2_heldout100/431,DA_d2_heldout100,DA,431,pairwise_tournament,True,False,False,10,T-VEC-treated Melanoma,Tumor regression due to immunotherapy,high,4e78e83090066ec72e9cb9ec131d91a1793471ecaaea8fac05448ab496e77bea,False,
DA_d2_heldout100/434,DA_d2_heldout100,DA,434,evidence_count_control,True,False,False,9,Dermatophytosis,Papular urticaria,low,6c7eebd5dab82061e1d35749f51ee18138350b4f14f281731fa27c60c3d74d7a,False,
DA_d2_heldout100/434,DA_d2_heldout100,DA,434,e7_contrast,True,False,False,9,Trichophyton infection,Dermatophytosis,high,6c7eebd5dab82061e1d35749f51ee18138350b4f14f281731fa27c60c3d74d7a,True,
DA_d2_heldout100/434,DA_d2_heldout100,DA,434,forest_evidence_integrator,True,False,False,9,Dermatophytosis,Trichophyton infection,high,6c7eebd5dab82061e1d35749f51ee18138350b4f14f281731fa27c60c3d74d7a,False,
DA_d2_heldout100/434,DA_d2_heldout100,DA,434,collapse_obligation_ledger,True,False,False,9,Dermatophytosis,Trichophyton infection,high,6c7eebd5dab82061e1d35749f51ee18138350b4f14f281731fa27c60c3d74d7a,False,
DA_d2_heldout100/434,DA_d2_heldout100,DA,434,pairwise_tournament,True,False,False,9,Dermatophytosis,Trichophyton infection,high,6c7eebd5dab82061e1d35749f51ee18138350b4f14f281731fa27c60c3d74d7a,False,
DA_d2_heldout100/451,DA_d2_heldout100,DA,451,evidence_count_control,True,False,False,10,First Branchial Cleft Anomaly,Middle Ear Cholesteatoma,low,55f16b4d43792d0bbe77b38eccd4a9d123316b8f998eb8bf13ed2e3062a3d5be,False,
DA_d2_heldout100/451,DA_d2_heldout100,DA,451,e7_contrast,True,False,False,10,First Branchial Cleft Anomaly,Petrous Bone Cholesteatoma,medium,55f16b4d43792d0bbe77b38eccd4a9d123316b8f998eb8bf13ed2e3062a3d5be,True,
DA_d2_heldout100/451,DA_d2_heldout100,DA,451,forest_evidence_integrator,True,False,False,10,Petrous Bone Cholesteatoma,First Branchial Cleft Anomaly,high,55f16b4d43792d0bbe77b38eccd4a9d123316b8f998eb8bf13ed2e3062a3d5be,False,
DA_d2_heldout100/451,DA_d2_heldout100,DA,451,collapse_obligation_ledger,True,False,False,10,Petrous Bone Cholesteatoma,Middle Ear Cholesteatoma,high,55f16b4d43792d0bbe77b38eccd4a9d123316b8f998eb8bf13ed2e3062a3d5be,False,
DA_d2_heldout100/451,DA_d2_heldout100,DA,451,pairwise_tournament,True,False,False,10,First Branchial Cleft Anomaly,Petrous Bone Cholesteatoma,high,55f16b4d43792d0bbe77b38eccd4a9d123316b8f998eb8bf13ed2e3062a3d5be,False,
DA_d2_heldout100/452,DA_d2_heldout100,DA,452,evidence_count_control,True,False,False,9,"Autoimmune bullous disease, unspecified",Autoimmune bullous disease,low,8815903558bacb96dc8a7e374589a18bfb484006b3958c8179c55c7fe31aef49,False,
DA_d2_heldout100/452,DA_d2_heldout100,DA,452,e7_contrast,True,False,False,9,Paraneoplastic pemphigus,Autoimmune bullous disease,high,8815903558bacb96dc8a7e374589a18bfb484006b3958c8179c55c7fe31aef49,True,
DA_d2_heldout100/452,DA_d2_heldout100,DA,452,forest_evidence_integrator,True,False,False,9,Paraneoplastic pemphigus,Autoimmune bullous disease,high,8815903558bacb96dc8a7e374589a18bfb484006b3958c8179c55c7fe31aef49,False,
DA_d2_heldout100/452,DA_d2_heldout100,DA,452,collapse_obligation_ledger,True,False,False,9,Paraneoplastic pemphigus,Autoimmune bullous disease,high,8815903558bacb96dc8a7e374589a18bfb484006b3958c8179c55c7fe31aef49,False,
DA_d2_heldout100/452,DA_d2_heldout100,DA,452,pairwise_tournament,True,False,False,9,Paraneoplastic pemphigus,Pemphigus vulgaris,high,8815903558bacb96dc8a7e374589a18bfb484006b3958c8179c55c7fe31aef49,False,
DA_d2_heldout200b/457,DA_d2_heldout200b,DA,457,evidence_count_control,True,False,False,10,Discoid lupus erythematosus,Sarcoidosis,low,ad9392869cef969b1f7a1753dc1f31f57a2895d69234cb5d9e7b6de1e94a8e42,False,
DA_d2_heldout200b/457,DA_d2_heldout200b,DA,457,e7_contrast,True,False,False,10,Anetoderma,Mid-dermal elastolysis,high,ad9392869cef969b1f7a1753dc1f31f57a2895d69234cb5d9e7b6de1e94a8e42,True,
DA_d2_heldout200b/457,DA_d2_heldout200b,DA,457,forest_evidence_integrator,True,False,False,10,Anetoderma,Mid-dermal elastolysis,high,ad9392869cef969b1f7a1753dc1f31f57a2895d69234cb5d9e7b6de1e94a8e42,False,
DA_d2_heldout200b/457,DA_d2_heldout200b,DA,457,collapse_obligation_ledger,True,False,False,10,Mid-dermal elastolysis,Anetoderma,high,ad9392869cef969b1f7a1753dc1f31f57a2895d69234cb5d9e7b6de1e94a8e42,False,
DA_d2_heldout200b/457,DA_d2_heldout200b,DA,457,pairwise_tournament,True,False,False,10,Anetoderma,Mid-dermal elastolysis,medium,ad9392869cef969b1f7a1753dc1f31f57a2895d69234cb5d9e7b6de1e94a8e42,False,
DA_d2_heldout200b/459,DA_d2_heldout200b,DA,459,evidence_count_control,True,False,False,10,Tachycardia-induced cardiomyopathy,Atrial Fibrillation with Heart Failure,low,47aed802266f5bd22bb0123b9fb9c9aceb8f0d55fa7e19dcc75879d9d4431974,False,
DA_d2_heldout200b/459,DA_d2_heldout200b,DA,459,e7_contrast,True,False,False,10,Atrial Tachycardia with Cardiomyopathy,Tachycardia-induced cardiomyopathy,medium,47aed802266f5bd22bb0123b9fb9c9aceb8f0d55fa7e19dcc75879d9d4431974,True,
DA_d2_heldout200b/459,DA_d2_heldout200b,DA,459,forest_evidence_integrator,True,False,False,10,Atrial Tachycardia with Cardiomyopathy,Tachycardia-induced cardiomyopathy,high,47aed802266f5bd22bb0123b9fb9c9aceb8f0d55fa7e19dcc75879d9d4431974,False,
DA_d2_heldout200b/459,DA_d2_heldout200b,DA,459,collapse_obligation_ledger,True,False,False,10,Atrial Tachycardia with Cardiomyopathy,Atrial Tachycardia with Cardiac Dysfunction,high,47aed802266f5bd22bb0123b9fb9c9aceb8f0d55fa7e19dcc75879d9d4431974,False,
DA_d2_heldout200b/459,DA_d2_heldout200b,DA,459,pairwise_tournament,True,False,False,10,Atrial Tachycardia with Cardiomyopathy,Tachycardia-induced cardiomyopathy,high,47aed802266f5bd22bb0123b9fb9c9aceb8f0d55fa7e19dcc75879d9d4431974,False,
DA_d2_heldout200b/464,DA_d2_heldout200b,DA,464,evidence_count_control,True,False,False,9,Warfarin-induced skin necrosis,Septic emboli,low,d9df3c6a594758d0f0b816955da5c79efb0be440f9e3a8bcc973b8ec57c8eef4,False,
DA_d2_heldout200b/464,DA_d2_heldout200b,DA,464,e7_contrast,True,False,False,9,Septic emboli,Ecthyma gangrenosum,high,d9df3c6a594758d0f0b816955da5c79efb0be440f9e3a8bcc973b8ec57c8eef4,True,
DA_d2_heldout200b/464,DA_d2_heldout200b,DA,464,forest_evidence_integrator,True,False,False,9,Purpura fulminans,Disseminated intravascular coagulation,high,d9df3c6a594758d0f0b816955da5c79efb0be440f9e3a8bcc973b8ec57c8eef4,False,
DA_d2_heldout200b/464,DA_d2_heldout200b,DA,464,collapse_obligation_ledger,True,False,False,9,Purpura fulminans,Septic emboli,high,d9df3c6a594758d0f0b816955da5c79efb0be440f9e3a8bcc973b8ec57c8eef4,False,
DA_d2_heldout200b/464,DA_d2_heldout200b,DA,464,pairwise_tournament,True,False,False,9,Purpura fulminans,Septic emboli,high,d9df3c6a594758d0f0b816955da5c79efb0be440f9e3a8bcc973b8ec57c8eef4,False,
DA_d2_heldout200b/465,DA_d2_heldout200b,DA,465,evidence_count_control,True,False,False,9,Pseudomyogenic hemangioendothelioma,Angiosarcoma,low,25e7b6b685d05275d25948e16854e83954210f54bdc071648cf4ebb1fb569c4e,False,
DA_d2_heldout200b/465,DA_d2_heldout200b,DA,465,e7_contrast,True,False,False,9,Pseudomyogenic hemangioendothelioma,Angiosarcoma,medium,25e7b6b685d05275d25948e16854e83954210f54bdc071648cf4ebb1fb569c4e,True,
DA_d2_heldout200b/465,DA_d2_heldout200b,DA,465,forest_evidence_integrator,True,False,False,9,Pseudomyogenic hemangioendothelioma,Angiosarcoma,high,25e7b6b685d05275d25948e16854e83954210f54bdc071648cf4ebb1fb569c4e,False,
DA_d2_heldout200b/465,DA_d2_heldout200b,DA,465,collapse_obligation_ledger,True,False,False,9,Dabska tumor,Pseudomyogenic hemangioendothelioma,medium,25e7b6b685d05275d25948e16854e83954210f54bdc071648cf4ebb1fb569c4e,False,
DA_d2_heldout200b/465,DA_d2_heldout200b,DA,465,pairwise_tournament,True,False,False,9,Pseudomyogenic hemangioendothelioma,Angiosarcoma,high,25e7b6b685d05275d25948e16854e83954210f54bdc071648cf4ebb1fb569c4e,False,
DA_d2_heldout200b/472,DA_d2_heldout200b,DA,472,evidence_count_control,True,False,False,10,Hypertrophic Cardiomyopathy,Dehydration,low,44d735364fd711c9f59834499dd5de7d20a1995df510e9c49a0099a1647fb82d,False,
DA_d2_heldout200b/472,DA_d2_heldout200b,DA,472,e7_contrast,True,False,False,10,Hypertrophic Cardiomyopathy,Hypertensive heart disease,high,44d735364fd711c9f59834499dd5de7d20a1995df510e9c49a0099a1647fb82d,True,
DA_d2_heldout200b/472,DA_d2_heldout200b,DA,472,forest_evidence_integrator,True,False,False,10,Hypertrophic Cardiomyopathy,Hypertensive heart disease,high,44d735364fd711c9f59834499dd5de7d20a1995df510e9c49a0099a1647fb82d,False,
DA_d2_heldout200b/472,DA_d2_heldout200b,DA,472,collapse_obligation_ledger,True,False,False,10,Hypertrophic Cardiomyopathy,Hypertensive heart disease,high,44d735364fd711c9f59834499dd5de7d20a1995df510e9c49a0099a1647fb82d,False,
DA_d2_heldout200b/472,DA_d2_heldout200b,DA,472,pairwise_tournament,True,False,False,10,Hypertrophic Cardiomyopathy,Hypertensive heart disease,high,44d735364fd711c9f59834499dd5de7d20a1995df510e9c49a0099a1647fb82d,False,
DA_d2_heldout200b/473,DA_d2_heldout200b,DA,473,evidence_count_control,True,False,False,10,Respiratory Syncytial Virus (RSV) infection,Viral pharyngitis,low,c7a3ed6437a7792bbf34474d7340bebe91e78fe899049ebb40d07006eba8c279,False,
DA_d2_heldout200b/473,DA_d2_heldout200b,DA,473,e7_contrast,True,False,False,10,Respiratory Syncytial Virus (RSV) infection,Common Cold,medium,c7a3ed6437a7792bbf34474d7340bebe91e78fe899049ebb40d07006eba8c279,True,
DA_d2_heldout200b/473,DA_d2_heldout200b,DA,473,forest_evidence_integrator,True,False,False,10,Respiratory Syncytial Virus (RSV) infection,Viral upper respiratory tract infection,high,c7a3ed6437a7792bbf34474d7340bebe91e78fe899049ebb40d07006eba8c279,False,
DA_d2_heldout200b/473,DA_d2_heldout200b,DA,473,collapse_obligation_ledger,True,False,False,10,Respiratory Syncytial Virus (RSV) infection,Viral upper respiratory tract infection,medium,c7a3ed6437a7792bbf34474d7340bebe91e78fe899049ebb40d07006eba8c279,False,
DA_d2_heldout200b/473,DA_d2_heldout200b,DA,473,pairwise_tournament,True,False,False,10,Respiratory Syncytial Virus (RSV) infection,Respiratory Syncytial Virus infection,low,c7a3ed6437a7792bbf34474d7340bebe91e78fe899049ebb40d07006eba8c279,False,
DA_d2_heldout200b/478,DA_d2_heldout200b,DA,478,evidence_count_control,True,False,False,10,Respiratory Distress Syndrome,Systemic Inflammatory Response Syndrome,low,e48e1c21f1c5e8cc1c88a103b150635671fdf28b339a9a2b70086a5c528ab9aa,False,
DA_d2_heldout200b/478,DA_d2_heldout200b,DA,478,e7_contrast,True,False,False,10,Respiratory syncytial virus pneumonia,Sepsis,medium,e48e1c21f1c5e8cc1c88a103b150635671fdf28b339a9a2b70086a5c528ab9aa,True,
DA_d2_heldout200b/478,DA_d2_heldout200b,DA,478,forest_evidence_integrator,True,False,False,10,Respiratory syncytial virus pneumonia,Respiratory Syncytial Virus Infection,high,e48e1c21f1c5e8cc1c88a103b150635671fdf28b339a9a2b70086a5c528ab9aa,False,
DA_d2_heldout200b/478,DA_d2_heldout200b,DA,478,collapse_obligation_ledger,True,False,False,10,Respiratory syncytial virus pneumonia,Respiratory Syncytial Virus Infection,high,e48e1c21f1c5e8cc1c88a103b150635671fdf28b339a9a2b70086a5c528ab9aa,False,
DA_d2_heldout200b/478,DA_d2_heldout200b,DA,478,pairwise_tournament,True,False,False,10,Respiratory syncytial virus pneumonia,Bronchiolitis,high,e48e1c21f1c5e8cc1c88a103b150635671fdf28b339a9a2b70086a5c528ab9aa,False,
DA_d2_heldout200b/480,DA_d2_heldout200b,DA,480,evidence_count_control,True,False,False,7,Hypothermia,Reperfusion Injury,low,81105466f69160a237a33f3656496a4c0c0dd314ad5fe3205c1d200ae7d538f3,False,
DA_d2_heldout200b/480,DA_d2_heldout200b,DA,480,e7_contrast,True,False,False,7,Acute respiratory distress syndrome,Reperfusion Injury,medium,81105466f69160a237a33f3656496a4c0c0dd314ad5fe3205c1d200ae7d538f3,True,
DA_d2_heldout200b/480,DA_d2_heldout200b,DA,480,forest_evidence_integrator,True,False,False,7,Reperfusion Injury,Acute respiratory distress syndrome,medium,81105466f69160a237a33f3656496a4c0c0dd314ad5fe3205c1d200ae7d538f3,False,
DA_d2_heldout200b/480,DA_d2_heldout200b,DA,480,collapse_obligation_ledger,True,False,False,7,Reperfusion Injury,Acute respiratory distress syndrome,medium,81105466f69160a237a33f3656496a4c0c0dd314ad5fe3205c1d200ae7d538f3,False,
DA_d2_heldout200b/480,DA_d2_heldout200b,DA,480,pairwise_tournament,True,False,False,7,Acute respiratory distress syndrome,Hypothermia-induced pulmonary edema,medium,81105466f69160a237a33f3656496a4c0c0dd314ad5fe3205c1d200ae7d538f3,False,
DA_d2_heldout200b/485,DA_d2_heldout200b,DA,485,evidence_count_control,True,False,False,10,Pauci-immune focal necrotizing glomerulonephritis,LVAD-associated infection,low,5563d3db5c93393827a53379440ec05a2fa256a50856fea8e240400c9602e494,False,
DA_d2_heldout200b/485,DA_d2_heldout200b,DA,485,e7_contrast,True,False,False,10,Necrotising Immune-Complex Glomerulonephritis,Membranoproliferative glomerulonephritis,medium,5563d3db5c93393827a53379440ec05a2fa256a50856fea8e240400c9602e494,True,
DA_d2_heldout200b/485,DA_d2_heldout200b,DA,485,forest_evidence_integrator,True,False,False,10,Necrotising Immune-Complex Glomerulonephritis,Membranoproliferative glomerulonephritis,high,5563d3db5c93393827a53379440ec05a2fa256a50856fea8e240400c9602e494,False,
DA_d2_heldout200b/485,DA_d2_heldout200b,DA,485,collapse_obligation_ledger,True,False,False,10,Necrotising Immune-Complex Glomerulonephritis,Membranoproliferative glomerulonephritis,high,5563d3db5c93393827a53379440ec05a2fa256a50856fea8e240400c9602e494,False,
DA_d2_heldout200b/485,DA_d2_heldout200b,DA,485,pairwise_tournament,True,False,False,10,Necrotising Immune-Complex Glomerulonephritis,Membranoproliferative glomerulonephritis,high,5563d3db5c93393827a53379440ec05a2fa256a50856fea8e240400c9602e494,False,
DA_d2_heldout200b/486,DA_d2_heldout200b,DA,486,evidence_count_control,True,True,False,10,Lupus erythematosus,Erythema nodosum,low,2afc4eb7413a8b82819c44a1888b5bcc3d63a5ea1ee35a7dd2efd575fbcbbc94,False,
DA_d2_heldout200b/486,DA_d2_heldout200b,DA,486,e7_contrast,True,True,False,10,Lepromatous leprosy,Leprosy,high,2afc4eb7413a8b82819c44a1888b5bcc3d63a5ea1ee35a7dd2efd575fbcbbc94,True,
DA_d2_heldout200b/486,DA_d2_heldout200b,DA,486,forest_evidence_integrator,True,True,False,10,Lepromatous leprosy,Leprosy,high,2afc4eb7413a8b82819c44a1888b5bcc3d63a5ea1ee35a7dd2efd575fbcbbc94,False,
DA_d2_heldout200b/486,DA_d2_heldout200b,DA,486,collapse_obligation_ledger,True,True,False,10,Leprosy,Lepromatous leprosy,high,2afc4eb7413a8b82819c44a1888b5bcc3d63a5ea1ee35a7dd2efd575fbcbbc94,False,
DA_d2_heldout200b/486,DA_d2_heldout200b,DA,486,pairwise_tournament,True,True,False,10,Lepromatous leprosy,Leprosy,high,2afc4eb7413a8b82819c44a1888b5bcc3d63a5ea1ee35a7dd2efd575fbcbbc94,False,
DA_d2_heldout200b/488,DA_d2_heldout200b,DA,488,evidence_count_control,True,False,False,10,Myelodysplastic syndrome,Sweet syndrome,low,58c2fea11df0f6aed41dae4e9853669abdad73fcb8f793876d1a53a44d7e3263,False,
DA_d2_heldout200b/488,DA_d2_heldout200b,DA,488,e7_contrast,True,False,False,10,Myelodysplastic syndrome,Acute myeloid leukemia,high,58c2fea11df0f6aed41dae4e9853669abdad73fcb8f793876d1a53a44d7e3263,True,
DA_d2_heldout200b/488,DA_d2_heldout200b,DA,488,forest_evidence_integrator,True,False,False,10,Myelodysplastic syndrome,Acute myeloid leukemia,high,58c2fea11df0f6aed41dae4e9853669abdad73fcb8f793876d1a53a44d7e3263,False,
DA_d2_heldout200b/488,DA_d2_heldout200b,DA,488,collapse_obligation_ledger,True,False,False,10,Myelodysplastic syndrome,Acute myeloid leukemia,high,58c2fea11df0f6aed41dae4e9853669abdad73fcb8f793876d1a53a44d7e3263,False,
DA_d2_heldout200b/488,DA_d2_heldout200b,DA,488,pairwise_tournament,True,False,False,10,Myelodysplastic syndrome,Acute myeloid leukemia,high,58c2fea11df0f6aed41dae4e9853669abdad73fcb8f793876d1a53a44d7e3263,False,
DA_d2_heldout200b/489,DA_d2_heldout200b,DA,489,evidence_count_control,True,False,False,9,Pseudohypoparathyroidism,Hypoparathyroidism,low,5f84536c68dbe1e208cd7a944148927902daec4f378c08f2b39d0b0402f9c1e0,False,
DA_d2_heldout200b/489,DA_d2_heldout200b,DA,489,e7_contrast,True,False,False,9,Pseudohypoparathyroidism,Albright's hereditary osteodystrophy,high,5f84536c68dbe1e208cd7a944148927902daec4f378c08f2b39d0b0402f9c1e0,True,
DA_d2_heldout200b/489,DA_d2_heldout200b,DA,489,forest_evidence_integrator,True,False,False,9,Pseudohypoparathyroidism,Idiopathic Basal Ganglia Calcification,high,5f84536c68dbe1e208cd7a944148927902daec4f378c08f2b39d0b0402f9c1e0,False,
DA_d2_heldout200b/489,DA_d2_heldout200b,DA,489,collapse_obligation_ledger,True,False,False,9,Pseudohypoparathyroidism,Albright's hereditary osteodystrophy,high,5f84536c68dbe1e208cd7a944148927902daec4f378c08f2b39d0b0402f9c1e0,False,
DA_d2_heldout200b/489,DA_d2_heldout200b,DA,489,pairwise_tournament,True,False,False,9,Pseudohypoparathyroidism,Albright's hereditary osteodystrophy,high,5f84536c68dbe1e208cd7a944148927902daec4f378c08f2b39d0b0402f9c1e0,False,
DA_d2_heldout200b/490,DA_d2_heldout200b,DA,490,evidence_count_control,True,True,True,10,Starvation colitis,Ulcerative colitis,low,b045d30cf807a646e706b301b37b68e8bebe9b7b059cb63998ed53ce480a6929,False,
DA_d2_heldout200b/490,DA_d2_heldout200b,DA,490,e7_contrast,True,True,False,10,Ulcerative colitis,Inflammatory Bowel Disease,high,b045d30cf807a646e706b301b37b68e8bebe9b7b059cb63998ed53ce480a6929,True,
DA_d2_heldout200b/490,DA_d2_heldout200b,DA,490,forest_evidence_integrator,True,True,False,10,Ulcerative colitis,Inflammatory Bowel Disease,high,b045d30cf807a646e706b301b37b68e8bebe9b7b059cb63998ed53ce480a6929,False,
DA_d2_heldout200b/490,DA_d2_heldout200b,DA,490,collapse_obligation_ledger,True,True,False,10,Ulcerative colitis,Inflammatory Bowel Disease,high,b045d30cf807a646e706b301b37b68e8bebe9b7b059cb63998ed53ce480a6929,False,
DA_d2_heldout200b/490,DA_d2_heldout200b,DA,490,pairwise_tournament,True,True,False,10,Ulcerative colitis,Inflammatory Bowel Disease,high,b045d30cf807a646e706b301b37b68e8bebe9b7b059cb63998ed53ce480a6929,False,
DA_d2_heldout200b/493,DA_d2_heldout200b,DA,493,evidence_count_control,True,False,False,9,Acute respiratory distress syndrome,Pulmonary edema,low,aa75f0b3ab0a98d177dc3d5483714632a8ea2f474e385ce4ac8d632edad05388,False,
DA_d2_heldout200b/493,DA_d2_heldout200b,DA,493,e7_contrast,True,False,False,9,Dengue fever,Acute respiratory distress syndrome,high,aa75f0b3ab0a98d177dc3d5483714632a8ea2f474e385ce4ac8d632edad05388,True,
DA_d2_heldout200b/493,DA_d2_heldout200b,DA,493,forest_evidence_integrator,True,False,False,9,Dengue fever,Dengue hemorrhagic fever,high,aa75f0b3ab0a98d177dc3d5483714632a8ea2f474e385ce4ac8d632edad05388,False,
DA_d2_heldout200b/493,DA_d2_heldout200b,DA,493,collapse_obligation_ledger,True,False,False,9,Dengue fever,,high,aa75f0b3ab0a98d177dc3d5483714632a8ea2f474e385ce4ac8d632edad05388,False,
DA_d2_heldout200b/493,DA_d2_heldout200b,DA,493,pairwise_tournament,True,False,False,9,Dengue fever,Acute respiratory distress syndrome,high,aa75f0b3ab0a98d177dc3d5483714632a8ea2f474e385ce4ac8d632edad05388,False,
DA_d2_heldout200b/496,DA_d2_heldout200b,DA,496,evidence_count_control,True,False,False,10,Sepsis,Bacterial Peritonitis,low,6d7c8f6bfddc179257e94bf0363d3b012e0aa9c8fe381875ba274ca549ea71d3,False,
DA_d2_heldout200b/496,DA_d2_heldout200b,DA,496,e7_contrast,True,False,False,10,Sepsis,Sepsis-induced Cholestasis,medium,6d7c8f6bfddc179257e94bf0363d3b012e0aa9c8fe381875ba274ca549ea71d3,True,
DA_d2_heldout200b/496,DA_d2_heldout200b,DA,496,forest_evidence_integrator,True,False,False,10,Sepsis,Sepsis-induced Cholestasis,high,6d7c8f6bfddc179257e94bf0363d3b012e0aa9c8fe381875ba274ca549ea71d3,False,
DA_d2_heldout200b/496,DA_d2_heldout200b,DA,496,collapse_obligation_ledger,True,False,False,10,Sepsis,Sepsis-induced Cholestasis,high,6d7c8f6bfddc179257e94bf0363d3b012e0aa9c8fe381875ba274ca549ea71d3,False,
DA_d2_heldout200b/496,DA_d2_heldout200b,DA,496,pairwise_tournament,True,False,False,10,Sepsis,Bacterial infection,high,6d7c8f6bfddc179257e94bf0363d3b012e0aa9c8fe381875ba274ca549ea71d3,False,
DA_d2_heldout200b/497,DA_d2_heldout200b,DA,497,evidence_count_control,True,False,False,9,Cancer-associated thrombosis,Thrombotic thrombocytopenic purpura,low,92c020edb8a261e351ed0276bad15fbd2a86c9001601c3dc8d8f11eab002ba71,False,
DA_d2_heldout200b/497,DA_d2_heldout200b,DA,497,e7_contrast,True,False,False,9,Cancer-associated thrombosis,Embolic stroke,high,92c020edb8a261e351ed0276bad15fbd2a86c9001601c3dc8d8f11eab002ba71,True,
DA_d2_heldout200b/497,DA_d2_heldout200b,DA,497,forest_evidence_integrator,True,False,False,9,Embolic stroke,Cancer-associated thrombosis,low,92c020edb8a261e351ed0276bad15fbd2a86c9001601c3dc8d8f11eab002ba71,False,
DA_d2_heldout200b/497,DA_d2_heldout200b,DA,497,collapse_obligation_ledger,True,False,False,9,Cancer-associated thrombosis,Embolic stroke,high,92c020edb8a261e351ed0276bad15fbd2a86c9001601c3dc8d8f11eab002ba71,False,
DA_d2_heldout200b/497,DA_d2_heldout200b,DA,497,pairwise_tournament,True,False,False,9,Cancer-associated thrombosis,Thrombotic thrombocytopenic purpura,high,92c020edb8a261e351ed0276bad15fbd2a86c9001601c3dc8d8f11eab002ba71,False,
DA_d2_heldout200b/498,DA_d2_heldout200b,DA,498,evidence_count_control,True,False,False,9,Hypothalamic hamartoma,Choriocarcinoma,low,01c26729b2a2a57f77fe6fc5b26689e3d22a382c83f777823ad61dbbc672f176,False,
DA_d2_heldout200b/498,DA_d2_heldout200b,DA,498,e7_contrast,True,False,False,9,Germ cell tumor,Choriocarcinoma,high,01c26729b2a2a57f77fe6fc5b26689e3d22a382c83f777823ad61dbbc672f176,True,
DA_d2_heldout200b/498,DA_d2_heldout200b,DA,498,forest_evidence_integrator,True,False,False,9,Germ cell tumor,Choriocarcinoma,high,01c26729b2a2a57f77fe6fc5b26689e3d22a382c83f777823ad61dbbc672f176,False,
DA_d2_heldout200b/498,DA_d2_heldout200b,DA,498,collapse_obligation_ledger,True,False,False,9,Germ cell tumor,Choriocarcinoma,high,01c26729b2a2a57f77fe6fc5b26689e3d22a382c83f777823ad61dbbc672f176,False,
DA_d2_heldout200b/498,DA_d2_heldout200b,DA,498,pairwise_tournament,True,False,False,9,Germ cell tumor,Choriocarcinoma,medium,01c26729b2a2a57f77fe6fc5b26689e3d22a382c83f777823ad61dbbc672f176,False,
DA_d2_heldout200b/500,DA_d2_heldout200b,DA,500,evidence_count_control,True,False,False,9,Chronic Venous Insufficiency,Lipodermatosclerosis,low,4aec8a3294000d620295730961c3530bb803c526ca45520fe65fff7cb68cccfb,False,
DA_d2_heldout200b/500,DA_d2_heldout200b,DA,500,e7_contrast,True,False,False,9,Lipodermatosclerosis,Immune-Mediated Adverse Reaction,medium,4aec8a3294000d620295730961c3530bb803c526ca45520fe65fff7cb68cccfb,True,
DA_d2_heldout200b/500,DA_d2_heldout200b,DA,500,forest_evidence_integrator,True,False,False,9,Lipodermatosclerosis,Chronic Venous Insufficiency,high,4aec8a3294000d620295730961c3530bb803c526ca45520fe65fff7cb68cccfb,False,
DA_d2_heldout200b/500,DA_d2_heldout200b,DA,500,collapse_obligation_ledger,True,False,False,9,Immune-Mediated Adverse Reaction,Lipodermatosclerosis,high,4aec8a3294000d620295730961c3530bb803c526ca45520fe65fff7cb68cccfb,False,
DA_d2_heldout200b/500,DA_d2_heldout200b,DA,500,pairwise_tournament,True,False,False,9,Immune-Mediated Adverse Reaction,Lipodermatosclerosis,high,4aec8a3294000d620295730961c3530bb803c526ca45520fe65fff7cb68cccfb,False,
DA_d2_heldout200b/501,DA_d2_heldout200b,DA,501,evidence_count_control,True,False,False,10,Adrenal Cortical Carcinoma,Renal cell carcinoma with adrenal metastasis,low,cb1f917154dd2b4485c2d88a04dc3ea284e00975274a773a0187db5a6881ae3b,False,
DA_d2_heldout200b/501,DA_d2_heldout200b,DA,501,e7_contrast,True,False,False,10,Adrenal Cortical Carcinoma,Lymphoma,high,cb1f917154dd2b4485c2d88a04dc3ea284e00975274a773a0187db5a6881ae3b,True,
DA_d2_heldout200b/501,DA_d2_heldout200b,DA,501,forest_evidence_integrator,True,False,False,10,Lymphoma with adrenal involvement,Adrenal Cortical Carcinoma,high,cb1f917154dd2b4485c2d88a04dc3ea284e00975274a773a0187db5a6881ae3b,False,
DA_d2_heldout200b/501,DA_d2_heldout200b,DA,501,collapse_obligation_ledger,True,False,False,10,Adrenal Cortical Carcinoma,Lymphoma,high,cb1f917154dd2b4485c2d88a04dc3ea284e00975274a773a0187db5a6881ae3b,False,
DA_d2_heldout200b/501,DA_d2_heldout200b,DA,501,pairwise_tournament,True,False,False,10,Adrenal Cortical Carcinoma,Lymphoma with adrenal involvement,high,cb1f917154dd2b4485c2d88a04dc3ea284e00975274a773a0187db5a6881ae3b,False,
DA_d2_heldout200b/507,DA_d2_heldout200b,DA,507,evidence_count_control,True,False,False,10,Secondary acute myeloid leukemia,Cardiac Sarcoma,low,71e517accdc8de1b98bc138af224b19e612753a535f3c4b234be4f05c497339c,False,
DA_d2_heldout200b/507,DA_d2_heldout200b,DA,507,e7_contrast,True,False,False,10,Secondary acute myeloid leukemia,Acute Myeloid Leukemia,high,71e517accdc8de1b98bc138af224b19e612753a535f3c4b234be4f05c497339c,True,
DA_d2_heldout200b/507,DA_d2_heldout200b,DA,507,forest_evidence_integrator,True,False,False,10,Secondary acute myeloid leukemia,Acute Myeloid Leukemia,high,71e517accdc8de1b98bc138af224b19e612753a535f3c4b234be4f05c497339c,False,
DA_d2_heldout200b/507,DA_d2_heldout200b,DA,507,collapse_obligation_ledger,True,False,False,10,Secondary acute myeloid leukemia,Acute Myeloid Leukemia,high,71e517accdc8de1b98bc138af224b19e612753a535f3c4b234be4f05c497339c,False,
DA_d2_heldout200b/507,DA_d2_heldout200b,DA,507,pairwise_tournament,True,False,False,10,Secondary acute myeloid leukemia,Acute Myeloid Leukemia,high,71e517accdc8de1b98bc138af224b19e612753a535f3c4b234be4f05c497339c,False,
DA_d2_heldout200b/508,DA_d2_heldout200b,DA,508,evidence_count_control,True,False,False,10,Hemophagocytic Lymphohistiocytosis (HLH),Systemic Juvenile Idiopathic Arthritis,low,2c495f8ae9c74966e595fc463c5ff2d25bca91221900648ebb890c634d039e35,False,
DA_d2_heldout200b/508,DA_d2_heldout200b,DA,508,e7_contrast,True,False,False,10,Subcutaneous panniculitis-like T-cell lymphoma,Peripheral T-cell Lymphoma,high,2c495f8ae9c74966e595fc463c5ff2d25bca91221900648ebb890c634d039e35,True,
DA_d2_heldout200b/508,DA_d2_heldout200b,DA,508,forest_evidence_integrator,True,False,False,10,Subcutaneous panniculitis-like T-cell lymphoma,Peripheral T-cell Lymphoma,high,2c495f8ae9c74966e595fc463c5ff2d25bca91221900648ebb890c634d039e35,False,
DA_d2_heldout200b/508,DA_d2_heldout200b,DA,508,collapse_obligation_ledger,True,False,False,10,Subcutaneous panniculitis-like T-cell lymphoma,Peripheral T-cell Lymphoma,high,2c495f8ae9c74966e595fc463c5ff2d25bca91221900648ebb890c634d039e35,False,
DA_d2_heldout200b/508,DA_d2_heldout200b,DA,508,pairwise_tournament,True,False,False,10,Subcutaneous panniculitis-like T-cell lymphoma,Peripheral T-cell Lymphoma,high,2c495f8ae9c74966e595fc463c5ff2d25bca91221900648ebb890c634d039e35,False,
DA_d2_heldout200b/510,DA_d2_heldout200b,DA,510,evidence_count_control,True,False,False,6,Systemic Sclerosis,Mixed Connective Tissue Disease,low,96b58f47683eb4e8b7cc4284c18933d66efec8f77455de90613856a639e165ea,False,
DA_d2_heldout200b/510,DA_d2_heldout200b,DA,510,e7_contrast,True,False,False,6,Systemic Sclerosis,Sjögren's Syndrome,high,96b58f47683eb4e8b7cc4284c18933d66efec8f77455de90613856a639e165ea,True,
DA_d2_heldout200b/510,DA_d2_heldout200b,DA,510,forest_evidence_integrator,True,False,False,6,Systemic Sclerosis,Mixed Connective Tissue Disease,high,96b58f47683eb4e8b7cc4284c18933d66efec8f77455de90613856a639e165ea,False,
DA_d2_heldout200b/510,DA_d2_heldout200b,DA,510,collapse_obligation_ledger,True,False,False,6,Systemic Sclerosis,Systemic Lupus Erythematosus,high,96b58f47683eb4e8b7cc4284c18933d66efec8f77455de90613856a639e165ea,False,
DA_d2_heldout200b/510,DA_d2_heldout200b,DA,510,pairwise_tournament,True,False,False,6,Systemic Sclerosis,Limited Systemic Sclerosis,high,96b58f47683eb4e8b7cc4284c18933d66efec8f77455de90613856a639e165ea,False,
DA_d2_heldout200b/513,DA_d2_heldout200b,DA,513,evidence_count_control,True,False,False,10,Metastatic melanoma to the liver,Hepatocellular carcinoma,low,09300897925f1063b54795eec2e270c425a65c49d3f940198bef42606144149e,False,
DA_d2_heldout200b/513,DA_d2_heldout200b,DA,513,e7_contrast,True,False,False,10,Metastatic melanoma to the liver,Melanoma metastasis to the liver,high,09300897925f1063b54795eec2e270c425a65c49d3f940198bef42606144149e,True,
DA_d2_heldout200b/513,DA_d2_heldout200b,DA,513,forest_evidence_integrator,True,False,False,10,Metastatic melanoma to the liver,Sarcoma,high,09300897925f1063b54795eec2e270c425a65c49d3f940198bef42606144149e,False,
DA_d2_heldout200b/513,DA_d2_heldout200b,DA,513,collapse_obligation_ledger,True,False,False,10,Metastatic melanoma to the liver,Melanoma metastasis to the liver,high,09300897925f1063b54795eec2e270c425a65c49d3f940198bef42606144149e,False,
DA_d2_heldout200b/513,DA_d2_heldout200b,DA,513,pairwise_tournament,True,False,False,10,Metastatic melanoma to the liver,Melanoma metastasis to the liver,high,09300897925f1063b54795eec2e270c425a65c49d3f940198bef42606144149e,False,
DA_d2_heldout200b/514,DA_d2_heldout200b,DA,514,evidence_count_control,True,False,False,8,Constrictive Pericarditis,Restrictive Cardiomyopathy,low,db11a27df2d9eb46bb3f116c37dec19dfefb9cead8ae2079976e43771c9212a4,False,
DA_d2_heldout200b/514,DA_d2_heldout200b,DA,514,e7_contrast,True,False,False,8,Constrictive Pericarditis,Restrictive Cardiomyopathy,high,db11a27df2d9eb46bb3f116c37dec19dfefb9cead8ae2079976e43771c9212a4,True,
DA_d2_heldout200b/514,DA_d2_heldout200b,DA,514,forest_evidence_integrator,True,False,False,8,Constrictive Pericarditis,Restrictive Cardiomyopathy,high,db11a27df2d9eb46bb3f116c37dec19dfefb9cead8ae2079976e43771c9212a4,False,
DA_d2_heldout200b/514,DA_d2_heldout200b,DA,514,collapse_obligation_ledger,True,False,False,8,Constrictive Pericarditis,Restrictive Cardiomyopathy,high,db11a27df2d9eb46bb3f116c37dec19dfefb9cead8ae2079976e43771c9212a4,False,
DA_d2_heldout200b/514,DA_d2_heldout200b,DA,514,pairwise_tournament,True,False,False,8,Constrictive Pericarditis,Restrictive Cardiomyopathy,high,db11a27df2d9eb46bb3f116c37dec19dfefb9cead8ae2079976e43771c9212a4,False,
DA_d2_heldout200b/523,DA_d2_heldout200b,DA,523,evidence_count_control,True,False,False,10,Cirrhosis,Hepatic Encephalopathy,low,7483477db12ed3492eaff8192b3e28691e9cbf5f5e3019a1cf487fcc05b824fd,False,
DA_d2_heldout200b/523,DA_d2_heldout200b,DA,523,e7_contrast,True,False,False,10,Hepatitis C virus infection,Alcoholic hepatitis,medium,7483477db12ed3492eaff8192b3e28691e9cbf5f5e3019a1cf487fcc05b824fd,True,
DA_d2_heldout200b/523,DA_d2_heldout200b,DA,523,forest_evidence_integrator,True,False,False,10,Hepatitis C virus infection,Alcoholic Cirrhosis,high,7483477db12ed3492eaff8192b3e28691e9cbf5f5e3019a1cf487fcc05b824fd,False,
DA_d2_heldout200b/523,DA_d2_heldout200b,DA,523,collapse_obligation_ledger,True,False,False,10,Hepatitis C virus infection,Hepatitis C,high,7483477db12ed3492eaff8192b3e28691e9cbf5f5e3019a1cf487fcc05b824fd,False,
DA_d2_heldout200b/523,DA_d2_heldout200b,DA,523,pairwise_tournament,True,False,False,10,Hepatitis C virus infection,Alcoholic Cirrhosis,high,7483477db12ed3492eaff8192b3e28691e9cbf5f5e3019a1cf487fcc05b824fd,False,
DA_d2_heldout200b/530,DA_d2_heldout200b,DA,530,evidence_count_control,True,False,False,9,Sjögren's syndrome,Mixed connective tissue disease,low,4c3418823b6e64824d010bb42e505ff112fbc9b0c6300acd2de0497c27f7a918,False,
DA_d2_heldout200b/530,DA_d2_heldout200b,DA,530,e7_contrast,True,False,False,9,Limited Systemic Sclerosis,Sjögren's syndrome,medium,4c3418823b6e64824d010bb42e505ff112fbc9b0c6300acd2de0497c27f7a918,True,
DA_d2_heldout200b/530,DA_d2_heldout200b,DA,530,forest_evidence_integrator,True,False,False,9,Limited systemic scleroderma,Sjögren's syndrome,high,4c3418823b6e64824d010bb42e505ff112fbc9b0c6300acd2de0497c27f7a918,False,
DA_d2_heldout200b/530,DA_d2_heldout200b,DA,530,collapse_obligation_ledger,True,False,False,9,Limited systemic scleroderma,Sjögren's syndrome,high,4c3418823b6e64824d010bb42e505ff112fbc9b0c6300acd2de0497c27f7a918,False,
DA_d2_heldout200b/530,DA_d2_heldout200b,DA,530,pairwise_tournament,True,False,False,9,Limited Systemic Sclerosis,Limited systemic scleroderma,medium,4c3418823b6e64824d010bb42e505ff112fbc9b0c6300acd2de0497c27f7a918,False,
DA_d2_heldout200b/535,DA_d2_heldout200b,DA,535,evidence_count_control,True,False,False,10,Facial neuritis,Pancreatic Adenocarcinoma,low,651f27405d2130b828e66a47302c8a3b8f311f650de63fe3732e67dfc768c7b1,False,
DA_d2_heldout200b/535,DA_d2_heldout200b,DA,535,e7_contrast,True,False,False,10,Facial neuritis,Guillain-Barré syndrome,high,651f27405d2130b828e66a47302c8a3b8f311f650de63fe3732e67dfc768c7b1,True,
DA_d2_heldout200b/535,DA_d2_heldout200b,DA,535,forest_evidence_integrator,True,False,False,10,Facial neuritis,Chemotherapy-induced neuropathy,high,651f27405d2130b828e66a47302c8a3b8f311f650de63fe3732e67dfc768c7b1,False,
DA_d2_heldout200b/535,DA_d2_heldout200b,DA,535,collapse_obligation_ledger,True,False,False,10,Facial neuritis,Paraneoplastic syndrome,high,651f27405d2130b828e66a47302c8a3b8f311f650de63fe3732e67dfc768c7b1,False,
DA_d2_heldout200b/535,DA_d2_heldout200b,DA,535,pairwise_tournament,True,False,False,10,Facial neuritis,Guillain-Barré syndrome,high,651f27405d2130b828e66a47302c8a3b8f311f650de63fe3732e67dfc768c7b1,False,
DA_d2_heldout200b/536,DA_d2_heldout200b,DA,536,evidence_count_control,True,False,False,10,Aspergilloma,Chronic Pulmonary Aspergillosis,low,ec9b59ab7924d3ed43271419b0693bbe7d1f02563972bc7db4d2c15e0a6c1a17,False,
DA_d2_heldout200b/536,DA_d2_heldout200b,DA,536,e7_contrast,True,False,False,10,Chronic Pulmonary Aspergillosis,Chronic necrotizing pulmonary aspergillosis,medium,ec9b59ab7924d3ed43271419b0693bbe7d1f02563972bc7db4d2c15e0a6c1a17,True,
DA_d2_heldout200b/536,DA_d2_heldout200b,DA,536,forest_evidence_integrator,True,False,False,10,Chronic Pulmonary Aspergillosis,Chronic necrotizing pulmonary aspergillosis,medium,ec9b59ab7924d3ed43271419b0693bbe7d1f02563972bc7db4d2c15e0a6c1a17,False,
DA_d2_heldout200b/536,DA_d2_heldout200b,DA,536,collapse_obligation_ledger,True,False,False,10,Chronic necrotizing pulmonary aspergillosis,Subacute invasive aspergillosis,high,ec9b59ab7924d3ed43271419b0693bbe7d1f02563972bc7db4d2c15e0a6c1a17,False,
DA_d2_heldout200b/536,DA_d2_heldout200b,DA,536,pairwise_tournament,True,False,False,10,Chronic necrotizing pulmonary aspergillosis,Chronic Pulmonary Aspergillosis,medium,ec9b59ab7924d3ed43271419b0693bbe7d1f02563972bc7db4d2c15e0a6c1a17,False,
DA_d2_heldout200b/540,DA_d2_heldout200b,DA,540,evidence_count_control,True,False,False,10,Sepsis,Diabetic Ketoacidosis,low,93cd6a03e9e90b953201d8f6d597d443e6bb28657c2fcd12d7fc5d2c75681c16,False,
DA_d2_heldout200b/540,DA_d2_heldout200b,DA,540,e7_contrast,True,False,False,10,Diabetic Ketoacidosis,Sepsis,high,93cd6a03e9e90b953201d8f6d597d443e6bb28657c2fcd12d7fc5d2c75681c16,True,
DA_d2_heldout200b/540,DA_d2_heldout200b,DA,540,forest_evidence_integrator,True,False,False,10,Diabetic Ketoacidosis,Acute tubular injury,high,93cd6a03e9e90b953201d8f6d597d443e6bb28657c2fcd12d7fc5d2c75681c16,False,
DA_d2_heldout200b/540,DA_d2_heldout200b,DA,540,collapse_obligation_ledger,True,False,False,10,Diabetic Ketoacidosis,Sepsis,high,93cd6a03e9e90b953201d8f6d597d443e6bb28657c2fcd12d7fc5d2c75681c16,False,
DA_d2_heldout200b/540,DA_d2_heldout200b,DA,540,pairwise_tournament,True,False,False,10,Cardiac tamponade,Diabetic Ketoacidosis,high,93cd6a03e9e90b953201d8f6d597d443e6bb28657c2fcd12d7fc5d2c75681c16,False,
DA_d2_heldout200b/543,DA_d2_heldout200b,DA,543,evidence_count_control,True,False,False,10,Legionnaires' disease,Diabetic ketoacidosis,low,c2c7db487467daaddff5e578477ad6b09f894a3b621de8245efb492a9aa01583,False,
DA_d2_heldout200b/543,DA_d2_heldout200b,DA,543,e7_contrast,True,False,False,10,Severe Legionnaires' disease,Myocarditis,high,c2c7db487467daaddff5e578477ad6b09f894a3b621de8245efb492a9aa01583,True,
DA_d2_heldout200b/543,DA_d2_heldout200b,DA,543,forest_evidence_integrator,True,False,False,10,Severe Legionnaires' disease,Myocarditis,high,c2c7db487467daaddff5e578477ad6b09f894a3b621de8245efb492a9aa01583,False,
DA_d2_heldout200b/543,DA_d2_heldout200b,DA,543,collapse_obligation_ledger,True,False,False,10,Legionnaires' disease,Severe Legionnaires' disease,high,c2c7db487467daaddff5e578477ad6b09f894a3b621de8245efb492a9aa01583,False,
DA_d2_heldout200b/543,DA_d2_heldout200b,DA,543,pairwise_tournament,True,False,False,10,Severe Legionnaires' disease,Legionnaires' disease,high,c2c7db487467daaddff5e578477ad6b09f894a3b621de8245efb492a9aa01583,False,
DA_d2_heldout200b/548,DA_d2_heldout200b,DA,548,evidence_count_control,True,False,False,10,Rhabdomyolysis,Acute Kidney Injury,low,6a56c6ee97d254073e119b94609c09828625b9f396ff25cb67ba22b2b0a49119,False,
DA_d2_heldout200b/548,DA_d2_heldout200b,DA,548,e7_contrast,True,False,False,10,Rhabdomyolysis,Statins-induced myopathy,high,6a56c6ee97d254073e119b94609c09828625b9f396ff25cb67ba22b2b0a49119,True,
DA_d2_heldout200b/548,DA_d2_heldout200b,DA,548,forest_evidence_integrator,True,False,False,10,Rhabdomyolysis,Statins-induced myopathy,high,6a56c6ee97d254073e119b94609c09828625b9f396ff25cb67ba22b2b0a49119,False,
DA_d2_heldout200b/548,DA_d2_heldout200b,DA,548,collapse_obligation_ledger,True,False,False,10,Rhabdomyolysis,Acute Tubular Necrosis,high,6a56c6ee97d254073e119b94609c09828625b9f396ff25cb67ba22b2b0a49119,False,
DA_d2_heldout200b/548,DA_d2_heldout200b,DA,548,pairwise_tournament,True,False,False,10,Rhabdomyolysis,Statins-induced myopathy,high,6a56c6ee97d254073e119b94609c09828625b9f396ff25cb67ba22b2b0a49119,False,
DA_d2_heldout200b/553,DA_d2_heldout200b,DA,553,evidence_count_control,True,False,False,8,Paraganglioma,Pheochromocytoma,low,58f6c15cc469f72c89acd39d8ea1142faa63b79c4c99fd0c77a96c1b25b3f08f,False,
DA_d2_heldout200b/553,DA_d2_heldout200b,DA,553,e7_contrast,True,False,False,8,Succinate dehydrogenase subunit B-related paraganglioma,Paraganglioma,high,58f6c15cc469f72c89acd39d8ea1142faa63b79c4c99fd0c77a96c1b25b3f08f,True,
DA_d2_heldout200b/553,DA_d2_heldout200b,DA,553,forest_evidence_integrator,True,False,False,8,Hereditary Paraganglioma-Pheochromocytoma Syndrome,Succinate dehydrogenase subunit B-related paraganglioma,high,58f6c15cc469f72c89acd39d8ea1142faa63b79c4c99fd0c77a96c1b25b3f08f,False,
DA_d2_heldout200b/553,DA_d2_heldout200b,DA,553,collapse_obligation_ledger,True,False,False,8,Succinate dehydrogenase subunit B-related paraganglioma,Hereditary Paraganglioma-Pheochromocytoma Syndrome,high,58f6c15cc469f72c89acd39d8ea1142faa63b79c4c99fd0c77a96c1b25b3f08f,False,
DA_d2_heldout200b/553,DA_d2_heldout200b,DA,553,pairwise_tournament,True,False,False,8,Hereditary Paraganglioma-Pheochromocytoma Syndrome,Succinate dehydrogenase subunit B-related paraganglioma,high,58f6c15cc469f72c89acd39d8ea1142faa63b79c4c99fd0c77a96c1b25b3f08f,False,
DA_d2_heldout200b/556,DA_d2_heldout200b,DA,556,evidence_count_control,True,False,False,10,Strongyloidiasis,Invasive Aspergillosis,low,629f57dd3f8b563ae527df3ed60e87791f867799c6779e38effc72785c4e77bf,False,
DA_d2_heldout200b/556,DA_d2_heldout200b,DA,556,e7_contrast,True,False,False,10,Strongyloidiasis,Invasive Aspergillosis,high,629f57dd3f8b563ae527df3ed60e87791f867799c6779e38effc72785c4e77bf,True,
DA_d2_heldout200b/556,DA_d2_heldout200b,DA,556,forest_evidence_integrator,True,False,False,10,Strongyloidiasis,Invasive Aspergillosis,high,629f57dd3f8b563ae527df3ed60e87791f867799c6779e38effc72785c4e77bf,False,
DA_d2_heldout200b/556,DA_d2_heldout200b,DA,556,collapse_obligation_ledger,True,False,False,10,Strongyloidiasis,Invasive Aspergillosis,high,629f57dd3f8b563ae527df3ed60e87791f867799c6779e38effc72785c4e77bf,False,
DA_d2_heldout200b/556,DA_d2_heldout200b,DA,556,pairwise_tournament,True,False,False,10,Strongyloidiasis,Invasive Aspergillosis,high,629f57dd3f8b563ae527df3ed60e87791f867799c6779e38effc72785c4e77bf,False,
DA_d2_heldout200b/559,DA_d2_heldout200b,DA,559,evidence_count_control,True,False,False,7,Calciphylaxis,Heparin-induced thrombocytopenia,low,1735344d0ccc879f2574fec5a69c1865a73c4b7cdad9d16916757ef1840cdc3f,False,
DA_d2_heldout200b/559,DA_d2_heldout200b,DA,559,e7_contrast,True,False,False,7,Calciphylaxis,Heparin-induced thrombocytopenia,high,1735344d0ccc879f2574fec5a69c1865a73c4b7cdad9d16916757ef1840cdc3f,True,
DA_d2_heldout200b/559,DA_d2_heldout200b,DA,559,forest_evidence_integrator,True,False,False,7,Calciphylaxis,Heparin-induced thrombocytopenia,medium,1735344d0ccc879f2574fec5a69c1865a73c4b7cdad9d16916757ef1840cdc3f,False,
DA_d2_heldout200b/559,DA_d2_heldout200b,DA,559,collapse_obligation_ledger,True,False,False,7,Calciphylaxis,Heparin-induced thrombocytopenia,high,1735344d0ccc879f2574fec5a69c1865a73c4b7cdad9d16916757ef1840cdc3f,False,
DA_d2_heldout200b/559,DA_d2_heldout200b,DA,559,pairwise_tournament,True,False,False,7,Heparin-induced thrombocytopenia,Calciphylaxis,high,1735344d0ccc879f2574fec5a69c1865a73c4b7cdad9d16916757ef1840cdc3f,False,
DA_d2_heldout200b/560,DA_d2_heldout200b,DA,560,evidence_count_control,True,False,False,10,Pulmonary Embolism,Hyperthyroidism,low,d4c43eb1152aa5e6d3638bace0a5ec153e212f355dbbfe0f23b4e631cea96cb2,False,
DA_d2_heldout200b/560,DA_d2_heldout200b,DA,560,e7_contrast,True,False,False,10,Hyperthyroid Heart Disease,Hyperthyroidism due to Graves' disease,high,d4c43eb1152aa5e6d3638bace0a5ec153e212f355dbbfe0f23b4e631cea96cb2,True,
DA_d2_heldout200b/560,DA_d2_heldout200b,DA,560,forest_evidence_integrator,True,False,False,10,Hyperthyroidism due to Graves' disease,Hyperthyroid Heart Disease,high,d4c43eb1152aa5e6d3638bace0a5ec153e212f355dbbfe0f23b4e631cea96cb2,False,
DA_d2_heldout200b/560,DA_d2_heldout200b,DA,560,collapse_obligation_ledger,True,False,False,10,Hyperthyroid Heart Disease,Hyperthyroidism due to Graves' disease,medium,d4c43eb1152aa5e6d3638bace0a5ec153e212f355dbbfe0f23b4e631cea96cb2,False,
DA_d2_heldout200b/560,DA_d2_heldout200b,DA,560,pairwise_tournament,True,False,False,10,Hyperthyroid Heart Disease,Hyperthyroidism due to Graves' disease,high,d4c43eb1152aa5e6d3638bace0a5ec153e212f355dbbfe0f23b4e631cea96cb2,False,
DA_d2_heldout200b/563,DA_d2_heldout200b,DA,563,evidence_count_control,True,False,False,10,Alcoholic pancreatitis,Sepsis,low,243f99f26db0617055238f767ac585ba65e7c9f7c91141398175febd9a26d321,False,
DA_d2_heldout200b/563,DA_d2_heldout200b,DA,563,e7_contrast,True,False,False,10,Sepsis due to gram-negative bacilli,Gram-negative bacillary bacteremia,high,243f99f26db0617055238f767ac585ba65e7c9f7c91141398175febd9a26d321,True,
DA_d2_heldout200b/563,DA_d2_heldout200b,DA,563,forest_evidence_integrator,True,False,False,10,Sepsis due to gram-negative bacilli,Gram-negative bacillary bacteremia,high,243f99f26db0617055238f767ac585ba65e7c9f7c91141398175febd9a26d321,False,
DA_d2_heldout200b/563,DA_d2_heldout200b,DA,563,collapse_obligation_ledger,True,False,False,10,Sepsis due to gram-negative bacilli,Gram-negative bacillary bacteremia,high,243f99f26db0617055238f767ac585ba65e7c9f7c91141398175febd9a26d321,False,
DA_d2_heldout200b/563,DA_d2_heldout200b,DA,563,pairwise_tournament,True,False,False,10,Sepsis due to gram-negative bacilli,Gram-negative bacillary bacteremia,medium,243f99f26db0617055238f767ac585ba65e7c9f7c91141398175febd9a26d321,False,
DA_d2_heldout200b/568,DA_d2_heldout200b,DA,568,evidence_count_control,True,False,False,10,Cardiac Sarcoma,Synovial Sarcoma,low,e578e137a9095f1807e8a8e4eee80f632c50d7de6dd6084d4921490f51194a0c,False,
DA_d2_heldout200b/568,DA_d2_heldout200b,DA,568,e7_contrast,True,False,False,10,Synovial Sarcoma,Cardiac Sarcoma,high,e578e137a9095f1807e8a8e4eee80f632c50d7de6dd6084d4921490f51194a0c,True,
DA_d2_heldout200b/568,DA_d2_heldout200b,DA,568,forest_evidence_integrator,True,False,False,10,Synovial Sarcoma,Cardiac Sarcoma,high,e578e137a9095f1807e8a8e4eee80f632c50d7de6dd6084d4921490f51194a0c,False,
DA_d2_heldout200b/568,DA_d2_heldout200b,DA,568,collapse_obligation_ledger,True,False,False,10,Synovial Sarcoma,Cardiac Sarcoma,high,e578e137a9095f1807e8a8e4eee80f632c50d7de6dd6084d4921490f51194a0c,False,
DA_d2_heldout200b/568,DA_d2_heldout200b,DA,568,pairwise_tournament,True,False,False,10,Synovial Sarcoma,Intimal sarcoma,high,e578e137a9095f1807e8a8e4eee80f632c50d7de6dd6084d4921490f51194a0c,False,
DA_d2_heldout200b/574,DA_d2_heldout200b,DA,574,evidence_count_control,True,False,False,10,Renovascular hypertension,Chronic kidney disease,low,71e3adfbc335d0f0333b3e78c89d3b911571e887e39ac37d0ee8b17b71f5f8f8,False,
DA_d2_heldout200b/574,DA_d2_heldout200b,DA,574,e7_contrast,True,False,False,10,Renovascular hypertension,Atherosclerotic disease,medium,71e3adfbc335d0f0333b3e78c89d3b911571e887e39ac37d0ee8b17b71f5f8f8,True,
DA_d2_heldout200b/574,DA_d2_heldout200b,DA,574,forest_evidence_integrator,True,False,False,10,Takayasu arteritis,Atherosclerotic renal artery stenosis,medium,71e3adfbc335d0f0333b3e78c89d3b911571e887e39ac37d0ee8b17b71f5f8f8,False,
DA_d2_heldout200b/574,DA_d2_heldout200b,DA,574,collapse_obligation_ledger,True,False,False,10,Takayasu arteritis,Atherosclerotic disease,high,71e3adfbc335d0f0333b3e78c89d3b911571e887e39ac37d0ee8b17b71f5f8f8,False,
DA_d2_heldout200b/574,DA_d2_heldout200b,DA,574,pairwise_tournament,True,False,False,10,Atherosclerotic renal artery stenosis,Renovascular hypertension,high,71e3adfbc335d0f0333b3e78c89d3b911571e887e39ac37d0ee8b17b71f5f8f8,False,
DA_d2_heldout200b/575,DA_d2_heldout200b,DA,575,evidence_count_control,True,False,False,10,Plasmodium falciparum malaria,Malaria,low,12b613d911185ab5638ca7700c91f4d152c149ba79212400438762c2abea72eb,False,
DA_d2_heldout200b/575,DA_d2_heldout200b,DA,575,e7_contrast,True,False,False,10,Plasmodium ovale malaria,Plasmodium falciparum malaria,high,12b613d911185ab5638ca7700c91f4d152c149ba79212400438762c2abea72eb,True,
DA_d2_heldout200b/575,DA_d2_heldout200b,DA,575,forest_evidence_integrator,True,False,False,10,Plasmodium falciparum malaria,Plasmodium ovale malaria,high,12b613d911185ab5638ca7700c91f4d152c149ba79212400438762c2abea72eb,False,
DA_d2_heldout200b/575,DA_d2_heldout200b,DA,575,collapse_obligation_ledger,True,False,False,10,Plasmodium ovale malaria,Plasmodium falciparum malaria,high,12b613d911185ab5638ca7700c91f4d152c149ba79212400438762c2abea72eb,False,
DA_d2_heldout200b/575,DA_d2_heldout200b,DA,575,pairwise_tournament,True,False,False,10,Plasmodium falciparum malaria,Malaria,high,12b613d911185ab5638ca7700c91f4d152c149ba79212400438762c2abea72eb,False,
DA_d2_heldout200b/577,DA_d2_heldout200b,DA,577,evidence_count_control,True,False,False,8,Heart Failure,Rheumatoid Arthritis,low,bbfc1682101cc8fa71c01ad42b91c7db8e9a70e4bf001eead6ede76c2286345a,False,
DA_d2_heldout200b/577,DA_d2_heldout200b,DA,577,e7_contrast,True,False,False,8,Hyperviscosity Syndrome,Rheumatoid Arthritis,high,bbfc1682101cc8fa71c01ad42b91c7db8e9a70e4bf001eead6ede76c2286345a,True,
DA_d2_heldout200b/577,DA_d2_heldout200b,DA,577,forest_evidence_integrator,True,False,False,8,Hyperviscosity Syndrome,Heart Failure,high,bbfc1682101cc8fa71c01ad42b91c7db8e9a70e4bf001eead6ede76c2286345a,False,
DA_d2_heldout200b/577,DA_d2_heldout200b,DA,577,collapse_obligation_ledger,True,False,False,8,Rheumatoid Arthritis,Hyperviscosity Syndrome,high,bbfc1682101cc8fa71c01ad42b91c7db8e9a70e4bf001eead6ede76c2286345a,False,
DA_d2_heldout200b/577,DA_d2_heldout200b,DA,577,pairwise_tournament,True,False,False,8,Rheumatoid Arthritis,Hyperviscosity Syndrome,high,bbfc1682101cc8fa71c01ad42b91c7db8e9a70e4bf001eead6ede76c2286345a,False,
DA_d2_heldout200b/578,DA_d2_heldout200b,DA,578,evidence_count_control,True,False,False,9,Squamous cell carcinoma,Pulmonary embolism,low,a1fbc0e0041e77a570f8d97e0df87261588381024c1b40d6c34d34df4fc1fa39,False,
DA_d2_heldout200b/578,DA_d2_heldout200b,DA,578,e7_contrast,True,False,False,9,Squamous cell carcinoma,Thymic carcinoma,high,a1fbc0e0041e77a570f8d97e0df87261588381024c1b40d6c34d34df4fc1fa39,True,
DA_d2_heldout200b/578,DA_d2_heldout200b,DA,578,forest_evidence_integrator,True,False,False,9,Squamous cell carcinoma,Thymic carcinoma,high,a1fbc0e0041e77a570f8d97e0df87261588381024c1b40d6c34d34df4fc1fa39,False,
DA_d2_heldout200b/578,DA_d2_heldout200b,DA,578,collapse_obligation_ledger,True,False,False,9,Squamous cell carcinoma,Thymic carcinoma,high,a1fbc0e0041e77a570f8d97e0df87261588381024c1b40d6c34d34df4fc1fa39,False,
DA_d2_heldout200b/578,DA_d2_heldout200b,DA,578,pairwise_tournament,True,False,False,9,Squamous cell carcinoma,Thymic carcinoma,high,a1fbc0e0041e77a570f8d97e0df87261588381024c1b40d6c34d34df4fc1fa39,False,
DA_d2_heldout200b/579,DA_d2_heldout200b,DA,579,evidence_count_control,True,False,False,10,Brain Abscess,Subdural Empyema,low,76acc37e90d607cb0ab8ef36eb1a9008e5eeffa5f9cb0b3f7169a696dec75ab4,False,
DA_d2_heldout200b/579,DA_d2_heldout200b,DA,579,e7_contrast,True,False,False,10,Otogenic brain abscess,Brain Abscess,high,76acc37e90d607cb0ab8ef36eb1a9008e5eeffa5f9cb0b3f7169a696dec75ab4,True,
DA_d2_heldout200b/579,DA_d2_heldout200b,DA,579,forest_evidence_integrator,True,False,False,10,Otogenic brain abscess,Brain Abscess,high,76acc37e90d607cb0ab8ef36eb1a9008e5eeffa5f9cb0b3f7169a696dec75ab4,False,
DA_d2_heldout200b/579,DA_d2_heldout200b,DA,579,collapse_obligation_ledger,True,False,False,10,Otogenic brain abscess,Brain Abscess,high,76acc37e90d607cb0ab8ef36eb1a9008e5eeffa5f9cb0b3f7169a696dec75ab4,False,
DA_d2_heldout200b/579,DA_d2_heldout200b,DA,579,pairwise_tournament,True,False,False,10,Otogenic brain abscess,Brain Abscess,high,76acc37e90d607cb0ab8ef36eb1a9008e5eeffa5f9cb0b3f7169a696dec75ab4,False,
DA_d2_heldout200b/582,DA_d2_heldout200b,DA,582,evidence_count_control,True,False,False,8,Pancreatic adenocarcinoma,Rhabdomyolysis,low,57016b821352170693cef0a9793f4ab1c0ba7cb9780ece67c7b4e8d3c21741b1,False,
DA_d2_heldout200b/582,DA_d2_heldout200b,DA,582,e7_contrast,True,False,False,8,Pancreatic ductal adenocarcinoma with paraneoplastic necrotizing myopathy,Pancreatic adenocarcinoma,high,57016b821352170693cef0a9793f4ab1c0ba7cb9780ece67c7b4e8d3c21741b1,True,
DA_d2_heldout200b/582,DA_d2_heldout200b,DA,582,forest_evidence_integrator,True,False,False,8,Pancreatic ductal adenocarcinoma with paraneoplastic necrotizing myopathy,Pancreatic adenocarcinoma,high,57016b821352170693cef0a9793f4ab1c0ba7cb9780ece67c7b4e8d3c21741b1,False,
DA_d2_heldout200b/582,DA_d2_heldout200b,DA,582,collapse_obligation_ledger,True,False,False,8,Pancreatic ductal adenocarcinoma with paraneoplastic necrotizing myopathy,Pancreatic adenocarcinoma,high,57016b821352170693cef0a9793f4ab1c0ba7cb9780ece67c7b4e8d3c21741b1,False,
DA_d2_heldout200b/582,DA_d2_heldout200b,DA,582,pairwise_tournament,True,False,False,8,Pancreatic ductal adenocarcinoma with paraneoplastic necrotizing myopathy,Pancreatic adenocarcinoma,high,57016b821352170693cef0a9793f4ab1c0ba7cb9780ece67c7b4e8d3c21741b1,False,
DA_d2_heldout200b/584,DA_d2_heldout200b,DA,584,evidence_count_control,True,False,False,10,Cirrhosis,Thrombocytopenia,low,2df32bbb099477348337a3d234e5bf0b59d0a4527400fa8092c464dc4c11189f,False,
DA_d2_heldout200b/584,DA_d2_heldout200b,DA,584,e7_contrast,True,False,False,10,Hypersplenism,Thrombocytopenia,high,2df32bbb099477348337a3d234e5bf0b59d0a4527400fa8092c464dc4c11189f,True,
DA_d2_heldout200b/584,DA_d2_heldout200b,DA,584,forest_evidence_integrator,True,False,False,10,Hypersplenism,Cirrhosis,medium,2df32bbb099477348337a3d234e5bf0b59d0a4527400fa8092c464dc4c11189f,False,
DA_d2_heldout200b/584,DA_d2_heldout200b,DA,584,collapse_obligation_ledger,True,False,False,10,Hypersplenism,Thrombotic Thrombocytopenic Purpura,high,2df32bbb099477348337a3d234e5bf0b59d0a4527400fa8092c464dc4c11189f,False,
DA_d2_heldout200b/584,DA_d2_heldout200b,DA,584,pairwise_tournament,True,False,False,10,Thrombotic Thrombocytopenic Purpura,Hypersplenism,high,2df32bbb099477348337a3d234e5bf0b59d0a4527400fa8092c464dc4c11189f,False,
DA_d2_heldout200b/587,DA_d2_heldout200b,DA,587,evidence_count_control,True,False,False,10,Cryptogenic organizing pneumonia,Lymphocytic interstitial pneumonia,low,05001b7d406d40c3a9b9a98cb0fcb89c25d177a3176199b6b96818e140262ff7,False,
DA_d2_heldout200b/587,DA_d2_heldout200b,DA,587,e7_contrast,True,False,False,10,Drug-induced pneumonitis,Drug-Induced Interstitial Lung Disease,medium,05001b7d406d40c3a9b9a98cb0fcb89c25d177a3176199b6b96818e140262ff7,True,
DA_d2_heldout200b/587,DA_d2_heldout200b,DA,587,forest_evidence_integrator,True,False,False,10,Drug-induced pneumonitis,Cryptogenic organizing pneumonia,high,05001b7d406d40c3a9b9a98cb0fcb89c25d177a3176199b6b96818e140262ff7,False,
DA_d2_heldout200b/587,DA_d2_heldout200b,DA,587,collapse_obligation_ledger,True,False,False,10,Drug-induced pneumonitis,Drug-Induced Interstitial Lung Disease,high,05001b7d406d40c3a9b9a98cb0fcb89c25d177a3176199b6b96818e140262ff7,False,
DA_d2_heldout200b/587,DA_d2_heldout200b,DA,587,pairwise_tournament,True,False,False,10,Drug-induced pneumonitis,Drug-Induced Interstitial Lung Disease,high,05001b7d406d40c3a9b9a98cb0fcb89c25d177a3176199b6b96818e140262ff7,False,
DA_d2_heldout200b/589,DA_d2_heldout200b,DA,589,evidence_count_control,True,False,False,10,Empyema,Sepsis,low,800329b83a5f00ff8c468816f880a4a073edeb6dbbcc184c96e2b6e6059b4e45,False,
DA_d2_heldout200b/589,DA_d2_heldout200b,DA,589,e7_contrast,True,False,False,10,Spontaneous Bacterial Empyema,Empyema,high,800329b83a5f00ff8c468816f880a4a073edeb6dbbcc184c96e2b6e6059b4e45,True,
DA_d2_heldout200b/589,DA_d2_heldout200b,DA,589,forest_evidence_integrator,True,False,False,10,Spontaneous Bacterial Empyema,Empyema,high,800329b83a5f00ff8c468816f880a4a073edeb6dbbcc184c96e2b6e6059b4e45,False,
DA_d2_heldout200b/589,DA_d2_heldout200b,DA,589,collapse_obligation_ledger,True,False,False,10,Spontaneous Bacterial Empyema,Empyema,high,800329b83a5f00ff8c468816f880a4a073edeb6dbbcc184c96e2b6e6059b4e45,False,
DA_d2_heldout200b/589,DA_d2_heldout200b,DA,589,pairwise_tournament,True,False,False,10,Spontaneous Bacterial Empyema,Empyema,high,800329b83a5f00ff8c468816f880a4a073edeb6dbbcc184c96e2b6e6059b4e45,False,
DA_d2_heldout200b/596,DA_d2_heldout200b,DA,596,evidence_count_control,True,False,False,8,Sarcoidosis,Multiple Myeloma,low,89c8f45720caf268eec19e84b9de79766bd6c143e4526142b169edaf25617b3f,False,
DA_d2_heldout200b/596,DA_d2_heldout200b,DA,596,e7_contrast,True,False,False,8,Sarcoidosis,Granulomatosis with polyangiitis,high,89c8f45720caf268eec19e84b9de79766bd6c143e4526142b169edaf25617b3f,True,
DA_d2_heldout200b/596,DA_d2_heldout200b,DA,596,forest_evidence_integrator,True,False,False,8,Sarcoidosis,Multiple Myeloma,high,89c8f45720caf268eec19e84b9de79766bd6c143e4526142b169edaf25617b3f,False,
DA_d2_heldout200b/596,DA_d2_heldout200b,DA,596,collapse_obligation_ledger,True,False,False,8,Sarcoidosis,Granulomatosis with polyangiitis,high,89c8f45720caf268eec19e84b9de79766bd6c143e4526142b169edaf25617b3f,False,
DA_d2_heldout200b/596,DA_d2_heldout200b,DA,596,pairwise_tournament,True,False,False,8,Sarcoidosis,Multiple Myeloma,high,89c8f45720caf268eec19e84b9de79766bd6c143e4526142b169edaf25617b3f,False,
DA_d2_heldout200b/602,DA_d2_heldout200b,DA,602,evidence_count_control,True,False,False,10,Sickle Cell Disease,Calcinosis,low,b10da4b8d295da006149ba5fe71b476c175bd9ed01ef10f1a871ffc94b5c2c4f,False,
DA_d2_heldout200b/602,DA_d2_heldout200b,DA,602,e7_contrast,True,False,False,10,Tumor calcinosis,Familial Tumoral Calcinosis,medium,b10da4b8d295da006149ba5fe71b476c175bd9ed01ef10f1a871ffc94b5c2c4f,True,
DA_d2_heldout200b/602,DA_d2_heldout200b,DA,602,forest_evidence_integrator,True,False,False,10,Tumor calcinosis,Calcinosis,high,b10da4b8d295da006149ba5fe71b476c175bd9ed01ef10f1a871ffc94b5c2c4f,False,
DA_d2_heldout200b/602,DA_d2_heldout200b,DA,602,collapse_obligation_ledger,True,False,False,10,Tumor calcinosis,Familial Tumoral Calcinosis,medium,b10da4b8d295da006149ba5fe71b476c175bd9ed01ef10f1a871ffc94b5c2c4f,False,
DA_d2_heldout200b/602,DA_d2_heldout200b,DA,602,pairwise_tournament,True,False,False,10,Tumor calcinosis,Familial Tumoral Calcinosis,medium,b10da4b8d295da006149ba5fe71b476c175bd9ed01ef10f1a871ffc94b5c2c4f,False,
DA_d2_heldout200b/603,DA_d2_heldout200b,DA,603,evidence_count_control,True,False,False,10,Atherosclerosis,Abdominal aortic aneurysm,low,bd631ca1ad8ba0627bddbe7cc13712eb6adc528d7d015de4639c544409600be7,False,
DA_d2_heldout200b/603,DA_d2_heldout200b,DA,603,e7_contrast,True,False,False,10,Abdominal aortic aneurysm,Inflammatory abdominal aortic aneurysm,high,bd631ca1ad8ba0627bddbe7cc13712eb6adc528d7d015de4639c544409600be7,True,
DA_d2_heldout200b/603,DA_d2_heldout200b,DA,603,forest_evidence_integrator,True,False,False,10,Abdominal aortic aneurysm,Mycotic aneurysm,high,bd631ca1ad8ba0627bddbe7cc13712eb6adc528d7d015de4639c544409600be7,False,
DA_d2_heldout200b/603,DA_d2_heldout200b,DA,603,collapse_obligation_ledger,True,False,False,10,Abdominal aortic aneurysm,Inflammatory abdominal aortic aneurysm,high,bd631ca1ad8ba0627bddbe7cc13712eb6adc528d7d015de4639c544409600be7,False,
DA_d2_heldout200b/603,DA_d2_heldout200b,DA,603,pairwise_tournament,True,False,False,10,Abdominal aortic aneurysm,Inflammatory abdominal aortic aneurysm,high,bd631ca1ad8ba0627bddbe7cc13712eb6adc528d7d015de4639c544409600be7,False,
DA_d2_heldout200b/604,DA_d2_heldout200b,DA,604,evidence_count_control,True,False,False,8,Lymphoma,Diffuse large B-cell lymphoma,low,81084f4f495111e26e10a456a40bfc13923ccd9277fe211167a4541ec7b1527b,False,
DA_d2_heldout200b/604,DA_d2_heldout200b,DA,604,e7_contrast,True,False,False,8,Diffuse large B-cell lymphoma,Lymphomatoid granulomatosis,high,81084f4f495111e26e10a456a40bfc13923ccd9277fe211167a4541ec7b1527b,True,
DA_d2_heldout200b/604,DA_d2_heldout200b,DA,604,forest_evidence_integrator,True,False,False,8,Diffuse large B-cell lymphoma,Lymphomatoid granulomatosis,high,81084f4f495111e26e10a456a40bfc13923ccd9277fe211167a4541ec7b1527b,False,
DA_d2_heldout200b/604,DA_d2_heldout200b,DA,604,collapse_obligation_ledger,True,False,False,8,Diffuse large B-cell lymphoma,Primary pulmonary lymphoma,high,81084f4f495111e26e10a456a40bfc13923ccd9277fe211167a4541ec7b1527b,False,
DA_d2_heldout200b/604,DA_d2_heldout200b,DA,604,pairwise_tournament,True,False,False,8,Diffuse large B-cell lymphoma,Lymphomatoid granulomatosis,high,81084f4f495111e26e10a456a40bfc13923ccd9277fe211167a4541ec7b1527b,False,
DA_d2_heldout200b/613,DA_d2_heldout200b,DA,613,evidence_count_control,True,False,False,8,Diverticulitis,Crohn's disease,low,a81a2192ef276b4c6151c8b1c9e51b3dc44c09fc958296e913eb2c0ee81b77f5,False,
DA_d2_heldout200b/613,DA_d2_heldout200b,DA,613,e7_contrast,True,False,False,8,Diverticulitis,Crohn's disease,high,a81a2192ef276b4c6151c8b1c9e51b3dc44c09fc958296e913eb2c0ee81b77f5,True,
DA_d2_heldout200b/613,DA_d2_heldout200b,DA,613,forest_evidence_integrator,True,False,False,8,Diverticulitis,Crohn's disease,high,a81a2192ef276b4c6151c8b1c9e51b3dc44c09fc958296e913eb2c0ee81b77f5,False,
DA_d2_heldout200b/613,DA_d2_heldout200b,DA,613,collapse_obligation_ledger,True,False,False,8,Diverticulitis,Crohn's disease,high,a81a2192ef276b4c6151c8b1c9e51b3dc44c09fc958296e913eb2c0ee81b77f5,False,
DA_d2_heldout200b/613,DA_d2_heldout200b,DA,613,pairwise_tournament,True,False,False,8,Diverticulitis,Crohn's disease,high,a81a2192ef276b4c6151c8b1c9e51b3dc44c09fc958296e913eb2c0ee81b77f5,False,
DA_d2_heldout200b/615,DA_d2_heldout200b,DA,615,evidence_count_control,True,False,False,7,Osteomyelitis,Diabetic foot infection,low,860e2c74d37b520e2cd651230520b02755f44596d5fa3e7cd6e3026ef0494861,False,
DA_d2_heldout200b/615,DA_d2_heldout200b,DA,615,e7_contrast,True,False,False,7,Klebsiella pneumoniae liver abscess,Klebsiella pneumoniae infection,high,860e2c74d37b520e2cd651230520b02755f44596d5fa3e7cd6e3026ef0494861,True,
DA_d2_heldout200b/615,DA_d2_heldout200b,DA,615,forest_evidence_integrator,True,False,False,7,Klebsiella pneumoniae liver abscess,Klebsiella pneumoniae infection,high,860e2c74d37b520e2cd651230520b02755f44596d5fa3e7cd6e3026ef0494861,False,
DA_d2_heldout200b/615,DA_d2_heldout200b,DA,615,collapse_obligation_ledger,True,False,False,7,Klebsiella pneumoniae liver abscess,Klebsiella pneumoniae infection,high,860e2c74d37b520e2cd651230520b02755f44596d5fa3e7cd6e3026ef0494861,False,
DA_d2_heldout200b/615,DA_d2_heldout200b,DA,615,pairwise_tournament,True,False,False,7,Klebsiella pneumoniae liver abscess,Klebsiella pneumoniae infection,high,860e2c74d37b520e2cd651230520b02755f44596d5fa3e7cd6e3026ef0494861,False,
DA_d2_heldout200b/619,DA_d2_heldout200b,DA,619,evidence_count_control,True,False,False,10,Acute Interstitial Pneumonia,COVID-19 vaccine-induced thrombocytopenia,low,de39d9db4e1ad86b76ba0c6253f386ba89b12a1a6dc1985cf147e05c04c66182,False,
DA_d2_heldout200b/619,DA_d2_heldout200b,DA,619,e7_contrast,True,False,False,10,Microscopic polyangiitis,Myocarditis,medium,de39d9db4e1ad86b76ba0c6253f386ba89b12a1a6dc1985cf147e05c04c66182,True,
DA_d2_heldout200b/619,DA_d2_heldout200b,DA,619,forest_evidence_integrator,True,False,False,10,Microscopic polyangiitis,Pulmonary capillaritis,high,de39d9db4e1ad86b76ba0c6253f386ba89b12a1a6dc1985cf147e05c04c66182,False,
DA_d2_heldout200b/619,DA_d2_heldout200b,DA,619,collapse_obligation_ledger,True,False,False,10,Microscopic polyangiitis,Myocarditis,high,de39d9db4e1ad86b76ba0c6253f386ba89b12a1a6dc1985cf147e05c04c66182,False,
DA_d2_heldout200b/619,DA_d2_heldout200b,DA,619,pairwise_tournament,True,False,False,10,Microscopic polyangiitis,Systemic Vasculitis,high,de39d9db4e1ad86b76ba0c6253f386ba89b12a1a6dc1985cf147e05c04c66182,False,
DA_d2_heldout200b/620,DA_d2_heldout200b,DA,620,evidence_count_control,True,False,False,10,Hepatosplenic Candidiasis,Invasive Aspergillosis,low,37295af2cf648c084675ad785f8b8a4f4f3c7df49dc1f50e36b9f5cf82478d48,False,
DA_d2_heldout200b/620,DA_d2_heldout200b,DA,620,e7_contrast,True,False,False,10,Hepatosplenic Candidiasis,Chronic Disseminated Candidiasis,high,37295af2cf648c084675ad785f8b8a4f4f3c7df49dc1f50e36b9f5cf82478d48,True,
DA_d2_heldout200b/620,DA_d2_heldout200b,DA,620,forest_evidence_integrator,True,False,False,10,Hepatosplenic Candidiasis,Chronic Disseminated Candidiasis,high,37295af2cf648c084675ad785f8b8a4f4f3c7df49dc1f50e36b9f5cf82478d48,False,
DA_d2_heldout200b/620,DA_d2_heldout200b,DA,620,collapse_obligation_ledger,True,False,False,10,Hepatosplenic Candidiasis,Chronic Disseminated Candidiasis,low,37295af2cf648c084675ad785f8b8a4f4f3c7df49dc1f50e36b9f5cf82478d48,False,
DA_d2_heldout200b/620,DA_d2_heldout200b,DA,620,pairwise_tournament,True,False,False,10,Invasive Aspergillosis,Hepatosplenic Candidiasis,high,37295af2cf648c084675ad785f8b8a4f4f3c7df49dc1f50e36b9f5cf82478d48,False,
DA_d2_heldout200b/629,DA_d2_heldout200b,DA,629,evidence_count_control,True,False,False,6,Disseminated Intravascular Coagulation,Thrombotic Thrombocytopenic Purpura,low,a6487f78b1abfe59ea90e1a159a7a73427a34f8efe5dfa5bb4da477c171725f6,False,
DA_d2_heldout200b/629,DA_d2_heldout200b,DA,629,e7_contrast,True,False,False,6,Thrombotic Thrombocytopenic Purpura,Hemolytic Uremic Syndrome,medium,a6487f78b1abfe59ea90e1a159a7a73427a34f8efe5dfa5bb4da477c171725f6,True,
DA_d2_heldout200b/629,DA_d2_heldout200b,DA,629,forest_evidence_integrator,True,False,False,6,Thrombotic Thrombocytopenic Purpura,Hemolytic Uremic Syndrome,high,a6487f78b1abfe59ea90e1a159a7a73427a34f8efe5dfa5bb4da477c171725f6,False,
DA_d2_heldout200b/629,DA_d2_heldout200b,DA,629,collapse_obligation_ledger,True,False,False,6,Thrombotic Thrombocytopenic Purpura,Thrombotic Microangiopathy,high,a6487f78b1abfe59ea90e1a159a7a73427a34f8efe5dfa5bb4da477c171725f6,False,
DA_d2_heldout200b/629,DA_d2_heldout200b,DA,629,pairwise_tournament,True,False,False,6,Hemolytic Uremic Syndrome,Thrombotic Thrombocytopenic Purpura,medium,a6487f78b1abfe59ea90e1a159a7a73427a34f8efe5dfa5bb4da477c171725f6,False,
DA_d2_heldout200b/630,DA_d2_heldout200b,DA,630,evidence_count_control,True,False,False,7,Histoplasmosis,Blastomycosis,low,a7c6fcf08fe363e488c707cec77721242798f7c58fdac42ef7eeb328a412e57f,False,
DA_d2_heldout200b/630,DA_d2_heldout200b,DA,630,e7_contrast,True,False,False,7,Blastomycosis,Histoplasmosis,high,a7c6fcf08fe363e488c707cec77721242798f7c58fdac42ef7eeb328a412e57f,True,
DA_d2_heldout200b/630,DA_d2_heldout200b,DA,630,forest_evidence_integrator,True,False,False,7,Blastomycosis,Histoplasmosis,high,a7c6fcf08fe363e488c707cec77721242798f7c58fdac42ef7eeb328a412e57f,False,
DA_d2_heldout200b/630,DA_d2_heldout200b,DA,630,collapse_obligation_ledger,True,False,False,7,Blastomycosis,Disseminated fungal infection,high,a7c6fcf08fe363e488c707cec77721242798f7c58fdac42ef7eeb328a412e57f,False,
DA_d2_heldout200b/630,DA_d2_heldout200b,DA,630,pairwise_tournament,True,False,False,7,Blastomycosis,Histoplasmosis,high,a7c6fcf08fe363e488c707cec77721242798f7c58fdac42ef7eeb328a412e57f,False,
DA_d2_heldout200b/634,DA_d2_heldout200b,DA,634,evidence_count_control,True,False,False,10,Colorectal cancer,Sigmoid cancer,low,7eb33d4945652ad877a62181a65a12c87bcc49c01555579bd064d11652928e35,False,
DA_d2_heldout200b/634,DA_d2_heldout200b,DA,634,e7_contrast,True,False,False,10,Sigmoid Sarcoma,Sigmoid Lymphoma,high,7eb33d4945652ad877a62181a65a12c87bcc49c01555579bd064d11652928e35,True,
DA_d2_heldout200b/634,DA_d2_heldout200b,DA,634,forest_evidence_integrator,True,False,False,10,Sigmoid Sarcoma,,high,7eb33d4945652ad877a62181a65a12c87bcc49c01555579bd064d11652928e35,False,
DA_d2_heldout200b/634,DA_d2_heldout200b,DA,634,collapse_obligation_ledger,True,False,False,10,Sigmoid Sarcoma,,high,7eb33d4945652ad877a62181a65a12c87bcc49c01555579bd064d11652928e35,False,
DA_d2_heldout200b/634,DA_d2_heldout200b,DA,634,pairwise_tournament,True,False,False,10,Sigmoid Sarcoma,Gastrointestinal stromal tumor (GIST),high,7eb33d4945652ad877a62181a65a12c87bcc49c01555579bd064d11652928e35,False,
DA_d2_heldout200b/636,DA_d2_heldout200b,DA,636,evidence_count_control,True,False,False,9,Hyperprolactinemia,Puerperal mastitis,low,666026b6d60fd6de79c302ab0c5aec7bad68ab8f6c6462676f5d16231ca6d4b0,False,
DA_d2_heldout200b/636,DA_d2_heldout200b,DA,636,e7_contrast,True,False,False,9,Puerperal mastitis,Lactational mastitis,high,666026b6d60fd6de79c302ab0c5aec7bad68ab8f6c6462676f5d16231ca6d4b0,True,
DA_d2_heldout200b/636,DA_d2_heldout200b,DA,636,forest_evidence_integrator,True,False,False,9,Puerperal mastitis,Mastitis,high,666026b6d60fd6de79c302ab0c5aec7bad68ab8f6c6462676f5d16231ca6d4b0,False,
DA_d2_heldout200b/636,DA_d2_heldout200b,DA,636,collapse_obligation_ledger,True,False,False,9,Lactational mastitis,Puerperal mastitis,high,666026b6d60fd6de79c302ab0c5aec7bad68ab8f6c6462676f5d16231ca6d4b0,False,
DA_d2_heldout200b/636,DA_d2_heldout200b,DA,636,pairwise_tournament,True,False,False,9,Lactational mastitis,Puerperal mastitis,low,666026b6d60fd6de79c302ab0c5aec7bad68ab8f6c6462676f5d16231ca6d4b0,False,
DA_d2_heldout200b/644,DA_d2_heldout200b,DA,644,evidence_count_control,True,False,False,8,Paraganglioma,Hypertensive Emergency,low,8b64460720e83650a366834d4eef426507715facdf5fd174870c3052204112da,False,
DA_d2_heldout200b/644,DA_d2_heldout200b,DA,644,e7_contrast,True,False,False,8,Bladder paraganglioma,Paraganglioma,high,8b64460720e83650a366834d4eef426507715facdf5fd174870c3052204112da,True,
DA_d2_heldout200b/644,DA_d2_heldout200b,DA,644,forest_evidence_integrator,True,False,False,8,Bladder paraganglioma,Paraganglioma,high,8b64460720e83650a366834d4eef426507715facdf5fd174870c3052204112da,False,
DA_d2_heldout200b/644,DA_d2_heldout200b,DA,644,collapse_obligation_ledger,True,False,False,8,Bladder paraganglioma,Paraganglioma,high,8b64460720e83650a366834d4eef426507715facdf5fd174870c3052204112da,False,
DA_d2_heldout200b/644,DA_d2_heldout200b,DA,644,pairwise_tournament,True,False,False,8,Bladder paraganglioma,Paraganglioma,high,8b64460720e83650a366834d4eef426507715facdf5fd174870c3052204112da,False,
DA_d2_heldout200b/645,DA_d2_heldout200b,DA,645,evidence_count_control,True,False,False,10,Epilepsy,Posterior Reversible Encephalopathy Syndrome (PRES),low,a275f371582996bffddc0005677737fc41e912b12b63953448e347a9939b12da,False,
DA_d2_heldout200b/645,DA_d2_heldout200b,DA,645,e7_contrast,True,False,False,10,Abdominal epilepsy,Epilepsy,high,a275f371582996bffddc0005677737fc41e912b12b63953448e347a9939b12da,True,
DA_d2_heldout200b/645,DA_d2_heldout200b,DA,645,forest_evidence_integrator,True,False,False,10,Abdominal epilepsy,Epilepsy,high,a275f371582996bffddc0005677737fc41e912b12b63953448e347a9939b12da,False,
DA_d2_heldout200b/645,DA_d2_heldout200b,DA,645,collapse_obligation_ledger,True,False,False,10,Abdominal epilepsy,Epilepsy,high,a275f371582996bffddc0005677737fc41e912b12b63953448e347a9939b12da,False,
DA_d2_heldout200b/645,DA_d2_heldout200b,DA,645,pairwise_tournament,True,False,False,10,Abdominal epilepsy,Epilepsy,high,a275f371582996bffddc0005677737fc41e912b12b63953448e347a9939b12da,False,
DA_d2_heldout200b/646,DA_d2_heldout200b,DA,646,evidence_count_control,True,False,False,9,Radiation Proctitis,Chronic Radiation Injury,low,bdee71fd91e80edbc1f19c1973413eef6c0ce920e2479fb47bbf7f81ebcfa68c,False,
DA_d2_heldout200b/646,DA_d2_heldout200b,DA,646,e7_contrast,True,False,False,9,Chronic radiation-induced rectal ulcer,Radiation Proctitis,high,bdee71fd91e80edbc1f19c1973413eef6c0ce920e2479fb47bbf7f81ebcfa68c,True,
DA_d2_heldout200b/646,DA_d2_heldout200b,DA,646,forest_evidence_integrator,True,False,False,9,Chronic radiation-induced rectal ulcer,Radiation Proctitis,high,bdee71fd91e80edbc1f19c1973413eef6c0ce920e2479fb47bbf7f81ebcfa68c,False,
DA_d2_heldout200b/646,DA_d2_heldout200b,DA,646,collapse_obligation_ledger,True,False,False,9,Chronic radiation-induced rectal ulcer,Radiation Proctitis,medium,bdee71fd91e80edbc1f19c1973413eef6c0ce920e2479fb47bbf7f81ebcfa68c,False,
DA_d2_heldout200b/646,DA_d2_heldout200b,DA,646,pairwise_tournament,True,False,False,9,Chronic radiation-induced rectal ulcer,Chronic Radiation Injury,medium,bdee71fd91e80edbc1f19c1973413eef6c0ce920e2479fb47bbf7f81ebcfa68c,False,
DA_d2_heldout200b/650,DA_d2_heldout200b,DA,650,evidence_count_control,True,False,False,8,Catecholaminergic Polymorphic Ventricular Tachycardia,Long QT Syndrome,low,a0853747b24d84e9c9c3ef3afa626764e4abf351d55b108038975b836d6dda3a,False,
DA_d2_heldout200b/650,DA_d2_heldout200b,DA,650,e7_contrast,True,False,False,8,Idiopathic ventricular fibrillation,Catecholaminergic Polymorphic Ventricular Tachycardia,medium,a0853747b24d84e9c9c3ef3afa626764e4abf351d55b108038975b836d6dda3a,True,
DA_d2_heldout200b/650,DA_d2_heldout200b,DA,650,forest_evidence_integrator,True,False,False,8,Catecholaminergic Polymorphic Ventricular Tachycardia,Idiopathic ventricular fibrillation,medium,a0853747b24d84e9c9c3ef3afa626764e4abf351d55b108038975b836d6dda3a,False,
DA_d2_heldout200b/650,DA_d2_heldout200b,DA,650,collapse_obligation_ledger,True,False,False,8,Idiopathic ventricular fibrillation,Catecholaminergic Polymorphic Ventricular Tachycardia,high,a0853747b24d84e9c9c3ef3afa626764e4abf351d55b108038975b836d6dda3a,False,
DA_d2_heldout200b/650,DA_d2_heldout200b,DA,650,pairwise_tournament,True,False,False,8,Idiopathic ventricular fibrillation,Catecholaminergic Polymorphic Ventricular Tachycardia,high,a0853747b24d84e9c9c3ef3afa626764e4abf351d55b108038975b836d6dda3a,False,
DA_d2_heldout200b/652,DA_d2_heldout200b,DA,652,evidence_count_control,True,False,False,9,Catheter-related bloodstream infection,Heart failure,low,62a3d4668e19a0d4ec335286b57c7ce8851dd3d119cf75489d577fb54add12cb,False,
DA_d2_heldout200b/652,DA_d2_heldout200b,DA,652,e7_contrast,True,False,False,9,Catheter-related bloodstream infection,Gram-negative bacteremia,medium,62a3d4668e19a0d4ec335286b57c7ce8851dd3d119cf75489d577fb54add12cb,True,
DA_d2_heldout200b/652,DA_d2_heldout200b,DA,652,forest_evidence_integrator,True,False,False,9,Gram-negative sepsis,Gram-negative bacteremia,high,62a3d4668e19a0d4ec335286b57c7ce8851dd3d119cf75489d577fb54add12cb,False,
DA_d2_heldout200b/652,DA_d2_heldout200b,DA,652,collapse_obligation_ledger,True,False,False,9,Gram-negative bacteremia,Gram-negative sepsis,high,62a3d4668e19a0d4ec335286b57c7ce8851dd3d119cf75489d577fb54add12cb,False,
DA_d2_heldout200b/652,DA_d2_heldout200b,DA,652,pairwise_tournament,True,False,False,9,Gram-negative bacteremia,Gram-negative sepsis,high,62a3d4668e19a0d4ec335286b57c7ce8851dd3d119cf75489d577fb54add12cb,False,
DA_d2_heldout200b/653,DA_d2_heldout200b,DA,653,evidence_count_control,True,False,False,10,Pyelonephritis,Hepatic artery thrombosis,low,2f2fd8ef5edbaf9c4a2be0f6ec3bba2798cc71d96bc2e6421d19346b70f3c9e7,False,
DA_d2_heldout200b/653,DA_d2_heldout200b,DA,653,e7_contrast,True,False,False,10,Hepatic artery thrombosis,Hepatic Artery Aneurysm,medium,2f2fd8ef5edbaf9c4a2be0f6ec3bba2798cc71d96bc2e6421d19346b70f3c9e7,True,
DA_d2_heldout200b/653,DA_d2_heldout200b,DA,653,forest_evidence_integrator,True,False,False,10,Hepatic artery thrombosis,Hepatic Artery Aneurysm,high,2f2fd8ef5edbaf9c4a2be0f6ec3bba2798cc71d96bc2e6421d19346b70f3c9e7,False,
DA_d2_heldout200b/653,DA_d2_heldout200b,DA,653,collapse_obligation_ledger,True,False,False,10,Hepatic Artery Aneurysm,Hepatic artery thrombosis,high,2f2fd8ef5edbaf9c4a2be0f6ec3bba2798cc71d96bc2e6421d19346b70f3c9e7,False,
DA_d2_heldout200b/653,DA_d2_heldout200b,DA,653,pairwise_tournament,True,False,False,10,Hepatic artery thrombosis,Hepatic Artery Aneurysm,high,2f2fd8ef5edbaf9c4a2be0f6ec3bba2798cc71d96bc2e6421d19346b70f3c9e7,False,
DA_d2_heldout200b/660,DA_d2_heldout200b,DA,660,evidence_count_control,True,False,False,10,Metastatic cancer,Ovarian cancer,low,41ea08bca56420586478762b16f5df1fd4bb83f310220230dbd029e71b271d21,False,
DA_d2_heldout200b/660,DA_d2_heldout200b,DA,660,e7_contrast,True,False,False,10,Ovarian cancer with BRCA-1 mutation,High-grade serous carcinoma,medium,41ea08bca56420586478762b16f5df1fd4bb83f310220230dbd029e71b271d21,True,
DA_d2_heldout200b/660,DA_d2_heldout200b,DA,660,forest_evidence_integrator,True,False,False,10,Ovarian serous adenocarcinoma,Ovarian cancer,high,41ea08bca56420586478762b16f5df1fd4bb83f310220230dbd029e71b271d21,False,
DA_d2_heldout200b/660,DA_d2_heldout200b,DA,660,collapse_obligation_ledger,True,False,False,10,Serous adenocarcinoma of the ovary,Ovarian serous adenocarcinoma,high,41ea08bca56420586478762b16f5df1fd4bb83f310220230dbd029e71b271d21,False,
DA_d2_heldout200b/660,DA_d2_heldout200b,DA,660,pairwise_tournament,True,False,False,10,Ovarian serous adenocarcinoma,Serous adenocarcinoma of the ovary,high,41ea08bca56420586478762b16f5df1fd4bb83f310220230dbd029e71b271d21,False,
DA_d2_heldout200b/662,DA_d2_heldout200b,DA,662,evidence_count_control,True,False,False,10,Systemic Juvenile Idiopathic Arthritis,Hemophagocytic Lymphohistiocytosis,low,e0a489f4b8c53c9145e78b4201c92e18051900ad38c1a00760d5f8cc9a716f54,False,
DA_d2_heldout200b/662,DA_d2_heldout200b,DA,662,e7_contrast,True,False,False,10,Hemophagocytic Lymphohistiocytosis,Hemophagocytic Lymphohistiocytosis (HLH),high,e0a489f4b8c53c9145e78b4201c92e18051900ad38c1a00760d5f8cc9a716f54,True,
DA_d2_heldout200b/662,DA_d2_heldout200b,DA,662,forest_evidence_integrator,True,False,False,10,Hemophagocytic Lymphohistiocytosis,Macrophage Activation Syndrome,high,e0a489f4b8c53c9145e78b4201c92e18051900ad38c1a00760d5f8cc9a716f54,False,
DA_d2_heldout200b/662,DA_d2_heldout200b,DA,662,collapse_obligation_ledger,True,False,False,10,Hemophagocytic Lymphohistiocytosis,Macrophage Activation Syndrome,high,e0a489f4b8c53c9145e78b4201c92e18051900ad38c1a00760d5f8cc9a716f54,False,
DA_d2_heldout200b/662,DA_d2_heldout200b,DA,662,pairwise_tournament,True,False,False,10,Hemophagocytic Lymphohistiocytosis,Macrophage Activation Syndrome,high,e0a489f4b8c53c9145e78b4201c92e18051900ad38c1a00760d5f8cc9a716f54,False,
DA_d2_heldout200b/665,DA_d2_heldout200b,DA,665,evidence_count_control,True,False,False,10,Squamous cell carcinoma of the tongue,Tongue atrophy and deviation due to tumor invasion,low,6f9dfd5739904dd9c6536f27c33a42227d01a26040078b6ed5f6b09655fdcf96,False,
DA_d2_heldout200b/665,DA_d2_heldout200b,DA,665,e7_contrast,True,False,False,10,Squamous cell carcinoma of the tongue,Oral cavity squamous cell carcinoma,high,6f9dfd5739904dd9c6536f27c33a42227d01a26040078b6ed5f6b09655fdcf96,True,
DA_d2_heldout200b/665,DA_d2_heldout200b,DA,665,forest_evidence_integrator,True,False,False,10,Squamous cell carcinoma of the tongue,Oral cavity squamous cell carcinoma,high,6f9dfd5739904dd9c6536f27c33a42227d01a26040078b6ed5f6b09655fdcf96,False,
DA_d2_heldout200b/665,DA_d2_heldout200b,DA,665,collapse_obligation_ledger,True,False,False,10,Squamous cell carcinoma of the tongue,Oral cavity squamous cell carcinoma,high,6f9dfd5739904dd9c6536f27c33a42227d01a26040078b6ed5f6b09655fdcf96,False,
DA_d2_heldout200b/665,DA_d2_heldout200b,DA,665,pairwise_tournament,True,False,False,10,Squamous cell carcinoma of the tongue,Oral cavity squamous cell carcinoma,medium,6f9dfd5739904dd9c6536f27c33a42227d01a26040078b6ed5f6b09655fdcf96,False,
DA_d2_heldout200b/666,DA_d2_heldout200b,DA,666,evidence_count_control,True,False,False,10,Diffuse idiopathic skeletal hyperostosis,Cervical spondylosis,low,8d95c4e244b280e2ee355c15245c401a9ee547b5137081c15c2b605eda45c99d,False,
DA_d2_heldout200b/666,DA_d2_heldout200b,DA,666,e7_contrast,True,False,False,10,Dropped head syndrome,Cervical Kyphosis,medium,8d95c4e244b280e2ee355c15245c401a9ee547b5137081c15c2b605eda45c99d,True,
DA_d2_heldout200b/666,DA_d2_heldout200b,DA,666,forest_evidence_integrator,True,False,False,10,Dropped head syndrome,Cervical Kyphosis,high,8d95c4e244b280e2ee355c15245c401a9ee547b5137081c15c2b605eda45c99d,False,
DA_d2_heldout200b/666,DA_d2_heldout200b,DA,666,collapse_obligation_ledger,True,False,False,10,Dropped head syndrome,Cervical Kyphosis,high,8d95c4e244b280e2ee355c15245c401a9ee547b5137081c15c2b605eda45c99d,False,
DA_d2_heldout200b/666,DA_d2_heldout200b,DA,666,pairwise_tournament,True,False,False,10,Cervical spondylosis,Cervical Kyphosis,medium,8d95c4e244b280e2ee355c15245c401a9ee547b5137081c15c2b605eda45c99d,False,
DA_d2_heldout200b/676,DA_d2_heldout200b,DA,676,evidence_count_control,True,False,False,10,Catatonia,Malignant Catatonia,low,99e05061073f5f52caa6c4c6ba6d9681382d17f094216447e07720732310f731,False,
DA_d2_heldout200b/676,DA_d2_heldout200b,DA,676,e7_contrast,True,False,False,10,Neuroleptic Malignant Syndrome,Malignant Catatonia,medium,99e05061073f5f52caa6c4c6ba6d9681382d17f094216447e07720732310f731,True,
DA_d2_heldout200b/676,DA_d2_heldout200b,DA,676,forest_evidence_integrator,True,False,False,10,Malignant Catatonia,Neuroleptic Malignant Syndrome,high,99e05061073f5f52caa6c4c6ba6d9681382d17f094216447e07720732310f731,False,
DA_d2_heldout200b/676,DA_d2_heldout200b,DA,676,collapse_obligation_ledger,True,False,False,10,Neuroleptic Malignant Syndrome,Malignant Catatonia,high,99e05061073f5f52caa6c4c6ba6d9681382d17f094216447e07720732310f731,False,
DA_d2_heldout200b/676,DA_d2_heldout200b,DA,676,pairwise_tournament,True,False,False,10,Malignant Catatonia,Neuroleptic Malignant Syndrome,medium,99e05061073f5f52caa6c4c6ba6d9681382d17f094216447e07720732310f731,False,
DA_d2_heldout200b/677,DA_d2_heldout200b,DA,677,evidence_count_control,True,False,False,8,Schwannoma,Hemangioma,low,cdbdd0c8c497757a7ecf3a94bdabb13fe304cd491945379a7dca07c7f913e09c,False,
DA_d2_heldout200b/677,DA_d2_heldout200b,DA,677,e7_contrast,True,False,False,8,Schwannoma,Neurofibroma,high,cdbdd0c8c497757a7ecf3a94bdabb13fe304cd491945379a7dca07c7f913e09c,True,
DA_d2_heldout200b/677,DA_d2_heldout200b,DA,677,forest_evidence_integrator,True,False,False,8,Schwannoma,Neurofibroma,high,cdbdd0c8c497757a7ecf3a94bdabb13fe304cd491945379a7dca07c7f913e09c,False,
DA_d2_heldout200b/677,DA_d2_heldout200b,DA,677,collapse_obligation_ledger,True,False,False,8,Schwannoma,Neurofibroma,high,cdbdd0c8c497757a7ecf3a94bdabb13fe304cd491945379a7dca07c7f913e09c,False,
DA_d2_heldout200b/677,DA_d2_heldout200b,DA,677,pairwise_tournament,True,False,False,8,Schwannoma,Neurofibroma,high,cdbdd0c8c497757a7ecf3a94bdabb13fe304cd491945379a7dca07c7f913e09c,False,
DA_d2_heldout200b/678,DA_d2_heldout200b,DA,678,evidence_count_control,True,False,False,10,Tuberous Sclerosis Complex,Subependymal Giant Cell Astrocytoma,low,2d2d50d4600e1efb8fc7da06d84806a427ae4148e9bd260afef60306c257ef51,False,
DA_d2_heldout200b/678,DA_d2_heldout200b,DA,678,e7_contrast,True,False,False,10,Tuberous Sclerosis Complex,Subependymal Giant Cell Astrocytoma,high,2d2d50d4600e1efb8fc7da06d84806a427ae4148e9bd260afef60306c257ef51,True,
DA_d2_heldout200b/678,DA_d2_heldout200b,DA,678,forest_evidence_integrator,True,False,False,10,Tuberous Sclerosis Complex,Subependymal Giant Cell Astrocytoma,high,2d2d50d4600e1efb8fc7da06d84806a427ae4148e9bd260afef60306c257ef51,False,
DA_d2_heldout200b/678,DA_d2_heldout200b,DA,678,collapse_obligation_ledger,True,False,False,10,Tuberous Sclerosis Complex,Subependymal Giant Cell Astrocytoma,high,2d2d50d4600e1efb8fc7da06d84806a427ae4148e9bd260afef60306c257ef51,False,
DA_d2_heldout200b/678,DA_d2_heldout200b,DA,678,pairwise_tournament,True,False,False,10,Tuberous Sclerosis Complex,Subependymal Giant Cell Astrocytoma,high,2d2d50d4600e1efb8fc7da06d84806a427ae4148e9bd260afef60306c257ef51,False,
DA_d2_heldout200b/679,DA_d2_heldout200b,DA,679,evidence_count_control,True,False,False,10,Ureteral obstruction,Sciatic hernia,low,6f765fc5d176b8c85da7b71e090400dc951d370d17a8116f9a9ce9aa40308659,False,
DA_d2_heldout200b/679,DA_d2_heldout200b,DA,679,e7_contrast,True,False,False,10,Sciatic hernia,Ureteral obstruction due to herniation,high,6f765fc5d176b8c85da7b71e090400dc951d370d17a8116f9a9ce9aa40308659,True,
DA_d2_heldout200b/679,DA_d2_heldout200b,DA,679,forest_evidence_integrator,True,False,False,10,Sciatic hernia,Ureteral obstruction due to herniation,high,6f765fc5d176b8c85da7b71e090400dc951d370d17a8116f9a9ce9aa40308659,False,
DA_d2_heldout200b/679,DA_d2_heldout200b,DA,679,collapse_obligation_ledger,True,False,False,10,Sciatic hernia,Ureteral obstruction due to herniation,high,6f765fc5d176b8c85da7b71e090400dc951d370d17a8116f9a9ce9aa40308659,False,
DA_d2_heldout200b/679,DA_d2_heldout200b,DA,679,pairwise_tournament,True,False,False,10,Sciatic hernia,Ureteral obstruction due to herniation,high,6f765fc5d176b8c85da7b71e090400dc951d370d17a8116f9a9ce9aa40308659,False,
DA_d2_heldout200b/685,DA_d2_heldout200b,DA,685,evidence_count_control,True,False,False,10,Chemotherapy-Induced Cardiotoxicity,Cardiomyopathy,low,ea650e12b7984abd26f69777f0f8bc5de350832bb0f37cf5c171bce783d7ae77,False,
DA_d2_heldout200b/685,DA_d2_heldout200b,DA,685,e7_contrast,True,False,False,10,Chemotherapy-Induced Cardiotoxicity,Cardiomyopathy due to chemotherapy,medium,ea650e12b7984abd26f69777f0f8bc5de350832bb0f37cf5c171bce783d7ae77,True,
DA_d2_heldout200b/685,DA_d2_heldout200b,DA,685,forest_evidence_integrator,True,False,False,10,Chemotherapy-Induced Cardiotoxicity,Cardiomyopathy due to chemotherapy,medium,ea650e12b7984abd26f69777f0f8bc5de350832bb0f37cf5c171bce783d7ae77,False,
DA_d2_heldout200b/685,DA_d2_heldout200b,DA,685,collapse_obligation_ledger,True,False,False,10,Chemotherapy-Induced Cardiotoxicity,Cardiomyopathy due to chemotherapy,high,ea650e12b7984abd26f69777f0f8bc5de350832bb0f37cf5c171bce783d7ae77,False,
DA_d2_heldout200b/685,DA_d2_heldout200b,DA,685,pairwise_tournament,True,False,False,10,Chemotherapy-Induced Cardiotoxicity,Atrial Premature Beats,medium,ea650e12b7984abd26f69777f0f8bc5de350832bb0f37cf5c171bce783d7ae77,False,
DA_d2_heldout200b/686,DA_d2_heldout200b,DA,686,evidence_count_control,True,False,False,10,Left Ventricular Assist Device Complication,Bronchial Compression,low,e00eb37bdcc1adc30ea21e87150f6d146d84822b3b1a6a1e061c2c6a44d60cd0,False,
DA_d2_heldout200b/686,DA_d2_heldout200b,DA,686,e7_contrast,True,False,False,10,Cardiac allograft compression of the left bronchus,Bronchial Compression,high,e00eb37bdcc1adc30ea21e87150f6d146d84822b3b1a6a1e061c2c6a44d60cd0,True,
DA_d2_heldout200b/686,DA_d2_heldout200b,DA,686,forest_evidence_integrator,True,False,False,10,Cardiac allograft compression of the left bronchus,Bronchial Compression,high,e00eb37bdcc1adc30ea21e87150f6d146d84822b3b1a6a1e061c2c6a44d60cd0,False,
DA_d2_heldout200b/686,DA_d2_heldout200b,DA,686,collapse_obligation_ledger,True,False,False,10,Cardiac Allograft Remodeling,Cardiac allograft compression of the left bronchus,medium,e00eb37bdcc1adc30ea21e87150f6d146d84822b3b1a6a1e061c2c6a44d60cd0,False,
DA_d2_heldout200b/686,DA_d2_heldout200b,DA,686,pairwise_tournament,True,False,False,10,Cardiac allograft compression of the left bronchus,Bronchial Compression,high,e00eb37bdcc1adc30ea21e87150f6d146d84822b3b1a6a1e061c2c6a44d60cd0,False,
DA_d2_heldout200b/687,DA_d2_heldout200b,DA,687,evidence_count_control,True,False,False,10,Epstein-Barr virus encephalitis,Meningoencephalitis,low,9e6329219c2d9b40a7d163dbfb3241f232fc8754d9b2889d86cce213552bdb83,False,
DA_d2_heldout200b/687,DA_d2_heldout200b,DA,687,e7_contrast,True,False,False,10,Epstein-Barr Virus (EBV) Encephalitis,Meningoencephalitis,high,9e6329219c2d9b40a7d163dbfb3241f232fc8754d9b2889d86cce213552bdb83,True,
DA_d2_heldout200b/687,DA_d2_heldout200b,DA,687,forest_evidence_integrator,True,False,False,10,Epstein-Barr virus encephalitis,Meningoencephalitis,high,9e6329219c2d9b40a7d163dbfb3241f232fc8754d9b2889d86cce213552bdb83,False,
DA_d2_heldout200b/687,DA_d2_heldout200b,DA,687,collapse_obligation_ledger,True,False,False,10,Epstein-Barr virus encephalitis,Epstein-Barr Virus (EBV) Encephalitis,high,9e6329219c2d9b40a7d163dbfb3241f232fc8754d9b2889d86cce213552bdb83,False,
DA_d2_heldout200b/687,DA_d2_heldout200b,DA,687,pairwise_tournament,True,False,False,10,Epstein-Barr virus encephalitis,Meningoencephalitis,high,9e6329219c2d9b40a7d163dbfb3241f232fc8754d9b2889d86cce213552bdb83,False,
DA_d2_heldout200b/698,DA_d2_heldout200b,DA,698,evidence_count_control,True,False,False,10,Invasive aspergillosis,Lung cancer with brain metastasis,low,c2b61ef914177baf333d5655fa065c9da5b895192ce526e15827745e2c33e7e1,False,
DA_d2_heldout200b/698,DA_d2_heldout200b,DA,698,e7_contrast,True,False,False,10,Invasive aspergillosis,Cerebral aspergillosis,high,c2b61ef914177baf333d5655fa065c9da5b895192ce526e15827745e2c33e7e1,True,
DA_d2_heldout200b/698,DA_d2_heldout200b,DA,698,forest_evidence_integrator,True,False,False,10,Invasive aspergillosis,Cerebral aspergillosis,high,c2b61ef914177baf333d5655fa065c9da5b895192ce526e15827745e2c33e7e1,False,
DA_d2_heldout200b/698,DA_d2_heldout200b,DA,698,collapse_obligation_ledger,True,False,False,10,Invasive aspergillosis,Cerebral aspergillosis,high,c2b61ef914177baf333d5655fa065c9da5b895192ce526e15827745e2c33e7e1,False,
DA_d2_heldout200b/698,DA_d2_heldout200b,DA,698,pairwise_tournament,True,False,False,10,Invasive aspergillosis,Cerebral aspergillosis,high,c2b61ef914177baf333d5655fa065c9da5b895192ce526e15827745e2c33e7e1,False,
DA_d2_heldout200b/703,DA_d2_heldout200b,DA,703,evidence_count_control,True,False,False,10,Wernicke's encephalopathy,Mitochondrial disease,low,46063887a9a8ac562cf389d863741eac460a17b96e509f0d3f99444f917ca0d9,False,
DA_d2_heldout200b/703,DA_d2_heldout200b,DA,703,e7_contrast,True,False,False,10,Mitochondrial disease,Leigh syndrome,medium,46063887a9a8ac562cf389d863741eac460a17b96e509f0d3f99444f917ca0d9,True,
DA_d2_heldout200b/703,DA_d2_heldout200b,DA,703,forest_evidence_integrator,True,False,False,10,Leigh syndrome,Mitochondrial disease,high,46063887a9a8ac562cf389d863741eac460a17b96e509f0d3f99444f917ca0d9,False,
DA_d2_heldout200b/703,DA_d2_heldout200b,DA,703,collapse_obligation_ledger,True,False,False,10,Mitochondrial disease,Leigh syndrome,medium,46063887a9a8ac562cf389d863741eac460a17b96e509f0d3f99444f917ca0d9,False,
DA_d2_heldout200b/703,DA_d2_heldout200b,DA,703,pairwise_tournament,True,False,False,10,Leigh syndrome,Mitochondrial disease,high,46063887a9a8ac562cf389d863741eac460a17b96e509f0d3f99444f917ca0d9,False,
DA_d2_heldout200b/705,DA_d2_heldout200b,DA,705,evidence_count_control,True,False,False,7,Listeriosis,Sepsis,low,27dbf9e72a23cd8a75679132cb37014301581f5a9845c0b46db7f7acaf972669,False,
DA_d2_heldout200b/705,DA_d2_heldout200b,DA,705,e7_contrast,True,False,False,7,Listeriosis,Sepsis,high,27dbf9e72a23cd8a75679132cb37014301581f5a9845c0b46db7f7acaf972669,True,
DA_d2_heldout200b/705,DA_d2_heldout200b,DA,705,forest_evidence_integrator,True,False,False,7,Listeriosis,Sepsis,high,27dbf9e72a23cd8a75679132cb37014301581f5a9845c0b46db7f7acaf972669,False,
DA_d2_heldout200b/705,DA_d2_heldout200b,DA,705,collapse_obligation_ledger,True,False,False,7,Listeriosis,Sepsis,high,27dbf9e72a23cd8a75679132cb37014301581f5a9845c0b46db7f7acaf972669,False,
DA_d2_heldout200b/705,DA_d2_heldout200b,DA,705,pairwise_tournament,True,False,False,7,Listeriosis,Sepsis,high,27dbf9e72a23cd8a75679132cb37014301581f5a9845c0b46db7f7acaf972669,False,
DA_d2_heldout200b/706,DA_d2_heldout200b,DA,706,evidence_count_control,True,False,False,9,Rhabdomyolysis,Myositis,low,2d52d1922e828c429bee43f60932e1b69426a5f870402c57c0a133251ac4f80a,False,
DA_d2_heldout200b/706,DA_d2_heldout200b,DA,706,e7_contrast,True,False,False,9,Compartment Syndrome,Rhabdomyolysis,high,2d52d1922e828c429bee43f60932e1b69426a5f870402c57c0a133251ac4f80a,True,
DA_d2_heldout200b/706,DA_d2_heldout200b,DA,706,forest_evidence_integrator,True,False,False,9,Compartment Syndrome,Rhabdomyolysis,high,2d52d1922e828c429bee43f60932e1b69426a5f870402c57c0a133251ac4f80a,False,
DA_d2_heldout200b/706,DA_d2_heldout200b,DA,706,collapse_obligation_ledger,True,False,False,9,Compartment Syndrome,Rhabdomyolysis,high,2d52d1922e828c429bee43f60932e1b69426a5f870402c57c0a133251ac4f80a,False,
DA_d2_heldout200b/706,DA_d2_heldout200b,DA,706,pairwise_tournament,True,False,False,9,Compartment Syndrome,Rhabdomyolysis,high,2d52d1922e828c429bee43f60932e1b69426a5f870402c57c0a133251ac4f80a,False,
DA_d2_heldout200b/707,DA_d2_heldout200b,DA,707,evidence_count_control,True,False,False,10,Churg-Strauss syndrome,Cryptogenic organizing pneumonia,low,a6e5d26a70cec7cf59c69293a747f6b7e8b28666e1ca9bfe4077743df4071d6e,False,
DA_d2_heldout200b/707,DA_d2_heldout200b,DA,707,e7_contrast,True,False,False,10,Wegener's granulomatosis,Cryptogenic organizing pneumonia,medium,a6e5d26a70cec7cf59c69293a747f6b7e8b28666e1ca9bfe4077743df4071d6e,True,
DA_d2_heldout200b/707,DA_d2_heldout200b,DA,707,forest_evidence_integrator,True,False,False,10,Wegener's granulomatosis,Cryptogenic organizing pneumonia,medium,a6e5d26a70cec7cf59c69293a747f6b7e8b28666e1ca9bfe4077743df4071d6e,False,
DA_d2_heldout200b/707,DA_d2_heldout200b,DA,707,collapse_obligation_ledger,True,False,False,10,Wegener's granulomatosis,Cryptogenic organizing pneumonia,high,a6e5d26a70cec7cf59c69293a747f6b7e8b28666e1ca9bfe4077743df4071d6e,False,
DA_d2_heldout200b/707,DA_d2_heldout200b,DA,707,pairwise_tournament,True,False,False,10,Pulmonary lymphoma,Chronic Hypersensitivity Pneumonitis,medium,a6e5d26a70cec7cf59c69293a747f6b7e8b28666e1ca9bfe4077743df4071d6e,False,
DA_d2_heldout200b/710,DA_d2_heldout200b,DA,710,evidence_count_control,True,False,False,8,Baker's cyst,Ganglion cyst,low,e4340330de0cbb5777898593f1787388a82e63bedd04f2bad4442eaa6f84e4d5,False,
DA_d2_heldout200b/710,DA_d2_heldout200b,DA,710,e7_contrast,True,False,False,8,Baker's cyst,Popliteal cyst,high,e4340330de0cbb5777898593f1787388a82e63bedd04f2bad4442eaa6f84e4d5,True,
DA_d2_heldout200b/710,DA_d2_heldout200b,DA,710,forest_evidence_integrator,True,False,False,8,Baker's cyst,,high,e4340330de0cbb5777898593f1787388a82e63bedd04f2bad4442eaa6f84e4d5,False,
DA_d2_heldout200b/710,DA_d2_heldout200b,DA,710,collapse_obligation_ledger,True,False,False,8,Baker's cyst,Popliteal cyst,high,e4340330de0cbb5777898593f1787388a82e63bedd04f2bad4442eaa6f84e4d5,False,
DA_d2_heldout200b/710,DA_d2_heldout200b,DA,710,pairwise_tournament,True,False,False,8,Baker's cyst,Popliteal cyst,high,e4340330de0cbb5777898593f1787388a82e63bedd04f2bad4442eaa6f84e4d5,False,
DA_d2_heldout200b/713,DA_d2_heldout200b,DA,713,evidence_count_control,True,False,False,9,Status asthmaticus,Asthma,low,8ea4626ce6226c76130567329a12ff30aa961aefef3dcd65d7a1d2d3655284fe,False,
DA_d2_heldout200b/713,DA_d2_heldout200b,DA,713,e7_contrast,True,False,False,9,Status asthmaticus,Asthma,high,8ea4626ce6226c76130567329a12ff30aa961aefef3dcd65d7a1d2d3655284fe,True,
DA_d2_heldout200b/713,DA_d2_heldout200b,DA,713,forest_evidence_integrator,True,False,False,9,Status asthmaticus,Asthma,high,8ea4626ce6226c76130567329a12ff30aa961aefef3dcd65d7a1d2d3655284fe,False,
DA_d2_heldout200b/713,DA_d2_heldout200b,DA,713,collapse_obligation_ledger,True,False,False,9,Status asthmaticus,Asthma,high,8ea4626ce6226c76130567329a12ff30aa961aefef3dcd65d7a1d2d3655284fe,False,
DA_d2_heldout200b/713,DA_d2_heldout200b,DA,713,pairwise_tournament,True,False,False,9,Status asthmaticus,Asthma,high,8ea4626ce6226c76130567329a12ff30aa961aefef3dcd65d7a1d2d3655284fe,False,
DA_d2_heldout200b/719,DA_d2_heldout200b,DA,719,evidence_count_control,True,False,False,10,Facial Nerve Schwannoma,Brainstem stroke,low,7447454fa2d7008d0cf0b0fb88b5423c87a30096f6b7a5291b43f24d290913f4,False,
DA_d2_heldout200b/719,DA_d2_heldout200b,DA,719,e7_contrast,True,False,False,10,Pontine Facial Nerve Palsy,Multiple sclerosis,high,7447454fa2d7008d0cf0b0fb88b5423c87a30096f6b7a5291b43f24d290913f4,True,
DA_d2_heldout200b/719,DA_d2_heldout200b,DA,719,forest_evidence_integrator,True,False,False,10,Pontine glioma,Brainstem glioma,high,7447454fa2d7008d0cf0b0fb88b5423c87a30096f6b7a5291b43f24d290913f4,False,
DA_d2_heldout200b/719,DA_d2_heldout200b,DA,719,collapse_obligation_ledger,True,False,False,10,Brainstem glioma,Pontine glioma,medium,7447454fa2d7008d0cf0b0fb88b5423c87a30096f6b7a5291b43f24d290913f4,False,
DA_d2_heldout200b/719,DA_d2_heldout200b,DA,719,pairwise_tournament,True,False,False,10,Pontine glioma,Brainstem glioma,high,7447454fa2d7008d0cf0b0fb88b5423c87a30096f6b7a5291b43f24d290913f4,False,
DA_d2_heldout200b/721,DA_d2_heldout200b,DA,721,evidence_count_control,True,False,False,10,COVID-19 pneumonia,COVID-19 with impaired humoral response,low,1cb9dde0f4d9787a31824d0a99f28a6b75f2c40a835e99f7a523e825eea23680,False,
DA_d2_heldout200b/721,DA_d2_heldout200b,DA,721,e7_contrast,True,False,False,10,COVID-19 with impaired humoral response,COVID-19 pneumonia,medium,1cb9dde0f4d9787a31824d0a99f28a6b75f2c40a835e99f7a523e825eea23680,True,
DA_d2_heldout200b/721,DA_d2_heldout200b,DA,721,forest_evidence_integrator,True,False,False,10,COVID-19 with impaired humoral response,COVID-19 pneumonia,high,1cb9dde0f4d9787a31824d0a99f28a6b75f2c40a835e99f7a523e825eea23680,False,
DA_d2_heldout200b/721,DA_d2_heldout200b,DA,721,collapse_obligation_ledger,True,False,False,10,COVID-19 with impaired humoral response,COVID-19 pneumonia,high,1cb9dde0f4d9787a31824d0a99f28a6b75f2c40a835e99f7a523e825eea23680,False,
DA_d2_heldout200b/721,DA_d2_heldout200b,DA,721,pairwise_tournament,True,False,False,10,COVID-19 with impaired humoral response,COVID-19 pneumonia,high,1cb9dde0f4d9787a31824d0a99f28a6b75f2c40a835e99f7a523e825eea23680,False,
DA_d2_heldout200b/730,DA_d2_heldout200b,DA,730,evidence_count_control,True,False,False,10,Coronary Artery Thrombosis,Ascending aortic aneurysm,low,0549fc17a501db6913452f125a68f02c9ec3f5efbb06d7314b69a99412428df5,False,
DA_d2_heldout200b/730,DA_d2_heldout200b,DA,730,e7_contrast,True,False,False,10,Bicuspid Aortic Valve with Aortic Aneurysm,Ascending aortic aneurysm,high,0549fc17a501db6913452f125a68f02c9ec3f5efbb06d7314b69a99412428df5,True,
DA_d2_heldout200b/730,DA_d2_heldout200b,DA,730,forest_evidence_integrator,True,False,False,10,Bicuspid Aortic Valve with Aortic Aneurysm,Bicuspid aortic valve,high,0549fc17a501db6913452f125a68f02c9ec3f5efbb06d7314b69a99412428df5,False,
DA_d2_heldout200b/730,DA_d2_heldout200b,DA,730,collapse_obligation_ledger,True,False,False,10,Bicuspid Aortic Valve with Aortic Aneurysm,Bicuspid aortic valve,high,0549fc17a501db6913452f125a68f02c9ec3f5efbb06d7314b69a99412428df5,False,
DA_d2_heldout200b/730,DA_d2_heldout200b,DA,730,pairwise_tournament,True,False,False,10,Bicuspid Aortic Valve with Aortic Aneurysm,Bicuspid aortic valve,high,0549fc17a501db6913452f125a68f02c9ec3f5efbb06d7314b69a99412428df5,False,
DA_d2_heldout200b/733,DA_d2_heldout200b,DA,733,evidence_count_control,True,False,False,10,Phototoxic Maculopathy,Solar retinopathy,low,049ba4a1f12f20fd87448d816ecc9399e67dd9297783b9b1f703ba66708aaa82,False,
DA_d2_heldout200b/733,DA_d2_heldout200b,DA,733,e7_contrast,True,False,False,10,Phototoxic Maculopathy,Photic retinopathy,high,049ba4a1f12f20fd87448d816ecc9399e67dd9297783b9b1f703ba66708aaa82,True,
DA_d2_heldout200b/733,DA_d2_heldout200b,DA,733,forest_evidence_integrator,True,False,False,10,Phototoxic Maculopathy,Photic retinopathy,high,049ba4a1f12f20fd87448d816ecc9399e67dd9297783b9b1f703ba66708aaa82,False,
DA_d2_heldout200b/733,DA_d2_heldout200b,DA,733,collapse_obligation_ledger,True,False,False,10,Phototoxic Maculopathy,Photic retinopathy,high,049ba4a1f12f20fd87448d816ecc9399e67dd9297783b9b1f703ba66708aaa82,False,
DA_d2_heldout200b/733,DA_d2_heldout200b,DA,733,pairwise_tournament,True,False,False,10,Phototoxic Maculopathy,Photic retinopathy,high,049ba4a1f12f20fd87448d816ecc9399e67dd9297783b9b1f703ba66708aaa82,False,
DA_d2_heldout200b/735,DA_d2_heldout200b,DA,735,evidence_count_control,True,False,False,10,Multiple Myeloma,Diffuse large B-cell lymphoma,low,dc82d6b6950be086502be222987ce1b6e327059a2d0a6ffaf616e54c557799d6,False,
DA_d2_heldout200b/735,DA_d2_heldout200b,DA,735,e7_contrast,True,False,False,10,Multiple Myeloma,Diffuse large B-cell lymphoma,medium,dc82d6b6950be086502be222987ce1b6e327059a2d0a6ffaf616e54c557799d6,True,
DA_d2_heldout200b/735,DA_d2_heldout200b,DA,735,forest_evidence_integrator,True,False,False,10,Diffuse large B-cell lymphoma,Non-Hodgkin lymphoma,high,dc82d6b6950be086502be222987ce1b6e327059a2d0a6ffaf616e54c557799d6,False,
DA_d2_heldout200b/735,DA_d2_heldout200b,DA,735,collapse_obligation_ledger,True,False,False,10,Diffuse large B-cell lymphoma,Non-Hodgkin lymphoma,high,dc82d6b6950be086502be222987ce1b6e327059a2d0a6ffaf616e54c557799d6,False,
DA_d2_heldout200b/735,DA_d2_heldout200b,DA,735,pairwise_tournament,True,False,False,10,Diffuse large B-cell lymphoma,Multiple Myeloma,high,dc82d6b6950be086502be222987ce1b6e327059a2d0a6ffaf616e54c557799d6,False,
DA_d2_heldout200b/736,DA_d2_heldout200b,DA,736,evidence_count_control,True,False,False,10,Chronic Kidney Disease,Spondylodiscitis,low,00ef6de4ab5d2eeb91af47efd230e9190ede88fd7abb9ea7a1e624c5c7693677,False,
DA_d2_heldout200b/736,DA_d2_heldout200b,DA,736,e7_contrast,True,False,False,10,Spondylodiscitis,Spinal Tuberculosis,high,00ef6de4ab5d2eeb91af47efd230e9190ede88fd7abb9ea7a1e624c5c7693677,True,
DA_d2_heldout200b/736,DA_d2_heldout200b,DA,736,forest_evidence_integrator,True,False,False,10,Spondylodiscitis,Spinal Tuberculosis,high,00ef6de4ab5d2eeb91af47efd230e9190ede88fd7abb9ea7a1e624c5c7693677,False,
DA_d2_heldout200b/736,DA_d2_heldout200b,DA,736,collapse_obligation_ledger,True,False,False,10,Obstructive Uropathy,Spondylodiscitis,high,00ef6de4ab5d2eeb91af47efd230e9190ede88fd7abb9ea7a1e624c5c7693677,False,
DA_d2_heldout200b/736,DA_d2_heldout200b,DA,736,pairwise_tournament,True,False,False,10,Spondylodiscitis,Spinal Tuberculosis,high,00ef6de4ab5d2eeb91af47efd230e9190ede88fd7abb9ea7a1e624c5c7693677,False,
DA_d2_heldout200b/738,DA_d2_heldout200b,DA,738,evidence_count_control,True,False,False,10,Liver Abscess,Chronic Granulomatous Disease,low,b37cf703eef6eaf332dbb742740f8bc83de1cd1dc1a7eff54647e376b575b37c,False,
DA_d2_heldout200b/738,DA_d2_heldout200b,DA,738,e7_contrast,True,False,False,10,ELANE-associated severe congenital neutropenia with hepatic involvement,Severe Congenital Neutropenia,high,b37cf703eef6eaf332dbb742740f8bc83de1cd1dc1a7eff54647e376b575b37c,True,
DA_d2_heldout200b/738,DA_d2_heldout200b,DA,738,forest_evidence_integrator,True,False,False,10,Severe Congenital Neutropenia,ELANE-associated severe congenital neutropenia with hepatic involvement,medium,b37cf703eef6eaf332dbb742740f8bc83de1cd1dc1a7eff54647e376b575b37c,False,
DA_d2_heldout200b/738,DA_d2_heldout200b,DA,738,collapse_obligation_ledger,True,False,False,10,ELANE-associated severe congenital neutropenia with hepatic involvement,Severe Congenital Neutropenia,medium,b37cf703eef6eaf332dbb742740f8bc83de1cd1dc1a7eff54647e376b575b37c,False,
DA_d2_heldout200b/738,DA_d2_heldout200b,DA,738,pairwise_tournament,True,False,False,10,ELANE-associated severe congenital neutropenia with hepatic involvement,Severe Congenital Neutropenia,high,b37cf703eef6eaf332dbb742740f8bc83de1cd1dc1a7eff54647e376b575b37c,False,
DA_d2_heldout200b/740,DA_d2_heldout200b,DA,740,evidence_count_control,True,False,False,10,Abdominal Endometriosis,Endometrioma,low,c0a0ec1b8fb0b931292f549a3b7ea1733c122f77a50b790920cf6f12a6ceea33,False,
DA_d2_heldout200b/740,DA_d2_heldout200b,DA,740,e7_contrast,True,False,False,10,Scar endometriosis,Abdominal wall endometriosis,high,c0a0ec1b8fb0b931292f549a3b7ea1733c122f77a50b790920cf6f12a6ceea33,True,
DA_d2_heldout200b/740,DA_d2_heldout200b,DA,740,forest_evidence_integrator,True,False,False,10,Scar endometriosis,Abdominal wall endometriosis,high,c0a0ec1b8fb0b931292f549a3b7ea1733c122f77a50b790920cf6f12a6ceea33,False,
DA_d2_heldout200b/740,DA_d2_heldout200b,DA,740,collapse_obligation_ledger,True,False,False,10,Abdominal wall endometriosis,Scar endometriosis,high,c0a0ec1b8fb0b931292f549a3b7ea1733c122f77a50b790920cf6f12a6ceea33,False,
DA_d2_heldout200b/740,DA_d2_heldout200b,DA,740,pairwise_tournament,True,False,False,10,Scar endometriosis,Abdominal wall endometriosis,medium,c0a0ec1b8fb0b931292f549a3b7ea1733c122f77a50b790920cf6f12a6ceea33,False,
DA_d2_heldout200b/741,DA_d2_heldout200b,DA,741,evidence_count_control,True,False,False,9,Breast Cancer,Invasive Ductal Carcinoma,low,de0bb7227d5f944933f3fdb79d2f43b416498873696ac75c1b4a10d7b343905f,False,
DA_d2_heldout200b/741,DA_d2_heldout200b,DA,741,e7_contrast,True,False,False,9,Invasive Ductal Carcinoma,Breast Cancer,medium,de0bb7227d5f944933f3fdb79d2f43b416498873696ac75c1b4a10d7b343905f,True,
DA_d2_heldout200b/741,DA_d2_heldout200b,DA,741,forest_evidence_integrator,True,False,False,9,Metaplastic carcinoma of the breast,Invasive Ductal Carcinoma,high,de0bb7227d5f944933f3fdb79d2f43b416498873696ac75c1b4a10d7b343905f,False,
DA_d2_heldout200b/741,DA_d2_heldout200b,DA,741,collapse_obligation_ledger,True,False,False,9,Metaplastic carcinoma of the breast,Invasive Ductal Carcinoma,high,de0bb7227d5f944933f3fdb79d2f43b416498873696ac75c1b4a10d7b343905f,False,
DA_d2_heldout200b/741,DA_d2_heldout200b,DA,741,pairwise_tournament,True,False,False,9,Metaplastic carcinoma of the breast,Invasive Ductal Carcinoma,medium,de0bb7227d5f944933f3fdb79d2f43b416498873696ac75c1b4a10d7b343905f,False,
DA_d2_heldout200b/745,DA_d2_heldout200b,DA,745,evidence_count_control,True,False,False,10,Hypokalemic paralysis,Catatonia,low,7e1403f27023d81a3ccc90acb27807667e2e1e1f1f7f2667f54bb03285cd8e8c,False,
DA_d2_heldout200b/745,DA_d2_heldout200b,DA,745,e7_contrast,True,False,False,10,Catatonia,Paralytic ileus,high,7e1403f27023d81a3ccc90acb27807667e2e1e1f1f7f2667f54bb03285cd8e8c,True,
DA_d2_heldout200b/745,DA_d2_heldout200b,DA,745,forest_evidence_integrator,True,False,False,10,Catatonia,Paralytic ileus,high,7e1403f27023d81a3ccc90acb27807667e2e1e1f1f7f2667f54bb03285cd8e8c,False,
DA_d2_heldout200b/745,DA_d2_heldout200b,DA,745,collapse_obligation_ledger,True,False,False,10,Catatonia,Malignant catatonia,high,7e1403f27023d81a3ccc90acb27807667e2e1e1f1f7f2667f54bb03285cd8e8c,False,
DA_d2_heldout200b/745,DA_d2_heldout200b,DA,745,pairwise_tournament,True,False,False,10,Catatonia,Paralytic ileus,high,7e1403f27023d81a3ccc90acb27807667e2e1e1f1f7f2667f54bb03285cd8e8c,False,
DA_d2_heldout200b/746,DA_d2_heldout200b,DA,746,evidence_count_control,True,False,False,10,Chronic bronchitis,Aspiration pneumonia,low,87f6453beaba2c2447dad37190065818ed4a0f04683967eb052747ce7c95bf5e,False,
DA_d2_heldout200b/746,DA_d2_heldout200b,DA,746,e7_contrast,True,False,False,10,Aspirated Foreign Body,Lung cancer,high,87f6453beaba2c2447dad37190065818ed4a0f04683967eb052747ce7c95bf5e,True,
DA_d2_heldout200b/746,DA_d2_heldout200b,DA,746,forest_evidence_integrator,True,False,False,10,Foreign Body Aspiration with Secondary Infection,Foreign body aspiration,high,87f6453beaba2c2447dad37190065818ed4a0f04683967eb052747ce7c95bf5e,False,
DA_d2_heldout200b/746,DA_d2_heldout200b,DA,746,collapse_obligation_ledger,True,False,False,10,Foreign Body Aspiration with Secondary Infection,Aspirated Foreign Body,high,87f6453beaba2c2447dad37190065818ed4a0f04683967eb052747ce7c95bf5e,False,
DA_d2_heldout200b/746,DA_d2_heldout200b,DA,746,pairwise_tournament,True,False,False,10,Foreign Body Aspiration with Secondary Infection,Foreign body aspiration,high,87f6453beaba2c2447dad37190065818ed4a0f04683967eb052747ce7c95bf5e,False,
DA_d2_heldout200b/754,DA_d2_heldout200b,DA,754,evidence_count_control,True,False,False,8,Klippel-Trenaunay-Weber Syndrome,PHACE syndrome,low,ffb6c39adea3ec385a2e91ebbceaf0da957a391af6aed82abd570294c2849828,False,
DA_d2_heldout200b/754,DA_d2_heldout200b,DA,754,e7_contrast,True,False,False,8,Hereditary Hemorrhagic Telangiectasia,Capillary Malformation-Arteriovenous Malformation Syndrome,medium,ffb6c39adea3ec385a2e91ebbceaf0da957a391af6aed82abd570294c2849828,True,
DA_d2_heldout200b/754,DA_d2_heldout200b,DA,754,forest_evidence_integrator,True,False,False,8,Hereditary Hemorrhagic Telangiectasia,Capillary Malformation-Arteriovenous Malformation Syndrome,high,ffb6c39adea3ec385a2e91ebbceaf0da957a391af6aed82abd570294c2849828,False,
DA_d2_heldout200b/754,DA_d2_heldout200b,DA,754,collapse_obligation_ledger,True,False,False,8,Capillary Malformation-Arteriovenous Malformation Syndrome,Hereditary Hemorrhagic Telangiectasia,medium,ffb6c39adea3ec385a2e91ebbceaf0da957a391af6aed82abd570294c2849828,False,
DA_d2_heldout200b/754,DA_d2_heldout200b,DA,754,pairwise_tournament,True,False,False,8,Hereditary Hemorrhagic Telangiectasia,Sturge-Weber Syndrome,medium,ffb6c39adea3ec385a2e91ebbceaf0da957a391af6aed82abd570294c2849828,False,
DA_d2_heldout200b/758,DA_d2_heldout200b,DA,758,evidence_count_control,True,False,False,10,Myocarditis,Myocarditis due to COVID-19,low,d9309cb707cb5f0b585a1d55e9227c81a2c9b3bac4579fbef4fdb41101ca9c33,False,
DA_d2_heldout200b/758,DA_d2_heldout200b,DA,758,e7_contrast,True,False,False,10,Myocarditis due to COVID-19,Myocarditis,high,d9309cb707cb5f0b585a1d55e9227c81a2c9b3bac4579fbef4fdb41101ca9c33,True,
DA_d2_heldout200b/758,DA_d2_heldout200b,DA,758,forest_evidence_integrator,True,False,False,10,Myocarditis due to COVID-19,COVID-19-associated myocardial injury,high,d9309cb707cb5f0b585a1d55e9227c81a2c9b3bac4579fbef4fdb41101ca9c33,False,
DA_d2_heldout200b/758,DA_d2_heldout200b,DA,758,collapse_obligation_ledger,True,False,False,10,Myocarditis due to COVID-19,COVID-19-associated myocardial injury,high,d9309cb707cb5f0b585a1d55e9227c81a2c9b3bac4579fbef4fdb41101ca9c33,False,
DA_d2_heldout200b/758,DA_d2_heldout200b,DA,758,pairwise_tournament,True,False,False,10,Myocarditis due to COVID-19,Myocarditis,high,d9309cb707cb5f0b585a1d55e9227c81a2c9b3bac4579fbef4fdb41101ca9c33,False,
DA_d2_heldout200b/759,DA_d2_heldout200b,DA,759,evidence_count_control,True,False,False,9,Bacteroides fragilis infection,Postoperative peritonitis,low,1be87b2c2743601f9e7f01fa20b53ecb9c0fef0dbf40abcf9b476d521155df62,False,
DA_d2_heldout200b/759,DA_d2_heldout200b,DA,759,e7_contrast,True,False,False,9,Bacteroides fragilis infection,Sepsis due to gram-negative bacteria,high,1be87b2c2743601f9e7f01fa20b53ecb9c0fef0dbf40abcf9b476d521155df62,True,
DA_d2_heldout200b/759,DA_d2_heldout200b,DA,759,forest_evidence_integrator,True,False,False,9,Bacteroides fragilis infection,Sepsis due to gram-negative bacteria,high,1be87b2c2743601f9e7f01fa20b53ecb9c0fef0dbf40abcf9b476d521155df62,False,
DA_d2_heldout200b/759,DA_d2_heldout200b,DA,759,collapse_obligation_ledger,True,False,False,9,Bacteroides fragilis infection,Bacteremia,high,1be87b2c2743601f9e7f01fa20b53ecb9c0fef0dbf40abcf9b476d521155df62,False,
DA_d2_heldout200b/759,DA_d2_heldout200b,DA,759,pairwise_tournament,True,False,False,9,Bacteroides fragilis infection,Sepsis due to gram-negative bacteria,high,1be87b2c2743601f9e7f01fa20b53ecb9c0fef0dbf40abcf9b476d521155df62,False,
DA_d2_heldout200b/760,DA_d2_heldout200b,DA,760,evidence_count_control,True,False,False,10,Neutropenic colitis,Perforated appendicitis,low,15eb73b36f72c55f3b84f64e50ee752d31f860fd5eef25fd58b994b2ba140b8a,False,
DA_d2_heldout200b/760,DA_d2_heldout200b,DA,760,e7_contrast,True,False,False,10,Post-procedure peritonitis,Peritonitis,high,15eb73b36f72c55f3b84f64e50ee752d31f860fd5eef25fd58b994b2ba140b8a,True,
DA_d2_heldout200b/760,DA_d2_heldout200b,DA,760,forest_evidence_integrator,True,False,False,10,Post-procedure peritonitis,Peritonitis,high,15eb73b36f72c55f3b84f64e50ee752d31f860fd5eef25fd58b994b2ba140b8a,False,
DA_d2_heldout200b/760,DA_d2_heldout200b,DA,760,collapse_obligation_ledger,True,False,False,10,Post-procedure peritonitis,Peritonitis,high,15eb73b36f72c55f3b84f64e50ee752d31f860fd5eef25fd58b994b2ba140b8a,False,
DA_d2_heldout200b/760,DA_d2_heldout200b,DA,760,pairwise_tournament,True,False,False,10,Post-procedure peritonitis,Peritonitis,high,15eb73b36f72c55f3b84f64e50ee752d31f860fd5eef25fd58b994b2ba140b8a,False,
DA_d2_heldout200b/766,DA_d2_heldout200b,DA,766,evidence_count_control,True,False,False,10,Acute pericarditis,Myopericarditis,low,3b2495260f485c5a239e53be399fb8c5abe283feb9459e6989fff1cfd2e8defd,False,
DA_d2_heldout200b/766,DA_d2_heldout200b,DA,766,e7_contrast,True,False,False,10,Myopericarditis,Acute Syphilitic Myocarditis,medium,3b2495260f485c5a239e53be399fb8c5abe283feb9459e6989fff1cfd2e8defd,True,
DA_d2_heldout200b/766,DA_d2_heldout200b,DA,766,forest_evidence_integrator,True,False,False,10,Myopericarditis,Myocarditis,medium,3b2495260f485c5a239e53be399fb8c5abe283feb9459e6989fff1cfd2e8defd,False,
DA_d2_heldout200b/766,DA_d2_heldout200b,DA,766,collapse_obligation_ledger,True,False,False,10,Myopericarditis,Myocarditis,high,3b2495260f485c5a239e53be399fb8c5abe283feb9459e6989fff1cfd2e8defd,False,
DA_d2_heldout200b/766,DA_d2_heldout200b,DA,766,pairwise_tournament,True,False,False,10,Myopericarditis,Acute pericarditis,high,3b2495260f485c5a239e53be399fb8c5abe283feb9459e6989fff1cfd2e8defd,False,
DA_d2_heldout200b/769,DA_d2_heldout200b,DA,769,evidence_count_control,True,False,False,10,Hereditary leiomyomatosis and renal cell cancer,Hereditary Leiomyomatosis and Renal Cell Cancer (HLRCC) syndrome,low,9f410023a13a20dd5d2f8082bf074d668dd2a9dd4c94b89f11a91fa899e0f99f,False,
DA_d2_heldout200b/769,DA_d2_heldout200b,DA,769,e7_contrast,True,False,False,10,Hereditary Leiomyomatosis and Renal Cell Cancer (HLRCC) syndrome,Ovarian leiomyoma,high,9f410023a13a20dd5d2f8082bf074d668dd2a9dd4c94b89f11a91fa899e0f99f,True,
DA_d2_heldout200b/769,DA_d2_heldout200b,DA,769,forest_evidence_integrator,True,False,False,10,Hereditary Leiomyomatosis and Renal Cell Cancer (HLRCC) syndrome,Ovarian leiomyoma,high,9f410023a13a20dd5d2f8082bf074d668dd2a9dd4c94b89f11a91fa899e0f99f,False,
DA_d2_heldout200b/769,DA_d2_heldout200b,DA,769,collapse_obligation_ledger,True,False,False,10,Hereditary leiomyomatosis and renal cell cancer,Ovarian leiomyoma,high,9f410023a13a20dd5d2f8082bf074d668dd2a9dd4c94b89f11a91fa899e0f99f,False,
DA_d2_heldout200b/769,DA_d2_heldout200b,DA,769,pairwise_tournament,True,False,False,10,Hereditary Leiomyomatosis and Renal Cell Cancer (HLRCC) syndrome,Uterine leiomyoma,high,9f410023a13a20dd5d2f8082bf074d668dd2a9dd4c94b89f11a91fa899e0f99f,False,
DA_d2_heldout200b/773,DA_d2_heldout200b,DA,773,evidence_count_control,True,False,False,8,Eisenmenger Syndrome,Pulmonary Hypertension,low,11cb8849617dff496fef972981bddfb9eb2fd0f360329b30ae053ab81244fc36,False,
DA_d2_heldout200b/773,DA_d2_heldout200b,DA,773,e7_contrast,True,False,False,8,Eisenmenger Syndrome,Congenital heart disease with shunt reversal,high,11cb8849617dff496fef972981bddfb9eb2fd0f360329b30ae053ab81244fc36,True,
DA_d2_heldout200b/773,DA_d2_heldout200b,DA,773,forest_evidence_integrator,True,False,False,8,Congenital heart disease with shunt reversal,Eisenmenger Syndrome,medium,11cb8849617dff496fef972981bddfb9eb2fd0f360329b30ae053ab81244fc36,False,
DA_d2_heldout200b/773,DA_d2_heldout200b,DA,773,collapse_obligation_ledger,True,False,False,8,Eisenmenger Syndrome,Congenital heart disease with shunt reversal,high,11cb8849617dff496fef972981bddfb9eb2fd0f360329b30ae053ab81244fc36,False,
DA_d2_heldout200b/773,DA_d2_heldout200b,DA,773,pairwise_tournament,True,False,False,8,Eisenmenger Syndrome,Congenital heart disease with shunt reversal,high,11cb8849617dff496fef972981bddfb9eb2fd0f360329b30ae053ab81244fc36,False,
DA_d2_heldout200b/778,DA_d2_heldout200b,DA,778,evidence_count_control,True,False,False,10,Community-acquired pneumonia,Pulmonary tuberculosis,low,6e35b3bc7c440efe5c4f735e53b94550b8dae423067fbcac05cad4269f6b5bee,False,
DA_d2_heldout200b/778,DA_d2_heldout200b,DA,778,e7_contrast,True,False,False,10,Histoplasmosis,Blastomycosis,medium,6e35b3bc7c440efe5c4f735e53b94550b8dae423067fbcac05cad4269f6b5bee,True,
DA_d2_heldout200b/778,DA_d2_heldout200b,DA,778,forest_evidence_integrator,True,False,False,10,Histoplasmosis,Cryptococcosis,high,6e35b3bc7c440efe5c4f735e53b94550b8dae423067fbcac05cad4269f6b5bee,False,
DA_d2_heldout200b/778,DA_d2_heldout200b,DA,778,collapse_obligation_ledger,True,False,False,10,Histoplasmosis,Cryptococcosis,high,6e35b3bc7c440efe5c4f735e53b94550b8dae423067fbcac05cad4269f6b5bee,False,
DA_d2_heldout200b/778,DA_d2_heldout200b,DA,778,pairwise_tournament,True,False,False,10,Histoplasmosis,Cryptococcosis,high,6e35b3bc7c440efe5c4f735e53b94550b8dae423067fbcac05cad4269f6b5bee,False,
DA_d2_seq100/102,DA_d2_seq100,DA,102,evidence_count_control,True,False,False,9,Epidermolytic Hyperkeratosis,Bullous congenital ichthyosiform erythroderma,low,355c7d58c42d36d234fc3c41f69cdb7f84edd775b463940e8874ffa499015198,False,
DA_d2_seq100/102,DA_d2_seq100,DA,102,e7_contrast,True,False,False,9,Epidermolytic Hyperkeratosis,Bullous congenital ichthyosiform erythroderma,high,355c7d58c42d36d234fc3c41f69cdb7f84edd775b463940e8874ffa499015198,True,
DA_d2_seq100/102,DA_d2_seq100,DA,102,forest_evidence_integrator,True,False,False,9,Epidermolytic Hyperkeratosis,Bullous congenital ichthyosiform erythroderma,high,355c7d58c42d36d234fc3c41f69cdb7f84edd775b463940e8874ffa499015198,False,
DA_d2_seq100/102,DA_d2_seq100,DA,102,collapse_obligation_ledger,True,False,False,9,Epidermolytic Hyperkeratosis,Bullous congenital ichthyosiform erythroderma,high,355c7d58c42d36d234fc3c41f69cdb7f84edd775b463940e8874ffa499015198,False,
DA_d2_seq100/102,DA_d2_seq100,DA,102,pairwise_tournament,True,False,False,9,Epidermolytic Hyperkeratosis,Bullous congenital ichthyosiform erythroderma,high,355c7d58c42d36d234fc3c41f69cdb7f84edd775b463940e8874ffa499015198,False,
DA_d2_seq100/107,DA_d2_seq100,DA,107,evidence_count_control,True,False,False,7,Scleromyxedema,Nephrogenic Systemic Fibrosis,low,1642a2e7b5798864dcd652029013db2a040cd258838843c31a78ed1dea7247c6,False,
DA_d2_seq100/107,DA_d2_seq100,DA,107,e7_contrast,True,False,False,7,Scleromyxedema,Morphea,medium,1642a2e7b5798864dcd652029013db2a040cd258838843c31a78ed1dea7247c6,True,
DA_d2_seq100/107,DA_d2_seq100,DA,107,forest_evidence_integrator,True,False,False,7,Nephrogenic Systemic Fibrosis,Scleromyxedema,high,1642a2e7b5798864dcd652029013db2a040cd258838843c31a78ed1dea7247c6,False,
DA_d2_seq100/107,DA_d2_seq100,DA,107,collapse_obligation_ledger,True,False,False,7,Nephrogenic Systemic Fibrosis,Scleromyxedema,high,1642a2e7b5798864dcd652029013db2a040cd258838843c31a78ed1dea7247c6,False,
DA_d2_seq100/107,DA_d2_seq100,DA,107,pairwise_tournament,True,False,False,7,Nephrogenic Systemic Fibrosis,Scleroderma,high,1642a2e7b5798864dcd652029013db2a040cd258838843c31a78ed1dea7247c6,False,
DA_d2_seq100/111,DA_d2_seq100,DA,111,evidence_count_control,True,False,False,10,Granuloma annulare,Dermatitis herpetiformis,low,06a34502bd1fe44e76359a6e6ef4fb6c636e1a372b5c2ee14825d07094911a2f,False,
DA_d2_seq100/111,DA_d2_seq100,DA,111,e7_contrast,True,False,False,10,Lichen planus,Mycosis Fungoides,high,06a34502bd1fe44e76359a6e6ef4fb6c636e1a372b5c2ee14825d07094911a2f,True,
DA_d2_seq100/111,DA_d2_seq100,DA,111,forest_evidence_integrator,True,False,False,10,Lichen planus,Annular lichenoid dermatitis of youth,high,06a34502bd1fe44e76359a6e6ef4fb6c636e1a372b5c2ee14825d07094911a2f,False,
DA_d2_seq100/111,DA_d2_seq100,DA,111,collapse_obligation_ledger,True,False,False,10,Lichen planus,Mycosis Fungoides,high,06a34502bd1fe44e76359a6e6ef4fb6c636e1a372b5c2ee14825d07094911a2f,False,
DA_d2_seq100/111,DA_d2_seq100,DA,111,pairwise_tournament,True,False,False,10,Lichen planus,Mycosis Fungoides,medium,06a34502bd1fe44e76359a6e6ef4fb6c636e1a372b5c2ee14825d07094911a2f,False,
DA_d2_seq100/114,DA_d2_seq100,DA,114,evidence_count_control,True,False,False,9,Cannabinoid Hyperemesis Syndrome,Posterior reversible encephalopathy syndrome,low,0f52a51ebcba800ce593fdd9daab387764ad897ea46e5a4f2f74f2c212e4a022,False,
DA_d2_seq100/114,DA_d2_seq100,DA,114,e7_contrast,True,False,False,9,Synthetic cannabinoid-induced acute cerebral vasculitis,Toxic Encephalopathy,medium,0f52a51ebcba800ce593fdd9daab387764ad897ea46e5a4f2f74f2c212e4a022,True,
DA_d2_seq100/114,DA_d2_seq100,DA,114,forest_evidence_integrator,True,False,False,9,Toxic Encephalopathy,Posterior reversible encephalopathy syndrome,medium,0f52a51ebcba800ce593fdd9daab387764ad897ea46e5a4f2f74f2c212e4a022,False,
DA_d2_seq100/114,DA_d2_seq100,DA,114,collapse_obligation_ledger,True,False,False,9,Synthetic cannabinoid-induced acute cerebral vasculitis,Toxic Encephalopathy,high,0f52a51ebcba800ce593fdd9daab387764ad897ea46e5a4f2f74f2c212e4a022,False,
DA_d2_seq100/114,DA_d2_seq100,DA,114,pairwise_tournament,True,False,False,9,Toxic Encephalopathy,Posterior reversible encephalopathy syndrome,high,0f52a51ebcba800ce593fdd9daab387764ad897ea46e5a4f2f74f2c212e4a022,False,
DA_d2_seq100/117,DA_d2_seq100,DA,117,evidence_count_control,True,False,False,9,Erysipeloid,Staphylococcal scalded skin syndrome,low,d5238f378b5592066ba42c88cfbda23be753efca0328886b5ed93bc5a6b6978e,False,
DA_d2_seq100/117,DA_d2_seq100,DA,117,e7_contrast,True,False,False,9,Cutaneous anthrax,Erysipeloid,high,d5238f378b5592066ba42c88cfbda23be753efca0328886b5ed93bc5a6b6978e,True,
DA_d2_seq100/117,DA_d2_seq100,DA,117,forest_evidence_integrator,True,False,False,9,Tularemia,Erysipeloid,high,d5238f378b5592066ba42c88cfbda23be753efca0328886b5ed93bc5a6b6978e,False,
DA_d2_seq100/117,DA_d2_seq100,DA,117,collapse_obligation_ledger,True,False,False,9,Tularemia,Staphylococcal skin infection,high,d5238f378b5592066ba42c88cfbda23be753efca0328886b5ed93bc5a6b6978e,False,
DA_d2_seq100/117,DA_d2_seq100,DA,117,pairwise_tournament,True,False,False,9,Tularemia,Cutaneous anthrax,high,d5238f378b5592066ba42c88cfbda23be753efca0328886b5ed93bc5a6b6978e,False,
DA_d2_seq100/118,DA_d2_seq100,DA,118,evidence_count_control,True,False,False,10,Optic neuritis,Viral retinitis,low,1fbea6e474daf965bdec0481aca7ae9f0fdf0feb8b5684f083f89c147da03115,False,
DA_d2_seq100/118,DA_d2_seq100,DA,118,e7_contrast,True,False,False,10,COVID-19-associated optic neuritis,Optic neuritis,high,1fbea6e474daf965bdec0481aca7ae9f0fdf0feb8b5684f083f89c147da03115,True,
DA_d2_seq100/118,DA_d2_seq100,DA,118,forest_evidence_integrator,True,False,False,10,COVID-19-associated optic neuritis,Optic neuritis,high,1fbea6e474daf965bdec0481aca7ae9f0fdf0feb8b5684f083f89c147da03115,False,
DA_d2_seq100/118,DA_d2_seq100,DA,118,collapse_obligation_ledger,True,False,False,10,COVID-19-associated optic neuritis,Optic neuritis,high,1fbea6e474daf965bdec0481aca7ae9f0fdf0feb8b5684f083f89c147da03115,False,
DA_d2_seq100/118,DA_d2_seq100,DA,118,pairwise_tournament,True,False,False,10,COVID-19-associated optic neuritis,Optic neuritis,high,1fbea6e474daf965bdec0481aca7ae9f0fdf0feb8b5684f083f89c147da03115,False,
DA_d2_seq100/132,DA_d2_seq100,DA,132,evidence_count_control,True,False,False,10,Cardiac Amyloidosis,Lev Cardiac Conduction Disease,low,a58ac4063a68a31b7b2d5ad3f4e3872ce080678470c8286b0a7915b2bbddb553,False,
DA_d2_seq100/132,DA_d2_seq100,DA,132,e7_contrast,True,False,False,10,High-degree atrioventricular (AV) block,Atrioventricular Block,high,a58ac4063a68a31b7b2d5ad3f4e3872ce080678470c8286b0a7915b2bbddb553,True,
DA_d2_seq100/132,DA_d2_seq100,DA,132,forest_evidence_integrator,True,False,False,10,Lev Cardiac Conduction Disease,High-degree atrioventricular (AV) block,high,a58ac4063a68a31b7b2d5ad3f4e3872ce080678470c8286b0a7915b2bbddb553,False,
DA_d2_seq100/132,DA_d2_seq100,DA,132,collapse_obligation_ledger,True,False,False,10,Lev Cardiac Conduction Disease,High-degree atrioventricular (AV) block,high,a58ac4063a68a31b7b2d5ad3f4e3872ce080678470c8286b0a7915b2bbddb553,False,
DA_d2_seq100/132,DA_d2_seq100,DA,132,pairwise_tournament,True,False,False,10,High-degree atrioventricular (AV) block,Lev Cardiac Conduction Disease,low,a58ac4063a68a31b7b2d5ad3f4e3872ce080678470c8286b0a7915b2bbddb553,False,
DA_d2_seq100/137,DA_d2_seq100,DA,137,evidence_count_control,True,False,False,8,Papillary Intralymphatic Angioendothelioma (PILA),Dabska tumor,low,35a34bd6ac99e4d5d3d126a2272bbdeddd8b82db75d57ad68aabc5ded344d02d,False,
DA_d2_seq100/137,DA_d2_seq100,DA,137,e7_contrast,True,False,False,8,Dabska tumor,Hobnail hemangioma,high,35a34bd6ac99e4d5d3d126a2272bbdeddd8b82db75d57ad68aabc5ded344d02d,True,
DA_d2_seq100/137,DA_d2_seq100,DA,137,forest_evidence_integrator,True,False,False,8,Papillary Intralymphatic Angioendothelioma (PILA),,high,35a34bd6ac99e4d5d3d126a2272bbdeddd8b82db75d57ad68aabc5ded344d02d,False,
DA_d2_seq100/137,DA_d2_seq100,DA,137,collapse_obligation_ledger,True,False,False,8,Papillary Intralymphatic Angioendothelioma (PILA),,high,35a34bd6ac99e4d5d3d126a2272bbdeddd8b82db75d57ad68aabc5ded344d02d,False,
DA_d2_seq100/137,DA_d2_seq100,DA,137,pairwise_tournament,True,False,False,8,Papillary Intralymphatic Angioendothelioma (PILA),Papillary intralymphatic angioendothelioma,high,35a34bd6ac99e4d5d3d126a2272bbdeddd8b82db75d57ad68aabc5ded344d02d,False,
DA_d2_seq100/139,DA_d2_seq100,DA,139,evidence_count_control,True,False,False,10,Vascularized Thyroid Cancer Metastasis,Metastatic Thyroid Cancer,low,47c69d83af8fe82f3399291f942362f8c5f9f9e73486b6f0648dabfdff70131f,False,
DA_d2_seq100/139,DA_d2_seq100,DA,139,e7_contrast,True,False,False,10,Papillary Thyroid Carcinoma with metastasis,Follicular thyroid carcinoma,medium,47c69d83af8fe82f3399291f942362f8c5f9f9e73486b6f0648dabfdff70131f,True,
DA_d2_seq100/139,DA_d2_seq100,DA,139,forest_evidence_integrator,True,False,False,10,Vascular Tumor of the Thyroid with metastasis,Follicular thyroid carcinoma,high,47c69d83af8fe82f3399291f942362f8c5f9f9e73486b6f0648dabfdff70131f,False,
DA_d2_seq100/139,DA_d2_seq100,DA,139,collapse_obligation_ledger,True,False,False,10,Follicular thyroid carcinoma,Papillary Thyroid Carcinoma with metastasis,high,47c69d83af8fe82f3399291f942362f8c5f9f9e73486b6f0648dabfdff70131f,False,
DA_d2_seq100/139,DA_d2_seq100,DA,139,pairwise_tournament,True,False,False,10,Follicular thyroid carcinoma,Papillary Thyroid Carcinoma with metastasis,high,47c69d83af8fe82f3399291f942362f8c5f9f9e73486b6f0648dabfdff70131f,False,
DA_d2_seq100/140,DA_d2_seq100,DA,140,evidence_count_control,True,False,False,10,Takotsubo cardiomyopathy,Pheochromocytoma,low,baf56aeb211f8e94a6d6e76ed5918df97c8c459c0da634883c28d9dcd3fabe15,False,
DA_d2_seq100/140,DA_d2_seq100,DA,140,e7_contrast,True,False,False,10,Pheochromocytoma,Catecholamine-induced cardiomyopathy,high,baf56aeb211f8e94a6d6e76ed5918df97c8c459c0da634883c28d9dcd3fabe15,True,
DA_d2_seq100/140,DA_d2_seq100,DA,140,forest_evidence_integrator,True,False,False,10,Pheochromocytoma,Takotsubo cardiomyopathy,high,baf56aeb211f8e94a6d6e76ed5918df97c8c459c0da634883c28d9dcd3fabe15,False,
DA_d2_seq100/140,DA_d2_seq100,DA,140,collapse_obligation_ledger,True,False,False,10,Pheochromocytoma,Takotsubo cardiomyopathy,high,baf56aeb211f8e94a6d6e76ed5918df97c8c459c0da634883c28d9dcd3fabe15,False,
DA_d2_seq100/140,DA_d2_seq100,DA,140,pairwise_tournament,True,False,False,10,Pheochromocytoma,Catecholamine-induced cardiomyopathy,high,baf56aeb211f8e94a6d6e76ed5918df97c8c459c0da634883c28d9dcd3fabe15,False,
DA_d2_seq100/147,DA_d2_seq100,DA,147,evidence_count_control,True,False,False,7,Morphea,Frontal fibrosing alopecia,low,d1fb984d2c9496975d047f8f6f74f49add27db748b9101f43d83183f4e94b6da,False,
DA_d2_seq100/147,DA_d2_seq100,DA,147,e7_contrast,True,False,False,7,Scleroderma en coup de sabre,Linear morphoea,high,d1fb984d2c9496975d047f8f6f74f49add27db748b9101f43d83183f4e94b6da,True,
DA_d2_seq100/147,DA_d2_seq100,DA,147,forest_evidence_integrator,True,False,False,7,Discoid lupus erythematosus,Scleroderma en coup de sabre,medium,d1fb984d2c9496975d047f8f6f74f49add27db748b9101f43d83183f4e94b6da,False,
DA_d2_seq100/147,DA_d2_seq100,DA,147,collapse_obligation_ledger,True,False,False,7,Scleroderma en coup de sabre,Discoid lupus erythematosus,high,d1fb984d2c9496975d047f8f6f74f49add27db748b9101f43d83183f4e94b6da,False,
DA_d2_seq100/147,DA_d2_seq100,DA,147,pairwise_tournament,True,False,False,7,Scleroderma en coup de sabre,Linear morphoea,low,d1fb984d2c9496975d047f8f6f74f49add27db748b9101f43d83183f4e94b6da,False,
DA_d2_seq100/15,DA_d2_seq100,DA,15,evidence_count_control,True,False,False,10,Cryptococcosis,Mucocutaneous leishmaniasis,low,d1311fbae43a9560bae24643913ed5bce0e9bb2355e222a5488c998875cfa78f,False,
DA_d2_seq100/15,DA_d2_seq100,DA,15,e7_contrast,True,False,False,10,Oral histoplasmosis,Cryptococcosis,high,d1311fbae43a9560bae24643913ed5bce0e9bb2355e222a5488c998875cfa78f,True,
DA_d2_seq100/15,DA_d2_seq100,DA,15,forest_evidence_integrator,True,False,False,10,Oral histoplasmosis,Cryptococcosis,high,d1311fbae43a9560bae24643913ed5bce0e9bb2355e222a5488c998875cfa78f,False,
DA_d2_seq100/15,DA_d2_seq100,DA,15,collapse_obligation_ledger,True,False,False,10,Oral histoplasmosis,Histoplasmosis,high,d1311fbae43a9560bae24643913ed5bce0e9bb2355e222a5488c998875cfa78f,False,
DA_d2_seq100/15,DA_d2_seq100,DA,15,pairwise_tournament,True,False,False,10,Cryptococcosis,Histoplasmosis,medium,d1311fbae43a9560bae24643913ed5bce0e9bb2355e222a5488c998875cfa78f,False,
DA_d2_seq100/150,DA_d2_seq100,DA,150,evidence_count_control,True,False,False,10,Abducens nerve palsy,Sphenopalatine ganglion blockade complication,low,b323a73bb175f3cfae58d36c6940da14dac143ae78500756104de5948d570045,False,
DA_d2_seq100/150,DA_d2_seq100,DA,150,e7_contrast,True,False,False,10,Sphenopalatine ganglion blockade complication,Abducens nerve palsy,high,b323a73bb175f3cfae58d36c6940da14dac143ae78500756104de5948d570045,True,
DA_d2_seq100/150,DA_d2_seq100,DA,150,forest_evidence_integrator,True,False,False,10,Abducens nerve palsy,Postoperative Cranial Nerve Palsy,high,b323a73bb175f3cfae58d36c6940da14dac143ae78500756104de5948d570045,False,
DA_d2_seq100/150,DA_d2_seq100,DA,150,collapse_obligation_ledger,True,False,False,10,Sphenopalatine ganglion blockade complication,Abducens nerve palsy,high,b323a73bb175f3cfae58d36c6940da14dac143ae78500756104de5948d570045,False,
DA_d2_seq100/150,DA_d2_seq100,DA,150,pairwise_tournament,True,False,False,10,Abducens nerve palsy,Postoperative Cranial Nerve Palsy,high,b323a73bb175f3cfae58d36c6940da14dac143ae78500756104de5948d570045,False,
DA_d2_seq100/151,DA_d2_seq100,DA,151,evidence_count_control,True,False,False,10,Stroke,Ischemic stroke,low,8c65f817665d5d0e5ed32b37c2563711c9d2e12489ff995b640c4001ed7cb80b,False,
DA_d2_seq100/151,DA_d2_seq100,DA,151,e7_contrast,True,False,False,10,Cardioembolic stroke,Atrial Fibrillation with Embolic Stroke,high,8c65f817665d5d0e5ed32b37c2563711c9d2e12489ff995b640c4001ed7cb80b,True,
DA_d2_seq100/151,DA_d2_seq100,DA,151,forest_evidence_integrator,True,False,False,10,Cardioembolic stroke,Atrial Fibrillation with Embolic Stroke,high,8c65f817665d5d0e5ed32b37c2563711c9d2e12489ff995b640c4001ed7cb80b,False,
DA_d2_seq100/151,DA_d2_seq100,DA,151,collapse_obligation_ledger,True,False,False,10,Cardioembolic stroke,Atrial Fibrillation with Embolic Stroke,high,8c65f817665d5d0e5ed32b37c2563711c9d2e12489ff995b640c4001ed7cb80b,False,
DA_d2_seq100/151,DA_d2_seq100,DA,151,pairwise_tournament,True,False,False,10,Cardioembolic stroke,Atrial Fibrillation with Embolic Stroke,high,8c65f817665d5d0e5ed32b37c2563711c9d2e12489ff995b640c4001ed7cb80b,False,
DA_d2_seq100/156,DA_d2_seq100,DA,156,evidence_count_control,True,False,False,9,Blepharitis,Crohn disease-associated ocular inflammation,low,260d2fa7511af956f6c5fe8a4f7de2b3eaaeefbb2d405ecc12b6bd6a63fe8d91,False,
DA_d2_seq100/156,DA_d2_seq100,DA,156,e7_contrast,True,False,False,9,Adalimumab-induced ocular inflammation,Crohn disease-associated ocular inflammation,high,260d2fa7511af956f6c5fe8a4f7de2b3eaaeefbb2d405ecc12b6bd6a63fe8d91,True,
DA_d2_seq100/156,DA_d2_seq100,DA,156,forest_evidence_integrator,True,False,False,9,Infliximab-induced Blepharitis,Blepharitis,high,260d2fa7511af956f6c5fe8a4f7de2b3eaaeefbb2d405ecc12b6bd6a63fe8d91,False,
DA_d2_seq100/156,DA_d2_seq100,DA,156,collapse_obligation_ledger,True,False,False,9,Adalimumab-induced ocular inflammation,Blepharitis,medium,260d2fa7511af956f6c5fe8a4f7de2b3eaaeefbb2d405ecc12b6bd6a63fe8d91,False,
DA_d2_seq100/156,DA_d2_seq100,DA,156,pairwise_tournament,True,False,False,9,Adalimumab-induced ocular inflammation,Blepharitis,high,260d2fa7511af956f6c5fe8a4f7de2b3eaaeefbb2d405ecc12b6bd6a63fe8d91,False,
DA_d2_seq100/164,DA_d2_seq100,DA,164,evidence_count_control,True,False,False,10,Neurolymphomatosis,Leukemia,low,38defaef92a5f48bbd91da7014ed8302245f655ac334bcef7c1fba2a410933b1,False,
DA_d2_seq100/164,DA_d2_seq100,DA,164,e7_contrast,True,False,False,10,Acute myeloid leukemia,Leukemia,high,38defaef92a5f48bbd91da7014ed8302245f655ac334bcef7c1fba2a410933b1,True,
DA_d2_seq100/164,DA_d2_seq100,DA,164,forest_evidence_integrator,True,False,False,10,Acute myeloid leukemia,Neurolymphomatosis,high,38defaef92a5f48bbd91da7014ed8302245f655ac334bcef7c1fba2a410933b1,False,
DA_d2_seq100/164,DA_d2_seq100,DA,164,collapse_obligation_ledger,True,False,False,10,Neurolymphomatosis,Leukemia,high,38defaef92a5f48bbd91da7014ed8302245f655ac334bcef7c1fba2a410933b1,False,
DA_d2_seq100/164,DA_d2_seq100,DA,164,pairwise_tournament,True,False,False,10,Acute myeloid leukemia,Leukemia,high,38defaef92a5f48bbd91da7014ed8302245f655ac334bcef7c1fba2a410933b1,False,
DA_d2_seq100/174,DA_d2_seq100,DA,174,evidence_count_control,True,False,False,10,Pancytopenia,Cutaneous T-cell lymphoma,low,dc5fe871cd85ac7a26cda7e4f16813fc3427efaffa37fcd07a0ce05a9927bae2,False,
DA_d2_seq100/174,DA_d2_seq100,DA,174,e7_contrast,True,False,False,10,Intravascular lymphoma,Natural killer/T-cell lymphoma,high,dc5fe871cd85ac7a26cda7e4f16813fc3427efaffa37fcd07a0ce05a9927bae2,True,
DA_d2_seq100/174,DA_d2_seq100,DA,174,forest_evidence_integrator,True,False,False,10,Natural killer/T-cell lymphoma,Intravascular lymphoma,high,dc5fe871cd85ac7a26cda7e4f16813fc3427efaffa37fcd07a0ce05a9927bae2,False,
DA_d2_seq100/174,DA_d2_seq100,DA,174,collapse_obligation_ledger,True,False,False,10,Intravascular lymphoma,Natural killer/T-cell lymphoma,high,dc5fe871cd85ac7a26cda7e4f16813fc3427efaffa37fcd07a0ce05a9927bae2,False,
DA_d2_seq100/174,DA_d2_seq100,DA,174,pairwise_tournament,True,False,False,10,Intravascular lymphoma,Cutaneous T-cell lymphoma,high,dc5fe871cd85ac7a26cda7e4f16813fc3427efaffa37fcd07a0ce05a9927bae2,False,
DA_d2_seq100/177,DA_d2_seq100,DA,177,evidence_count_control,True,False,False,10,Acute Coronary Syndrome,Cardiogenic shock,low,1960f5e6e884433978d4ee41a0f8f90a07702d6baa7260fec5202eb4f5be1f8e,False,
DA_d2_seq100/177,DA_d2_seq100,DA,177,e7_contrast,True,False,False,10,ST-elevation myocardial infarction,Myocardial Infarction,high,1960f5e6e884433978d4ee41a0f8f90a07702d6baa7260fec5202eb4f5be1f8e,True,
DA_d2_seq100/177,DA_d2_seq100,DA,177,forest_evidence_integrator,True,False,False,10,ST-elevation myocardial infarction,Acute Coronary Syndrome with Cardiogenic Shock,high,1960f5e6e884433978d4ee41a0f8f90a07702d6baa7260fec5202eb4f5be1f8e,False,
DA_d2_seq100/177,DA_d2_seq100,DA,177,collapse_obligation_ledger,True,False,False,10,ST-elevation myocardial infarction,Myocardial Infarction,high,1960f5e6e884433978d4ee41a0f8f90a07702d6baa7260fec5202eb4f5be1f8e,False,
DA_d2_seq100/177,DA_d2_seq100,DA,177,pairwise_tournament,True,False,False,10,ST-elevation myocardial infarction,Myocardial Infarction,high,1960f5e6e884433978d4ee41a0f8f90a07702d6baa7260fec5202eb4f5be1f8e,False,
DA_d2_seq100/181,DA_d2_seq100,DA,181,evidence_count_control,True,False,False,10,Targetoid hemosiderotic hemangioma,Spindle cell hemangioma,low,ef9a6d75dbfa82cacabae279de7e37780bfca430c06c0847f111b367cc33e9a1,False,
DA_d2_seq100/181,DA_d2_seq100,DA,181,e7_contrast,True,False,False,10,Targetoid hemosiderotic hemangioma,Hobnail hemangioma,high,ef9a6d75dbfa82cacabae279de7e37780bfca430c06c0847f111b367cc33e9a1,True,
DA_d2_seq100/181,DA_d2_seq100,DA,181,forest_evidence_integrator,True,False,False,10,Targetoid hemosiderotic hemangioma,,high,ef9a6d75dbfa82cacabae279de7e37780bfca430c06c0847f111b367cc33e9a1,False,
DA_d2_seq100/181,DA_d2_seq100,DA,181,collapse_obligation_ledger,True,False,False,10,Targetoid hemosiderotic hemangioma,Hobnail hemangioma,high,ef9a6d75dbfa82cacabae279de7e37780bfca430c06c0847f111b367cc33e9a1,False,
DA_d2_seq100/181,DA_d2_seq100,DA,181,pairwise_tournament,True,False,False,10,Targetoid hemosiderotic hemangioma,Hobnail hemangioma,high,ef9a6d75dbfa82cacabae279de7e37780bfca430c06c0847f111b367cc33e9a1,False,
DA_d2_seq100/183,DA_d2_seq100,DA,183,evidence_count_control,True,False,False,10,Glioma,Glioblastoma,low,f02af14b2f6a6163253e35cda0346e6a98ea2cf536c6100c4428f5237a10d22f,False,
DA_d2_seq100/183,DA_d2_seq100,DA,183,e7_contrast,True,False,False,10,IDH-mutant Astrocytoma,Glioma,high,f02af14b2f6a6163253e35cda0346e6a98ea2cf536c6100c4428f5237a10d22f,True,
DA_d2_seq100/183,DA_d2_seq100,DA,183,forest_evidence_integrator,True,False,False,10,IDH-mutant Astrocytoma,Glioma,high,f02af14b2f6a6163253e35cda0346e6a98ea2cf536c6100c4428f5237a10d22f,False,
DA_d2_seq100/183,DA_d2_seq100,DA,183,collapse_obligation_ledger,True,False,False,10,IDH-mutant Astrocytoma,Glioma,high,f02af14b2f6a6163253e35cda0346e6a98ea2cf536c6100c4428f5237a10d22f,False,
DA_d2_seq100/183,DA_d2_seq100,DA,183,pairwise_tournament,True,False,False,10,IDH-mutant Astrocytoma,Glioma,high,f02af14b2f6a6163253e35cda0346e6a98ea2cf536c6100c4428f5237a10d22f,False,
DA_d2_seq100/186,DA_d2_seq100,DA,186,evidence_count_control,True,False,False,8,Pseudoxanthoma elasticum,GGCX deficiency,low,379df31cf13bb0e034b8a949b29cc87eee2f4e30f6deea7d03e08c2912885360,False,
DA_d2_seq100/186,DA_d2_seq100,DA,186,e7_contrast,True,False,False,8,Pseudoxanthoma elasticum-like disorder with multiple coagulation factor deficiency,GGCX deficiency,high,379df31cf13bb0e034b8a949b29cc87eee2f4e30f6deea7d03e08c2912885360,True,
DA_d2_seq100/186,DA_d2_seq100,DA,186,forest_evidence_integrator,True,False,False,8,Pseudoxanthoma elasticum-like disorder with multiple coagulation factor deficiency,GGCX deficiency,high,379df31cf13bb0e034b8a949b29cc87eee2f4e30f6deea7d03e08c2912885360,False,
DA_d2_seq100/186,DA_d2_seq100,DA,186,collapse_obligation_ledger,True,False,False,8,Pseudoxanthoma elasticum-like disorder with multiple coagulation factor deficiency,GGCX deficiency,medium,379df31cf13bb0e034b8a949b29cc87eee2f4e30f6deea7d03e08c2912885360,False,
DA_d2_seq100/186,DA_d2_seq100,DA,186,pairwise_tournament,True,False,False,8,GGCX deficiency,Pseudoxanthoma elasticum-like disorder with multiple coagulation factor deficiency,high,379df31cf13bb0e034b8a949b29cc87eee2f4e30f6deea7d03e08c2912885360,False,
DA_d2_seq100/187,DA_d2_seq100,DA,187,evidence_count_control,True,False,False,10,Erdheim-Chester Disease,Langerhans cell histiocytosis,low,cc48c1f069004f0c9703654ccf0596ae7ccb5a4381899b8f5cbfa02a65021974,False,
DA_d2_seq100/187,DA_d2_seq100,DA,187,e7_contrast,True,False,False,10,Erdheim-Chester Disease,Adult-Onset Multisystem Histiocytosis,high,cc48c1f069004f0c9703654ccf0596ae7ccb5a4381899b8f5cbfa02a65021974,True,
DA_d2_seq100/187,DA_d2_seq100,DA,187,forest_evidence_integrator,True,False,False,10,Erdheim-Chester Disease,Necrobiotic Xanthogranuloma,high,cc48c1f069004f0c9703654ccf0596ae7ccb5a4381899b8f5cbfa02a65021974,False,
DA_d2_seq100/187,DA_d2_seq100,DA,187,collapse_obligation_ledger,True,False,False,10,Erdheim-Chester Disease,Necrobiotic Xanthogranuloma,high,cc48c1f069004f0c9703654ccf0596ae7ccb5a4381899b8f5cbfa02a65021974,False,
DA_d2_seq100/187,DA_d2_seq100,DA,187,pairwise_tournament,True,False,False,10,Erdheim-Chester Disease,Adult-Onset Multisystem Histiocytosis,high,cc48c1f069004f0c9703654ccf0596ae7ccb5a4381899b8f5cbfa02a65021974,False,
DA_d2_seq100/190,DA_d2_seq100,DA,190,evidence_count_control,True,False,False,10,Frontal sinus mucocele,Frontal sinusitis,low,f6edb27ba40def4eb58797d7889561fa6865da17da875115805e1c862cf21df3,False,
DA_d2_seq100/190,DA_d2_seq100,DA,190,e7_contrast,True,False,False,10,Frontal sinus mucocele,Chronic frontal sinusitis,high,f6edb27ba40def4eb58797d7889561fa6865da17da875115805e1c862cf21df3,True,
DA_d2_seq100/190,DA_d2_seq100,DA,190,forest_evidence_integrator,True,False,False,10,Frontal sinus mucocele,Frontal sinusitis,high,f6edb27ba40def4eb58797d7889561fa6865da17da875115805e1c862cf21df3,False,
DA_d2_seq100/190,DA_d2_seq100,DA,190,collapse_obligation_ledger,True,False,False,10,Frontal sinus mucocele,Frontal sinusitis,high,f6edb27ba40def4eb58797d7889561fa6865da17da875115805e1c862cf21df3,False,
DA_d2_seq100/190,DA_d2_seq100,DA,190,pairwise_tournament,True,False,False,10,Frontal sinus mucocele,Frontal sinusitis,high,f6edb27ba40def4eb58797d7889561fa6865da17da875115805e1c862cf21df3,False,
DA_d2_seq100/194,DA_d2_seq100,DA,194,evidence_count_control,True,False,False,9,Lamellar macular hole,Myopic choroidal neovascularization,low,23e9fae95922414ae1d053fdf71bce58f14f13ea0b2ec89e1293646a220d5f50,False,
DA_d2_seq100/194,DA_d2_seq100,DA,194,e7_contrast,True,False,False,9,Emulsified silicone oil syndrome,Silicone oil retinopathy,medium,23e9fae95922414ae1d053fdf71bce58f14f13ea0b2ec89e1293646a220d5f50,True,
DA_d2_seq100/194,DA_d2_seq100,DA,194,forest_evidence_integrator,True,False,False,9,Emulsified silicone oil syndrome,Silicone oil retinopathy,high,23e9fae95922414ae1d053fdf71bce58f14f13ea0b2ec89e1293646a220d5f50,False,
DA_d2_seq100/194,DA_d2_seq100,DA,194,collapse_obligation_ledger,True,False,False,9,Emulsified silicone oil syndrome,Silicone oil retinopathy,high,23e9fae95922414ae1d053fdf71bce58f14f13ea0b2ec89e1293646a220d5f50,False,
DA_d2_seq100/194,DA_d2_seq100,DA,194,pairwise_tournament,True,False,False,9,Emulsified silicone oil syndrome,Silicone oil retinopathy,high,23e9fae95922414ae1d053fdf71bce58f14f13ea0b2ec89e1293646a220d5f50,False,
DA_d2_seq100/202,DA_d2_seq100,DA,202,evidence_count_control,True,False,False,10,Lymphoma,Sarcoma,low,c3c17d35692da82238e2cfb158bd42ad96fceb4292817da92763a8f9fdba85ad,False,
DA_d2_seq100/202,DA_d2_seq100,DA,202,e7_contrast,True,False,False,10,Mesenteric Lymphoma,Lymphoma,high,c3c17d35692da82238e2cfb158bd42ad96fceb4292817da92763a8f9fdba85ad,True,
DA_d2_seq100/202,DA_d2_seq100,DA,202,forest_evidence_integrator,True,False,False,10,Lymphoma,Mesenteric Lymphoma,high,c3c17d35692da82238e2cfb158bd42ad96fceb4292817da92763a8f9fdba85ad,False,
DA_d2_seq100/202,DA_d2_seq100,DA,202,collapse_obligation_ledger,True,False,False,10,Mesenteric Lymphoma,Lymphoma,high,c3c17d35692da82238e2cfb158bd42ad96fceb4292817da92763a8f9fdba85ad,False,
DA_d2_seq100/202,DA_d2_seq100,DA,202,pairwise_tournament,True,False,False,10,Lymphoma,Mesenteric Lymphoma,high,c3c17d35692da82238e2cfb158bd42ad96fceb4292817da92763a8f9fdba85ad,False,
DA_d2_seq100/205,DA_d2_seq100,DA,205,evidence_count_control,True,False,False,10,Cutaneous Vasculitis,Erythema Induratum,low,28e53d6a371efe84a3679b41e54038ae6d71eb846090117a09a703ea68b75737,False,
DA_d2_seq100/205,DA_d2_seq100,DA,205,e7_contrast,True,False,False,10,Microscopic Polyangiitis (MPA),Wegener's Granulomatosis,high,28e53d6a371efe84a3679b41e54038ae6d71eb846090117a09a703ea68b75737,True,
DA_d2_seq100/205,DA_d2_seq100,DA,205,forest_evidence_integrator,True,False,False,10,Microscopic Polyangiitis (MPA),Wegener's Granulomatosis,high,28e53d6a371efe84a3679b41e54038ae6d71eb846090117a09a703ea68b75737,False,
DA_d2_seq100/205,DA_d2_seq100,DA,205,collapse_obligation_ledger,True,False,False,10,Microscopic polyangiitis,Microscopic Polyangiitis (MPA),high,28e53d6a371efe84a3679b41e54038ae6d71eb846090117a09a703ea68b75737,False,
DA_d2_seq100/205,DA_d2_seq100,DA,205,pairwise_tournament,True,False,False,10,Microscopic Polyangiitis (MPA),Wegener's Granulomatosis,high,28e53d6a371efe84a3679b41e54038ae6d71eb846090117a09a703ea68b75737,False,
DA_d2_seq100/21,DA_d2_seq100,DA,21,evidence_count_control,True,False,False,10,Central Retinal Artery Occlusion,Compressive optic neuropathy,low,0ceae8b2d8ed8988b88f7056a5cbf16a03a2cf362a87ec22f86b45cfb803dbe4,False,
DA_d2_seq100/21,DA_d2_seq100,DA,21,e7_contrast,True,False,False,10,Rhabdomyolysis-induced Purtscher-like retinopathy,Compartment syndrome,high,0ceae8b2d8ed8988b88f7056a5cbf16a03a2cf362a87ec22f86b45cfb803dbe4,True,
DA_d2_seq100/21,DA_d2_seq100,DA,21,forest_evidence_integrator,True,False,False,10,Compartment syndrome,Rhabdomyolysis-induced Purtscher-like retinopathy,high,0ceae8b2d8ed8988b88f7056a5cbf16a03a2cf362a87ec22f86b45cfb803dbe4,False,
DA_d2_seq100/21,DA_d2_seq100,DA,21,collapse_obligation_ledger,True,False,False,10,Compartment syndrome,Rhabdomyolysis-induced Purtscher-like retinopathy,high,0ceae8b2d8ed8988b88f7056a5cbf16a03a2cf362a87ec22f86b45cfb803dbe4,False,
DA_d2_seq100/21,DA_d2_seq100,DA,21,pairwise_tournament,True,False,False,10,Compartment syndrome,Compressive optic neuropathy,high,0ceae8b2d8ed8988b88f7056a5cbf16a03a2cf362a87ec22f86b45cfb803dbe4,False,
DA_d2_seq100/219,DA_d2_seq100,DA,219,evidence_count_control,True,False,False,8,Nevoid Basal Cell Carcinoma Syndrome,Infundibulocystic Basal Cell Carcinoma,low,88e07bdd544eab7c7dbe55e919f26d7b7c2dd1a921af550a075a533b53681344,False,
DA_d2_seq100/219,DA_d2_seq100,DA,219,e7_contrast,True,False,False,8,Multiple Hereditary Infundibulocystic Basal Cell Carcinomas,Infundibulocystic Basal Cell Carcinoma,high,88e07bdd544eab7c7dbe55e919f26d7b7c2dd1a921af550a075a533b53681344,True,
DA_d2_seq100/219,DA_d2_seq100,DA,219,forest_evidence_integrator,True,False,False,8,Multiple Hereditary Infundibulocystic Basal Cell Carcinomas,Gorlin Syndrome,high,88e07bdd544eab7c7dbe55e919f26d7b7c2dd1a921af550a075a533b53681344,False,
DA_d2_seq100/219,DA_d2_seq100,DA,219,collapse_obligation_ledger,True,False,False,8,Multiple Hereditary Infundibulocystic Basal Cell Carcinomas,Infundibulocystic Basal Cell Carcinoma,high,88e07bdd544eab7c7dbe55e919f26d7b7c2dd1a921af550a075a533b53681344,False,
DA_d2_seq100/219,DA_d2_seq100,DA,219,pairwise_tournament,True,False,False,8,Multiple Hereditary Infundibulocystic Basal Cell Carcinomas,Gorlin Syndrome,medium,88e07bdd544eab7c7dbe55e919f26d7b7c2dd1a921af550a075a533b53681344,False,
DA_d2_seq100/22,DA_d2_seq100,DA,22,evidence_count_control,True,False,False,8,Interstitial Lung Disease,Mixed Connective Tissue Disease,low,8a4730e5e91db0684d1253b821ade837616ccc511fdd9bdfbf6f8491641d6782,False,
DA_d2_seq100/22,DA_d2_seq100,DA,22,e7_contrast,True,False,False,8,Systemic Lupus Erythematosus,Sjögren's Syndrome,medium,8a4730e5e91db0684d1253b821ade837616ccc511fdd9bdfbf6f8491641d6782,True,
DA_d2_seq100/22,DA_d2_seq100,DA,22,forest_evidence_integrator,True,False,False,8,Systemic Lupus Erythematosus,Sjögren's Syndrome,medium,8a4730e5e91db0684d1253b821ade837616ccc511fdd9bdfbf6f8491641d6782,False,
DA_d2_seq100/22,DA_d2_seq100,DA,22,collapse_obligation_ledger,True,False,False,8,Systemic Lupus Erythematosus,Sjögren's Syndrome,medium,8a4730e5e91db0684d1253b821ade837616ccc511fdd9bdfbf6f8491641d6782,False,
DA_d2_seq100/22,DA_d2_seq100,DA,22,pairwise_tournament,True,False,False,8,Systemic Lupus Erythematosus,Antiphospholipid Syndrome,medium,8a4730e5e91db0684d1253b821ade837616ccc511fdd9bdfbf6f8491641d6782,False,
DA_d2_seq100/225,DA_d2_seq100,DA,225,evidence_count_control,True,False,False,10,Diffuse large B-cell lymphoma,Lymphomatoid granulomatosis,low,cf955d4e9c5ee6bd43bc050db52c0e6116f63f263e628e44af41523f86ad4da6,False,
DA_d2_seq100/225,DA_d2_seq100,DA,225,e7_contrast,True,False,False,10,Diffuse large B-cell lymphoma,Mantle cell lymphoma,high,cf955d4e9c5ee6bd43bc050db52c0e6116f63f263e628e44af41523f86ad4da6,True,
DA_d2_seq100/225,DA_d2_seq100,DA,225,forest_evidence_integrator,True,False,False,10,Diffuse large B-cell lymphoma,Mantle cell lymphoma,medium,cf955d4e9c5ee6bd43bc050db52c0e6116f63f263e628e44af41523f86ad4da6,False,
DA_d2_seq100/225,DA_d2_seq100,DA,225,collapse_obligation_ledger,True,False,False,10,Mantle cell lymphoma,Diffuse large B-cell lymphoma,medium,cf955d4e9c5ee6bd43bc050db52c0e6116f63f263e628e44af41523f86ad4da6,False,
DA_d2_seq100/225,DA_d2_seq100,DA,225,pairwise_tournament,True,False,False,10,Mantle cell lymphoma,Diffuse large B-cell lymphoma,high,cf955d4e9c5ee6bd43bc050db52c0e6116f63f263e628e44af41523f86ad4da6,False,
DA_d2_seq100/226,DA_d2_seq100,DA,226,evidence_count_control,True,False,False,10,Discoid Lupus Erythematosus,Cutaneous lymphoid hyperplasia,low,0a6c6f494f4af8cd803eae397395e4c5139638e9f342ad897f652c0271ff5277,False,
DA_d2_seq100/226,DA_d2_seq100,DA,226,e7_contrast,True,False,False,10,Cutaneous Pseudolymphoma,Chronic Actinic Dermatitis,medium,0a6c6f494f4af8cd803eae397395e4c5139638e9f342ad897f652c0271ff5277,True,
DA_d2_seq100/226,DA_d2_seq100,DA,226,forest_evidence_integrator,True,False,False,10,Cutaneous lymphoid hyperplasia,,high,0a6c6f494f4af8cd803eae397395e4c5139638e9f342ad897f652c0271ff5277,False,
DA_d2_seq100/226,DA_d2_seq100,DA,226,collapse_obligation_ledger,True,False,False,10,Cutaneous lymphoid hyperplasia,Cutaneous Pseudolymphoma,high,0a6c6f494f4af8cd803eae397395e4c5139638e9f342ad897f652c0271ff5277,False,
DA_d2_seq100/226,DA_d2_seq100,DA,226,pairwise_tournament,True,False,False,10,Cutaneous Pseudolymphoma,Cutaneous lymphoid hyperplasia,medium,0a6c6f494f4af8cd803eae397395e4c5139638e9f342ad897f652c0271ff5277,False,
DA_d2_seq100/229,DA_d2_seq100,DA,229,evidence_count_control,True,True,False,8,Neurosarcoidosis,Multiple Sclerosis,low,cef61f76caa4ea77e85dfea5b41e3eddac89884e51125a6243ed847cb56e196e,False,
DA_d2_seq100/229,DA_d2_seq100,DA,229,e7_contrast,True,True,True,8,Rheumatoid Meningitis,Neurosarcoidosis,high,cef61f76caa4ea77e85dfea5b41e3eddac89884e51125a6243ed847cb56e196e,True,
DA_d2_seq100/229,DA_d2_seq100,DA,229,forest_evidence_integrator,True,True,True,8,Rheumatoid Meningitis,Neurosarcoidosis,high,cef61f76caa4ea77e85dfea5b41e3eddac89884e51125a6243ed847cb56e196e,False,
DA_d2_seq100/229,DA_d2_seq100,DA,229,collapse_obligation_ledger,True,True,True,8,Rheumatoid Meningitis,Neurosarcoidosis,high,cef61f76caa4ea77e85dfea5b41e3eddac89884e51125a6243ed847cb56e196e,False,
DA_d2_seq100/229,DA_d2_seq100,DA,229,pairwise_tournament,True,True,True,8,Rheumatoid Meningitis,Neurosarcoidosis,high,cef61f76caa4ea77e85dfea5b41e3eddac89884e51125a6243ed847cb56e196e,False,
DA_d2_seq100/237,DA_d2_seq100,DA,237,evidence_count_control,True,False,False,8,Hyperhidrosis,Focal Hyperhidrosis,low,2018c017465778f2e7de933b1d022d121981a76fda5e285cfab36a89fb8dfc28,False,
DA_d2_seq100/237,DA_d2_seq100,DA,237,e7_contrast,True,False,False,8,Focal Hyperhidrosis,Primary Hyperhidrosis,medium,2018c017465778f2e7de933b1d022d121981a76fda5e285cfab36a89fb8dfc28,True,
DA_d2_seq100/237,DA_d2_seq100,DA,237,forest_evidence_integrator,True,False,False,8,Primary Hyperhidrosis,Focal Hyperhidrosis,high,2018c017465778f2e7de933b1d022d121981a76fda5e285cfab36a89fb8dfc28,False,
DA_d2_seq100/237,DA_d2_seq100,DA,237,collapse_obligation_ledger,True,False,False,8,Primary Hyperhidrosis,Localized Hyperhidrosis,high,2018c017465778f2e7de933b1d022d121981a76fda5e285cfab36a89fb8dfc28,False,
DA_d2_seq100/237,DA_d2_seq100,DA,237,pairwise_tournament,True,False,False,8,Primary Hyperhidrosis,Focal Hyperhidrosis,medium,2018c017465778f2e7de933b1d022d121981a76fda5e285cfab36a89fb8dfc28,False,
DA_d2_seq100/242,DA_d2_seq100,DA,242,evidence_count_control,True,False,False,9,Choroidal Neovascularization,Retinal Angiomatous Proliferation,low,810f50067ce683352145b126221315553f268d1247241f03da435784389c67fc,False,
DA_d2_seq100/242,DA_d2_seq100,DA,242,e7_contrast,True,False,False,9,Retinal Angiomatous Proliferation,Neovascular Age-related Macular Degeneration,high,810f50067ce683352145b126221315553f268d1247241f03da435784389c67fc,True,
DA_d2_seq100/242,DA_d2_seq100,DA,242,forest_evidence_integrator,True,False,False,9,Retinal Angiomatous Proliferation,Neovascular Age-related Macular Degeneration,high,810f50067ce683352145b126221315553f268d1247241f03da435784389c67fc,False,
DA_d2_seq100/242,DA_d2_seq100,DA,242,collapse_obligation_ledger,True,False,False,9,Retinal neovascularization,Retinal vascular proliferation,medium,810f50067ce683352145b126221315553f268d1247241f03da435784389c67fc,False,
DA_d2_seq100/242,DA_d2_seq100,DA,242,pairwise_tournament,True,False,False,9,Retinal Angiomatous Proliferation,Retinal neovascularization,high,810f50067ce683352145b126221315553f268d1247241f03da435784389c67fc,False,
DA_d2_seq100/243,DA_d2_seq100,DA,243,evidence_count_control,True,False,False,10,Erythema multiforme,Gianotti-Crosti syndrome,low,d9be78473e69945a51cf5a231912b6e30a618c6be4e7b5250ed6c761d4fa294c,False,
DA_d2_seq100/243,DA_d2_seq100,DA,243,e7_contrast,True,False,False,10,Parvovirus B19-associated erythema,Polymorphic light eruption,high,d9be78473e69945a51cf5a231912b6e30a618c6be4e7b5250ed6c761d4fa294c,True,
DA_d2_seq100/243,DA_d2_seq100,DA,243,forest_evidence_integrator,True,False,False,10,Parvovirus B19-associated erythema,Polymorphic light eruption,high,d9be78473e69945a51cf5a231912b6e30a618c6be4e7b5250ed6c761d4fa294c,False,
DA_d2_seq100/243,DA_d2_seq100,DA,243,collapse_obligation_ledger,True,False,False,10,Parvovirus B19-associated erythema,Parvovirus B19 infection,high,d9be78473e69945a51cf5a231912b6e30a618c6be4e7b5250ed6c761d4fa294c,False,
DA_d2_seq100/243,DA_d2_seq100,DA,243,pairwise_tournament,True,False,False,10,Parvovirus B19 infection,Polymorphic light eruption,high,d9be78473e69945a51cf5a231912b6e30a618c6be4e7b5250ed6c761d4fa294c,False,
DA_d2_seq100/246,DA_d2_seq100,DA,246,evidence_count_control,True,False,False,10,Angiosarcoma,Cherry Angioma,low,3157a653e8f1d66323dd3119b500c1df09f237689c8e879a0d9f08b00b8db27e,False,
DA_d2_seq100/246,DA_d2_seq100,DA,246,e7_contrast,True,False,False,10,Somatic KDR (VEGFR2) Mutation-associated Vascular Lesion,Cherry Angioma,high,3157a653e8f1d66323dd3119b500c1df09f237689c8e879a0d9f08b00b8db27e,True,
DA_d2_seq100/246,DA_d2_seq100,DA,246,forest_evidence_integrator,True,False,False,10,Somatic KDR (VEGFR2) Mutation-associated Vascular Lesion,Vascular Tumor,high,3157a653e8f1d66323dd3119b500c1df09f237689c8e879a0d9f08b00b8db27e,False,
DA_d2_seq100/246,DA_d2_seq100,DA,246,collapse_obligation_ledger,True,False,False,10,Somatic KDR (VEGFR2) Mutation-associated Vascular Lesion,Cherry Angioma,high,3157a653e8f1d66323dd3119b500c1df09f237689c8e879a0d9f08b00b8db27e,False,
DA_d2_seq100/246,DA_d2_seq100,DA,246,pairwise_tournament,True,False,False,10,Somatic KDR (VEGFR2) Mutation-associated Vascular Lesion,Cherry Angioma,high,3157a653e8f1d66323dd3119b500c1df09f237689c8e879a0d9f08b00b8db27e,False,
DA_d2_seq100/27,DA_d2_seq100,DA,27,evidence_count_control,True,False,False,10,Sweet syndrome,Neutrophilic dermatosis,low,ae34ee7f15aa2313d3d84f20e32bf3a86821988ba8b72c6f018440368f31ff9a,False,
DA_d2_seq100/27,DA_d2_seq100,DA,27,e7_contrast,True,False,False,10,Leukemia cutis,Sweet syndrome,medium,ae34ee7f15aa2313d3d84f20e32bf3a86821988ba8b72c6f018440368f31ff9a,True,
DA_d2_seq100/27,DA_d2_seq100,DA,27,forest_evidence_integrator,True,False,False,10,Leukemia cutis,,high,ae34ee7f15aa2313d3d84f20e32bf3a86821988ba8b72c6f018440368f31ff9a,False,
DA_d2_seq100/27,DA_d2_seq100,DA,27,collapse_obligation_ledger,True,False,False,10,Leukemia cutis,Leukemic cutis,low,ae34ee7f15aa2313d3d84f20e32bf3a86821988ba8b72c6f018440368f31ff9a,False,
DA_d2_seq100/27,DA_d2_seq100,DA,27,pairwise_tournament,True,False,False,10,Leukemia cutis,Leukemic cutis,high,ae34ee7f15aa2313d3d84f20e32bf3a86821988ba8b72c6f018440368f31ff9a,False,
DA_d2_seq100/28,DA_d2_seq100,DA,28,evidence_count_control,True,False,False,10,Atrial Fibrillation,Atrial flutter,low,c5b9c37842e5dce4975960ea3bbeaeb28793a8a13a8e04c3b15e813d67e899dc,False,
DA_d2_seq100/28,DA_d2_seq100,DA,28,e7_contrast,True,False,False,10,Atrial flutter,Sick sinus syndrome,high,c5b9c37842e5dce4975960ea3bbeaeb28793a8a13a8e04c3b15e813d67e899dc,True,
DA_d2_seq100/28,DA_d2_seq100,DA,28,forest_evidence_integrator,True,False,False,10,Sick sinus syndrome,Atrial flutter,medium,c5b9c37842e5dce4975960ea3bbeaeb28793a8a13a8e04c3b15e813d67e899dc,False,
DA_d2_seq100/28,DA_d2_seq100,DA,28,collapse_obligation_ledger,True,False,False,10,Atrial flutter,Heart failure with preserved ejection fraction,high,c5b9c37842e5dce4975960ea3bbeaeb28793a8a13a8e04c3b15e813d67e899dc,False,
DA_d2_seq100/28,DA_d2_seq100,DA,28,pairwise_tournament,True,False,False,10,Atrial flutter,Sick sinus syndrome,high,c5b9c37842e5dce4975960ea3bbeaeb28793a8a13a8e04c3b15e813d67e899dc,False,
DA_d2_seq100/29,DA_d2_seq100,DA,29,evidence_count_control,True,False,False,7,IgG4-related disease,Tolosa-Hunt syndrome,low,a7912d529262724ff27677e19124567ab55861cc43d027ce76572d14d8b89790,False,
DA_d2_seq100/29,DA_d2_seq100,DA,29,e7_contrast,True,False,False,7,IgG4-related disease,COVID-19-associated mucormycosis,high,a7912d529262724ff27677e19124567ab55861cc43d027ce76572d14d8b89790,True,
DA_d2_seq100/29,DA_d2_seq100,DA,29,forest_evidence_integrator,True,False,False,7,IgG4-related disease,,high,a7912d529262724ff27677e19124567ab55861cc43d027ce76572d14d8b89790,False,
DA_d2_seq100/29,DA_d2_seq100,DA,29,collapse_obligation_ledger,True,False,False,7,IgG4-related disease,Invasive fungal sinusitis,high,a7912d529262724ff27677e19124567ab55861cc43d027ce76572d14d8b89790,False,
DA_d2_seq100/29,DA_d2_seq100,DA,29,pairwise_tournament,True,False,False,7,IgG4-related disease,Invasive fungal sinusitis,high,a7912d529262724ff27677e19124567ab55861cc43d027ce76572d14d8b89790,False,
DA_d2_seq100/3,DA_d2_seq100,DA,3,evidence_count_control,True,True,False,10,Cerebral cavernous malformation,Klippel-Trenaunay syndrome,low,38fe2200f57547e91cebb64f4658e7f6215026254d8ed8176d30f3db89619c72,False,
DA_d2_seq100/3,DA_d2_seq100,DA,3,e7_contrast,True,True,False,10,Familial Cerebral Cavernous Malformation,Cerebral cavernous malformation,high,38fe2200f57547e91cebb64f4658e7f6215026254d8ed8176d30f3db89619c72,True,
DA_d2_seq100/3,DA_d2_seq100,DA,3,forest_evidence_integrator,True,True,False,10,Familial Cerebral Cavernous Malformation,Cutaneous venous malformations,high,38fe2200f57547e91cebb64f4658e7f6215026254d8ed8176d30f3db89619c72,False,
DA_d2_seq100/3,DA_d2_seq100,DA,3,collapse_obligation_ledger,True,True,False,10,Familial Cerebral Cavernous Malformation,Cerebral cavernous malformation,high,38fe2200f57547e91cebb64f4658e7f6215026254d8ed8176d30f3db89619c72,False,
DA_d2_seq100/3,DA_d2_seq100,DA,3,pairwise_tournament,True,True,False,10,Familial Cerebral Cavernous Malformation,Cerebral cavernous malformation,high,38fe2200f57547e91cebb64f4658e7f6215026254d8ed8176d30f3db89619c72,False,
DA_d2_seq100/36,DA_d2_seq100,DA,36,evidence_count_control,True,False,False,10,Cryptococcosis,Cutaneous granuloma,low,d8cfb5b1210ace864e19fa1a560582bd29bacf7b3f9693377e1f14751de9c3fd,False,
DA_d2_seq100/36,DA_d2_seq100,DA,36,e7_contrast,True,False,False,10,Cryptococcosis,Immunodeficiency-related infection,high,d8cfb5b1210ace864e19fa1a560582bd29bacf7b3f9693377e1f14751de9c3fd,True,
DA_d2_seq100/36,DA_d2_seq100,DA,36,forest_evidence_integrator,True,False,False,10,Cryptococcosis,Fingolimod-related infection,high,d8cfb5b1210ace864e19fa1a560582bd29bacf7b3f9693377e1f14751de9c3fd,False,
DA_d2_seq100/36,DA_d2_seq100,DA,36,collapse_obligation_ledger,True,False,False,10,Cryptococcosis,Fingolimod-related infection,high,d8cfb5b1210ace864e19fa1a560582bd29bacf7b3f9693377e1f14751de9c3fd,False,
DA_d2_seq100/36,DA_d2_seq100,DA,36,pairwise_tournament,True,False,False,10,Cryptococcosis,Fingolimod-related infection,high,d8cfb5b1210ace864e19fa1a560582bd29bacf7b3f9693377e1f14751de9c3fd,False,
DA_d2_seq100/4,DA_d2_seq100,DA,4,evidence_count_control,True,False,False,10,Targetoid hemosiderotic hemangioma,Kaposi's sarcoma,low,a6447b1bed02fa085a26e93a88a4997e282c61f65315adc5af086ace7a6c6fc4,False,
DA_d2_seq100/4,DA_d2_seq100,DA,4,e7_contrast,True,False,False,10,Retiform hemangioendothelioma,Targetoid hemosiderotic hemangioma,medium,a6447b1bed02fa085a26e93a88a4997e282c61f65315adc5af086ace7a6c6fc4,True,
DA_d2_seq100/4,DA_d2_seq100,DA,4,forest_evidence_integrator,True,False,False,10,Retiform hemangioendothelioma,Tufted angioma,high,a6447b1bed02fa085a26e93a88a4997e282c61f65315adc5af086ace7a6c6fc4,False,
DA_d2_seq100/4,DA_d2_seq100,DA,4,collapse_obligation_ledger,True,False,False,10,Retiform hemangioendothelioma,Targetoid hemosiderotic hemangioma,medium,a6447b1bed02fa085a26e93a88a4997e282c61f65315adc5af086ace7a6c6fc4,False,
DA_d2_seq100/4,DA_d2_seq100,DA,4,pairwise_tournament,True,False,False,10,Angioma,Tufted angioma,medium,a6447b1bed02fa085a26e93a88a4997e282c61f65315adc5af086ace7a6c6fc4,False,
DA_d2_seq100/40,DA_d2_seq100,DA,40,evidence_count_control,True,False,False,8,Squamous cell carcinoma,Sebaceous carcinoma,low,cfb0a3569968a8ee33c9fc5d840923d8d21e10d3ee8c22e41f6a6bd7e8476760,False,
DA_d2_seq100/40,DA_d2_seq100,DA,40,e7_contrast,True,False,False,8,Squamous cell carcinoma with clear cell features,Squamous cell carcinoma,high,cfb0a3569968a8ee33c9fc5d840923d8d21e10d3ee8c22e41f6a6bd7e8476760,True,
DA_d2_seq100/40,DA_d2_seq100,DA,40,forest_evidence_integrator,True,False,False,8,Squamous cell carcinoma with clear cell features,Squamous cell carcinoma,medium,cfb0a3569968a8ee33c9fc5d840923d8d21e10d3ee8c22e41f6a6bd7e8476760,False,
DA_d2_seq100/40,DA_d2_seq100,DA,40,collapse_obligation_ledger,True,False,False,8,Squamous cell carcinoma with clear cell features,Squamous cell carcinoma,high,cfb0a3569968a8ee33c9fc5d840923d8d21e10d3ee8c22e41f6a6bd7e8476760,False,
DA_d2_seq100/40,DA_d2_seq100,DA,40,pairwise_tournament,True,False,False,8,Squamous cell carcinoma with clear cell features,Squamous cell carcinoma,medium,cfb0a3569968a8ee33c9fc5d840923d8d21e10d3ee8c22e41f6a6bd7e8476760,False,
DA_d2_seq100/57,DA_d2_seq100,DA,57,evidence_count_control,True,False,False,10,Pembrolizumab-induced rash,Drug-induced eosinophilic dermatitis,low,7a40ed8371051b78bb17d055faabbb992da3a0fde4d7c300d0976f2ab118e0f0,False,
DA_d2_seq100/57,DA_d2_seq100,DA,57,e7_contrast,True,False,False,10,Immune-related adverse event (irAE) of immunotherapy,Drug-induced eosinophilic dermatitis,high,7a40ed8371051b78bb17d055faabbb992da3a0fde4d7c300d0976f2ab118e0f0,True,
DA_d2_seq100/57,DA_d2_seq100,DA,57,forest_evidence_integrator,True,False,False,10,Drug-induced eosinophilic dermatitis,Immune-related adverse event (irAE) of immunotherapy,high,7a40ed8371051b78bb17d055faabbb992da3a0fde4d7c300d0976f2ab118e0f0,False,
DA_d2_seq100/57,DA_d2_seq100,DA,57,collapse_obligation_ledger,True,False,False,10,Pembrolizumab-induced rash,Immune-related adverse event (irAE) of immunotherapy,medium,7a40ed8371051b78bb17d055faabbb992da3a0fde4d7c300d0976f2ab118e0f0,False,
DA_d2_seq100/57,DA_d2_seq100,DA,57,pairwise_tournament,True,False,False,10,Immune-related adverse event (irAE) of immunotherapy,Drug-induced eosinophilic dermatitis,high,7a40ed8371051b78bb17d055faabbb992da3a0fde4d7c300d0976f2ab118e0f0,False,
DA_d2_seq100/59,DA_d2_seq100,DA,59,evidence_count_control,True,False,False,10,Cystoid Macular Edema,Uveitis,low,60d87e88a9453b1df340075abf53c9ad2b87cfd0497190f03f5bbffa9018db98,False,
DA_d2_seq100/59,DA_d2_seq100,DA,59,e7_contrast,True,False,False,10,Anastrozole-induced Uveitis,Iritis,high,60d87e88a9453b1df340075abf53c9ad2b87cfd0497190f03f5bbffa9018db98,True,
DA_d2_seq100/59,DA_d2_seq100,DA,59,forest_evidence_integrator,True,False,False,10,Anastrozole-induced Uveitis,Iritis,high,60d87e88a9453b1df340075abf53c9ad2b87cfd0497190f03f5bbffa9018db98,False,
DA_d2_seq100/59,DA_d2_seq100,DA,59,collapse_obligation_ledger,True,False,False,10,Anastrozole-induced Uveitis,Iritis,high,60d87e88a9453b1df340075abf53c9ad2b87cfd0497190f03f5bbffa9018db98,False,
DA_d2_seq100/59,DA_d2_seq100,DA,59,pairwise_tournament,True,False,False,10,Anastrozole-induced Uveitis,Uveitis,high,60d87e88a9453b1df340075abf53c9ad2b87cfd0497190f03f5bbffa9018db98,False,
DA_d2_seq100/67,DA_d2_seq100,DA,67,evidence_count_control,True,False,False,10,Bradycardia,Respiratory Failure,low,f9240c207978e24929a37e9ecec023c86786d24fa75c83749163b7c30d6ce242,False,
DA_d2_seq100/67,DA_d2_seq100,DA,67,e7_contrast,True,False,False,10,Bradycardia,Cardiac Arrest,high,f9240c207978e24929a37e9ecec023c86786d24fa75c83749163b7c30d6ce242,True,
DA_d2_seq100/67,DA_d2_seq100,DA,67,forest_evidence_integrator,True,False,False,10,Bradycardia,Pulmonary infection,high,f9240c207978e24929a37e9ecec023c86786d24fa75c83749163b7c30d6ce242,False,
DA_d2_seq100/67,DA_d2_seq100,DA,67,collapse_obligation_ledger,True,False,False,10,Bradycardia,Respiratory Failure,high,f9240c207978e24929a37e9ecec023c86786d24fa75c83749163b7c30d6ce242,False,
DA_d2_seq100/67,DA_d2_seq100,DA,67,pairwise_tournament,True,False,False,10,Bradycardia,Stroke,high,f9240c207978e24929a37e9ecec023c86786d24fa75c83749163b7c30d6ce242,False,
DA_d2_seq100/74,DA_d2_seq100,DA,74,evidence_count_control,True,False,False,10,Hidradenoma,Aggressive digital papillary adenocarcinoma,low,4eeeb4b0ef847d8eae6f39478aea970cf1aa457c894235f3a5a82570ae6a49c3,False,
DA_d2_seq100/74,DA_d2_seq100,DA,74,e7_contrast,True,False,False,10,Adnexal carcinoma,Hidradenoma,medium,4eeeb4b0ef847d8eae6f39478aea970cf1aa457c894235f3a5a82570ae6a49c3,True,
DA_d2_seq100/74,DA_d2_seq100,DA,74,forest_evidence_integrator,True,False,False,10,Adnexal carcinoma,Aggressive digital papillary adenocarcinoma,medium,4eeeb4b0ef847d8eae6f39478aea970cf1aa457c894235f3a5a82570ae6a49c3,False,
DA_d2_seq100/74,DA_d2_seq100,DA,74,collapse_obligation_ledger,True,False,False,10,Adnexal carcinoma,Aggressive digital papillary adenocarcinoma,high,4eeeb4b0ef847d8eae6f39478aea970cf1aa457c894235f3a5a82570ae6a49c3,False,
DA_d2_seq100/74,DA_d2_seq100,DA,74,pairwise_tournament,True,False,False,10,Aggressive digital papillary adenocarcinoma,Hidradenoma,high,4eeeb4b0ef847d8eae6f39478aea970cf1aa457c894235f3a5a82570ae6a49c3,False,
DA_d2_seq100/76,DA_d2_seq100,DA,76,evidence_count_control,True,False,False,9,Chondrosarcoma,Temporal bone tumors,low,930a3d9a813fe45e920957dd30d525388d59ff3181f3dcf7a7ace686556de88e,False,
DA_d2_seq100/76,DA_d2_seq100,DA,76,e7_contrast,True,False,False,9,Cartilaginous tumors of the temporal bone,Chondrosarcoma,medium,930a3d9a813fe45e920957dd30d525388d59ff3181f3dcf7a7ace686556de88e,True,
DA_d2_seq100/76,DA_d2_seq100,DA,76,forest_evidence_integrator,True,False,False,9,Myxoid chondrosarcoma,Chondrosarcoma,medium,930a3d9a813fe45e920957dd30d525388d59ff3181f3dcf7a7ace686556de88e,False,
DA_d2_seq100/76,DA_d2_seq100,DA,76,collapse_obligation_ledger,True,False,False,9,Myxoid chondrosarcoma,Chondrosarcoma,medium,930a3d9a813fe45e920957dd30d525388d59ff3181f3dcf7a7ace686556de88e,False,
DA_d2_seq100/76,DA_d2_seq100,DA,76,pairwise_tournament,True,False,False,9,Facial nerve schwannoma,Myxoid chondrosarcoma,high,930a3d9a813fe45e920957dd30d525388d59ff3181f3dcf7a7ace686556de88e,False,
DA_d2_seq100/83,DA_d2_seq100,DA,83,evidence_count_control,True,False,False,7,Cone-rod dystrophy,Choroideremia,low,8e07ca48be9443e81d137791ef1b1830a6e6223722a44f3dece584725a536935,False,
DA_d2_seq100/83,DA_d2_seq100,DA,83,e7_contrast,True,False,False,7,Retinitis pigmentosa,Choroideremia,medium,8e07ca48be9443e81d137791ef1b1830a6e6223722a44f3dece584725a536935,True,
DA_d2_seq100/83,DA_d2_seq100,DA,83,forest_evidence_integrator,True,False,False,7,Retinitis pigmentosa,Choroideremia,high,8e07ca48be9443e81d137791ef1b1830a6e6223722a44f3dece584725a536935,False,
DA_d2_seq100/83,DA_d2_seq100,DA,83,collapse_obligation_ledger,True,False,False,7,Retinitis pigmentosa,Choroideremia,medium,8e07ca48be9443e81d137791ef1b1830a6e6223722a44f3dece584725a536935,False,
DA_d2_seq100/83,DA_d2_seq100,DA,83,pairwise_tournament,True,False,False,7,Retinitis pigmentosa,Choroideremia,medium,8e07ca48be9443e81d137791ef1b1830a6e6223722a44f3dece584725a536935,False,
DA_d2_seq100/87,DA_d2_seq100,DA,87,evidence_count_control,True,True,False,10,Acute Pericarditis,Pulmonary Embolism,low,e9c2858184aea34f0ed1df6d30ef4229af390bfa95e53955375b92d61beb135b,False,
DA_d2_seq100/87,DA_d2_seq100,DA,87,e7_contrast,True,True,True,10,Myopericarditis,Myocarditis,high,e9c2858184aea34f0ed1df6d30ef4229af390bfa95e53955375b92d61beb135b,True,
DA_d2_seq100/87,DA_d2_seq100,DA,87,forest_evidence_integrator,True,True,True,10,Myopericarditis,Acute Pericarditis,medium,e9c2858184aea34f0ed1df6d30ef4229af390bfa95e53955375b92d61beb135b,False,
DA_d2_seq100/87,DA_d2_seq100,DA,87,collapse_obligation_ledger,True,True,True,10,Myopericarditis,Acute Pericarditis,high,e9c2858184aea34f0ed1df6d30ef4229af390bfa95e53955375b92d61beb135b,False,
DA_d2_seq100/87,DA_d2_seq100,DA,87,pairwise_tournament,True,True,True,10,Myopericarditis,Pericarditis,high,e9c2858184aea34f0ed1df6d30ef4229af390bfa95e53955375b92d61beb135b,False,
DA_d2_seq100/89,DA_d2_seq100,DA,89,evidence_count_control,True,False,False,8,Atrioventricular Nodal Reentrant Tachycardia,Supraventricular Tachycardia,low,a23997f048b50ab9aad403e2ae8c2cbc2314c7688b017d52a67f582926201de5,False,
DA_d2_seq100/89,DA_d2_seq100,DA,89,e7_contrast,True,False,False,8,Atrioventricular Nodal Reentrant Tachycardia,Atrial Tachycardia,high,a23997f048b50ab9aad403e2ae8c2cbc2314c7688b017d52a67f582926201de5,True,
DA_d2_seq100/89,DA_d2_seq100,DA,89,forest_evidence_integrator,True,False,False,8,Atrioventricular Nodal Reentrant Tachycardia,Supraventricular Tachycardia,medium,a23997f048b50ab9aad403e2ae8c2cbc2314c7688b017d52a67f582926201de5,False,
DA_d2_seq100/89,DA_d2_seq100,DA,89,collapse_obligation_ledger,True,False,False,8,Supraventricular Tachycardia,Atrioventricular Nodal Reentrant Tachycardia,high,a23997f048b50ab9aad403e2ae8c2cbc2314c7688b017d52a67f582926201de5,False,
DA_d2_seq100/89,DA_d2_seq100,DA,89,pairwise_tournament,True,False,False,8,Atrioventricular Nodal Reentrant Tachycardia,Supraventricular Tachycardia,high,a23997f048b50ab9aad403e2ae8c2cbc2314c7688b017d52a67f582926201de5,False,
DA_d2_seq100/95,DA_d2_seq100,DA,95,evidence_count_control,True,False,False,10,Olivopontocerebellar atrophy,Multiple system atrophy,low,d39d7b05376f9b882073830c706af75973674d03a6ad4bdc29a0f4863f95c838,False,
DA_d2_seq100/95,DA_d2_seq100,DA,95,e7_contrast,True,False,False,10,Multiple system atrophy,Olivopontocerebellar atrophy,medium,d39d7b05376f9b882073830c706af75973674d03a6ad4bdc29a0f4863f95c838,True,
DA_d2_seq100/95,DA_d2_seq100,DA,95,forest_evidence_integrator,True,False,False,10,Multiple system atrophy,Olivopontocerebellar atrophy,medium,d39d7b05376f9b882073830c706af75973674d03a6ad4bdc29a0f4863f95c838,False,
DA_d2_seq100/95,DA_d2_seq100,DA,95,collapse_obligation_ledger,True,False,False,10,Dentatorubral-pallidoluysian atrophy,Olivopontocerebellar atrophy,high,d39d7b05376f9b882073830c706af75973674d03a6ad4bdc29a0f4863f95c838,False,
DA_d2_seq100/95,DA_d2_seq100,DA,95,pairwise_tournament,True,False,False,10,Dentatorubral-pallidoluysian atrophy,Multiple system atrophy,high,d39d7b05376f9b882073830c706af75973674d03a6ad4bdc29a0f4863f95c838,False,
MCR_seq200b/251,MCR_seq200b,MCR,251,evidence_count_control,True,False,False,7,Twin anemia-polycythemia sequence,Tetralogy of Fallot,low,9ec81bb768404fd90e917f0fede3d9d3f9ed00afbf71a27bf36c295d60c41b9a,False,
MCR_seq200b/251,MCR_seq200b,MCR,251,e7_contrast,True,False,False,7,Twin anemia-polycythemia sequence,Selective intrauterine growth restriction,medium,9ec81bb768404fd90e917f0fede3d9d3f9ed00afbf71a27bf36c295d60c41b9a,True,
MCR_seq200b/251,MCR_seq200b,MCR,251,forest_evidence_integrator,True,False,False,7,Selective intrauterine growth restriction,Intrauterine growth restriction,high,9ec81bb768404fd90e917f0fede3d9d3f9ed00afbf71a27bf36c295d60c41b9a,False,
MCR_seq200b/251,MCR_seq200b,MCR,251,collapse_obligation_ledger,True,False,False,7,Twin anemia-polycythemia sequence,Selective intrauterine growth restriction,high,9ec81bb768404fd90e917f0fede3d9d3f9ed00afbf71a27bf36c295d60c41b9a,False,
MCR_seq200b/251,MCR_seq200b,MCR,251,pairwise_tournament,True,False,False,7,Selective intrauterine growth restriction,Intrauterine growth restriction,high,9ec81bb768404fd90e917f0fede3d9d3f9ed00afbf71a27bf36c295d60c41b9a,False,
MCR_seq200b/252,MCR_seq200b,MCR,252,evidence_count_control,True,True,False,9,Histiocytosis,Visceral Leishmaniasis,low,4233bc697c82097d00b4dce8d093a044b0eadf6d8f7962e491b8c8750ecf4ffc,False,
MCR_seq200b/252,MCR_seq200b,MCR,252,e7_contrast,True,True,True,9,Visceral Leishmaniasis,Hemophagocytic Lymphohistiocytosis,high,4233bc697c82097d00b4dce8d093a044b0eadf6d8f7962e491b8c8750ecf4ffc,True,
MCR_seq200b/252,MCR_seq200b,MCR,252,forest_evidence_integrator,True,True,True,9,Visceral Leishmaniasis,Malaria,medium,4233bc697c82097d00b4dce8d093a044b0eadf6d8f7962e491b8c8750ecf4ffc,False,
MCR_seq200b/252,MCR_seq200b,MCR,252,collapse_obligation_ledger,True,True,True,9,Visceral Leishmaniasis,Malaria,high,4233bc697c82097d00b4dce8d093a044b0eadf6d8f7962e491b8c8750ecf4ffc,False,
MCR_seq200b/252,MCR_seq200b,MCR,252,pairwise_tournament,True,True,True,9,Visceral Leishmaniasis,Malaria,high,4233bc697c82097d00b4dce8d093a044b0eadf6d8f7962e491b8c8750ecf4ffc,False,
MCR_seq200b/258,MCR_seq200b,MCR,258,evidence_count_control,True,False,False,9,Miliary tuberculosis,Coccidioidomycosis,low,457d0964644c4e80e0a79271550a7d23cafd897599848d8ae06d3b881a420727,False,
MCR_seq200b/258,MCR_seq200b,MCR,258,e7_contrast,True,False,False,9,Miliary tuberculosis,Disseminated cryptococcosis,high,457d0964644c4e80e0a79271550a7d23cafd897599848d8ae06d3b881a420727,True,
MCR_seq200b/258,MCR_seq200b,MCR,258,forest_evidence_integrator,True,False,False,9,Miliary tuberculosis,Disseminated cryptococcosis,medium,457d0964644c4e80e0a79271550a7d23cafd897599848d8ae06d3b881a420727,False,
MCR_seq200b/258,MCR_seq200b,MCR,258,collapse_obligation_ledger,True,False,False,9,Miliary tuberculosis,Disseminated cryptococcosis,high,457d0964644c4e80e0a79271550a7d23cafd897599848d8ae06d3b881a420727,False,
MCR_seq200b/258,MCR_seq200b,MCR,258,pairwise_tournament,True,False,False,9,Disseminated cryptococcosis,Miliary tuberculosis,high,457d0964644c4e80e0a79271550a7d23cafd897599848d8ae06d3b881a420727,False,
MCR_seq200b/260,MCR_seq200b,MCR,260,evidence_count_control,True,True,False,10,Infectious aortitis,Syphilitic aortitis,low,cfb100efc958e4faad2bf8eb0a7d74ce6586dc1ba71d84224b40b24616586ee1,False,
MCR_seq200b/260,MCR_seq200b,MCR,260,e7_contrast,True,True,False,10,Infectious aortitis,Syphilitic aortitis,medium,cfb100efc958e4faad2bf8eb0a7d74ce6586dc1ba71d84224b40b24616586ee1,True,
MCR_seq200b/260,MCR_seq200b,MCR,260,forest_evidence_integrator,True,True,True,10,Syphilitic aortitis,Infectious aortitis,high,cfb100efc958e4faad2bf8eb0a7d74ce6586dc1ba71d84224b40b24616586ee1,False,
MCR_seq200b/260,MCR_seq200b,MCR,260,collapse_obligation_ledger,True,True,True,10,Syphilitic aortitis,Infectious aortitis,high,cfb100efc958e4faad2bf8eb0a7d74ce6586dc1ba71d84224b40b24616586ee1,False,
MCR_seq200b/260,MCR_seq200b,MCR,260,pairwise_tournament,True,True,False,10,Infectious aortitis,Aortitis due to Salmonella species,medium,cfb100efc958e4faad2bf8eb0a7d74ce6586dc1ba71d84224b40b24616586ee1,False,
MCR_seq200b/261,MCR_seq200b,MCR,261,evidence_count_control,True,False,False,10,Interstitial lung disease,Etanercept-induced lung disease,low,e3455b75c30faca06eb28fb3a666227658b2e11887cd77e6dabef7b7d2b59690,False,
MCR_seq200b/261,MCR_seq200b,MCR,261,e7_contrast,True,False,False,10,Etanercept-induced interstitial lung disease,Hypersensitivity pneumonitis,medium,e3455b75c30faca06eb28fb3a666227658b2e11887cd77e6dabef7b7d2b59690,True,
MCR_seq200b/261,MCR_seq200b,MCR,261,forest_evidence_integrator,True,False,False,10,Etanercept-induced interstitial lung disease,Hypersensitivity pneumonitis,high,e3455b75c30faca06eb28fb3a666227658b2e11887cd77e6dabef7b7d2b59690,False,
MCR_seq200b/261,MCR_seq200b,MCR,261,collapse_obligation_ledger,True,False,False,10,Etanercept-induced interstitial lung disease,Hypersensitivity pneumonitis,high,e3455b75c30faca06eb28fb3a666227658b2e11887cd77e6dabef7b7d2b59690,False,
MCR_seq200b/261,MCR_seq200b,MCR,261,pairwise_tournament,True,False,False,10,Etanercept-induced interstitial lung disease,Hypersensitivity pneumonitis,high,e3455b75c30faca06eb28fb3a666227658b2e11887cd77e6dabef7b7d2b59690,False,
MCR_seq200b/262,MCR_seq200b,MCR,262,evidence_count_control,True,False,False,8,Intraductal Papillary Mucinous Neoplasm,Solid Pseudopapillary Neoplasm,low,2c129eec580a863912383610f12e196815fe455e755d5d0b43472e7071e6e96f,False,
MCR_seq200b/262,MCR_seq200b,MCR,262,e7_contrast,True,False,False,8,Intraductal Papillary Mucinous Neoplasm,Mucinous Cystic Neoplasm,medium,2c129eec580a863912383610f12e196815fe455e755d5d0b43472e7071e6e96f,True,
MCR_seq200b/262,MCR_seq200b,MCR,262,forest_evidence_integrator,True,False,False,8,Intraductal Papillary Mucinous Neoplasm,Mucinous Cystic Neoplasm,medium,2c129eec580a863912383610f12e196815fe455e755d5d0b43472e7071e6e96f,False,
MCR_seq200b/262,MCR_seq200b,MCR,262,collapse_obligation_ledger,True,False,False,8,Intraductal Papillary Mucinous Neoplasm,Mucinous Cystic Neoplasm,high,2c129eec580a863912383610f12e196815fe455e755d5d0b43472e7071e6e96f,False,
MCR_seq200b/262,MCR_seq200b,MCR,262,pairwise_tournament,True,False,False,8,Intraductal Papillary Mucinous Neoplasm,Mucinous Cystic Neoplasm,high,2c129eec580a863912383610f12e196815fe455e755d5d0b43472e7071e6e96f,False,
MCR_seq200b/263,MCR_seq200b,MCR,263,evidence_count_control,True,True,False,9,Lymphoma,Sarcoidosis,low,e3ed266bf830d8b55813384cebf05d585e74cd0e039cc26a7df610441e526dc9,False,
MCR_seq200b/263,MCR_seq200b,MCR,263,e7_contrast,True,True,True,9,Sarcoidosis,Granulomatous disease-associated hypercalcemia,high,e3ed266bf830d8b55813384cebf05d585e74cd0e039cc26a7df610441e526dc9,True,
MCR_seq200b/263,MCR_seq200b,MCR,263,forest_evidence_integrator,True,True,True,9,Sarcoidosis,Granulomatous disease-associated hypercalcemia,high,e3ed266bf830d8b55813384cebf05d585e74cd0e039cc26a7df610441e526dc9,False,
MCR_seq200b/263,MCR_seq200b,MCR,263,collapse_obligation_ledger,True,True,True,9,Sarcoidosis,Granulomatous disease-associated hypercalcemia,high,e3ed266bf830d8b55813384cebf05d585e74cd0e039cc26a7df610441e526dc9,False,
MCR_seq200b/263,MCR_seq200b,MCR,263,pairwise_tournament,True,True,True,9,Sarcoidosis,Lymphoma,high,e3ed266bf830d8b55813384cebf05d585e74cd0e039cc26a7df610441e526dc9,False,
MCR_seq200b/264,MCR_seq200b,MCR,264,evidence_count_control,True,False,False,10,Ovarian cystadenocarcinoma,Ovarian cancer,low,7b73503269d48f6b8005dab251302e4b9726a90747c8cf3791d176714b36e2ab,False,
MCR_seq200b/264,MCR_seq200b,MCR,264,e7_contrast,True,False,False,10,Ovarian mucinous cystadenocarcinoma,Mucinous cystadenocarcinoma,medium,7b73503269d48f6b8005dab251302e4b9726a90747c8cf3791d176714b36e2ab,True,
MCR_seq200b/264,MCR_seq200b,MCR,264,forest_evidence_integrator,True,False,False,10,Ovarian mucinous cystadenocarcinoma,Mucinous cystadenocarcinoma,high,7b73503269d48f6b8005dab251302e4b9726a90747c8cf3791d176714b36e2ab,False,
MCR_seq200b/264,MCR_seq200b,MCR,264,collapse_obligation_ledger,True,False,False,10,Ovarian mucinous cystadenocarcinoma,Mucinous cystadenocarcinoma,high,7b73503269d48f6b8005dab251302e4b9726a90747c8cf3791d176714b36e2ab,False,
MCR_seq200b/264,MCR_seq200b,MCR,264,pairwise_tournament,True,False,False,10,Ovarian mucinous cystadenocarcinoma,Ovarian serous cystadenocarcinoma,high,7b73503269d48f6b8005dab251302e4b9726a90747c8cf3791d176714b36e2ab,False,
MCR_seq200b/270,MCR_seq200b,MCR,270,evidence_count_control,True,False,False,9,Tarlov cyst,Epidermoid cyst,low,365b173d49bd793167628651d93749fee83ba37d80e555b0496dd3cfc9d41697,False,
MCR_seq200b/270,MCR_seq200b,MCR,270,e7_contrast,True,False,False,9,Perineural cyst,Tarlov cyst,medium,365b173d49bd793167628651d93749fee83ba37d80e555b0496dd3cfc9d41697,True,
MCR_seq200b/270,MCR_seq200b,MCR,270,forest_evidence_integrator,True,False,False,9,Pudendal nerve schwannoma,Cystic schwannoma,high,365b173d49bd793167628651d93749fee83ba37d80e555b0496dd3cfc9d41697,False,
MCR_seq200b/270,MCR_seq200b,MCR,270,collapse_obligation_ledger,True,False,False,9,Tarlov cyst,Perineural cyst,high,365b173d49bd793167628651d93749fee83ba37d80e555b0496dd3cfc9d41697,False,
MCR_seq200b/270,MCR_seq200b,MCR,270,pairwise_tournament,True,False,False,9,Tarlov cyst,Perineural cyst,high,365b173d49bd793167628651d93749fee83ba37d80e555b0496dd3cfc9d41697,False,
MCR_seq200b/274,MCR_seq200b,MCR,274,evidence_count_control,True,False,False,10,Papillary fibroelastoma,Atherosclerotic disease,low,5375c9bfa546ab0348e920799c436796fd764994acf297315bed6ad19af621a3,False,
MCR_seq200b/274,MCR_seq200b,MCR,274,e7_contrast,True,False,False,10,Papillary fibroelastoma,Lambl's excrescences,high,5375c9bfa546ab0348e920799c436796fd764994acf297315bed6ad19af621a3,True,
MCR_seq200b/274,MCR_seq200b,MCR,274,forest_evidence_integrator,True,False,False,10,Papillary fibroelastoma,Lambl's excrescences,high,5375c9bfa546ab0348e920799c436796fd764994acf297315bed6ad19af621a3,False,
MCR_seq200b/274,MCR_seq200b,MCR,274,collapse_obligation_ledger,True,False,False,10,Papillary fibroelastoma,Lambl's excrescences,high,5375c9bfa546ab0348e920799c436796fd764994acf297315bed6ad19af621a3,False,
MCR_seq200b/274,MCR_seq200b,MCR,274,pairwise_tournament,True,False,False,10,Papillary fibroelastoma,Lambl's excrescences,high,5375c9bfa546ab0348e920799c436796fd764994acf297315bed6ad19af621a3,False,
MCR_seq200b/275,MCR_seq200b,MCR,275,evidence_count_control,True,True,False,8,Ulcerative Colitis,Inflammatory Bowel Disease,low,048a72b52f53ca8441c0b7c10d2f3b9892ccc8249d34e7be4e6ecf4640cdb1ce,False,
MCR_seq200b/275,MCR_seq200b,MCR,275,e7_contrast,True,True,False,8,Crohn's Disease,Ulcerative Colitis,high,048a72b52f53ca8441c0b7c10d2f3b9892ccc8249d34e7be4e6ecf4640cdb1ce,True,
MCR_seq200b/275,MCR_seq200b,MCR,275,forest_evidence_integrator,True,True,False,8,Crohn's Disease,Ulcerative Colitis,high,048a72b52f53ca8441c0b7c10d2f3b9892ccc8249d34e7be4e6ecf4640cdb1ce,False,
MCR_seq200b/275,MCR_seq200b,MCR,275,collapse_obligation_ledger,True,True,False,8,Crohn's Disease,Inflammatory Bowel Disease,high,048a72b52f53ca8441c0b7c10d2f3b9892ccc8249d34e7be4e6ecf4640cdb1ce,False,
MCR_seq200b/275,MCR_seq200b,MCR,275,pairwise_tournament,True,True,False,8,Crohn's Disease,Inflammatory Bowel Disease,high,048a72b52f53ca8441c0b7c10d2f3b9892ccc8249d34e7be4e6ecf4640cdb1ce,False,
MCR_seq200b/276,MCR_seq200b,MCR,276,evidence_count_control,True,False,False,10,Colorectal cancer,Colorectal intussusception,low,2196b7f8bf83579587a108d78b9e6db79c4d3928fd57027389cba992dba90986,False,
MCR_seq200b/276,MCR_seq200b,MCR,276,e7_contrast,True,False,False,10,Colorectal intussusception,Colorectal cancer,high,2196b7f8bf83579587a108d78b9e6db79c4d3928fd57027389cba992dba90986,True,
MCR_seq200b/276,MCR_seq200b,MCR,276,forest_evidence_integrator,True,False,False,10,Colorectal intussusception,Lipoma,high,2196b7f8bf83579587a108d78b9e6db79c4d3928fd57027389cba992dba90986,False,
MCR_seq200b/276,MCR_seq200b,MCR,276,collapse_obligation_ledger,True,False,False,10,Lipoma,Colorectal intussusception,high,2196b7f8bf83579587a108d78b9e6db79c4d3928fd57027389cba992dba90986,False,
MCR_seq200b/276,MCR_seq200b,MCR,276,pairwise_tournament,True,False,False,10,Lipoma,Intussusception,high,2196b7f8bf83579587a108d78b9e6db79c4d3928fd57027389cba992dba90986,False,
MCR_seq200b/277,MCR_seq200b,MCR,277,evidence_count_control,True,True,False,10,Renal Cell Carcinoma,Collecting duct carcinoma,low,a0237af31223c4f6cad65d86c4f580e32eec6d9c5b7b31498ddd618293b3edb3,False,
MCR_seq200b/277,MCR_seq200b,MCR,277,e7_contrast,True,True,False,10,Renal Cell Carcinoma,Papillary renal cell carcinoma,high,a0237af31223c4f6cad65d86c4f580e32eec6d9c5b7b31498ddd618293b3edb3,True,
MCR_seq200b/277,MCR_seq200b,MCR,277,forest_evidence_integrator,True,True,False,10,Collecting duct carcinoma,Renal Cell Carcinoma,high,a0237af31223c4f6cad65d86c4f580e32eec6d9c5b7b31498ddd618293b3edb3,False,
MCR_seq200b/277,MCR_seq200b,MCR,277,collapse_obligation_ledger,True,True,False,10,Renal Cell Carcinoma,Papillary renal cell carcinoma,high,a0237af31223c4f6cad65d86c4f580e32eec6d9c5b7b31498ddd618293b3edb3,False,
MCR_seq200b/277,MCR_seq200b,MCR,277,pairwise_tournament,True,True,False,10,Renal Cell Carcinoma,Papillary renal cell carcinoma,high,a0237af31223c4f6cad65d86c4f580e32eec6d9c5b7b31498ddd618293b3edb3,False,
MCR_seq200b/279,MCR_seq200b,MCR,279,evidence_count_control,True,False,False,9,Bartholin's gland cyst,Vulvar lipoma,low,7157466b2555619d9afb9d49fae39e8f0d7bf7d6010dae2d3f89cc4e4da5a26b,False,
MCR_seq200b/279,MCR_seq200b,MCR,279,e7_contrast,True,False,False,9,Bartholin's gland carcinoma,Bartholin's gland cyst,medium,7157466b2555619d9afb9d49fae39e8f0d7bf7d6010dae2d3f89cc4e4da5a26b,True,
MCR_seq200b/279,MCR_seq200b,MCR,279,forest_evidence_integrator,True,False,False,9,Bartholin's gland carcinoma,Adenocarcinoma of the Bartholin's gland,high,7157466b2555619d9afb9d49fae39e8f0d7bf7d6010dae2d3f89cc4e4da5a26b,False,
MCR_seq200b/279,MCR_seq200b,MCR,279,collapse_obligation_ledger,True,False,False,9,Bartholin's gland carcinoma,Bartholin's gland cyst,high,7157466b2555619d9afb9d49fae39e8f0d7bf7d6010dae2d3f89cc4e4da5a26b,False,
MCR_seq200b/279,MCR_seq200b,MCR,279,pairwise_tournament,True,False,False,9,Bartholin's gland carcinoma,Adenocarcinoma of the Bartholin's gland,high,7157466b2555619d9afb9d49fae39e8f0d7bf7d6010dae2d3f89cc4e4da5a26b,False,
MCR_seq200b/283,MCR_seq200b,MCR,283,evidence_count_control,True,True,True,9,Dermoid cyst,Teratoma,low,7eb955ebc1c033dcdc1cb0118bbaef85a463035ac24ef8e8aa97a6082df63d0b,False,
MCR_seq200b/283,MCR_seq200b,MCR,283,e7_contrast,True,True,True,9,Dermoid cyst,Epidermoid cyst,high,7eb955ebc1c033dcdc1cb0118bbaef85a463035ac24ef8e8aa97a6082df63d0b,True,
MCR_seq200b/283,MCR_seq200b,MCR,283,forest_evidence_integrator,True,True,True,9,Dermoid cyst,Epidermoid cyst,high,7eb955ebc1c033dcdc1cb0118bbaef85a463035ac24ef8e8aa97a6082df63d0b,False,
MCR_seq200b/283,MCR_seq200b,MCR,283,collapse_obligation_ledger,True,True,True,9,Dermoid cyst,Orbital lymphangioma,high,7eb955ebc1c033dcdc1cb0118bbaef85a463035ac24ef8e8aa97a6082df63d0b,False,
MCR_seq200b/283,MCR_seq200b,MCR,283,pairwise_tournament,True,True,True,9,Dermoid cyst,Epidermoid cyst,high,7eb955ebc1c033dcdc1cb0118bbaef85a463035ac24ef8e8aa97a6082df63d0b,False,
MCR_seq200b/284,MCR_seq200b,MCR,284,evidence_count_control,True,False,False,10,Gastric lipoma,Gastrointestinal stromal tumor,low,d4987c87904bed65ed0bbae1304281a93380ec92871a5397ef0312cb5d6a7dd8,False,
MCR_seq200b/284,MCR_seq200b,MCR,284,e7_contrast,True,False,False,10,Gastric lipoma,Liposarcoma,medium,d4987c87904bed65ed0bbae1304281a93380ec92871a5397ef0312cb5d6a7dd8,True,
MCR_seq200b/284,MCR_seq200b,MCR,284,forest_evidence_integrator,True,False,False,10,Liposarcoma,Gastric lipoma,medium,d4987c87904bed65ed0bbae1304281a93380ec92871a5397ef0312cb5d6a7dd8,False,
MCR_seq200b/284,MCR_seq200b,MCR,284,collapse_obligation_ledger,True,False,False,10,Atypical lipomatous tumor,Gastric lipoma,high,d4987c87904bed65ed0bbae1304281a93380ec92871a5397ef0312cb5d6a7dd8,False,
MCR_seq200b/284,MCR_seq200b,MCR,284,pairwise_tournament,True,False,False,10,Liposarcoma,Atypical lipomatous tumor,medium,d4987c87904bed65ed0bbae1304281a93380ec92871a5397ef0312cb5d6a7dd8,False,
MCR_seq200b/285,MCR_seq200b,MCR,285,evidence_count_control,True,True,False,9,Pyknodysostosis,Pycnodysostosis-like syndrome,low,3d0a02b4acd90d89fc03588c7136a5c5b613d10db1fdc54b0c21aad752ccbcf3,False,
MCR_seq200b/285,MCR_seq200b,MCR,285,e7_contrast,True,True,False,9,Pyknodysostosis,Osteopetrosis,high,3d0a02b4acd90d89fc03588c7136a5c5b613d10db1fdc54b0c21aad752ccbcf3,True,
MCR_seq200b/285,MCR_seq200b,MCR,285,forest_evidence_integrator,True,True,True,9,Pycnodysostosis,Osteopetrosis,high,3d0a02b4acd90d89fc03588c7136a5c5b613d10db1fdc54b0c21aad752ccbcf3,False,
MCR_seq200b/285,MCR_seq200b,MCR,285,collapse_obligation_ledger,True,True,False,9,Pyknodysostosis,,high,3d0a02b4acd90d89fc03588c7136a5c5b613d10db1fdc54b0c21aad752ccbcf3,False,
MCR_seq200b/285,MCR_seq200b,MCR,285,pairwise_tournament,True,True,False,9,Pyknodysostosis,Pycnodysostosis,high,3d0a02b4acd90d89fc03588c7136a5c5b613d10db1fdc54b0c21aad752ccbcf3,False,
MCR_seq200b/288,MCR_seq200b,MCR,288,evidence_count_control,True,False,False,8,Serous cystadenoma,Mucinous cystic neoplasm,low,74f5acdeac48ad507731b1e7b6c105e9e44078a2b40ccb32778747727902f58f,False,
MCR_seq200b/288,MCR_seq200b,MCR,288,e7_contrast,True,False,False,8,Pancreatic Serous Cystadenoma,Mucinous cystic neoplasm,medium,74f5acdeac48ad507731b1e7b6c105e9e44078a2b40ccb32778747727902f58f,True,
MCR_seq200b/288,MCR_seq200b,MCR,288,forest_evidence_integrator,True,False,False,8,Pancreatic Serous Cystadenoma,,high,74f5acdeac48ad507731b1e7b6c105e9e44078a2b40ccb32778747727902f58f,False,
MCR_seq200b/288,MCR_seq200b,MCR,288,collapse_obligation_ledger,True,False,False,8,Pancreatic Serous Cystadenoma,Intraductal Papillary Mucinous Neoplasm (IPMN),medium,74f5acdeac48ad507731b1e7b6c105e9e44078a2b40ccb32778747727902f58f,False,
MCR_seq200b/288,MCR_seq200b,MCR,288,pairwise_tournament,True,False,False,8,Pancreatic Serous Cystadenoma,Intraductal Papillary Mucinous Neoplasm (IPMN),medium,74f5acdeac48ad507731b1e7b6c105e9e44078a2b40ccb32778747727902f58f,False,
MCR_seq200b/290,MCR_seq200b,MCR,290,evidence_count_control,True,False,False,10,Spinocerebellar Ataxia,Vestibular migraine,low,1bc9d6cf6c96c9f168f19b431af6693dfebf35dc52fffc4aa0d0e4239d5746fa,False,
MCR_seq200b/290,MCR_seq200b,MCR,290,e7_contrast,True,False,False,10,Vestibular migraine,Vestibular disorder,medium,1bc9d6cf6c96c9f168f19b431af6693dfebf35dc52fffc4aa0d0e4239d5746fa,True,
MCR_seq200b/290,MCR_seq200b,MCR,290,forest_evidence_integrator,True,False,False,10,Vestibular migraine,Small vessel disease,medium,1bc9d6cf6c96c9f168f19b431af6693dfebf35dc52fffc4aa0d0e4239d5746fa,False,
MCR_seq200b/290,MCR_seq200b,MCR,290,collapse_obligation_ledger,True,False,False,10,Vestibular migraine,Multiple System Atrophy,medium,1bc9d6cf6c96c9f168f19b431af6693dfebf35dc52fffc4aa0d0e4239d5746fa,False,
MCR_seq200b/290,MCR_seq200b,MCR,290,pairwise_tournament,True,False,False,10,Multiple System Atrophy,Small vessel disease,medium,1bc9d6cf6c96c9f168f19b431af6693dfebf35dc52fffc4aa0d0e4239d5746fa,False,
MCR_seq200b/292,MCR_seq200b,MCR,292,evidence_count_control,True,False,False,7,Anaplastic large cell lymphoma,Mediastinal Gray Zone Lymphoma,low,85e15ead340d460eb812e3298b107a24eac89e85d0aea7895c91a1b5ed406a31,False,
MCR_seq200b/292,MCR_seq200b,MCR,292,e7_contrast,True,False,False,7,Anaplastic large cell lymphoma,Hodgkin lymphoma,high,85e15ead340d460eb812e3298b107a24eac89e85d0aea7895c91a1b5ed406a31,True,
MCR_seq200b/292,MCR_seq200b,MCR,292,forest_evidence_integrator,True,False,False,7,Anaplastic large cell lymphoma,Hodgkin lymphoma,high,85e15ead340d460eb812e3298b107a24eac89e85d0aea7895c91a1b5ed406a31,False,
MCR_seq200b/292,MCR_seq200b,MCR,292,collapse_obligation_ledger,True,False,False,7,Anaplastic large cell lymphoma,Hodgkin lymphoma,high,85e15ead340d460eb812e3298b107a24eac89e85d0aea7895c91a1b5ed406a31,False,
MCR_seq200b/292,MCR_seq200b,MCR,292,pairwise_tournament,True,False,False,7,Anaplastic large cell lymphoma,Hodgkin lymphoma,high,85e15ead340d460eb812e3298b107a24eac89e85d0aea7895c91a1b5ed406a31,False,
MCR_seq200b/294,MCR_seq200b,MCR,294,evidence_count_control,True,False,False,10,Hepatoblastoma,Inferior Vena Cava Thrombosis,low,82fca467cc04ed5e271fb00c72068f025280903d1fc675d52ddac8f66de79b85,False,
MCR_seq200b/294,MCR_seq200b,MCR,294,e7_contrast,True,False,False,10,Undifferentiated embryonal sarcoma,Hepatoblastoma,high,82fca467cc04ed5e271fb00c72068f025280903d1fc675d52ddac8f66de79b85,True,
MCR_seq200b/294,MCR_seq200b,MCR,294,forest_evidence_integrator,True,False,False,10,Undifferentiated embryonal sarcoma,Hepatoblastoma,high,82fca467cc04ed5e271fb00c72068f025280903d1fc675d52ddac8f66de79b85,False,
MCR_seq200b/294,MCR_seq200b,MCR,294,collapse_obligation_ledger,True,False,False,10,Embryonal sarcoma of the liver,Hepatoblastoma,high,82fca467cc04ed5e271fb00c72068f025280903d1fc675d52ddac8f66de79b85,False,
MCR_seq200b/294,MCR_seq200b,MCR,294,pairwise_tournament,True,False,False,10,Undifferentiated embryonal sarcoma,Hepatoblastoma,high,82fca467cc04ed5e271fb00c72068f025280903d1fc675d52ddac8f66de79b85,False,
MCR_seq200b/295,MCR_seq200b,MCR,295,evidence_count_control,True,False,False,7,Gallbladder cancer,Metastatic disease,low,14db8736b44932571316f7043cc02d754f073a38b5dd205518c90288d519e1a8,False,
MCR_seq200b/295,MCR_seq200b,MCR,295,e7_contrast,True,False,False,7,Gallbladder cancer,Cholangiocarcinoma,high,14db8736b44932571316f7043cc02d754f073a38b5dd205518c90288d519e1a8,True,
MCR_seq200b/295,MCR_seq200b,MCR,295,forest_evidence_integrator,True,False,False,7,Gallbladder cancer,Porcelain gallbladder,high,14db8736b44932571316f7043cc02d754f073a38b5dd205518c90288d519e1a8,False,
MCR_seq200b/295,MCR_seq200b,MCR,295,collapse_obligation_ledger,True,False,False,7,Gallbladder cancer,Porcelain gallbladder,high,14db8736b44932571316f7043cc02d754f073a38b5dd205518c90288d519e1a8,False,
MCR_seq200b/295,MCR_seq200b,MCR,295,pairwise_tournament,True,False,False,7,Gallbladder cancer,Porcelain gallbladder,high,14db8736b44932571316f7043cc02d754f073a38b5dd205518c90288d519e1a8,False,
MCR_seq200b/296,MCR_seq200b,MCR,296,evidence_count_control,True,False,False,7,Sweet syndrome,Pyoderma gangrenosum,low,d9bdeb54d4523848ffb7c10f9ff4fd18faa774a9e8bbe4879eb99724facf1dba,False,
MCR_seq200b/296,MCR_seq200b,MCR,296,e7_contrast,True,False,False,7,Sweet syndrome,Pyoderma gangrenosum,medium,d9bdeb54d4523848ffb7c10f9ff4fd18faa774a9e8bbe4879eb99724facf1dba,True,
MCR_seq200b/296,MCR_seq200b,MCR,296,forest_evidence_integrator,True,False,False,7,Sweet syndrome,Pyoderma gangrenosum,medium,d9bdeb54d4523848ffb7c10f9ff4fd18faa774a9e8bbe4879eb99724facf1dba,False,
MCR_seq200b/296,MCR_seq200b,MCR,296,collapse_obligation_ledger,True,False,False,7,Sweet syndrome,Neutrophilic dermatosis of the dorsal hands,high,d9bdeb54d4523848ffb7c10f9ff4fd18faa774a9e8bbe4879eb99724facf1dba,False,
MCR_seq200b/296,MCR_seq200b,MCR,296,pairwise_tournament,True,False,False,7,Sweet syndrome,Neutrophilic dermatosis of the dorsal hands,medium,d9bdeb54d4523848ffb7c10f9ff4fd18faa774a9e8bbe4879eb99724facf1dba,False,
MCR_seq200b/298,MCR_seq200b,MCR,298,evidence_count_control,True,True,False,9,Squamous cell carcinoma of the oropharynx,Frey syndrome,low,0ca515a7936c36d5de7c21622c3d48b76bd24dfe3a377b2f4b5299d0e605d0c3,False,
MCR_seq200b/298,MCR_seq200b,MCR,298,e7_contrast,True,True,False,9,Minor salivary gland tumor,Mucoepidermoid carcinoma,medium,0ca515a7936c36d5de7c21622c3d48b76bd24dfe3a377b2f4b5299d0e605d0c3,True,
MCR_seq200b/298,MCR_seq200b,MCR,298,forest_evidence_integrator,True,True,False,9,Minor salivary gland tumor,Mucoepidermoid carcinoma,medium,0ca515a7936c36d5de7c21622c3d48b76bd24dfe3a377b2f4b5299d0e605d0c3,False,
MCR_seq200b/298,MCR_seq200b,MCR,298,collapse_obligation_ledger,True,True,False,9,Minor salivary gland tumor,Mucoepidermoid carcinoma,high,0ca515a7936c36d5de7c21622c3d48b76bd24dfe3a377b2f4b5299d0e605d0c3,False,
MCR_seq200b/298,MCR_seq200b,MCR,298,pairwise_tournament,True,True,False,9,Mucoepidermoid carcinoma,Minor salivary gland tumor,medium,0ca515a7936c36d5de7c21622c3d48b76bd24dfe3a377b2f4b5299d0e605d0c3,False,
MCR_seq200b/301,MCR_seq200b,MCR,301,evidence_count_control,True,False,False,10,Aquatic Migraine,Reflex anoxic seizure,low,8ff7a23c56d840f4d24040ba51ccaa983f6c71a168f71f2236e28cac983df7de,False,
MCR_seq200b/301,MCR_seq200b,MCR,301,e7_contrast,True,False,False,10,Aquatic dysautonomia or water-induced epilepsy,Epilepsy with aquatic triggers,high,8ff7a23c56d840f4d24040ba51ccaa983f6c71a168f71f2236e28cac983df7de,True,
MCR_seq200b/301,MCR_seq200b,MCR,301,forest_evidence_integrator,True,False,False,10,Epilepsy with aquatic triggers,Aquatic dysautonomia or water-induced epilepsy,high,8ff7a23c56d840f4d24040ba51ccaa983f6c71a168f71f2236e28cac983df7de,False,
MCR_seq200b/301,MCR_seq200b,MCR,301,collapse_obligation_ledger,True,False,False,10,Epilepsy with aquatic triggers,Aquatic dysautonomia or water-induced epilepsy,high,8ff7a23c56d840f4d24040ba51ccaa983f6c71a168f71f2236e28cac983df7de,False,
MCR_seq200b/301,MCR_seq200b,MCR,301,pairwise_tournament,True,False,False,10,Epilepsy with aquatic triggers,Aquatic dysautonomia or water-induced epilepsy,high,8ff7a23c56d840f4d24040ba51ccaa983f6c71a168f71f2236e28cac983df7de,False,
MCR_seq200b/306,MCR_seq200b,MCR,306,evidence_count_control,True,False,False,10,Thrombotic Thrombocytopenic Purpura,Diffuse Alveolar Hemorrhage,low,b4024600edaa1d8e0680b3398d67b4366e4dfcf8956e8c2d7d1008e88e6281e3,False,
MCR_seq200b/306,MCR_seq200b,MCR,306,e7_contrast,True,False,False,10,Systemic Lupus Erythematosus with Diffuse Alveolar Hemorrhage,Diffuse Alveolar Hemorrhage,high,b4024600edaa1d8e0680b3398d67b4366e4dfcf8956e8c2d7d1008e88e6281e3,True,
MCR_seq200b/306,MCR_seq200b,MCR,306,forest_evidence_integrator,True,False,False,10,Systemic Lupus Erythematosus with Diffuse Alveolar Hemorrhage,Diffuse Alveolar Hemorrhage,high,b4024600edaa1d8e0680b3398d67b4366e4dfcf8956e8c2d7d1008e88e6281e3,False,
MCR_seq200b/306,MCR_seq200b,MCR,306,collapse_obligation_ledger,True,False,False,10,Systemic Lupus Erythematosus with Diffuse Alveolar Hemorrhage,Diffuse Alveolar Hemorrhage,high,b4024600edaa1d8e0680b3398d67b4366e4dfcf8956e8c2d7d1008e88e6281e3,False,
MCR_seq200b/306,MCR_seq200b,MCR,306,pairwise_tournament,True,False,False,10,Systemic Lupus Erythematosus with Diffuse Alveolar Hemorrhage,Diffuse Alveolar Hemorrhage,high,b4024600edaa1d8e0680b3398d67b4366e4dfcf8956e8c2d7d1008e88e6281e3,False,
MCR_seq200b/309,MCR_seq200b,MCR,309,evidence_count_control,True,True,False,10,Thyrotoxic crisis,Thyrotoxicosis,low,7bb6252a0ac2f411a814109a60edfd7e528b5047eb36c6a4a60b011872b8b4fc,False,
MCR_seq200b/309,MCR_seq200b,MCR,309,e7_contrast,True,True,True,10,Graves' disease,Hyperthyroidism due to thyroiditis,medium,7bb6252a0ac2f411a814109a60edfd7e528b5047eb36c6a4a60b011872b8b4fc,True,
MCR_seq200b/309,MCR_seq200b,MCR,309,forest_evidence_integrator,True,True,True,10,Graves' disease,Hyperthyroidism due to thyroiditis,high,7bb6252a0ac2f411a814109a60edfd7e528b5047eb36c6a4a60b011872b8b4fc,False,
MCR_seq200b/309,MCR_seq200b,MCR,309,collapse_obligation_ledger,True,True,True,10,Graves' disease,Hyperthyroidism due to thyroiditis,high,7bb6252a0ac2f411a814109a60edfd7e528b5047eb36c6a4a60b011872b8b4fc,False,
MCR_seq200b/309,MCR_seq200b,MCR,309,pairwise_tournament,True,True,True,10,Graves' disease,Hyperthyroidism due to thyroiditis,high,7bb6252a0ac2f411a814109a60edfd7e528b5047eb36c6a4a60b011872b8b4fc,False,
MCR_seq200b/312,MCR_seq200b,MCR,312,evidence_count_control,True,False,False,10,Cholangiocarcinoma,Biliary cystadenoma,low,b067c4d140d51e71879982a14becc434c824e03453df5d4b1ce806e55610dd88,False,
MCR_seq200b/312,MCR_seq200b,MCR,312,e7_contrast,True,False,False,10,Intraductal Papillary Mucinous Neoplasm (IPMN) of the Bile Duct,Biliary mucinous cystic neoplasm,high,b067c4d140d51e71879982a14becc434c824e03453df5d4b1ce806e55610dd88,True,
MCR_seq200b/312,MCR_seq200b,MCR,312,forest_evidence_integrator,True,False,False,10,Intraductal Papillary Mucinous Neoplasm (IPMN) of the Bile Duct,Biliary cystadenoma,high,b067c4d140d51e71879982a14becc434c824e03453df5d4b1ce806e55610dd88,False,
MCR_seq200b/312,MCR_seq200b,MCR,312,collapse_obligation_ledger,True,False,False,10,Intraductal Papillary Mucinous Neoplasm (IPMN) of the Bile Duct,Biliary mucinous cystic neoplasm,medium,b067c4d140d51e71879982a14becc434c824e03453df5d4b1ce806e55610dd88,False,
MCR_seq200b/312,MCR_seq200b,MCR,312,pairwise_tournament,True,False,False,10,Biliary cystadenoma,Intraductal Papillary Mucinous Neoplasm (IPMN) of the Bile Duct,medium,b067c4d140d51e71879982a14becc434c824e03453df5d4b1ce806e55610dd88,False,
MCR_seq200b/313,MCR_seq200b,MCR,313,evidence_count_control,True,False,False,8,HIV-associated immune reconstitution inflammatory syndrome (IRIS),Secondary Syphilis,low,102d5fb9a2b2a046731f70851f71d6c7e57b29429c3dfd9dbc4897f6517a4f1c,False,
MCR_seq200b/313,MCR_seq200b,MCR,313,e7_contrast,True,False,False,8,Secondary Syphilis,Infectious Mononucleosis,high,102d5fb9a2b2a046731f70851f71d6c7e57b29429c3dfd9dbc4897f6517a4f1c,True,
MCR_seq200b/313,MCR_seq200b,MCR,313,forest_evidence_integrator,True,False,False,8,Secondary Syphilis,Infectious Mononucleosis,high,102d5fb9a2b2a046731f70851f71d6c7e57b29429c3dfd9dbc4897f6517a4f1c,False,
MCR_seq200b/313,MCR_seq200b,MCR,313,collapse_obligation_ledger,True,False,False,8,Secondary Syphilis,HIV-associated immune reconstitution inflammatory syndrome (IRIS),high,102d5fb9a2b2a046731f70851f71d6c7e57b29429c3dfd9dbc4897f6517a4f1c,False,
MCR_seq200b/313,MCR_seq200b,MCR,313,pairwise_tournament,True,False,False,8,Secondary Syphilis,Infectious Mononucleosis,high,102d5fb9a2b2a046731f70851f71d6c7e57b29429c3dfd9dbc4897f6517a4f1c,False,
MCR_seq200b/317,MCR_seq200b,MCR,317,evidence_count_control,True,True,False,9,Progressive multifocal leukoencephalopathy,Toxoplasmosis,low,ff760c4b0b8c75ecc428ca9d32a35753c0d037aa8c78a541976047cb38d84f4f,False,
MCR_seq200b/317,MCR_seq200b,MCR,317,e7_contrast,True,True,False,9,Toxoplasmosis,Primary CNS lymphoma,medium,ff760c4b0b8c75ecc428ca9d32a35753c0d037aa8c78a541976047cb38d84f4f,True,
MCR_seq200b/317,MCR_seq200b,MCR,317,forest_evidence_integrator,True,True,True,9,Cryptococcal meningitis,Toxoplasmosis,high,ff760c4b0b8c75ecc428ca9d32a35753c0d037aa8c78a541976047cb38d84f4f,False,
MCR_seq200b/317,MCR_seq200b,MCR,317,collapse_obligation_ledger,True,True,True,9,Cryptococcal meningitis,Toxoplasmosis,high,ff760c4b0b8c75ecc428ca9d32a35753c0d037aa8c78a541976047cb38d84f4f,False,
MCR_seq200b/317,MCR_seq200b,MCR,317,pairwise_tournament,True,True,True,9,Cryptococcal meningitis,Toxoplasmosis,high,ff760c4b0b8c75ecc428ca9d32a35753c0d037aa8c78a541976047cb38d84f4f,False,
MCR_seq200b/326,MCR_seq200b,MCR,326,evidence_count_control,True,True,False,8,Discitis,Brucellosis,low,35408c682642a12d166f2b24f7d609421824281f84287a5f954189618e71d13c,False,
MCR_seq200b/326,MCR_seq200b,MCR,326,e7_contrast,True,True,True,8,Brucellosis,Vertebral osteomyelitis,high,35408c682642a12d166f2b24f7d609421824281f84287a5f954189618e71d13c,True,
MCR_seq200b/326,MCR_seq200b,MCR,326,forest_evidence_integrator,True,True,True,8,Brucellosis,Vertebral osteomyelitis,high,35408c682642a12d166f2b24f7d609421824281f84287a5f954189618e71d13c,False,
MCR_seq200b/326,MCR_seq200b,MCR,326,collapse_obligation_ledger,True,True,True,8,Brucellosis,Vertebral osteomyelitis,high,35408c682642a12d166f2b24f7d609421824281f84287a5f954189618e71d13c,False,
MCR_seq200b/326,MCR_seq200b,MCR,326,pairwise_tournament,True,True,True,8,Brucellosis,Vertebral osteomyelitis,high,35408c682642a12d166f2b24f7d609421824281f84287a5f954189618e71d13c,False,
MCR_seq200b/331,MCR_seq200b,MCR,331,evidence_count_control,True,False,False,8,Giant Cell Tumor of the Tendon Sheath,Ganglion Cyst,low,592579fdc18a6b6b1ffb85a7b8d51b575cf58488cd7fd17ffcb9ed739b17cf05,False,
MCR_seq200b/331,MCR_seq200b,MCR,331,e7_contrast,True,False,False,8,Giant Cell Tumor of the Tendon Sheath,Synovial Sarcoma,high,592579fdc18a6b6b1ffb85a7b8d51b575cf58488cd7fd17ffcb9ed739b17cf05,True,
MCR_seq200b/331,MCR_seq200b,MCR,331,forest_evidence_integrator,True,False,False,8,Giant Cell Tumor of the Tendon Sheath,Ganglion Cyst,high,592579fdc18a6b6b1ffb85a7b8d51b575cf58488cd7fd17ffcb9ed739b17cf05,False,
MCR_seq200b/331,MCR_seq200b,MCR,331,collapse_obligation_ledger,True,False,False,8,Giant Cell Tumor of the Tendon Sheath,Tenosynovial Giant Cell Tumor,high,592579fdc18a6b6b1ffb85a7b8d51b575cf58488cd7fd17ffcb9ed739b17cf05,False,
MCR_seq200b/331,MCR_seq200b,MCR,331,pairwise_tournament,True,False,False,8,Giant Cell Tumor of the Tendon Sheath,Tenosynovial Giant Cell Tumor,high,592579fdc18a6b6b1ffb85a7b8d51b575cf58488cd7fd17ffcb9ed739b17cf05,False,
MCR_seq200b/332,MCR_seq200b,MCR,332,evidence_count_control,True,False,False,10,Cesarean-section scar ectopic pregnancy,Intrauterine pregnancy with placenta accreta,low,0f195d9a8641f22a1170b82001fa81747495c744893f556f54faac75ac791150,False,
MCR_seq200b/332,MCR_seq200b,MCR,332,e7_contrast,True,False,False,10,Cesarean-section scar ectopic pregnancy,Intrauterine pregnancy with placenta accreta,medium,0f195d9a8641f22a1170b82001fa81747495c744893f556f54faac75ac791150,True,
MCR_seq200b/332,MCR_seq200b,MCR,332,forest_evidence_integrator,True,False,False,10,Cesarean-section scar ectopic pregnancy,,high,0f195d9a8641f22a1170b82001fa81747495c744893f556f54faac75ac791150,False,
MCR_seq200b/332,MCR_seq200b,MCR,332,collapse_obligation_ledger,True,False,False,10,Cesarean-section scar ectopic pregnancy,Scar implantation syndrome,high,0f195d9a8641f22a1170b82001fa81747495c744893f556f54faac75ac791150,False,
MCR_seq200b/332,MCR_seq200b,MCR,332,pairwise_tournament,True,False,False,10,Cesarean-section scar ectopic pregnancy,Intrauterine pregnancy with placenta accreta,high,0f195d9a8641f22a1170b82001fa81747495c744893f556f54faac75ac791150,False,
MCR_seq200b/333,MCR_seq200b,MCR,333,evidence_count_control,True,False,False,8,Phyllodes Tumor,Breast Cancer,low,391392761d4735dafe1d801508f9e3ab85cb7b150ad8888fd3bd21a9b77352d1,False,
MCR_seq200b/333,MCR_seq200b,MCR,333,e7_contrast,True,False,False,8,Breast Cancer,Ductal Carcinoma In Situ,high,391392761d4735dafe1d801508f9e3ab85cb7b150ad8888fd3bd21a9b77352d1,True,
MCR_seq200b/333,MCR_seq200b,MCR,333,forest_evidence_integrator,True,False,False,8,Breast Cancer,Breast Adenocarcinoma,high,391392761d4735dafe1d801508f9e3ab85cb7b150ad8888fd3bd21a9b77352d1,False,
MCR_seq200b/333,MCR_seq200b,MCR,333,collapse_obligation_ledger,True,False,False,8,Breast Cancer,Breast Adenocarcinoma,high,391392761d4735dafe1d801508f9e3ab85cb7b150ad8888fd3bd21a9b77352d1,False,
MCR_seq200b/333,MCR_seq200b,MCR,333,pairwise_tournament,True,False,False,8,Breast Cancer,Ductal Carcinoma In Situ,high,391392761d4735dafe1d801508f9e3ab85cb7b150ad8888fd3bd21a9b77352d1,False,
MCR_seq200b/334,MCR_seq200b,MCR,334,evidence_count_control,True,True,True,6,Posterior Reversible Encephalopathy Syndrome (PRES),Uremic Encephalopathy,low,e707528cff07cc8f979453062ff2c5da819d5e7dc274ce1c758308fb79f078d9,False,
MCR_seq200b/334,MCR_seq200b,MCR,334,e7_contrast,True,True,True,6,Posterior Reversible Encephalopathy Syndrome (PRES),Hypertensive Encephalopathy,high,e707528cff07cc8f979453062ff2c5da819d5e7dc274ce1c758308fb79f078d9,True,
MCR_seq200b/334,MCR_seq200b,MCR,334,forest_evidence_integrator,True,True,True,6,Posterior Reversible Encephalopathy Syndrome (PRES),Hypertensive Encephalopathy,high,e707528cff07cc8f979453062ff2c5da819d5e7dc274ce1c758308fb79f078d9,False,
MCR_seq200b/334,MCR_seq200b,MCR,334,collapse_obligation_ledger,True,True,True,6,Posterior Reversible Encephalopathy Syndrome (PRES),Hypertensive Encephalopathy,medium,e707528cff07cc8f979453062ff2c5da819d5e7dc274ce1c758308fb79f078d9,False,
MCR_seq200b/334,MCR_seq200b,MCR,334,pairwise_tournament,True,True,True,6,Posterior Reversible Encephalopathy Syndrome (PRES),Hypertensive Encephalopathy,high,e707528cff07cc8f979453062ff2c5da819d5e7dc274ce1c758308fb79f078d9,False,
MCR_seq200b/336,MCR_seq200b,MCR,336,evidence_count_control,True,True,False,10,Vaccine-Induced Thyroiditis,Subacute Thyroiditis,low,2ed50da41e821c891dd3986f340efb450e7f35034c214e1077c92866120ef902,False,
MCR_seq200b/336,MCR_seq200b,MCR,336,e7_contrast,True,True,True,10,Subacute Thyroiditis,Thyroiditis following COVID-19 vaccination,high,2ed50da41e821c891dd3986f340efb450e7f35034c214e1077c92866120ef902,True,
MCR_seq200b/336,MCR_seq200b,MCR,336,forest_evidence_integrator,True,True,True,10,Subacute Thyroiditis,Thyroiditis following COVID-19 vaccination,high,2ed50da41e821c891dd3986f340efb450e7f35034c214e1077c92866120ef902,False,
MCR_seq200b/336,MCR_seq200b,MCR,336,collapse_obligation_ledger,True,True,True,10,Subacute Thyroiditis,De Quervain thyroiditis,high,2ed50da41e821c891dd3986f340efb450e7f35034c214e1077c92866120ef902,False,
MCR_seq200b/336,MCR_seq200b,MCR,336,pairwise_tournament,True,True,True,10,Subacute Thyroiditis,De Quervain thyroiditis,high,2ed50da41e821c891dd3986f340efb450e7f35034c214e1077c92866120ef902,False,
MCR_seq200b/337,MCR_seq200b,MCR,337,evidence_count_control,True,False,False,10,Adnexal Mass,Ovarian Cyst Rupture,low,5987b3f2fe03dfffea53a7697f8102d44a0987a3bb777c511598030b0cfc8c05,False,
MCR_seq200b/337,MCR_seq200b,MCR,337,e7_contrast,True,False,False,10,Adnexal torsion,Ovarian cyst rupture with peritonitis,medium,5987b3f2fe03dfffea53a7697f8102d44a0987a3bb777c511598030b0cfc8c05,True,
MCR_seq200b/337,MCR_seq200b,MCR,337,forest_evidence_integrator,True,False,False,10,Adnexal torsion,Ovarian cyst rupture with peritonitis,low,5987b3f2fe03dfffea53a7697f8102d44a0987a3bb777c511598030b0cfc8c05,False,
MCR_seq200b/337,MCR_seq200b,MCR,337,collapse_obligation_ledger,True,False,False,10,Acute Abdomen,Adnexal torsion,high,5987b3f2fe03dfffea53a7697f8102d44a0987a3bb777c511598030b0cfc8c05,False,
MCR_seq200b/337,MCR_seq200b,MCR,337,pairwise_tournament,True,False,False,10,Endometriotic cyst rupture,Adnexal torsion,medium,5987b3f2fe03dfffea53a7697f8102d44a0987a3bb777c511598030b0cfc8c05,False,
MCR_seq200b/339,MCR_seq200b,MCR,339,evidence_count_control,True,True,False,9,Lingual thyroid,Ectopic thyroid tissue,low,38c8d831993ba86deafc035b8633e4d192ff04ef1d03afe7f76d9b3472de1cf9,False,
MCR_seq200b/339,MCR_seq200b,MCR,339,e7_contrast,True,True,False,9,Lingual thyroid,Ectopic thyroid tissue,high,38c8d831993ba86deafc035b8633e4d192ff04ef1d03afe7f76d9b3472de1cf9,True,
MCR_seq200b/339,MCR_seq200b,MCR,339,forest_evidence_integrator,True,True,False,9,Lingual thyroid,,high,38c8d831993ba86deafc035b8633e4d192ff04ef1d03afe7f76d9b3472de1cf9,False,
MCR_seq200b/339,MCR_seq200b,MCR,339,collapse_obligation_ledger,True,True,False,9,Lingual thyroid,Ectopic Thyroid,high,38c8d831993ba86deafc035b8633e4d192ff04ef1d03afe7f76d9b3472de1cf9,False,
MCR_seq200b/339,MCR_seq200b,MCR,339,pairwise_tournament,True,True,False,9,Lingual thyroid,Thyroid Carcinoma,high,38c8d831993ba86deafc035b8633e4d192ff04ef1d03afe7f76d9b3472de1cf9,False,
MCR_seq200b/340,MCR_seq200b,MCR,340,evidence_count_control,True,True,False,10,Calcific Tendinitis,Longus colli tendinitis,low,e95bab640ea529e47b206bb865d6ac6f91f0adc1701f271cc78e64e83ef0ed67,False,
MCR_seq200b/340,MCR_seq200b,MCR,340,e7_contrast,True,True,False,10,Calcific Tendinitis of the Longus Colli Muscle,Retropharyngeal calcific tendinitis,high,e95bab640ea529e47b206bb865d6ac6f91f0adc1701f271cc78e64e83ef0ed67,True,
MCR_seq200b/340,MCR_seq200b,MCR,340,forest_evidence_integrator,True,True,False,10,Calcific Tendinitis of the Longus Colli Muscle,Retropharyngeal calcific tendinitis,high,e95bab640ea529e47b206bb865d6ac6f91f0adc1701f271cc78e64e83ef0ed67,False,
MCR_seq200b/340,MCR_seq200b,MCR,340,collapse_obligation_ledger,True,True,False,10,Calcific Tendinitis of the Longus Colli Muscle,Retropharyngeal calcific tendinitis,high,e95bab640ea529e47b206bb865d6ac6f91f0adc1701f271cc78e64e83ef0ed67,False,
MCR_seq200b/340,MCR_seq200b,MCR,340,pairwise_tournament,True,True,False,10,Calcific Tendinitis of the Longus Colli Muscle,Longus colli tendinitis,high,e95bab640ea529e47b206bb865d6ac6f91f0adc1701f271cc78e64e83ef0ed67,False,
MCR_seq200b/341,MCR_seq200b,MCR,341,evidence_count_control,True,False,False,9,Guillain-Barré Syndrome,Acute Inflammatory Demyelinating Polyneuropathy,low,cafefb0f1429558b7d6c51aa624523f682bce6a4d738a14e8ca12068287fb7e1,False,
MCR_seq200b/341,MCR_seq200b,MCR,341,e7_contrast,True,False,False,9,Guillain-Barré Syndrome,Acute Inflammatory Demyelinating Polyneuropathy,low,cafefb0f1429558b7d6c51aa624523f682bce6a4d738a14e8ca12068287fb7e1,True,
MCR_seq200b/341,MCR_seq200b,MCR,341,forest_evidence_integrator,True,False,False,9,Guillain-Barré Syndrome,Acute Inflammatory Demyelinating Polyneuropathy,high,cafefb0f1429558b7d6c51aa624523f682bce6a4d738a14e8ca12068287fb7e1,False,
MCR_seq200b/341,MCR_seq200b,MCR,341,collapse_obligation_ledger,True,False,False,9,Guillain-Barré Syndrome,Acute Inflammatory Demyelinating Polyneuropathy,low,cafefb0f1429558b7d6c51aa624523f682bce6a4d738a14e8ca12068287fb7e1,False,
MCR_seq200b/341,MCR_seq200b,MCR,341,pairwise_tournament,True,False,False,9,Guillain-Barré Syndrome,Acute Inflammatory Demyelinating Polyneuropathy,high,cafefb0f1429558b7d6c51aa624523f682bce6a4d738a14e8ca12068287fb7e1,False,
MCR_seq200b/343,MCR_seq200b,MCR,343,evidence_count_control,True,False,False,7,Arrhythmogenic Right Ventricular Dysplasia,Cardiac Sarcoidosis,low,950cf204e57edb9a4dca097983b2ba470dae668023cd68e16a7d5d6497cea8e7,False,
MCR_seq200b/343,MCR_seq200b,MCR,343,e7_contrast,True,False,False,7,Arrhythmogenic Right Ventricular Dysplasia,Cardiac Sarcoidosis,high,950cf204e57edb9a4dca097983b2ba470dae668023cd68e16a7d5d6497cea8e7,True,
MCR_seq200b/343,MCR_seq200b,MCR,343,forest_evidence_integrator,True,False,False,7,Arrhythmogenic Right Ventricular Dysplasia,Cardiac Sarcoidosis,high,950cf204e57edb9a4dca097983b2ba470dae668023cd68e16a7d5d6497cea8e7,False,
MCR_seq200b/343,MCR_seq200b,MCR,343,collapse_obligation_ledger,True,False,False,7,Arrhythmogenic Right Ventricular Dysplasia,Arrhythmogenic right ventricular cardiomyopathy,high,950cf204e57edb9a4dca097983b2ba470dae668023cd68e16a7d5d6497cea8e7,False,
MCR_seq200b/343,MCR_seq200b,MCR,343,pairwise_tournament,True,False,False,7,Arrhythmogenic Right Ventricular Dysplasia,Arrhythmogenic right ventricular cardiomyopathy,high,950cf204e57edb9a4dca097983b2ba470dae668023cd68e16a7d5d6497cea8e7,False,
MCR_seq200b/344,MCR_seq200b,MCR,344,evidence_count_control,True,True,True,8,Sarcoidosis,Lymphoma,low,9e192e5d88c0a9519138a032225899e56f288247cb045074ff5a6ff8fa371576,False,
MCR_seq200b/344,MCR_seq200b,MCR,344,e7_contrast,True,True,False,8,Interferon-induced pulmonary sarcoid-like reaction,Sarcoidosis,high,9e192e5d88c0a9519138a032225899e56f288247cb045074ff5a6ff8fa371576,True,
MCR_seq200b/344,MCR_seq200b,MCR,344,forest_evidence_integrator,True,True,False,8,Interferon-induced pulmonary sarcoid-like reaction,Sarcoidosis,high,9e192e5d88c0a9519138a032225899e56f288247cb045074ff5a6ff8fa371576,False,
MCR_seq200b/344,MCR_seq200b,MCR,344,collapse_obligation_ledger,True,True,False,8,Interferon-induced pulmonary sarcoid-like reaction,Sarcoidosis,high,9e192e5d88c0a9519138a032225899e56f288247cb045074ff5a6ff8fa371576,False,
MCR_seq200b/344,MCR_seq200b,MCR,344,pairwise_tournament,True,True,False,8,Interferon-induced pulmonary sarcoid-like reaction,Sarcoidosis,high,9e192e5d88c0a9519138a032225899e56f288247cb045074ff5a6ff8fa371576,False,
MCR_seq200b/345,MCR_seq200b,MCR,345,evidence_count_control,True,True,False,9,X-linked hypophosphatemia,Hereditary hypophosphatemic rickets with hypercalciuria,low,75b83690de50856cedcbc73af7ee4570a5dc8a958f5ef3e2e93843027e91e406,False,
MCR_seq200b/345,MCR_seq200b,MCR,345,e7_contrast,True,True,False,9,Hypophosphatemic rickets with nephrocalcinosis,X-linked hypophosphatemia,high,75b83690de50856cedcbc73af7ee4570a5dc8a958f5ef3e2e93843027e91e406,True,
MCR_seq200b/345,MCR_seq200b,MCR,345,forest_evidence_integrator,True,True,True,9,Hereditary hypophosphatemic rickets with hypercalciuria,Hypophosphatemic rickets with nephrocalcinosis,high,75b83690de50856cedcbc73af7ee4570a5dc8a958f5ef3e2e93843027e91e406,False,
MCR_seq200b/345,MCR_seq200b,MCR,345,collapse_obligation_ledger,True,True,False,9,Hypophosphatemic rickets with nephrocalcinosis,Hypophosphatemic rickets,high,75b83690de50856cedcbc73af7ee4570a5dc8a958f5ef3e2e93843027e91e406,False,
MCR_seq200b/345,MCR_seq200b,MCR,345,pairwise_tournament,True,True,False,9,Hypophosphatemic rickets with nephrocalcinosis,Hypophosphatemic rickets,high,75b83690de50856cedcbc73af7ee4570a5dc8a958f5ef3e2e93843027e91e406,False,
MCR_seq200b/347,MCR_seq200b,MCR,347,evidence_count_control,True,False,False,10,Pituitary Macroadenoma,Hypopituitarism,low,190ca410ab9dd993c035f3070d3e27bb5e58cebadccff27c460375726d1d3f43,False,
MCR_seq200b/347,MCR_seq200b,MCR,347,e7_contrast,True,False,False,10,Pituitary Macroadenoma,Craniopharyngioma,high,190ca410ab9dd993c035f3070d3e27bb5e58cebadccff27c460375726d1d3f43,True,
MCR_seq200b/347,MCR_seq200b,MCR,347,forest_evidence_integrator,True,False,False,10,Pituitary Macroadenoma,Nonfunctioning Pituitary Adenoma,high,190ca410ab9dd993c035f3070d3e27bb5e58cebadccff27c460375726d1d3f43,False,
MCR_seq200b/347,MCR_seq200b,MCR,347,collapse_obligation_ledger,True,False,False,10,Pituitary Macroadenoma,Nonfunctioning Pituitary Adenoma,high,190ca410ab9dd993c035f3070d3e27bb5e58cebadccff27c460375726d1d3f43,False,
MCR_seq200b/347,MCR_seq200b,MCR,347,pairwise_tournament,True,False,False,10,Pituitary Macroadenoma,Nonfunctioning Pituitary Adenoma,high,190ca410ab9dd993c035f3070d3e27bb5e58cebadccff27c460375726d1d3f43,False,
MCR_seq200b/352,MCR_seq200b,MCR,352,evidence_count_control,True,False,False,9,Squamous cell carcinoma,Dermatofibrosarcoma protuberans,low,03d5fd7d1d6b8ca55336a2e1ca561676ccdec527e0171f0b37fd536c4f6c8530,False,
MCR_seq200b/352,MCR_seq200b,MCR,352,e7_contrast,True,False,False,9,Squamous cell carcinoma,Angiosarcoma,medium,03d5fd7d1d6b8ca55336a2e1ca561676ccdec527e0171f0b37fd536c4f6c8530,True,
MCR_seq200b/352,MCR_seq200b,MCR,352,forest_evidence_integrator,True,False,False,9,Squamous cell carcinoma,Angiosarcoma,high,03d5fd7d1d6b8ca55336a2e1ca561676ccdec527e0171f0b37fd536c4f6c8530,False,
MCR_seq200b/352,MCR_seq200b,MCR,352,collapse_obligation_ledger,True,False,False,9,Squamous cell carcinoma,Angiosarcoma,high,03d5fd7d1d6b8ca55336a2e1ca561676ccdec527e0171f0b37fd536c4f6c8530,False,
MCR_seq200b/352,MCR_seq200b,MCR,352,pairwise_tournament,True,False,False,9,Dermatofibrosarcoma protuberans,Squamous cell carcinoma,high,03d5fd7d1d6b8ca55336a2e1ca561676ccdec527e0171f0b37fd536c4f6c8530,False,
MCR_seq200b/354,MCR_seq200b,MCR,354,evidence_count_control,True,False,False,7,IgA nephropathy,Medullary sponge kidney,low,0b8f0b58c231425af7f8345d4cab5a5a4dffccc3d4f670bd777def4e957dbbd1,False,
MCR_seq200b/354,MCR_seq200b,MCR,354,e7_contrast,True,False,False,7,IgA nephropathy,Thin basement membrane nephropathy,high,0b8f0b58c231425af7f8345d4cab5a5a4dffccc3d4f670bd777def4e957dbbd1,True,
MCR_seq200b/354,MCR_seq200b,MCR,354,forest_evidence_integrator,True,False,False,7,IgA nephropathy,Thin basement membrane nephropathy,high,0b8f0b58c231425af7f8345d4cab5a5a4dffccc3d4f670bd777def4e957dbbd1,False,
MCR_seq200b/354,MCR_seq200b,MCR,354,collapse_obligation_ledger,True,False,False,7,IgA nephropathy,Thin basement membrane nephropathy,high,0b8f0b58c231425af7f8345d4cab5a5a4dffccc3d4f670bd777def4e957dbbd1,False,
MCR_seq200b/354,MCR_seq200b,MCR,354,pairwise_tournament,True,False,False,7,IgA nephropathy,Thin basement membrane nephropathy,high,0b8f0b58c231425af7f8345d4cab5a5a4dffccc3d4f670bd777def4e957dbbd1,False,
MCR_seq200b/356,MCR_seq200b,MCR,356,evidence_count_control,True,False,False,9,Ewing's Sarcoma,Primitive neuroectodermal tumor,low,2fa2705252c6d97806e5ec0952aab2fde3c8c5a35291127cac5a042d7244cd9b,False,
MCR_seq200b/356,MCR_seq200b,MCR,356,e7_contrast,True,False,False,9,Primitive neuroectodermal tumor,Ewing's Sarcoma,medium,2fa2705252c6d97806e5ec0952aab2fde3c8c5a35291127cac5a042d7244cd9b,True,
MCR_seq200b/356,MCR_seq200b,MCR,356,forest_evidence_integrator,True,False,False,9,Ewing's Sarcoma,Primitive Neuroectodermal Tumor (PNET),low,2fa2705252c6d97806e5ec0952aab2fde3c8c5a35291127cac5a042d7244cd9b,False,
MCR_seq200b/356,MCR_seq200b,MCR,356,collapse_obligation_ledger,True,False,False,9,Ewing's Sarcoma,Primitive Neuroectodermal Tumor (PNET),medium,2fa2705252c6d97806e5ec0952aab2fde3c8c5a35291127cac5a042d7244cd9b,False,
MCR_seq200b/356,MCR_seq200b,MCR,356,pairwise_tournament,True,False,False,9,Ewing's Sarcoma,Primitive Neuroectodermal Tumor (PNET),low,2fa2705252c6d97806e5ec0952aab2fde3c8c5a35291127cac5a042d7244cd9b,False,
MCR_seq200b/357,MCR_seq200b,MCR,357,evidence_count_control,True,False,False,10,Choroidal melanoma metastasis,Orbital metastasis,low,0869a7a257b1226cb7c55e814a3e495d3d2d4d8c743521d3d06d2a116cb01b81,False,
MCR_seq200b/357,MCR_seq200b,MCR,357,e7_contrast,True,False,False,10,Orbital metastasis from choroidal melanoma,Choroidal melanoma metastasis,high,0869a7a257b1226cb7c55e814a3e495d3d2d4d8c743521d3d06d2a116cb01b81,True,
MCR_seq200b/357,MCR_seq200b,MCR,357,forest_evidence_integrator,True,False,False,10,Orbital metastasis from choroidal melanoma,Cavernous Hemangioma,high,0869a7a257b1226cb7c55e814a3e495d3d2d4d8c743521d3d06d2a116cb01b81,False,
MCR_seq200b/357,MCR_seq200b,MCR,357,collapse_obligation_ledger,True,False,False,10,Orbital metastasis from choroidal melanoma,Choroidal melanoma metastasis,high,0869a7a257b1226cb7c55e814a3e495d3d2d4d8c743521d3d06d2a116cb01b81,False,
MCR_seq200b/357,MCR_seq200b,MCR,357,pairwise_tournament,True,False,False,10,Orbital metastasis from choroidal melanoma,Choroidal melanoma metastasis,high,0869a7a257b1226cb7c55e814a3e495d3d2d4d8c743521d3d06d2a116cb01b81,False,
MCR_seq200b/359,MCR_seq200b,MCR,359,evidence_count_control,True,False,False,10,Squamous cell carcinoma,Perianal abscess,low,86a0072d39a55d39b0d04f44cd5cc5523e6f7274f377f206cc01175c474cf630,False,
MCR_seq200b/359,MCR_seq200b,MCR,359,e7_contrast,True,False,False,10,Squamous cell carcinoma,Chronic abscess,high,86a0072d39a55d39b0d04f44cd5cc5523e6f7274f377f206cc01175c474cf630,True,
MCR_seq200b/359,MCR_seq200b,MCR,359,forest_evidence_integrator,True,False,False,10,Squamous cell carcinoma,Infected cyst,high,86a0072d39a55d39b0d04f44cd5cc5523e6f7274f377f206cc01175c474cf630,False,
MCR_seq200b/359,MCR_seq200b,MCR,359,collapse_obligation_ledger,True,False,False,10,Squamous cell carcinoma,Infected cyst,high,86a0072d39a55d39b0d04f44cd5cc5523e6f7274f377f206cc01175c474cf630,False,
MCR_seq200b/359,MCR_seq200b,MCR,359,pairwise_tournament,True,False,False,10,Squamous cell carcinoma,Chronic abscess,high,86a0072d39a55d39b0d04f44cd5cc5523e6f7274f377f206cc01175c474cf630,False,
MCR_seq200b/362,MCR_seq200b,MCR,362,evidence_count_control,True,False,False,9,Multidrug-resistant tuberculosis,Chronic osteomyelitis,low,c171061efc4d2e4ee6175e742c8396b4dc61cf6f570db68e47e240c835b6cc8e,False,
MCR_seq200b/362,MCR_seq200b,MCR,362,e7_contrast,True,False,False,9,Multidrug-resistant tuberculosis,Tuberculous osteomyelitis,high,c171061efc4d2e4ee6175e742c8396b4dc61cf6f570db68e47e240c835b6cc8e,True,
MCR_seq200b/362,MCR_seq200b,MCR,362,forest_evidence_integrator,True,False,False,9,Pyogenic osteomyelitis,Multidrug-resistant tuberculosis,medium,c171061efc4d2e4ee6175e742c8396b4dc61cf6f570db68e47e240c835b6cc8e,False,
MCR_seq200b/362,MCR_seq200b,MCR,362,collapse_obligation_ledger,True,False,False,9,Multidrug-resistant tuberculosis,Tuberculous osteomyelitis,high,c171061efc4d2e4ee6175e742c8396b4dc61cf6f570db68e47e240c835b6cc8e,False,
MCR_seq200b/362,MCR_seq200b,MCR,362,pairwise_tournament,True,False,False,9,Tuberculous osteomyelitis,Multidrug-resistant tuberculosis,high,c171061efc4d2e4ee6175e742c8396b4dc61cf6f570db68e47e240c835b6cc8e,False,
MCR_seq200b/368,MCR_seq200b,MCR,368,evidence_count_control,True,False,False,10,Myelodysplastic syndrome,Cutaneous Lymphoma,low,5cd18ad799fa5e28bbf60e6c23813ecae692ede34aba264d591ab04de401022e,False,
MCR_seq200b/368,MCR_seq200b,MCR,368,e7_contrast,True,False,False,10,Blastic plasmacytoid dendritic cell neoplasm,Leukemia cutis,high,5cd18ad799fa5e28bbf60e6c23813ecae692ede34aba264d591ab04de401022e,True,
MCR_seq200b/368,MCR_seq200b,MCR,368,forest_evidence_integrator,True,False,False,10,Blastic plasmacytoid dendritic cell neoplasm,Leukemia cutis,high,5cd18ad799fa5e28bbf60e6c23813ecae692ede34aba264d591ab04de401022e,False,
MCR_seq200b/368,MCR_seq200b,MCR,368,collapse_obligation_ledger,True,False,False,10,Blastic plasmacytoid dendritic cell neoplasm,Cutaneous Lymphoma,high,5cd18ad799fa5e28bbf60e6c23813ecae692ede34aba264d591ab04de401022e,False,
MCR_seq200b/368,MCR_seq200b,MCR,368,pairwise_tournament,True,False,False,10,Blastic plasmacytoid dendritic cell neoplasm,Leukemia cutis,high,5cd18ad799fa5e28bbf60e6c23813ecae692ede34aba264d591ab04de401022e,False,
MCR_seq200b/372,MCR_seq200b,MCR,372,evidence_count_control,True,False,False,9,Lupus miliaris disseminatus faciei,Pyoderma gangrenosum,low,0bb40cacb441110627361578ef9675abf51145af8a886a047ddc1b529996f19f,False,
MCR_seq200b/372,MCR_seq200b,MCR,372,e7_contrast,True,False,False,9,Lupus vulgaris,Lupus miliaris disseminatus faciei,medium,0bb40cacb441110627361578ef9675abf51145af8a886a047ddc1b529996f19f,True,
MCR_seq200b/372,MCR_seq200b,MCR,372,forest_evidence_integrator,True,False,False,9,Lupus vulgaris,Pyoderma gangrenosum,medium,0bb40cacb441110627361578ef9675abf51145af8a886a047ddc1b529996f19f,False,
MCR_seq200b/372,MCR_seq200b,MCR,372,collapse_obligation_ledger,True,False,False,9,Lupus vulgaris,Lupus miliaris disseminatus faciei,high,0bb40cacb441110627361578ef9675abf51145af8a886a047ddc1b529996f19f,False,
MCR_seq200b/372,MCR_seq200b,MCR,372,pairwise_tournament,True,False,False,9,Lupus miliaris disseminatus faciei,Pyoderma gangrenosum,medium,0bb40cacb441110627361578ef9675abf51145af8a886a047ddc1b529996f19f,False,
MCR_seq200b/373,MCR_seq200b,MCR,373,evidence_count_control,True,False,False,9,Conjunctival Amyloidosis,Conjunctival fibroma,low,ecad49824d86ed89cb8937feda30e3b2c6aaa2d1cf2f3f8568e93c5973d1ca4a,False,
MCR_seq200b/373,MCR_seq200b,MCR,373,e7_contrast,True,False,False,9,Conjunctival Amyloidosis,Conjunctival fibroma,medium,ecad49824d86ed89cb8937feda30e3b2c6aaa2d1cf2f3f8568e93c5973d1ca4a,True,
MCR_seq200b/373,MCR_seq200b,MCR,373,forest_evidence_integrator,True,False,False,9,Conjunctival Amyloidosis,Conjunctival fibroma,medium,ecad49824d86ed89cb8937feda30e3b2c6aaa2d1cf2f3f8568e93c5973d1ca4a,False,
MCR_seq200b/373,MCR_seq200b,MCR,373,collapse_obligation_ledger,True,False,False,9,Conjunctival Amyloidosis,Conjunctival fibroma,high,ecad49824d86ed89cb8937feda30e3b2c6aaa2d1cf2f3f8568e93c5973d1ca4a,False,
MCR_seq200b/373,MCR_seq200b,MCR,373,pairwise_tournament,True,False,False,9,Conjunctival Amyloidosis,Conjunctival fibroma,high,ecad49824d86ed89cb8937feda30e3b2c6aaa2d1cf2f3f8568e93c5973d1ca4a,False,
MCR_seq200b/374,MCR_seq200b,MCR,374,evidence_count_control,True,True,False,10,Pneumonia,Lung Cancer,low,133e316c1a5c25b5394ad604031f89477a513f6f144a8fe7806518d9ba761a1b,False,
MCR_seq200b/374,MCR_seq200b,MCR,374,e7_contrast,True,True,True,10,Cryptogenic organizing pneumonia,organizing pneumonia,high,133e316c1a5c25b5394ad604031f89477a513f6f144a8fe7806518d9ba761a1b,True,
MCR_seq200b/374,MCR_seq200b,MCR,374,forest_evidence_integrator,True,True,True,10,Cryptogenic organizing pneumonia,Lung Cancer,medium,133e316c1a5c25b5394ad604031f89477a513f6f144a8fe7806518d9ba761a1b,False,
MCR_seq200b/374,MCR_seq200b,MCR,374,collapse_obligation_ledger,True,True,True,10,Cryptogenic organizing pneumonia,organizing pneumonia,high,133e316c1a5c25b5394ad604031f89477a513f6f144a8fe7806518d9ba761a1b,False,
MCR_seq200b/374,MCR_seq200b,MCR,374,pairwise_tournament,True,True,False,10,organizing pneumonia,Cryptogenic organizing pneumonia,medium,133e316c1a5c25b5394ad604031f89477a513f6f144a8fe7806518d9ba761a1b,False,
MCR_seq200b/375,MCR_seq200b,MCR,375,evidence_count_control,True,False,False,7,Multiple System Atrophy,Progressive Supranuclear Palsy,low,fd0662633a6e9659fba44dc776c893a59551f0e7a2941e14f66137879ab784a5,False,
MCR_seq200b/375,MCR_seq200b,MCR,375,e7_contrast,True,False,False,7,Progressive Supranuclear Palsy,Dementia with Lewy Bodies,medium,fd0662633a6e9659fba44dc776c893a59551f0e7a2941e14f66137879ab784a5,True,
MCR_seq200b/375,MCR_seq200b,MCR,375,forest_evidence_integrator,True,False,False,7,Progressive Supranuclear Palsy,Multiple System Atrophy,low,fd0662633a6e9659fba44dc776c893a59551f0e7a2941e14f66137879ab784a5,False,
MCR_seq200b/375,MCR_seq200b,MCR,375,collapse_obligation_ledger,True,False,False,7,Progressive Supranuclear Palsy,Multiple System Atrophy,medium,fd0662633a6e9659fba44dc776c893a59551f0e7a2941e14f66137879ab784a5,False,
MCR_seq200b/375,MCR_seq200b,MCR,375,pairwise_tournament,True,False,False,7,Progressive Supranuclear Palsy,Dementia with Lewy Bodies,medium,fd0662633a6e9659fba44dc776c893a59551f0e7a2941e14f66137879ab784a5,False,
MCR_seq200b/377,MCR_seq200b,MCR,377,evidence_count_control,True,False,False,7,Schwannoma,Neurofibroma,low,9eef14a958110f73782b8515edb1b4cbd82882fc60dda5d41ae6265f2a1fc152,False,
MCR_seq200b/377,MCR_seq200b,MCR,377,e7_contrast,True,False,False,7,Schwannoma,Meningioma,medium,9eef14a958110f73782b8515edb1b4cbd82882fc60dda5d41ae6265f2a1fc152,True,
MCR_seq200b/377,MCR_seq200b,MCR,377,forest_evidence_integrator,True,False,False,7,Meningioma,Schwannoma,high,9eef14a958110f73782b8515edb1b4cbd82882fc60dda5d41ae6265f2a1fc152,False,
MCR_seq200b/377,MCR_seq200b,MCR,377,collapse_obligation_ledger,True,False,False,7,Schwannoma,Neurofibroma,high,9eef14a958110f73782b8515edb1b4cbd82882fc60dda5d41ae6265f2a1fc152,False,
MCR_seq200b/377,MCR_seq200b,MCR,377,pairwise_tournament,True,False,False,7,Meningioma,Schwannoma,high,9eef14a958110f73782b8515edb1b4cbd82882fc60dda5d41ae6265f2a1fc152,False,
MCR_seq200b/379,MCR_seq200b,MCR,379,evidence_count_control,True,False,False,10,Uterine Fibroid,Subserosal Uterine Fibroid,low,324331fe1433537040d3177a0da47d648e5c7dd42598f7dfbbfb145789725f97,False,
MCR_seq200b/379,MCR_seq200b,MCR,379,e7_contrast,True,False,False,10,Subserosal Uterine Fibroid,Uterine Fibroid,high,324331fe1433537040d3177a0da47d648e5c7dd42598f7dfbbfb145789725f97,True,
MCR_seq200b/379,MCR_seq200b,MCR,379,forest_evidence_integrator,True,False,False,10,Subserosal Uterine Fibroid,Leiomyoma,high,324331fe1433537040d3177a0da47d648e5c7dd42598f7dfbbfb145789725f97,False,
MCR_seq200b/379,MCR_seq200b,MCR,379,collapse_obligation_ledger,True,False,False,10,Subserosal Uterine Fibroid,Uterine Fibroid,high,324331fe1433537040d3177a0da47d648e5c7dd42598f7dfbbfb145789725f97,False,
MCR_seq200b/379,MCR_seq200b,MCR,379,pairwise_tournament,True,False,False,10,Subserosal Uterine Fibroid,Uterine Fibroid,high,324331fe1433537040d3177a0da47d648e5c7dd42598f7dfbbfb145789725f97,False,
MCR_seq200b/383,MCR_seq200b,MCR,383,evidence_count_control,True,True,True,9,Idiopathic granulomatous mastitis,Periductal mastitis,low,a65b191dc40acf020464d79c631004304c1892e8496c295c04236017384d04fb,False,
MCR_seq200b/383,MCR_seq200b,MCR,383,e7_contrast,True,True,False,9,Granulomatous lobular mastitis,Idiopathic granulomatous mastitis,medium,a65b191dc40acf020464d79c631004304c1892e8496c295c04236017384d04fb,True,
MCR_seq200b/383,MCR_seq200b,MCR,383,forest_evidence_integrator,True,True,True,9,Idiopathic granulomatous mastitis,Inflammatory breast cancer,high,a65b191dc40acf020464d79c631004304c1892e8496c295c04236017384d04fb,False,
MCR_seq200b/383,MCR_seq200b,MCR,383,collapse_obligation_ledger,True,True,True,9,Idiopathic granulomatous mastitis,Granulomatous lobular mastitis,high,a65b191dc40acf020464d79c631004304c1892e8496c295c04236017384d04fb,False,
MCR_seq200b/383,MCR_seq200b,MCR,383,pairwise_tournament,True,True,True,9,Idiopathic granulomatous mastitis,Granulomatous lobular mastitis,high,a65b191dc40acf020464d79c631004304c1892e8496c295c04236017384d04fb,False,
MCR_seq200b/385,MCR_seq200b,MCR,385,evidence_count_control,True,False,False,10,Thrombocytopenia,Olaparib-induced thrombocytopenia,low,c4e17b4602eef8ae192285672bc4254f94fe0f40b582f5897ddc751bdc860504,False,
MCR_seq200b/385,MCR_seq200b,MCR,385,e7_contrast,True,False,False,10,Olaparib-induced thrombocytopenia,Thrombocytopenia,medium,c4e17b4602eef8ae192285672bc4254f94fe0f40b582f5897ddc751bdc860504,True,
MCR_seq200b/385,MCR_seq200b,MCR,385,forest_evidence_integrator,True,False,False,10,Olaparib-induced thrombocytopenia,Thrombocytopenia,high,c4e17b4602eef8ae192285672bc4254f94fe0f40b582f5897ddc751bdc860504,False,
MCR_seq200b/385,MCR_seq200b,MCR,385,collapse_obligation_ledger,True,False,False,10,Olaparib-induced thrombocytopenia,Bone marrow failure,high,c4e17b4602eef8ae192285672bc4254f94fe0f40b582f5897ddc751bdc860504,False,
MCR_seq200b/385,MCR_seq200b,MCR,385,pairwise_tournament,True,False,False,10,Olaparib-induced thrombocytopenia,Immune thrombocytopenic purpura,high,c4e17b4602eef8ae192285672bc4254f94fe0f40b582f5897ddc751bdc860504,False,
MCR_seq200b/387,MCR_seq200b,MCR,387,evidence_count_control,True,True,True,10,Langerhans cell histiocytosis,Ewing sarcoma,low,07a005bd0b00c061f16f172bf6ab97c380d6d8b25a8ad29fe907050489be431d,False,
MCR_seq200b/387,MCR_seq200b,MCR,387,e7_contrast,True,True,False,10,Rhabdomyosarcoma,Ewing sarcoma,medium,07a005bd0b00c061f16f172bf6ab97c380d6d8b25a8ad29fe907050489be431d,True,
MCR_seq200b/387,MCR_seq200b,MCR,387,forest_evidence_integrator,True,True,False,10,Rhabdomyosarcoma,Ewing sarcoma,medium,07a005bd0b00c061f16f172bf6ab97c380d6d8b25a8ad29fe907050489be431d,False,
MCR_seq200b/387,MCR_seq200b,MCR,387,collapse_obligation_ledger,True,True,False,10,Rhabdomyosarcoma,Langerhans cell histiocytosis,high,07a005bd0b00c061f16f172bf6ab97c380d6d8b25a8ad29fe907050489be431d,False,
MCR_seq200b/387,MCR_seq200b,MCR,387,pairwise_tournament,True,True,False,10,Rhabdomyosarcoma,Ewing sarcoma,medium,07a005bd0b00c061f16f172bf6ab97c380d6d8b25a8ad29fe907050489be431d,False,
MCR_seq200b/389,MCR_seq200b,MCR,389,evidence_count_control,True,False,False,9,Cryptococcosis,invasive aspergillosis,low,115a97c09cd5ae293fc62605112f3b7b0391b8ad5e9bac7d23331a02ee7bba94,False,
MCR_seq200b/389,MCR_seq200b,MCR,389,e7_contrast,True,False,False,9,Invasive Pulmonary Aspergillosis,Invasive Mucormycosis,high,115a97c09cd5ae293fc62605112f3b7b0391b8ad5e9bac7d23331a02ee7bba94,True,
MCR_seq200b/389,MCR_seq200b,MCR,389,forest_evidence_integrator,True,False,False,9,invasive aspergillosis,Chronic pulmonary aspergillosis,high,115a97c09cd5ae293fc62605112f3b7b0391b8ad5e9bac7d23331a02ee7bba94,False,
MCR_seq200b/389,MCR_seq200b,MCR,389,collapse_obligation_ledger,True,False,False,9,Invasive Pulmonary Aspergillosis,invasive aspergillosis,high,115a97c09cd5ae293fc62605112f3b7b0391b8ad5e9bac7d23331a02ee7bba94,False,
MCR_seq200b/389,MCR_seq200b,MCR,389,pairwise_tournament,True,False,False,9,Invasive Pulmonary Aspergillosis,Chronic pulmonary aspergillosis,high,115a97c09cd5ae293fc62605112f3b7b0391b8ad5e9bac7d23331a02ee7bba94,False,
MCR_seq200b/390,MCR_seq200b,MCR,390,evidence_count_control,True,False,False,5,Salivary duct carcinoma,Mucoepidermoid carcinoma,low,3ca51fdb00a96aba43973e5bbe393ce082875f3525f42b77ac28454648b80d36,False,
MCR_seq200b/390,MCR_seq200b,MCR,390,e7_contrast,True,False,False,5,Mucoepidermoid carcinoma,Salivary duct carcinoma,medium,3ca51fdb00a96aba43973e5bbe393ce082875f3525f42b77ac28454648b80d36,True,
MCR_seq200b/390,MCR_seq200b,MCR,390,forest_evidence_integrator,True,False,False,5,Mucoepidermoid carcinoma,Acinic cell carcinoma,high,3ca51fdb00a96aba43973e5bbe393ce082875f3525f42b77ac28454648b80d36,False,
MCR_seq200b/390,MCR_seq200b,MCR,390,collapse_obligation_ledger,True,False,False,5,Acinic cell carcinoma,Mucoepidermoid carcinoma,medium,3ca51fdb00a96aba43973e5bbe393ce082875f3525f42b77ac28454648b80d36,False,
MCR_seq200b/390,MCR_seq200b,MCR,390,pairwise_tournament,True,False,False,5,Mucoepidermoid carcinoma,Salivary duct carcinoma,high,3ca51fdb00a96aba43973e5bbe393ce082875f3525f42b77ac28454648b80d36,False,
MCR_seq200b/391,MCR_seq200b,MCR,391,evidence_count_control,True,False,False,10,Cholesteatoma,Middle ear adenocarcinoma,low,64ba3a2350f9a9606524d9d1d03a65a6686c9ad6807c9064a2f4e395c42c712f,False,
MCR_seq200b/391,MCR_seq200b,MCR,391,e7_contrast,True,False,False,10,Aggressive papillary middle ear tumor,Middle ear adenocarcinoma,medium,64ba3a2350f9a9606524d9d1d03a65a6686c9ad6807c9064a2f4e395c42c712f,True,
MCR_seq200b/391,MCR_seq200b,MCR,391,forest_evidence_integrator,True,False,False,10,Squamous cell carcinoma of the external auditory canal,Aggressive papillary middle ear tumor,high,64ba3a2350f9a9606524d9d1d03a65a6686c9ad6807c9064a2f4e395c42c712f,False,
MCR_seq200b/391,MCR_seq200b,MCR,391,collapse_obligation_ledger,True,False,False,10,Aggressive papillary middle ear tumor,Middle ear adenocarcinoma,high,64ba3a2350f9a9606524d9d1d03a65a6686c9ad6807c9064a2f4e395c42c712f,False,
MCR_seq200b/391,MCR_seq200b,MCR,391,pairwise_tournament,True,False,False,10,Aggressive papillary middle ear tumor,Middle ear adenocarcinoma,high,64ba3a2350f9a9606524d9d1d03a65a6686c9ad6807c9064a2f4e395c42c712f,False,
MCR_seq200b/402,MCR_seq200b,MCR,402,evidence_count_control,True,False,False,10,Malignant pleural effusion,Pleural Mesothelioma,low,a68f87d6bc5eae03b84389e0a8629e2b71115f3154d28d053aec62ac13326053,False,
MCR_seq200b/402,MCR_seq200b,MCR,402,e7_contrast,True,False,False,10,Lung cancer,Lymphoma,medium,a68f87d6bc5eae03b84389e0a8629e2b71115f3154d28d053aec62ac13326053,True,
MCR_seq200b/402,MCR_seq200b,MCR,402,forest_evidence_integrator,True,False,False,10,Lung cancer,Lymphoma,high,a68f87d6bc5eae03b84389e0a8629e2b71115f3154d28d053aec62ac13326053,False,
MCR_seq200b/402,MCR_seq200b,MCR,402,collapse_obligation_ledger,True,False,False,10,Non-small cell lung cancer,Lung cancer,high,a68f87d6bc5eae03b84389e0a8629e2b71115f3154d28d053aec62ac13326053,False,
MCR_seq200b/402,MCR_seq200b,MCR,402,pairwise_tournament,True,False,False,10,Lung cancer,Lymphoma,high,a68f87d6bc5eae03b84389e0a8629e2b71115f3154d28d053aec62ac13326053,False,
MCR_seq200b/403,MCR_seq200b,MCR,403,evidence_count_control,True,False,False,10,Ischemic stroke,Cardioembolic stroke,low,cad25f4ec9b8aeda5594ac0b588a1ec9b9547170d6cd0d7cace9d918f26383c7,False,
MCR_seq200b/403,MCR_seq200b,MCR,403,e7_contrast,True,False,False,10,Cardioembolic stroke,Atrial Fibrillation,high,cad25f4ec9b8aeda5594ac0b588a1ec9b9547170d6cd0d7cace9d918f26383c7,True,
MCR_seq200b/403,MCR_seq200b,MCR,403,forest_evidence_integrator,True,False,False,10,Stroke due to atrial fibrillation,Cardioembolic stroke,high,cad25f4ec9b8aeda5594ac0b588a1ec9b9547170d6cd0d7cace9d918f26383c7,False,
MCR_seq200b/403,MCR_seq200b,MCR,403,collapse_obligation_ledger,True,False,False,10,Cardioembolic stroke,Stroke due to atrial fibrillation,high,cad25f4ec9b8aeda5594ac0b588a1ec9b9547170d6cd0d7cace9d918f26383c7,False,
MCR_seq200b/403,MCR_seq200b,MCR,403,pairwise_tournament,True,False,False,10,Cardioembolic stroke,Stroke due to atrial fibrillation,high,cad25f4ec9b8aeda5594ac0b588a1ec9b9547170d6cd0d7cace9d918f26383c7,False,
MCR_seq200b/406,MCR_seq200b,MCR,406,evidence_count_control,True,True,True,8,Sturge-Weber syndrome,Ocular melanosis,low,0c88ced721a941554fe07f3ebd83d861222706b5f114fbe5a818a8c97d60142c,False,
MCR_seq200b/406,MCR_seq200b,MCR,406,e7_contrast,True,True,False,8,Phakomatosis pigmentovascularis,Sturge-Weber syndrome,high,0c88ced721a941554fe07f3ebd83d861222706b5f114fbe5a818a8c97d60142c,True,
MCR_seq200b/406,MCR_seq200b,MCR,406,forest_evidence_integrator,True,True,False,8,Phakomatosis pigmentovascularis,Ocular melanocytosis,high,0c88ced721a941554fe07f3ebd83d861222706b5f114fbe5a818a8c97d60142c,False,
MCR_seq200b/406,MCR_seq200b,MCR,406,collapse_obligation_ledger,True,True,False,8,Phakomatosis pigmentovascularis,Ocular melanocytosis,high,0c88ced721a941554fe07f3ebd83d861222706b5f114fbe5a818a8c97d60142c,False,
MCR_seq200b/406,MCR_seq200b,MCR,406,pairwise_tournament,True,True,False,8,Phakomatosis pigmentovascularis,Ocular melanocytosis,high,0c88ced721a941554fe07f3ebd83d861222706b5f114fbe5a818a8c97d60142c,False,
MCR_seq200b/407,MCR_seq200b,MCR,407,evidence_count_control,True,True,False,7,Myelolipoma,Liposarcoma,low,a3eee464db6de6e08ed78861563189116c6057536673f4d8d7f14b4b07ee8a24,False,
MCR_seq200b/407,MCR_seq200b,MCR,407,e7_contrast,True,True,True,7,Adrenal myelolipoma,Liposarcoma,high,a3eee464db6de6e08ed78861563189116c6057536673f4d8d7f14b4b07ee8a24,True,
MCR_seq200b/407,MCR_seq200b,MCR,407,forest_evidence_integrator,True,True,True,7,Adrenal myelolipoma,Liposarcoma,high,a3eee464db6de6e08ed78861563189116c6057536673f4d8d7f14b4b07ee8a24,False,
MCR_seq200b/407,MCR_seq200b,MCR,407,collapse_obligation_ledger,True,True,True,7,Adrenal myelolipoma,Myelolipoma,high,a3eee464db6de6e08ed78861563189116c6057536673f4d8d7f14b4b07ee8a24,False,
MCR_seq200b/407,MCR_seq200b,MCR,407,pairwise_tournament,True,True,True,7,Adrenal myelolipoma,Liposarcoma,high,a3eee464db6de6e08ed78861563189116c6057536673f4d8d7f14b4b07ee8a24,False,
MCR_seq200b/409,MCR_seq200b,MCR,409,evidence_count_control,True,False,False,10,Pleural effusion,Pulmonary effusion due to pancreaticopleural fistula,low,87c73f9181ad48d53e39c982b9e54e979c3dd83de356d18d909d3110151b0b9b,False,
MCR_seq200b/409,MCR_seq200b,MCR,409,e7_contrast,True,False,False,10,Pleural effusion due to pancreaticopleural fistula,Acute pancreatitis,high,87c73f9181ad48d53e39c982b9e54e979c3dd83de356d18d909d3110151b0b9b,True,
MCR_seq200b/409,MCR_seq200b,MCR,409,forest_evidence_integrator,True,False,False,10,Pleural effusion due to pancreaticopleural fistula,Pancreatic pseudocyst,high,87c73f9181ad48d53e39c982b9e54e979c3dd83de356d18d909d3110151b0b9b,False,
MCR_seq200b/409,MCR_seq200b,MCR,409,collapse_obligation_ledger,True,False,False,10,Pulmonary effusion due to pancreaticopleural fistula,Pleural effusion due to pancreaticopleural fistula,high,87c73f9181ad48d53e39c982b9e54e979c3dd83de356d18d909d3110151b0b9b,False,
MCR_seq200b/409,MCR_seq200b,MCR,409,pairwise_tournament,True,False,False,10,Pleural effusion due to pancreaticopleural fistula,Empyema,high,87c73f9181ad48d53e39c982b9e54e979c3dd83de356d18d909d3110151b0b9b,False,
MCR_seq200b/412,MCR_seq200b,MCR,412,evidence_count_control,True,True,False,9,Asymptomatic Irreversible Pulpitis,External Cervical Resorption,low,b95cf55c6a84d009c8de94198e9fd01dcf4af2464e4575b8dbbeb5c13fa1ee0d,False,
MCR_seq200b/412,MCR_seq200b,MCR,412,e7_contrast,True,True,True,9,External Cervical Resorption,Asymptomatic Irreversible Pulpitis,high,b95cf55c6a84d009c8de94198e9fd01dcf4af2464e4575b8dbbeb5c13fa1ee0d,True,
MCR_seq200b/412,MCR_seq200b,MCR,412,forest_evidence_integrator,True,True,True,9,External Cervical Resorption,Asymptomatic Irreversible Pulpitis,high,b95cf55c6a84d009c8de94198e9fd01dcf4af2464e4575b8dbbeb5c13fa1ee0d,False,
MCR_seq200b/412,MCR_seq200b,MCR,412,collapse_obligation_ledger,True,True,True,9,External Cervical Resorption,Asymptomatic Irreversible Pulpitis,high,b95cf55c6a84d009c8de94198e9fd01dcf4af2464e4575b8dbbeb5c13fa1ee0d,False,
MCR_seq200b/412,MCR_seq200b,MCR,412,pairwise_tournament,True,True,True,9,External Cervical Resorption,Asymptomatic Irreversible Pulpitis,high,b95cf55c6a84d009c8de94198e9fd01dcf4af2464e4575b8dbbeb5c13fa1ee0d,False,
MCR_seq200b/413,MCR_seq200b,MCR,413,evidence_count_control,True,False,False,7,Esthesioneuroblastoma,Inverted Papilloma,low,27e6c3659d90cf2ffa9646ff737877de0ed1f04e1da1706cbfba6ae0b66868a3,False,
MCR_seq200b/413,MCR_seq200b,MCR,413,e7_contrast,True,False,False,7,Mucocele,Inverted Papilloma,medium,27e6c3659d90cf2ffa9646ff737877de0ed1f04e1da1706cbfba6ae0b66868a3,True,
MCR_seq200b/413,MCR_seq200b,MCR,413,forest_evidence_integrator,True,False,False,7,Esthesioneuroblastoma,Mucocele,high,27e6c3659d90cf2ffa9646ff737877de0ed1f04e1da1706cbfba6ae0b66868a3,False,
MCR_seq200b/413,MCR_seq200b,MCR,413,collapse_obligation_ledger,True,False,False,7,Esthesioneuroblastoma,Inverted Papilloma,high,27e6c3659d90cf2ffa9646ff737877de0ed1f04e1da1706cbfba6ae0b66868a3,False,
MCR_seq200b/413,MCR_seq200b,MCR,413,pairwise_tournament,True,False,False,7,Esthesioneuroblastoma,Mucocele,medium,27e6c3659d90cf2ffa9646ff737877de0ed1f04e1da1706cbfba6ae0b66868a3,False,
MCR_seq200b/414,MCR_seq200b,MCR,414,evidence_count_control,True,False,False,6,Mitral Valve Prolapse,Costochondritis,low,0a4aa7f5b64b61a5d7917538aee22b4964f2e2c9ea5e64d8d0d4e14669fa5ee7,False,
MCR_seq200b/414,MCR_seq200b,MCR,414,e7_contrast,True,False,False,6,Mitral Valve Prolapse,Pericarditis,high,0a4aa7f5b64b61a5d7917538aee22b4964f2e2c9ea5e64d8d0d4e14669fa5ee7,True,
MCR_seq200b/414,MCR_seq200b,MCR,414,forest_evidence_integrator,True,False,False,6,Mitral Valve Prolapse,Costochondritis,medium,0a4aa7f5b64b61a5d7917538aee22b4964f2e2c9ea5e64d8d0d4e14669fa5ee7,False,
MCR_seq200b/414,MCR_seq200b,MCR,414,collapse_obligation_ledger,True,False,False,6,Tietze syndrome,Costochondritis,high,0a4aa7f5b64b61a5d7917538aee22b4964f2e2c9ea5e64d8d0d4e14669fa5ee7,False,
MCR_seq200b/414,MCR_seq200b,MCR,414,pairwise_tournament,True,False,False,6,Mitral Valve Prolapse,Costochondritis,high,0a4aa7f5b64b61a5d7917538aee22b4964f2e2c9ea5e64d8d0d4e14669fa5ee7,False,
MCR_seq200b/418,MCR_seq200b,MCR,418,evidence_count_control,True,True,False,10,Arrhythmogenic Right Ventricular Cardiomyopathy,Sarcoidosis,low,30441bd3d0004cf8c36b87750d60de66ace39249bb68ac66fca6ecd878605f07,False,
MCR_seq200b/418,MCR_seq200b,MCR,418,e7_contrast,True,True,False,10,Cardiac sarcoidosis,Sarcoidosis,high,30441bd3d0004cf8c36b87750d60de66ace39249bb68ac66fca6ecd878605f07,True,
MCR_seq200b/418,MCR_seq200b,MCR,418,forest_evidence_integrator,True,True,True,10,Sarcoidosis,Lymphoma,high,30441bd3d0004cf8c36b87750d60de66ace39249bb68ac66fca6ecd878605f07,False,
MCR_seq200b/418,MCR_seq200b,MCR,418,collapse_obligation_ledger,True,True,False,10,Cardiac sarcoidosis,Sarcoidosis,high,30441bd3d0004cf8c36b87750d60de66ace39249bb68ac66fca6ecd878605f07,False,
MCR_seq200b/418,MCR_seq200b,MCR,418,pairwise_tournament,True,True,False,10,Cardiac sarcoidosis,Sarcoidosis,high,30441bd3d0004cf8c36b87750d60de66ace39249bb68ac66fca6ecd878605f07,False,
MCR_seq200b/419,MCR_seq200b,MCR,419,evidence_count_control,True,False,False,10,Lymphoma,Splenic hamartoma,low,7d146d1885e85ea684665fa442cd1bc606763f93379f9d86b4440cba08f2c0ce,False,
MCR_seq200b/419,MCR_seq200b,MCR,419,e7_contrast,True,False,False,10,Splenic lymphoma,Hairy cell leukemia,medium,7d146d1885e85ea684665fa442cd1bc606763f93379f9d86b4440cba08f2c0ce,True,
MCR_seq200b/419,MCR_seq200b,MCR,419,forest_evidence_integrator,True,False,False,10,Littoral Cell Angioma,Splenic hamartoma,medium,7d146d1885e85ea684665fa442cd1bc606763f93379f9d86b4440cba08f2c0ce,False,
MCR_seq200b/419,MCR_seq200b,MCR,419,collapse_obligation_ledger,True,False,False,10,Splenic lymphoma,Splenic hamartoma,medium,7d146d1885e85ea684665fa442cd1bc606763f93379f9d86b4440cba08f2c0ce,False,
MCR_seq200b/419,MCR_seq200b,MCR,419,pairwise_tournament,True,False,False,10,Splenic hamartoma,Littoral Cell Angioma,medium,7d146d1885e85ea684665fa442cd1bc606763f93379f9d86b4440cba08f2c0ce,False,
MCR_seq200b/420,MCR_seq200b,MCR,420,evidence_count_control,True,False,False,10,Gastrocnemius Tightness,Bone spur,low,84b79d865a71cfef13cbf03c906c73224dc904aec86b547b28cd672c495ac081,False,
MCR_seq200b/420,MCR_seq200b,MCR,420,e7_contrast,True,False,False,10,Calcaneal Exostosis,Bone spur,medium,84b79d865a71cfef13cbf03c906c73224dc904aec86b547b28cd672c495ac081,True,
MCR_seq200b/420,MCR_seq200b,MCR,420,forest_evidence_integrator,True,False,False,10,Calcaneal Exostosis,Calcaneal spur,high,84b79d865a71cfef13cbf03c906c73224dc904aec86b547b28cd672c495ac081,False,
MCR_seq200b/420,MCR_seq200b,MCR,420,collapse_obligation_ledger,True,False,False,10,Calcaneal Exostosis,Calcaneal spur,high,84b79d865a71cfef13cbf03c906c73224dc904aec86b547b28cd672c495ac081,False,
MCR_seq200b/420,MCR_seq200b,MCR,420,pairwise_tournament,True,False,False,10,Calcaneal Exostosis,Calcaneal spur,high,84b79d865a71cfef13cbf03c906c73224dc904aec86b547b28cd672c495ac081,False,
MCR_seq200b/423,MCR_seq200b,MCR,423,evidence_count_control,True,False,False,10,Retroperitoneal sarcoma,Retroperitoneal lymphoma,low,dc7686c73d69bca36efcdf2a03a58f0ad4231e240825326b1fb31c4d2d7ad143,False,
MCR_seq200b/423,MCR_seq200b,MCR,423,e7_contrast,True,False,False,10,Retroperitoneal sarcoma,Retroperitoneal lymphoma,medium,dc7686c73d69bca36efcdf2a03a58f0ad4231e240825326b1fb31c4d2d7ad143,True,
MCR_seq200b/423,MCR_seq200b,MCR,423,forest_evidence_integrator,True,False,False,10,Neurogenic tumor,Retroperitoneal sarcoma,medium,dc7686c73d69bca36efcdf2a03a58f0ad4231e240825326b1fb31c4d2d7ad143,False,
MCR_seq200b/423,MCR_seq200b,MCR,423,collapse_obligation_ledger,True,False,False,10,Retroperitoneal sarcoma,Retroperitoneal lymphoma,medium,dc7686c73d69bca36efcdf2a03a58f0ad4231e240825326b1fb31c4d2d7ad143,False,
MCR_seq200b/423,MCR_seq200b,MCR,423,pairwise_tournament,True,False,False,10,Retroperitoneal lymphoma,Retroperitoneal sarcoma,medium,dc7686c73d69bca36efcdf2a03a58f0ad4231e240825326b1fb31c4d2d7ad143,False,
MCR_seq200b/424,MCR_seq200b,MCR,424,evidence_count_control,True,True,False,7,Antiphospholipid Syndrome,Systemic Lupus Erythematosus,low,5720db861e6582b04bec91fca7bf28fd9e7fcaac06fb1951b021e49417d4e187,False,
MCR_seq200b/424,MCR_seq200b,MCR,424,e7_contrast,True,True,True,7,Marantic Endocarditis,Infective Endocarditis,high,5720db861e6582b04bec91fca7bf28fd9e7fcaac06fb1951b021e49417d4e187,True,
MCR_seq200b/424,MCR_seq200b,MCR,424,forest_evidence_integrator,True,True,False,7,Systemic Lupus Erythematosus,Antiphospholipid Syndrome,medium,5720db861e6582b04bec91fca7bf28fd9e7fcaac06fb1951b021e49417d4e187,False,
MCR_seq200b/424,MCR_seq200b,MCR,424,collapse_obligation_ledger,True,True,False,7,Systemic Lupus Erythematosus,Antiphospholipid Syndrome,high,5720db861e6582b04bec91fca7bf28fd9e7fcaac06fb1951b021e49417d4e187,False,
MCR_seq200b/424,MCR_seq200b,MCR,424,pairwise_tournament,True,True,False,7,Systemic Lupus Erythematosus,Antiphospholipid Syndrome,high,5720db861e6582b04bec91fca7bf28fd9e7fcaac06fb1951b021e49417d4e187,False,
MCR_seq200b/430,MCR_seq200b,MCR,430,evidence_count_control,True,False,False,10,Atrial Tachycardia due to Epicardial Accessory Pathway,Mitral Isthmus Dependent Atrial Flutter,low,bc71afce480bd12c4c802d579343aaf62f2450c4be9a2e1e67b95c547840923d,False,
MCR_seq200b/430,MCR_seq200b,MCR,430,e7_contrast,True,False,False,10,Vein of Marshall Atrial Tachycardia,Vein of Marshall Epicardial Tachycardia,high,bc71afce480bd12c4c802d579343aaf62f2450c4be9a2e1e67b95c547840923d,True,
MCR_seq200b/430,MCR_seq200b,MCR,430,forest_evidence_integrator,True,False,False,10,Vein of Marshall Atrial Tachycardia,Vein of Marshall Epicardial Tachycardia,high,bc71afce480bd12c4c802d579343aaf62f2450c4be9a2e1e67b95c547840923d,False,
MCR_seq200b/430,MCR_seq200b,MCR,430,collapse_obligation_ledger,True,False,False,10,Vein of Marshall Atrial Tachycardia,Vein of Marshall Epicardial Tachycardia,low,bc71afce480bd12c4c802d579343aaf62f2450c4be9a2e1e67b95c547840923d,False,
MCR_seq200b/430,MCR_seq200b,MCR,430,pairwise_tournament,True,False,False,10,Vein of Marshall Atrial Tachycardia,Vein of Marshall Epicardial Tachycardia,high,bc71afce480bd12c4c802d579343aaf62f2450c4be9a2e1e67b95c547840923d,False,
MCR_seq200b/435,MCR_seq200b,MCR,435,evidence_count_control,True,False,False,9,Primary central nervous system lymphoma,Metastatic brain tumor,low,cea003fe5e97f6bad3e33b7b622d191824904d71f3196085dd7094ff75206edc,False,
MCR_seq200b/435,MCR_seq200b,MCR,435,e7_contrast,True,False,False,9,Primary central nervous system lymphoma,Metastatic brain tumor,medium,cea003fe5e97f6bad3e33b7b622d191824904d71f3196085dd7094ff75206edc,True,
MCR_seq200b/435,MCR_seq200b,MCR,435,forest_evidence_integrator,True,False,False,9,Metastatic brain tumor,Glioblastoma multiforme,high,cea003fe5e97f6bad3e33b7b622d191824904d71f3196085dd7094ff75206edc,False,
MCR_seq200b/435,MCR_seq200b,MCR,435,collapse_obligation_ledger,True,False,False,9,Cerebral Toxoplasmosis,Metastatic brain tumor,medium,cea003fe5e97f6bad3e33b7b622d191824904d71f3196085dd7094ff75206edc,False,
MCR_seq200b/435,MCR_seq200b,MCR,435,pairwise_tournament,True,False,False,9,Primary central nervous system lymphoma,Glioblastoma multiforme,medium,cea003fe5e97f6bad3e33b7b622d191824904d71f3196085dd7094ff75206edc,False,
MCR_seq200b/441,MCR_seq200b,MCR,441,evidence_count_control,True,True,True,10,Dengue Encephalitis,Brainstem Encephalitis,low,3375f9bfad6e1226375c143fb25c3d978d2c7e1046542af40f35b805a13c9962,False,
MCR_seq200b/441,MCR_seq200b,MCR,441,e7_contrast,True,True,True,10,Dengue Encephalitis,Brainstem Encephalitis,high,3375f9bfad6e1226375c143fb25c3d978d2c7e1046542af40f35b805a13c9962,True,
MCR_seq200b/441,MCR_seq200b,MCR,441,forest_evidence_integrator,True,True,True,10,Dengue Encephalitis,Brainstem Encephalitis,high,3375f9bfad6e1226375c143fb25c3d978d2c7e1046542af40f35b805a13c9962,False,
MCR_seq200b/441,MCR_seq200b,MCR,441,collapse_obligation_ledger,True,True,True,10,Dengue Encephalitis,Dengue hemorrhagic fever,high,3375f9bfad6e1226375c143fb25c3d978d2c7e1046542af40f35b805a13c9962,False,
MCR_seq200b/441,MCR_seq200b,MCR,441,pairwise_tournament,True,True,True,10,Dengue Encephalitis,Brainstem Encephalitis,high,3375f9bfad6e1226375c143fb25c3d978d2c7e1046542af40f35b805a13c9962,False,
MCR_seq200b/442,MCR_seq200b,MCR,442,evidence_count_control,True,False,False,8,contact dermatitis,Perioral dermatitis,low,de409f76ea251f8dd6bb68c03b6ee68cae00f581d8c417ef8ca9624b74b0068c,False,
MCR_seq200b/442,MCR_seq200b,MCR,442,e7_contrast,True,False,False,8,Steroid-induced rosacea-like dermatitis,Perioral dermatitis,high,de409f76ea251f8dd6bb68c03b6ee68cae00f581d8c417ef8ca9624b74b0068c,True,
MCR_seq200b/442,MCR_seq200b,MCR,442,forest_evidence_integrator,True,False,False,8,Steroid-induced rosacea-like dermatitis,Perioral dermatitis,high,de409f76ea251f8dd6bb68c03b6ee68cae00f581d8c417ef8ca9624b74b0068c,False,
MCR_seq200b/442,MCR_seq200b,MCR,442,collapse_obligation_ledger,True,False,False,8,Steroid-induced rosacea-like dermatitis,Topical steroid withdrawal,medium,de409f76ea251f8dd6bb68c03b6ee68cae00f581d8c417ef8ca9624b74b0068c,False,
MCR_seq200b/442,MCR_seq200b,MCR,442,pairwise_tournament,True,False,False,8,Steroid-induced rosacea-like dermatitis,Perioral dermatitis,high,de409f76ea251f8dd6bb68c03b6ee68cae00f581d8c417ef8ca9624b74b0068c,False,
MCR_seq200b/443,MCR_seq200b,MCR,443,evidence_count_control,True,False,False,10,Castleman disease,Sarcoidosis,low,664ecc1b69fa50d98643109b6c9aded0ae49f35f2d0a1731d6f9e7359612b3c4,False,
MCR_seq200b/443,MCR_seq200b,MCR,443,e7_contrast,True,False,False,10,Castleman disease,Non-Hodgkin lymphoma,medium,664ecc1b69fa50d98643109b6c9aded0ae49f35f2d0a1731d6f9e7359612b3c4,True,
MCR_seq200b/443,MCR_seq200b,MCR,443,forest_evidence_integrator,True,False,False,10,Castleman disease,Inflammatory pseudotumor,medium,664ecc1b69fa50d98643109b6c9aded0ae49f35f2d0a1731d6f9e7359612b3c4,False,
MCR_seq200b/443,MCR_seq200b,MCR,443,collapse_obligation_ledger,True,False,False,10,Castleman disease,Inflammatory pseudotumor,high,664ecc1b69fa50d98643109b6c9aded0ae49f35f2d0a1731d6f9e7359612b3c4,False,
MCR_seq200b/443,MCR_seq200b,MCR,443,pairwise_tournament,True,False,False,10,Castleman disease,Lymphoid hyperplasia,medium,664ecc1b69fa50d98643109b6c9aded0ae49f35f2d0a1731d6f9e7359612b3c4,False,
MCR_seq200b/445,MCR_seq200b,MCR,445,evidence_count_control,True,False,False,10,Chronic invasive fungal sinusitis,Allergic fungal sinusitis,low,8ee794c06159ad89ac108b5c274b474a7ec3101d40d7f1613273f610588a2c44,False,
MCR_seq200b/445,MCR_seq200b,MCR,445,e7_contrast,True,False,False,10,Chronic invasive fungal sinusitis,Allergic fungal sinusitis,medium,8ee794c06159ad89ac108b5c274b474a7ec3101d40d7f1613273f610588a2c44,True,
MCR_seq200b/445,MCR_seq200b,MCR,445,forest_evidence_integrator,True,False,False,10,Chronic invasive fungal sinusitis,Allergic fungal sinusitis,medium,8ee794c06159ad89ac108b5c274b474a7ec3101d40d7f1613273f610588a2c44,False,
MCR_seq200b/445,MCR_seq200b,MCR,445,collapse_obligation_ledger,True,False,False,10,Chronic invasive fungal sinusitis,Allergic fungal sinusitis,high,8ee794c06159ad89ac108b5c274b474a7ec3101d40d7f1613273f610588a2c44,False,
MCR_seq200b/445,MCR_seq200b,MCR,445,pairwise_tournament,True,False,False,10,Chronic invasive fungal sinusitis,Allergic fungal sinusitis,high,8ee794c06159ad89ac108b5c274b474a7ec3101d40d7f1613273f610588a2c44,False,
MCR_seq200b/451,MCR_seq200b,MCR,451,evidence_count_control,True,False,False,10,Recurrent pneumoperitoneum,Chronic intestinal pseudo-obstruction,low,7ed0efb31526f42d46bec4124499c5fa3233a169c2dbeecfb0bee8ba7b9eae35,False,
MCR_seq200b/451,MCR_seq200b,MCR,451,e7_contrast,True,False,False,10,Recurrent pneumoperitoneum,Idiopathic pneumoperitoneum,high,7ed0efb31526f42d46bec4124499c5fa3233a169c2dbeecfb0bee8ba7b9eae35,True,
MCR_seq200b/451,MCR_seq200b,MCR,451,forest_evidence_integrator,True,False,False,10,Recurrent pneumoperitoneum,Idiopathic pneumoperitoneum,high,7ed0efb31526f42d46bec4124499c5fa3233a169c2dbeecfb0bee8ba7b9eae35,False,
MCR_seq200b/451,MCR_seq200b,MCR,451,collapse_obligation_ledger,True,False,False,10,Recurrent pneumoperitoneum,Idiopathic pneumoperitoneum,high,7ed0efb31526f42d46bec4124499c5fa3233a169c2dbeecfb0bee8ba7b9eae35,False,
MCR_seq200b/451,MCR_seq200b,MCR,451,pairwise_tournament,True,False,False,10,Idiopathic pneumoperitoneum,Recurrent pneumoperitoneum,medium,7ed0efb31526f42d46bec4124499c5fa3233a169c2dbeecfb0bee8ba7b9eae35,False,
MCR_seq200b/452,MCR_seq200b,MCR,452,evidence_count_control,True,False,False,10,Leiomyoma,Fibroma,low,29bda2fd32fb144beb1b7c381b6f4869793d30d7bcb3fd702c8b3cd5d4db8120,False,
MCR_seq200b/452,MCR_seq200b,MCR,452,e7_contrast,True,False,False,10,Fibroma,Leiomyoma,medium,29bda2fd32fb144beb1b7c381b6f4869793d30d7bcb3fd702c8b3cd5d4db8120,True,
MCR_seq200b/452,MCR_seq200b,MCR,452,forest_evidence_integrator,True,False,False,10,Fibroma,Leiomyoma,high,29bda2fd32fb144beb1b7c381b6f4869793d30d7bcb3fd702c8b3cd5d4db8120,False,
MCR_seq200b/452,MCR_seq200b,MCR,452,collapse_obligation_ledger,True,False,False,10,Fibroma,Leiomyoma,high,29bda2fd32fb144beb1b7c381b6f4869793d30d7bcb3fd702c8b3cd5d4db8120,False,
MCR_seq200b/452,MCR_seq200b,MCR,452,pairwise_tournament,True,False,False,10,Fibroma,Leiomyoma,medium,29bda2fd32fb144beb1b7c381b6f4869793d30d7bcb3fd702c8b3cd5d4db8120,False,
MCR_seq200b/454,MCR_seq200b,MCR,454,evidence_count_control,True,False,False,10,Gastric Carcinoid Tumor,Leiomyoma,low,b5336496cc7b2d018d503ab9469efd011d6e8e658114cdb917abbf9df88dba03,False,
MCR_seq200b/454,MCR_seq200b,MCR,454,e7_contrast,True,False,False,10,Gastrointestinal Stromal Tumor (GIST),Leiomyoma,high,b5336496cc7b2d018d503ab9469efd011d6e8e658114cdb917abbf9df88dba03,True,
MCR_seq200b/454,MCR_seq200b,MCR,454,forest_evidence_integrator,True,False,False,10,Gastrointestinal Stromal Tumor (GIST),Leiomyoma,high,b5336496cc7b2d018d503ab9469efd011d6e8e658114cdb917abbf9df88dba03,False,
MCR_seq200b/454,MCR_seq200b,MCR,454,collapse_obligation_ledger,True,False,False,10,Gastrointestinal Stromal Tumor (GIST),Leiomyoma,high,b5336496cc7b2d018d503ab9469efd011d6e8e658114cdb917abbf9df88dba03,False,
MCR_seq200b/454,MCR_seq200b,MCR,454,pairwise_tournament,True,False,False,10,Gastrointestinal Stromal Tumor (GIST),Glomus tumor,high,b5336496cc7b2d018d503ab9469efd011d6e8e658114cdb917abbf9df88dba03,False,
MCR_seq200b/455,MCR_seq200b,MCR,455,evidence_count_control,True,False,False,10,Vaginal sarcoma,Vaginal cancer,low,27f403228fde470340a498e1952c1bedcfeba5ee9863c0f2f528264be122cecb,False,
MCR_seq200b/455,MCR_seq200b,MCR,455,e7_contrast,True,False,False,10,Uterine leiomyoma,Vaginal leiomyoma,medium,27f403228fde470340a498e1952c1bedcfeba5ee9863c0f2f528264be122cecb,True,
MCR_seq200b/455,MCR_seq200b,MCR,455,forest_evidence_integrator,True,False,False,10,Uterine leiomyoma,Cervical Cancer,medium,27f403228fde470340a498e1952c1bedcfeba5ee9863c0f2f528264be122cecb,False,
MCR_seq200b/455,MCR_seq200b,MCR,455,collapse_obligation_ledger,True,False,False,10,Uterine leiomyoma,Uterine Fibroids,high,27f403228fde470340a498e1952c1bedcfeba5ee9863c0f2f528264be122cecb,False,
MCR_seq200b/455,MCR_seq200b,MCR,455,pairwise_tournament,True,False,False,10,Uterine leiomyoma,Vaginal leiomyoma,high,27f403228fde470340a498e1952c1bedcfeba5ee9863c0f2f528264be122cecb,False,
MCR_seq200b/458,MCR_seq200b,MCR,458,evidence_count_control,True,True,False,7,Birt-Hogg-Dube syndrome,Lymphangioleiomyomatosis,low,efcf51683c8d54c504ab02e08ea15638cccbb848e8911fd2abec620d4080ac21,False,
MCR_seq200b/458,MCR_seq200b,MCR,458,e7_contrast,True,True,False,7,Birt-Hogg-Dube syndrome,Lymphangioleiomyomatosis,medium,efcf51683c8d54c504ab02e08ea15638cccbb848e8911fd2abec620d4080ac21,True,
MCR_seq200b/458,MCR_seq200b,MCR,458,forest_evidence_integrator,True,True,True,7,Lymphangioleiomyomatosis,Birt-Hogg-Dube syndrome,medium,efcf51683c8d54c504ab02e08ea15638cccbb848e8911fd2abec620d4080ac21,False,
MCR_seq200b/458,MCR_seq200b,MCR,458,collapse_obligation_ledger,True,True,True,7,Lymphangioleiomyomatosis,Birt-Hogg-Dube syndrome,medium,efcf51683c8d54c504ab02e08ea15638cccbb848e8911fd2abec620d4080ac21,False,
MCR_seq200b/458,MCR_seq200b,MCR,458,pairwise_tournament,True,True,True,7,Lymphangioleiomyomatosis,Birt-Hogg-Dube syndrome,medium,efcf51683c8d54c504ab02e08ea15638cccbb848e8911fd2abec620d4080ac21,False,
MCR_seq200b/461,MCR_seq200b,MCR,461,evidence_count_control,True,False,False,9,Acute Kidney Injury,Sepsis,low,73152c4415d7754b11b2f72ead5eac4d3d64c7caa30ce06d7826707f99ea7670,False,
MCR_seq200b/461,MCR_seq200b,MCR,461,e7_contrast,True,False,False,9,Rhabdomyolysis,Leptospirosis,high,73152c4415d7754b11b2f72ead5eac4d3d64c7caa30ce06d7826707f99ea7670,True,
MCR_seq200b/461,MCR_seq200b,MCR,461,forest_evidence_integrator,True,False,False,9,Leptospirosis,Hantavirus syndrome,medium,73152c4415d7754b11b2f72ead5eac4d3d64c7caa30ce06d7826707f99ea7670,False,
MCR_seq200b/461,MCR_seq200b,MCR,461,collapse_obligation_ledger,True,False,False,9,Leptospirosis,Hantavirus syndrome,medium,73152c4415d7754b11b2f72ead5eac4d3d64c7caa30ce06d7826707f99ea7670,False,
MCR_seq200b/461,MCR_seq200b,MCR,461,pairwise_tournament,True,False,False,9,Leptospirosis,Hantavirus syndrome,medium,73152c4415d7754b11b2f72ead5eac4d3d64c7caa30ce06d7826707f99ea7670,False,
MCR_seq200b/468,MCR_seq200b,MCR,468,evidence_count_control,True,False,False,10,Central nervous system vasculitis,Cerebral Vasculitis,low,e2302eee4993370c26ab46803acdbab985f10b69c957934657d24337730ccbe8,False,
MCR_seq200b/468,MCR_seq200b,MCR,468,e7_contrast,True,False,False,10,Cerebral Vasculitis,Primary Central Nervous System Vasculitis,high,e2302eee4993370c26ab46803acdbab985f10b69c957934657d24337730ccbe8,True,
MCR_seq200b/468,MCR_seq200b,MCR,468,forest_evidence_integrator,True,False,False,10,Cerebral Vasculitis,Neurosarcoidosis,high,e2302eee4993370c26ab46803acdbab985f10b69c957934657d24337730ccbe8,False,
MCR_seq200b/468,MCR_seq200b,MCR,468,collapse_obligation_ledger,True,False,False,10,Cerebral angiitis,Cerebral Vasculitis,high,e2302eee4993370c26ab46803acdbab985f10b69c957934657d24337730ccbe8,False,
MCR_seq200b/468,MCR_seq200b,MCR,468,pairwise_tournament,True,False,False,10,Cerebral Vasculitis,Primary Central Nervous System Vasculitis,high,e2302eee4993370c26ab46803acdbab985f10b69c957934657d24337730ccbe8,False,
MCR_seq200b/469,MCR_seq200b,MCR,469,evidence_count_control,True,False,False,10,Primary central nervous system lymphoma,Vogt-Koyanagi-Harada disease,low,37ed22cdb1b4ab11ef00ec7e3cb388ca1e7cc97e82a96e7d74705183d00827ce,False,
MCR_seq200b/469,MCR_seq200b,MCR,469,e7_contrast,True,False,False,10,Lymphoma,Intraocular lymphoma,high,37ed22cdb1b4ab11ef00ec7e3cb388ca1e7cc97e82a96e7d74705183d00827ce,True,
MCR_seq200b/469,MCR_seq200b,MCR,469,forest_evidence_integrator,True,False,False,10,Intraocular lymphoma,Lymphoma,high,37ed22cdb1b4ab11ef00ec7e3cb388ca1e7cc97e82a96e7d74705183d00827ce,False,
MCR_seq200b/469,MCR_seq200b,MCR,469,collapse_obligation_ledger,True,False,False,10,Lymphoma,Masquerade syndrome,high,37ed22cdb1b4ab11ef00ec7e3cb388ca1e7cc97e82a96e7d74705183d00827ce,False,
MCR_seq200b/469,MCR_seq200b,MCR,469,pairwise_tournament,True,False,False,10,Intraocular lymphoma,Lymphoma,high,37ed22cdb1b4ab11ef00ec7e3cb388ca1e7cc97e82a96e7d74705183d00827ce,False,
MCR_seq200b/470,MCR_seq200b,MCR,470,evidence_count_control,True,True,False,8,Stargardt disease,Cone-rod dystrophy,low,634241c30b8d8d3222e0d82a4935e144ee45661e1bb1779d27d73107075dd8e3,False,
MCR_seq200b/470,MCR_seq200b,MCR,470,e7_contrast,True,True,False,8,Stargardt disease,Cone-rod dystrophy,medium,634241c30b8d8d3222e0d82a4935e144ee45661e1bb1779d27d73107075dd8e3,True,
MCR_seq200b/470,MCR_seq200b,MCR,470,forest_evidence_integrator,True,True,False,8,Stargardt disease,Cone-rod dystrophy,high,634241c30b8d8d3222e0d82a4935e144ee45661e1bb1779d27d73107075dd8e3,False,
MCR_seq200b/470,MCR_seq200b,MCR,470,collapse_obligation_ledger,True,True,True,8,Cone-rod dystrophy,Stargardt disease,high,634241c30b8d8d3222e0d82a4935e144ee45661e1bb1779d27d73107075dd8e3,False,
MCR_seq200b/470,MCR_seq200b,MCR,470,pairwise_tournament,True,True,True,8,Cone-rod dystrophy,Stargardt disease,medium,634241c30b8d8d3222e0d82a4935e144ee45661e1bb1779d27d73107075dd8e3,False,
MCR_seq200b/471,MCR_seq200b,MCR,471,evidence_count_control,True,False,False,10,Gastritis,Mallory-Weiss syndrome,low,62f42d1f9c2219ad09790970ae4830af1a9dead4acdba00f937d3ded776bf1ca,False,
MCR_seq200b/471,MCR_seq200b,MCR,471,e7_contrast,True,False,False,10,Dieulafoy Lesion,Peptic Ulcer Disease,medium,62f42d1f9c2219ad09790970ae4830af1a9dead4acdba00f937d3ded776bf1ca,True,
MCR_seq200b/471,MCR_seq200b,MCR,471,forest_evidence_integrator,True,False,False,10,Dieulafoy Lesion,Gastritis,medium,62f42d1f9c2219ad09790970ae4830af1a9dead4acdba00f937d3ded776bf1ca,False,
MCR_seq200b/471,MCR_seq200b,MCR,471,collapse_obligation_ledger,True,False,False,10,Dieulafoy Lesion,Peptic Ulcer Disease,medium,62f42d1f9c2219ad09790970ae4830af1a9dead4acdba00f937d3ded776bf1ca,False,
MCR_seq200b/471,MCR_seq200b,MCR,471,pairwise_tournament,True,False,False,10,Dieulafoy Lesion,Peptic Ulcer Disease,high,62f42d1f9c2219ad09790970ae4830af1a9dead4acdba00f937d3ded776bf1ca,False,
MCR_seq200b/474,MCR_seq200b,MCR,474,evidence_count_control,True,False,False,8,Hemangioblastoma,Schwannoma,low,7ac798dbaff2e8a433c28b431a4144b39af8a74819cb860192f4418bd2ccc21c,False,
MCR_seq200b/474,MCR_seq200b,MCR,474,e7_contrast,True,False,False,8,Epidermoid cyst,Arachnoid cyst,medium,7ac798dbaff2e8a433c28b431a4144b39af8a74819cb860192f4418bd2ccc21c,True,
MCR_seq200b/474,MCR_seq200b,MCR,474,forest_evidence_integrator,True,False,False,8,Epidermoid cyst,Schwannoma,medium,7ac798dbaff2e8a433c28b431a4144b39af8a74819cb860192f4418bd2ccc21c,False,
MCR_seq200b/474,MCR_seq200b,MCR,474,collapse_obligation_ledger,True,False,False,8,Schwannoma,,high,7ac798dbaff2e8a433c28b431a4144b39af8a74819cb860192f4418bd2ccc21c,False,
MCR_seq200b/474,MCR_seq200b,MCR,474,pairwise_tournament,True,False,False,8,Schwannoma,Hemangioblastoma,high,7ac798dbaff2e8a433c28b431a4144b39af8a74819cb860192f4418bd2ccc21c,False,
MCR_seq200b/477,MCR_seq200b,MCR,477,evidence_count_control,True,False,False,7,Intussusception,Gastrointestinal Bleeding,low,3d745f6aa119698dd1ed3c01c845cd524ad23a7d04063969e498df13d935f888,False,
MCR_seq200b/477,MCR_seq200b,MCR,477,e7_contrast,True,False,False,7,Intussusception,Meckel's diverticulum,high,3d745f6aa119698dd1ed3c01c845cd524ad23a7d04063969e498df13d935f888,True,
MCR_seq200b/477,MCR_seq200b,MCR,477,forest_evidence_integrator,True,False,False,7,Intussusception,,high,3d745f6aa119698dd1ed3c01c845cd524ad23a7d04063969e498df13d935f888,False,
MCR_seq200b/477,MCR_seq200b,MCR,477,collapse_obligation_ledger,True,False,False,7,Intussusception,Meckel's diverticulum,high,3d745f6aa119698dd1ed3c01c845cd524ad23a7d04063969e498df13d935f888,False,
MCR_seq200b/477,MCR_seq200b,MCR,477,pairwise_tournament,True,False,False,7,Intussusception,Meckel's diverticulum,high,3d745f6aa119698dd1ed3c01c845cd524ad23a7d04063969e498df13d935f888,False,
MCR_seq200b/479,MCR_seq200b,MCR,479,evidence_count_control,True,True,False,8,Low-grade fibromyxoid sarcoma,Myxoid Liposarcoma,low,478709f9b5139380454c3212bab044aefcd6957b2dad605ad94b32d158111a55,False,
MCR_seq200b/479,MCR_seq200b,MCR,479,e7_contrast,True,True,False,8,Myxoid Liposarcoma,Low-grade fibromyxoid sarcoma,high,478709f9b5139380454c3212bab044aefcd6957b2dad605ad94b32d158111a55,True,
MCR_seq200b/479,MCR_seq200b,MCR,479,forest_evidence_integrator,True,True,False,8,Myxoid Liposarcoma,Myxofibrosarcoma,high,478709f9b5139380454c3212bab044aefcd6957b2dad605ad94b32d158111a55,False,
MCR_seq200b/479,MCR_seq200b,MCR,479,collapse_obligation_ledger,True,True,False,8,Myxoid Liposarcoma,Low-grade fibromyxoid sarcoma,high,478709f9b5139380454c3212bab044aefcd6957b2dad605ad94b32d158111a55,False,
MCR_seq200b/479,MCR_seq200b,MCR,479,pairwise_tournament,True,True,True,8,Extraskeletal myxoid chondrosarcoma,Myxoid Liposarcoma,medium,478709f9b5139380454c3212bab044aefcd6957b2dad605ad94b32d158111a55,False,
MCR_seq200b/480,MCR_seq200b,MCR,480,evidence_count_control,True,True,False,10,Vertebrobasilar Insufficiency,Transient Ischemic Attack of the Vertebrobasilar System,low,1af1978a94bdf34b5d05c8b2120bb34db27b13934f129782b2da0d7b0dbf8900,False,
MCR_seq200b/480,MCR_seq200b,MCR,480,e7_contrast,True,True,False,10,Transient Ischemic Attack of the Vertebrobasilar System,Transient Ischemic Attack,high,1af1978a94bdf34b5d05c8b2120bb34db27b13934f129782b2da0d7b0dbf8900,True,
MCR_seq200b/480,MCR_seq200b,MCR,480,forest_evidence_integrator,True,True,False,10,Transient Ischemic Attack of the Vertebrobasilar System,Vertebrobasilar Insufficiency,high,1af1978a94bdf34b5d05c8b2120bb34db27b13934f129782b2da0d7b0dbf8900,False,
MCR_seq200b/480,MCR_seq200b,MCR,480,collapse_obligation_ledger,True,True,False,10,Transient Ischemic Attack of the Vertebrobasilar System,Vertebrobasilar Insufficiency,high,1af1978a94bdf34b5d05c8b2120bb34db27b13934f129782b2da0d7b0dbf8900,False,
MCR_seq200b/480,MCR_seq200b,MCR,480,pairwise_tournament,True,True,False,10,Transient Ischemic Attack of the Vertebrobasilar System,Vertebrobasilar Insufficiency,high,1af1978a94bdf34b5d05c8b2120bb34db27b13934f129782b2da0d7b0dbf8900,False,
MCR_v1_seq100/1,MCR_v1_seq100,MCR,1,evidence_count_control,True,False,False,10,Leiomyoma with cystic degeneration,Infected hematometra,low,9c45fc4b5d9ed816c85b82cb285a945d9572a82b29cd686651284a85cf145b9a,False,
MCR_v1_seq100/1,MCR_v1_seq100,MCR,1,e7_contrast,True,False,False,10,Infected hematometra,Leiomyoma with cystic degeneration,high,9c45fc4b5d9ed816c85b82cb285a945d9572a82b29cd686651284a85cf145b9a,True,
MCR_v1_seq100/1,MCR_v1_seq100,MCR,1,forest_evidence_integrator,True,False,False,10,Infected hematometra,Leiomyoma with cystic degeneration,high,9c45fc4b5d9ed816c85b82cb285a945d9572a82b29cd686651284a85cf145b9a,False,
MCR_v1_seq100/1,MCR_v1_seq100,MCR,1,collapse_obligation_ledger,True,False,False,10,Ovarian Cancer,Endometrioid adenocarcinoma,high,9c45fc4b5d9ed816c85b82cb285a945d9572a82b29cd686651284a85cf145b9a,False,
MCR_v1_seq100/1,MCR_v1_seq100,MCR,1,pairwise_tournament,True,False,False,10,Infected hematometra,Leiomyoma with cystic degeneration,high,9c45fc4b5d9ed816c85b82cb285a945d9572a82b29cd686651284a85cf145b9a,False,
MCR_v1_seq100/104,MCR_v1_seq100,MCR,104,evidence_count_control,True,True,False,7,Cholesteatoma,Langerhans cell histiocytosis,low,c41e9ea621fd0d485b21772434d56f5aecb634720a91760b90158430358526aa,False,
MCR_v1_seq100/104,MCR_v1_seq100,MCR,104,e7_contrast,True,True,True,7,Langerhans cell histiocytosis,Cholesteatoma,high,c41e9ea621fd0d485b21772434d56f5aecb634720a91760b90158430358526aa,True,
MCR_v1_seq100/104,MCR_v1_seq100,MCR,104,forest_evidence_integrator,True,True,True,7,Langerhans cell histiocytosis,Cholesteatoma,high,c41e9ea621fd0d485b21772434d56f5aecb634720a91760b90158430358526aa,False,
MCR_v1_seq100/104,MCR_v1_seq100,MCR,104,collapse_obligation_ledger,True,True,True,7,Langerhans cell histiocytosis,Eosinophilic granuloma,high,c41e9ea621fd0d485b21772434d56f5aecb634720a91760b90158430358526aa,False,
MCR_v1_seq100/104,MCR_v1_seq100,MCR,104,pairwise_tournament,True,True,True,7,Langerhans cell histiocytosis,Eosinophilic granuloma,high,c41e9ea621fd0d485b21772434d56f5aecb634720a91760b90158430358526aa,False,
MCR_v1_seq100/106,MCR_v1_seq100,MCR,106,evidence_count_control,True,False,False,8,Lymphocytic hypophysitis,Pituitary adenoma,low,8579168e068bd000278d1675c0816468d5cd03ce467f8f8179a454e738a26a42,False,
MCR_v1_seq100/106,MCR_v1_seq100,MCR,106,e7_contrast,True,False,False,8,Lymphocytic hypophysitis,Pituitary adenoma,low,8579168e068bd000278d1675c0816468d5cd03ce467f8f8179a454e738a26a42,True,
MCR_v1_seq100/106,MCR_v1_seq100,MCR,106,forest_evidence_integrator,True,False,False,8,Lymphocytic hypophysitis,Pituitary adenoma,high,8579168e068bd000278d1675c0816468d5cd03ce467f8f8179a454e738a26a42,False,
MCR_v1_seq100/106,MCR_v1_seq100,MCR,106,collapse_obligation_ledger,True,False,False,8,Germinoma,Lymphocytic hypophysitis,high,8579168e068bd000278d1675c0816468d5cd03ce467f8f8179a454e738a26a42,False,
MCR_v1_seq100/106,MCR_v1_seq100,MCR,106,pairwise_tournament,True,False,False,8,Pituitary adenoma,Lymphocytic hypophysitis,medium,8579168e068bd000278d1675c0816468d5cd03ce467f8f8179a454e738a26a42,False,
MCR_v1_seq100/11,MCR_v1_seq100,MCR,11,evidence_count_control,True,False,False,10,Multisystem inflammatory syndrome,Septic shock,low,d1330e443b8ee868cf2b0603c507bea26e513bf568fede84f1a7985438b710b0,False,
MCR_v1_seq100/11,MCR_v1_seq100,MCR,11,e7_contrast,True,False,False,10,Antiphospholipid syndrome,Vasculitis,high,d1330e443b8ee868cf2b0603c507bea26e513bf568fede84f1a7985438b710b0,True,
MCR_v1_seq100/11,MCR_v1_seq100,MCR,11,forest_evidence_integrator,True,False,False,10,Antiphospholipid syndrome,Multisystem inflammatory syndrome,high,d1330e443b8ee868cf2b0603c507bea26e513bf568fede84f1a7985438b710b0,False,
MCR_v1_seq100/11,MCR_v1_seq100,MCR,11,collapse_obligation_ledger,True,False,False,10,Antiphospholipid syndrome,Multisystem inflammatory syndrome,high,d1330e443b8ee868cf2b0603c507bea26e513bf568fede84f1a7985438b710b0,False,
MCR_v1_seq100/11,MCR_v1_seq100,MCR,11,pairwise_tournament,True,False,False,10,Antiphospholipid syndrome,Septic shock,high,d1330e443b8ee868cf2b0603c507bea26e513bf568fede84f1a7985438b710b0,False,
MCR_v1_seq100/112,MCR_v1_seq100,MCR,112,evidence_count_control,True,False,False,10,Sympathomimetic Toxicity,Heat Stroke,low,a4e654b457ec824586fd03a43c1706390481adb24d3b83084eef993aa0a808c7,False,
MCR_v1_seq100/112,MCR_v1_seq100,MCR,112,e7_contrast,True,False,False,10,Sympathomimetic Toxicity,Rhabdomyolysis-Induced Acute Kidney Injury,high,a4e654b457ec824586fd03a43c1706390481adb24d3b83084eef993aa0a808c7,True,
MCR_v1_seq100/112,MCR_v1_seq100,MCR,112,forest_evidence_integrator,True,False,False,10,Sympathomimetic Toxicity,Rhabdomyolysis-Induced Acute Kidney Injury,high,a4e654b457ec824586fd03a43c1706390481adb24d3b83084eef993aa0a808c7,False,
MCR_v1_seq100/112,MCR_v1_seq100,MCR,112,collapse_obligation_ledger,True,False,False,10,Sympathomimetic Toxicity,Rhabdomyolysis-Induced Acute Kidney Injury,high,a4e654b457ec824586fd03a43c1706390481adb24d3b83084eef993aa0a808c7,False,
MCR_v1_seq100/112,MCR_v1_seq100,MCR,112,pairwise_tournament,True,False,False,10,Sympathomimetic Toxicity,Rhabdomyolysis-Induced Acute Kidney Injury,high,a4e654b457ec824586fd03a43c1706390481adb24d3b83084eef993aa0a808c7,False,
MCR_v1_seq100/119,MCR_v1_seq100,MCR,119,evidence_count_control,True,False,False,9,Ovarian cystadenoma,Mucinous cystadenoma,low,0294ad28cf270903e8574a80e5ea3d839e6fe3a902f8be1b1d9009f9d3c36ea5,False,
MCR_v1_seq100/119,MCR_v1_seq100,MCR,119,e7_contrast,True,False,False,9,Serous cystadenoma,Mucinous cystadenoma,medium,0294ad28cf270903e8574a80e5ea3d839e6fe3a902f8be1b1d9009f9d3c36ea5,True,
MCR_v1_seq100/119,MCR_v1_seq100,MCR,119,forest_evidence_integrator,True,False,False,9,Serous cystadenoma,Mucinous cystadenoma,medium,0294ad28cf270903e8574a80e5ea3d839e6fe3a902f8be1b1d9009f9d3c36ea5,False,
MCR_v1_seq100/119,MCR_v1_seq100,MCR,119,collapse_obligation_ledger,True,False,False,9,Serous cystadenoma,Ovarian cystadenoma,medium,0294ad28cf270903e8574a80e5ea3d839e6fe3a902f8be1b1d9009f9d3c36ea5,False,
MCR_v1_seq100/119,MCR_v1_seq100,MCR,119,pairwise_tournament,True,False,False,9,Serous cystadenoma,Mucinous cystadenoma,high,0294ad28cf270903e8574a80e5ea3d839e6fe3a902f8be1b1d9009f9d3c36ea5,False,
MCR_v1_seq100/121,MCR_v1_seq100,MCR,121,evidence_count_control,True,False,False,7,Ectopic lymph node,Lipoma,low,081dcc4bc673cb664fb43e86e703aeb1d72c63266c754e3cb455a6b0e6d2faab,False,
MCR_v1_seq100/121,MCR_v1_seq100,MCR,121,e7_contrast,True,False,False,7,Ectopic lymph node,Lipoma,medium,081dcc4bc673cb664fb43e86e703aeb1d72c63266c754e3cb455a6b0e6d2faab,True,
MCR_v1_seq100/121,MCR_v1_seq100,MCR,121,forest_evidence_integrator,True,False,False,7,Ectopic lymph node,Sialadenitis,medium,081dcc4bc673cb664fb43e86e703aeb1d72c63266c754e3cb455a6b0e6d2faab,False,
MCR_v1_seq100/121,MCR_v1_seq100,MCR,121,collapse_obligation_ledger,True,False,False,7,Neurofibroma,Pleomorphic adenoma,medium,081dcc4bc673cb664fb43e86e703aeb1d72c63266c754e3cb455a6b0e6d2faab,False,
MCR_v1_seq100/121,MCR_v1_seq100,MCR,121,pairwise_tournament,True,False,False,7,Ectopic lymph node,Lipoma,medium,081dcc4bc673cb664fb43e86e703aeb1d72c63266c754e3cb455a6b0e6d2faab,False,
MCR_v1_seq100/122,MCR_v1_seq100,MCR,122,evidence_count_control,True,False,False,9,Neurofibroma,Malignant Peripheral Nerve Sheath Tumor,low,0835b28b6d791fae39b2d2e039f3a88be6048f831821608bb6cae49e56164ea6,False,
MCR_v1_seq100/122,MCR_v1_seq100,MCR,122,e7_contrast,True,False,False,9,Malignant Peripheral Nerve Sheath Tumor,Malignant triton tumor,medium,0835b28b6d791fae39b2d2e039f3a88be6048f831821608bb6cae49e56164ea6,True,
MCR_v1_seq100/122,MCR_v1_seq100,MCR,122,forest_evidence_integrator,True,False,False,9,Malignant Peripheral Nerve Sheath Tumor,,high,0835b28b6d791fae39b2d2e039f3a88be6048f831821608bb6cae49e56164ea6,False,
MCR_v1_seq100/122,MCR_v1_seq100,MCR,122,collapse_obligation_ledger,True,False,False,9,Malignant Peripheral Nerve Sheath Tumor,Neurofibrosarcoma,high,0835b28b6d791fae39b2d2e039f3a88be6048f831821608bb6cae49e56164ea6,False,
MCR_v1_seq100/122,MCR_v1_seq100,MCR,122,pairwise_tournament,True,False,False,9,Malignant Peripheral Nerve Sheath Tumor,Neurofibrosarcoma,high,0835b28b6d791fae39b2d2e039f3a88be6048f831821608bb6cae49e56164ea6,False,
MCR_v1_seq100/123,MCR_v1_seq100,MCR,123,evidence_count_control,True,False,False,6,Ewing's Sarcoma,Osteomyelitis,low,f734f323adaab75bc34c0272a077695bb5eef806bd7b2978b7bdd05bdf3846a3,False,
MCR_v1_seq100/123,MCR_v1_seq100,MCR,123,e7_contrast,True,False,False,6,Chronic recurrent multifocal osteomyelitis,Osteomyelitis,medium,f734f323adaab75bc34c0272a077695bb5eef806bd7b2978b7bdd05bdf3846a3,True,
MCR_v1_seq100/123,MCR_v1_seq100,MCR,123,forest_evidence_integrator,True,False,False,6,Osteomyelitis,Langerhans Cell Histiocytosis,high,f734f323adaab75bc34c0272a077695bb5eef806bd7b2978b7bdd05bdf3846a3,False,
MCR_v1_seq100/123,MCR_v1_seq100,MCR,123,collapse_obligation_ledger,True,False,False,6,Osteomyelitis,Langerhans Cell Histiocytosis,high,f734f323adaab75bc34c0272a077695bb5eef806bd7b2978b7bdd05bdf3846a3,False,
MCR_v1_seq100/123,MCR_v1_seq100,MCR,123,pairwise_tournament,True,False,False,6,Langerhans Cell Histiocytosis,Aneurysmal bone cyst,medium,f734f323adaab75bc34c0272a077695bb5eef806bd7b2978b7bdd05bdf3846a3,False,
MCR_v1_seq100/124,MCR_v1_seq100,MCR,124,evidence_count_control,True,False,False,10,Rhabdomyolysis,Polymyositis,low,56676619eed1b2020cf444e900d1f8b685ab728d7cdb2cb23c877fe5ece5c536,False,
MCR_v1_seq100/124,MCR_v1_seq100,MCR,124,e7_contrast,True,False,False,10,Ibrutinib-associated lymphocytic vasculitis and myositis,Polymyositis,high,56676619eed1b2020cf444e900d1f8b685ab728d7cdb2cb23c877fe5ece5c536,True,
MCR_v1_seq100/124,MCR_v1_seq100,MCR,124,forest_evidence_integrator,True,False,False,10,Ibrutinib-associated lymphocytic vasculitis and myositis,Polymyositis,medium,56676619eed1b2020cf444e900d1f8b685ab728d7cdb2cb23c877fe5ece5c536,False,
MCR_v1_seq100/124,MCR_v1_seq100,MCR,124,collapse_obligation_ledger,True,False,False,10,Sarcoidosis,Polymyositis,medium,56676619eed1b2020cf444e900d1f8b685ab728d7cdb2cb23c877fe5ece5c536,False,
MCR_v1_seq100/124,MCR_v1_seq100,MCR,124,pairwise_tournament,True,False,False,10,Ibrutinib-associated lymphocytic vasculitis and myositis,Polymyositis,medium,56676619eed1b2020cf444e900d1f8b685ab728d7cdb2cb23c877fe5ece5c536,False,
MCR_v1_seq100/126,MCR_v1_seq100,MCR,126,evidence_count_control,True,False,False,10,Sarcoidosis,Leukemia,low,0f311b93f5763027de3821d019a084c8d32883767b05c6ccd1dc2ba87b96b203,False,
MCR_v1_seq100/126,MCR_v1_seq100,MCR,126,e7_contrast,True,False,False,10,Lymphoma,Leukemia,high,0f311b93f5763027de3821d019a084c8d32883767b05c6ccd1dc2ba87b96b203,True,
MCR_v1_seq100/126,MCR_v1_seq100,MCR,126,forest_evidence_integrator,True,False,False,10,Lymphoma,Erdheim-Chester disease,high,0f311b93f5763027de3821d019a084c8d32883767b05c6ccd1dc2ba87b96b203,False,
MCR_v1_seq100/126,MCR_v1_seq100,MCR,126,collapse_obligation_ledger,True,False,False,10,Lymphoma,Erdheim-Chester disease,high,0f311b93f5763027de3821d019a084c8d32883767b05c6ccd1dc2ba87b96b203,False,
MCR_v1_seq100/126,MCR_v1_seq100,MCR,126,pairwise_tournament,True,False,False,10,Lymphoma,Erdheim-Chester disease,high,0f311b93f5763027de3821d019a084c8d32883767b05c6ccd1dc2ba87b96b203,False,
MCR_v1_seq100/15,MCR_v1_seq100,MCR,15,evidence_count_control,True,False,False,10,Congenital Lingual Hamartoma,Congenital Granular Cell Tumor,low,c4b637aa1694016c5783e0e30f65a51721231405d46b1a5bbe3e2da417cf7a22,False,
MCR_v1_seq100/15,MCR_v1_seq100,MCR,15,e7_contrast,True,False,False,10,Congenital Lingual Hamartoma,Congenital lipoma,high,c4b637aa1694016c5783e0e30f65a51721231405d46b1a5bbe3e2da417cf7a22,True,
MCR_v1_seq100/15,MCR_v1_seq100,MCR,15,forest_evidence_integrator,True,False,False,10,Congenital Lingual Hamartoma,Congenital lipoma,high,c4b637aa1694016c5783e0e30f65a51721231405d46b1a5bbe3e2da417cf7a22,False,
MCR_v1_seq100/15,MCR_v1_seq100,MCR,15,collapse_obligation_ledger,True,False,False,10,Congenital Lingual Hamartoma,Dermoid Cyst of the Tongue,high,c4b637aa1694016c5783e0e30f65a51721231405d46b1a5bbe3e2da417cf7a22,False,
MCR_v1_seq100/15,MCR_v1_seq100,MCR,15,pairwise_tournament,True,False,False,10,Congenital Lingual Hamartoma,Dermoid Cyst of the Tongue,high,c4b637aa1694016c5783e0e30f65a51721231405d46b1a5bbe3e2da417cf7a22,False,
MCR_v1_seq100/16,MCR_v1_seq100,MCR,16,evidence_count_control,True,False,False,10,Urethral Stenosis,Secondary amyloidosis,low,f502dd6ccdcdd76c5e3a2a8052de699a99747207c03796d8608a5348094fd478,False,
MCR_v1_seq100/16,MCR_v1_seq100,MCR,16,e7_contrast,True,False,False,10,Localized amyloidosis of the urethra,Primary Amyloidosis of the Urethra,medium,f502dd6ccdcdd76c5e3a2a8052de699a99747207c03796d8608a5348094fd478,True,
MCR_v1_seq100/16,MCR_v1_seq100,MCR,16,forest_evidence_integrator,True,False,False,10,Primary Amyloidosis of the Urethra,Localized amyloidosis of the urethra,high,f502dd6ccdcdd76c5e3a2a8052de699a99747207c03796d8608a5348094fd478,False,
MCR_v1_seq100/16,MCR_v1_seq100,MCR,16,collapse_obligation_ledger,True,False,False,10,Localized amyloidosis of the urethra,Primary Amyloidosis of the Urethra,low,f502dd6ccdcdd76c5e3a2a8052de699a99747207c03796d8608a5348094fd478,False,
MCR_v1_seq100/16,MCR_v1_seq100,MCR,16,pairwise_tournament,True,False,False,10,Localized amyloidosis of the urethra,Primary Amyloidosis of the Urethra,low,f502dd6ccdcdd76c5e3a2a8052de699a99747207c03796d8608a5348094fd478,False,
MCR_v1_seq100/18,MCR_v1_seq100,MCR,18,evidence_count_control,True,False,False,9,Cardiac tamponade,Pericardial cyst,low,40df0bca754da65eca79fad0fb92f6077c6be2059626a9efcda37e79a136cf38,False,
MCR_v1_seq100/18,MCR_v1_seq100,MCR,18,e7_contrast,True,False,False,9,Cardiac Lymphoma,Cardiac metastasis,medium,40df0bca754da65eca79fad0fb92f6077c6be2059626a9efcda37e79a136cf38,True,
MCR_v1_seq100/18,MCR_v1_seq100,MCR,18,forest_evidence_integrator,True,False,False,9,Left atrial myxoma,Cardiac metastasis,medium,40df0bca754da65eca79fad0fb92f6077c6be2059626a9efcda37e79a136cf38,False,
MCR_v1_seq100/18,MCR_v1_seq100,MCR,18,collapse_obligation_ledger,True,False,False,9,Cardiac Lymphoma,Cardiac metastasis,high,40df0bca754da65eca79fad0fb92f6077c6be2059626a9efcda37e79a136cf38,False,
MCR_v1_seq100/18,MCR_v1_seq100,MCR,18,pairwise_tournament,True,False,False,9,Left atrial myxoma,Cardiac Lymphoma,medium,40df0bca754da65eca79fad0fb92f6077c6be2059626a9efcda37e79a136cf38,False,
MCR_v1_seq100/19,MCR_v1_seq100,MCR,19,evidence_count_control,True,True,False,10,Meningioma,Sarcoma,low,bcdc321965adf42fa6fac5e05c89fba81abdc68c5130c5cda8fcb9b0b0f3acec,False,
MCR_v1_seq100/19,MCR_v1_seq100,MCR,19,e7_contrast,True,True,True,10,Leiomyosarcoma,Malignant solitary fibrous tumor,high,bcdc321965adf42fa6fac5e05c89fba81abdc68c5130c5cda8fcb9b0b0f3acec,True,
MCR_v1_seq100/19,MCR_v1_seq100,MCR,19,forest_evidence_integrator,True,True,True,10,Leiomyosarcoma,Sarcomatoid meningioma,medium,bcdc321965adf42fa6fac5e05c89fba81abdc68c5130c5cda8fcb9b0b0f3acec,False,
MCR_v1_seq100/19,MCR_v1_seq100,MCR,19,collapse_obligation_ledger,True,True,True,10,Leiomyosarcoma,Sarcomatoid meningioma,high,bcdc321965adf42fa6fac5e05c89fba81abdc68c5130c5cda8fcb9b0b0f3acec,False,
MCR_v1_seq100/19,MCR_v1_seq100,MCR,19,pairwise_tournament,True,True,True,10,Leiomyosarcoma,Sarcomatoid meningioma,high,bcdc321965adf42fa6fac5e05c89fba81abdc68c5130c5cda8fcb9b0b0f3acec,False,
MCR_v1_seq100/20,MCR_v1_seq100,MCR,20,evidence_count_control,True,False,False,10,Hyporeninemic Hypoaldosteronism,Serositis,low,c9e7ef1d3d3f0a5579856e5cbcec9b6967fb3f7ed6c5b71da253607b7a08426c,False,
MCR_v1_seq100/20,MCR_v1_seq100,MCR,20,e7_contrast,True,False,False,10,Systemic Lupus Erythematosus,Hyporeninemic Hypoaldosteronism,high,c9e7ef1d3d3f0a5579856e5cbcec9b6967fb3f7ed6c5b71da253607b7a08426c,True,
MCR_v1_seq100/20,MCR_v1_seq100,MCR,20,forest_evidence_integrator,True,False,False,10,Systemic Lupus Erythematosus,Lupus Nephritis,high,c9e7ef1d3d3f0a5579856e5cbcec9b6967fb3f7ed6c5b71da253607b7a08426c,False,
MCR_v1_seq100/20,MCR_v1_seq100,MCR,20,collapse_obligation_ledger,True,False,False,10,Systemic Lupus Erythematosus,Lupus Nephritis,high,c9e7ef1d3d3f0a5579856e5cbcec9b6967fb3f7ed6c5b71da253607b7a08426c,False,
MCR_v1_seq100/20,MCR_v1_seq100,MCR,20,pairwise_tournament,True,False,False,10,Systemic Lupus Erythematosus,Lupus Nephritis,high,c9e7ef1d3d3f0a5579856e5cbcec9b6967fb3f7ed6c5b71da253607b7a08426c,False,
MCR_v1_seq100/22,MCR_v1_seq100,MCR,22,evidence_count_control,True,True,True,9,Adenomatoid tumor,Epididymal tumor,low,fceb7b107a582343de6c0d4fa8250aa2f9b4645480b9d33ff8d7791aeeb5e2df,False,
MCR_v1_seq100/22,MCR_v1_seq100,MCR,22,e7_contrast,True,True,True,9,Adenomatoid tumor,Epididymal tumor,high,fceb7b107a582343de6c0d4fa8250aa2f9b4645480b9d33ff8d7791aeeb5e2df,True,
MCR_v1_seq100/22,MCR_v1_seq100,MCR,22,forest_evidence_integrator,True,True,True,9,Adenomatoid tumor,Epididymal lipoma,high,fceb7b107a582343de6c0d4fa8250aa2f9b4645480b9d33ff8d7791aeeb5e2df,False,
MCR_v1_seq100/22,MCR_v1_seq100,MCR,22,collapse_obligation_ledger,True,True,True,9,Adenomatoid tumor,Epididymal tumor,high,fceb7b107a582343de6c0d4fa8250aa2f9b4645480b9d33ff8d7791aeeb5e2df,False,
MCR_v1_seq100/22,MCR_v1_seq100,MCR,22,pairwise_tournament,True,True,True,9,Adenomatoid tumor,Epididymal tumor,high,fceb7b107a582343de6c0d4fa8250aa2f9b4645480b9d33ff8d7791aeeb5e2df,False,
MCR_v1_seq100/27,MCR_v1_seq100,MCR,27,evidence_count_control,True,False,False,10,Meigs syndrome,Uterine Fibroids,low,8cf07bd9a68dbed1e403181708dbd8948788d562958a236a5febbe39333158c3,False,
MCR_v1_seq100/27,MCR_v1_seq100,MCR,27,e7_contrast,True,False,False,10,Malignant Ovarian Tumor,Ovarian cystadenoma,high,8cf07bd9a68dbed1e403181708dbd8948788d562958a236a5febbe39333158c3,True,
MCR_v1_seq100/27,MCR_v1_seq100,MCR,27,forest_evidence_integrator,True,False,False,10,Klippel-Trenaunay-Weber syndrome,Malignant Ovarian Tumor,high,8cf07bd9a68dbed1e403181708dbd8948788d562958a236a5febbe39333158c3,False,
MCR_v1_seq100/27,MCR_v1_seq100,MCR,27,collapse_obligation_ledger,True,False,False,10,Klippel-Trenaunay-Weber syndrome,lymphangioma,high,8cf07bd9a68dbed1e403181708dbd8948788d562958a236a5febbe39333158c3,False,
MCR_v1_seq100/27,MCR_v1_seq100,MCR,27,pairwise_tournament,True,False,False,10,Klippel-Trenaunay-Weber syndrome,Ovarian fibroma,high,8cf07bd9a68dbed1e403181708dbd8948788d562958a236a5febbe39333158c3,False,
MCR_v1_seq100/28,MCR_v1_seq100,MCR,28,evidence_count_control,True,True,False,10,Acute generalized exanthematous pustulosis,Drug-induced Stevens-Johnson syndrome,low,2a55b71bbe49ae25b504c74dd9531dfad060fccba1bb5008aa4ce94fc566326a,False,
MCR_v1_seq100/28,MCR_v1_seq100,MCR,28,e7_contrast,True,True,False,10,DRESS syndrome,Drug-induced Stevens-Johnson syndrome,medium,2a55b71bbe49ae25b504c74dd9531dfad060fccba1bb5008aa4ce94fc566326a,True,
MCR_v1_seq100/28,MCR_v1_seq100,MCR,28,forest_evidence_integrator,True,True,False,10,DRESS syndrome,Drug-induced Stevens-Johnson syndrome,medium,2a55b71bbe49ae25b504c74dd9531dfad060fccba1bb5008aa4ce94fc566326a,False,
MCR_v1_seq100/28,MCR_v1_seq100,MCR,28,collapse_obligation_ledger,True,True,False,10,DRESS syndrome,Drug-induced Stevens-Johnson syndrome,high,2a55b71bbe49ae25b504c74dd9531dfad060fccba1bb5008aa4ce94fc566326a,False,
MCR_v1_seq100/28,MCR_v1_seq100,MCR,28,pairwise_tournament,True,True,False,10,Drug-induced Stevens-Johnson syndrome,DRESS syndrome,medium,2a55b71bbe49ae25b504c74dd9531dfad060fccba1bb5008aa4ce94fc566326a,False,
MCR_v1_seq100/29,MCR_v1_seq100,MCR,29,evidence_count_control,True,False,False,9,Lewy body dementia,Corticobasal syndrome,low,fb8e1ece72470694b1efafe40d8445abeeaa8c30fcab1b9ba516159999836f62,False,
MCR_v1_seq100/29,MCR_v1_seq100,MCR,29,e7_contrast,True,False,False,9,Autoimmune encephalitis,Creutzfeldt-Jakob disease,high,fb8e1ece72470694b1efafe40d8445abeeaa8c30fcab1b9ba516159999836f62,True,
MCR_v1_seq100/29,MCR_v1_seq100,MCR,29,forest_evidence_integrator,True,False,False,9,Autoimmune encephalitis,Creutzfeldt-Jakob disease,high,fb8e1ece72470694b1efafe40d8445abeeaa8c30fcab1b9ba516159999836f62,False,
MCR_v1_seq100/29,MCR_v1_seq100,MCR,29,collapse_obligation_ledger,True,False,False,9,Autoimmune encephalitis,Creutzfeldt-Jakob disease,high,fb8e1ece72470694b1efafe40d8445abeeaa8c30fcab1b9ba516159999836f62,False,
MCR_v1_seq100/29,MCR_v1_seq100,MCR,29,pairwise_tournament,True,False,False,9,Autoimmune encephalitis,Creutzfeldt-Jakob disease,high,fb8e1ece72470694b1efafe40d8445abeeaa8c30fcab1b9ba516159999836f62,False,
MCR_v1_seq100/30,MCR_v1_seq100,MCR,30,evidence_count_control,True,False,False,7,Autoimmune enteropathy,Peutz-Jeghers Syndrome,low,6a1552a1228f7d6fbea4352eb4d419cd9956ede24acd2ae005505f94bd807d1b,False,
MCR_v1_seq100/30,MCR_v1_seq100,MCR,30,e7_contrast,True,False,False,7,Peutz-Jeghers Syndrome,Juvenile Polyposis Syndrome,high,6a1552a1228f7d6fbea4352eb4d419cd9956ede24acd2ae005505f94bd807d1b,True,
MCR_v1_seq100/30,MCR_v1_seq100,MCR,30,forest_evidence_integrator,True,False,False,7,Peutz-Jeghers Syndrome,Juvenile Polyposis Syndrome,high,6a1552a1228f7d6fbea4352eb4d419cd9956ede24acd2ae005505f94bd807d1b,False,
MCR_v1_seq100/30,MCR_v1_seq100,MCR,30,collapse_obligation_ledger,True,False,False,7,Peutz-Jeghers Syndrome,Juvenile Polyposis Syndrome,high,6a1552a1228f7d6fbea4352eb4d419cd9956ede24acd2ae005505f94bd807d1b,False,
MCR_v1_seq100/30,MCR_v1_seq100,MCR,30,pairwise_tournament,True,False,False,7,Peutz-Jeghers Syndrome,Juvenile Polyposis Syndrome,high,6a1552a1228f7d6fbea4352eb4d419cd9956ede24acd2ae005505f94bd807d1b,False,
MCR_v1_seq100/40,MCR_v1_seq100,MCR,40,evidence_count_control,True,False,False,10,Hepatocellular carcinoma with extrahepatic metastasis,Soft tissue sarcoma,low,441b1eb1c61b1e81a2518cf6923822cf287a98a3959baf060b31a8883fa29dc1,False,
MCR_v1_seq100/40,MCR_v1_seq100,MCR,40,e7_contrast,True,False,False,10,Hepatocellular carcinoma with extrahepatic metastasis,Soft tissue sarcoma,high,441b1eb1c61b1e81a2518cf6923822cf287a98a3959baf060b31a8883fa29dc1,True,
MCR_v1_seq100/40,MCR_v1_seq100,MCR,40,forest_evidence_integrator,True,False,False,10,Hepatocellular carcinoma with extrahepatic metastasis,Soft tissue sarcoma,high,441b1eb1c61b1e81a2518cf6923822cf287a98a3959baf060b31a8883fa29dc1,False,
MCR_v1_seq100/40,MCR_v1_seq100,MCR,40,collapse_obligation_ledger,True,False,False,10,Hepatocellular carcinoma with extrahepatic metastasis,Hepatocellular carcinoma metastasis,high,441b1eb1c61b1e81a2518cf6923822cf287a98a3959baf060b31a8883fa29dc1,False,
MCR_v1_seq100/40,MCR_v1_seq100,MCR,40,pairwise_tournament,True,False,False,10,Hepatocellular carcinoma with extrahepatic metastasis,Hepatocellular carcinoma metastasis,high,441b1eb1c61b1e81a2518cf6923822cf287a98a3959baf060b31a8883fa29dc1,False,
MCR_v1_seq100/43,MCR_v1_seq100,MCR,43,evidence_count_control,True,False,False,10,Tuberculosis,Pott's disease,low,ef15b83d21662648b11dcdbdf6e6f5c1e7a7ddf22f6ea46c816be3517206e95b,False,
MCR_v1_seq100/43,MCR_v1_seq100,MCR,43,e7_contrast,True,False,False,10,Tuberculosis,Pott's disease,high,ef15b83d21662648b11dcdbdf6e6f5c1e7a7ddf22f6ea46c816be3517206e95b,True,
MCR_v1_seq100/43,MCR_v1_seq100,MCR,43,forest_evidence_integrator,True,False,False,10,Tuberculosis,Pott's disease,high,ef15b83d21662648b11dcdbdf6e6f5c1e7a7ddf22f6ea46c816be3517206e95b,False,
MCR_v1_seq100/43,MCR_v1_seq100,MCR,43,collapse_obligation_ledger,True,False,False,10,Tuberculosis,Pott's disease,high,ef15b83d21662648b11dcdbdf6e6f5c1e7a7ddf22f6ea46c816be3517206e95b,False,
MCR_v1_seq100/43,MCR_v1_seq100,MCR,43,pairwise_tournament,True,False,False,10,Tuberculosis,Pott's disease,high,ef15b83d21662648b11dcdbdf6e6f5c1e7a7ddf22f6ea46c816be3517206e95b,False,
MCR_v1_seq100/44,MCR_v1_seq100,MCR,44,evidence_count_control,True,False,False,9,Surgical site infection,Pacemaker pocket infection,low,b4f2e8c09262cbc6092549145d1e704f4aa7d5357997c6165e10a2978047967e,False,
MCR_v1_seq100/44,MCR_v1_seq100,MCR,44,e7_contrast,True,False,False,9,Pacemaker pocket infection,Staphylococcal biofilm infection,high,b4f2e8c09262cbc6092549145d1e704f4aa7d5357997c6165e10a2978047967e,True,
MCR_v1_seq100/44,MCR_v1_seq100,MCR,44,forest_evidence_integrator,True,False,False,9,Pacemaker pocket infection,Staphylococcal biofilm infection,high,b4f2e8c09262cbc6092549145d1e704f4aa7d5357997c6165e10a2978047967e,False,
MCR_v1_seq100/44,MCR_v1_seq100,MCR,44,collapse_obligation_ledger,True,False,False,9,Pacemaker pocket infection,Staphylococcal biofilm infection,high,b4f2e8c09262cbc6092549145d1e704f4aa7d5357997c6165e10a2978047967e,False,
MCR_v1_seq100/44,MCR_v1_seq100,MCR,44,pairwise_tournament,True,False,False,9,Pacemaker pocket infection,Device-related infection,high,b4f2e8c09262cbc6092549145d1e704f4aa7d5357997c6165e10a2978047967e,False,
MCR_v1_seq100/45,MCR_v1_seq100,MCR,45,evidence_count_control,True,False,False,8,Idiopathic orbital inflammatory disease,Necrobiotic xanthogranuloma,low,2c1177ed46963babbc0137227cf33501833070fa90d91279f6a057726655036a,False,
MCR_v1_seq100/45,MCR_v1_seq100,MCR,45,e7_contrast,True,False,False,8,Necrobiotic xanthogranuloma,Periocular granuloma annulare,high,2c1177ed46963babbc0137227cf33501833070fa90d91279f6a057726655036a,True,
MCR_v1_seq100/45,MCR_v1_seq100,MCR,45,forest_evidence_integrator,True,False,False,8,Necrobiotic xanthogranuloma,Periocular granuloma annulare,high,2c1177ed46963babbc0137227cf33501833070fa90d91279f6a057726655036a,False,
MCR_v1_seq100/45,MCR_v1_seq100,MCR,45,collapse_obligation_ledger,True,False,False,8,Necrobiotic xanthogranuloma,Periocular granuloma annulare,high,2c1177ed46963babbc0137227cf33501833070fa90d91279f6a057726655036a,False,
MCR_v1_seq100/45,MCR_v1_seq100,MCR,45,pairwise_tournament,True,False,False,8,Periocular granuloma annulare,Necrobiotic xanthogranuloma,high,2c1177ed46963babbc0137227cf33501833070fa90d91279f6a057726655036a,False,
MCR_v1_seq100/5,MCR_v1_seq100,MCR,5,evidence_count_control,True,False,False,10,Primary Central Nervous System Lymphoma,Progressive Multifocal Leukoencephalopathy,low,755a5d5e829f407269cd2ab422721c47b524f64ccfaa90f838fbe2b395a4c2f6,False,
MCR_v1_seq100/5,MCR_v1_seq100,MCR,5,e7_contrast,True,False,False,10,Primary Central Nervous System Lymphoma,Glioblastoma,high,755a5d5e829f407269cd2ab422721c47b524f64ccfaa90f838fbe2b395a4c2f6,True,
MCR_v1_seq100/5,MCR_v1_seq100,MCR,5,forest_evidence_integrator,True,False,False,10,Primary Central Nervous System Lymphoma,Glioblastoma,high,755a5d5e829f407269cd2ab422721c47b524f64ccfaa90f838fbe2b395a4c2f6,False,
MCR_v1_seq100/5,MCR_v1_seq100,MCR,5,collapse_obligation_ledger,True,False,False,10,Primary Central Nervous System Lymphoma,Glioblastoma,high,755a5d5e829f407269cd2ab422721c47b524f64ccfaa90f838fbe2b395a4c2f6,False,
MCR_v1_seq100/5,MCR_v1_seq100,MCR,5,pairwise_tournament,True,False,False,10,Glioblastoma,Primary Central Nervous System Lymphoma,medium,755a5d5e829f407269cd2ab422721c47b524f64ccfaa90f838fbe2b395a4c2f6,False,
MCR_v1_seq100/50,MCR_v1_seq100,MCR,50,evidence_count_control,True,True,True,9,Gastrointestinal Clear Cell Sarcoma,Malignant peripheral nerve sheath tumor,low,6cd9cec91906eeb18136c400b0fa9d83a49b7c3ca61f05865914497ddf13589c,False,
MCR_v1_seq100/50,MCR_v1_seq100,MCR,50,e7_contrast,True,True,True,9,Gastrointestinal Clear Cell Sarcoma,Malignant peripheral nerve sheath tumor,high,6cd9cec91906eeb18136c400b0fa9d83a49b7c3ca61f05865914497ddf13589c,True,
MCR_v1_seq100/50,MCR_v1_seq100,MCR,50,forest_evidence_integrator,True,True,True,9,Gastrointestinal Clear Cell Sarcoma,Malignant peripheral nerve sheath tumor,high,6cd9cec91906eeb18136c400b0fa9d83a49b7c3ca61f05865914497ddf13589c,False,
MCR_v1_seq100/50,MCR_v1_seq100,MCR,50,collapse_obligation_ledger,True,True,True,9,Gastrointestinal Clear Cell Sarcoma,Malignant peripheral nerve sheath tumor,high,6cd9cec91906eeb18136c400b0fa9d83a49b7c3ca61f05865914497ddf13589c,False,
MCR_v1_seq100/50,MCR_v1_seq100,MCR,50,pairwise_tournament,True,True,True,9,Gastrointestinal Clear Cell Sarcoma,Clear cell sarcoma,high,6cd9cec91906eeb18136c400b0fa9d83a49b7c3ca61f05865914497ddf13589c,False,
MCR_v1_seq100/52,MCR_v1_seq100,MCR,52,evidence_count_control,True,True,True,10,Livedoid vasculopathy,Vasculitis,low,8a65d17eaea62b7e798616f0d4401a7a3eb5f98ccf5c05d08e931199dd27cb39,False,
MCR_v1_seq100/52,MCR_v1_seq100,MCR,52,e7_contrast,True,True,True,10,Livedoid vasculopathy,Antiphospholipid Syndrome,high,8a65d17eaea62b7e798616f0d4401a7a3eb5f98ccf5c05d08e931199dd27cb39,True,
MCR_v1_seq100/52,MCR_v1_seq100,MCR,52,forest_evidence_integrator,True,True,True,10,Livedoid vasculopathy,Antiphospholipid Syndrome,high,8a65d17eaea62b7e798616f0d4401a7a3eb5f98ccf5c05d08e931199dd27cb39,False,
MCR_v1_seq100/52,MCR_v1_seq100,MCR,52,collapse_obligation_ledger,True,True,True,10,Livedoid vasculopathy,Antiphospholipid Syndrome,high,8a65d17eaea62b7e798616f0d4401a7a3eb5f98ccf5c05d08e931199dd27cb39,False,
MCR_v1_seq100/52,MCR_v1_seq100,MCR,52,pairwise_tournament,True,True,True,10,Livedoid vasculopathy,Antiphospholipid Syndrome,high,8a65d17eaea62b7e798616f0d4401a7a3eb5f98ccf5c05d08e931199dd27cb39,False,
MCR_v1_seq100/53,MCR_v1_seq100,MCR,53,evidence_count_control,True,False,False,7,Cardiac Myxoma,Papillary Fibroelastoma,low,e599b96d0c994afeb9013105a9fe57d463430f76d575e4c34d3c5015712553c4,False,
MCR_v1_seq100/53,MCR_v1_seq100,MCR,53,e7_contrast,True,False,False,7,Cardiac Myxoma,Papillary Fibroelastoma,high,e599b96d0c994afeb9013105a9fe57d463430f76d575e4c34d3c5015712553c4,True,
MCR_v1_seq100/53,MCR_v1_seq100,MCR,53,forest_evidence_integrator,True,False,False,7,Cardiac Myxoma,Papillary Fibroelastoma,high,e599b96d0c994afeb9013105a9fe57d463430f76d575e4c34d3c5015712553c4,False,
MCR_v1_seq100/53,MCR_v1_seq100,MCR,53,collapse_obligation_ledger,True,False,False,7,Cardiac Myxoma,Papillary Fibroelastoma,high,e599b96d0c994afeb9013105a9fe57d463430f76d575e4c34d3c5015712553c4,False,
MCR_v1_seq100/53,MCR_v1_seq100,MCR,53,pairwise_tournament,True,False,False,7,Cardiac Myxoma,Left ventricular myxoma,high,e599b96d0c994afeb9013105a9fe57d463430f76d575e4c34d3c5015712553c4,False,
MCR_v1_seq100/56,MCR_v1_seq100,MCR,56,evidence_count_control,True,False,False,10,Malignant fibrous histiocytoma,Sarcomatoid carcinoma,low,34663bcd618cbdda608ecfbe93456981d356fbbdd27fbada9489143cf6f95801,False,
MCR_v1_seq100/56,MCR_v1_seq100,MCR,56,e7_contrast,True,False,False,10,Undifferentiated pleomorphic sarcoma,Postradiation Sarcoma,medium,34663bcd618cbdda608ecfbe93456981d356fbbdd27fbada9489143cf6f95801,False,
MCR_v1_seq100/56,MCR_v1_seq100,MCR,56,forest_evidence_integrator,True,False,False,10,Postradiation Sarcoma,Undifferentiated pleomorphic sarcoma,high,34663bcd618cbdda608ecfbe93456981d356fbbdd27fbada9489143cf6f95801,False,
MCR_v1_seq100/56,MCR_v1_seq100,MCR,56,collapse_obligation_ledger,True,False,False,10,Postradiation Sarcoma,Undifferentiated pleomorphic sarcoma,high,34663bcd618cbdda608ecfbe93456981d356fbbdd27fbada9489143cf6f95801,False,
MCR_v1_seq100/56,MCR_v1_seq100,MCR,56,pairwise_tournament,True,False,False,10,Postradiation Sarcoma,Undifferentiated pleomorphic sarcoma,high,34663bcd618cbdda608ecfbe93456981d356fbbdd27fbada9489143cf6f95801,False,
MCR_v1_seq100/58,MCR_v1_seq100,MCR,58,evidence_count_control,True,False,False,10,Testicular cancer,Testicular tumor,low,c8e40866c919697d84cae09fe97ca99b34a8fb08a3d4e02f7136edf9caad5201,False,
MCR_v1_seq100/58,MCR_v1_seq100,MCR,58,e7_contrast,True,False,False,10,Testicular cancer,Seminoma,low,c8e40866c919697d84cae09fe97ca99b34a8fb08a3d4e02f7136edf9caad5201,True,
MCR_v1_seq100/58,MCR_v1_seq100,MCR,58,forest_evidence_integrator,True,False,False,10,Testicular teratoma,Seminoma,medium,c8e40866c919697d84cae09fe97ca99b34a8fb08a3d4e02f7136edf9caad5201,False,
MCR_v1_seq100/58,MCR_v1_seq100,MCR,58,collapse_obligation_ledger,True,False,False,10,Testicular teratoma,Non-seminomatous germ cell tumor,high,c8e40866c919697d84cae09fe97ca99b34a8fb08a3d4e02f7136edf9caad5201,False,
MCR_v1_seq100/58,MCR_v1_seq100,MCR,58,pairwise_tournament,True,False,False,10,Leydig cell tumor,Testicular teratoma,medium,c8e40866c919697d84cae09fe97ca99b34a8fb08a3d4e02f7136edf9caad5201,False,
MCR_v1_seq100/6,MCR_v1_seq100,MCR,6,evidence_count_control,True,False,False,10,Acanthamoeba keratitis,Fungal keratitis,low,d95f09c077f6aa167cbc9ecee52ec7b7996e1455fdefdc588923e7359a5b668c,False,
MCR_v1_seq100/6,MCR_v1_seq100,MCR,6,e7_contrast,True,False,False,10,Immune-mediated keratitis,Ocular Thaumetopoea pityocampa infection,medium,d95f09c077f6aa167cbc9ecee52ec7b7996e1455fdefdc588923e7359a5b668c,True,
MCR_v1_seq100/6,MCR_v1_seq100,MCR,6,forest_evidence_integrator,True,False,False,10,Fungal keratitis,Aspergillus keratitis,medium,d95f09c077f6aa167cbc9ecee52ec7b7996e1455fdefdc588923e7359a5b668c,False,
MCR_v1_seq100/6,MCR_v1_seq100,MCR,6,collapse_obligation_ledger,True,False,False,10,Ocular Thaumetopoea pityocampa infection,Fungal keratitis,high,d95f09c077f6aa167cbc9ecee52ec7b7996e1455fdefdc588923e7359a5b668c,False,
MCR_v1_seq100/6,MCR_v1_seq100,MCR,6,pairwise_tournament,True,False,False,10,Fungal keratitis,Ocular Thaumetopoea pityocampa infection,high,d95f09c077f6aa167cbc9ecee52ec7b7996e1455fdefdc588923e7359a5b668c,False,
MCR_v1_seq100/60,MCR_v1_seq100,MCR,60,evidence_count_control,True,True,True,10,Polymyalgia rheumatica,Sepsis,low,5c871ec421d13b42664feec9900c822522502a6c37761585e494d663c4cc33e0,False,
MCR_v1_seq100/60,MCR_v1_seq100,MCR,60,e7_contrast,True,True,False,10,Iliopsoas tendinopathy,Idiopathic inflammatory psoas muscle disease,high,5c871ec421d13b42664feec9900c822522502a6c37761585e494d663c4cc33e0,True,
MCR_v1_seq100/60,MCR_v1_seq100,MCR,60,forest_evidence_integrator,True,True,True,10,Polymyalgia rheumatica,Idiopathic inflammatory psoas muscle disease,high,5c871ec421d13b42664feec9900c822522502a6c37761585e494d663c4cc33e0,False,
MCR_v1_seq100/60,MCR_v1_seq100,MCR,60,collapse_obligation_ledger,True,True,False,10,Iliopsoas tendinopathy,Iliopsoas bursitis or tendinopathy,high,5c871ec421d13b42664feec9900c822522502a6c37761585e494d663c4cc33e0,False,
MCR_v1_seq100/60,MCR_v1_seq100,MCR,60,pairwise_tournament,True,True,True,10,Polymyalgia rheumatica,Idiopathic inflammatory psoas muscle disease,medium,5c871ec421d13b42664feec9900c822522502a6c37761585e494d663c4cc33e0,False,
MCR_v1_seq100/64,MCR_v1_seq100,MCR,64,evidence_count_control,True,False,False,10,Sepsis,Appendicitis,low,9b31a5d4f2d977dbe9d6f783bc4e41c784ccc46356c3ef0b85201bb40ab2f91c,False,
MCR_v1_seq100/64,MCR_v1_seq100,MCR,64,e7_contrast,True,False,False,10,Lymphoma,Colorectal Cancer,medium,9b31a5d4f2d977dbe9d6f783bc4e41c784ccc46356c3ef0b85201bb40ab2f91c,True,
MCR_v1_seq100/64,MCR_v1_seq100,MCR,64,forest_evidence_integrator,True,False,False,10,Lymphoma,Colorectal Cancer,high,9b31a5d4f2d977dbe9d6f783bc4e41c784ccc46356c3ef0b85201bb40ab2f91c,False,
MCR_v1_seq100/64,MCR_v1_seq100,MCR,64,collapse_obligation_ledger,True,False,False,10,Colorectal Cancer,Lymphoma,high,9b31a5d4f2d977dbe9d6f783bc4e41c784ccc46356c3ef0b85201bb40ab2f91c,False,
MCR_v1_seq100/64,MCR_v1_seq100,MCR,64,pairwise_tournament,True,False,False,10,Lymphoma,Colorectal Cancer,high,9b31a5d4f2d977dbe9d6f783bc4e41c784ccc46356c3ef0b85201bb40ab2f91c,False,
MCR_v1_seq100/65,MCR_v1_seq100,MCR,65,evidence_count_control,True,False,False,10,Refractory cytopenia with multilineage dysplasia,Myelodysplastic syndrome,low,ef5ba902f2b7b80152a350212073112585e2bbea63803843c3055ed5063d563b,False,
MCR_v1_seq100/65,MCR_v1_seq100,MCR,65,e7_contrast,True,False,False,10,Hematopoietic neoplasm with eosinophilia,Refractory cytopenia with multilineage dysplasia,high,ef5ba902f2b7b80152a350212073112585e2bbea63803843c3055ed5063d563b,True,
MCR_v1_seq100/65,MCR_v1_seq100,MCR,65,forest_evidence_integrator,True,False,False,10,Refractory cytopenia with multilineage dysplasia,Myelodysplastic syndrome,high,ef5ba902f2b7b80152a350212073112585e2bbea63803843c3055ed5063d563b,False,
MCR_v1_seq100/65,MCR_v1_seq100,MCR,65,collapse_obligation_ledger,True,False,False,10,Refractory cytopenia with multilineage dysplasia,Myelodysplastic syndrome,high,ef5ba902f2b7b80152a350212073112585e2bbea63803843c3055ed5063d563b,False,
MCR_v1_seq100/65,MCR_v1_seq100,MCR,65,pairwise_tournament,True,False,False,10,Refractory cytopenia with multilineage dysplasia,Myelodysplastic syndrome,high,ef5ba902f2b7b80152a350212073112585e2bbea63803843c3055ed5063d563b,False,
MCR_v1_seq100/67,MCR_v1_seq100,MCR,67,evidence_count_control,True,False,False,9,Congenital Lower Lip Palsy,Asymmetric crying face syndrome,low,af083ddd59e04c1d0c15e57b676f2b33a6a8be9a74e6a2846ef577bfa880108b,False,
MCR_v1_seq100/67,MCR_v1_seq100,MCR,67,e7_contrast,True,False,False,9,Congenital unilateral hypoplasia of the depressor anguli oris muscle,Asymmetric crying face syndrome,high,af083ddd59e04c1d0c15e57b676f2b33a6a8be9a74e6a2846ef577bfa880108b,True,
MCR_v1_seq100/67,MCR_v1_seq100,MCR,67,forest_evidence_integrator,True,False,False,9,Congenital unilateral hypoplasia of the depressor anguli oris muscle,Asymmetric crying face syndrome,high,af083ddd59e04c1d0c15e57b676f2b33a6a8be9a74e6a2846ef577bfa880108b,False,
MCR_v1_seq100/67,MCR_v1_seq100,MCR,67,collapse_obligation_ledger,True,False,False,9,Congenital unilateral hypoplasia of the depressor anguli oris muscle,Asymmetric crying face syndrome,low,af083ddd59e04c1d0c15e57b676f2b33a6a8be9a74e6a2846ef577bfa880108b,False,
MCR_v1_seq100/67,MCR_v1_seq100,MCR,67,pairwise_tournament,True,False,False,9,Asymmetric crying face syndrome,Congenital unilateral hypoplasia of the depressor anguli oris muscle,high,af083ddd59e04c1d0c15e57b676f2b33a6a8be9a74e6a2846ef577bfa880108b,False,
MCR_v1_seq100/68,MCR_v1_seq100,MCR,68,evidence_count_control,True,False,False,10,Macrodactyly,Lipomatosis of nerve,low,42a24af19de78bba3189107a0431aee605b7469bbf1afccbb0613778cf6a1d91,False,
MCR_v1_seq100/68,MCR_v1_seq100,MCR,68,e7_contrast,True,False,False,10,Lipofibromatous hamartoma,Lipomatosis of nerve,high,42a24af19de78bba3189107a0431aee605b7469bbf1afccbb0613778cf6a1d91,True,
MCR_v1_seq100/68,MCR_v1_seq100,MCR,68,forest_evidence_integrator,True,False,False,10,Lipomatosis of nerve,Lipofibromatous hamartoma,high,42a24af19de78bba3189107a0431aee605b7469bbf1afccbb0613778cf6a1d91,False,
MCR_v1_seq100/68,MCR_v1_seq100,MCR,68,collapse_obligation_ledger,True,False,False,10,Lipofibromatous hamartoma,Lipomatosis of nerve,high,42a24af19de78bba3189107a0431aee605b7469bbf1afccbb0613778cf6a1d91,False,
MCR_v1_seq100/68,MCR_v1_seq100,MCR,68,pairwise_tournament,True,False,False,10,Lipomatosis of nerve,Lipofibromatous hamartoma,high,42a24af19de78bba3189107a0431aee605b7469bbf1afccbb0613778cf6a1d91,False,
MCR_v1_seq100/69,MCR_v1_seq100,MCR,69,evidence_count_control,True,True,False,10,Gastrointestinal Stromal Tumor (GIST),Peptic ulcer disease,low,1930aa59a9b5036e7ef021fc557e65186fd3655d71fab82e4add967b6ee3689f,False,
MCR_v1_seq100/69,MCR_v1_seq100,MCR,69,e7_contrast,True,True,True,10,Gastric Lipoma,Gastrointestinal Stromal Tumor (GIST),high,1930aa59a9b5036e7ef021fc557e65186fd3655d71fab82e4add967b6ee3689f,True,
MCR_v1_seq100/69,MCR_v1_seq100,MCR,69,forest_evidence_integrator,True,True,True,10,Gastric Lipoma,,high,1930aa59a9b5036e7ef021fc557e65186fd3655d71fab82e4add967b6ee3689f,False,
MCR_v1_seq100/69,MCR_v1_seq100,MCR,69,collapse_obligation_ledger,True,True,True,10,Gastric Lipoma,Lipoma,high,1930aa59a9b5036e7ef021fc557e65186fd3655d71fab82e4add967b6ee3689f,False,
MCR_v1_seq100/69,MCR_v1_seq100,MCR,69,pairwise_tournament,True,True,True,10,Gastric Lipoma,Lipoma,high,1930aa59a9b5036e7ef021fc557e65186fd3655d71fab82e4add967b6ee3689f,False,
MCR_v1_seq100/72,MCR_v1_seq100,MCR,72,evidence_count_control,True,False,False,10,Sarcoidosis,Lymphoma,low,dca55958aa3bc4cb7cef468514f917d11107b82ab6dedd503b707e58aa2107eb,False,
MCR_v1_seq100/72,MCR_v1_seq100,MCR,72,e7_contrast,True,False,False,10,Lymphoma,Castleman disease,medium,dca55958aa3bc4cb7cef468514f917d11107b82ab6dedd503b707e58aa2107eb,True,
MCR_v1_seq100/72,MCR_v1_seq100,MCR,72,forest_evidence_integrator,True,False,False,10,Lymphoma,Ovarian cancer,medium,dca55958aa3bc4cb7cef468514f917d11107b82ab6dedd503b707e58aa2107eb,False,
MCR_v1_seq100/72,MCR_v1_seq100,MCR,72,collapse_obligation_ledger,True,False,False,10,Lymphoma,Multiple myeloma,high,dca55958aa3bc4cb7cef468514f917d11107b82ab6dedd503b707e58aa2107eb,False,
MCR_v1_seq100/72,MCR_v1_seq100,MCR,72,pairwise_tournament,True,False,False,10,Lymphoma,Sarcoidosis,high,dca55958aa3bc4cb7cef468514f917d11107b82ab6dedd503b707e58aa2107eb,False,
MCR_v1_seq100/73,MCR_v1_seq100,MCR,73,evidence_count_control,True,False,False,10,Hemangioblastoma,Metastatic prostate cancer,low,f553bbcd68ec8df984f6f9cf51b66af0f24458f9d37db29d7203f185dff300a1,False,
MCR_v1_seq100/73,MCR_v1_seq100,MCR,73,e7_contrast,True,False,False,10,Cerebellar metastasis from prostate cancer,Hemangioblastoma,high,f553bbcd68ec8df984f6f9cf51b66af0f24458f9d37db29d7203f185dff300a1,True,
MCR_v1_seq100/73,MCR_v1_seq100,MCR,73,forest_evidence_integrator,True,False,False,10,Cerebellar metastasis from prostate cancer,Hemangioblastoma,high,f553bbcd68ec8df984f6f9cf51b66af0f24458f9d37db29d7203f185dff300a1,False,
MCR_v1_seq100/73,MCR_v1_seq100,MCR,73,collapse_obligation_ledger,True,False,False,10,Cerebellar metastasis from prostate cancer,Cerebellar metastasis,high,f553bbcd68ec8df984f6f9cf51b66af0f24458f9d37db29d7203f185dff300a1,False,
MCR_v1_seq100/73,MCR_v1_seq100,MCR,73,pairwise_tournament,True,False,False,10,Cerebellar metastasis from prostate cancer,Cerebellar metastasis,high,f553bbcd68ec8df984f6f9cf51b66af0f24458f9d37db29d7203f185dff300a1,False,
MCR_v1_seq100/74,MCR_v1_seq100,MCR,74,evidence_count_control,True,True,True,7,Catecholaminergic Polymorphic Ventricular Tachycardia,Hypertrophic Cardiomyopathy,low,0c1fb591b1d30ae62d71f2843dcddb9a96561fb160c372df091b7926d9d3a6b2,False,
MCR_v1_seq100/74,MCR_v1_seq100,MCR,74,e7_contrast,True,True,True,7,Catecholaminergic Polymorphic Ventricular Tachycardia,Arrhythmogenic right ventricular cardiomyopathy,medium,0c1fb591b1d30ae62d71f2843dcddb9a96561fb160c372df091b7926d9d3a6b2,True,
MCR_v1_seq100/74,MCR_v1_seq100,MCR,74,forest_evidence_integrator,True,True,True,7,Catecholaminergic Polymorphic Ventricular Tachycardia,Arrhythmogenic right ventricular cardiomyopathy,medium,0c1fb591b1d30ae62d71f2843dcddb9a96561fb160c372df091b7926d9d3a6b2,False,
MCR_v1_seq100/74,MCR_v1_seq100,MCR,74,collapse_obligation_ledger,True,True,True,7,Catecholaminergic Polymorphic Ventricular Tachycardia,Arrhythmogenic right ventricular cardiomyopathy,high,0c1fb591b1d30ae62d71f2843dcddb9a96561fb160c372df091b7926d9d3a6b2,False,
MCR_v1_seq100/74,MCR_v1_seq100,MCR,74,pairwise_tournament,True,True,True,7,Catecholaminergic Polymorphic Ventricular Tachycardia,Arrhythmogenic right ventricular cardiomyopathy,high,0c1fb591b1d30ae62d71f2843dcddb9a96561fb160c372df091b7926d9d3a6b2,False,
MCR_v1_seq100/81,MCR_v1_seq100,MCR,81,evidence_count_control,True,False,False,10,Inflammatory myopathy,Mixed Connective Tissue Disease,low,048b2e924add763df0876223c66ed26a0865217ec840eeab83fd6e093bb5dec3,False,
MCR_v1_seq100/81,MCR_v1_seq100,MCR,81,e7_contrast,True,False,False,10,Thyroiditis-related myopathy,Hashimoto's Thyroiditis with Myositis,medium,048b2e924add763df0876223c66ed26a0865217ec840eeab83fd6e093bb5dec3,True,
MCR_v1_seq100/81,MCR_v1_seq100,MCR,81,forest_evidence_integrator,True,False,False,10,Thyroiditis-related myopathy,Juvenile Idiopathic Arthritis,high,048b2e924add763df0876223c66ed26a0865217ec840eeab83fd6e093bb5dec3,False,
MCR_v1_seq100/81,MCR_v1_seq100,MCR,81,collapse_obligation_ledger,True,False,False,10,Thyroiditis-related myopathy,Hashimoto's Thyroiditis with Myositis,high,048b2e924add763df0876223c66ed26a0865217ec840eeab83fd6e093bb5dec3,False,
MCR_v1_seq100/81,MCR_v1_seq100,MCR,81,pairwise_tournament,True,False,False,10,Thyroiditis-related myopathy,Juvenile Idiopathic Arthritis,high,048b2e924add763df0876223c66ed26a0865217ec840eeab83fd6e093bb5dec3,False,
MCR_v1_seq100/84,MCR_v1_seq100,MCR,84,evidence_count_control,True,False,False,10,Triple-Negative Breast Cancer,Medullary breast cancer,low,735cd539a4230d8295cf7e626acbc235c5ef39cab277d8b22d012da8ca65fdc8,False,
MCR_v1_seq100/84,MCR_v1_seq100,MCR,84,e7_contrast,True,False,False,10,Medullary carcinoma of the breast,Metaplastic breast cancer,high,735cd539a4230d8295cf7e626acbc235c5ef39cab277d8b22d012da8ca65fdc8,True,
MCR_v1_seq100/84,MCR_v1_seq100,MCR,84,forest_evidence_integrator,True,False,False,10,Medullary breast cancer,Triple-Negative Breast Cancer,high,735cd539a4230d8295cf7e626acbc235c5ef39cab277d8b22d012da8ca65fdc8,False,
MCR_v1_seq100/84,MCR_v1_seq100,MCR,84,collapse_obligation_ledger,True,False,False,10,Medullary breast cancer,,high,735cd539a4230d8295cf7e626acbc235c5ef39cab277d8b22d012da8ca65fdc8,False,
MCR_v1_seq100/84,MCR_v1_seq100,MCR,84,pairwise_tournament,True,False,False,10,Medullary breast cancer,Triple-Negative Breast Cancer,high,735cd539a4230d8295cf7e626acbc235c5ef39cab277d8b22d012da8ca65fdc8,False,
MCR_v1_seq100/85,MCR_v1_seq100,MCR,85,evidence_count_control,True,False,False,10,Acute appendicitis,Appendicitis,low,baa456d436009cb43f4d8a4781da801a4937f157d522e064a1f20660a586f5a8,False,
MCR_v1_seq100/85,MCR_v1_seq100,MCR,85,e7_contrast,True,False,False,10,Plastron appendicitis,Acute appendicitis,high,baa456d436009cb43f4d8a4781da801a4937f157d522e064a1f20660a586f5a8,True,
MCR_v1_seq100/85,MCR_v1_seq100,MCR,85,forest_evidence_integrator,True,False,False,10,Acute appendicitis,Plastron appendicitis,high,baa456d436009cb43f4d8a4781da801a4937f157d522e064a1f20660a586f5a8,False,
MCR_v1_seq100/85,MCR_v1_seq100,MCR,85,collapse_obligation_ledger,True,False,False,10,Acute appendicitis,Plastron appendicitis,high,baa456d436009cb43f4d8a4781da801a4937f157d522e064a1f20660a586f5a8,False,
MCR_v1_seq100/85,MCR_v1_seq100,MCR,85,pairwise_tournament,True,False,False,10,Acute appendicitis,Appendicitis,high,baa456d436009cb43f4d8a4781da801a4937f157d522e064a1f20660a586f5a8,False,
MCR_v1_seq100/86,MCR_v1_seq100,MCR,86,evidence_count_control,True,False,False,8,Restless Legs Syndrome,Serotonin Syndrome,low,aeea09321b8e35ba1b54e541a48fd5bd79c929ce67e8bc1fcec94fee7c348138,False,
MCR_v1_seq100/86,MCR_v1_seq100,MCR,86,e7_contrast,True,False,False,8,Restless Legs Syndrome,Akathisia,high,aeea09321b8e35ba1b54e541a48fd5bd79c929ce67e8bc1fcec94fee7c348138,True,
MCR_v1_seq100/86,MCR_v1_seq100,MCR,86,forest_evidence_integrator,True,False,False,8,Restless Legs Syndrome,Akathisia,high,aeea09321b8e35ba1b54e541a48fd5bd79c929ce67e8bc1fcec94fee7c348138,False,
MCR_v1_seq100/86,MCR_v1_seq100,MCR,86,collapse_obligation_ledger,True,False,False,8,Restless Legs Syndrome,Akathisia,high,aeea09321b8e35ba1b54e541a48fd5bd79c929ce67e8bc1fcec94fee7c348138,False,
MCR_v1_seq100/86,MCR_v1_seq100,MCR,86,pairwise_tournament,True,False,False,8,Restless Legs Syndrome,Akathisia,high,aeea09321b8e35ba1b54e541a48fd5bd79c929ce67e8bc1fcec94fee7c348138,False,
MCR_v1_seq100/87,MCR_v1_seq100,MCR,87,evidence_count_control,True,False,False,10,Mucinous cystadenocarcinoma,Intraductal papillary mucinous neoplasm,low,3f9a0b8d37e80ca27e9a664d0fb2fb1d0cd2f6e4a4e466feb11bce74e1b4a90e,False,
MCR_v1_seq100/87,MCR_v1_seq100,MCR,87,e7_contrast,True,False,False,10,Mucinous cystadenocarcinoma of the liver,Biliary cystadenocarcinoma,medium,3f9a0b8d37e80ca27e9a664d0fb2fb1d0cd2f6e4a4e466feb11bce74e1b4a90e,True,
MCR_v1_seq100/87,MCR_v1_seq100,MCR,87,forest_evidence_integrator,True,False,False,10,Mucinous cystadenocarcinoma of the liver,Hepatic sarcoma,high,3f9a0b8d37e80ca27e9a664d0fb2fb1d0cd2f6e4a4e466feb11bce74e1b4a90e,False,
MCR_v1_seq100/87,MCR_v1_seq100,MCR,87,collapse_obligation_ledger,True,False,False,10,Mucinous cystadenocarcinoma of the liver,Mucinous cystadenocarcinoma,high,3f9a0b8d37e80ca27e9a664d0fb2fb1d0cd2f6e4a4e466feb11bce74e1b4a90e,False,
MCR_v1_seq100/87,MCR_v1_seq100,MCR,87,pairwise_tournament,True,False,False,10,Mucinous cystadenocarcinoma of the liver,Hepatic sarcoma,high,3f9a0b8d37e80ca27e9a664d0fb2fb1d0cd2f6e4a4e466feb11bce74e1b4a90e,False,
MCR_v1_seq100/91,MCR_v1_seq100,MCR,91,evidence_count_control,True,True,False,6,Hemangiopericytoma,Solitary fibrous tumor,low,a1a3179fd96e6513d2c93e54ae46b3169a1c907c508cd365abb663eae4bfcf82,False,
MCR_v1_seq100/91,MCR_v1_seq100,MCR,91,e7_contrast,True,True,False,6,Hemangiopericytoma,Solitary fibrous tumor,high,a1a3179fd96e6513d2c93e54ae46b3169a1c907c508cd365abb663eae4bfcf82,True,
MCR_v1_seq100/91,MCR_v1_seq100,MCR,91,forest_evidence_integrator,True,True,False,6,Hemangiopericytoma,Angiosarcoma,high,a1a3179fd96e6513d2c93e54ae46b3169a1c907c508cd365abb663eae4bfcf82,False,
MCR_v1_seq100/91,MCR_v1_seq100,MCR,91,collapse_obligation_ledger,True,True,False,6,Hemangiopericytoma,Solitary fibrous tumor,high,a1a3179fd96e6513d2c93e54ae46b3169a1c907c508cd365abb663eae4bfcf82,False,
MCR_v1_seq100/91,MCR_v1_seq100,MCR,91,pairwise_tournament,True,True,False,6,Hemangiopericytoma,Solitary fibrous tumor,low,a1a3179fd96e6513d2c93e54ae46b3169a1c907c508cd365abb663eae4bfcf82,False,
MCR_v1_seq100/93,MCR_v1_seq100,MCR,93,evidence_count_control,True,False,False,9,Prosthetic Valve Thrombosis,Rheumatic fever,low,18c41e0151da8f0f9425e388ffd690dedc01944a504c1a6bb6ffa1f4eb42d459,False,
MCR_v1_seq100/93,MCR_v1_seq100,MCR,93,e7_contrast,True,False,False,9,Prosthetic Valve Thrombosis,Infective Endocarditis,high,18c41e0151da8f0f9425e388ffd690dedc01944a504c1a6bb6ffa1f4eb42d459,True,
MCR_v1_seq100/93,MCR_v1_seq100,MCR,93,forest_evidence_integrator,True,False,False,9,Infective Endocarditis,Rheumatic fever,medium,18c41e0151da8f0f9425e388ffd690dedc01944a504c1a6bb6ffa1f4eb42d459,False,
MCR_v1_seq100/93,MCR_v1_seq100,MCR,93,collapse_obligation_ledger,True,False,False,9,Infective Endocarditis,Prosthetic Valve Thrombosis,high,18c41e0151da8f0f9425e388ffd690dedc01944a504c1a6bb6ffa1f4eb42d459,False,
MCR_v1_seq100/93,MCR_v1_seq100,MCR,93,pairwise_tournament,True,False,False,9,Poststreptococcal Reactive Arthritis,Prosthetic Valve Thrombosis,medium,18c41e0151da8f0f9425e388ffd690dedc01944a504c1a6bb6ffa1f4eb42d459,False,
MCR_v1_seq100/94,MCR_v1_seq100,MCR,94,evidence_count_control,True,False,False,8,Branchial cleft cyst,Thyroglossal duct cyst,low,234994a1d3d8e176836c9c737eca34a63fd63e8aa16b78adcfa38df704a03bdb,False,
MCR_v1_seq100/94,MCR_v1_seq100,MCR,94,e7_contrast,True,False,False,8,Branchial cleft cyst,Lymphangioma,high,234994a1d3d8e176836c9c737eca34a63fd63e8aa16b78adcfa38df704a03bdb,True,
MCR_v1_seq100/94,MCR_v1_seq100,MCR,94,forest_evidence_integrator,True,False,False,8,Branchial cleft cyst,Lymphangioma,high,234994a1d3d8e176836c9c737eca34a63fd63e8aa16b78adcfa38df704a03bdb,False,
MCR_v1_seq100/94,MCR_v1_seq100,MCR,94,collapse_obligation_ledger,True,False,False,8,Branchial cleft cyst,Cystic hygroma,high,234994a1d3d8e176836c9c737eca34a63fd63e8aa16b78adcfa38df704a03bdb,False,
MCR_v1_seq100/94,MCR_v1_seq100,MCR,94,pairwise_tournament,True,False,False,8,Branchial cleft cyst,Lymphangioma,high,234994a1d3d8e176836c9c737eca34a63fd63e8aa16b78adcfa38df704a03bdb,False,
MCR_v1_seq100/96,MCR_v1_seq100,MCR,96,evidence_count_control,True,False,False,10,Osteoma,Paget's disease of bone,low,2dd342e202d7b9565aeda230e1b4cd6ca44daeecd806a12ff8d553097975cd9e,False,
MCR_v1_seq100/96,MCR_v1_seq100,MCR,96,e7_contrast,True,False,False,10,Osteoma,Fibrous dysplasia,high,2dd342e202d7b9565aeda230e1b4cd6ca44daeecd806a12ff8d553097975cd9e,True,
MCR_v1_seq100/96,MCR_v1_seq100,MCR,96,forest_evidence_integrator,True,False,False,10,Osteoma,Osteoblastoma,high,2dd342e202d7b9565aeda230e1b4cd6ca44daeecd806a12ff8d553097975cd9e,False,
MCR_v1_seq100/96,MCR_v1_seq100,MCR,96,collapse_obligation_ledger,True,False,False,10,Osteoma,Fibrous dysplasia,high,2dd342e202d7b9565aeda230e1b4cd6ca44daeecd806a12ff8d553097975cd9e,False,
MCR_v1_seq100/96,MCR_v1_seq100,MCR,96,pairwise_tournament,True,False,False,10,Osteoma,Fibrous dysplasia,high,2dd342e202d7b9565aeda230e1b4cd6ca44daeecd806a12ff8d553097975cd9e,False,
MCR_v1_seq100/97,MCR_v1_seq100,MCR,97,evidence_count_control,True,False,False,8,Giant fibroadenoma,Phyllodes tumor,low,709d62d722062f4c7fd873cce0bfd1f7cd57be86a9af101a44f0327ff9886423,False,
MCR_v1_seq100/97,MCR_v1_seq100,MCR,97,e7_contrast,True,False,False,8,Giant fibroadenoma,Phyllodes tumor,medium,709d62d722062f4c7fd873cce0bfd1f7cd57be86a9af101a44f0327ff9886423,True,
MCR_v1_seq100/97,MCR_v1_seq100,MCR,97,forest_evidence_integrator,True,False,False,8,Giant fibroadenoma,Juvenile fibroadenoma,high,709d62d722062f4c7fd873cce0bfd1f7cd57be86a9af101a44f0327ff9886423,False,
MCR_v1_seq100/97,MCR_v1_seq100,MCR,97,collapse_obligation_ledger,True,False,False,8,Giant fibroadenoma,Fibroadenoma,high,709d62d722062f4c7fd873cce0bfd1f7cd57be86a9af101a44f0327ff9886423,False,
MCR_v1_seq100/97,MCR_v1_seq100,MCR,97,pairwise_tournament,True,False,False,8,Giant fibroadenoma,Juvenile fibroadenoma,high,709d62d722062f4c7fd873cce0bfd1f7cd57be86a9af101a44f0327ff9886423,False,
MCR_v2_seq100/129,MCR_v2_seq100,MCR,129,evidence_count_control,True,False,False,10,Pyogenic liver abscess,Simple liver cyst infection,low,55972defa6f9bceda9304944897cebbf439e865a88b54cff7acb6c4e2695a363,False,
MCR_v2_seq100/129,MCR_v2_seq100,MCR,129,e7_contrast,True,False,False,10,Infected non-parasitic liver cyst,Infected non-parasitic cyst,medium,55972defa6f9bceda9304944897cebbf439e865a88b54cff7acb6c4e2695a363,True,
MCR_v2_seq100/129,MCR_v2_seq100,MCR,129,forest_evidence_integrator,True,False,False,10,Infected non-parasitic cyst,Hepatobiliary cystadenoma,medium,55972defa6f9bceda9304944897cebbf439e865a88b54cff7acb6c4e2695a363,False,
MCR_v2_seq100/129,MCR_v2_seq100,MCR,129,collapse_obligation_ledger,True,False,False,10,Infected non-parasitic cyst,Infected non-parasitic liver cyst,high,55972defa6f9bceda9304944897cebbf439e865a88b54cff7acb6c4e2695a363,False,
MCR_v2_seq100/129,MCR_v2_seq100,MCR,129,pairwise_tournament,True,False,False,10,Infected non-parasitic cyst,Infected non-parasitic liver cyst,high,55972defa6f9bceda9304944897cebbf439e865a88b54cff7acb6c4e2695a363,False,
MCR_v2_seq100/130,MCR_v2_seq100,MCR,130,evidence_count_control,True,False,False,10,Infiltrative ductal carcinoma,Fibroadenoma,low,a4f83e32e9fc585bcbc260911f21bee74f4b1f2a4509414dfddf547461bd6817,False,
MCR_v2_seq100/130,MCR_v2_seq100,MCR,130,e7_contrast,True,False,False,10,Synchronous Bilateral Breast Cancer,Infiltrative ductal carcinoma,high,a4f83e32e9fc585bcbc260911f21bee74f4b1f2a4509414dfddf547461bd6817,True,
MCR_v2_seq100/130,MCR_v2_seq100,MCR,130,forest_evidence_integrator,True,False,False,10,Infiltrative ductal carcinoma,Synchronous Bilateral Breast Cancer,high,a4f83e32e9fc585bcbc260911f21bee74f4b1f2a4509414dfddf547461bd6817,False,
MCR_v2_seq100/130,MCR_v2_seq100,MCR,130,collapse_obligation_ledger,True,False,False,10,Synchronous Bilateral Breast Cancer,Infiltrative ductal carcinoma,high,a4f83e32e9fc585bcbc260911f21bee74f4b1f2a4509414dfddf547461bd6817,False,
MCR_v2_seq100/130,MCR_v2_seq100,MCR,130,pairwise_tournament,True,False,False,10,Infiltrative ductal carcinoma,Synchronous Bilateral Breast Cancer,high,a4f83e32e9fc585bcbc260911f21bee74f4b1f2a4509414dfddf547461bd6817,False,
MCR_v2_seq100/133,MCR_v2_seq100,MCR,133,evidence_count_control,True,False,False,6,Prostatic Stromal Sarcoma,Prostatic Stromal Tumor of Uncertain Malignant Potential,low,f114970f4445381c28098e3d553173605acc272ac79a3f827e30467e773f9ded,False,
MCR_v2_seq100/133,MCR_v2_seq100,MCR,133,e7_contrast,True,False,False,6,Prostatic Stromal Sarcoma,Prostatic Stromal Tumor of Uncertain Malignant Potential,medium,f114970f4445381c28098e3d553173605acc272ac79a3f827e30467e773f9ded,True,
MCR_v2_seq100/133,MCR_v2_seq100,MCR,133,forest_evidence_integrator,True,False,False,6,Prostatic Stromal Sarcoma,Prostatic Stromal Tumor of Uncertain Malignant Potential,high,f114970f4445381c28098e3d553173605acc272ac79a3f827e30467e773f9ded,False,
MCR_v2_seq100/133,MCR_v2_seq100,MCR,133,collapse_obligation_ledger,True,False,False,6,Prostatic Stromal Sarcoma,Prostatic Stromal Tumor of Uncertain Malignant Potential,high,f114970f4445381c28098e3d553173605acc272ac79a3f827e30467e773f9ded,False,
MCR_v2_seq100/133,MCR_v2_seq100,MCR,133,pairwise_tournament,True,False,False,6,Prostatic Stromal Sarcoma,Prostatic Stromal Tumor of Uncertain Malignant Potential,medium,f114970f4445381c28098e3d553173605acc272ac79a3f827e30467e773f9ded,False,
MCR_v2_seq100/139,MCR_v2_seq100,MCR,139,evidence_count_control,True,False,False,8,Chronic pancreatitis,Autoimmune Pancreatitis,low,40d34a6f376fe914ec439977e4a12da7ce44827b9d73f7cc4c053d5a029df241,False,
MCR_v2_seq100/139,MCR_v2_seq100,MCR,139,e7_contrast,True,False,False,8,Autoimmune Pancreatitis,Acute pancreatitis,medium,40d34a6f376fe914ec439977e4a12da7ce44827b9d73f7cc4c053d5a029df241,True,
MCR_v2_seq100/139,MCR_v2_seq100,MCR,139,forest_evidence_integrator,True,False,False,8,Autoimmune Pancreatitis,Acute pancreatitis,medium,40d34a6f376fe914ec439977e4a12da7ce44827b9d73f7cc4c053d5a029df241,False,
MCR_v2_seq100/139,MCR_v2_seq100,MCR,139,collapse_obligation_ledger,True,False,False,8,Autoimmune Pancreatitis,Chronic pancreatitis,medium,40d34a6f376fe914ec439977e4a12da7ce44827b9d73f7cc4c053d5a029df241,False,
MCR_v2_seq100/139,MCR_v2_seq100,MCR,139,pairwise_tournament,True,False,False,8,Autoimmune Pancreatitis,Acute pancreatitis,high,40d34a6f376fe914ec439977e4a12da7ce44827b9d73f7cc4c053d5a029df241,False,
MCR_v2_seq100/144,MCR_v2_seq100,MCR,144,evidence_count_control,True,True,False,7,Pericarditis,Systemic Lupus Erythematosus,low,de9c58096cbd9113f1e1399b9d4815fa66fc2d948257028f3fc0f506aeaec451,False,
MCR_v2_seq100/144,MCR_v2_seq100,MCR,144,e7_contrast,True,True,True,7,Systemic Lupus Erythematosus,Cardiac Tamponade,high,de9c58096cbd9113f1e1399b9d4815fa66fc2d948257028f3fc0f506aeaec451,True,
MCR_v2_seq100/144,MCR_v2_seq100,MCR,144,forest_evidence_integrator,True,True,True,7,Systemic Lupus Erythematosus,Cardiac Tamponade,high,de9c58096cbd9113f1e1399b9d4815fa66fc2d948257028f3fc0f506aeaec451,False,
MCR_v2_seq100/144,MCR_v2_seq100,MCR,144,collapse_obligation_ledger,True,True,True,7,Systemic Lupus Erythematosus,Pericarditis,high,de9c58096cbd9113f1e1399b9d4815fa66fc2d948257028f3fc0f506aeaec451,False,
MCR_v2_seq100/144,MCR_v2_seq100,MCR,144,pairwise_tournament,True,True,True,7,Systemic Lupus Erythematosus,Cardiac Tamponade,high,de9c58096cbd9113f1e1399b9d4815fa66fc2d948257028f3fc0f506aeaec451,False,
MCR_v2_seq100/146,MCR_v2_seq100,MCR,146,evidence_count_control,True,False,False,9,Crohn's disease,Intestinal tuberculosis,low,3dafb358027712d8bf1c6debcdd03cc2edbec46fb6c6bdf03e779f06a4389f8b,False,
MCR_v2_seq100/146,MCR_v2_seq100,MCR,146,e7_contrast,True,False,False,9,Ileocecal tuberculosis,Crohn's disease,high,3dafb358027712d8bf1c6debcdd03cc2edbec46fb6c6bdf03e779f06a4389f8b,True,
MCR_v2_seq100/146,MCR_v2_seq100,MCR,146,forest_evidence_integrator,True,False,False,9,Ileocecal tuberculosis,Crohn's disease,high,3dafb358027712d8bf1c6debcdd03cc2edbec46fb6c6bdf03e779f06a4389f8b,False,
MCR_v2_seq100/146,MCR_v2_seq100,MCR,146,collapse_obligation_ledger,True,False,False,9,Ileocecal tuberculosis,Intestinal tuberculosis,high,3dafb358027712d8bf1c6debcdd03cc2edbec46fb6c6bdf03e779f06a4389f8b,False,
MCR_v2_seq100/146,MCR_v2_seq100,MCR,146,pairwise_tournament,True,False,False,9,Ileocecal tuberculosis,Crohn's disease,high,3dafb358027712d8bf1c6debcdd03cc2edbec46fb6c6bdf03e779f06a4389f8b,False,
MCR_v2_seq100/147,MCR_v2_seq100,MCR,147,evidence_count_control,True,False,False,10,Giant Cell Tumor,Ganglion cyst,low,baac3b10433259c5f3b5e6daf8d0a1a922d5edfab3d20dc170e36c6ed48a9962,False,
MCR_v2_seq100/147,MCR_v2_seq100,MCR,147,e7_contrast,True,False,False,10,Chondroblastoma,Synovial chondromatosis,medium,baac3b10433259c5f3b5e6daf8d0a1a922d5edfab3d20dc170e36c6ed48a9962,True,
MCR_v2_seq100/147,MCR_v2_seq100,MCR,147,forest_evidence_integrator,True,False,False,10,Pigmented villonodular synovitis,Chondroblastoma,high,baac3b10433259c5f3b5e6daf8d0a1a922d5edfab3d20dc170e36c6ed48a9962,False,
MCR_v2_seq100/147,MCR_v2_seq100,MCR,147,collapse_obligation_ledger,True,False,False,10,Chondroblastoma,Giant Cell Tumor,medium,baac3b10433259c5f3b5e6daf8d0a1a922d5edfab3d20dc170e36c6ed48a9962,False,
MCR_v2_seq100/147,MCR_v2_seq100,MCR,147,pairwise_tournament,True,False,False,10,Pigmented villonodular synovitis,Chondroblastoma,medium,baac3b10433259c5f3b5e6daf8d0a1a922d5edfab3d20dc170e36c6ed48a9962,False,
MCR_v2_seq100/150,MCR_v2_seq100,MCR,150,evidence_count_control,True,False,False,8,Periapical granuloma,Radicular cyst,low,43c7cbbeeaae0d08a3cec498c0ce4cfe7f166dce315d36730c5efff1f026a1f5,False,
MCR_v2_seq100/150,MCR_v2_seq100,MCR,150,e7_contrast,True,False,False,8,Periapical granuloma,Periapical cyst,medium,43c7cbbeeaae0d08a3cec498c0ce4cfe7f166dce315d36730c5efff1f026a1f5,True,
MCR_v2_seq100/150,MCR_v2_seq100,MCR,150,forest_evidence_integrator,True,False,False,8,Periapical granuloma,Periapical cyst,high,43c7cbbeeaae0d08a3cec498c0ce4cfe7f166dce315d36730c5efff1f026a1f5,False,
MCR_v2_seq100/150,MCR_v2_seq100,MCR,150,collapse_obligation_ledger,True,False,False,8,Periapical granuloma,Periapical cyst,high,43c7cbbeeaae0d08a3cec498c0ce4cfe7f166dce315d36730c5efff1f026a1f5,False,
MCR_v2_seq100/150,MCR_v2_seq100,MCR,150,pairwise_tournament,True,False,False,8,Periapical granuloma,Periapical cyst,high,43c7cbbeeaae0d08a3cec498c0ce4cfe7f166dce315d36730c5efff1f026a1f5,False,
MCR_v2_seq100/151,MCR_v2_seq100,MCR,151,evidence_count_control,True,False,False,9,Toxoplasmosis,Cytomegalovirus pneumonia,low,1b14271a5a91e72fff862c91916da3cbd95d503050ad205d2e20afcb9106e8ca,False,
MCR_v2_seq100/151,MCR_v2_seq100,MCR,151,e7_contrast,True,False,False,9,Pneumocystis jirovecii pneumonia,Disseminated histoplasmosis,high,1b14271a5a91e72fff862c91916da3cbd95d503050ad205d2e20afcb9106e8ca,True,
MCR_v2_seq100/151,MCR_v2_seq100,MCR,151,forest_evidence_integrator,True,False,False,9,Pneumocystis jirovecii pneumonia,Bacterial pneumonia,high,1b14271a5a91e72fff862c91916da3cbd95d503050ad205d2e20afcb9106e8ca,False,
MCR_v2_seq100/151,MCR_v2_seq100,MCR,151,collapse_obligation_ledger,True,False,False,9,Pneumocystis jirovecii pneumonia,Disseminated histoplasmosis,high,1b14271a5a91e72fff862c91916da3cbd95d503050ad205d2e20afcb9106e8ca,False,
MCR_v2_seq100/151,MCR_v2_seq100,MCR,151,pairwise_tournament,True,False,False,9,Pneumocystis jirovecii pneumonia,Disseminated histoplasmosis,high,1b14271a5a91e72fff862c91916da3cbd95d503050ad205d2e20afcb9106e8ca,False,
MCR_v2_seq100/152,MCR_v2_seq100,MCR,152,evidence_count_control,True,True,True,8,Squamous cell carcinoma,Chronic fungal infection,low,7fc3eace3367a896f2546b2e86735467ab387e5df70c3a99b2a852abf96f4836,False,
MCR_v2_seq100/152,MCR_v2_seq100,MCR,152,e7_contrast,True,True,False,8,Verrucous carcinoma,Squamous cell carcinoma,high,7fc3eace3367a896f2546b2e86735467ab387e5df70c3a99b2a852abf96f4836,True,
MCR_v2_seq100/152,MCR_v2_seq100,MCR,152,forest_evidence_integrator,True,True,False,8,Verrucous carcinoma,Squamous cell carcinoma,high,7fc3eace3367a896f2546b2e86735467ab387e5df70c3a99b2a852abf96f4836,False,
MCR_v2_seq100/152,MCR_v2_seq100,MCR,152,collapse_obligation_ledger,True,True,False,8,Verrucous carcinoma,Squamous cell carcinoma,medium,7fc3eace3367a896f2546b2e86735467ab387e5df70c3a99b2a852abf96f4836,False,
MCR_v2_seq100/152,MCR_v2_seq100,MCR,152,pairwise_tournament,True,True,False,8,Verrucous carcinoma,Squamous cell carcinoma,high,7fc3eace3367a896f2546b2e86735467ab387e5df70c3a99b2a852abf96f4836,False,
MCR_v2_seq100/153,MCR_v2_seq100,MCR,153,evidence_count_control,True,False,False,7,Takotsubo cardiomyopathy,Postoperative cardiogenic shock,low,042222fcae089ed1a1744f090a99109627a72c349c5337f7b63f15cce09bb264,False,
MCR_v2_seq100/153,MCR_v2_seq100,MCR,153,e7_contrast,True,False,False,7,Myocarditis,Takotsubo cardiomyopathy,medium,042222fcae089ed1a1744f090a99109627a72c349c5337f7b63f15cce09bb264,True,
MCR_v2_seq100/153,MCR_v2_seq100,MCR,153,forest_evidence_integrator,True,False,False,7,Myocarditis,Takotsubo cardiomyopathy,high,042222fcae089ed1a1744f090a99109627a72c349c5337f7b63f15cce09bb264,False,
MCR_v2_seq100/153,MCR_v2_seq100,MCR,153,collapse_obligation_ledger,True,False,False,7,Takotsubo cardiomyopathy,Myocarditis,medium,042222fcae089ed1a1744f090a99109627a72c349c5337f7b63f15cce09bb264,False,
MCR_v2_seq100/153,MCR_v2_seq100,MCR,153,pairwise_tournament,True,False,False,7,Myocarditis,Takotsubo cardiomyopathy,high,042222fcae089ed1a1744f090a99109627a72c349c5337f7b63f15cce09bb264,False,
MCR_v2_seq100/156,MCR_v2_seq100,MCR,156,evidence_count_control,True,True,False,10,Renal Cell Carcinoma,Renal cell carcinoma with tumor thrombus,low,8f00ab7cd5e0315f3654224fcb490744e74d1943d058ba041f6c9916f43349b8,False,
MCR_v2_seq100/156,MCR_v2_seq100,MCR,156,e7_contrast,True,True,True,10,Angiomyolipoma,Renal cell carcinoma with tumor thrombus,high,8f00ab7cd5e0315f3654224fcb490744e74d1943d058ba041f6c9916f43349b8,True,
MCR_v2_seq100/156,MCR_v2_seq100,MCR,156,forest_evidence_integrator,True,True,True,10,Angiomyolipoma,Renal cell carcinoma with tumor thrombus,high,8f00ab7cd5e0315f3654224fcb490744e74d1943d058ba041f6c9916f43349b8,False,
MCR_v2_seq100/156,MCR_v2_seq100,MCR,156,collapse_obligation_ledger,True,True,True,10,Angiomyolipoma,Renal cell carcinoma with tumor thrombus,high,8f00ab7cd5e0315f3654224fcb490744e74d1943d058ba041f6c9916f43349b8,False,
MCR_v2_seq100/156,MCR_v2_seq100,MCR,156,pairwise_tournament,True,True,True,10,Angiomyolipoma,Renal cell carcinoma with tumor thrombus,high,8f00ab7cd5e0315f3654224fcb490744e74d1943d058ba041f6c9916f43349b8,False,
MCR_v2_seq100/161,MCR_v2_seq100,MCR,161,evidence_count_control,True,False,False,7,Melanoma,Squamous Cell Carcinoma,low,51285c6a8c27578135904c9b08ba5f24cc970731e3bc590bb69aefcec8c92c0c,False,
MCR_v2_seq100/161,MCR_v2_seq100,MCR,161,e7_contrast,True,False,False,7,Merkel Cell Carcinoma,Squamous Cell Carcinoma,medium,51285c6a8c27578135904c9b08ba5f24cc970731e3bc590bb69aefcec8c92c0c,True,
MCR_v2_seq100/161,MCR_v2_seq100,MCR,161,forest_evidence_integrator,True,False,False,7,Squamous Cell Carcinoma,Merkel Cell Carcinoma,medium,51285c6a8c27578135904c9b08ba5f24cc970731e3bc590bb69aefcec8c92c0c,False,
MCR_v2_seq100/161,MCR_v2_seq100,MCR,161,collapse_obligation_ledger,True,False,False,7,Squamous Cell Carcinoma,Melanoma,high,51285c6a8c27578135904c9b08ba5f24cc970731e3bc590bb69aefcec8c92c0c,False,
MCR_v2_seq100/161,MCR_v2_seq100,MCR,161,pairwise_tournament,True,False,False,7,Merkel Cell Carcinoma,Squamous Cell Carcinoma,high,51285c6a8c27578135904c9b08ba5f24cc970731e3bc590bb69aefcec8c92c0c,False,
MCR_v2_seq100/162,MCR_v2_seq100,MCR,162,evidence_count_control,True,False,False,9,Orf virus infection,Paravaccinia,low,2deaf7817f698977af7d3194a644c1d729bc624e940f284fd4b9a939227c9462,False,
MCR_v2_seq100/162,MCR_v2_seq100,MCR,162,e7_contrast,True,False,False,9,Milker's nodule,Orf virus infection,high,2deaf7817f698977af7d3194a644c1d729bc624e940f284fd4b9a939227c9462,True,
MCR_v2_seq100/162,MCR_v2_seq100,MCR,162,forest_evidence_integrator,True,False,False,9,Milker's nodule,Orf virus infection,high,2deaf7817f698977af7d3194a644c1d729bc624e940f284fd4b9a939227c9462,False,
MCR_v2_seq100/162,MCR_v2_seq100,MCR,162,collapse_obligation_ledger,True,False,False,9,Paravaccinia,Milker's nodule,medium,2deaf7817f698977af7d3194a644c1d729bc624e940f284fd4b9a939227c9462,False,
MCR_v2_seq100/162,MCR_v2_seq100,MCR,162,pairwise_tournament,True,False,False,9,Milker's nodule,Paravaccinia virus infection,high,2deaf7817f698977af7d3194a644c1d729bc624e940f284fd4b9a939227c9462,False,
MCR_v2_seq100/163,MCR_v2_seq100,MCR,163,evidence_count_control,True,False,False,9,Ectopic Pregnancy,Ovarian torsion,low,4426d81afa792854c211d0414c501fdca9bcce4486b6b20b7299928de5a4de61,False,
MCR_v2_seq100/163,MCR_v2_seq100,MCR,163,e7_contrast,True,False,False,9,Ectopic Pregnancy,Ruptured corpus luteum cyst,high,4426d81afa792854c211d0414c501fdca9bcce4486b6b20b7299928de5a4de61,True,
MCR_v2_seq100/163,MCR_v2_seq100,MCR,163,forest_evidence_integrator,True,False,False,9,Ectopic Pregnancy,Ruptured corpus luteum cyst,high,4426d81afa792854c211d0414c501fdca9bcce4486b6b20b7299928de5a4de61,False,
MCR_v2_seq100/163,MCR_v2_seq100,MCR,163,collapse_obligation_ledger,True,False,False,9,Ectopic Pregnancy,Ruptured ovarian cyst,high,4426d81afa792854c211d0414c501fdca9bcce4486b6b20b7299928de5a4de61,False,
MCR_v2_seq100/163,MCR_v2_seq100,MCR,163,pairwise_tournament,True,False,False,9,Ectopic Pregnancy,Hemorrhagic corpus luteum cyst,high,4426d81afa792854c211d0414c501fdca9bcce4486b6b20b7299928de5a4de61,False,
MCR_v2_seq100/165,MCR_v2_seq100,MCR,165,evidence_count_control,True,False,False,10,Gastrointestinal Stromal Tumor (GIST),Neurofibromatosis type 1 (NF1),low,d505604a4ac6c7becd3bcf68b4b8b7954bae5058cd9006c5ec4e83b922a144f0,False,
MCR_v2_seq100/165,MCR_v2_seq100,MCR,165,e7_contrast,True,False,False,10,Gastrointestinal Stromal Tumor (GIST),Gastrointestinal stromal tumor,high,d505604a4ac6c7becd3bcf68b4b8b7954bae5058cd9006c5ec4e83b922a144f0,True,
MCR_v2_seq100/165,MCR_v2_seq100,MCR,165,forest_evidence_integrator,True,False,False,10,Gastrointestinal Stromal Tumor (GIST),Malignant peripheral nerve sheath tumor,high,d505604a4ac6c7becd3bcf68b4b8b7954bae5058cd9006c5ec4e83b922a144f0,False,
MCR_v2_seq100/165,MCR_v2_seq100,MCR,165,collapse_obligation_ledger,True,False,False,10,Gastrointestinal Stromal Tumor (GIST),Gastrointestinal stromal tumor,high,d505604a4ac6c7becd3bcf68b4b8b7954bae5058cd9006c5ec4e83b922a144f0,False,
MCR_v2_seq100/165,MCR_v2_seq100,MCR,165,pairwise_tournament,True,False,False,10,Gastrointestinal Stromal Tumor (GIST),Malignant peripheral nerve sheath tumor,high,d505604a4ac6c7becd3bcf68b4b8b7954bae5058cd9006c5ec4e83b922a144f0,False,
MCR_v2_seq100/166,MCR_v2_seq100,MCR,166,evidence_count_control,True,True,True,9,Contrast-Induced Encephalopathy,Hypoxic-Ischemic Encephalopathy,low,3d96fe86146562422b69d6d0bbfd375ee6274d4e3433d0a3150eb6cd869af235,False,
MCR_v2_seq100/166,MCR_v2_seq100,MCR,166,e7_contrast,True,True,True,9,Contrast-Induced Encephalopathy,Hypoxic-Ischemic Encephalopathy,high,3d96fe86146562422b69d6d0bbfd375ee6274d4e3433d0a3150eb6cd869af235,True,
MCR_v2_seq100/166,MCR_v2_seq100,MCR,166,forest_evidence_integrator,True,True,True,9,Contrast-Induced Encephalopathy,Hypoxic-Ischemic Encephalopathy,high,3d96fe86146562422b69d6d0bbfd375ee6274d4e3433d0a3150eb6cd869af235,False,
MCR_v2_seq100/166,MCR_v2_seq100,MCR,166,collapse_obligation_ledger,True,True,True,9,Contrast-Induced Encephalopathy,Hypoxic-Ischemic Encephalopathy,high,3d96fe86146562422b69d6d0bbfd375ee6274d4e3433d0a3150eb6cd869af235,False,
MCR_v2_seq100/166,MCR_v2_seq100,MCR,166,pairwise_tournament,True,True,True,9,Contrast-Induced Encephalopathy,Hypoxic-Ischemic Encephalopathy,high,3d96fe86146562422b69d6d0bbfd375ee6274d4e3433d0a3150eb6cd869af235,False,
MCR_v2_seq100/167,MCR_v2_seq100,MCR,167,evidence_count_control,True,False,False,9,Osteosarcoma,Ewing's Sarcoma,low,14a617a53cdf8a8cce728222688cd6ba76ce3dbcb4c7c8a12508c619e4e064e2,False,
MCR_v2_seq100/167,MCR_v2_seq100,MCR,167,e7_contrast,True,False,False,9,Ewing's Sarcoma,Osteosarcoma,medium,14a617a53cdf8a8cce728222688cd6ba76ce3dbcb4c7c8a12508c619e4e064e2,True,
MCR_v2_seq100/167,MCR_v2_seq100,MCR,167,forest_evidence_integrator,True,False,False,9,Ewing's Sarcoma,Osteosarcoma,medium,14a617a53cdf8a8cce728222688cd6ba76ce3dbcb4c7c8a12508c619e4e064e2,False,
MCR_v2_seq100/167,MCR_v2_seq100,MCR,167,collapse_obligation_ledger,True,False,False,9,Ewing's Sarcoma,Osteosarcoma,high,14a617a53cdf8a8cce728222688cd6ba76ce3dbcb4c7c8a12508c619e4e064e2,False,
MCR_v2_seq100/167,MCR_v2_seq100,MCR,167,pairwise_tournament,True,False,False,9,Ewing's Sarcoma,Langerhans Cell Histiocytosis,medium,14a617a53cdf8a8cce728222688cd6ba76ce3dbcb4c7c8a12508c619e4e064e2,False,
MCR_v2_seq100/169,MCR_v2_seq100,MCR,169,evidence_count_control,True,True,False,8,Post-COVID-19 Reactive Arthritis,Mixed Connective Tissue Disease,low,c75b41f37c6778785128fed83fdff223f95f32a78dd26c9679fbb618b30d9945,False,
MCR_v2_seq100/169,MCR_v2_seq100,MCR,169,e7_contrast,True,True,False,8,Seropositive Rheumatoid Arthritis,Rheumatoid Arthritis,high,c75b41f37c6778785128fed83fdff223f95f32a78dd26c9679fbb618b30d9945,True,
MCR_v2_seq100/169,MCR_v2_seq100,MCR,169,forest_evidence_integrator,True,True,False,8,Seropositive Rheumatoid Arthritis,Rheumatoid Arthritis,high,c75b41f37c6778785128fed83fdff223f95f32a78dd26c9679fbb618b30d9945,False,
MCR_v2_seq100/169,MCR_v2_seq100,MCR,169,collapse_obligation_ledger,True,True,False,8,Seropositive Rheumatoid Arthritis,Rheumatoid Arthritis,high,c75b41f37c6778785128fed83fdff223f95f32a78dd26c9679fbb618b30d9945,False,
MCR_v2_seq100/169,MCR_v2_seq100,MCR,169,pairwise_tournament,True,True,False,8,Seropositive Rheumatoid Arthritis,Rheumatoid Arthritis,high,c75b41f37c6778785128fed83fdff223f95f32a78dd26c9679fbb618b30d9945,False,
MCR_v2_seq100/170,MCR_v2_seq100,MCR,170,evidence_count_control,True,False,False,10,Hodgkin lymphoma,Pericardial effusion,low,7844aeded67b0f1b3552613de67ad86fed761fa3e88874b7cb3a9c5c2999e5b9,False,
MCR_v2_seq100/170,MCR_v2_seq100,MCR,170,e7_contrast,True,False,False,10,Lymphoma with pericardial involvement,Lymphoblastic lymphoma,high,7844aeded67b0f1b3552613de67ad86fed761fa3e88874b7cb3a9c5c2999e5b9,True,
MCR_v2_seq100/170,MCR_v2_seq100,MCR,170,forest_evidence_integrator,True,False,False,10,Lymphoblastic lymphoma,Non-Hodgkin lymphoma,high,7844aeded67b0f1b3552613de67ad86fed761fa3e88874b7cb3a9c5c2999e5b9,False,
MCR_v2_seq100/170,MCR_v2_seq100,MCR,170,collapse_obligation_ledger,True,False,False,10,Lymphoblastic lymphoma,Lymphoma with pericardial involvement,high,7844aeded67b0f1b3552613de67ad86fed761fa3e88874b7cb3a9c5c2999e5b9,False,
MCR_v2_seq100/170,MCR_v2_seq100,MCR,170,pairwise_tournament,True,False,False,10,Non-Hodgkin lymphoma,Lymphoblastic lymphoma,high,7844aeded67b0f1b3552613de67ad86fed761fa3e88874b7cb3a9c5c2999e5b9,False,
MCR_v2_seq100/172,MCR_v2_seq100,MCR,172,evidence_count_control,True,True,False,10,Blastomycosis,Chronic cutaneous blastomycosis,low,3a09ee928a6979d7a198686d7a9e27d316d7d16a63900eb4ccf4aba014449516,False,
MCR_v2_seq100/172,MCR_v2_seq100,MCR,172,e7_contrast,True,True,True,10,Mucormycosis,Entomophthorales infection,high,3a09ee928a6979d7a198686d7a9e27d316d7d16a63900eb4ccf4aba014449516,True,
MCR_v2_seq100/172,MCR_v2_seq100,MCR,172,forest_evidence_integrator,True,True,True,10,Mucormycosis,Entomophthorales infection,high,3a09ee928a6979d7a198686d7a9e27d316d7d16a63900eb4ccf4aba014449516,False,
MCR_v2_seq100/172,MCR_v2_seq100,MCR,172,collapse_obligation_ledger,True,True,True,10,Mucormycosis,Entomophthorales infection,high,3a09ee928a6979d7a198686d7a9e27d316d7d16a63900eb4ccf4aba014449516,False,
MCR_v2_seq100/172,MCR_v2_seq100,MCR,172,pairwise_tournament,True,True,True,10,Mucormycosis,Entomophthorales infection,high,3a09ee928a6979d7a198686d7a9e27d316d7d16a63900eb4ccf4aba014449516,False,
MCR_v2_seq100/173,MCR_v2_seq100,MCR,173,evidence_count_control,True,True,False,9,Subdural Hematoma,Chronic subdural hematoma,low,6165de4f90f95538bdc4d272dd27d1966e72275700c640e5887c86fec0b0d36a,False,
MCR_v2_seq100/173,MCR_v2_seq100,MCR,173,e7_contrast,True,True,True,9,Chronic subdural hematoma,Subdural Hematoma,high,6165de4f90f95538bdc4d272dd27d1966e72275700c640e5887c86fec0b0d36a,True,
MCR_v2_seq100/173,MCR_v2_seq100,MCR,173,forest_evidence_integrator,True,True,True,9,Chronic subdural hematoma,Spontaneous intracranial hypotension,high,6165de4f90f95538bdc4d272dd27d1966e72275700c640e5887c86fec0b0d36a,False,
MCR_v2_seq100/173,MCR_v2_seq100,MCR,173,collapse_obligation_ledger,True,True,True,9,Chronic subdural hematoma,Subdural Hematoma,high,6165de4f90f95538bdc4d272dd27d1966e72275700c640e5887c86fec0b0d36a,False,
MCR_v2_seq100/173,MCR_v2_seq100,MCR,173,pairwise_tournament,True,True,True,9,Chronic subdural hematoma,Subdural Hematoma,high,6165de4f90f95538bdc4d272dd27d1966e72275700c640e5887c86fec0b0d36a,False,
MCR_v2_seq100/174,MCR_v2_seq100,MCR,174,evidence_count_control,True,True,False,10,Atrophic gastritis,Chronic gastritis,low,77826ce7cdf7d4cea9d2a3376903ac28c2f1961b0c30070dbf22fda234a1eb87,False,
MCR_v2_seq100/174,MCR_v2_seq100,MCR,174,e7_contrast,True,True,True,10,Autoimmune gastritis,Atrophic corpus gastritis,medium,77826ce7cdf7d4cea9d2a3376903ac28c2f1961b0c30070dbf22fda234a1eb87,True,
MCR_v2_seq100/174,MCR_v2_seq100,MCR,174,forest_evidence_integrator,True,True,True,10,Autoimmune gastritis,Atrophic corpus gastritis,medium,77826ce7cdf7d4cea9d2a3376903ac28c2f1961b0c30070dbf22fda234a1eb87,False,
MCR_v2_seq100/174,MCR_v2_seq100,MCR,174,collapse_obligation_ledger,True,True,False,10,Atrophic corpus gastritis,Atrophic gastritis,high,77826ce7cdf7d4cea9d2a3376903ac28c2f1961b0c30070dbf22fda234a1eb87,False,
MCR_v2_seq100/174,MCR_v2_seq100,MCR,174,pairwise_tournament,True,True,True,10,Autoimmune gastritis,Atrophic corpus gastritis,high,77826ce7cdf7d4cea9d2a3376903ac28c2f1961b0c30070dbf22fda234a1eb87,False,
MCR_v2_seq100/178,MCR_v2_seq100,MCR,178,evidence_count_control,True,True,False,7,Factitious disorder,Malingering,low,14efb1dfe1368eda96c703f7a5872c21c745177c823a73525d9383a1534aabe3,False,
MCR_v2_seq100/178,MCR_v2_seq100,MCR,178,e7_contrast,True,True,True,7,Malingering,Factitious disorder,high,14efb1dfe1368eda96c703f7a5872c21c745177c823a73525d9383a1534aabe3,True,
MCR_v2_seq100/178,MCR_v2_seq100,MCR,178,forest_evidence_integrator,True,True,True,7,Malingering,Factitious disorder,high,14efb1dfe1368eda96c703f7a5872c21c745177c823a73525d9383a1534aabe3,False,
MCR_v2_seq100/178,MCR_v2_seq100,MCR,178,collapse_obligation_ledger,True,True,True,7,Malingering,Factitious disorder,medium,14efb1dfe1368eda96c703f7a5872c21c745177c823a73525d9383a1534aabe3,False,
MCR_v2_seq100/178,MCR_v2_seq100,MCR,178,pairwise_tournament,True,True,True,7,Malingering,Factitious disorder,high,14efb1dfe1368eda96c703f7a5872c21c745177c823a73525d9383a1534aabe3,False,
MCR_v2_seq100/179,MCR_v2_seq100,MCR,179,evidence_count_control,True,False,False,10,Immune thrombocytopenia,Pulmonary atresia with ventricular septal defect,low,8d17bd84271602d6afc3b41d776e2f3d967640ecc5bc3e1df6216685cf287bd7,False,
MCR_v2_seq100/179,MCR_v2_seq100,MCR,179,e7_contrast,True,False,False,10,Jacobsen syndrome,Thrombocytopenia with congenital heart disease,high,8d17bd84271602d6afc3b41d776e2f3d967640ecc5bc3e1df6216685cf287bd7,True,
MCR_v2_seq100/179,MCR_v2_seq100,MCR,179,forest_evidence_integrator,True,False,False,10,Jacobsen syndrome,Tetralogy of Fallot with pulmonary atresia,high,8d17bd84271602d6afc3b41d776e2f3d967640ecc5bc3e1df6216685cf287bd7,False,
MCR_v2_seq100/179,MCR_v2_seq100,MCR,179,collapse_obligation_ledger,True,False,False,10,Jacobsen syndrome,Thrombocytopenia with congenital heart disease,high,8d17bd84271602d6afc3b41d776e2f3d967640ecc5bc3e1df6216685cf287bd7,False,
MCR_v2_seq100/179,MCR_v2_seq100,MCR,179,pairwise_tournament,True,False,False,10,Jacobsen syndrome,Tetralogy of Fallot with pulmonary atresia,high,8d17bd84271602d6afc3b41d776e2f3d967640ecc5bc3e1df6216685cf287bd7,False,
MCR_v2_seq100/184,MCR_v2_seq100,MCR,184,evidence_count_control,True,False,False,10,psoriasiform drug reaction,Duvelisib-induced rash,low,8a078af0719de024e656747bc2c945e27850c8be5167503b05528cb1c12c47f2,False,
MCR_v2_seq100/184,MCR_v2_seq100,MCR,184,e7_contrast,True,False,False,10,duvelisib-induced psoriasiform eruption,psoriasiform drug reaction,high,8a078af0719de024e656747bc2c945e27850c8be5167503b05528cb1c12c47f2,True,
MCR_v2_seq100/184,MCR_v2_seq100,MCR,184,forest_evidence_integrator,True,False,False,10,duvelisib-induced psoriasiform eruption,psoriasiform drug reaction,high,8a078af0719de024e656747bc2c945e27850c8be5167503b05528cb1c12c47f2,False,
MCR_v2_seq100/184,MCR_v2_seq100,MCR,184,collapse_obligation_ledger,True,False,False,10,psoriasiform drug reaction,Drug-induced psoriasiform eruption,high,8a078af0719de024e656747bc2c945e27850c8be5167503b05528cb1c12c47f2,False,
MCR_v2_seq100/184,MCR_v2_seq100,MCR,184,pairwise_tournament,True,False,False,10,psoriasiform drug reaction,Drug-induced psoriasiform eruption,high,8a078af0719de024e656747bc2c945e27850c8be5167503b05528cb1c12c47f2,False,
MCR_v2_seq100/186,MCR_v2_seq100,MCR,186,evidence_count_control,True,False,False,10,Spinal epidural abscess,Epidural abscess,low,90aeba6c63e87d4b5886ff349c3516f980186ec41ff7571e9b2f29b32bd4bdea,False,
MCR_v2_seq100/186,MCR_v2_seq100,MCR,186,e7_contrast,True,False,False,10,Spondylodiscitis,Spinal epidural abscess,medium,90aeba6c63e87d4b5886ff349c3516f980186ec41ff7571e9b2f29b32bd4bdea,True,
MCR_v2_seq100/186,MCR_v2_seq100,MCR,186,forest_evidence_integrator,True,False,False,10,Spondylodiscitis,Pyogenic spondylitis,high,90aeba6c63e87d4b5886ff349c3516f980186ec41ff7571e9b2f29b32bd4bdea,False,
MCR_v2_seq100/186,MCR_v2_seq100,MCR,186,collapse_obligation_ledger,True,False,False,10,Spondylodiscitis,Pyogenic spondylitis,high,90aeba6c63e87d4b5886ff349c3516f980186ec41ff7571e9b2f29b32bd4bdea,False,
MCR_v2_seq100/186,MCR_v2_seq100,MCR,186,pairwise_tournament,True,False,False,10,Spondylodiscitis,Osteomyelitis,medium,90aeba6c63e87d4b5886ff349c3516f980186ec41ff7571e9b2f29b32bd4bdea,False,
MCR_v2_seq100/187,MCR_v2_seq100,MCR,187,evidence_count_control,True,True,False,8,Ganglion cyst,Targetoid Hemosiderotic Hemangioma,low,4a3b2bc2a81d56ed33d621d1bc5dff4c56b71d2d6aacb50bd4444cf2bd839b84,False,
MCR_v2_seq100/187,MCR_v2_seq100,MCR,187,e7_contrast,True,True,True,8,Schwannoma,Targetoid Hemosiderotic Hemangioma,medium,4a3b2bc2a81d56ed33d621d1bc5dff4c56b71d2d6aacb50bd4444cf2bd839b84,True,
MCR_v2_seq100/187,MCR_v2_seq100,MCR,187,forest_evidence_integrator,True,True,True,8,Schwannoma,Ganglion cyst,high,4a3b2bc2a81d56ed33d621d1bc5dff4c56b71d2d6aacb50bd4444cf2bd839b84,False,
MCR_v2_seq100/187,MCR_v2_seq100,MCR,187,collapse_obligation_ledger,True,True,True,8,Schwannoma,Targetoid Hemosiderotic Hemangioma,high,4a3b2bc2a81d56ed33d621d1bc5dff4c56b71d2d6aacb50bd4444cf2bd839b84,False,
MCR_v2_seq100/187,MCR_v2_seq100,MCR,187,pairwise_tournament,True,True,True,8,Schwannoma,Giant Cell Tumor of Tendon Sheath,high,4a3b2bc2a81d56ed33d621d1bc5dff4c56b71d2d6aacb50bd4444cf2bd839b84,False,
MCR_v2_seq100/189,MCR_v2_seq100,MCR,189,evidence_count_control,True,True,True,6,Cherubism,Fibrous dysplasia,low,4aa2ba38567c9e5e4f1b51757f1047a0d9ac7a9bdac17415301edd3159abba86,False,
MCR_v2_seq100/189,MCR_v2_seq100,MCR,189,e7_contrast,True,True,True,6,Cherubism,Central Giant Cell Granuloma,high,4aa2ba38567c9e5e4f1b51757f1047a0d9ac7a9bdac17415301edd3159abba86,True,
MCR_v2_seq100/189,MCR_v2_seq100,MCR,189,forest_evidence_integrator,True,True,True,6,Cherubism,Central Giant Cell Granuloma,high,4aa2ba38567c9e5e4f1b51757f1047a0d9ac7a9bdac17415301edd3159abba86,False,
MCR_v2_seq100/189,MCR_v2_seq100,MCR,189,collapse_obligation_ledger,True,True,True,6,Cherubism,Central Giant Cell Granuloma,high,4aa2ba38567c9e5e4f1b51757f1047a0d9ac7a9bdac17415301edd3159abba86,False,
MCR_v2_seq100/189,MCR_v2_seq100,MCR,189,pairwise_tournament,True,True,True,6,Cherubism,Central Giant Cell Granuloma,high,4aa2ba38567c9e5e4f1b51757f1047a0d9ac7a9bdac17415301edd3159abba86,False,
MCR_v2_seq100/190,MCR_v2_seq100,MCR,190,evidence_count_control,True,False,False,10,Urinary bladder adenocarcinoma,Mucinous Adenocarcinoma,low,ec63fdc160652a94dc76b45d1bbb8a6dfec3ac468709049bea6a27d166cf9433,False,
MCR_v2_seq100/190,MCR_v2_seq100,MCR,190,e7_contrast,True,False,False,10,Primary adenocarcinoma of the bladder,Secondary adenocarcinoma,high,ec63fdc160652a94dc76b45d1bbb8a6dfec3ac468709049bea6a27d166cf9433,True,
MCR_v2_seq100/190,MCR_v2_seq100,MCR,190,forest_evidence_integrator,True,False,False,10,Primary adenocarcinoma of the bladder,Urinary bladder adenocarcinoma,high,ec63fdc160652a94dc76b45d1bbb8a6dfec3ac468709049bea6a27d166cf9433,False,
MCR_v2_seq100/190,MCR_v2_seq100,MCR,190,collapse_obligation_ledger,True,False,False,10,Primary adenocarcinoma of the bladder,Primary bladder adenocarcinoma,medium,ec63fdc160652a94dc76b45d1bbb8a6dfec3ac468709049bea6a27d166cf9433,False,
MCR_v2_seq100/190,MCR_v2_seq100,MCR,190,pairwise_tournament,True,False,False,10,Primary adenocarcinoma of the bladder,Primary bladder adenocarcinoma,high,ec63fdc160652a94dc76b45d1bbb8a6dfec3ac468709049bea6a27d166cf9433,False,
MCR_v2_seq100/196,MCR_v2_seq100,MCR,196,evidence_count_control,True,False,False,10,Metastatic spinal tumor,Spinal cord compression,low,4df4fb768eb30f7b5f1d498e05fd12b17f570e005cbdd8013c0f565bff90fccf,False,
MCR_v2_seq100/196,MCR_v2_seq100,MCR,196,e7_contrast,True,False,False,10,Plasmacytoma,Multiple myeloma,high,4df4fb768eb30f7b5f1d498e05fd12b17f570e005cbdd8013c0f565bff90fccf,True,
MCR_v2_seq100/196,MCR_v2_seq100,MCR,196,forest_evidence_integrator,True,False,False,10,Plasmacytoma,Multiple myeloma,medium,4df4fb768eb30f7b5f1d498e05fd12b17f570e005cbdd8013c0f565bff90fccf,False,
MCR_v2_seq100/196,MCR_v2_seq100,MCR,196,collapse_obligation_ledger,True,False,False,10,Plasmacytoma,Multiple myeloma,high,4df4fb768eb30f7b5f1d498e05fd12b17f570e005cbdd8013c0f565bff90fccf,False,
MCR_v2_seq100/196,MCR_v2_seq100,MCR,196,pairwise_tournament,True,False,False,10,Plasmacytoma,Multiple myeloma,high,4df4fb768eb30f7b5f1d498e05fd12b17f570e005cbdd8013c0f565bff90fccf,False,
MCR_v2_seq100/200,MCR_v2_seq100,MCR,200,evidence_count_control,True,False,False,9,Canal of Nuck hernia,Lipoma,low,575dad92af7849d7df34dcc9f2fae98d38a50103d581eb506a1c49b31847d229,False,
MCR_v2_seq100/200,MCR_v2_seq100,MCR,200,e7_contrast,True,False,False,9,Aggressive angiomyxoma,Canal of Nuck hernia,medium,575dad92af7849d7df34dcc9f2fae98d38a50103d581eb506a1c49b31847d229,True,
MCR_v2_seq100/200,MCR_v2_seq100,MCR,200,forest_evidence_integrator,True,False,False,9,Canal of Nuck hernia,Lipoma,high,575dad92af7849d7df34dcc9f2fae98d38a50103d581eb506a1c49b31847d229,False,
MCR_v2_seq100/200,MCR_v2_seq100,MCR,200,collapse_obligation_ledger,True,False,False,9,Canal of Nuck hernia,Aggressive angiomyxoma,high,575dad92af7849d7df34dcc9f2fae98d38a50103d581eb506a1c49b31847d229,False,
MCR_v2_seq100/200,MCR_v2_seq100,MCR,200,pairwise_tournament,True,False,False,9,Canal of Nuck hernia,Aggressive angiomyxoma,high,575dad92af7849d7df34dcc9f2fae98d38a50103d581eb506a1c49b31847d229,False,
MCR_v2_seq100/202,MCR_v2_seq100,MCR,202,evidence_count_control,True,False,False,10,Giant Cell Granuloma,Torus Palatinus,low,8010184c691253a02046d5a0ad4418e81a63ac918ee70165e0ebbd82a52eb1ca,False,
MCR_v2_seq100/202,MCR_v2_seq100,MCR,202,e7_contrast,True,False,False,10,Torus Palatinus,Giant Cell Granuloma,medium,8010184c691253a02046d5a0ad4418e81a63ac918ee70165e0ebbd82a52eb1ca,True,
MCR_v2_seq100/202,MCR_v2_seq100,MCR,202,forest_evidence_integrator,True,False,False,10,Giant Cell Granuloma,Torus Palatinus,low,8010184c691253a02046d5a0ad4418e81a63ac918ee70165e0ebbd82a52eb1ca,False,
MCR_v2_seq100/202,MCR_v2_seq100,MCR,202,collapse_obligation_ledger,True,False,False,10,Torus Palatinus,Palatal Torus,high,8010184c691253a02046d5a0ad4418e81a63ac918ee70165e0ebbd82a52eb1ca,False,
MCR_v2_seq100/202,MCR_v2_seq100,MCR,202,pairwise_tournament,True,False,False,10,Giant Cell Granuloma,Pleomorphic Adenoma,medium,8010184c691253a02046d5a0ad4418e81a63ac918ee70165e0ebbd82a52eb1ca,False,
MCR_v2_seq100/203,MCR_v2_seq100,MCR,203,evidence_count_control,True,False,False,8,Vulvar leiomyoma,Vulvar fibroma,low,722c5299670d813546b20371cbba558b7480f006d72b4c01ecaa78ceb88c3634,False,
MCR_v2_seq100/203,MCR_v2_seq100,MCR,203,e7_contrast,True,False,False,8,Vulvar leiomyoma,Vulvar fibroma,low,722c5299670d813546b20371cbba558b7480f006d72b4c01ecaa78ceb88c3634,True,
MCR_v2_seq100/203,MCR_v2_seq100,MCR,203,forest_evidence_integrator,True,False,False,8,Vulvar fibroma,Vulvar leiomyoma,medium,722c5299670d813546b20371cbba558b7480f006d72b4c01ecaa78ceb88c3634,False,
MCR_v2_seq100/203,MCR_v2_seq100,MCR,203,collapse_obligation_ledger,True,False,False,8,Vulvar fibroma,Vulvar leiomyoma,medium,722c5299670d813546b20371cbba558b7480f006d72b4c01ecaa78ceb88c3634,False,
MCR_v2_seq100/203,MCR_v2_seq100,MCR,203,pairwise_tournament,True,False,False,8,Vulvar fibroma,Vulvar leiomyoma,medium,722c5299670d813546b20371cbba558b7480f006d72b4c01ecaa78ceb88c3634,False,
MCR_v2_seq100/204,MCR_v2_seq100,MCR,204,evidence_count_control,True,False,False,9,Tubo-ovarian abscess,Pelvic inflammatory disease,low,f1f9e9c7cb0c14f7d7322ae90496088626142a07bfcf995c438612245daff268,False,
MCR_v2_seq100/204,MCR_v2_seq100,MCR,204,e7_contrast,True,False,False,9,Tubo-ovarian abscess,Ovarian cyst infection,medium,f1f9e9c7cb0c14f7d7322ae90496088626142a07bfcf995c438612245daff268,True,
MCR_v2_seq100/204,MCR_v2_seq100,MCR,204,forest_evidence_integrator,True,False,False,9,Tubo-ovarian abscess,Pyosalpinx,high,f1f9e9c7cb0c14f7d7322ae90496088626142a07bfcf995c438612245daff268,False,
MCR_v2_seq100/204,MCR_v2_seq100,MCR,204,collapse_obligation_ledger,True,False,False,9,Tubo-ovarian abscess,Ovarian cyst infection,high,f1f9e9c7cb0c14f7d7322ae90496088626142a07bfcf995c438612245daff268,False,
MCR_v2_seq100/204,MCR_v2_seq100,MCR,204,pairwise_tournament,True,False,False,9,Tubo-ovarian abscess,Ovarian cyst infection,high,f1f9e9c7cb0c14f7d7322ae90496088626142a07bfcf995c438612245daff268,False,
MCR_v2_seq100/205,MCR_v2_seq100,MCR,205,evidence_count_control,True,True,False,10,Neurofibromatosis type 1,Sarcoidosis,low,8cafed783cf073b39af02e76c62e7cdf73299120e630d26a45a3183a29fcffb1,False,
MCR_v2_seq100/205,MCR_v2_seq100,MCR,205,e7_contrast,True,True,False,10,Multiple lipomas,Neurofibromatosis type 1,medium,8cafed783cf073b39af02e76c62e7cdf73299120e630d26a45a3183a29fcffb1,True,
MCR_v2_seq100/205,MCR_v2_seq100,MCR,205,forest_evidence_integrator,True,True,True,10,Cysticercosis,Neurofibromatosis type 1,high,8cafed783cf073b39af02e76c62e7cdf73299120e630d26a45a3183a29fcffb1,False,
MCR_v2_seq100/205,MCR_v2_seq100,MCR,205,collapse_obligation_ledger,True,True,True,10,Cysticercosis,Multiple lipomas,high,8cafed783cf073b39af02e76c62e7cdf73299120e630d26a45a3183a29fcffb1,False,
MCR_v2_seq100/205,MCR_v2_seq100,MCR,205,pairwise_tournament,True,True,True,10,Cysticercosis,Neurofibromatosis type 1,medium,8cafed783cf073b39af02e76c62e7cdf73299120e630d26a45a3183a29fcffb1,False,
MCR_v2_seq100/206,MCR_v2_seq100,MCR,206,evidence_count_control,True,False,False,9,Phyllodes tumor,Invasive ductal carcinoma,low,d31e09b53b6100b6d4357746213ba005bca99c86ba9ec23e52b2ba53bb0cd9e8,False,
MCR_v2_seq100/206,MCR_v2_seq100,MCR,206,e7_contrast,True,False,False,9,Invasive ductal carcinoma,Breast cancer,medium,d31e09b53b6100b6d4357746213ba005bca99c86ba9ec23e52b2ba53bb0cd9e8,True,
MCR_v2_seq100/206,MCR_v2_seq100,MCR,206,forest_evidence_integrator,True,False,False,9,Invasive ductal carcinoma,Breast cancer,medium,d31e09b53b6100b6d4357746213ba005bca99c86ba9ec23e52b2ba53bb0cd9e8,False,
MCR_v2_seq100/206,MCR_v2_seq100,MCR,206,collapse_obligation_ledger,True,False,False,9,Invasive ductal carcinoma,Breast cancer,high,d31e09b53b6100b6d4357746213ba005bca99c86ba9ec23e52b2ba53bb0cd9e8,False,
MCR_v2_seq100/206,MCR_v2_seq100,MCR,206,pairwise_tournament,True,False,False,9,Ductal carcinoma in situ,Invasive ductal carcinoma,medium,d31e09b53b6100b6d4357746213ba005bca99c86ba9ec23e52b2ba53bb0cd9e8,False,
MCR_v2_seq100/207,MCR_v2_seq100,MCR,207,evidence_count_control,True,False,False,9,Diabetic Amyotrophy,Lumbosacral Plexopathy,low,97ca5c61727e08efb603eee39d6eb64d84f12613f2f542c9a0de83e236fd8e2e,False,
MCR_v2_seq100/207,MCR_v2_seq100,MCR,207,e7_contrast,True,False,False,9,Diabetic Lumbosacral Radiculoplexus Neuropathy,Lumbosacral radiculoplexus neuropathy,medium,97ca5c61727e08efb603eee39d6eb64d84f12613f2f542c9a0de83e236fd8e2e,True,
MCR_v2_seq100/207,MCR_v2_seq100,MCR,207,forest_evidence_integrator,True,False,False,9,Diabetic Lumbosacral Radiculoplexus Neuropathy,Chronic inflammatory demyelinating polyneuropathy,high,97ca5c61727e08efb603eee39d6eb64d84f12613f2f542c9a0de83e236fd8e2e,False,
MCR_v2_seq100/207,MCR_v2_seq100,MCR,207,collapse_obligation_ledger,True,False,False,9,Diabetic Lumbosacral Radiculoplexus Neuropathy,Diabetic Amyotrophy,high,97ca5c61727e08efb603eee39d6eb64d84f12613f2f542c9a0de83e236fd8e2e,False,
MCR_v2_seq100/207,MCR_v2_seq100,MCR,207,pairwise_tournament,True,False,False,9,Diabetic Lumbosacral Radiculoplexus Neuropathy,Diabetic Amyotrophy,high,97ca5c61727e08efb603eee39d6eb64d84f12613f2f542c9a0de83e236fd8e2e,False,
MCR_v2_seq100/208,MCR_v2_seq100,MCR,208,evidence_count_control,True,True,False,10,Myocardial infarction,Takotsubo syndrome,low,ee7f711df585af844ab83983825d17c25a8c41826fd8d44fb961c78a0e96d398,False,
MCR_v2_seq100/208,MCR_v2_seq100,MCR,208,e7_contrast,True,True,True,10,Takotsubo syndrome,Myocardial infarction with stent thrombosis,high,ee7f711df585af844ab83983825d17c25a8c41826fd8d44fb961c78a0e96d398,True,
MCR_v2_seq100/208,MCR_v2_seq100,MCR,208,forest_evidence_integrator,True,True,True,10,Takotsubo syndrome,Myocardial infarction with stent thrombosis,high,ee7f711df585af844ab83983825d17c25a8c41826fd8d44fb961c78a0e96d398,False,
MCR_v2_seq100/208,MCR_v2_seq100,MCR,208,collapse_obligation_ledger,True,True,True,10,Takotsubo syndrome,Myocardial infarction with stent thrombosis,high,ee7f711df585af844ab83983825d17c25a8c41826fd8d44fb961c78a0e96d398,False,
MCR_v2_seq100/208,MCR_v2_seq100,MCR,208,pairwise_tournament,True,True,True,10,Takotsubo syndrome,Long QT syndrome,high,ee7f711df585af844ab83983825d17c25a8c41826fd8d44fb961c78a0e96d398,False,
MCR_v2_seq100/210,MCR_v2_seq100,MCR,210,evidence_count_control,True,False,False,6,Odontogenic keratocyst,Unicystic ameloblastoma,low,b783bb3b3efb281bc8d9d000c8247a7ab51852cd0864f064fa3d0666bb2cf3bd,False,
MCR_v2_seq100/210,MCR_v2_seq100,MCR,210,e7_contrast,True,False,False,6,Odontogenic keratocyst,Unicystic ameloblastoma,medium,b783bb3b3efb281bc8d9d000c8247a7ab51852cd0864f064fa3d0666bb2cf3bd,True,
MCR_v2_seq100/210,MCR_v2_seq100,MCR,210,forest_evidence_integrator,True,False,False,6,Odontogenic keratocyst,Unicystic ameloblastoma,medium,b783bb3b3efb281bc8d9d000c8247a7ab51852cd0864f064fa3d0666bb2cf3bd,False,
MCR_v2_seq100/210,MCR_v2_seq100,MCR,210,collapse_obligation_ledger,True,False,False,6,Odontogenic keratocyst,Unicystic ameloblastoma,high,b783bb3b3efb281bc8d9d000c8247a7ab51852cd0864f064fa3d0666bb2cf3bd,False,
MCR_v2_seq100/210,MCR_v2_seq100,MCR,210,pairwise_tournament,True,False,False,6,Odontogenic keratocyst,Unicystic ameloblastoma,medium,b783bb3b3efb281bc8d9d000c8247a7ab51852cd0864f064fa3d0666bb2cf3bd,False,
MCR_v2_seq100/211,MCR_v2_seq100,MCR,211,evidence_count_control,True,True,False,10,Uterine Sarcoma,Ewing's Sarcoma,low,2d1d12fc6fb9509af3c7d0e4bcc896f2580ca2f35abd2e0ff9a889c4412e9714,False,
MCR_v2_seq100/211,MCR_v2_seq100,MCR,211,e7_contrast,True,True,True,10,Ewing sarcoma,Desmoplastic small round cell tumor,high,2d1d12fc6fb9509af3c7d0e4bcc896f2580ca2f35abd2e0ff9a889c4412e9714,True,
MCR_v2_seq100/211,MCR_v2_seq100,MCR,211,forest_evidence_integrator,True,True,True,10,Ewing sarcoma,Poorly Differentiated Uterine Sarcoma,high,2d1d12fc6fb9509af3c7d0e4bcc896f2580ca2f35abd2e0ff9a889c4412e9714,False,
MCR_v2_seq100/211,MCR_v2_seq100,MCR,211,collapse_obligation_ledger,True,True,False,10,Ewing's Sarcoma,Ewing sarcoma,high,2d1d12fc6fb9509af3c7d0e4bcc896f2580ca2f35abd2e0ff9a889c4412e9714,False,
MCR_v2_seq100/211,MCR_v2_seq100,MCR,211,pairwise_tournament,True,True,True,10,Ewing sarcoma,Poorly Differentiated Uterine Sarcoma,high,2d1d12fc6fb9509af3c7d0e4bcc896f2580ca2f35abd2e0ff9a889c4412e9714,False,
MCR_v2_seq100/214,MCR_v2_seq100,MCR,214,evidence_count_control,True,False,False,9,Erythema Multiforme,Urticaria,low,2ff1b8cb5f23dbd6607a847d639cc552b6f5e4efd0eba13dae9754d3f5ad0f88,False,
MCR_v2_seq100/214,MCR_v2_seq100,MCR,214,e7_contrast,True,False,False,9,Erythema annulare centrifugum,Annular erythema,high,2ff1b8cb5f23dbd6607a847d639cc552b6f5e4efd0eba13dae9754d3f5ad0f88,False,
MCR_v2_seq100/214,MCR_v2_seq100,MCR,214,forest_evidence_integrator,True,False,False,9,Erythema Multiforme,Annular erythema,medium,2ff1b8cb5f23dbd6607a847d639cc552b6f5e4efd0eba13dae9754d3f5ad0f88,False,
MCR_v2_seq100/214,MCR_v2_seq100,MCR,214,collapse_obligation_ledger,True,False,False,9,Leukocytoclastic vasculitis,Erythema annulare centrifugum,high,2ff1b8cb5f23dbd6607a847d639cc552b6f5e4efd0eba13dae9754d3f5ad0f88,False,
MCR_v2_seq100/214,MCR_v2_seq100,MCR,214,pairwise_tournament,True,False,False,9,Annular erythema,Erythema annulare centrifugum,medium,2ff1b8cb5f23dbd6607a847d639cc552b6f5e4efd0eba13dae9754d3f5ad0f88,False,
MCR_v2_seq100/217,MCR_v2_seq100,MCR,217,evidence_count_control,True,False,False,8,Trigeminal Neuralgia,Hemicrania Continua,low,cf65511affbb246b3938aa13ab269a34f86fb86ad658efb50c45526a8c654b75,False,
MCR_v2_seq100/217,MCR_v2_seq100,MCR,217,e7_contrast,True,False,False,8,Hemicrania Continua,Cluster Headache,high,cf65511affbb246b3938aa13ab269a34f86fb86ad658efb50c45526a8c654b75,True,
MCR_v2_seq100/217,MCR_v2_seq100,MCR,217,forest_evidence_integrator,True,False,False,8,Hemicrania Continua,Trigeminal Neuralgia,medium,cf65511affbb246b3938aa13ab269a34f86fb86ad658efb50c45526a8c654b75,False,
MCR_v2_seq100/217,MCR_v2_seq100,MCR,217,collapse_obligation_ledger,True,False,False,8,Hemicrania Continua,Trigeminal Autonomic Cephalalgia,high,cf65511affbb246b3938aa13ab269a34f86fb86ad658efb50c45526a8c654b75,False,
MCR_v2_seq100/217,MCR_v2_seq100,MCR,217,pairwise_tournament,True,False,False,8,Hemicrania Continua,Cluster Headache,high,cf65511affbb246b3938aa13ab269a34f86fb86ad658efb50c45526a8c654b75,False,
MCR_v2_seq100/220,MCR_v2_seq100,MCR,220,evidence_count_control,True,True,True,9,Kawasaki disease,Systemic juvenile idiopathic arthritis (sJIA),low,3497cd1007f0609331c1414f0592c01d3bf6aceef0c70ad72d86bcecf0bacfac,False,
MCR_v2_seq100/220,MCR_v2_seq100,MCR,220,e7_contrast,True,True,False,9,Multisystem inflammatory syndrome in children (MIS-C),Kawasaki disease,medium,3497cd1007f0609331c1414f0592c01d3bf6aceef0c70ad72d86bcecf0bacfac,True,
MCR_v2_seq100/220,MCR_v2_seq100,MCR,220,forest_evidence_integrator,True,True,False,9,Multisystem inflammatory syndrome in children (MIS-C),Kawasaki disease,medium,3497cd1007f0609331c1414f0592c01d3bf6aceef0c70ad72d86bcecf0bacfac,False,
MCR_v2_seq100/220,MCR_v2_seq100,MCR,220,collapse_obligation_ledger,True,True,True,9,Kawasaki disease,Multisystem inflammatory syndrome in children (MIS-C),high,3497cd1007f0609331c1414f0592c01d3bf6aceef0c70ad72d86bcecf0bacfac,False,
MCR_v2_seq100/220,MCR_v2_seq100,MCR,220,pairwise_tournament,True,True,True,9,Kawasaki disease,Multisystem inflammatory syndrome in children (MIS-C),medium,3497cd1007f0609331c1414f0592c01d3bf6aceef0c70ad72d86bcecf0bacfac,False,
MCR_v2_seq100/221,MCR_v2_seq100,MCR,221,evidence_count_control,True,False,False,10,Thymoma,Lymphoma,low,0b8979e2e19d5382c5abaaf7c2f14282e8d13ea116053957be9095f07f23c72e,False,
MCR_v2_seq100/221,MCR_v2_seq100,MCR,221,e7_contrast,True,False,False,10,Ewing's Sarcoma,Primary mediastinal large B-cell lymphoma,high,0b8979e2e19d5382c5abaaf7c2f14282e8d13ea116053957be9095f07f23c72e,True,
MCR_v2_seq100/221,MCR_v2_seq100,MCR,221,forest_evidence_integrator,True,False,False,10,Neuroblastoma,Primary mediastinal large B-cell lymphoma,high,0b8979e2e19d5382c5abaaf7c2f14282e8d13ea116053957be9095f07f23c72e,False,
MCR_v2_seq100/221,MCR_v2_seq100,MCR,221,collapse_obligation_ledger,True,False,False,10,Primary mediastinal large B-cell lymphoma,Non-Hodgkin lymphoma,high,0b8979e2e19d5382c5abaaf7c2f14282e8d13ea116053957be9095f07f23c72e,False,
MCR_v2_seq100/221,MCR_v2_seq100,MCR,221,pairwise_tournament,True,False,False,10,Primary mediastinal large B-cell lymphoma,Hodgkin lymphoma,medium,0b8979e2e19d5382c5abaaf7c2f14282e8d13ea116053957be9095f07f23c72e,False,
MCR_v2_seq100/222,MCR_v2_seq100,MCR,222,evidence_count_control,True,False,False,8,Inflammatory Breast Cancer,Paget's Disease of the Breast,low,cdc2001c8cf04eda60b13806d1553b6fc02b24b3fea6e9ac1bf444d3c9fac8b9,False,
MCR_v2_seq100/222,MCR_v2_seq100,MCR,222,e7_contrast,True,False,False,8,Invasive Breast Carcinoma,Locally Advanced Breast Cancer,high,cdc2001c8cf04eda60b13806d1553b6fc02b24b3fea6e9ac1bf444d3c9fac8b9,True,
MCR_v2_seq100/222,MCR_v2_seq100,MCR,222,forest_evidence_integrator,True,False,False,8,Invasive ductal carcinoma,Invasive Breast Carcinoma,high,cdc2001c8cf04eda60b13806d1553b6fc02b24b3fea6e9ac1bf444d3c9fac8b9,False,
MCR_v2_seq100/222,MCR_v2_seq100,MCR,222,collapse_obligation_ledger,True,False,False,8,Invasive ductal carcinoma,Invasive Breast Carcinoma,high,cdc2001c8cf04eda60b13806d1553b6fc02b24b3fea6e9ac1bf444d3c9fac8b9,False,
MCR_v2_seq100/222,MCR_v2_seq100,MCR,222,pairwise_tournament,True,False,False,8,Invasive ductal carcinoma,Invasive Breast Carcinoma,high,cdc2001c8cf04eda60b13806d1553b6fc02b24b3fea6e9ac1bf444d3c9fac8b9,False,
MCR_v2_seq100/223,MCR_v2_seq100,MCR,223,evidence_count_control,True,False,False,10,Disseminated Intravascular Coagulation,Sepsis,low,4343877a40a7a0296b4a2f02db004c155341d9646f0fc944674477163f8923cb,False,
MCR_v2_seq100/223,MCR_v2_seq100,MCR,223,e7_contrast,True,False,False,10,Acute Respiratory Distress Syndrome (ARDS),Disseminated Intravascular Coagulation,medium,4343877a40a7a0296b4a2f02db004c155341d9646f0fc944674477163f8923cb,True,
MCR_v2_seq100/223,MCR_v2_seq100,MCR,223,forest_evidence_integrator,True,False,False,10,Acute Respiratory Distress Syndrome (ARDS),Disseminated Intravascular Coagulation,high,4343877a40a7a0296b4a2f02db004c155341d9646f0fc944674477163f8923cb,False,
MCR_v2_seq100/223,MCR_v2_seq100,MCR,223,collapse_obligation_ledger,True,False,False,10,Acute Respiratory Distress Syndrome (ARDS),COVID-19-associated coagulopathy,high,4343877a40a7a0296b4a2f02db004c155341d9646f0fc944674477163f8923cb,False,
MCR_v2_seq100/223,MCR_v2_seq100,MCR,223,pairwise_tournament,True,False,False,10,Acute Respiratory Distress Syndrome (ARDS),Disseminated Intravascular Coagulation,high,4343877a40a7a0296b4a2f02db004c155341d9646f0fc944674477163f8923cb,False,
MCR_v2_seq100/230,MCR_v2_seq100,MCR,230,evidence_count_control,True,False,False,10,Acute Lymphoblastic Leukemia,Invasive Fungal Infection,low,1a7c65e6af2d39cb53da38fb5d2ed1cc3bb29dfa2ae75ad6477e472f5e96bd76,False,
MCR_v2_seq100/230,MCR_v2_seq100,MCR,230,e7_contrast,True,False,False,10,Invasive Fungal Infection,Pyomyositis,medium,1a7c65e6af2d39cb53da38fb5d2ed1cc3bb29dfa2ae75ad6477e472f5e96bd76,True,
MCR_v2_seq100/230,MCR_v2_seq100,MCR,230,forest_evidence_integrator,True,False,False,10,Pyomyositis,Invasive Fungal Infection,high,1a7c65e6af2d39cb53da38fb5d2ed1cc3bb29dfa2ae75ad6477e472f5e96bd76,False,
MCR_v2_seq100/230,MCR_v2_seq100,MCR,230,collapse_obligation_ledger,True,False,False,10,Pyomyositis,Invasive Fungal Infection,high,1a7c65e6af2d39cb53da38fb5d2ed1cc3bb29dfa2ae75ad6477e472f5e96bd76,False,
MCR_v2_seq100/230,MCR_v2_seq100,MCR,230,pairwise_tournament,True,False,False,10,Pyomyositis,Invasive Fungal Infection,high,1a7c65e6af2d39cb53da38fb5d2ed1cc3bb29dfa2ae75ad6477e472f5e96bd76,False,
MCR_v2_seq100/232,MCR_v2_seq100,MCR,232,evidence_count_control,True,False,False,8,Primary biliary cirrhosis,Cholestasis,low,9e546656d9a40ad3477f56939b1e7d0727478e073a9efec7debe6c550e19b20b,False,
MCR_v2_seq100/232,MCR_v2_seq100,MCR,232,e7_contrast,True,False,False,8,Pityriasis rosea,Porphyria cutanea tarda,high,9e546656d9a40ad3477f56939b1e7d0727478e073a9efec7debe6c550e19b20b,True,
MCR_v2_seq100/232,MCR_v2_seq100,MCR,232,forest_evidence_integrator,True,False,False,8,Porphyria cutanea tarda,Pityriasis rosea,high,9e546656d9a40ad3477f56939b1e7d0727478e073a9efec7debe6c550e19b20b,False,
MCR_v2_seq100/232,MCR_v2_seq100,MCR,232,collapse_obligation_ledger,True,False,False,8,Porphyria cutanea tarda,Pityriasis rosea,high,9e546656d9a40ad3477f56939b1e7d0727478e073a9efec7debe6c550e19b20b,False,
MCR_v2_seq100/232,MCR_v2_seq100,MCR,232,pairwise_tournament,True,False,False,8,Porphyria cutanea tarda,Pityriasis rosea,high,9e546656d9a40ad3477f56939b1e7d0727478e073a9efec7debe6c550e19b20b,False,
MCR_v2_seq100/241,MCR_v2_seq100,MCR,241,evidence_count_control,True,False,False,10,Crohn's disease,Mucinous Adenocarcinoma of the Anus,low,c94251f1b9604ae3fb368e61a2fe4774be3f5d7c3904f899aed85c2a11b54743,False,
MCR_v2_seq100/241,MCR_v2_seq100,MCR,241,e7_contrast,True,False,False,10,Mucinous Adenocarcinoma of the Anus,Mucinous adenocarcinoma,high,c94251f1b9604ae3fb368e61a2fe4774be3f5d7c3904f899aed85c2a11b54743,True,
MCR_v2_seq100/241,MCR_v2_seq100,MCR,241,forest_evidence_integrator,True,False,False,10,Mucinous Adenocarcinoma of the Anus,Mucinous adenocarcinoma,high,c94251f1b9604ae3fb368e61a2fe4774be3f5d7c3904f899aed85c2a11b54743,False,
MCR_v2_seq100/241,MCR_v2_seq100,MCR,241,collapse_obligation_ledger,True,False,False,10,Mucinous Adenocarcinoma of the Anus,Mucinous adenocarcinoma,high,c94251f1b9604ae3fb368e61a2fe4774be3f5d7c3904f899aed85c2a11b54743,False,
MCR_v2_seq100/241,MCR_v2_seq100,MCR,241,pairwise_tournament,True,False,False,10,Mucinous Adenocarcinoma of the Anus,Mucinous adenocarcinoma,high,c94251f1b9604ae3fb368e61a2fe4774be3f5d7c3904f899aed85c2a11b54743,False,
MCR_v2_seq100/242,MCR_v2_seq100,MCR,242,evidence_count_control,True,False,False,10,Neonatal Hemochromatosis,Congenital Cytomegalovirus Infection,low,ab02a4dc9e5851f56bc5bc1d3cc13d053b0d5da4e67640d3596feca18916e0ff,False,
MCR_v2_seq100/242,MCR_v2_seq100,MCR,242,e7_contrast,True,False,False,10,Fetal stroke,Congenital Cytomegalovirus Infection,high,ab02a4dc9e5851f56bc5bc1d3cc13d053b0d5da4e67640d3596feca18916e0ff,True,
MCR_v2_seq100/242,MCR_v2_seq100,MCR,242,forest_evidence_integrator,True,False,False,10,Fetal stroke,Fetal ventriculomegaly,high,ab02a4dc9e5851f56bc5bc1d3cc13d053b0d5da4e67640d3596feca18916e0ff,False,
MCR_v2_seq100/242,MCR_v2_seq100,MCR,242,collapse_obligation_ledger,True,False,False,10,Fetal stroke,Fetal ventriculomegaly,high,ab02a4dc9e5851f56bc5bc1d3cc13d053b0d5da4e67640d3596feca18916e0ff,False,
MCR_v2_seq100/242,MCR_v2_seq100,MCR,242,pairwise_tournament,True,False,False,10,Aicardi-Goutières Syndrome,Fetal stroke,high,ab02a4dc9e5851f56bc5bc1d3cc13d053b0d5da4e67640d3596feca18916e0ff,False,
MCR_v2_seq100/244,MCR_v2_seq100,MCR,244,evidence_count_control,True,False,False,10,Fetal akinesia deformation sequence,Optic Nerve Hypoplasia,low,00645763760fe346af1913ae77b8785c712bec4d4fa1298c0de3d882f7b93193,False,
MCR_v2_seq100/244,MCR_v2_seq100,MCR,244,e7_contrast,True,False,False,10,Cerebral dysgenesis,Congenital Hydrocephalus,medium,00645763760fe346af1913ae77b8785c712bec4d4fa1298c0de3d882f7b93193,True,
MCR_v2_seq100/244,MCR_v2_seq100,MCR,244,forest_evidence_integrator,True,False,False,10,Optic Nerve Hypoplasia,Cerebral dysgenesis,medium,00645763760fe346af1913ae77b8785c712bec4d4fa1298c0de3d882f7b93193,False,
MCR_v2_seq100/244,MCR_v2_seq100,MCR,244,collapse_obligation_ledger,True,False,False,10,Cerebral dysgenesis,Congenital Hydrocephalus,medium,00645763760fe346af1913ae77b8785c712bec4d4fa1298c0de3d882f7b93193,False,
MCR_v2_seq100/244,MCR_v2_seq100,MCR,244,pairwise_tournament,True,False,False,10,Cerebral dysgenesis,Monochorionic Diamniotic Twinning Complications,medium,00645763760fe346af1913ae77b8785c712bec4d4fa1298c0de3d882f7b93193,False,
MCR_v2_seq100/247,MCR_v2_seq100,MCR,247,evidence_count_control,True,False,False,10,Brain metastasis,Trastuzumab-related neurotoxicity,low,ce5e760a53eb78f8022ad5f2c3b251ac2f50c027a8039666d1d89612fb354b1a,False,
MCR_v2_seq100/247,MCR_v2_seq100,MCR,247,e7_contrast,True,False,False,10,Brain Metastasis from Breast Cancer,Brain metastasis,high,ce5e760a53eb78f8022ad5f2c3b251ac2f50c027a8039666d1d89612fb354b1a,True,
MCR_v2_seq100/247,MCR_v2_seq100,MCR,247,forest_evidence_integrator,True,False,False,10,Brain Metastasis from Breast Cancer,Brain metastasis,high,ce5e760a53eb78f8022ad5f2c3b251ac2f50c027a8039666d1d89612fb354b1a,False,
MCR_v2_seq100/247,MCR_v2_seq100,MCR,247,collapse_obligation_ledger,True,False,False,10,Brain Metastasis from Breast Cancer,Brain metastasis,high,ce5e760a53eb78f8022ad5f2c3b251ac2f50c027a8039666d1d89612fb354b1a,False,
MCR_v2_seq100/247,MCR_v2_seq100,MCR,247,pairwise_tournament,True,False,False,10,Brain Metastasis from Breast Cancer,Brain metastasis,high,ce5e760a53eb78f8022ad5f2c3b251ac2f50c027a8039666d1d89612fb354b1a,False,
