unit,group_type,group,transition_code,n,denominator,rate,representative_case_keys,provenance
case_arm_occurrence,overall,ALL,clinical_complete_missed_by_legacy,1098,23046,0.04764384274928404,"[""DA_d2_heldout100/254"", ""DA_d2_heldout100/257"", ""DA_d2_heldout100/261"", ""DA_d2_heldout100/262"", ""DA_d2_heldout100/269"", ""DA_d2_heldout100/276"", ""DA_d2_heldout100/289"", ""DA_d2_heldout100/290"", ""DA_d2_heldout100/299"", ""DA_d2_heldout100/306"", ""DA_d2_heldout100/314"", ""DA_d2_heldout100/317"", ""DA_d2_heldout100/329"", ""DA_d2_heldout100/333"", ""DA_d2_heldout100/341"", ""DA_d2_heldout100/347"", ""DA_d2_heldout100/364"", ""DA_d2_heldout100/373"", ""DA_d2_heldout100/375"", ""DA_d2_heldout100/379""]",descriptive_endpoint_transition_model_panel_not_root_where_novel
case_arm_occurrence,overall,ALL,compatible_partial_missed_by_legacy,4860,23046,0.21088258266076543,"[""DA_d2_heldout100/254"", ""DA_d2_heldout100/255"", ""DA_d2_heldout100/259"", ""DA_d2_heldout100/261"", ""DA_d2_heldout100/262"", ""DA_d2_heldout100/266"", ""DA_d2_heldout100/268"", ""DA_d2_heldout100/269"", ""DA_d2_heldout100/270"", ""DA_d2_heldout100/273"", ""DA_d2_heldout100/276"", ""DA_d2_heldout100/281"", ""DA_d2_heldout100/284"", ""DA_d2_heldout100/289"", ""DA_d2_heldout100/290"", ""DA_d2_heldout100/299"", ""DA_d2_heldout100/301"", ""DA_d2_heldout100/306"", ""DA_d2_heldout100/308"", ""DA_d2_heldout100/310""]",descriptive_endpoint_transition_model_panel_not_root_where_novel
case_arm_occurrence,overall,ALL,concordant_noncompatible_manifestation_related,2107,23046,0.09142584396424543,"[""DA_d2_heldout100/259"", ""DA_d2_heldout100/270"", ""DA_d2_heldout100/273"", ""DA_d2_heldout100/290"", ""DA_d2_heldout100/301"", ""DA_d2_heldout100/303"", ""DA_d2_heldout100/310"", ""DA_d2_heldout100/312"", ""DA_d2_heldout100/318"", ""DA_d2_heldout100/328"", ""DA_d2_heldout100/330"", ""DA_d2_heldout100/352"", ""DA_d2_heldout100/354"", ""DA_d2_heldout100/355"", ""DA_d2_heldout100/364"", ""DA_d2_heldout100/365"", ""DA_d2_heldout100/374"", ""DA_d2_heldout100/381"", ""DA_d2_heldout100/389"", ""DA_d2_heldout100/392""]",descriptive_endpoint_transition_model_panel_not_root_where_novel
case_arm_occurrence,overall,ALL,concordant_noncompatible_not_equivalent,4509,23046,0.1956521739130435,"[""DA_d2_heldout100/254"", ""DA_d2_heldout100/257"", ""DA_d2_heldout100/259"", ""DA_d2_heldout100/261"", ""DA_d2_heldout100/262"", ""DA_d2_heldout100/270"", ""DA_d2_heldout100/276"", ""DA_d2_heldout100/289"", ""DA_d2_heldout100/303"", ""DA_d2_heldout100/312"", ""DA_d2_heldout100/317"", ""DA_d2_heldout100/321"", ""DA_d2_heldout100/329"", ""DA_d2_heldout100/330"", ""DA_d2_heldout100/334"", ""DA_d2_heldout100/337"", ""DA_d2_heldout100/341"", ""DA_d2_heldout100/349"", ""DA_d2_heldout100/350"", ""DA_d2_heldout100/352""]",descriptive_endpoint_transition_model_panel_not_root_where_novel
case_arm_occurrence,overall,ALL,concordant_noncompatible_scope_conflict,4356,23046,0.1890132777922416,"[""DA_d2_heldout100/254"", ""DA_d2_heldout100/255"", ""DA_d2_heldout100/257"", ""DA_d2_heldout100/259"", ""DA_d2_heldout100/262"", ""DA_d2_heldout100/268"", ""DA_d2_heldout100/270"", ""DA_d2_heldout100/273"", ""DA_d2_heldout100/276"", ""DA_d2_heldout100/281"", ""DA_d2_heldout100/289"", ""DA_d2_heldout100/290"", ""DA_d2_heldout100/293"", ""DA_d2_heldout100/303"", ""DA_d2_heldout100/310"", ""DA_d2_heldout100/312"", ""DA_d2_heldout100/317"", ""DA_d2_heldout100/318"", ""DA_d2_heldout100/328"", ""DA_d2_heldout100/337""]",descriptive_endpoint_transition_model_panel_not_root_where_novel
case_arm_occurrence,overall,ALL,concordant_uncertain,291,23046,0.012626920072897682,"[""DA_d2_heldout100/257"", ""DA_d2_heldout100/266"", ""DA_d2_heldout100/290"", ""DA_d2_heldout100/352"", ""DA_d2_heldout100/365"", ""DA_d2_heldout100/372"", ""DA_d2_heldout100/389"", ""DA_d2_heldout100/392"", ""DA_d2_heldout200b/457"", ""DA_d2_heldout200b/464"", ""DA_d2_heldout200b/478"", ""DA_d2_heldout200b/480"", ""DA_d2_heldout200b/482"", ""DA_d2_heldout200b/484"", ""DA_d2_heldout200b/493"", ""DA_d2_heldout200b/497"", ""DA_d2_heldout200b/498"", ""DA_d2_heldout200b/523"", ""DA_d2_heldout200b/540"", ""DA_d2_heldout200b/583""]",descriptive_endpoint_transition_model_panel_not_root_where_novel
case_arm_occurrence,overall,ALL,legacy_false_positive_manifestation_related,7,23046,0.0003037403453961642,"[""DA_d2_heldout100/284"", ""DA_d2_heldout200b/518"", ""DA_d2_heldout200b/743""]",descriptive_endpoint_transition_model_panel_not_root_where_novel
case_arm_occurrence,overall,ALL,legacy_false_positive_not_equivalent,1,23046,4.3391477913737744e-05,"[""MCR_seq200b/430""]",descriptive_endpoint_transition_model_panel_not_root_where_novel
case_arm_occurrence,overall,ALL,legacy_false_positive_scope_conflict,52,23046,0.0022563568515143627,"[""DA_d2_heldout100/330"", ""DA_d2_heldout100/368"", ""DA_d2_heldout200b/489"", ""DA_d2_heldout200b/540"", ""MCR_seq200b/249"", ""MCR_seq200b/283"", ""MCR_seq200b/293"", ""MCR_seq200b/309"", ""MCR_seq200b/332"", ""MCR_seq200b/355"", ""MCR_seq200b/364"", ""MCR_v1_seq100/21"", ""MCR_v2_seq100/183"", ""MCR_v2_seq100/188"", ""MCR_v2_seq100/197"", ""MCR_v2_seq100/208"", ""MCR_v2_seq100/227""]",descriptive_endpoint_transition_model_panel_not_root_where_novel
case_arm_occurrence,overall,ALL,legacy_only_compatible_partial,2450,23046,0.10630912088865747,"[""DA_d2_heldout100/254"", ""DA_d2_heldout100/255"", ""DA_d2_heldout100/261"", ""DA_d2_heldout100/268"", ""DA_d2_heldout100/269"", ""DA_d2_heldout100/273"", ""DA_d2_heldout100/276"", ""DA_d2_heldout100/281"", ""DA_d2_heldout100/283"", ""DA_d2_heldout100/290"", ""DA_d2_heldout100/301"", ""DA_d2_heldout100/302"", ""DA_d2_heldout100/310"", ""DA_d2_heldout100/312"", ""DA_d2_heldout100/318"", ""DA_d2_heldout100/321"", ""DA_d2_heldout100/329"", ""DA_d2_heldout100/368"", ""DA_d2_heldout100/383"", ""DA_d2_heldout100/391""]",descriptive_endpoint_transition_model_panel_not_root_where_novel
case_arm_occurrence,overall,ALL,legacy_only_confirmed_complete,568,23046,0.02464635945500304,"[""DA_d2_heldout100/290"", ""DA_d2_heldout100/301"", ""DA_d2_heldout100/308"", ""DA_d2_heldout100/314"", ""DA_d2_heldout100/353"", ""DA_d2_heldout100/359"", ""DA_d2_heldout100/364"", ""DA_d2_heldout100/398"", ""DA_d2_heldout100/420"", ""DA_d2_heldout200b/461"", ""DA_d2_heldout200b/565"", ""DA_d2_heldout200b/568"", ""DA_d2_heldout200b/600"", ""DA_d2_heldout200b/608"", ""DA_d2_heldout200b/631"", ""DA_d2_heldout200b/653"", ""DA_d2_heldout200b/684"", ""DA_d2_heldout200b/687"", ""DA_d2_heldout200b/709"", ""DA_d2_heldout200b/763""]",descriptive_endpoint_transition_model_panel_not_root_where_novel
case_arm_occurrence,overall,ALL,legacy_positive_uncertain,14,23046,0.0006074806907923284,"[""MCR_seq200b/369"", ""MCR_seq200b/416"", ""MCR_seq200b/441"", ""MCR_v2_seq100/174"", ""MCR_v2_seq100/220"", ""MCR_v2_seq100/242""]",descriptive_endpoint_transition_model_panel_not_root_where_novel
case_arm_occurrence,overall,ALL,safe_exact_confirmed_complete,2733,23046,0.11858890913824525,"[""DA_d2_heldout100/257"", ""DA_d2_heldout100/259"", ""DA_d2_heldout100/261"", ""DA_d2_heldout100/262"", ""DA_d2_heldout100/270"", ""DA_d2_heldout100/276"", ""DA_d2_heldout100/290"", ""DA_d2_heldout100/299"", ""DA_d2_heldout100/302"", ""DA_d2_heldout100/306"", ""DA_d2_heldout100/308"", ""DA_d2_heldout100/313"", ""DA_d2_heldout100/314"", ""DA_d2_heldout100/317"", ""DA_d2_heldout100/328"", ""DA_d2_heldout100/329"", ""DA_d2_heldout100/333"", ""DA_d2_heldout100/334"", ""DA_d2_heldout100/341"", ""DA_d2_heldout100/347""]",descriptive_endpoint_transition_model_panel_not_root_where_novel
case_arm_occurrence,benchmark_family,DA,clinical_complete_missed_by_legacy,402,11571,0.034742027482499355,"[""DA_d2_heldout100/254"", ""DA_d2_heldout100/257"", ""DA_d2_heldout100/261"", ""DA_d2_heldout100/262"", ""DA_d2_heldout100/269"", ""DA_d2_heldout100/276"", ""DA_d2_heldout100/289"", ""DA_d2_heldout100/290"", ""DA_d2_heldout100/299"", ""DA_d2_heldout100/306"", ""DA_d2_heldout100/314"", ""DA_d2_heldout100/317"", ""DA_d2_heldout100/329"", ""DA_d2_heldout100/333"", ""DA_d2_heldout100/341"", ""DA_d2_heldout100/347"", ""DA_d2_heldout100/364"", ""DA_d2_heldout100/373"", ""DA_d2_heldout100/375"", ""DA_d2_heldout100/379""]",descriptive_endpoint_transition_model_panel_not_root_where_novel
case_arm_occurrence,benchmark_family,DA,compatible_partial_missed_by_legacy,3737,11571,0.3229625788609455,"[""DA_d2_heldout100/254"", ""DA_d2_heldout100/255"", ""DA_d2_heldout100/259"", ""DA_d2_heldout100/261"", ""DA_d2_heldout100/262"", ""DA_d2_heldout100/266"", ""DA_d2_heldout100/268"", ""DA_d2_heldout100/269"", ""DA_d2_heldout100/270"", ""DA_d2_heldout100/273"", ""DA_d2_heldout100/276"", ""DA_d2_heldout100/281"", ""DA_d2_heldout100/284"", ""DA_d2_heldout100/289"", ""DA_d2_heldout100/290"", ""DA_d2_heldout100/299"", ""DA_d2_heldout100/301"", ""DA_d2_heldout100/306"", ""DA_d2_heldout100/308"", ""DA_d2_heldout100/310""]",descriptive_endpoint_transition_model_panel_not_root_where_novel
case_arm_occurrence,benchmark_family,DA,concordant_noncompatible_manifestation_related,757,11571,0.06542217612998012,"[""DA_d2_heldout100/259"", ""DA_d2_heldout100/270"", ""DA_d2_heldout100/273"", ""DA_d2_heldout100/290"", ""DA_d2_heldout100/301"", ""DA_d2_heldout100/303"", ""DA_d2_heldout100/310"", ""DA_d2_heldout100/312"", ""DA_d2_heldout100/318"", ""DA_d2_heldout100/328"", ""DA_d2_heldout100/330"", ""DA_d2_heldout100/352"", ""DA_d2_heldout100/354"", ""DA_d2_heldout100/355"", ""DA_d2_heldout100/364"", ""DA_d2_heldout100/365"", ""DA_d2_heldout100/374"", ""DA_d2_heldout100/381"", ""DA_d2_heldout100/389"", ""DA_d2_heldout100/392""]",descriptive_endpoint_transition_model_panel_not_root_where_novel
case_arm_occurrence,benchmark_family,DA,concordant_noncompatible_not_equivalent,1464,11571,0.12652320456313196,"[""DA_d2_heldout100/254"", ""DA_d2_heldout100/257"", ""DA_d2_heldout100/259"", ""DA_d2_heldout100/261"", ""DA_d2_heldout100/262"", ""DA_d2_heldout100/270"", ""DA_d2_heldout100/276"", ""DA_d2_heldout100/289"", ""DA_d2_heldout100/303"", ""DA_d2_heldout100/312"", ""DA_d2_heldout100/317"", ""DA_d2_heldout100/321"", ""DA_d2_heldout100/329"", ""DA_d2_heldout100/330"", ""DA_d2_heldout100/334"", ""DA_d2_heldout100/337"", ""DA_d2_heldout100/341"", ""DA_d2_heldout100/349"", ""DA_d2_heldout100/350"", ""DA_d2_heldout100/352""]",descriptive_endpoint_transition_model_panel_not_root_where_novel
case_arm_occurrence,benchmark_family,DA,concordant_noncompatible_scope_conflict,2234,11571,0.19306887909428744,"[""DA_d2_heldout100/254"", ""DA_d2_heldout100/255"", ""DA_d2_heldout100/257"", ""DA_d2_heldout100/259"", ""DA_d2_heldout100/262"", ""DA_d2_heldout100/268"", ""DA_d2_heldout100/270"", ""DA_d2_heldout100/273"", ""DA_d2_heldout100/276"", ""DA_d2_heldout100/281"", ""DA_d2_heldout100/289"", ""DA_d2_heldout100/290"", ""DA_d2_heldout100/293"", ""DA_d2_heldout100/303"", ""DA_d2_heldout100/310"", ""DA_d2_heldout100/312"", ""DA_d2_heldout100/317"", ""DA_d2_heldout100/318"", ""DA_d2_heldout100/328"", ""DA_d2_heldout100/337""]",descriptive_endpoint_transition_model_panel_not_root_where_novel
case_arm_occurrence,benchmark_family,DA,concordant_uncertain,126,11571,0.010889292196007259,"[""DA_d2_heldout100/257"", ""DA_d2_heldout100/266"", ""DA_d2_heldout100/290"", ""DA_d2_heldout100/352"", ""DA_d2_heldout100/365"", ""DA_d2_heldout100/372"", ""DA_d2_heldout100/389"", ""DA_d2_heldout100/392"", ""DA_d2_heldout200b/457"", ""DA_d2_heldout200b/464"", ""DA_d2_heldout200b/478"", ""DA_d2_heldout200b/480"", ""DA_d2_heldout200b/482"", ""DA_d2_heldout200b/484"", ""DA_d2_heldout200b/493"", ""DA_d2_heldout200b/497"", ""DA_d2_heldout200b/498"", ""DA_d2_heldout200b/523"", ""DA_d2_heldout200b/540"", ""DA_d2_heldout200b/583""]",descriptive_endpoint_transition_model_panel_not_root_where_novel
case_arm_occurrence,benchmark_family,DA,legacy_false_positive_manifestation_related,7,11571,0.0006049606775559589,"[""DA_d2_heldout100/284"", ""DA_d2_heldout200b/518"", ""DA_d2_heldout200b/743""]",descriptive_endpoint_transition_model_panel_not_root_where_novel
case_arm_occurrence,benchmark_family,DA,legacy_false_positive_scope_conflict,20,11571,0.001728459078731311,"[""DA_d2_heldout100/330"", ""DA_d2_heldout100/368"", ""DA_d2_heldout200b/489"", ""DA_d2_heldout200b/540""]",descriptive_endpoint_transition_model_panel_not_root_where_novel
case_arm_occurrence,benchmark_family,DA,legacy_only_compatible_partial,1929,11571,0.16670987814363494,"[""DA_d2_heldout100/254"", ""DA_d2_heldout100/255"", ""DA_d2_heldout100/261"", ""DA_d2_heldout100/268"", ""DA_d2_heldout100/269"", ""DA_d2_heldout100/273"", ""DA_d2_heldout100/276"", ""DA_d2_heldout100/281"", ""DA_d2_heldout100/283"", ""DA_d2_heldout100/290"", ""DA_d2_heldout100/301"", ""DA_d2_heldout100/302"", ""DA_d2_heldout100/310"", ""DA_d2_heldout100/312"", ""DA_d2_heldout100/318"", ""DA_d2_heldout100/321"", ""DA_d2_heldout100/329"", ""DA_d2_heldout100/368"", ""DA_d2_heldout100/383"", ""DA_d2_heldout100/391""]",descriptive_endpoint_transition_model_panel_not_root_where_novel
case_arm_occurrence,benchmark_family,DA,legacy_only_confirmed_complete,141,11571,0.012185636505055743,"[""DA_d2_heldout100/290"", ""DA_d2_heldout100/301"", ""DA_d2_heldout100/308"", ""DA_d2_heldout100/314"", ""DA_d2_heldout100/353"", ""DA_d2_heldout100/359"", ""DA_d2_heldout100/364"", ""DA_d2_heldout100/398"", ""DA_d2_heldout100/420"", ""DA_d2_heldout200b/461"", ""DA_d2_heldout200b/565"", ""DA_d2_heldout200b/568"", ""DA_d2_heldout200b/600"", ""DA_d2_heldout200b/608"", ""DA_d2_heldout200b/631"", ""DA_d2_heldout200b/653"", ""DA_d2_heldout200b/684"", ""DA_d2_heldout200b/687"", ""DA_d2_heldout200b/709"", ""DA_d2_heldout200b/763""]",descriptive_endpoint_transition_model_panel_not_root_where_novel
case_arm_occurrence,benchmark_family,DA,safe_exact_confirmed_complete,754,11571,0.06516290726817042,"[""DA_d2_heldout100/257"", ""DA_d2_heldout100/259"", ""DA_d2_heldout100/261"", ""DA_d2_heldout100/262"", ""DA_d2_heldout100/270"", ""DA_d2_heldout100/276"", ""DA_d2_heldout100/290"", ""DA_d2_heldout100/299"", ""DA_d2_heldout100/302"", ""DA_d2_heldout100/306"", ""DA_d2_heldout100/308"", ""DA_d2_heldout100/313"", ""DA_d2_heldout100/314"", ""DA_d2_heldout100/317"", ""DA_d2_heldout100/328"", ""DA_d2_heldout100/329"", ""DA_d2_heldout100/333"", ""DA_d2_heldout100/334"", ""DA_d2_heldout100/341"", ""DA_d2_heldout100/347""]",descriptive_endpoint_transition_model_panel_not_root_where_novel
case_arm_occurrence,benchmark_family,MCR,clinical_complete_missed_by_legacy,696,11475,0.06065359477124183,"[""MCR_seq200b/250"", ""MCR_seq200b/251"", ""MCR_seq200b/252"", ""MCR_seq200b/266"", ""MCR_seq200b/270"", ""MCR_seq200b/272"", ""MCR_seq200b/283"", ""MCR_seq200b/285"", ""MCR_seq200b/290"", ""MCR_seq200b/291"", ""MCR_seq200b/292"", ""MCR_seq200b/295"", ""MCR_seq200b/296"", ""MCR_seq200b/297"", ""MCR_seq200b/301"", ""MCR_seq200b/309"", ""MCR_seq200b/310"", ""MCR_seq200b/312"", ""MCR_seq200b/314"", ""MCR_seq200b/316""]",descriptive_endpoint_transition_model_panel_not_root_where_novel
case_arm_occurrence,benchmark_family,MCR,compatible_partial_missed_by_legacy,1123,11475,0.09786492374727669,"[""MCR_seq200b/251"", ""MCR_seq200b/258"", ""MCR_seq200b/260"", ""MCR_seq200b/261"", ""MCR_seq200b/263"", ""MCR_seq200b/265"", ""MCR_seq200b/270"", ""MCR_seq200b/271"", ""MCR_seq200b/272"", ""MCR_seq200b/278"", ""MCR_seq200b/283"", ""MCR_seq200b/290"", ""MCR_seq200b/297"", ""MCR_seq200b/298"", ""MCR_seq200b/301"", ""MCR_seq200b/302"", ""MCR_seq200b/309"", ""MCR_seq200b/310"", ""MCR_seq200b/312"", ""MCR_seq200b/314""]",descriptive_endpoint_transition_model_panel_not_root_where_novel
case_arm_occurrence,benchmark_family,MCR,concordant_noncompatible_manifestation_related,1350,11475,0.11764705882352941,"[""MCR_seq200b/249"", ""MCR_seq200b/250"", ""MCR_seq200b/251"", ""MCR_seq200b/254"", ""MCR_seq200b/267"", ""MCR_seq200b/268"", ""MCR_seq200b/276"", ""MCR_seq200b/290"", ""MCR_seq200b/291"", ""MCR_seq200b/302"", ""MCR_seq200b/306"", ""MCR_seq200b/308"", ""MCR_seq200b/311"", ""MCR_seq200b/316"", ""MCR_seq200b/319"", ""MCR_seq200b/320"", ""MCR_seq200b/322"", ""MCR_seq200b/326"", ""MCR_seq200b/334"", ""MCR_seq200b/337""]",descriptive_endpoint_transition_model_panel_not_root_where_novel
case_arm_occurrence,benchmark_family,MCR,concordant_noncompatible_not_equivalent,3045,11475,0.265359477124183,"[""MCR_seq200b/249"", ""MCR_seq200b/251"", ""MCR_seq200b/252"", ""MCR_seq200b/258"", ""MCR_seq200b/259"", ""MCR_seq200b/262"", ""MCR_seq200b/263"", ""MCR_seq200b/266"", ""MCR_seq200b/267"", ""MCR_seq200b/268"", ""MCR_seq200b/269"", ""MCR_seq200b/270"", ""MCR_seq200b/275"", ""MCR_seq200b/276"", ""MCR_seq200b/277"", ""MCR_seq200b/279"", ""MCR_seq200b/283"", ""MCR_seq200b/284"", ""MCR_seq200b/288"", ""MCR_seq200b/290""]",descriptive_endpoint_transition_model_panel_not_root_where_novel
case_arm_occurrence,benchmark_family,MCR,concordant_noncompatible_scope_conflict,2122,11475,0.18492374727668845,"[""MCR_seq200b/260"", ""MCR_seq200b/264"", ""MCR_seq200b/265"", ""MCR_seq200b/267"", ""MCR_seq200b/268"", ""MCR_seq200b/270"", ""MCR_seq200b/272"", ""MCR_seq200b/274"", ""MCR_seq200b/275"", ""MCR_seq200b/277"", ""MCR_seq200b/279"", ""MCR_seq200b/284"", ""MCR_seq200b/290"", ""MCR_seq200b/291"", ""MCR_seq200b/292"", ""MCR_seq200b/296"", ""MCR_seq200b/299"", ""MCR_seq200b/301"", ""MCR_seq200b/302"", ""MCR_seq200b/303""]",descriptive_endpoint_transition_model_panel_not_root_where_novel
case_arm_occurrence,benchmark_family,MCR,concordant_uncertain,165,11475,0.01437908496732026,"[""MCR_seq200b/249"", ""MCR_seq200b/251"", ""MCR_seq200b/257"", ""MCR_seq200b/275"", ""MCR_seq200b/279"", ""MCR_seq200b/297"", ""MCR_seq200b/311"", ""MCR_seq200b/322"", ""MCR_seq200b/326"", ""MCR_seq200b/330"", ""MCR_seq200b/331"", ""MCR_seq200b/338"", ""MCR_seq200b/346"", ""MCR_seq200b/368"", ""MCR_seq200b/372"", ""MCR_seq200b/403"", ""MCR_seq200b/406"", ""MCR_seq200b/420"", ""MCR_seq200b/455"", ""MCR_seq200b/456""]",descriptive_endpoint_transition_model_panel_not_root_where_novel
case_arm_occurrence,benchmark_family,MCR,legacy_false_positive_not_equivalent,1,11475,8.714596949891067e-05,"[""MCR_seq200b/430""]",descriptive_endpoint_transition_model_panel_not_root_where_novel
case_arm_occurrence,benchmark_family,MCR,legacy_false_positive_scope_conflict,32,11475,0.0027886710239651414,"[""MCR_seq200b/249"", ""MCR_seq200b/283"", ""MCR_seq200b/293"", ""MCR_seq200b/309"", ""MCR_seq200b/332"", ""MCR_seq200b/355"", ""MCR_seq200b/364"", ""MCR_v1_seq100/21"", ""MCR_v2_seq100/183"", ""MCR_v2_seq100/188"", ""MCR_v2_seq100/197"", ""MCR_v2_seq100/208"", ""MCR_v2_seq100/227""]",descriptive_endpoint_transition_model_panel_not_root_where_novel
case_arm_occurrence,benchmark_family,MCR,legacy_only_compatible_partial,521,11475,0.04540305010893246,"[""MCR_seq200b/263"", ""MCR_seq200b/294"", ""MCR_seq200b/302"", ""MCR_seq200b/313"", ""MCR_seq200b/320"", ""MCR_seq200b/323"", ""MCR_seq200b/329"", ""MCR_seq200b/330"", ""MCR_seq200b/340"", ""MCR_seq200b/344"", ""MCR_seq200b/345"", ""MCR_seq200b/355"", ""MCR_seq200b/362"", ""MCR_seq200b/369"", ""MCR_seq200b/374"", ""MCR_seq200b/376"", ""MCR_seq200b/378"", ""MCR_seq200b/384"", ""MCR_seq200b/386"", ""MCR_seq200b/388""]",descriptive_endpoint_transition_model_panel_not_root_where_novel
case_arm_occurrence,benchmark_family,MCR,legacy_only_confirmed_complete,427,11475,0.03721132897603486,"[""MCR_seq200b/249"", ""MCR_seq200b/250"", ""MCR_seq200b/263"", ""MCR_seq200b/272"", ""MCR_seq200b/277"", ""MCR_seq200b/278"", ""MCR_seq200b/283"", ""MCR_seq200b/293"", ""MCR_seq200b/294"", ""MCR_seq200b/302"", ""MCR_seq200b/307"", ""MCR_seq200b/316"", ""MCR_seq200b/320"", ""MCR_seq200b/321"", ""MCR_seq200b/322"", ""MCR_seq200b/328"", ""MCR_seq200b/329"", ""MCR_seq200b/330"", ""MCR_seq200b/335"", ""MCR_seq200b/336""]",descriptive_endpoint_transition_model_panel_not_root_where_novel
case_arm_occurrence,benchmark_family,MCR,legacy_positive_uncertain,14,11475,0.0012200435729847494,"[""MCR_seq200b/369"", ""MCR_seq200b/416"", ""MCR_seq200b/441"", ""MCR_v2_seq100/174"", ""MCR_v2_seq100/220"", ""MCR_v2_seq100/242""]",descriptive_endpoint_transition_model_panel_not_root_where_novel
case_arm_occurrence,benchmark_family,MCR,safe_exact_confirmed_complete,1979,11475,0.17246187363834423,"[""MCR_seq200b/251"", ""MCR_seq200b/252"", ""MCR_seq200b/257"", ""MCR_seq200b/260"", ""MCR_seq200b/263"", ""MCR_seq200b/265"", ""MCR_seq200b/266"", ""MCR_seq200b/271"", ""MCR_seq200b/272"", ""MCR_seq200b/274"", ""MCR_seq200b/275"", ""MCR_seq200b/278"", ""MCR_seq200b/279"", ""MCR_seq200b/283"", ""MCR_seq200b/285"", ""MCR_seq200b/288"", ""MCR_seq200b/290"", ""MCR_seq200b/291"", ""MCR_seq200b/293"", ""MCR_seq200b/294""]",descriptive_endpoint_transition_model_panel_not_root_where_novel
case_arm_occurrence,experiment,E1,clinical_complete_missed_by_legacy,136,1538,0.08842652795838751,"[""DA_d2_heldout100/261"", ""DA_d2_heldout100/276"", ""DA_d2_heldout100/289"", ""DA_d2_heldout100/290"", ""DA_d2_heldout100/299"", ""DA_d2_heldout100/306"", ""DA_d2_heldout100/375"", ""DA_d2_heldout100/399"", ""DA_d2_heldout100/420"", ""DA_d2_heldout100/429"", ""DA_d2_heldout100/440"", ""DA_d2_heldout100/449"", ""DA_d2_heldout200b/464"", ""DA_d2_heldout200b/487"", ""DA_d2_heldout200b/506"", ""DA_d2_heldout200b/575"", ""DA_d2_heldout200b/586"", ""DA_d2_heldout200b/600"", ""DA_d2_heldout200b/615"", ""DA_d2_heldout200b/629""]",descriptive_endpoint_transition_model_panel_not_root_where_novel
case_arm_occurrence,experiment,E1,compatible_partial_missed_by_legacy,285,1538,0.18530559167750324,"[""DA_d2_heldout100/262"", ""DA_d2_heldout100/276"", ""DA_d2_heldout100/290"", ""DA_d2_heldout100/299"", ""DA_d2_heldout100/301"", ""DA_d2_heldout100/306"", ""DA_d2_heldout100/308"", ""DA_d2_heldout100/318"", ""DA_d2_heldout100/359"", ""DA_d2_heldout100/368"", ""DA_d2_heldout100/375"", ""DA_d2_heldout100/402"", ""DA_d2_heldout100/420"", ""DA_d2_heldout100/429"", ""DA_d2_heldout100/440"", ""DA_d2_heldout100/449"", ""DA_d2_heldout200b/455"", ""DA_d2_heldout200b/482"", ""DA_d2_heldout200b/487"", ""DA_d2_heldout200b/493""]",descriptive_endpoint_transition_model_panel_not_root_where_novel
case_arm_occurrence,experiment,E1,concordant_noncompatible_manifestation_related,48,1538,0.031209362808842653,"[""DA_d2_heldout100/301"", ""DA_d2_heldout100/318"", ""DA_d2_heldout100/399"", ""DA_d2_heldout100/440"", ""DA_d2_heldout200b/540"", ""DA_d2_heldout200b/555"", ""DA_d2_heldout200b/586"", ""DA_d2_heldout200b/684"", ""DA_d2_heldout200b/715"", ""DA_d2_seq100/21"", ""DA_d2_seq100/226"", ""MCR_seq200b/249"", ""MCR_seq200b/306"", ""MCR_seq200b/371"", ""MCR_seq200b/430"", ""MCR_v1_seq100/109"", ""MCR_v1_seq100/114"", ""MCR_v1_seq100/18"", ""MCR_v2_seq100/207"", ""MCR_v2_seq100/210""]",descriptive_endpoint_transition_model_panel_not_root_where_novel
case_arm_occurrence,experiment,E1,concordant_noncompatible_not_equivalent,157,1538,0.10208062418725618,"[""DA_d2_heldout100/352"", ""DA_d2_heldout100/398"", ""DA_d2_heldout200b/461"", ""DA_d2_heldout200b/464"", ""DA_d2_heldout200b/487"", ""DA_d2_heldout200b/501"", ""DA_d2_heldout200b/540"", ""DA_d2_heldout200b/565"", ""DA_d2_heldout200b/584"", ""DA_d2_heldout200b/620"", ""DA_d2_heldout200b/743"", ""DA_d2_heldout200b/762"", ""DA_d2_seq100/125"", ""DA_d2_seq100/161"", ""DA_d2_seq100/182"", ""DA_d2_seq100/27"", ""DA_d2_seq100/76"", ""MCR_seq200b/262"", ""MCR_seq200b/267"", ""MCR_seq200b/291""]",descriptive_endpoint_transition_model_panel_not_root_where_novel
case_arm_occurrence,experiment,E1,concordant_noncompatible_scope_conflict,233,1538,0.15149544863459039,"[""DA_d2_heldout100/312"", ""DA_d2_heldout100/349"", ""DA_d2_heldout100/364"", ""DA_d2_heldout100/398"", ""DA_d2_heldout100/402"", ""DA_d2_heldout100/424"", ""DA_d2_heldout100/449"", ""DA_d2_heldout200b/455"", ""DA_d2_heldout200b/461"", ""DA_d2_heldout200b/482"", ""DA_d2_heldout200b/493"", ""DA_d2_heldout200b/501"", ""DA_d2_heldout200b/523"", ""DA_d2_heldout200b/553"", ""DA_d2_heldout200b/555"", ""DA_d2_heldout200b/573"", ""DA_d2_heldout200b/604"", ""DA_d2_heldout200b/620"", ""DA_d2_heldout200b/629"", ""DA_d2_heldout200b/631""]",descriptive_endpoint_transition_model_panel_not_root_where_novel
case_arm_occurrence,experiment,E1,concordant_uncertain,53,1538,0.03446033810143043,"[""DA_d2_heldout100/352"", ""DA_d2_heldout200b/464"", ""DA_d2_heldout200b/482"", ""DA_d2_heldout200b/584"", ""DA_d2_heldout200b/715"", ""DA_d2_heldout200b/775"", ""DA_d2_seq100/122"", ""DA_d2_seq100/95"", ""MCR_seq200b/275"", ""MCR_seq200b/330"", ""MCR_seq200b/331"", ""MCR_seq200b/346"", ""MCR_v1_seq100/109"", ""MCR_v1_seq100/11"", ""MCR_v1_seq100/18"", ""MCR_v1_seq100/21"", ""MCR_v2_seq100/130"", ""MCR_v2_seq100/207"", ""MCR_v2_seq100/232"", ""MCR_v2_seq100/240""]",descriptive_endpoint_transition_model_panel_not_root_where_novel
case_arm_occurrence,experiment,E1,legacy_false_positive_scope_conflict,10,1538,0.006501950585175552,"[""DA_d2_heldout100/368"", ""MCR_seq200b/249"", ""MCR_seq200b/293"", ""MCR_seq200b/355"", ""MCR_v1_seq100/21"", ""MCR_v2_seq100/183"", ""MCR_v2_seq100/188""]",descriptive_endpoint_transition_model_panel_not_root_where_novel
case_arm_occurrence,experiment,E1,legacy_only_compatible_partial,96,1538,0.06241872561768531,"[""DA_d2_heldout100/261"", ""DA_d2_heldout100/276"", ""DA_d2_heldout100/290"", ""DA_d2_heldout100/312"", ""DA_d2_heldout100/318"", ""DA_d2_heldout100/368"", ""DA_d2_heldout100/424"", ""DA_d2_heldout200b/523"", ""DA_d2_heldout200b/551"", ""DA_d2_heldout200b/565"", ""DA_d2_heldout200b/574"", ""DA_d2_heldout200b/579"", ""DA_d2_heldout200b/584"", ""DA_d2_heldout200b/600"", ""DA_d2_heldout200b/608"", ""DA_d2_heldout200b/615"", ""DA_d2_heldout200b/631"", ""DA_d2_heldout200b/642"", ""DA_d2_heldout200b/645"", ""DA_d2_heldout200b/649""]",descriptive_endpoint_transition_model_panel_not_root_where_novel
case_arm_occurrence,experiment,E1,legacy_only_confirmed_complete,142,1538,0.09232769830949285,"[""DA_d2_heldout100/290"", ""DA_d2_heldout100/301"", ""DA_d2_heldout100/308"", ""DA_d2_heldout100/359"", ""DA_d2_heldout100/364"", ""DA_d2_heldout100/398"", ""DA_d2_heldout100/420"", ""DA_d2_heldout200b/461"", ""DA_d2_heldout200b/565"", ""DA_d2_heldout200b/568"", ""DA_d2_heldout200b/608"", ""DA_d2_heldout200b/631"", ""DA_d2_heldout200b/684"", ""DA_d2_seq100/134"", ""DA_d2_seq100/161"", ""DA_d2_seq100/228"", ""DA_d2_seq100/3"", ""DA_d2_seq100/99"", ""MCR_seq200b/249"", ""MCR_seq200b/272""]",descriptive_endpoint_transition_model_panel_not_root_where_novel
case_arm_occurrence,experiment,E1,legacy_positive_uncertain,2,1538,0.0013003901170351106,"[""MCR_seq200b/416""]",descriptive_endpoint_transition_model_panel_not_root_where_novel
case_arm_occurrence,experiment,E1,safe_exact_confirmed_complete,376,1538,0.2444733420026008,"[""DA_d2_heldout100/261"", ""DA_d2_heldout100/262"", ""DA_d2_heldout100/276"", ""DA_d2_heldout100/290"", ""DA_d2_heldout100/299"", ""DA_d2_heldout100/306"", ""DA_d2_heldout100/308"", ""DA_d2_heldout100/349"", ""DA_d2_heldout100/352"", ""DA_d2_heldout100/364"", ""DA_d2_heldout100/368"", ""DA_d2_heldout100/375"", ""DA_d2_heldout100/398"", ""DA_d2_heldout100/399"", ""DA_d2_heldout100/420"", ""DA_d2_heldout100/424"", ""DA_d2_heldout100/429"", ""DA_d2_heldout200b/455"", ""DA_d2_heldout200b/461"", ""DA_d2_heldout200b/464""]",descriptive_endpoint_transition_model_panel_not_root_where_novel
case_arm_occurrence,experiment,E10,clinical_complete_missed_by_legacy,49,1600,0.030625,"[""DA_d2_heldout100/314"", ""DA_d2_heldout200b/490"", ""DA_d2_seq100/186"", ""DA_d2_seq100/194"", ""MCR_seq200b/251"", ""MCR_seq200b/285"", ""MCR_seq200b/292"", ""MCR_seq200b/295"", ""MCR_seq200b/296"", ""MCR_seq200b/312"", ""MCR_seq200b/451"", ""MCR_v1_seq100/122"", ""MCR_v1_seq100/56"", ""MCR_v2_seq100/133"", ""MCR_v2_seq100/184"", ""MCR_v2_seq100/211""]",descriptive_endpoint_transition_model_panel_not_root_where_novel
case_arm_occurrence,experiment,E10,compatible_partial_missed_by_legacy,282,1600,0.17625,"[""DA_d2_heldout100/259"", ""DA_d2_heldout100/284"", ""DA_d2_heldout100/290"", ""DA_d2_heldout100/328"", ""DA_d2_heldout100/330"", ""DA_d2_heldout100/353"", ""DA_d2_heldout100/361"", ""DA_d2_heldout100/379"", ""DA_d2_heldout100/423"", ""DA_d2_heldout100/434"", ""DA_d2_heldout200b/459"", ""DA_d2_heldout200b/472"", ""DA_d2_heldout200b/473"", ""DA_d2_heldout200b/485"", ""DA_d2_heldout200b/535"", ""DA_d2_heldout200b/536"", ""DA_d2_heldout200b/556"", ""DA_d2_heldout200b/560"", ""DA_d2_heldout200b/563"", ""DA_d2_heldout200b/575""]",descriptive_endpoint_transition_model_panel_not_root_where_novel
case_arm_occurrence,experiment,E10,concordant_noncompatible_manifestation_related,195,1600,0.121875,"[""DA_d2_heldout100/352"", ""DA_d2_heldout100/355"", ""DA_d2_heldout100/364"", ""DA_d2_heldout100/400"", ""DA_d2_heldout200b/496"", ""DA_d2_heldout200b/497"", ""DA_d2_heldout200b/500"", ""DA_d2_heldout200b/540"", ""DA_d2_heldout200b/543"", ""DA_d2_heldout200b/559"", ""DA_d2_heldout200b/563"", ""DA_d2_heldout200b/589"", ""DA_d2_heldout200b/652"", ""DA_d2_heldout200b/662"", ""DA_d2_heldout200b/666"", ""DA_d2_heldout200b/676"", ""DA_d2_heldout200b/679"", ""DA_d2_heldout200b/685"", ""DA_d2_heldout200b/686"", ""DA_d2_heldout200b/759""]",descriptive_endpoint_transition_model_panel_not_root_where_novel
case_arm_occurrence,experiment,E10,concordant_noncompatible_not_equivalent,395,1600,0.246875,"[""DA_d2_heldout100/254"", ""DA_d2_heldout100/257"", ""DA_d2_heldout100/259"", ""DA_d2_heldout100/270"", ""DA_d2_heldout100/276"", ""DA_d2_heldout100/312"", ""DA_d2_heldout100/321"", ""DA_d2_heldout100/334"", ""DA_d2_heldout100/349"", ""DA_d2_heldout100/367"", ""DA_d2_heldout100/372"", ""DA_d2_heldout100/375"", ""DA_d2_heldout100/434"", ""DA_d2_heldout200b/464"", ""DA_d2_heldout200b/465"", ""DA_d2_heldout200b/478"", ""DA_d2_heldout200b/485"", ""DA_d2_heldout200b/493"", ""DA_d2_heldout200b/498"", ""DA_d2_heldout200b/501""]",descriptive_endpoint_transition_model_panel_not_root_where_novel
case_arm_occurrence,experiment,E10,concordant_noncompatible_scope_conflict,324,1600,0.2025,"[""DA_d2_heldout100/255"", ""DA_d2_heldout100/259"", ""DA_d2_heldout100/276"", ""DA_d2_heldout100/289"", ""DA_d2_heldout100/317"", ""DA_d2_heldout100/349"", ""DA_d2_heldout100/350"", ""DA_d2_heldout100/353"", ""DA_d2_heldout100/354"", ""DA_d2_heldout100/364"", ""DA_d2_heldout100/372"", ""DA_d2_heldout100/374"", ""DA_d2_heldout100/379"", ""DA_d2_heldout100/398"", ""DA_d2_heldout100/451"", ""DA_d2_heldout100/452"", ""DA_d2_heldout200b/457"", ""DA_d2_heldout200b/459"", ""DA_d2_heldout200b/478"", ""DA_d2_heldout200b/480""]",descriptive_endpoint_transition_model_panel_not_root_where_novel
case_arm_occurrence,experiment,E10,concordant_uncertain,11,1600,0.006875,"[""DA_d2_heldout100/365"", ""DA_d2_heldout200b/493"", ""MCR_seq200b/403"", ""MCR_v2_seq100/203""]",descriptive_endpoint_transition_model_panel_not_root_where_novel
case_arm_occurrence,experiment,E10,legacy_false_positive_scope_conflict,3,1600,0.001875,"[""DA_d2_heldout200b/489"", ""MCR_seq200b/309""]",descriptive_endpoint_transition_model_panel_not_root_where_novel
case_arm_occurrence,experiment,E10,legacy_only_compatible_partial,232,1600,0.145,"[""DA_d2_heldout100/261"", ""DA_d2_heldout100/268"", ""DA_d2_heldout100/273"", ""DA_d2_heldout100/281"", ""DA_d2_heldout100/283"", ""DA_d2_heldout100/329"", ""DA_d2_heldout100/368"", ""DA_d2_heldout100/383"", ""DA_d2_heldout100/415"", ""DA_d2_heldout100/425"", ""DA_d2_heldout100/431"", ""DA_d2_heldout200b/486"", ""DA_d2_heldout200b/488"", ""DA_d2_heldout200b/489"", ""DA_d2_heldout200b/500"", ""DA_d2_heldout200b/508"", ""DA_d2_heldout200b/510"", ""DA_d2_heldout200b/514"", ""DA_d2_heldout200b/523"", ""DA_d2_heldout200b/548""]",descriptive_endpoint_transition_model_panel_not_root_where_novel
case_arm_occurrence,experiment,E10,legacy_only_confirmed_complete,14,1600,0.00875,"[""DA_d2_heldout200b/653"", ""DA_d2_seq100/150"", ""MCR_seq200b/339"", ""MCR_seq200b/373"", ""MCR_seq200b/454""]",descriptive_endpoint_transition_model_panel_not_root_where_novel
case_arm_occurrence,experiment,E10,safe_exact_confirmed_complete,95,1600,0.059375,"[""MCR_seq200b/252"", ""MCR_seq200b/263"", ""MCR_seq200b/283"", ""MCR_seq200b/285"", ""MCR_seq200b/317"", ""MCR_seq200b/326"", ""MCR_seq200b/332"", ""MCR_seq200b/334"", ""MCR_seq200b/336"", ""MCR_seq200b/344"", ""MCR_seq200b/345"", ""MCR_seq200b/406"", ""MCR_seq200b/412"", ""MCR_seq200b/430"", ""MCR_seq200b/455"", ""MCR_v1_seq100/104"", ""MCR_v1_seq100/22"", ""MCR_v1_seq100/30"", ""MCR_v1_seq100/52"", ""MCR_v1_seq100/69""]",descriptive_endpoint_transition_model_panel_not_root_where_novel
case_arm_occurrence,experiment,E11,clinical_complete_missed_by_legacy,139,3200,0.0434375,"[""DA_d2_heldout100/254"", ""DA_d2_heldout100/289"", ""DA_d2_heldout100/314"", ""DA_d2_heldout100/452"", ""DA_d2_heldout200b/490"", ""DA_d2_heldout200b/653"", ""DA_d2_heldout200b/746"", ""DA_d2_seq100/107"", ""MCR_seq200b/251"", ""MCR_seq200b/252"", ""MCR_seq200b/285"", ""MCR_seq200b/292"", ""MCR_seq200b/295"", ""MCR_seq200b/296"", ""MCR_seq200b/309"", ""MCR_seq200b/312"", ""MCR_seq200b/332"", ""MCR_seq200b/442"", ""MCR_seq200b/451"", ""MCR_v1_seq100/112""]",descriptive_endpoint_transition_model_panel_not_root_where_novel
case_arm_occurrence,experiment,E11,compatible_partial_missed_by_legacy,696,3200,0.2175,"[""DA_d2_heldout100/254"", ""DA_d2_heldout100/268"", ""DA_d2_heldout100/276"", ""DA_d2_heldout100/281"", ""DA_d2_heldout100/284"", ""DA_d2_heldout100/290"", ""DA_d2_heldout100/330"", ""DA_d2_heldout100/361"", ""DA_d2_heldout100/365"", ""DA_d2_heldout100/375"", ""DA_d2_heldout100/379"", ""DA_d2_heldout100/415"", ""DA_d2_heldout100/423"", ""DA_d2_heldout100/431"", ""DA_d2_heldout100/434"", ""DA_d2_heldout100/451"", ""DA_d2_heldout200b/459"", ""DA_d2_heldout200b/472"", ""DA_d2_heldout200b/493"", ""DA_d2_heldout200b/496""]",descriptive_endpoint_transition_model_panel_not_root_where_novel
case_arm_occurrence,experiment,E11,concordant_noncompatible_manifestation_related,317,3200,0.0990625,"[""DA_d2_heldout100/259"", ""DA_d2_heldout100/270"", ""DA_d2_heldout100/273"", ""DA_d2_heldout100/352"", ""DA_d2_heldout100/355"", ""DA_d2_heldout100/364"", ""DA_d2_heldout100/400"", ""DA_d2_heldout200b/478"", ""DA_d2_heldout200b/497"", ""DA_d2_heldout200b/540"", ""DA_d2_heldout200b/559"", ""DA_d2_heldout200b/645"", ""DA_d2_heldout200b/662"", ""DA_d2_heldout200b/666"", ""DA_d2_heldout200b/676"", ""DA_d2_heldout200b/685"", ""DA_d2_heldout200b/686"", ""DA_d2_heldout200b/759"", ""DA_d2_seq100/114"", ""DA_d2_seq100/147""]",descriptive_endpoint_transition_model_panel_not_root_where_novel
case_arm_occurrence,experiment,E11,concordant_noncompatible_not_equivalent,689,3200,0.2153125,"[""DA_d2_heldout100/259"", ""DA_d2_heldout100/261"", ""DA_d2_heldout100/270"", ""DA_d2_heldout100/289"", ""DA_d2_heldout100/317"", ""DA_d2_heldout100/321"", ""DA_d2_heldout100/334"", ""DA_d2_heldout100/352"", ""DA_d2_heldout100/364"", ""DA_d2_heldout100/367"", ""DA_d2_heldout100/372"", ""DA_d2_heldout100/375"", ""DA_d2_heldout100/451"", ""DA_d2_heldout200b/457"", ""DA_d2_heldout200b/464"", ""DA_d2_heldout200b/465"", ""DA_d2_heldout200b/473"", ""DA_d2_heldout200b/486"", ""DA_d2_heldout200b/496"", ""DA_d2_heldout200b/497""]",descriptive_endpoint_transition_model_panel_not_root_where_novel
case_arm_occurrence,experiment,E11,concordant_noncompatible_scope_conflict,719,3200,0.2246875,"[""DA_d2_heldout100/255"", ""DA_d2_heldout100/257"", ""DA_d2_heldout100/259"", ""DA_d2_heldout100/270"", ""DA_d2_heldout100/289"", ""DA_d2_heldout100/312"", ""DA_d2_heldout100/317"", ""DA_d2_heldout100/328"", ""DA_d2_heldout100/349"", ""DA_d2_heldout100/350"", ""DA_d2_heldout100/353"", ""DA_d2_heldout100/354"", ""DA_d2_heldout100/361"", ""DA_d2_heldout100/364"", ""DA_d2_heldout100/365"", ""DA_d2_heldout100/374"", ""DA_d2_heldout100/398"", ""DA_d2_heldout100/434"", ""DA_d2_heldout100/451"", ""DA_d2_heldout100/452""]",descriptive_endpoint_transition_model_panel_not_root_where_novel
case_arm_occurrence,experiment,E11,concordant_uncertain,23,3200,0.0071875,"[""DA_d2_heldout200b/497"", ""DA_d2_heldout200b/730"", ""DA_d2_seq100/181"", ""MCR_seq200b/372"", ""MCR_v1_seq100/1"", ""MCR_v1_seq100/11"", ""MCR_v1_seq100/60"", ""MCR_v1_seq100/86"", ""MCR_v1_seq100/93"", ""MCR_v2_seq100/179"", ""MCR_v2_seq100/186"", ""MCR_v2_seq100/203""]",descriptive_endpoint_transition_model_panel_not_root_where_novel
case_arm_occurrence,experiment,E11,legacy_only_compatible_partial,354,3200,0.110625,"[""DA_d2_heldout100/261"", ""DA_d2_heldout100/268"", ""DA_d2_heldout100/283"", ""DA_d2_heldout100/329"", ""DA_d2_heldout100/368"", ""DA_d2_heldout100/383"", ""DA_d2_heldout100/415"", ""DA_d2_heldout100/425"", ""DA_d2_heldout200b/488"", ""DA_d2_heldout200b/489"", ""DA_d2_heldout200b/500"", ""DA_d2_heldout200b/508"", ""DA_d2_heldout200b/510"", ""DA_d2_heldout200b/514"", ""DA_d2_heldout200b/523"", ""DA_d2_heldout200b/548"", ""DA_d2_heldout200b/568"", ""DA_d2_heldout200b/574"", ""DA_d2_heldout200b/577"", ""DA_d2_heldout200b/579""]",descriptive_endpoint_transition_model_panel_not_root_where_novel
case_arm_occurrence,experiment,E11,legacy_only_confirmed_complete,55,3200,0.0171875,"[""DA_d2_heldout200b/653"", ""DA_d2_seq100/150"", ""MCR_seq200b/412"", ""MCR_seq200b/454"", ""MCR_seq200b/458"", ""MCR_v1_seq100/11"", ""MCR_v1_seq100/22"", ""MCR_v1_seq100/93"", ""MCR_v2_seq100/144""]",descriptive_endpoint_transition_model_panel_not_root_where_novel
case_arm_occurrence,experiment,E11,legacy_positive_uncertain,2,3200,0.000625,"[""MCR_seq200b/441""]",descriptive_endpoint_transition_model_panel_not_root_where_novel
case_arm_occurrence,experiment,E11,safe_exact_confirmed_complete,206,3200,0.064375,"[""DA_d2_heldout100/314"", ""DA_d2_heldout200b/568"", ""DA_d2_seq100/87"", ""MCR_seq200b/252"", ""MCR_seq200b/260"", ""MCR_seq200b/263"", ""MCR_seq200b/283"", ""MCR_seq200b/285"", ""MCR_seq200b/309"", ""MCR_seq200b/317"", ""MCR_seq200b/326"", ""MCR_seq200b/334"", ""MCR_seq200b/336"", ""MCR_seq200b/344"", ""MCR_seq200b/345"", ""MCR_seq200b/406"", ""MCR_seq200b/441"", ""MCR_seq200b/480"", ""MCR_v1_seq100/104"", ""MCR_v1_seq100/22""]",descriptive_endpoint_transition_model_panel_not_root_where_novel
case_arm_occurrence,experiment,E12,clinical_complete_missed_by_legacy,158,5811,0.027189812424711753,"[""DA_d2_heldout200b/633"", ""DA_d2_seq100/186"", ""MCR_seq200b/251"", ""MCR_seq200b/296"", ""MCR_seq200b/301"", ""MCR_seq200b/376"", ""MCR_seq200b/411"", ""MCR_v1_seq100/112"", ""MCR_v1_seq100/17"", ""MCR_v1_seq100/47"", ""MCR_v1_seq100/76"", ""MCR_v2_seq100/197"", ""MCR_v2_seq100/208""]",descriptive_endpoint_transition_model_panel_not_root_where_novel
case_arm_occurrence,experiment,E12,compatible_partial_missed_by_legacy,1259,5811,0.2166580622956462,"[""DA_d2_heldout100/259"", ""DA_d2_heldout100/262"", ""DA_d2_heldout100/266"", ""DA_d2_heldout100/268"", ""DA_d2_heldout100/269"", ""DA_d2_heldout100/290"", ""DA_d2_heldout100/310"", ""DA_d2_heldout100/318"", ""DA_d2_heldout100/321"", ""DA_d2_heldout100/330"", ""DA_d2_heldout100/359"", ""DA_d2_heldout100/365"", ""DA_d2_heldout100/372"", ""DA_d2_heldout100/379"", ""DA_d2_heldout100/391"", ""DA_d2_heldout100/397"", ""DA_d2_heldout100/404"", ""DA_d2_heldout100/414"", ""DA_d2_heldout100/437"", ""DA_d2_heldout100/439""]",descriptive_endpoint_transition_model_panel_not_root_where_novel
case_arm_occurrence,experiment,E12,concordant_noncompatible_manifestation_related,644,5811,0.11082429874376183,"[""DA_d2_heldout100/273"", ""DA_d2_heldout100/290"", ""DA_d2_heldout100/318"", ""DA_d2_heldout100/328"", ""DA_d2_heldout100/354"", ""DA_d2_heldout100/364"", ""DA_d2_heldout100/389"", ""DA_d2_heldout100/392"", ""DA_d2_heldout100/437"", ""DA_d2_heldout100/439"", ""DA_d2_heldout200b/474"", ""DA_d2_heldout200b/497"", ""DA_d2_heldout200b/524"", ""DA_d2_heldout200b/527"", ""DA_d2_heldout200b/540"", ""DA_d2_heldout200b/548"", ""DA_d2_heldout200b/560"", ""DA_d2_heldout200b/566"", ""DA_d2_heldout200b/569"", ""DA_d2_heldout200b/587""]",descriptive_endpoint_transition_model_panel_not_root_where_novel
case_arm_occurrence,experiment,E12,concordant_noncompatible_not_equivalent,1463,5811,0.2517638960591981,"[""DA_d2_heldout100/262"", ""DA_d2_heldout100/303"", ""DA_d2_heldout100/321"", ""DA_d2_heldout100/330"", ""DA_d2_heldout100/337"", ""DA_d2_heldout100/341"", ""DA_d2_heldout100/354"", ""DA_d2_heldout100/364"", ""DA_d2_heldout100/372"", ""DA_d2_heldout100/392"", ""DA_d2_heldout100/414"", ""DA_d2_heldout100/437"", ""DA_d2_heldout200b/498"", ""DA_d2_heldout200b/518"", ""DA_d2_heldout200b/523"", ""DA_d2_heldout200b/565"", ""DA_d2_heldout200b/566"", ""DA_d2_heldout200b/574"", ""DA_d2_heldout200b/578"", ""DA_d2_heldout200b/587""]",descriptive_endpoint_transition_model_panel_not_root_where_novel
case_arm_occurrence,experiment,E12,concordant_noncompatible_scope_conflict,1061,5811,0.1825847530545517,"[""DA_d2_heldout100/259"", ""DA_d2_heldout100/281"", ""DA_d2_heldout100/290"", ""DA_d2_heldout100/303"", ""DA_d2_heldout100/328"", ""DA_d2_heldout100/354"", ""DA_d2_heldout100/364"", ""DA_d2_heldout100/372"", ""DA_d2_heldout100/389"", ""DA_d2_heldout100/392"", ""DA_d2_heldout100/420"", ""DA_d2_heldout100/451"", ""DA_d2_heldout200b/474"", ""DA_d2_heldout200b/477"", ""DA_d2_heldout200b/478"", ""DA_d2_heldout200b/480"", ""DA_d2_heldout200b/485"", ""DA_d2_heldout200b/524"", ""DA_d2_heldout200b/527"", ""DA_d2_heldout200b/549""]",descriptive_endpoint_transition_model_panel_not_root_where_novel
case_arm_occurrence,experiment,E12,concordant_uncertain,62,5811,0.01066942006539322,"[""DA_d2_heldout100/266"", ""DA_d2_heldout100/290"", ""DA_d2_heldout100/392"", ""DA_d2_heldout200b/480"", ""DA_d2_heldout200b/498"", ""DA_d2_heldout200b/662"", ""DA_d2_heldout200b/723"", ""DA_d2_seq100/183"", ""DA_d2_seq100/29"", ""DA_d2_seq100/33"", ""MCR_seq200b/456"", ""MCR_v1_seq100/28"", ""MCR_v1_seq100/3"", ""MCR_v1_seq100/43"", ""MCR_v1_seq100/64"", ""MCR_v2_seq100/200"", ""MCR_v2_seq100/207"", ""MCR_v2_seq100/221""]",descriptive_endpoint_transition_model_panel_not_root_where_novel
case_arm_occurrence,experiment,E12,legacy_false_positive_manifestation_related,5,5811,0.0008604371020478403,"[""DA_d2_heldout200b/518"", ""DA_d2_heldout200b/743""]",descriptive_endpoint_transition_model_panel_not_root_where_novel
case_arm_occurrence,experiment,E12,legacy_false_positive_scope_conflict,21,5811,0.0036138358286009293,"[""DA_d2_heldout200b/489"", ""MCR_seq200b/283"", ""MCR_v2_seq100/197""]",descriptive_endpoint_transition_model_panel_not_root_where_novel
case_arm_occurrence,experiment,E12,legacy_only_compatible_partial,644,5811,0.11082429874376183,"[""DA_d2_heldout100/269"", ""DA_d2_heldout100/273"", ""DA_d2_heldout100/281"", ""DA_d2_heldout100/321"", ""DA_d2_heldout100/383"", ""DA_d2_heldout100/391"", ""DA_d2_heldout100/392"", ""DA_d2_heldout100/415"", ""DA_d2_heldout100/420"", ""DA_d2_heldout100/431"", ""DA_d2_heldout100/451"", ""DA_d2_heldout200b/489"", ""DA_d2_heldout200b/497"", ""DA_d2_heldout200b/508"", ""DA_d2_heldout200b/510"", ""DA_d2_heldout200b/518"", ""DA_d2_heldout200b/523"", ""DA_d2_heldout200b/536"", ""DA_d2_heldout200b/548"", ""DA_d2_heldout200b/549""]",descriptive_endpoint_transition_model_panel_not_root_where_novel
case_arm_occurrence,experiment,E12,legacy_only_confirmed_complete,62,5811,0.01066942006539322,"[""DA_d2_seq100/103"", ""MCR_seq200b/335"", ""MCR_v1_seq100/45"", ""MCR_v1_seq100/95"", ""MCR_v2_seq100/169"", ""MCR_v2_seq100/209""]",descriptive_endpoint_transition_model_panel_not_root_where_novel
case_arm_occurrence,experiment,E12,safe_exact_confirmed_complete,432,5811,0.0743417656169334,"[""DA_d2_heldout200b/540"", ""MCR_seq200b/263"", ""MCR_seq200b/278"", ""MCR_seq200b/283"", ""MCR_seq200b/320"", ""MCR_seq200b/328"", ""MCR_seq200b/329"", ""MCR_seq200b/332"", ""MCR_seq200b/345"", ""MCR_seq200b/384"", ""MCR_seq200b/396"", ""MCR_seq200b/431"", ""MCR_seq200b/444"", ""MCR_seq200b/448"", ""MCR_seq200b/458"", ""MCR_v1_seq100/104"", ""MCR_v1_seq100/105"", ""MCR_v1_seq100/12"", ""MCR_v1_seq100/24"", ""MCR_v1_seq100/46""]",descriptive_endpoint_transition_model_panel_not_root_where_novel
case_arm_occurrence,experiment,E14x,clinical_complete_missed_by_legacy,26,600,0.043333333333333335,"[""DA_d2_seq100/161"", ""DA_d2_seq100/207"", ""MCR_v1_seq100/122"", ""MCR_v1_seq100/17"", ""MCR_v1_seq100/2"", ""MCR_v1_seq100/49"", ""MCR_v1_seq100/56"", ""MCR_v1_seq100/73"", ""MCR_v1_seq100/8"", ""MCR_v2_seq100/131"", ""MCR_v2_seq100/133"", ""MCR_v2_seq100/184"", ""MCR_v2_seq100/197"", ""MCR_v2_seq100/211"", ""MCR_v2_seq100/213"", ""MCR_v2_seq100/233""]",descriptive_endpoint_transition_model_panel_not_root_where_novel
case_arm_occurrence,experiment,E14x,compatible_partial_missed_by_legacy,91,600,0.15166666666666667,"[""DA_d2_seq100/100"", ""DA_d2_seq100/102"", ""DA_d2_seq100/11"", ""DA_d2_seq100/118"", ""DA_d2_seq100/132"", ""DA_d2_seq100/134"", ""DA_d2_seq100/139"", ""DA_d2_seq100/140"", ""DA_d2_seq100/151"", ""DA_d2_seq100/158"", ""DA_d2_seq100/163"", ""DA_d2_seq100/164"", ""DA_d2_seq100/165"", ""DA_d2_seq100/167"", ""DA_d2_seq100/183"", ""DA_d2_seq100/187"", ""DA_d2_seq100/19"", ""DA_d2_seq100/190"", ""DA_d2_seq100/216"", ""DA_d2_seq100/225""]",descriptive_endpoint_transition_model_panel_not_root_where_novel
case_arm_occurrence,experiment,E14x,concordant_noncompatible_manifestation_related,50,600,0.08333333333333333,"[""DA_d2_seq100/114"", ""DA_d2_seq100/132"", ""DA_d2_seq100/198"", ""DA_d2_seq100/21"", ""DA_d2_seq100/22"", ""DA_d2_seq100/231"", ""DA_d2_seq100/67"", ""MCR_v1_seq100/1"", ""MCR_v1_seq100/114"", ""MCR_v1_seq100/121"", ""MCR_v1_seq100/123"", ""MCR_v1_seq100/16"", ""MCR_v1_seq100/2"", ""MCR_v1_seq100/20"", ""MCR_v1_seq100/3"", ""MCR_v1_seq100/5"", ""MCR_v1_seq100/65"", ""MCR_v1_seq100/68"", ""MCR_v1_seq100/7"", ""MCR_v1_seq100/77""]",descriptive_endpoint_transition_model_panel_not_root_where_novel
case_arm_occurrence,experiment,E14x,concordant_noncompatible_not_equivalent,156,600,0.26,"[""DA_d2_seq100/100"", ""DA_d2_seq100/107"", ""DA_d2_seq100/111"", ""DA_d2_seq100/114"", ""DA_d2_seq100/117"", ""DA_d2_seq100/119"", ""DA_d2_seq100/120"", ""DA_d2_seq100/122"", ""DA_d2_seq100/124"", ""DA_d2_seq100/125"", ""DA_d2_seq100/147"", ""DA_d2_seq100/161"", ""DA_d2_seq100/181"", ""DA_d2_seq100/182"", ""DA_d2_seq100/188"", ""DA_d2_seq100/21"", ""DA_d2_seq100/22"", ""DA_d2_seq100/226"", ""DA_d2_seq100/242"", ""DA_d2_seq100/243""]",descriptive_endpoint_transition_model_panel_not_root_where_novel
case_arm_occurrence,experiment,E14x,concordant_noncompatible_scope_conflict,121,600,0.20166666666666666,"[""DA_d2_seq100/103"", ""DA_d2_seq100/12"", ""DA_d2_seq100/124"", ""DA_d2_seq100/129"", ""DA_d2_seq100/137"", ""DA_d2_seq100/163"", ""DA_d2_seq100/174"", ""DA_d2_seq100/181"", ""DA_d2_seq100/205"", ""DA_d2_seq100/219"", ""DA_d2_seq100/220"", ""DA_d2_seq100/229"", ""DA_d2_seq100/5"", ""DA_d2_seq100/57"", ""DA_d2_seq100/7"", ""DA_d2_seq100/89"", ""DA_d2_seq100/95"", ""MCR_v1_seq100/104"", ""MCR_v1_seq100/106"", ""MCR_v1_seq100/107""]",descriptive_endpoint_transition_model_panel_not_root_where_novel
case_arm_occurrence,experiment,E14x,concordant_uncertain,3,600,0.005,"[""DA_d2_seq100/102"", ""MCR_v1_seq100/44"", ""MCR_v2_seq100/129""]",descriptive_endpoint_transition_model_panel_not_root_where_novel
case_arm_occurrence,experiment,E14x,legacy_only_compatible_partial,82,600,0.13666666666666666,"[""DA_d2_seq100/111"", ""DA_d2_seq100/128"", ""DA_d2_seq100/149"", ""DA_d2_seq100/15"", ""DA_d2_seq100/156"", ""DA_d2_seq100/177"", ""DA_d2_seq100/186"", ""DA_d2_seq100/194"", ""DA_d2_seq100/198"", ""DA_d2_seq100/202"", ""DA_d2_seq100/206"", ""DA_d2_seq100/211"", ""DA_d2_seq100/214"", ""DA_d2_seq100/227"", ""DA_d2_seq100/228"", ""DA_d2_seq100/233"", ""DA_d2_seq100/237"", ""DA_d2_seq100/241"", ""DA_d2_seq100/249"", ""DA_d2_seq100/27""]",descriptive_endpoint_transition_model_panel_not_root_where_novel
case_arm_occurrence,experiment,E14x,legacy_only_confirmed_complete,6,600,0.01,"[""DA_d2_seq100/150"", ""MCR_v1_seq100/11"", ""MCR_v1_seq100/63"", ""MCR_v1_seq100/82""]",descriptive_endpoint_transition_model_panel_not_root_where_novel
case_arm_occurrence,experiment,E14x,safe_exact_confirmed_complete,65,600,0.10833333333333334,"[""DA_d2_seq100/173"", ""DA_d2_seq100/229"", ""DA_d2_seq100/99"", ""MCR_v1_seq100/105"", ""MCR_v1_seq100/117"", ""MCR_v1_seq100/12"", ""MCR_v1_seq100/125"", ""MCR_v1_seq100/21"", ""MCR_v1_seq100/22"", ""MCR_v1_seq100/24"", ""MCR_v1_seq100/34"", ""MCR_v1_seq100/4"", ""MCR_v1_seq100/46"", ""MCR_v1_seq100/52"", ""MCR_v1_seq100/54"", ""MCR_v1_seq100/60"", ""MCR_v1_seq100/74"", ""MCR_v1_seq100/76"", ""MCR_v1_seq100/78"", ""MCR_v2_seq100/134""]",descriptive_endpoint_transition_model_panel_not_root_where_novel
case_arm_occurrence,experiment,E4,clinical_complete_missed_by_legacy,84,2000,0.042,"[""DA_d2_heldout100/257"", ""DA_d2_heldout100/314"", ""DA_d2_heldout200b/646"", ""DA_d2_heldout200b/740"", ""DA_d2_seq100/186"", ""DA_d2_seq100/219"", ""MCR_seq200b/251"", ""MCR_seq200b/285"", ""MCR_seq200b/292"", ""MCR_seq200b/295"", ""MCR_seq200b/296"", ""MCR_seq200b/301"", ""MCR_seq200b/312"", ""MCR_seq200b/332"", ""MCR_seq200b/340"", ""MCR_seq200b/451"", ""MCR_v1_seq100/122"", ""MCR_v1_seq100/16"", ""MCR_v1_seq100/67"", ""MCR_v1_seq100/73""]",descriptive_endpoint_transition_model_panel_not_root_where_novel
case_arm_occurrence,experiment,E4,compatible_partial_missed_by_legacy,465,2000,0.2325,"[""DA_d2_heldout100/254"", ""DA_d2_heldout100/255"", ""DA_d2_heldout100/259"", ""DA_d2_heldout100/261"", ""DA_d2_heldout100/268"", ""DA_d2_heldout100/276"", ""DA_d2_heldout100/281"", ""DA_d2_heldout100/284"", ""DA_d2_heldout100/289"", ""DA_d2_heldout100/290"", ""DA_d2_heldout100/328"", ""DA_d2_heldout100/330"", ""DA_d2_heldout100/334"", ""DA_d2_heldout100/350"", ""DA_d2_heldout100/354"", ""DA_d2_heldout100/361"", ""DA_d2_heldout100/365"", ""DA_d2_heldout100/372"", ""DA_d2_heldout100/375"", ""DA_d2_heldout100/379""]",descriptive_endpoint_transition_model_panel_not_root_where_novel
case_arm_occurrence,experiment,E4,concordant_noncompatible_manifestation_related,195,2000,0.0975,"[""DA_d2_heldout100/270"", ""DA_d2_heldout100/273"", ""DA_d2_heldout100/312"", ""DA_d2_heldout100/352"", ""DA_d2_heldout100/354"", ""DA_d2_heldout100/355"", ""DA_d2_heldout100/365"", ""DA_d2_heldout100/374"", ""DA_d2_heldout100/400"", ""DA_d2_heldout200b/486"", ""DA_d2_heldout200b/496"", ""DA_d2_heldout200b/500"", ""DA_d2_heldout200b/540"", ""DA_d2_heldout200b/559"", ""DA_d2_heldout200b/560"", ""DA_d2_heldout200b/563"", ""DA_d2_heldout200b/577"", ""DA_d2_heldout200b/584"", ""DA_d2_heldout200b/587"", ""DA_d2_heldout200b/603""]",descriptive_endpoint_transition_model_panel_not_root_where_novel
case_arm_occurrence,experiment,E4,concordant_noncompatible_not_equivalent,421,2000,0.2105,"[""DA_d2_heldout100/312"", ""DA_d2_heldout100/317"", ""DA_d2_heldout100/321"", ""DA_d2_heldout100/334"", ""DA_d2_heldout100/350"", ""DA_d2_heldout100/355"", ""DA_d2_heldout100/361"", ""DA_d2_heldout100/364"", ""DA_d2_heldout100/367"", ""DA_d2_heldout100/368"", ""DA_d2_heldout100/372"", ""DA_d2_heldout100/375"", ""DA_d2_heldout200b/457"", ""DA_d2_heldout200b/464"", ""DA_d2_heldout200b/465"", ""DA_d2_heldout200b/473"", ""DA_d2_heldout200b/480"", ""DA_d2_heldout200b/493"", ""DA_d2_heldout200b/498"", ""DA_d2_heldout200b/501""]",descriptive_endpoint_transition_model_panel_not_root_where_novel
case_arm_occurrence,experiment,E4,concordant_noncompatible_scope_conflict,373,2000,0.1865,"[""DA_d2_heldout100/254"", ""DA_d2_heldout100/257"", ""DA_d2_heldout100/259"", ""DA_d2_heldout100/270"", ""DA_d2_heldout100/276"", ""DA_d2_heldout100/281"", ""DA_d2_heldout100/289"", ""DA_d2_heldout100/312"", ""DA_d2_heldout100/317"", ""DA_d2_heldout100/349"", ""DA_d2_heldout100/350"", ""DA_d2_heldout100/352"", ""DA_d2_heldout100/354"", ""DA_d2_heldout100/361"", ""DA_d2_heldout100/364"", ""DA_d2_heldout100/374"", ""DA_d2_heldout100/398"", ""DA_d2_heldout100/451"", ""DA_d2_heldout100/452"", ""DA_d2_heldout200b/457""]",descriptive_endpoint_transition_model_panel_not_root_where_novel
case_arm_occurrence,experiment,E4,concordant_uncertain,23,2000,0.0115,"[""DA_d2_heldout200b/457"", ""DA_d2_heldout200b/464"", ""DA_d2_heldout200b/478"", ""DA_d2_heldout200b/480"", ""DA_d2_heldout200b/498"", ""DA_d2_heldout200b/652"", ""DA_d2_heldout200b/703"", ""DA_d2_seq100/28"", ""MCR_seq200b/326"", ""MCR_seq200b/368"", ""MCR_seq200b/406"", ""MCR_v1_seq100/56"", ""MCR_v2_seq100/200""]",descriptive_endpoint_transition_model_panel_not_root_where_novel
case_arm_occurrence,experiment,E4,legacy_false_positive_not_equivalent,1,2000,0.0005,"[""MCR_seq200b/430""]",descriptive_endpoint_transition_model_panel_not_root_where_novel
case_arm_occurrence,experiment,E4,legacy_only_compatible_partial,227,2000,0.1135,"[""DA_d2_heldout100/254"", ""DA_d2_heldout100/255"", ""DA_d2_heldout100/261"", ""DA_d2_heldout100/273"", ""DA_d2_heldout100/276"", ""DA_d2_heldout100/281"", ""DA_d2_heldout100/283"", ""DA_d2_heldout100/321"", ""DA_d2_heldout100/329"", ""DA_d2_heldout100/368"", ""DA_d2_heldout100/383"", ""DA_d2_heldout100/415"", ""DA_d2_heldout100/425"", ""DA_d2_heldout100/431"", ""DA_d2_heldout200b/485"", ""DA_d2_heldout200b/486"", ""DA_d2_heldout200b/488"", ""DA_d2_heldout200b/489"", ""DA_d2_heldout200b/497"", ""DA_d2_heldout200b/500""]",descriptive_endpoint_transition_model_panel_not_root_where_novel
case_arm_occurrence,experiment,E4,legacy_only_confirmed_complete,45,2000,0.0225,"[""DA_d2_heldout100/314"", ""DA_d2_heldout100/353"", ""DA_d2_heldout200b/653"", ""DA_d2_seq100/150"", ""DA_d2_seq100/3"", ""MCR_seq200b/294"", ""MCR_seq200b/339"", ""MCR_seq200b/373"", ""MCR_seq200b/430"", ""MCR_seq200b/454"", ""MCR_v1_seq100/11"", ""MCR_v1_seq100/45"", ""MCR_v2_seq100/162"", ""MCR_v2_seq100/169""]",descriptive_endpoint_transition_model_panel_not_root_where_novel
case_arm_occurrence,experiment,E4,safe_exact_confirmed_complete,166,2000,0.083,"[""DA_d2_heldout100/334"", ""DA_d2_heldout200b/490"", ""DA_d2_seq100/229"", ""DA_d2_seq100/87"", ""MCR_seq200b/252"", ""MCR_seq200b/260"", ""MCR_seq200b/263"", ""MCR_seq200b/283"", ""MCR_seq200b/285"", ""MCR_seq200b/309"", ""MCR_seq200b/317"", ""MCR_seq200b/326"", ""MCR_seq200b/334"", ""MCR_seq200b/336"", ""MCR_seq200b/344"", ""MCR_seq200b/345"", ""MCR_seq200b/374"", ""MCR_seq200b/383"", ""MCR_seq200b/387"", ""MCR_seq200b/406""]",descriptive_endpoint_transition_model_panel_not_root_where_novel
case_arm_occurrence,experiment,E5,clinical_complete_missed_by_legacy,79,1558,0.050706033376123234,"[""DA_d2_heldout100/257"", ""DA_d2_heldout100/306"", ""DA_d2_heldout100/317"", ""DA_d2_heldout100/329"", ""DA_d2_heldout100/347"", ""DA_d2_heldout100/373"", ""DA_d2_heldout100/375"", ""DA_d2_heldout200b/586"", ""DA_d2_heldout200b/603"", ""DA_d2_heldout200b/628"", ""DA_d2_heldout200b/645"", ""DA_d2_heldout200b/646"", ""DA_d2_heldout200b/653"", ""DA_d2_heldout200b/723"", ""DA_d2_seq100/99"", ""MCR_seq200b/266"", ""MCR_seq200b/283"", ""MCR_seq200b/312"", ""MCR_seq200b/314"", ""MCR_seq200b/327""]",descriptive_endpoint_transition_model_panel_not_root_where_novel
case_arm_occurrence,experiment,E5,compatible_partial_missed_by_legacy,177,1558,0.11360718870346598,"[""DA_d2_heldout100/259"", ""DA_d2_heldout100/273"", ""DA_d2_heldout100/301"", ""DA_d2_heldout100/310"", ""DA_d2_heldout100/328"", ""DA_d2_heldout100/359"", ""DA_d2_heldout100/389"", ""DA_d2_heldout100/431"", ""DA_d2_heldout200b/497"", ""DA_d2_heldout200b/524"", ""DA_d2_heldout200b/529"", ""DA_d2_heldout200b/530"", ""DA_d2_heldout200b/563"", ""DA_d2_heldout200b/569"", ""DA_d2_heldout200b/589"", ""DA_d2_heldout200b/630"", ""DA_d2_heldout200b/636"", ""DA_d2_heldout200b/645"", ""DA_d2_heldout200b/701"", ""DA_d2_heldout200b/723""]",descriptive_endpoint_transition_model_panel_not_root_where_novel
case_arm_occurrence,experiment,E5,concordant_noncompatible_manifestation_related,13,1558,0.00834403080872914,"[""DA_d2_heldout200b/497"", ""DA_d2_heldout200b/583"", ""DA_d2_heldout200b/593"", ""MCR_seq200b/319"", ""MCR_seq200b/342"", ""MCR_seq200b/355"", ""MCR_seq200b/408"", ""MCR_seq200b/461"", ""MCR_v1_seq100/40"", ""MCR_v2_seq100/210""]",descriptive_endpoint_transition_model_panel_not_root_where_novel
case_arm_occurrence,experiment,E5,concordant_noncompatible_not_equivalent,83,1558,0.05327342747111682,"[""DA_d2_heldout100/317"", ""DA_d2_heldout200b/694"", ""MCR_seq200b/251"", ""MCR_seq200b/288"", ""MCR_seq200b/299"", ""MCR_seq200b/302"", ""MCR_seq200b/319"", ""MCR_seq200b/330"", ""MCR_seq200b/338"", ""MCR_seq200b/342"", ""MCR_seq200b/354"", ""MCR_seq200b/372"", ""MCR_seq200b/403"", ""MCR_seq200b/413"", ""MCR_seq200b/419"", ""MCR_seq200b/460"", ""MCR_seq200b/468"", ""MCR_v1_seq100/107"", ""MCR_v1_seq100/128"", ""MCR_v1_seq100/18""]",descriptive_endpoint_transition_model_panel_not_root_where_novel
case_arm_occurrence,experiment,E5,concordant_noncompatible_scope_conflict,163,1558,0.10462130937098844,"[""DA_d2_heldout100/259"", ""DA_d2_heldout100/367"", ""DA_d2_heldout100/374"", ""DA_d2_heldout100/452"", ""DA_d2_heldout200b/482"", ""DA_d2_heldout200b/490"", ""DA_d2_heldout200b/498"", ""DA_d2_heldout200b/530"", ""DA_d2_heldout200b/548"", ""DA_d2_heldout200b/563"", ""DA_d2_heldout200b/573"", ""DA_d2_heldout200b/589"", ""DA_d2_heldout200b/591"", ""DA_d2_heldout200b/602"", ""DA_d2_heldout200b/653"", ""DA_d2_heldout200b/694"", ""DA_d2_heldout200b/724"", ""DA_d2_heldout200b/741"", ""DA_d2_heldout200b/747"", ""DA_d2_heldout200b/748""]",descriptive_endpoint_transition_model_panel_not_root_where_novel
case_arm_occurrence,experiment,E5,concordant_uncertain,22,1558,0.014120667522464698,"[""DA_d2_heldout200b/482"", ""DA_d2_heldout200b/661"", ""MCR_seq200b/257"", ""MCR_seq200b/279"", ""MCR_seq200b/403"", ""MCR_seq200b/461""]",descriptive_endpoint_transition_model_panel_not_root_where_novel
case_arm_occurrence,experiment,E5,legacy_false_positive_scope_conflict,1,1558,0.0006418485237483953,"[""MCR_seq200b/283""]",descriptive_endpoint_transition_model_panel_not_root_where_novel
case_arm_occurrence,experiment,E5,legacy_only_compatible_partial,33,1558,0.021181001283697046,"[""DA_d2_heldout100/302"", ""DA_d2_heldout200b/488"", ""DA_d2_heldout200b/507"", ""DA_d2_heldout200b/574"", ""DA_d2_heldout200b/775"", ""DA_d2_seq100/15"", ""MCR_seq200b/302"", ""MCR_seq200b/330"", ""MCR_seq200b/384"", ""MCR_seq200b/468"", ""MCR_v1_seq100/40"", ""MCR_v1_seq100/72"", ""MCR_v2_seq100/165"", ""MCR_v2_seq100/234"", ""MCR_v2_seq100/237""]",descriptive_endpoint_transition_model_panel_not_root_where_novel
case_arm_occurrence,experiment,E5,legacy_only_confirmed_complete,8,1558,0.005134788189987163,"[""DA_d2_seq100/99"", ""MCR_seq200b/356"", ""MCR_seq200b/420"", ""MCR_seq200b/450""]",descriptive_endpoint_transition_model_panel_not_root_where_novel
case_arm_occurrence,experiment,E5,safe_exact_confirmed_complete,979,1558,0.6283697047496791,"[""DA_d2_heldout100/257"", ""DA_d2_heldout100/259"", ""DA_d2_heldout100/261"", ""DA_d2_heldout100/270"", ""DA_d2_heldout100/290"", ""DA_d2_heldout100/302"", ""DA_d2_heldout100/306"", ""DA_d2_heldout100/313"", ""DA_d2_heldout100/317"", ""DA_d2_heldout100/328"", ""DA_d2_heldout100/329"", ""DA_d2_heldout100/333"", ""DA_d2_heldout100/341"", ""DA_d2_heldout100/347"", ""DA_d2_heldout100/359"", ""DA_d2_heldout100/367"", ""DA_d2_heldout100/373"", ""DA_d2_heldout100/374"", ""DA_d2_heldout100/375"", ""DA_d2_heldout100/404""]",descriptive_endpoint_transition_model_panel_not_root_where_novel
case_arm_occurrence,experiment,E6,clinical_complete_missed_by_legacy,108,804,0.13432835820895522,"[""DA_d2_heldout100/262"", ""DA_d2_heldout100/269"", ""DA_d2_heldout100/290"", ""DA_d2_heldout100/341"", ""DA_d2_heldout100/364"", ""DA_d2_heldout100/379"", ""DA_d2_heldout100/383"", ""DA_d2_heldout100/389"", ""DA_d2_heldout100/420"", ""DA_d2_heldout100/439"", ""DA_d2_heldout100/451"", ""DA_d2_heldout200b/477"", ""DA_d2_heldout200b/523"", ""DA_d2_heldout200b/527"", ""DA_d2_heldout200b/532"", ""DA_d2_heldout200b/575"", ""DA_d2_heldout200b/615"", ""DA_d2_heldout200b/618"", ""DA_d2_heldout200b/621"", ""DA_d2_heldout200b/622""]",descriptive_endpoint_transition_model_panel_not_root_where_novel
case_arm_occurrence,experiment,E6,compatible_partial_missed_by_legacy,177,804,0.22014925373134328,"[""DA_d2_heldout100/262"", ""DA_d2_heldout100/266"", ""DA_d2_heldout100/268"", ""DA_d2_heldout100/273"", ""DA_d2_heldout100/281"", ""DA_d2_heldout100/290"", ""DA_d2_heldout100/318"", ""DA_d2_heldout100/321"", ""DA_d2_heldout100/328"", ""DA_d2_heldout100/337"", ""DA_d2_heldout100/354"", ""DA_d2_heldout100/359"", ""DA_d2_heldout100/365"", ""DA_d2_heldout100/372"", ""DA_d2_heldout100/391"", ""DA_d2_heldout100/397"", ""DA_d2_heldout100/414"", ""DA_d2_heldout100/420"", ""DA_d2_heldout100/431"", ""DA_d2_heldout100/437""]",descriptive_endpoint_transition_model_panel_not_root_where_novel
case_arm_occurrence,experiment,E6,concordant_noncompatible_manifestation_related,13,804,0.01616915422885572,"[""DA_d2_heldout100/330"", ""DA_d2_heldout100/431"", ""DA_d2_heldout200b/754"", ""DA_d2_seq100/81"", ""MCR_seq200b/409"", ""MCR_seq200b/443"", ""MCR_seq200b/455"", ""MCR_v1_seq100/20"", ""MCR_v1_seq100/55"", ""MCR_v2_seq100/207""]",descriptive_endpoint_transition_model_panel_not_root_where_novel
case_arm_occurrence,experiment,E6,concordant_noncompatible_not_equivalent,125,804,0.15547263681592038,"[""DA_d2_heldout100/392"", ""DA_d2_heldout200b/620"", ""DA_d2_heldout200b/754"", ""DA_d2_heldout200b/762"", ""DA_d2_heldout200b/766"", ""DA_d2_seq100/117"", ""DA_d2_seq100/242"", ""DA_d2_seq100/76"", ""MCR_seq200b/249"", ""MCR_seq200b/251"", ""MCR_seq200b/266"", ""MCR_seq200b/267"", ""MCR_seq200b/269"", ""MCR_seq200b/270"", ""MCR_seq200b/288"", ""MCR_seq200b/290"", ""MCR_seq200b/297"", ""MCR_seq200b/306"", ""MCR_seq200b/319"", ""MCR_seq200b/321""]",descriptive_endpoint_transition_model_panel_not_root_where_novel
case_arm_occurrence,experiment,E6,concordant_noncompatible_scope_conflict,234,804,0.291044776119403,"[""DA_d2_heldout100/259"", ""DA_d2_heldout100/262"", ""DA_d2_heldout100/268"", ""DA_d2_heldout100/273"", ""DA_d2_heldout100/303"", ""DA_d2_heldout100/310"", ""DA_d2_heldout100/318"", ""DA_d2_heldout100/337"", ""DA_d2_heldout100/354"", ""DA_d2_heldout100/359"", ""DA_d2_heldout100/364"", ""DA_d2_heldout100/383"", ""DA_d2_heldout100/404"", ""DA_d2_heldout100/414"", ""DA_d2_heldout100/415"", ""DA_d2_heldout100/439"", ""DA_d2_heldout200b/459"", ""DA_d2_heldout200b/478"", ""DA_d2_heldout200b/484"", ""DA_d2_heldout200b/498""]",descriptive_endpoint_transition_model_panel_not_root_where_novel
case_arm_occurrence,experiment,E6,concordant_uncertain,21,804,0.026119402985074626,"[""DA_d2_heldout100/372"", ""DA_d2_heldout100/392"", ""DA_d2_heldout200b/540"", ""DA_d2_heldout200b/723"", ""DA_d2_seq100/183"", ""DA_d2_seq100/28"", ""DA_d2_seq100/95"", ""MCR_seq200b/251"", ""MCR_seq200b/297"", ""MCR_seq200b/311"", ""MCR_seq200b/338"", ""MCR_v1_seq100/11"", ""MCR_v1_seq100/43"", ""MCR_v2_seq100/177"", ""MCR_v2_seq100/207"", ""MCR_v2_seq100/244""]",descriptive_endpoint_transition_model_panel_not_root_where_novel
case_arm_occurrence,experiment,E6,legacy_false_positive_scope_conflict,9,804,0.011194029850746268,"[""DA_d2_heldout100/330"", ""DA_d2_heldout200b/489"", ""DA_d2_heldout200b/540"", ""MCR_seq200b/249"", ""MCR_seq200b/332"", ""MCR_seq200b/364"", ""MCR_v2_seq100/227""]",descriptive_endpoint_transition_model_panel_not_root_where_novel
case_arm_occurrence,experiment,E6,legacy_only_compatible_partial,29,804,0.036069651741293535,"[""DA_d2_heldout100/392"", ""DA_d2_heldout200b/621"", ""DA_d2_heldout200b/754"", ""DA_d2_seq100/147"", ""DA_d2_seq100/220"", ""DA_d2_seq100/95"", ""MCR_seq200b/263"", ""MCR_seq200b/313"", ""MCR_seq200b/320"", ""MCR_seq200b/376"", ""MCR_seq200b/418"", ""MCR_v1_seq100/117"", ""MCR_v1_seq100/54"", ""MCR_v1_seq100/99"", ""MCR_v2_seq100/154"", ""MCR_v2_seq100/209"", ""MCR_v2_seq100/227""]",descriptive_endpoint_transition_model_panel_not_root_where_novel
case_arm_occurrence,experiment,E6,legacy_only_confirmed_complete,72,804,0.08955223880597014,"[""DA_d2_heldout200b/600"", ""DA_d2_heldout200b/687"", ""DA_d2_seq100/57"", ""MCR_seq200b/249"", ""MCR_seq200b/250"", ""MCR_seq200b/263"", ""MCR_seq200b/278"", ""MCR_seq200b/283"", ""MCR_seq200b/320"", ""MCR_seq200b/322"", ""MCR_seq200b/328"", ""MCR_seq200b/329"", ""MCR_seq200b/345"", ""MCR_seq200b/364"", ""MCR_seq200b/369"", ""MCR_seq200b/378"", ""MCR_seq200b/396"", ""MCR_seq200b/431"", ""MCR_seq200b/442"", ""MCR_seq200b/444""]",descriptive_endpoint_transition_model_panel_not_root_where_novel
case_arm_occurrence,experiment,E6,legacy_positive_uncertain,6,804,0.007462686567164179,"[""MCR_seq200b/369"", ""MCR_v2_seq100/174"", ""MCR_v2_seq100/220"", ""MCR_v2_seq100/242""]",descriptive_endpoint_transition_model_panel_not_root_where_novel
case_arm_occurrence,experiment,E6,safe_exact_confirmed_complete,10,804,0.012437810945273632,"[""DA_d2_heldout200b/508"", ""MCR_seq200b/345"", ""MCR_seq200b/374"", ""MCR_seq200b/444"", ""MCR_seq200b/448"", ""MCR_v1_seq100/74""]",descriptive_endpoint_transition_model_panel_not_root_where_novel
case_arm_occurrence,experiment,E6x,clinical_complete_missed_by_legacy,66,513,0.1286549707602339,"[""DA_d2_heldout100/262"", ""DA_d2_heldout100/269"", ""DA_d2_heldout100/290"", ""DA_d2_heldout100/341"", ""DA_d2_heldout100/420"", ""DA_d2_heldout200b/527"", ""DA_d2_heldout200b/532"", ""DA_d2_heldout200b/575"", ""DA_d2_heldout200b/615"", ""DA_d2_heldout200b/621"", ""DA_d2_heldout200b/660"", ""DA_d2_heldout200b/706"", ""DA_d2_heldout200b/738"", ""DA_d2_heldout200b/752"", ""DA_d2_heldout200b/753"", ""DA_d2_heldout200b/757"", ""DA_d2_heldout200b/763"", ""DA_d2_heldout200b/777"", ""DA_d2_seq100/103"", ""DA_d2_seq100/132""]",descriptive_endpoint_transition_model_panel_not_root_where_novel
case_arm_occurrence,experiment,E6x,compatible_partial_missed_by_legacy,99,513,0.19298245614035087,"[""DA_d2_heldout100/268"", ""DA_d2_heldout100/273"", ""DA_d2_heldout100/281"", ""DA_d2_heldout100/318"", ""DA_d2_heldout100/328"", ""DA_d2_heldout100/337"", ""DA_d2_heldout100/365"", ""DA_d2_heldout100/372"", ""DA_d2_heldout100/391"", ""DA_d2_heldout100/397"", ""DA_d2_heldout100/414"", ""DA_d2_heldout100/420"", ""DA_d2_heldout100/431"", ""DA_d2_heldout100/437"", ""DA_d2_heldout100/439"", ""DA_d2_heldout100/451"", ""DA_d2_heldout200b/474"", ""DA_d2_heldout200b/477"", ""DA_d2_heldout200b/480"", ""DA_d2_heldout200b/484""]",descriptive_endpoint_transition_model_panel_not_root_where_novel
case_arm_occurrence,experiment,E6x,concordant_noncompatible_manifestation_related,10,513,0.01949317738791423,"[""DA_d2_heldout100/330"", ""DA_d2_seq100/81"", ""MCR_seq200b/322"", ""MCR_seq200b/443"", ""MCR_v1_seq100/20"", ""MCR_v1_seq100/55"", ""MCR_v2_seq100/207""]",descriptive_endpoint_transition_model_panel_not_root_where_novel
case_arm_occurrence,experiment,E6x,concordant_noncompatible_not_equivalent,86,513,0.16764132553606237,"[""DA_d2_heldout100/372"", ""DA_d2_heldout100/392"", ""DA_d2_heldout200b/743"", ""DA_d2_heldout200b/754"", ""DA_d2_heldout200b/762"", ""DA_d2_seq100/242"", ""DA_d2_seq100/76"", ""MCR_seq200b/251"", ""MCR_seq200b/267"", ""MCR_seq200b/269"", ""MCR_seq200b/270"", ""MCR_seq200b/288"", ""MCR_seq200b/290"", ""MCR_seq200b/297"", ""MCR_seq200b/303"", ""MCR_seq200b/306"", ""MCR_seq200b/319"", ""MCR_seq200b/321"", ""MCR_seq200b/335"", ""MCR_seq200b/353""]",descriptive_endpoint_transition_model_panel_not_root_where_novel
case_arm_occurrence,experiment,E6x,concordant_noncompatible_scope_conflict,164,513,0.31968810916179335,"[""DA_d2_heldout100/259"", ""DA_d2_heldout100/262"", ""DA_d2_heldout100/268"", ""DA_d2_heldout100/303"", ""DA_d2_heldout100/310"", ""DA_d2_heldout100/318"", ""DA_d2_heldout100/354"", ""DA_d2_heldout100/359"", ""DA_d2_heldout100/364"", ""DA_d2_heldout100/383"", ""DA_d2_heldout100/392"", ""DA_d2_heldout100/404"", ""DA_d2_heldout100/414"", ""DA_d2_heldout100/431"", ""DA_d2_heldout100/439"", ""DA_d2_heldout100/451"", ""DA_d2_heldout200b/459"", ""DA_d2_heldout200b/489"", ""DA_d2_heldout200b/498"", ""DA_d2_heldout200b/508""]",descriptive_endpoint_transition_model_panel_not_root_where_novel
case_arm_occurrence,experiment,E6x,concordant_uncertain,10,513,0.01949317738791423,"[""DA_d2_heldout200b/484"", ""MCR_seq200b/297"", ""MCR_seq200b/311"", ""MCR_v1_seq100/43"", ""MCR_v2_seq100/177"", ""MCR_v2_seq100/207"", ""MCR_v2_seq100/244""]",descriptive_endpoint_transition_model_panel_not_root_where_novel
case_arm_occurrence,experiment,E6x,legacy_false_positive_scope_conflict,4,513,0.007797270955165692,"[""DA_d2_heldout200b/540"", ""MCR_seq200b/249"", ""MCR_seq200b/332""]",descriptive_endpoint_transition_model_panel_not_root_where_novel
case_arm_occurrence,experiment,E6x,legacy_only_compatible_partial,16,513,0.031189083820662766,"[""DA_d2_heldout100/383"", ""DA_d2_seq100/220"", ""DA_d2_seq100/95"", ""MCR_seq200b/313"", ""MCR_seq200b/320"", ""MCR_seq200b/329"", ""MCR_seq200b/418"", ""MCR_v1_seq100/105"", ""MCR_v1_seq100/117"", ""MCR_v1_seq100/54"", ""MCR_v1_seq100/99"", ""MCR_v2_seq100/154""]",descriptive_endpoint_transition_model_panel_not_root_where_novel
case_arm_occurrence,experiment,E6x,legacy_only_confirmed_complete,49,513,0.09551656920077972,"[""DA_d2_heldout200b/763"", ""DA_d2_seq100/57"", ""MCR_seq200b/250"", ""MCR_seq200b/263"", ""MCR_seq200b/278"", ""MCR_seq200b/320"", ""MCR_seq200b/322"", ""MCR_seq200b/328"", ""MCR_seq200b/329"", ""MCR_seq200b/364"", ""MCR_seq200b/369"", ""MCR_seq200b/396"", ""MCR_seq200b/418"", ""MCR_seq200b/431"", ""MCR_seq200b/444"", ""MCR_seq200b/458"", ""MCR_v1_seq100/104"", ""MCR_v1_seq100/117"", ""MCR_v1_seq100/24"", ""MCR_v1_seq100/41""]",descriptive_endpoint_transition_model_panel_not_root_where_novel
case_arm_occurrence,experiment,E6x,legacy_positive_uncertain,4,513,0.007797270955165692,"[""MCR_v2_seq100/174"", ""MCR_v2_seq100/220"", ""MCR_v2_seq100/242""]",descriptive_endpoint_transition_model_panel_not_root_where_novel
case_arm_occurrence,experiment,E6x,safe_exact_confirmed_complete,5,513,0.009746588693957114,"[""MCR_seq200b/345"", ""MCR_seq200b/448"", ""MCR_v1_seq100/74""]",descriptive_endpoint_transition_model_panel_not_root_where_novel
case_arm_occurrence,experiment,E7b,clinical_complete_missed_by_legacy,67,1197,0.055973266499582286,"[""DA_d2_heldout100/257"", ""DA_d2_heldout100/333"", ""DA_d2_heldout200b/481"", ""DA_d2_heldout200b/671"", ""DA_d2_heldout200b/687"", ""DA_d2_seq100/207"", ""DA_d2_seq100/214"", ""DA_d2_seq100/45"", ""DA_d2_seq100/90"", ""MCR_seq200b/292"", ""MCR_seq200b/310"", ""MCR_seq200b/312"", ""MCR_seq200b/368"", ""MCR_seq200b/383"", ""MCR_seq200b/388"", ""MCR_seq200b/431"", ""MCR_seq200b/438"", ""MCR_seq200b/475"", ""MCR_v1_seq100/16"", ""MCR_v1_seq100/17""]",descriptive_endpoint_transition_model_panel_not_root_where_novel
case_arm_occurrence,experiment,E7b,compatible_partial_missed_by_legacy,301,1197,0.25146198830409355,"[""DA_d2_heldout100/259"", ""DA_d2_heldout100/266"", ""DA_d2_heldout100/268"", ""DA_d2_heldout100/269"", ""DA_d2_heldout100/270"", ""DA_d2_heldout100/281"", ""DA_d2_heldout100/284"", ""DA_d2_heldout100/290"", ""DA_d2_heldout100/301"", ""DA_d2_heldout100/306"", ""DA_d2_heldout100/310"", ""DA_d2_heldout100/321"", ""DA_d2_heldout100/328"", ""DA_d2_heldout100/359"", ""DA_d2_heldout100/361"", ""DA_d2_heldout100/365"", ""DA_d2_heldout100/375"", ""DA_d2_heldout100/379"", ""DA_d2_heldout100/387"", ""DA_d2_heldout100/397""]",descriptive_endpoint_transition_model_panel_not_root_where_novel
case_arm_occurrence,experiment,E7b,concordant_noncompatible_manifestation_related,146,1197,0.12197159565580618,"[""DA_d2_heldout100/310"", ""DA_d2_heldout100/318"", ""DA_d2_heldout100/354"", ""DA_d2_heldout100/381"", ""DA_d2_heldout100/400"", ""DA_d2_heldout100/431"", ""DA_d2_heldout100/432"", ""DA_d2_heldout100/449"", ""DA_d2_heldout200b/474"", ""DA_d2_heldout200b/566"", ""DA_d2_heldout200b/567"", ""DA_d2_heldout200b/637"", ""DA_d2_heldout200b/662"", ""DA_d2_heldout200b/692"", ""DA_d2_heldout200b/693"", ""DA_d2_heldout200b/735"", ""DA_d2_heldout200b/771"", ""DA_d2_heldout200b/774"", ""DA_d2_seq100/11"", ""DA_d2_seq100/114""]",descriptive_endpoint_transition_model_panel_not_root_where_novel
case_arm_occurrence,experiment,E7b,concordant_noncompatible_not_equivalent,158,1197,0.13199665831244778,"[""DA_d2_heldout100/355"", ""DA_d2_heldout100/356"", ""DA_d2_heldout100/364"", ""DA_d2_heldout100/414"", ""DA_d2_heldout100/424"", ""DA_d2_heldout200b/498"", ""DA_d2_heldout200b/513"", ""DA_d2_heldout200b/584"", ""DA_d2_heldout200b/591"", ""DA_d2_heldout200b/633"", ""DA_d2_heldout200b/661"", ""DA_d2_heldout200b/719"", ""DA_d2_heldout200b/731"", ""DA_d2_heldout200b/763"", ""DA_d2_seq100/125"", ""DA_d2_seq100/147"", ""DA_d2_seq100/173"", ""DA_d2_seq100/63"", ""DA_d2_seq100/76"", ""MCR_seq200b/259""]",descriptive_endpoint_transition_model_panel_not_root_where_novel
case_arm_occurrence,experiment,E7b,concordant_noncompatible_scope_conflict,199,1197,0.16624895572263992,"[""DA_d2_heldout100/254"", ""DA_d2_heldout100/293"", ""DA_d2_heldout100/350"", ""DA_d2_heldout100/354"", ""DA_d2_heldout100/356"", ""DA_d2_heldout100/361"", ""DA_d2_heldout100/398"", ""DA_d2_heldout100/404"", ""DA_d2_heldout100/449"", ""DA_d2_heldout200b/474"", ""DA_d2_heldout200b/478"", ""DA_d2_heldout200b/493"", ""DA_d2_heldout200b/507"", ""DA_d2_heldout200b/530"", ""DA_d2_heldout200b/539"", ""DA_d2_heldout200b/544"", ""DA_d2_heldout200b/555"", ""DA_d2_heldout200b/566"", ""DA_d2_heldout200b/580"", ""DA_d2_heldout200b/590""]",descriptive_endpoint_transition_model_panel_not_root_where_novel
case_arm_occurrence,experiment,E7b,concordant_uncertain,11,1197,0.009189640768588136,"[""DA_d2_heldout200b/478"", ""DA_d2_heldout200b/583"", ""DA_d2_heldout200b/652"", ""DA_d2_heldout200b/730"", ""DA_d2_seq100/102"", ""MCR_v1_seq100/43"", ""MCR_v2_seq100/226""]",descriptive_endpoint_transition_model_panel_not_root_where_novel
case_arm_occurrence,experiment,E7b,legacy_false_positive_scope_conflict,1,1197,0.000835421888053467,"[""DA_d2_heldout200b/489""]",descriptive_endpoint_transition_model_panel_not_root_where_novel
case_arm_occurrence,experiment,E7b,legacy_only_compatible_partial,200,1197,0.1670843776106934,"[""DA_d2_heldout100/255"", ""DA_d2_heldout100/261"", ""DA_d2_heldout100/281"", ""DA_d2_heldout100/301"", ""DA_d2_heldout100/302"", ""DA_d2_heldout100/383"", ""DA_d2_heldout100/398"", ""DA_d2_heldout100/413"", ""DA_d2_heldout100/415"", ""DA_d2_heldout100/420"", ""DA_d2_heldout100/425"", ""DA_d2_heldout100/432"", ""DA_d2_heldout100/449"", ""DA_d2_heldout200b/461"", ""DA_d2_heldout200b/477"", ""DA_d2_heldout200b/485"", ""DA_d2_heldout200b/486"", ""DA_d2_heldout200b/489"", ""DA_d2_heldout200b/498"", ""DA_d2_heldout200b/500""]",descriptive_endpoint_transition_model_panel_not_root_where_novel
case_arm_occurrence,experiment,E7b,legacy_only_confirmed_complete,34,1197,0.028404344193817876,"[""DA_d2_heldout100/308"", ""DA_d2_heldout100/314"", ""DA_d2_heldout200b/653"", ""DA_d2_heldout200b/709"", ""DA_d2_seq100/103"", ""DA_d2_seq100/228"", ""MCR_seq200b/322"", ""MCR_seq200b/386"", ""MCR_seq200b/416"", ""MCR_v1_seq100/63"", ""MCR_v1_seq100/90"", ""MCR_v2_seq100/159"", ""MCR_v2_seq100/236""]",descriptive_endpoint_transition_model_panel_not_root_where_novel
case_arm_occurrence,experiment,E7b,safe_exact_confirmed_complete,80,1197,0.06683375104427736,"[""DA_d2_heldout100/261"", ""DA_d2_heldout200b/638"", ""DA_d2_seq100/99"", ""MCR_seq200b/283"", ""MCR_seq200b/309"", ""MCR_seq200b/326"", ""MCR_seq200b/328"", ""MCR_seq200b/329"", ""MCR_seq200b/345"", ""MCR_seq200b/348"", ""MCR_seq200b/376"", ""MCR_seq200b/407"", ""MCR_seq200b/410"", ""MCR_seq200b/412"", ""MCR_seq200b/416"", ""MCR_seq200b/418"", ""MCR_seq200b/464"", ""MCR_v1_seq100/104"", ""MCR_v1_seq100/12"", ""MCR_v1_seq100/21""]",descriptive_endpoint_transition_model_panel_not_root_where_novel
case_arm_occurrence,experiment,E7c,clinical_complete_missed_by_legacy,76,1189,0.063919259882254,"[""DA_d2_heldout100/257"", ""DA_d2_heldout100/333"", ""DA_d2_heldout100/381"", ""DA_d2_heldout200b/687"", ""DA_d2_seq100/207"", ""DA_d2_seq100/214"", ""DA_d2_seq100/45"", ""DA_d2_seq100/90"", ""MCR_seq200b/292"", ""MCR_seq200b/310"", ""MCR_seq200b/368"", ""MCR_seq200b/388"", ""MCR_seq200b/438"", ""MCR_seq200b/451"", ""MCR_v1_seq100/16"", ""MCR_v1_seq100/17"", ""MCR_v1_seq100/8"", ""MCR_v2_seq100/162"", ""MCR_v2_seq100/184"", ""MCR_v2_seq100/211""]",descriptive_endpoint_transition_model_panel_not_root_where_novel
case_arm_occurrence,experiment,E7c,compatible_partial_missed_by_legacy,320,1189,0.2691337258200168,"[""DA_d2_heldout100/268"", ""DA_d2_heldout100/269"", ""DA_d2_heldout100/270"", ""DA_d2_heldout100/281"", ""DA_d2_heldout100/284"", ""DA_d2_heldout100/290"", ""DA_d2_heldout100/301"", ""DA_d2_heldout100/306"", ""DA_d2_heldout100/310"", ""DA_d2_heldout100/359"", ""DA_d2_heldout100/361"", ""DA_d2_heldout100/365"", ""DA_d2_heldout100/375"", ""DA_d2_heldout100/379"", ""DA_d2_heldout100/397"", ""DA_d2_heldout100/409"", ""DA_d2_heldout100/415"", ""DA_d2_heldout100/431"", ""DA_d2_heldout100/451"", ""DA_d2_heldout200b/459""]",descriptive_endpoint_transition_model_panel_not_root_where_novel
case_arm_occurrence,experiment,E7c,concordant_noncompatible_manifestation_related,134,1189,0.11269974768713205,"[""DA_d2_heldout100/310"", ""DA_d2_heldout100/318"", ""DA_d2_heldout100/354"", ""DA_d2_heldout100/400"", ""DA_d2_heldout100/432"", ""DA_d2_heldout200b/474"", ""DA_d2_heldout200b/637"", ""DA_d2_heldout200b/662"", ""DA_d2_heldout200b/692"", ""DA_d2_heldout200b/693"", ""DA_d2_heldout200b/735"", ""DA_d2_seq100/114"", ""DA_d2_seq100/12"", ""DA_d2_seq100/120"", ""DA_d2_seq100/190"", ""MCR_seq200b/276"", ""MCR_seq200b/291"", ""MCR_seq200b/319"", ""MCR_seq200b/326"", ""MCR_seq200b/338""]",descriptive_endpoint_transition_model_panel_not_root_where_novel
case_arm_occurrence,experiment,E7c,concordant_noncompatible_not_equivalent,138,1189,0.11606391925988226,"[""DA_d2_heldout100/356"", ""DA_d2_heldout100/364"", ""DA_d2_heldout200b/498"", ""DA_d2_heldout200b/513"", ""DA_d2_heldout200b/584"", ""DA_d2_heldout200b/591"", ""DA_d2_heldout200b/633"", ""DA_d2_heldout200b/731"", ""DA_d2_heldout200b/763"", ""DA_d2_seq100/173"", ""DA_d2_seq100/63"", ""DA_d2_seq100/76"", ""MCR_seq200b/298"", ""MCR_seq200b/312"", ""MCR_seq200b/323"", ""MCR_seq200b/352"", ""MCR_seq200b/357"", ""MCR_seq200b/364"", ""MCR_seq200b/374"", ""MCR_seq200b/393""]",descriptive_endpoint_transition_model_panel_not_root_where_novel
case_arm_occurrence,experiment,E7c,concordant_noncompatible_scope_conflict,223,1189,0.18755256518082422,"[""DA_d2_heldout100/254"", ""DA_d2_heldout100/350"", ""DA_d2_heldout100/354"", ""DA_d2_heldout100/361"", ""DA_d2_heldout100/398"", ""DA_d2_heldout100/404"", ""DA_d2_heldout100/449"", ""DA_d2_heldout200b/474"", ""DA_d2_heldout200b/507"", ""DA_d2_heldout200b/539"", ""DA_d2_heldout200b/555"", ""DA_d2_heldout200b/566"", ""DA_d2_heldout200b/567"", ""DA_d2_heldout200b/590"", ""DA_d2_heldout200b/602"", ""DA_d2_heldout200b/604"", ""DA_d2_heldout200b/620"", ""DA_d2_heldout200b/637"", ""DA_d2_heldout200b/638"", ""DA_d2_heldout200b/701""]",descriptive_endpoint_transition_model_panel_not_root_where_novel
case_arm_occurrence,experiment,E7c,concordant_uncertain,10,1189,0.008410428931875526,"[""DA_d2_heldout200b/478"", ""DA_d2_heldout200b/583"", ""DA_d2_heldout200b/652"", ""DA_d2_heldout200b/730""]",descriptive_endpoint_transition_model_panel_not_root_where_novel
case_arm_occurrence,experiment,E7c,legacy_only_compatible_partial,165,1189,0.13877207737594618,"[""DA_d2_heldout100/255"", ""DA_d2_heldout100/302"", ""DA_d2_heldout100/383"", ""DA_d2_heldout100/398"", ""DA_d2_heldout100/420"", ""DA_d2_heldout200b/461"", ""DA_d2_heldout200b/477"", ""DA_d2_heldout200b/486"", ""DA_d2_heldout200b/489"", ""DA_d2_heldout200b/498"", ""DA_d2_heldout200b/500"", ""DA_d2_heldout200b/524"", ""DA_d2_heldout200b/529"", ""DA_d2_heldout200b/553"", ""DA_d2_heldout200b/565"", ""DA_d2_heldout200b/568"", ""DA_d2_heldout200b/592"", ""DA_d2_heldout200b/605"", ""DA_d2_heldout200b/608"", ""DA_d2_heldout200b/611""]",descriptive_endpoint_transition_model_panel_not_root_where_novel
case_arm_occurrence,experiment,E7c,legacy_only_confirmed_complete,43,1189,0.03616484440706476,"[""DA_d2_heldout100/308"", ""DA_d2_heldout100/314"", ""DA_d2_heldout200b/653"", ""DA_d2_heldout200b/709"", ""DA_d2_seq100/103"", ""DA_d2_seq100/228"", ""MCR_seq200b/322"", ""MCR_seq200b/386"", ""MCR_seq200b/416"", ""MCR_v2_seq100/159"", ""MCR_v2_seq100/236""]",descriptive_endpoint_transition_model_panel_not_root_where_novel
case_arm_occurrence,experiment,E7c,safe_exact_confirmed_complete,80,1189,0.0672834314550042,"[""DA_d2_heldout100/261"", ""DA_d2_heldout200b/638"", ""DA_d2_seq100/99"", ""MCR_seq200b/283"", ""MCR_seq200b/326"", ""MCR_seq200b/345"", ""MCR_seq200b/348"", ""MCR_seq200b/376"", ""MCR_seq200b/383"", ""MCR_seq200b/407"", ""MCR_seq200b/412"", ""MCR_seq200b/464"", ""MCR_v1_seq100/12"", ""MCR_v1_seq100/21"", ""MCR_v1_seq100/52"", ""MCR_v1_seq100/69"", ""MCR_v2_seq100/144"", ""MCR_v2_seq100/154"", ""MCR_v2_seq100/169"", ""MCR_v2_seq100/173""]",descriptive_endpoint_transition_model_panel_not_root_where_novel
case_arm_occurrence,experiment,E8,clinical_complete_missed_by_legacy,32,704,0.045454545454545456,"[""DA_d2_heldout100/314"", ""DA_d2_heldout200b/646"", ""DA_d2_heldout200b/740"", ""DA_d2_seq100/186"", ""MCR_seq200b/251"", ""MCR_seq200b/301"", ""MCR_seq200b/442"", ""MCR_v1_seq100/122"", ""MCR_v1_seq100/67"", ""MCR_v1_seq100/73""]",descriptive_endpoint_transition_model_panel_not_root_where_novel
case_arm_occurrence,experiment,E8,compatible_partial_missed_by_legacy,155,704,0.22017045454545456,"[""DA_d2_heldout100/255"", ""DA_d2_heldout100/281"", ""DA_d2_heldout100/289"", ""DA_d2_heldout100/329"", ""DA_d2_heldout100/330"", ""DA_d2_heldout100/379"", ""DA_d2_heldout100/423"", ""DA_d2_heldout200b/459"", ""DA_d2_heldout200b/472"", ""DA_d2_heldout200b/473"", ""DA_d2_heldout200b/486"", ""DA_d2_heldout200b/496"", ""DA_d2_heldout200b/497"", ""DA_d2_heldout200b/500"", ""DA_d2_heldout200b/501"", ""DA_d2_heldout200b/507"", ""DA_d2_heldout200b/530"", ""DA_d2_heldout200b/535"", ""DA_d2_heldout200b/536"", ""DA_d2_heldout200b/563""]",descriptive_endpoint_transition_model_panel_not_root_where_novel
case_arm_occurrence,experiment,E8,concordant_noncompatible_manifestation_related,55,704,0.078125,"[""DA_d2_heldout200b/540"", ""DA_d2_heldout200b/652"", ""DA_d2_heldout200b/662"", ""DA_d2_heldout200b/676"", ""DA_d2_heldout200b/721"", ""DA_d2_heldout200b/760"", ""DA_d2_seq100/147"", ""DA_d2_seq100/22"", ""MCR_seq200b/334"", ""MCR_seq200b/409"", ""MCR_seq200b/443"", ""MCR_seq200b/445"", ""MCR_seq200b/452"", ""MCR_v1_seq100/11"", ""MCR_v1_seq100/112"", ""MCR_v1_seq100/20"", ""MCR_v1_seq100/28"", ""MCR_v1_seq100/29"", ""MCR_v1_seq100/5"", ""MCR_v1_seq100/93""]",descriptive_endpoint_transition_model_panel_not_root_where_novel
case_arm_occurrence,experiment,E8,concordant_noncompatible_not_equivalent,156,704,0.2215909090909091,"[""DA_d2_heldout100/312"", ""DA_d2_heldout100/329"", ""DA_d2_heldout100/349"", ""DA_d2_heldout100/355"", ""DA_d2_heldout100/367"", ""DA_d2_heldout100/368"", ""DA_d2_heldout200b/486"", ""DA_d2_heldout200b/501"", ""DA_d2_heldout200b/523"", ""DA_d2_heldout200b/559"", ""DA_d2_heldout200b/563"", ""DA_d2_heldout200b/584"", ""DA_d2_heldout200b/596"", ""DA_d2_heldout200b/703"", ""DA_d2_heldout200b/707"", ""DA_d2_heldout200b/736"", ""DA_d2_heldout200b/746"", ""DA_d2_heldout200b/754"", ""DA_d2_heldout200b/778"", ""DA_d2_seq100/117""]",descriptive_endpoint_transition_model_panel_not_root_where_novel
case_arm_occurrence,experiment,E8,concordant_noncompatible_scope_conflict,131,704,0.18607954545454544,"[""DA_d2_heldout100/312"", ""DA_d2_heldout100/317"", ""DA_d2_heldout100/349"", ""DA_d2_heldout100/354"", ""DA_d2_heldout100/364"", ""DA_d2_heldout100/374"", ""DA_d2_heldout200b/473"", ""DA_d2_heldout200b/480"", ""DA_d2_heldout200b/490"", ""DA_d2_heldout200b/507"", ""DA_d2_heldout200b/530"", ""DA_d2_heldout200b/574"", ""DA_d2_heldout200b/582"", ""DA_d2_heldout200b/619"", ""DA_d2_heldout200b/653"", ""DA_d2_heldout200b/698"", ""DA_d2_heldout200b/703"", ""DA_d2_heldout200b/719"", ""DA_d2_heldout200b/758"", ""DA_d2_heldout200b/760""]",descriptive_endpoint_transition_model_panel_not_root_where_novel
case_arm_occurrence,experiment,E8,concordant_uncertain,10,704,0.014204545454545454,"[""DA_d2_heldout200b/498"", ""DA_d2_heldout200b/703"", ""DA_d2_seq100/102"", ""MCR_v1_seq100/43"", ""MCR_v2_seq100/204""]",descriptive_endpoint_transition_model_panel_not_root_where_novel
case_arm_occurrence,experiment,E8,legacy_only_compatible_partial,74,704,0.10511363636363637,"[""DA_d2_heldout100/281"", ""DA_d2_heldout100/368"", ""DA_d2_heldout100/383"", ""DA_d2_heldout100/415"", ""DA_d2_heldout200b/485"", ""DA_d2_heldout200b/497"", ""DA_d2_heldout200b/500"", ""DA_d2_heldout200b/523"", ""DA_d2_heldout200b/536"", ""DA_d2_heldout200b/548"", ""DA_d2_heldout200b/574"", ""DA_d2_heldout200b/577"", ""DA_d2_heldout200b/582"", ""DA_d2_heldout200b/596"", ""DA_d2_heldout200b/613"", ""DA_d2_heldout200b/645"", ""DA_d2_heldout200b/666"", ""DA_d2_heldout200b/678"", ""DA_d2_heldout200b/687"", ""DA_d2_heldout200b/766""]",descriptive_endpoint_transition_model_panel_not_root_where_novel
case_arm_occurrence,experiment,E8,legacy_only_confirmed_complete,15,704,0.02130681818181818,"[""DA_d2_heldout100/314"", ""DA_d2_heldout200b/653"", ""MCR_seq200b/294"", ""MCR_seq200b/339"", ""MCR_v1_seq100/11"", ""MCR_v1_seq100/45"", ""MCR_v2_seq100/169""]",descriptive_endpoint_transition_model_panel_not_root_where_novel
case_arm_occurrence,experiment,E8,safe_exact_confirmed_complete,76,704,0.10795454545454546,"[""DA_d2_heldout100/334"", ""DA_d2_heldout200b/486"", ""DA_d2_seq100/229"", ""DA_d2_seq100/87"", ""MCR_seq200b/263"", ""MCR_seq200b/283"", ""MCR_seq200b/309"", ""MCR_seq200b/326"", ""MCR_seq200b/334"", ""MCR_seq200b/336"", ""MCR_seq200b/345"", ""MCR_seq200b/374"", ""MCR_seq200b/383"", ""MCR_seq200b/441"", ""MCR_seq200b/458"", ""MCR_seq200b/470"", ""MCR_v1_seq100/104"", ""MCR_v1_seq100/22"", ""MCR_v1_seq100/50"", ""MCR_v1_seq100/69""]",descriptive_endpoint_transition_model_panel_not_root_where_novel
case_arm_occurrence,experiment,E9,clinical_complete_missed_by_legacy,67,1599,0.041901188242651655,"[""DA_d2_heldout100/257"", ""DA_d2_heldout200b/490"", ""DA_d2_heldout200b/687"", ""MCR_seq200b/251"", ""MCR_seq200b/285"", ""MCR_seq200b/292"", ""MCR_seq200b/295"", ""MCR_seq200b/296"", ""MCR_seq200b/312"", ""MCR_seq200b/332"", ""MCR_seq200b/340"", ""MCR_seq200b/368"", ""MCR_seq200b/383"", ""MCR_v1_seq100/122"", ""MCR_v1_seq100/16"", ""MCR_v1_seq100/56"", ""MCR_v1_seq100/73"", ""MCR_v2_seq100/133"", ""MCR_v2_seq100/162"", ""MCR_v2_seq100/184""]",descriptive_endpoint_transition_model_panel_not_root_where_novel
case_arm_occurrence,experiment,E9,compatible_partial_missed_by_legacy,364,1599,0.22764227642276422,"[""DA_d2_heldout100/254"", ""DA_d2_heldout100/259"", ""DA_d2_heldout100/268"", ""DA_d2_heldout100/270"", ""DA_d2_heldout100/276"", ""DA_d2_heldout100/281"", ""DA_d2_heldout100/284"", ""DA_d2_heldout100/289"", ""DA_d2_heldout100/290"", ""DA_d2_heldout100/328"", ""DA_d2_heldout100/330"", ""DA_d2_heldout100/353"", ""DA_d2_heldout100/361"", ""DA_d2_heldout100/365"", ""DA_d2_heldout100/375"", ""DA_d2_heldout100/379"", ""DA_d2_heldout100/415"", ""DA_d2_heldout100/423"", ""DA_d2_heldout100/431"", ""DA_d2_heldout100/434""]",descriptive_endpoint_transition_model_panel_not_root_where_novel
case_arm_occurrence,experiment,E9,concordant_noncompatible_manifestation_related,179,1599,0.11194496560350219,"[""DA_d2_heldout100/270"", ""DA_d2_heldout100/273"", ""DA_d2_heldout100/354"", ""DA_d2_heldout100/400"", ""DA_d2_heldout200b/478"", ""DA_d2_heldout200b/496"", ""DA_d2_heldout200b/540"", ""DA_d2_heldout200b/662"", ""DA_d2_heldout200b/666"", ""DA_d2_heldout200b/676"", ""DA_d2_heldout200b/686"", ""DA_d2_heldout200b/707"", ""DA_d2_heldout200b/735"", ""DA_d2_heldout200b/759"", ""DA_d2_heldout200b/760"", ""DA_d2_seq100/114"", ""DA_d2_seq100/147"", ""DA_d2_seq100/190"", ""DA_d2_seq100/21"", ""DA_d2_seq100/22""]",descriptive_endpoint_transition_model_panel_not_root_where_novel
case_arm_occurrence,experiment,E9,concordant_noncompatible_not_equivalent,314,1599,0.19637273295809882,"[""DA_d2_heldout100/257"", ""DA_d2_heldout100/289"", ""DA_d2_heldout100/312"", ""DA_d2_heldout100/321"", ""DA_d2_heldout100/352"", ""DA_d2_heldout100/355"", ""DA_d2_heldout100/364"", ""DA_d2_heldout100/367"", ""DA_d2_heldout100/372"", ""DA_d2_heldout200b/457"", ""DA_d2_heldout200b/464"", ""DA_d2_heldout200b/465"", ""DA_d2_heldout200b/473"", ""DA_d2_heldout200b/480"", ""DA_d2_heldout200b/485"", ""DA_d2_heldout200b/489"", ""DA_d2_heldout200b/490"", ""DA_d2_heldout200b/498"", ""DA_d2_heldout200b/501"", ""DA_d2_heldout200b/513""]",descriptive_endpoint_transition_model_panel_not_root_where_novel
case_arm_occurrence,experiment,E9,concordant_noncompatible_scope_conflict,279,1599,0.17448405253283303,"[""DA_d2_heldout100/255"", ""DA_d2_heldout100/259"", ""DA_d2_heldout100/276"", ""DA_d2_heldout100/289"", ""DA_d2_heldout100/312"", ""DA_d2_heldout100/317"", ""DA_d2_heldout100/349"", ""DA_d2_heldout100/350"", ""DA_d2_heldout100/354"", ""DA_d2_heldout100/361"", ""DA_d2_heldout100/374"", ""DA_d2_heldout100/398"", ""DA_d2_heldout100/451"", ""DA_d2_heldout100/452"", ""DA_d2_heldout200b/457"", ""DA_d2_heldout200b/478"", ""DA_d2_heldout200b/480"", ""DA_d2_heldout200b/493"", ""DA_d2_heldout200b/507"", ""DA_d2_heldout200b/530""]",descriptive_endpoint_transition_model_panel_not_root_where_novel
case_arm_occurrence,experiment,E9,concordant_uncertain,15,1599,0.009380863039399626,"[""DA_d2_heldout100/257"", ""DA_d2_heldout200b/652"", ""DA_d2_heldout200b/703"", ""DA_d2_seq100/102"", ""DA_d2_seq100/226"", ""MCR_seq200b/406"", ""MCR_seq200b/420"", ""MCR_seq200b/455""]",descriptive_endpoint_transition_model_panel_not_root_where_novel
case_arm_occurrence,experiment,E9,legacy_false_positive_manifestation_related,2,1599,0.0012507817385866166,"[""DA_d2_heldout100/284""]",descriptive_endpoint_transition_model_panel_not_root_where_novel
case_arm_occurrence,experiment,E9,legacy_false_positive_scope_conflict,1,1599,0.0006253908692933083,"[""DA_d2_heldout200b/489""]",descriptive_endpoint_transition_model_panel_not_root_where_novel
case_arm_occurrence,experiment,E9,legacy_only_compatible_partial,229,1599,0.1432145090681676,"[""DA_d2_heldout100/255"", ""DA_d2_heldout100/261"", ""DA_d2_heldout100/276"", ""DA_d2_heldout100/283"", ""DA_d2_heldout100/321"", ""DA_d2_heldout100/329"", ""DA_d2_heldout100/368"", ""DA_d2_heldout100/383"", ""DA_d2_heldout100/398"", ""DA_d2_heldout100/425"", ""DA_d2_heldout100/451"", ""DA_d2_heldout200b/485"", ""DA_d2_heldout200b/486"", ""DA_d2_heldout200b/488"", ""DA_d2_heldout200b/489"", ""DA_d2_heldout200b/500"", ""DA_d2_heldout200b/508"", ""DA_d2_heldout200b/510"", ""DA_d2_heldout200b/514"", ""DA_d2_heldout200b/523""]",descriptive_endpoint_transition_model_panel_not_root_where_novel
case_arm_occurrence,experiment,E9,legacy_only_confirmed_complete,17,1599,0.010631644777986242,"[""DA_d2_heldout100/314"", ""DA_d2_heldout100/353"", ""DA_d2_heldout200b/653"", ""DA_d2_seq100/150"", ""MCR_seq200b/339"", ""MCR_seq200b/373""]",descriptive_endpoint_transition_model_panel_not_root_where_novel
case_arm_occurrence,experiment,E9,safe_exact_confirmed_complete,132,1599,0.0825515947467167,"[""DA_d2_heldout100/261"", ""DA_d2_heldout100/334"", ""DA_d2_seq100/229"", ""MCR_seq200b/252"", ""MCR_seq200b/260"", ""MCR_seq200b/263"", ""MCR_seq200b/283"", ""MCR_seq200b/298"", ""MCR_seq200b/309"", ""MCR_seq200b/317"", ""MCR_seq200b/326"", ""MCR_seq200b/334"", ""MCR_seq200b/336"", ""MCR_seq200b/340"", ""MCR_seq200b/344"", ""MCR_seq200b/345"", ""MCR_seq200b/406"", ""MCR_seq200b/407"", ""MCR_seq200b/412"", ""MCR_seq200b/441""]",descriptive_endpoint_transition_model_panel_not_root_where_novel
case_arm_occurrence,experiment,RCR3,clinical_complete_missed_by_legacy,11,733,0.015006821282401092,"[""MCR_seq200b/251"", ""MCR_seq200b/296"", ""MCR_seq200b/411"", ""MCR_v1_seq100/17"", ""MCR_v1_seq100/75"", ""MCR_v1_seq100/8""]",descriptive_endpoint_transition_model_panel_not_root_where_novel
case_arm_occurrence,experiment,RCR3,compatible_partial_missed_by_legacy,189,733,0.2578444747612551,"[""DA_d2_heldout100/259"", ""DA_d2_heldout100/262"", ""DA_d2_heldout100/266"", ""DA_d2_heldout100/269"", ""DA_d2_heldout100/281"", ""DA_d2_heldout100/310"", ""DA_d2_heldout100/318"", ""DA_d2_heldout100/330"", ""DA_d2_heldout100/359"", ""DA_d2_heldout100/365"", ""DA_d2_heldout100/372"", ""DA_d2_heldout100/379"", ""DA_d2_heldout100/397"", ""DA_d2_heldout100/404"", ""DA_d2_heldout100/415"", ""DA_d2_heldout100/420"", ""DA_d2_heldout100/431"", ""DA_d2_heldout100/437"", ""DA_d2_heldout100/439"", ""DA_d2_heldout200b/459""]",descriptive_endpoint_transition_model_panel_not_root_where_novel
case_arm_occurrence,experiment,RCR3,concordant_noncompatible_manifestation_related,108,733,0.14733969986357434,"[""DA_d2_heldout100/273"", ""DA_d2_heldout100/303"", ""DA_d2_heldout100/318"", ""DA_d2_heldout100/328"", ""DA_d2_heldout100/330"", ""DA_d2_heldout100/389"", ""DA_d2_heldout100/392"", ""DA_d2_heldout200b/474"", ""DA_d2_heldout200b/489"", ""DA_d2_heldout200b/527"", ""DA_d2_heldout200b/532"", ""DA_d2_heldout200b/540"", ""DA_d2_heldout200b/560"", ""DA_d2_heldout200b/569"", ""DA_d2_heldout200b/596"", ""DA_d2_heldout200b/619"", ""DA_d2_heldout200b/627"", ""DA_d2_heldout200b/662"", ""DA_d2_heldout200b/676"", ""DA_d2_heldout200b/723""]",descriptive_endpoint_transition_model_panel_not_root_where_novel
case_arm_occurrence,experiment,RCR3,concordant_noncompatible_not_equivalent,168,733,0.2291950886766712,"[""DA_d2_heldout100/259"", ""DA_d2_heldout100/303"", ""DA_d2_heldout100/321"", ""DA_d2_heldout100/337"", ""DA_d2_heldout100/341"", ""DA_d2_heldout100/391"", ""DA_d2_heldout100/414"", ""DA_d2_heldout200b/478"", ""DA_d2_heldout200b/484"", ""DA_d2_heldout200b/485"", ""DA_d2_heldout200b/498"", ""DA_d2_heldout200b/518"", ""DA_d2_heldout200b/574"", ""DA_d2_heldout200b/589"", ""DA_d2_heldout200b/596"", ""DA_d2_heldout200b/618"", ""DA_d2_heldout200b/633"", ""DA_d2_heldout200b/649"", ""DA_d2_heldout200b/703"", ""DA_d2_heldout200b/719""]",descriptive_endpoint_transition_model_panel_not_root_where_novel
case_arm_occurrence,experiment,RCR3,concordant_noncompatible_scope_conflict,132,733,0.1800818553888131,"[""DA_d2_heldout100/290"", ""DA_d2_heldout100/328"", ""DA_d2_heldout100/354"", ""DA_d2_heldout100/359"", ""DA_d2_heldout100/364"", ""DA_d2_heldout100/372"", ""DA_d2_heldout100/392"", ""DA_d2_heldout100/404"", ""DA_d2_heldout100/414"", ""DA_d2_heldout100/451"", ""DA_d2_heldout200b/478"", ""DA_d2_heldout200b/480"", ""DA_d2_heldout200b/489"", ""DA_d2_heldout200b/518"", ""DA_d2_heldout200b/524"", ""DA_d2_heldout200b/527"", ""DA_d2_heldout200b/566"", ""DA_d2_heldout200b/569"", ""DA_d2_heldout200b/582"", ""DA_d2_heldout200b/600""]",descriptive_endpoint_transition_model_panel_not_root_where_novel
case_arm_occurrence,experiment,RCR3,concordant_uncertain,17,733,0.023192360163710776,"[""DA_d2_heldout100/389"", ""DA_d2_heldout200b/480"", ""DA_d2_heldout200b/523"", ""DA_d2_heldout200b/611"", ""DA_d2_heldout200b/627"", ""MCR_seq200b/249"", ""MCR_seq200b/311"", ""MCR_seq200b/322"", ""MCR_seq200b/403"", ""MCR_seq200b/466"", ""MCR_v1_seq100/112"", ""MCR_v1_seq100/43"", ""MCR_v1_seq100/64""]",descriptive_endpoint_transition_model_panel_not_root_where_novel
case_arm_occurrence,experiment,RCR3,legacy_false_positive_scope_conflict,2,733,0.002728512960436562,"[""DA_d2_heldout200b/489"", ""MCR_v2_seq100/208""]",descriptive_endpoint_transition_model_panel_not_root_where_novel
case_arm_occurrence,experiment,RCR3,legacy_only_compatible_partial,69,733,0.0941336971350614,"[""DA_d2_heldout100/268"", ""DA_d2_heldout100/269"", ""DA_d2_heldout100/273"", ""DA_d2_heldout100/310"", ""DA_d2_heldout100/383"", ""DA_d2_heldout100/415"", ""DA_d2_heldout100/420"", ""DA_d2_heldout100/431"", ""DA_d2_heldout200b/477"", ""DA_d2_heldout200b/498"", ""DA_d2_heldout200b/508"", ""DA_d2_heldout200b/510"", ""DA_d2_heldout200b/523"", ""DA_d2_heldout200b/549"", ""DA_d2_heldout200b/565"", ""DA_d2_heldout200b/574"", ""DA_d2_heldout200b/578"", ""DA_d2_heldout200b/596"", ""DA_d2_heldout200b/600"", ""DA_d2_heldout200b/615""]",descriptive_endpoint_transition_model_panel_not_root_where_novel
case_arm_occurrence,experiment,RCR3,legacy_only_confirmed_complete,6,733,0.008185538881309686,"[""MCR_seq200b/283"", ""MCR_seq200b/328"", ""MCR_seq200b/436"", ""MCR_seq200b/458"", ""MCR_v1_seq100/117"", ""MCR_v1_seq100/95""]",descriptive_endpoint_transition_model_panel_not_root_where_novel
case_arm_occurrence,experiment,RCR3,safe_exact_confirmed_complete,31,733,0.04229195088676671,"[""MCR_seq200b/263"", ""MCR_seq200b/278"", ""MCR_seq200b/283"", ""MCR_seq200b/328"", ""MCR_seq200b/332"", ""MCR_seq200b/376"", ""MCR_seq200b/448"", ""MCR_seq200b/456"", ""MCR_v1_seq100/105"", ""MCR_v1_seq100/12"", ""MCR_v1_seq100/24"", ""MCR_v1_seq100/76"", ""MCR_v1_seq100/8"", ""MCR_v2_seq100/154"", ""MCR_v2_seq100/169"", ""MCR_v2_seq100/174"", ""MCR_v2_seq100/208"", ""MCR_v2_seq100/220"", ""MCR_v2_seq100/227""]",descriptive_endpoint_transition_model_panel_not_root_where_novel
unique_case_prediction_relation,overall,ALL,clinical_complete_missed_by_legacy,365,5351,0.06821154924313212,"[""DA_d2_heldout100/254"", ""DA_d2_heldout100/257"", ""DA_d2_heldout100/261"", ""DA_d2_heldout100/262"", ""DA_d2_heldout100/269"", ""DA_d2_heldout100/276"", ""DA_d2_heldout100/289"", ""DA_d2_heldout100/290"", ""DA_d2_heldout100/299"", ""DA_d2_heldout100/306"", ""DA_d2_heldout100/314"", ""DA_d2_heldout100/317"", ""DA_d2_heldout100/329"", ""DA_d2_heldout100/333"", ""DA_d2_heldout100/341"", ""DA_d2_heldout100/347"", ""DA_d2_heldout100/364"", ""DA_d2_heldout100/373"", ""DA_d2_heldout100/375"", ""DA_d2_heldout100/379""]",descriptive_endpoint_transition_model_panel_not_root_where_novel
unique_case_prediction_relation,overall,ALL,compatible_partial_missed_by_legacy,1183,5351,0.2210801719304803,"[""DA_d2_heldout100/254"", ""DA_d2_heldout100/255"", ""DA_d2_heldout100/259"", ""DA_d2_heldout100/261"", ""DA_d2_heldout100/262"", ""DA_d2_heldout100/266"", ""DA_d2_heldout100/268"", ""DA_d2_heldout100/269"", ""DA_d2_heldout100/270"", ""DA_d2_heldout100/273"", ""DA_d2_heldout100/276"", ""DA_d2_heldout100/281"", ""DA_d2_heldout100/284"", ""DA_d2_heldout100/289"", ""DA_d2_heldout100/290"", ""DA_d2_heldout100/299"", ""DA_d2_heldout100/301"", ""DA_d2_heldout100/306"", ""DA_d2_heldout100/308"", ""DA_d2_heldout100/310""]",descriptive_endpoint_transition_model_panel_not_root_where_novel
unique_case_prediction_relation,overall,ALL,concordant_noncompatible_manifestation_related,392,5351,0.0732573350775556,"[""DA_d2_heldout100/259"", ""DA_d2_heldout100/270"", ""DA_d2_heldout100/273"", ""DA_d2_heldout100/290"", ""DA_d2_heldout100/301"", ""DA_d2_heldout100/303"", ""DA_d2_heldout100/310"", ""DA_d2_heldout100/312"", ""DA_d2_heldout100/318"", ""DA_d2_heldout100/328"", ""DA_d2_heldout100/330"", ""DA_d2_heldout100/352"", ""DA_d2_heldout100/354"", ""DA_d2_heldout100/355"", ""DA_d2_heldout100/364"", ""DA_d2_heldout100/365"", ""DA_d2_heldout100/374"", ""DA_d2_heldout100/381"", ""DA_d2_heldout100/389"", ""DA_d2_heldout100/392""]",descriptive_endpoint_transition_model_panel_not_root_where_novel
unique_case_prediction_relation,overall,ALL,concordant_noncompatible_not_equivalent,1196,5351,0.22350962436927677,"[""DA_d2_heldout100/254"", ""DA_d2_heldout100/257"", ""DA_d2_heldout100/259"", ""DA_d2_heldout100/261"", ""DA_d2_heldout100/262"", ""DA_d2_heldout100/270"", ""DA_d2_heldout100/276"", ""DA_d2_heldout100/289"", ""DA_d2_heldout100/303"", ""DA_d2_heldout100/312"", ""DA_d2_heldout100/317"", ""DA_d2_heldout100/321"", ""DA_d2_heldout100/329"", ""DA_d2_heldout100/330"", ""DA_d2_heldout100/334"", ""DA_d2_heldout100/337"", ""DA_d2_heldout100/341"", ""DA_d2_heldout100/349"", ""DA_d2_heldout100/350"", ""DA_d2_heldout100/352""]",descriptive_endpoint_transition_model_panel_not_root_where_novel
unique_case_prediction_relation,overall,ALL,concordant_noncompatible_scope_conflict,1093,5351,0.20426088581573537,"[""DA_d2_heldout100/254"", ""DA_d2_heldout100/255"", ""DA_d2_heldout100/257"", ""DA_d2_heldout100/259"", ""DA_d2_heldout100/262"", ""DA_d2_heldout100/268"", ""DA_d2_heldout100/270"", ""DA_d2_heldout100/273"", ""DA_d2_heldout100/276"", ""DA_d2_heldout100/281"", ""DA_d2_heldout100/289"", ""DA_d2_heldout100/290"", ""DA_d2_heldout100/293"", ""DA_d2_heldout100/303"", ""DA_d2_heldout100/310"", ""DA_d2_heldout100/312"", ""DA_d2_heldout100/317"", ""DA_d2_heldout100/318"", ""DA_d2_heldout100/328"", ""DA_d2_heldout100/337""]",descriptive_endpoint_transition_model_panel_not_root_where_novel
unique_case_prediction_relation,overall,ALL,concordant_uncertain,144,5351,0.02691085778359185,"[""DA_d2_heldout100/257"", ""DA_d2_heldout100/266"", ""DA_d2_heldout100/290"", ""DA_d2_heldout100/352"", ""DA_d2_heldout100/365"", ""DA_d2_heldout100/372"", ""DA_d2_heldout100/389"", ""DA_d2_heldout100/392"", ""DA_d2_heldout200b/457"", ""DA_d2_heldout200b/464"", ""DA_d2_heldout200b/478"", ""DA_d2_heldout200b/480"", ""DA_d2_heldout200b/482"", ""DA_d2_heldout200b/484"", ""DA_d2_heldout200b/493"", ""DA_d2_heldout200b/497"", ""DA_d2_heldout200b/498"", ""DA_d2_heldout200b/523"", ""DA_d2_heldout200b/540"", ""DA_d2_heldout200b/583""]",descriptive_endpoint_transition_model_panel_not_root_where_novel
unique_case_prediction_relation,overall,ALL,legacy_false_positive_manifestation_related,3,5351,0.0005606428704914969,"[""DA_d2_heldout100/284"", ""DA_d2_heldout200b/518"", ""DA_d2_heldout200b/743""]",descriptive_endpoint_transition_model_panel_not_root_where_novel
unique_case_prediction_relation,overall,ALL,legacy_false_positive_not_equivalent,1,5351,0.00018688095683049897,"[""MCR_seq200b/430""]",descriptive_endpoint_transition_model_panel_not_root_where_novel
unique_case_prediction_relation,overall,ALL,legacy_false_positive_scope_conflict,25,5351,0.004672023920762474,"[""DA_d2_heldout100/330"", ""DA_d2_heldout100/368"", ""DA_d2_heldout200b/489"", ""DA_d2_heldout200b/540"", ""MCR_seq200b/249"", ""MCR_seq200b/283"", ""MCR_seq200b/293"", ""MCR_seq200b/309"", ""MCR_seq200b/332"", ""MCR_seq200b/355"", ""MCR_seq200b/364"", ""MCR_v1_seq100/21"", ""MCR_v2_seq100/183"", ""MCR_v2_seq100/188"", ""MCR_v2_seq100/197"", ""MCR_v2_seq100/208"", ""MCR_v2_seq100/227""]",descriptive_endpoint_transition_model_panel_not_root_where_novel
unique_case_prediction_relation,overall,ALL,legacy_only_compatible_partial,356,5351,0.06652962063165764,"[""DA_d2_heldout100/254"", ""DA_d2_heldout100/255"", ""DA_d2_heldout100/261"", ""DA_d2_heldout100/268"", ""DA_d2_heldout100/269"", ""DA_d2_heldout100/273"", ""DA_d2_heldout100/276"", ""DA_d2_heldout100/281"", ""DA_d2_heldout100/283"", ""DA_d2_heldout100/290"", ""DA_d2_heldout100/301"", ""DA_d2_heldout100/302"", ""DA_d2_heldout100/310"", ""DA_d2_heldout100/312"", ""DA_d2_heldout100/318"", ""DA_d2_heldout100/321"", ""DA_d2_heldout100/329"", ""DA_d2_heldout100/368"", ""DA_d2_heldout100/383"", ""DA_d2_heldout100/391""]",descriptive_endpoint_transition_model_panel_not_root_where_novel
unique_case_prediction_relation,overall,ALL,legacy_only_confirmed_complete,225,5351,0.04204821528686227,"[""DA_d2_heldout100/290"", ""DA_d2_heldout100/301"", ""DA_d2_heldout100/308"", ""DA_d2_heldout100/314"", ""DA_d2_heldout100/353"", ""DA_d2_heldout100/359"", ""DA_d2_heldout100/364"", ""DA_d2_heldout100/398"", ""DA_d2_heldout100/420"", ""DA_d2_heldout200b/461"", ""DA_d2_heldout200b/565"", ""DA_d2_heldout200b/568"", ""DA_d2_heldout200b/600"", ""DA_d2_heldout200b/608"", ""DA_d2_heldout200b/631"", ""DA_d2_heldout200b/653"", ""DA_d2_heldout200b/684"", ""DA_d2_heldout200b/687"", ""DA_d2_heldout200b/709"", ""DA_d2_heldout200b/763""]",descriptive_endpoint_transition_model_panel_not_root_where_novel
unique_case_prediction_relation,overall,ALL,legacy_positive_uncertain,9,5351,0.0016819286114744907,"[""MCR_seq200b/369"", ""MCR_seq200b/416"", ""MCR_seq200b/441"", ""MCR_v2_seq100/174"", ""MCR_v2_seq100/220"", ""MCR_v2_seq100/242""]",descriptive_endpoint_transition_model_panel_not_root_where_novel
unique_case_prediction_relation,overall,ALL,safe_exact_confirmed_complete,359,5351,0.06709026350214913,"[""DA_d2_heldout100/257"", ""DA_d2_heldout100/259"", ""DA_d2_heldout100/261"", ""DA_d2_heldout100/262"", ""DA_d2_heldout100/270"", ""DA_d2_heldout100/276"", ""DA_d2_heldout100/290"", ""DA_d2_heldout100/299"", ""DA_d2_heldout100/302"", ""DA_d2_heldout100/306"", ""DA_d2_heldout100/308"", ""DA_d2_heldout100/313"", ""DA_d2_heldout100/314"", ""DA_d2_heldout100/317"", ""DA_d2_heldout100/328"", ""DA_d2_heldout100/329"", ""DA_d2_heldout100/333"", ""DA_d2_heldout100/334"", ""DA_d2_heldout100/341"", ""DA_d2_heldout100/347""]",descriptive_endpoint_transition_model_panel_not_root_where_novel
unique_case_prediction_relation,benchmark_family,DA,clinical_complete_missed_by_legacy,193,2754,0.070079883805374,"[""DA_d2_heldout100/254"", ""DA_d2_heldout100/257"", ""DA_d2_heldout100/261"", ""DA_d2_heldout100/262"", ""DA_d2_heldout100/269"", ""DA_d2_heldout100/276"", ""DA_d2_heldout100/289"", ""DA_d2_heldout100/290"", ""DA_d2_heldout100/299"", ""DA_d2_heldout100/306"", ""DA_d2_heldout100/314"", ""DA_d2_heldout100/317"", ""DA_d2_heldout100/329"", ""DA_d2_heldout100/333"", ""DA_d2_heldout100/341"", ""DA_d2_heldout100/347"", ""DA_d2_heldout100/364"", ""DA_d2_heldout100/373"", ""DA_d2_heldout100/375"", ""DA_d2_heldout100/379""]",descriptive_endpoint_transition_model_panel_not_root_where_novel
unique_case_prediction_relation,benchmark_family,DA,compatible_partial_missed_by_legacy,903,2754,0.32788671023965144,"[""DA_d2_heldout100/254"", ""DA_d2_heldout100/255"", ""DA_d2_heldout100/259"", ""DA_d2_heldout100/261"", ""DA_d2_heldout100/262"", ""DA_d2_heldout100/266"", ""DA_d2_heldout100/268"", ""DA_d2_heldout100/269"", ""DA_d2_heldout100/270"", ""DA_d2_heldout100/273"", ""DA_d2_heldout100/276"", ""DA_d2_heldout100/281"", ""DA_d2_heldout100/284"", ""DA_d2_heldout100/289"", ""DA_d2_heldout100/290"", ""DA_d2_heldout100/299"", ""DA_d2_heldout100/301"", ""DA_d2_heldout100/306"", ""DA_d2_heldout100/308"", ""DA_d2_heldout100/310""]",descriptive_endpoint_transition_model_panel_not_root_where_novel
unique_case_prediction_relation,benchmark_family,DA,concordant_noncompatible_manifestation_related,183,2754,0.0664488017429194,"[""DA_d2_heldout100/259"", ""DA_d2_heldout100/270"", ""DA_d2_heldout100/273"", ""DA_d2_heldout100/290"", ""DA_d2_heldout100/301"", ""DA_d2_heldout100/303"", ""DA_d2_heldout100/310"", ""DA_d2_heldout100/312"", ""DA_d2_heldout100/318"", ""DA_d2_heldout100/328"", ""DA_d2_heldout100/330"", ""DA_d2_heldout100/352"", ""DA_d2_heldout100/354"", ""DA_d2_heldout100/355"", ""DA_d2_heldout100/364"", ""DA_d2_heldout100/365"", ""DA_d2_heldout100/374"", ""DA_d2_heldout100/381"", ""DA_d2_heldout100/389"", ""DA_d2_heldout100/392""]",descriptive_endpoint_transition_model_panel_not_root_where_novel
unique_case_prediction_relation,benchmark_family,DA,concordant_noncompatible_not_equivalent,370,2754,0.13435003631082063,"[""DA_d2_heldout100/254"", ""DA_d2_heldout100/257"", ""DA_d2_heldout100/259"", ""DA_d2_heldout100/261"", ""DA_d2_heldout100/262"", ""DA_d2_heldout100/270"", ""DA_d2_heldout100/276"", ""DA_d2_heldout100/289"", ""DA_d2_heldout100/303"", ""DA_d2_heldout100/312"", ""DA_d2_heldout100/317"", ""DA_d2_heldout100/321"", ""DA_d2_heldout100/329"", ""DA_d2_heldout100/330"", ""DA_d2_heldout100/334"", ""DA_d2_heldout100/337"", ""DA_d2_heldout100/341"", ""DA_d2_heldout100/349"", ""DA_d2_heldout100/350"", ""DA_d2_heldout100/352""]",descriptive_endpoint_transition_model_panel_not_root_where_novel
unique_case_prediction_relation,benchmark_family,DA,concordant_noncompatible_scope_conflict,597,2754,0.2167755991285403,"[""DA_d2_heldout100/254"", ""DA_d2_heldout100/255"", ""DA_d2_heldout100/257"", ""DA_d2_heldout100/259"", ""DA_d2_heldout100/262"", ""DA_d2_heldout100/268"", ""DA_d2_heldout100/270"", ""DA_d2_heldout100/273"", ""DA_d2_heldout100/276"", ""DA_d2_heldout100/281"", ""DA_d2_heldout100/289"", ""DA_d2_heldout100/290"", ""DA_d2_heldout100/293"", ""DA_d2_heldout100/303"", ""DA_d2_heldout100/310"", ""DA_d2_heldout100/312"", ""DA_d2_heldout100/317"", ""DA_d2_heldout100/318"", ""DA_d2_heldout100/328"", ""DA_d2_heldout100/337""]",descriptive_endpoint_transition_model_panel_not_root_where_novel
unique_case_prediction_relation,benchmark_family,DA,concordant_uncertain,58,2754,0.021060275962236745,"[""DA_d2_heldout100/257"", ""DA_d2_heldout100/266"", ""DA_d2_heldout100/290"", ""DA_d2_heldout100/352"", ""DA_d2_heldout100/365"", ""DA_d2_heldout100/372"", ""DA_d2_heldout100/389"", ""DA_d2_heldout100/392"", ""DA_d2_heldout200b/457"", ""DA_d2_heldout200b/464"", ""DA_d2_heldout200b/478"", ""DA_d2_heldout200b/480"", ""DA_d2_heldout200b/482"", ""DA_d2_heldout200b/484"", ""DA_d2_heldout200b/493"", ""DA_d2_heldout200b/497"", ""DA_d2_heldout200b/498"", ""DA_d2_heldout200b/523"", ""DA_d2_heldout200b/540"", ""DA_d2_heldout200b/583""]",descriptive_endpoint_transition_model_panel_not_root_where_novel
unique_case_prediction_relation,benchmark_family,DA,legacy_false_positive_manifestation_related,3,2754,0.0010893246187363835,"[""DA_d2_heldout100/284"", ""DA_d2_heldout200b/518"", ""DA_d2_heldout200b/743""]",descriptive_endpoint_transition_model_panel_not_root_where_novel
unique_case_prediction_relation,benchmark_family,DA,legacy_false_positive_scope_conflict,7,2754,0.002541757443718228,"[""DA_d2_heldout100/330"", ""DA_d2_heldout100/368"", ""DA_d2_heldout200b/489"", ""DA_d2_heldout200b/540""]",descriptive_endpoint_transition_model_panel_not_root_where_novel
unique_case_prediction_relation,benchmark_family,DA,legacy_only_compatible_partial,247,2754,0.0896877269426289,"[""DA_d2_heldout100/254"", ""DA_d2_heldout100/255"", ""DA_d2_heldout100/261"", ""DA_d2_heldout100/268"", ""DA_d2_heldout100/269"", ""DA_d2_heldout100/273"", ""DA_d2_heldout100/276"", ""DA_d2_heldout100/281"", ""DA_d2_heldout100/283"", ""DA_d2_heldout100/290"", ""DA_d2_heldout100/301"", ""DA_d2_heldout100/302"", ""DA_d2_heldout100/310"", ""DA_d2_heldout100/312"", ""DA_d2_heldout100/318"", ""DA_d2_heldout100/321"", ""DA_d2_heldout100/329"", ""DA_d2_heldout100/368"", ""DA_d2_heldout100/383"", ""DA_d2_heldout100/391""]",descriptive_endpoint_transition_model_panel_not_root_where_novel
unique_case_prediction_relation,benchmark_family,DA,legacy_only_confirmed_complete,41,2754,0.014887436456063908,"[""DA_d2_heldout100/290"", ""DA_d2_heldout100/301"", ""DA_d2_heldout100/308"", ""DA_d2_heldout100/314"", ""DA_d2_heldout100/353"", ""DA_d2_heldout100/359"", ""DA_d2_heldout100/364"", ""DA_d2_heldout100/398"", ""DA_d2_heldout100/420"", ""DA_d2_heldout200b/461"", ""DA_d2_heldout200b/565"", ""DA_d2_heldout200b/568"", ""DA_d2_heldout200b/600"", ""DA_d2_heldout200b/608"", ""DA_d2_heldout200b/631"", ""DA_d2_heldout200b/653"", ""DA_d2_heldout200b/684"", ""DA_d2_heldout200b/687"", ""DA_d2_heldout200b/709"", ""DA_d2_heldout200b/763""]",descriptive_endpoint_transition_model_panel_not_root_where_novel
unique_case_prediction_relation,benchmark_family,DA,safe_exact_confirmed_complete,152,2754,0.05519244734931009,"[""DA_d2_heldout100/257"", ""DA_d2_heldout100/259"", ""DA_d2_heldout100/261"", ""DA_d2_heldout100/262"", ""DA_d2_heldout100/270"", ""DA_d2_heldout100/276"", ""DA_d2_heldout100/290"", ""DA_d2_heldout100/299"", ""DA_d2_heldout100/302"", ""DA_d2_heldout100/306"", ""DA_d2_heldout100/308"", ""DA_d2_heldout100/313"", ""DA_d2_heldout100/314"", ""DA_d2_heldout100/317"", ""DA_d2_heldout100/328"", ""DA_d2_heldout100/329"", ""DA_d2_heldout100/333"", ""DA_d2_heldout100/334"", ""DA_d2_heldout100/341"", ""DA_d2_heldout100/347""]",descriptive_endpoint_transition_model_panel_not_root_where_novel
unique_case_prediction_relation,benchmark_family,MCR,clinical_complete_missed_by_legacy,172,2597,0.06623026569118214,"[""MCR_seq200b/250"", ""MCR_seq200b/251"", ""MCR_seq200b/252"", ""MCR_seq200b/266"", ""MCR_seq200b/270"", ""MCR_seq200b/272"", ""MCR_seq200b/283"", ""MCR_seq200b/285"", ""MCR_seq200b/290"", ""MCR_seq200b/291"", ""MCR_seq200b/292"", ""MCR_seq200b/295"", ""MCR_seq200b/296"", ""MCR_seq200b/297"", ""MCR_seq200b/301"", ""MCR_seq200b/309"", ""MCR_seq200b/310"", ""MCR_seq200b/312"", ""MCR_seq200b/314"", ""MCR_seq200b/316""]",descriptive_endpoint_transition_model_panel_not_root_where_novel
unique_case_prediction_relation,benchmark_family,MCR,compatible_partial_missed_by_legacy,280,2597,0.1078167115902965,"[""MCR_seq200b/251"", ""MCR_seq200b/258"", ""MCR_seq200b/260"", ""MCR_seq200b/261"", ""MCR_seq200b/263"", ""MCR_seq200b/265"", ""MCR_seq200b/270"", ""MCR_seq200b/271"", ""MCR_seq200b/272"", ""MCR_seq200b/278"", ""MCR_seq200b/283"", ""MCR_seq200b/290"", ""MCR_seq200b/297"", ""MCR_seq200b/298"", ""MCR_seq200b/301"", ""MCR_seq200b/302"", ""MCR_seq200b/309"", ""MCR_seq200b/310"", ""MCR_seq200b/312"", ""MCR_seq200b/314""]",descriptive_endpoint_transition_model_panel_not_root_where_novel
unique_case_prediction_relation,benchmark_family,MCR,concordant_noncompatible_manifestation_related,209,2597,0.08047747400847131,"[""MCR_seq200b/249"", ""MCR_seq200b/250"", ""MCR_seq200b/251"", ""MCR_seq200b/254"", ""MCR_seq200b/267"", ""MCR_seq200b/268"", ""MCR_seq200b/276"", ""MCR_seq200b/290"", ""MCR_seq200b/291"", ""MCR_seq200b/302"", ""MCR_seq200b/306"", ""MCR_seq200b/308"", ""MCR_seq200b/311"", ""MCR_seq200b/316"", ""MCR_seq200b/319"", ""MCR_seq200b/320"", ""MCR_seq200b/322"", ""MCR_seq200b/326"", ""MCR_seq200b/334"", ""MCR_seq200b/337""]",descriptive_endpoint_transition_model_panel_not_root_where_novel
unique_case_prediction_relation,benchmark_family,MCR,concordant_noncompatible_not_equivalent,826,2597,0.31805929919137466,"[""MCR_seq200b/249"", ""MCR_seq200b/251"", ""MCR_seq200b/252"", ""MCR_seq200b/258"", ""MCR_seq200b/259"", ""MCR_seq200b/262"", ""MCR_seq200b/263"", ""MCR_seq200b/266"", ""MCR_seq200b/267"", ""MCR_seq200b/268"", ""MCR_seq200b/269"", ""MCR_seq200b/270"", ""MCR_seq200b/275"", ""MCR_seq200b/276"", ""MCR_seq200b/277"", ""MCR_seq200b/279"", ""MCR_seq200b/283"", ""MCR_seq200b/284"", ""MCR_seq200b/288"", ""MCR_seq200b/290""]",descriptive_endpoint_transition_model_panel_not_root_where_novel
unique_case_prediction_relation,benchmark_family,MCR,concordant_noncompatible_scope_conflict,496,2597,0.19098960338852522,"[""MCR_seq200b/260"", ""MCR_seq200b/264"", ""MCR_seq200b/265"", ""MCR_seq200b/267"", ""MCR_seq200b/268"", ""MCR_seq200b/270"", ""MCR_seq200b/272"", ""MCR_seq200b/274"", ""MCR_seq200b/275"", ""MCR_seq200b/277"", ""MCR_seq200b/279"", ""MCR_seq200b/284"", ""MCR_seq200b/290"", ""MCR_seq200b/291"", ""MCR_seq200b/292"", ""MCR_seq200b/296"", ""MCR_seq200b/299"", ""MCR_seq200b/301"", ""MCR_seq200b/302"", ""MCR_seq200b/303""]",descriptive_endpoint_transition_model_panel_not_root_where_novel
unique_case_prediction_relation,benchmark_family,MCR,concordant_uncertain,86,2597,0.03311513284559107,"[""MCR_seq200b/249"", ""MCR_seq200b/251"", ""MCR_seq200b/257"", ""MCR_seq200b/275"", ""MCR_seq200b/279"", ""MCR_seq200b/297"", ""MCR_seq200b/311"", ""MCR_seq200b/322"", ""MCR_seq200b/326"", ""MCR_seq200b/330"", ""MCR_seq200b/331"", ""MCR_seq200b/338"", ""MCR_seq200b/346"", ""MCR_seq200b/368"", ""MCR_seq200b/372"", ""MCR_seq200b/403"", ""MCR_seq200b/406"", ""MCR_seq200b/420"", ""MCR_seq200b/455"", ""MCR_seq200b/456""]",descriptive_endpoint_transition_model_panel_not_root_where_novel
unique_case_prediction_relation,benchmark_family,MCR,legacy_false_positive_not_equivalent,1,2597,0.0003850596842510589,"[""MCR_seq200b/430""]",descriptive_endpoint_transition_model_panel_not_root_where_novel
unique_case_prediction_relation,benchmark_family,MCR,legacy_false_positive_scope_conflict,18,2597,0.006931074316519061,"[""MCR_seq200b/249"", ""MCR_seq200b/283"", ""MCR_seq200b/293"", ""MCR_seq200b/309"", ""MCR_seq200b/332"", ""MCR_seq200b/355"", ""MCR_seq200b/364"", ""MCR_v1_seq100/21"", ""MCR_v2_seq100/183"", ""MCR_v2_seq100/188"", ""MCR_v2_seq100/197"", ""MCR_v2_seq100/208"", ""MCR_v2_seq100/227""]",descriptive_endpoint_transition_model_panel_not_root_where_novel
unique_case_prediction_relation,benchmark_family,MCR,legacy_only_compatible_partial,109,2597,0.041971505583365425,"[""MCR_seq200b/263"", ""MCR_seq200b/294"", ""MCR_seq200b/302"", ""MCR_seq200b/313"", ""MCR_seq200b/320"", ""MCR_seq200b/323"", ""MCR_seq200b/329"", ""MCR_seq200b/330"", ""MCR_seq200b/340"", ""MCR_seq200b/344"", ""MCR_seq200b/345"", ""MCR_seq200b/355"", ""MCR_seq200b/362"", ""MCR_seq200b/369"", ""MCR_seq200b/374"", ""MCR_seq200b/376"", ""MCR_seq200b/378"", ""MCR_seq200b/384"", ""MCR_seq200b/386"", ""MCR_seq200b/388""]",descriptive_endpoint_transition_model_panel_not_root_where_novel
unique_case_prediction_relation,benchmark_family,MCR,legacy_only_confirmed_complete,184,2597,0.07085098190219484,"[""MCR_seq200b/249"", ""MCR_seq200b/250"", ""MCR_seq200b/263"", ""MCR_seq200b/272"", ""MCR_seq200b/277"", ""MCR_seq200b/278"", ""MCR_seq200b/283"", ""MCR_seq200b/293"", ""MCR_seq200b/294"", ""MCR_seq200b/302"", ""MCR_seq200b/307"", ""MCR_seq200b/316"", ""MCR_seq200b/320"", ""MCR_seq200b/321"", ""MCR_seq200b/322"", ""MCR_seq200b/328"", ""MCR_seq200b/329"", ""MCR_seq200b/330"", ""MCR_seq200b/335"", ""MCR_seq200b/336""]",descriptive_endpoint_transition_model_panel_not_root_where_novel
unique_case_prediction_relation,benchmark_family,MCR,legacy_positive_uncertain,9,2597,0.0034655371582595304,"[""MCR_seq200b/369"", ""MCR_seq200b/416"", ""MCR_seq200b/441"", ""MCR_v2_seq100/174"", ""MCR_v2_seq100/220"", ""MCR_v2_seq100/242""]",descriptive_endpoint_transition_model_panel_not_root_where_novel
unique_case_prediction_relation,benchmark_family,MCR,safe_exact_confirmed_complete,207,2597,0.0797073546399692,"[""MCR_seq200b/251"", ""MCR_seq200b/252"", ""MCR_seq200b/257"", ""MCR_seq200b/260"", ""MCR_seq200b/263"", ""MCR_seq200b/265"", ""MCR_seq200b/266"", ""MCR_seq200b/271"", ""MCR_seq200b/272"", ""MCR_seq200b/274"", ""MCR_seq200b/275"", ""MCR_seq200b/278"", ""MCR_seq200b/279"", ""MCR_seq200b/283"", ""MCR_seq200b/285"", ""MCR_seq200b/288"", ""MCR_seq200b/290"", ""MCR_seq200b/291"", ""MCR_seq200b/293"", ""MCR_seq200b/294""]",descriptive_endpoint_transition_model_panel_not_root_where_novel
