case_key,family,anchor_key,arm,success,gold_exposure_hit,gold_top1,candidate_n,champion_label,runner_up_label,cache_hit,error
DA_d2_heldout100/254,DA,ax_modality,real_views,True,False,False,8,Intramuscular abscess,Paraspinal abscess,False,
DA_d2_heldout100/254,DA,ax_modality,role_rotated,True,False,False,8,Intramuscular abscess,Paraspinal abscess,False,
DA_d2_heldout100/254,DA,ax_modality,single_anchor,True,False,False,2,Fusobacterium necrophorum infection,Intramuscular abscess,False,
DA_d2_heldout100/254,DA,ax_modality,duplicate_anchor,True,False,False,2,Fusobacterium necrophorum infection,Intramuscular abscess,False,
DA_d2_heldout100/255,DA,ax_modality,real_views,True,False,False,4,Pemphigus,Subacute cutaneous lupus erythematosus,False,
DA_d2_heldout100/255,DA,ax_modality,role_rotated,True,False,False,4,Pemphigus,Subacute cutaneous lupus erythematosus,False,
DA_d2_heldout100/255,DA,ax_modality,single_anchor,True,False,False,2,Lupus erythematosus,Subacute cutaneous lupus erythematosus,False,
DA_d2_heldout100/255,DA,ax_modality,duplicate_anchor,True,False,False,2,Lupus erythematosus,Subacute cutaneous lupus erythematosus,False,
DA_d2_heldout100/257,DA,ax_modality,real_views,True,False,False,5,HTRA1-related hereditary cerebral small vessel disease,Cerebral Amyloid Angiopathy,False,
DA_d2_heldout100/257,DA,ax_modality,role_rotated,True,False,False,5,HTRA1-related hereditary cerebral small vessel disease,Hereditary Cerebral Hemorrhage with Amyloidosis (HCHWA),False,
DA_d2_heldout100/257,DA,ax_modality,single_anchor,True,False,False,2,Cerebral Amyloid Angiopathy,CADASIL syndrome,False,
DA_d2_heldout100/257,DA,ax_modality,duplicate_anchor,True,False,False,2,CADASIL syndrome,Cerebral Amyloid Angiopathy,False,
DA_d2_heldout100/259,DA,ax_modality,real_views,True,False,False,5,Hypoxemic cardiac arrest,Chronic obstructive pulmonary disease (COPD) exacerbation,False,
DA_d2_heldout100/259,DA,ax_modality,role_rotated,True,False,False,5,Hypoxemic cardiac arrest,Chronic obstructive pulmonary disease (COPD) exacerbation,False,
DA_d2_heldout100/259,DA,ax_modality,single_anchor,True,False,False,3,Brugada syndrome,Chronic obstructive pulmonary disease (COPD) exacerbation,False,
DA_d2_heldout100/259,DA,ax_modality,duplicate_anchor,True,False,False,3,Chronic obstructive pulmonary disease (COPD) exacerbation,Brugada syndrome,False,
DA_d2_heldout100/261,DA,ax_modality,real_views,True,True,True,3,Cutaneous Malakoplakia,Malakoplakia,False,
DA_d2_heldout100/261,DA,ax_modality,role_rotated,True,True,True,3,Cutaneous Malakoplakia,Malakoplakia,False,
DA_d2_heldout100/261,DA,ax_modality,single_anchor,True,False,False,1,Malakoplakia,,False,
DA_d2_heldout100/261,DA,ax_modality,duplicate_anchor,True,False,False,1,Malakoplakia,,False,
DA_d2_heldout100/268,DA,ax_modality,real_views,True,False,False,5,Thalamic hemorrhage,Intracerebral Hemorrhage,False,
DA_d2_heldout100/268,DA,ax_modality,role_rotated,True,False,False,5,Thalamic hemorrhage,Intracerebral Hemorrhage,False,
DA_d2_heldout100/268,DA,ax_modality,single_anchor,True,False,False,2,Intracerebral Hemorrhage,Stroke,False,
DA_d2_heldout100/268,DA,ax_modality,duplicate_anchor,True,False,False,2,Intracerebral Hemorrhage,Stroke,False,
DA_d2_heldout100/270,DA,ax_mechanism,real_views,True,False,False,8,Tachyarrhythmia,Arrhythmia,False,
DA_d2_heldout100/270,DA,ax_mechanism,role_rotated,True,False,False,8,Infective endocarditis,Tachyarrhythmia,False,
DA_d2_heldout100/270,DA,ax_mechanism,single_anchor,True,False,False,4,Arrhythmia,Infective endocarditis,False,
DA_d2_heldout100/270,DA,ax_mechanism,duplicate_anchor,True,False,False,4,Arrhythmia,Infective endocarditis,False,
DA_d2_heldout100/273,DA,ax_modality,real_views,True,False,False,3,Allergic Contact Dermatitis,Atopic Dermatitis,False,
DA_d2_heldout100/273,DA,ax_modality,role_rotated,True,False,False,3,Allergic Contact Dermatitis,Atopic Dermatitis,False,
DA_d2_heldout100/273,DA,ax_modality,single_anchor,True,False,False,2,Allergic Contact Dermatitis,Atopic Dermatitis,False,
DA_d2_heldout100/273,DA,ax_modality,duplicate_anchor,True,False,False,2,Allergic Contact Dermatitis,Atopic Dermatitis,False,
DA_d2_heldout100/276,DA,ax_modality,real_views,True,False,False,4,Carcinoma Erysipelatoides,Cutaneous Metastasis,False,
DA_d2_heldout100/276,DA,ax_modality,role_rotated,True,False,False,4,Carcinoma Erysipelatoides,Inflammatory Breast Cancer,False,
DA_d2_heldout100/276,DA,ax_modality,single_anchor,True,False,False,3,Cutaneous Metastasis,Inflammatory Breast Cancer,False,
DA_d2_heldout100/276,DA,ax_modality,duplicate_anchor,True,False,False,3,Inflammatory Breast Cancer,Cutaneous Metastasis,False,
DA_d2_heldout100/281,DA,ax_syndrome,real_views,True,False,False,4,Invasive Melanoma,Melanoma,False,
DA_d2_heldout100/281,DA,ax_syndrome,role_rotated,True,False,False,4,BRAF V600E-mutant melanoma,Invasive Melanoma,False,
DA_d2_heldout100/281,DA,ax_syndrome,single_anchor,True,False,False,2,Invasive Melanoma,Melanoma,False,
DA_d2_heldout100/281,DA,ax_syndrome,duplicate_anchor,True,False,False,2,Invasive Melanoma,Melanoma,False,
DA_d2_heldout100/283,DA,ax_mechanism,real_views,True,False,False,3,Basal Cell Carcinoma,Cicatricial Ectropion,False,
DA_d2_heldout100/283,DA,ax_mechanism,role_rotated,True,False,False,3,Basal Cell Carcinoma,Cicatricial Ectropion,False,
DA_d2_heldout100/283,DA,ax_mechanism,single_anchor,True,False,False,3,Basal Cell Carcinoma,Cicatricial Ectropion,False,
DA_d2_heldout100/283,DA,ax_mechanism,duplicate_anchor,True,False,False,3,Basal Cell Carcinoma,Cicatricial Ectropion,False,
DA_d2_heldout100/284,DA,ax_mechanism,real_views,True,False,False,4,Tongue Metastasis of Malignant Mesothelioma,Malignant Pleural Mesothelioma,False,
DA_d2_heldout100/284,DA,ax_mechanism,role_rotated,True,False,False,4,Tongue Metastasis of Malignant Mesothelioma,Malignant Pleural Mesothelioma,False,
DA_d2_heldout100/284,DA,ax_mechanism,single_anchor,True,False,False,2,Tongue Metastasis,Malignant Mesothelioma,False,
DA_d2_heldout100/284,DA,ax_mechanism,duplicate_anchor,True,False,False,2,Tongue Metastasis,Malignant Mesothelioma,False,
DA_d2_heldout100/289,DA,ax_modality,real_views,True,False,False,3,Frontotemporal dementia and parkinsonism-17,Progressive supranuclear palsy,False,
DA_d2_heldout100/289,DA,ax_modality,role_rotated,True,False,False,3,Amyotrophic lateral sclerosis,Progressive supranuclear palsy,False,
DA_d2_heldout100/289,DA,ax_modality,single_anchor,True,False,False,2,Frontotemporal dementia and parkinsonism-17,Progressive supranuclear palsy,False,
DA_d2_heldout100/289,DA,ax_modality,duplicate_anchor,True,False,False,2,Progressive supranuclear palsy,,False,
DA_d2_heldout100/290,DA,ax_syndrome,real_views,True,False,False,6,Acute Coronary Syndrome,Myocardial Infarction with Total Occlusion,False,
DA_d2_heldout100/290,DA,ax_syndrome,role_rotated,True,False,False,6,Acute Coronary Syndrome,Coronary Artery Disease,False,
DA_d2_heldout100/290,DA,ax_syndrome,single_anchor,True,False,False,3,Acute Coronary Syndrome,Myocardial Infarction,False,
DA_d2_heldout100/290,DA,ax_syndrome,duplicate_anchor,True,False,False,3,Acute Coronary Syndrome,Myocardial Infarction,False,
DA_d2_heldout100/312,DA,ax_syndrome,real_views,True,False,False,4,Multiple system atrophy,Fabry disease,False,
DA_d2_heldout100/312,DA,ax_syndrome,role_rotated,True,False,False,4,Fabry disease,Multiple system atrophy,False,
DA_d2_heldout100/312,DA,ax_syndrome,single_anchor,True,False,False,3,Multiple System Atrophy,Fabry Disease,False,
DA_d2_heldout100/312,DA,ax_syndrome,duplicate_anchor,True,False,False,3,Multiple System Atrophy,Fabry Disease,False,
DA_d2_heldout100/314,DA,ax_syndrome,real_views,True,False,False,5,Peeling skin disease due to CDSN gene mutations,Peeling skin syndrome type B,False,
DA_d2_heldout100/314,DA,ax_syndrome,role_rotated,True,False,False,5,Peeling skin disease due to CDSN gene mutations,Peeling skin syndrome type B,False,
DA_d2_heldout100/314,DA,ax_syndrome,single_anchor,True,False,False,3,Peeling skin disease due to CDSN gene mutations,Peeling skin syndrome,False,
DA_d2_heldout100/314,DA,ax_syndrome,duplicate_anchor,True,False,False,3,Peeling skin disease due to CDSN gene mutations,Peeling skin syndrome,False,
DA_d2_heldout100/317,DA,ax_syndrome,real_views,True,False,False,3,Pyoderma gangrenosum,Sweet syndrome,False,
DA_d2_heldout100/317,DA,ax_syndrome,role_rotated,True,False,False,3,Pyoderma gangrenosum,Sweet syndrome,False,
DA_d2_heldout100/317,DA,ax_syndrome,single_anchor,True,False,False,2,Pyoderma gangrenosum,Acute febrile neutrophilic dermatosis (Sweet syndrome),False,
DA_d2_heldout100/317,DA,ax_syndrome,duplicate_anchor,True,False,False,2,Pyoderma gangrenosum,Acute febrile neutrophilic dermatosis (Sweet syndrome),False,
DA_d2_heldout100/321,DA,ax_mechanism,real_views,True,False,False,6,Syringocystadenoma papilliferum,Apocrine gland tumor,False,
DA_d2_heldout100/321,DA,ax_mechanism,role_rotated,True,False,False,6,Syringocystadenoma papilliferum,Hidradenoma papilliferum,False,
DA_d2_heldout100/321,DA,ax_mechanism,single_anchor,True,False,False,3,Hidradenoma papilliferum,Apocrine gland carcinoma,False,
DA_d2_heldout100/321,DA,ax_mechanism,duplicate_anchor,True,False,False,3,Hidradenoma papilliferum,Apocrine gland carcinoma,False,
DA_d2_heldout100/328,DA,ax_mechanism,real_views,True,False,False,5,Chronic Urticaria,Autoimmune Urticaria,False,
DA_d2_heldout100/328,DA,ax_mechanism,role_rotated,True,False,False,5,Chronic Urticaria,Autoimmune Urticaria,False,
DA_d2_heldout100/328,DA,ax_mechanism,single_anchor,True,False,False,3,Chronic Urticaria,Autoimmune Urticaria,False,
DA_d2_heldout100/328,DA,ax_mechanism,duplicate_anchor,True,False,False,3,Chronic Urticaria,Autoimmune Urticaria,False,
DA_d2_heldout100/329,DA,ax_modality,real_views,True,False,False,5,Cardiac Lymphoma,Atrial Involvement of Lymphoma,False,
DA_d2_heldout100/329,DA,ax_modality,role_rotated,True,False,False,5,Cardiac Lymphoma,Atrial Involvement of Lymphoma,False,
DA_d2_heldout100/329,DA,ax_modality,single_anchor,True,False,False,2,Cardiac Lymphoma,Cardiac Amyloidosis,False,
DA_d2_heldout100/329,DA,ax_modality,duplicate_anchor,True,False,False,2,Cardiac Lymphoma,Cardiac Amyloidosis,False,
DA_d2_heldout100/330,DA,ax_syndrome,real_views,True,False,False,5,Bifascicular block,Cardiac conduction disease,False,
DA_d2_heldout100/330,DA,ax_syndrome,role_rotated,True,False,False,5,Bifascicular block,Cardiac conduction disease,False,
DA_d2_heldout100/330,DA,ax_syndrome,single_anchor,True,False,False,3,Bifascicular block,Sick sinus syndrome,False,
DA_d2_heldout100/330,DA,ax_syndrome,duplicate_anchor,True,False,False,3,Bifascicular block,Sick sinus syndrome,False,
DA_d2_heldout100/334,DA,ax_modality,real_views,True,True,True,6,Phaeohyphomycosis,Exophiala infection,False,
DA_d2_heldout100/334,DA,ax_modality,role_rotated,True,True,True,6,Phaeohyphomycosis,Exophiala infection,False,
DA_d2_heldout100/334,DA,ax_modality,single_anchor,True,True,True,3,Phaeohyphomycosis,,False,
DA_d2_heldout100/334,DA,ax_modality,duplicate_anchor,True,True,True,3,Phaeohyphomycosis,Chromoblastomycosis,False,
DA_d2_heldout100/349,DA,ax_modality,real_views,True,True,False,6,Cryptococcosis,Cutaneous histoplasmosis,False,
DA_d2_heldout100/349,DA,ax_modality,role_rotated,True,True,False,6,Cryptococcosis,Cutaneous histoplasmosis,False,
DA_d2_heldout100/349,DA,ax_modality,single_anchor,True,True,False,3,Cryptococcosis,Cutaneous histoplasmosis,False,
DA_d2_heldout100/349,DA,ax_modality,duplicate_anchor,True,True,False,3,Cryptococcosis,Cutaneous histoplasmosis,False,
DA_d2_heldout100/350,DA,ax_modality,real_views,True,False,False,6,Mobitz Type II Second-Degree Atrioventricular Block,AV Block,False,
DA_d2_heldout100/350,DA,ax_modality,role_rotated,True,False,False,6,Mobitz Type II Second-Degree Atrioventricular (AV) Block,AV Block,False,
DA_d2_heldout100/350,DA,ax_modality,single_anchor,True,False,False,2,Mobitz Type II Second-Degree Atrioventricular (AV) Block,Right Bundle Branch Block,False,
DA_d2_heldout100/350,DA,ax_modality,duplicate_anchor,True,False,False,2,Mobitz Type II Second-Degree Atrioventricular (AV) Block,Right Bundle Branch Block,False,
DA_d2_heldout100/352,DA,ax_mechanism,real_views,True,False,False,4,Arachnoid Cyst,Pseudotumor Cerebri,False,
DA_d2_heldout100/352,DA,ax_mechanism,role_rotated,True,False,False,4,Arachnoid Cyst,Pseudotumor Cerebri,False,
DA_d2_heldout100/352,DA,ax_mechanism,single_anchor,True,False,False,3,Arachnoid Cyst,Pseudotumor Cerebri,False,
DA_d2_heldout100/352,DA,ax_mechanism,duplicate_anchor,True,False,False,3,Arachnoid Cyst,Pseudotumor Cerebri,False,
DA_d2_heldout100/353,DA,ax_modality,real_views,True,False,False,6,Epidermolysis Bullosa Nevus,Atypical Compound Nevus,False,
DA_d2_heldout100/353,DA,ax_modality,role_rotated,True,False,False,6,Epidermolysis Bullosa Nevus,Atypical Compound Nevus,False,
DA_d2_heldout100/353,DA,ax_modality,single_anchor,True,False,False,2,Atypical Compound Nevus,Melanoma,False,
DA_d2_heldout100/353,DA,ax_modality,duplicate_anchor,True,False,False,2,Atypical Compound Nevus,Melanoma,False,
DA_d2_heldout100/354,DA,ax_syndrome,real_views,True,False,False,4,Varicella-zoster virus infection,Vasculitis,False,
DA_d2_heldout100/354,DA,ax_syndrome,role_rotated,True,False,False,4,Toxic Epidermal Necrolysis,Vasculitis,False,
DA_d2_heldout100/354,DA,ax_syndrome,single_anchor,True,False,False,3,Varicella,Vasculitis,False,
DA_d2_heldout100/354,DA,ax_syndrome,duplicate_anchor,True,False,False,3,Vasculitis,Varicella,False,
DA_d2_heldout100/355,DA,ax_mechanism,real_views,True,False,False,4,Cardiac Amyloidosis,Diastolic Dysfunction,False,
DA_d2_heldout100/355,DA,ax_mechanism,role_rotated,True,False,False,4,Cardiac Amyloidosis,Diastolic Dysfunction,False,
DA_d2_heldout100/355,DA,ax_mechanism,single_anchor,True,False,False,3,Cardiac Amyloidosis,Diastolic Dysfunction,False,
DA_d2_heldout100/355,DA,ax_mechanism,duplicate_anchor,True,False,False,3,Cardiac Amyloidosis,Diastolic Dysfunction,False,
DA_d2_heldout100/361,DA,ax_mechanism,real_views,True,False,False,3,Ventricular Tachycardia,Supraventricular Tachycardia,False,
DA_d2_heldout100/361,DA,ax_mechanism,role_rotated,True,False,False,3,Ventricular Tachycardia,Supraventricular Tachycardia,False,
DA_d2_heldout100/361,DA,ax_mechanism,single_anchor,True,False,False,3,Ventricular Tachycardia,Supraventricular Tachycardia,False,
DA_d2_heldout100/361,DA,ax_mechanism,duplicate_anchor,True,False,False,3,Supraventricular Tachycardia,Atrioventricular Nodal Reentrant Tachycardia,False,
DA_d2_heldout100/364,DA,ax_modality,real_views,True,False,False,6,Papulopustular rosacea,Rosacea,False,
DA_d2_heldout100/364,DA,ax_modality,role_rotated,True,False,False,6,Papulopustular rosacea,Rosacea,False,
DA_d2_heldout100/364,DA,ax_modality,single_anchor,True,False,False,3,Papulopustular rosacea,"Palmoplantar pustulosis is less likely but a variant of Acne inversa or Acne fulminans could be considered, however the most fitting diagnosis seems to be a variant of rosacea, specifically",False,
DA_d2_heldout100/364,DA,ax_modality,duplicate_anchor,True,False,False,3,Papulopustular rosacea,"Palmoplantar pustulosis is less likely but a variant of Acne inversa or Acne fulminans could be considered, however the most fitting diagnosis seems to be a variant of rosacea, specifically",False,
DA_d2_heldout100/365,DA,ax_syndrome,real_views,True,False,False,8,Scleroderma-like illness due to meperidine injections,Injectable drug-induced skin and soft tissue injury,False,
DA_d2_heldout100/365,DA,ax_syndrome,role_rotated,True,False,False,8,Scleroderma-like illness due to meperidine injections,Injectable drug-induced skin and soft tissue injury,False,
DA_d2_heldout100/365,DA,ax_syndrome,single_anchor,True,False,False,3,Injectable drug-induced skin and soft tissue injury,Pancreatic panniculitis,False,
DA_d2_heldout100/365,DA,ax_syndrome,duplicate_anchor,True,False,False,3,Injectable drug-induced skin and soft tissue injury,Pancreatic panniculitis,False,
DA_d2_heldout100/367,DA,ax_mechanism,real_views,True,False,False,3,Medulloepithelioma,Neuroepithelial tumor,False,
DA_d2_heldout100/367,DA,ax_mechanism,role_rotated,True,False,False,3,Medulloepithelioma,Neuroepithelial tumor,False,
DA_d2_heldout100/367,DA,ax_mechanism,single_anchor,True,False,False,2,Neurofibroma,Medulloepithelioma,False,
DA_d2_heldout100/367,DA,ax_mechanism,duplicate_anchor,True,False,False,2,Neurofibroma,Medulloepithelioma,False,
DA_d2_heldout100/368,DA,ax_syndrome,real_views,True,False,False,3,Mycosis Fungoides,Cutaneous T-cell lymphoma,False,
DA_d2_heldout100/368,DA,ax_syndrome,role_rotated,True,False,False,3,Mycosis Fungoides,Cutaneous T-cell lymphoma,False,
DA_d2_heldout100/368,DA,ax_syndrome,single_anchor,True,False,False,2,Mycosis Fungoides,Sézary Syndrome,False,
DA_d2_heldout100/368,DA,ax_syndrome,duplicate_anchor,True,False,False,2,Mycosis Fungoides,Sézary Syndrome,False,
DA_d2_heldout100/372,DA,ax_syndrome,real_views,True,False,False,5,Familial Hypercholesterolemia,Lipid Profile Disorder,False,
DA_d2_heldout100/372,DA,ax_syndrome,role_rotated,True,False,False,5,Familial Hypercholesterolemia,Lipid Profile Disorder,False,
DA_d2_heldout100/372,DA,ax_syndrome,single_anchor,True,False,False,2,Familial Hypercholesterolemia,Statin-Induced Myopathy,False,
DA_d2_heldout100/372,DA,ax_syndrome,duplicate_anchor,True,False,False,2,Familial Hypercholesterolemia,Statin-Induced Myopathy,False,
DA_d2_heldout100/374,DA,ax_mechanism,real_views,True,False,False,4,Atrial Tachycardia,COVID-19 associated cardiac arrhythmia,False,
DA_d2_heldout100/374,DA,ax_mechanism,role_rotated,True,False,False,4,Atrial Tachycardia,COVID-19 associated cardiac arrhythmia,False,
DA_d2_heldout100/374,DA,ax_mechanism,single_anchor,True,False,False,2,Atrial Tachycardia,COVID-19 associated cardiac arrhythmia,False,
DA_d2_heldout100/374,DA,ax_mechanism,duplicate_anchor,True,False,False,2,Atrial Tachycardia,COVID-19 associated cardiac arrhythmia,False,
DA_d2_heldout100/375,DA,ax_mechanism,real_views,True,False,False,6,Herpes simplex virus infection,Genital Herpes Simplex Virus Infection,False,
DA_d2_heldout100/375,DA,ax_mechanism,role_rotated,True,False,False,6,Genital Herpes Simplex Virus Infection,,False,
DA_d2_heldout100/375,DA,ax_mechanism,single_anchor,True,False,False,3,Herpes simplex virus infection,Verrucous carcinoma,False,
DA_d2_heldout100/375,DA,ax_mechanism,duplicate_anchor,True,False,False,3,Herpes simplex virus infection,Verrucous carcinoma,False,
DA_d2_heldout100/379,DA,ax_mechanism,real_views,True,False,False,6,Perineural Invasion by Malignant Melanoma,Malignant Melanoma,False,
DA_d2_heldout100/379,DA,ax_mechanism,role_rotated,True,False,False,6,Perineural Invasion by Malignant Melanoma,Malignant Melanoma,False,
DA_d2_heldout100/379,DA,ax_mechanism,single_anchor,True,False,False,3,Perineural Invasion by Malignant Melanoma,Malignant Melanoma,False,
DA_d2_heldout100/379,DA,ax_mechanism,duplicate_anchor,True,False,False,3,Perineural Invasion by Malignant Melanoma,Malignant Melanoma,False,
DA_d2_heldout100/383,DA,ax_mechanism,real_views,True,False,False,5,Embryonal Rhabdomyosarcoma,Rhabdomyosarcoma,False,
DA_d2_heldout100/383,DA,ax_mechanism,role_rotated,True,False,False,5,Embryonal Rhabdomyosarcoma,Rhabdomyosarcoma,False,
DA_d2_heldout100/383,DA,ax_mechanism,single_anchor,True,False,False,4,Rhabdomyosarcoma,Ewing's Sarcoma,False,
DA_d2_heldout100/383,DA,ax_mechanism,duplicate_anchor,True,False,False,4,Rhabdomyosarcoma,Ewing's Sarcoma,False,
DA_d2_heldout100/398,DA,ax_syndrome,real_views,True,False,False,3,Kaposi's sarcoma,angioma,False,
DA_d2_heldout100/398,DA,ax_syndrome,role_rotated,True,False,False,3,Kaposi's sarcoma,angioma,False,
DA_d2_heldout100/398,DA,ax_syndrome,single_anchor,True,False,False,3,hemangioma,angioma,False,
DA_d2_heldout100/398,DA,ax_syndrome,duplicate_anchor,True,False,False,3,Kaposi's sarcoma,hemangioma,False,
DA_d2_heldout100/400,DA,ax_modality,real_views,True,False,False,3,Rapid Eye Movement Sleep Behavior Disorder,Obstructive Sleep Apnea,False,
DA_d2_heldout100/400,DA,ax_modality,role_rotated,True,False,False,3,Rapid Eye Movement Sleep Behavior Disorder (RBD),Obstructive Sleep Apnea,False,
DA_d2_heldout100/400,DA,ax_modality,single_anchor,True,False,False,2,Rapid Eye Movement Sleep Behavior Disorder (RBD),Obstructive Sleep Apnea (OSA),False,
DA_d2_heldout100/400,DA,ax_modality,duplicate_anchor,True,False,False,2,Rapid Eye Movement Sleep Behavior Disorder (RBD),Obstructive Sleep Apnea (OSA),False,
DA_d2_heldout100/415,DA,ax_modality,real_views,True,False,False,7,Non-ST-Elevation Myocardial Infarction (NSTEMI),ST-Elevation Myocardial Infarction (STEMI),False,
DA_d2_heldout100/415,DA,ax_modality,role_rotated,True,False,False,7,ST-Elevation Myocardial Infarction (STEMI),Non-ST-Elevation Myocardial Infarction (NSTEMI),False,
DA_d2_heldout100/415,DA,ax_modality,single_anchor,True,False,False,3,Non-ST-Elevation Myocardial Infarction (NSTEMI),Acute Coronary Syndrome,False,
DA_d2_heldout100/415,DA,ax_modality,duplicate_anchor,True,False,False,3,ST-Elevation Myocardial Infarction (STEMI),Non-ST-Elevation Myocardial Infarction (NSTEMI),False,
DA_d2_heldout100/423,DA,ax_modality,real_views,True,False,False,5,Leptomeningeal lymphoma,Central nervous system lymphoma,False,
DA_d2_heldout100/423,DA,ax_modality,role_rotated,True,False,False,5,Leptomeningeal lymphoma,Central nervous system lymphoma,False,
DA_d2_heldout100/423,DA,ax_modality,single_anchor,True,False,False,1,Central Nervous System Lymphoma,,False,
DA_d2_heldout100/423,DA,ax_modality,duplicate_anchor,True,False,False,1,Central Nervous System Lymphoma,,False,
DA_d2_heldout100/425,DA,ax_syndrome,real_views,True,False,False,2,Autoimmune Hemolytic Anemia,Chronic lymphocytic leukemia-related immune dysregulation,False,
DA_d2_heldout100/425,DA,ax_syndrome,role_rotated,True,False,False,2,Autoimmune Hemolytic Anemia,Chronic lymphocytic leukemia-related immune dysregulation,False,
DA_d2_heldout100/425,DA,ax_syndrome,single_anchor,True,False,False,1,Autoimmune Hemolytic Anemia,,False,
DA_d2_heldout100/425,DA,ax_syndrome,duplicate_anchor,True,False,False,1,Autoimmune Hemolytic Anemia,,False,
DA_d2_heldout100/431,DA,ax_syndrome,real_views,True,False,False,7,T-VEC–Treated Melanoma,Tumor regression due to immunotherapy,False,
DA_d2_heldout100/431,DA,ax_syndrome,role_rotated,True,False,False,7,T-VEC–Treated Melanoma,Tumor regression due to immunotherapy,False,
DA_d2_heldout100/431,DA,ax_syndrome,single_anchor,True,False,False,3,Recurrent Melanoma,Melanoma,False,
DA_d2_heldout100/431,DA,ax_syndrome,duplicate_anchor,True,False,False,3,Recurrent Melanoma,Melanoma,False,
DA_d2_heldout100/434,DA,ax_modality,real_views,True,False,False,2,Dermatophytosis,Eosinophilic dermatitis,False,
DA_d2_heldout100/434,DA,ax_modality,role_rotated,True,False,False,2,Dermatophytosis,Eosinophilic dermatitis,False,
DA_d2_heldout100/434,DA,ax_modality,single_anchor,True,False,False,2,Dermatophytosis,Eosinophilic Dermatitis,False,
DA_d2_heldout100/434,DA,ax_modality,duplicate_anchor,True,False,False,2,Dermatophytosis,Eosinophilic Dermatitis,False,
DA_d2_heldout100/451,DA,ax_mechanism,real_views,True,False,False,9,First Branchial Cleft Anomaly,Middle Ear Cholesteatoma,False,
DA_d2_heldout100/451,DA,ax_mechanism,role_rotated,True,False,False,9,Petrous Bone Cholesteatoma,Middle Ear Cholesteatoma,False,
DA_d2_heldout100/451,DA,ax_mechanism,single_anchor,True,False,False,3,Cholesteatoma,Petrous bone osteomyelitis,False,
DA_d2_heldout100/451,DA,ax_mechanism,duplicate_anchor,True,False,False,3,Cholesteatoma,Petrous bone osteomyelitis,False,
DA_d2_heldout100/452,DA,ax_syndrome,real_views,True,False,False,4,Paraneoplastic pemphigus,Pemphigus vulgaris,False,
DA_d2_heldout100/452,DA,ax_syndrome,role_rotated,True,False,False,4,Paraneoplastic pemphigus,Autoimmune bullous disease,False,
DA_d2_heldout100/452,DA,ax_syndrome,single_anchor,True,False,False,3,Paraneoplastic pemphigus,Pemphigus vulgaris,False,
DA_d2_heldout100/452,DA,ax_syndrome,duplicate_anchor,True,False,False,3,Paraneoplastic pemphigus,,False,
DA_d2_heldout200b/457,DA,ax_mechanism,real_views,True,False,False,6,Follicular atrophoderma,Discoid lupus erythematosus,False,
DA_d2_heldout200b/457,DA,ax_mechanism,role_rotated,True,False,False,6,Follicular atrophoderma,Discoid lupus erythematosus,False,
DA_d2_heldout200b/457,DA,ax_mechanism,single_anchor,True,False,False,3,Discoid lupus erythematosus,Sarcoidosis,False,
DA_d2_heldout200b/457,DA,ax_mechanism,duplicate_anchor,True,False,False,3,Discoid lupus erythematosus,Sarcoidosis,False,
DA_d2_heldout200b/459,DA,ax_mechanism,real_views,True,False,False,7,Tachycardia-Induced Cardiomyopathy,Atrial Tachycardia with Cardiac Dysfunction,False,
DA_d2_heldout200b/459,DA,ax_mechanism,role_rotated,True,False,False,7,Atrial Tachycardia with Cardiac Dysfunction,Tachycardia-Induced Cardiomyopathy,False,
DA_d2_heldout200b/459,DA,ax_mechanism,single_anchor,True,False,False,3,Tachycardia-Induced Cardiomyopathy,Heart Failure with Reduced Ejection Fraction,False,
DA_d2_heldout200b/459,DA,ax_mechanism,duplicate_anchor,True,False,False,3,Tachycardia-Induced Cardiomyopathy,Heart Failure with Reduced Ejection Fraction,False,
DA_d2_heldout200b/464,DA,ax_mechanism,real_views,True,False,False,4,Purpura fulminans,Septic emboli,False,
DA_d2_heldout200b/464,DA,ax_mechanism,role_rotated,True,False,False,4,Purpura fulminans,Septic emboli,False,
DA_d2_heldout200b/464,DA,ax_mechanism,single_anchor,True,False,False,4,Purpura fulminans,Septic emboli,False,
DA_d2_heldout200b/464,DA,ax_mechanism,duplicate_anchor,True,False,False,4,Purpura fulminans,Septic emboli,False,
DA_d2_heldout200b/465,DA,ax_syndrome,real_views,True,False,False,4,Angiosarcoma,,False,
DA_d2_heldout200b/465,DA,ax_syndrome,role_rotated,True,False,False,4,Angiosarcoma,Hemangioma,False,
DA_d2_heldout200b/465,DA,ax_syndrome,single_anchor,True,False,False,2,Angiosarcoma,Squamous cell carcinoma,False,
DA_d2_heldout200b/465,DA,ax_syndrome,duplicate_anchor,True,False,False,2,Angiosarcoma,Squamous cell carcinoma,False,
DA_d2_heldout200b/472,DA,ax_syndrome,real_views,True,False,False,6,Hypertrophic Cardiomyopathy,Acute Coronary Syndrome,False,
DA_d2_heldout200b/472,DA,ax_syndrome,role_rotated,True,False,False,6,Hypertrophic Cardiomyopathy,Acute Coronary Syndrome,False,
DA_d2_heldout200b/472,DA,ax_syndrome,single_anchor,True,False,False,4,Hypertrophic Cardiomyopathy,Acute Coronary Syndrome,False,
DA_d2_heldout200b/472,DA,ax_syndrome,duplicate_anchor,True,False,False,4,Hypertrophic Cardiomyopathy,Acute Coronary Syndrome,False,
DA_d2_heldout200b/473,DA,ax_syndrome,real_views,True,False,False,8,Acute Viral Rhinopharyngitis,Common Cold,False,
DA_d2_heldout200b/473,DA,ax_syndrome,role_rotated,True,False,False,8,Respiratory Syncytial Virus (RSV) infection,Acute Viral Rhinopharyngitis,False,
DA_d2_heldout200b/473,DA,ax_syndrome,single_anchor,True,False,False,3,Acute Viral Rhinopharyngitis,Viral Fever,False,
DA_d2_heldout200b/473,DA,ax_syndrome,duplicate_anchor,True,False,False,3,Acute Viral Rhinopharyngitis,Viral Fever,False,
DA_d2_heldout200b/478,DA,ax_syndrome,real_views,True,False,False,7,Respiratory Syncytial Virus (RSV) infection,Bronchiolitis,False,
DA_d2_heldout200b/478,DA,ax_syndrome,role_rotated,True,False,False,7,Respiratory Syncytial Virus (RSV) infection,Acute respiratory distress syndrome (ARDS),False,
DA_d2_heldout200b/478,DA,ax_syndrome,single_anchor,True,False,False,3,Sepsis,Bronchiolitis,False,
DA_d2_heldout200b/478,DA,ax_syndrome,duplicate_anchor,True,False,False,3,Sepsis,Bronchiolitis,False,
DA_d2_heldout200b/480,DA,ax_mechanism,real_views,True,False,False,3,Reperfusion Injury,High-Altitude Pulmonary Edema (HAPE),False,
DA_d2_heldout200b/480,DA,ax_mechanism,role_rotated,True,False,False,3,High-Altitude Pulmonary Edema (HAPE),Reperfusion Injury,False,
DA_d2_heldout200b/480,DA,ax_mechanism,single_anchor,True,False,False,3,High-Altitude Pulmonary Edema (HAPE),Reperfusion Injury,False,
DA_d2_heldout200b/480,DA,ax_mechanism,duplicate_anchor,True,False,False,3,High-Altitude Pulmonary Edema (HAPE),Reperfusion Injury,False,
DA_d2_heldout200b/485,DA,ax_mechanism,real_views,True,False,False,8,Necrotising Immune-Complex Glomerulonephritis,Infective endocarditis,False,
DA_d2_heldout200b/485,DA,ax_mechanism,role_rotated,True,False,False,8,Necrotising Immune-Complex Glomerulonephritis,Infective endocarditis,False,
DA_d2_heldout200b/485,DA,ax_mechanism,single_anchor,True,False,False,4,Infective endocarditis,Membranoproliferative glomerulonephritis,False,
DA_d2_heldout200b/485,DA,ax_mechanism,duplicate_anchor,True,False,False,4,Infective endocarditis,Membranoproliferative glomerulonephritis,False,
DA_d2_heldout200b/486,DA,ax_syndrome,real_views,True,False,False,6,Leprosy,Lupus vulgaris,False,
DA_d2_heldout200b/486,DA,ax_syndrome,role_rotated,True,False,False,6,Leprosy,Lupus vulgaris,False,
DA_d2_heldout200b/486,DA,ax_syndrome,single_anchor,True,False,False,4,Leprosy,Lupus vulgaris,False,
DA_d2_heldout200b/486,DA,ax_syndrome,duplicate_anchor,True,False,False,4,Leprosy,Lupus vulgaris,False,
DA_d2_heldout200b/488,DA,ax_mechanism,real_views,True,False,False,5,Myelodysplastic syndrome,Acute myeloid leukemia,False,
DA_d2_heldout200b/488,DA,ax_mechanism,role_rotated,True,False,False,5,Myelodysplastic syndrome,Acute myeloid leukemia,False,
DA_d2_heldout200b/488,DA,ax_mechanism,single_anchor,True,False,False,4,Myelodysplastic syndrome,Acute myeloid leukemia,False,
DA_d2_heldout200b/488,DA,ax_mechanism,duplicate_anchor,True,False,False,4,Myelodysplastic syndrome,Acute myeloid leukemia,False,
DA_d2_heldout200b/489,DA,ax_modality,real_views,True,False,False,5,Pseudohypoparathyroidism,Hypoparathyroidism,False,
DA_d2_heldout200b/489,DA,ax_modality,role_rotated,True,False,False,5,Pseudohypoparathyroidism,Idiopathic Basal Ganglia Calcification,False,
DA_d2_heldout200b/489,DA,ax_modality,single_anchor,True,False,False,3,Hypoparathyroidism,Idiopathic Basal Ganglia Calcification,False,
DA_d2_heldout200b/489,DA,ax_modality,duplicate_anchor,True,False,False,3,Idiopathic Basal Ganglia Calcification,,False,
DA_d2_heldout200b/490,DA,ax_modality,real_views,True,False,False,8,Hunger strike-associated colitis,Ulcerative Colitis,False,
DA_d2_heldout200b/490,DA,ax_modality,role_rotated,True,False,False,8,Hunger strike-associated colitis,Ulcerative Colitis,False,
DA_d2_heldout200b/490,DA,ax_modality,single_anchor,True,False,False,4,Inflammatory Bowel Disease (IBD),Hunger strike-associated colitis,False,
DA_d2_heldout200b/490,DA,ax_modality,duplicate_anchor,True,False,False,4,Inflammatory Bowel Disease (IBD),Ischemic colitis,False,
DA_d2_heldout200b/493,DA,ax_syndrome,real_views,True,False,False,6,Dengue hemorrhagic fever,Dengue fever,False,
DA_d2_heldout200b/493,DA,ax_syndrome,role_rotated,True,False,False,6,Dengue hemorrhagic fever,Dengue fever,False,
DA_d2_heldout200b/493,DA,ax_syndrome,single_anchor,True,False,False,3,Dengue hemorrhagic fever,Pulmonary edema,False,
DA_d2_heldout200b/493,DA,ax_syndrome,duplicate_anchor,True,False,False,3,Dengue hemorrhagic fever,Pulmonary edema,False,
DA_d2_heldout200b/496,DA,ax_modality,real_views,True,False,False,5,Sepsis,Bacterial infection,False,
DA_d2_heldout200b/496,DA,ax_modality,role_rotated,True,False,False,5,Sepsis,Bacterial infection,False,
DA_d2_heldout200b/496,DA,ax_modality,single_anchor,True,False,False,3,Sepsis,Bacterial Infection,False,
DA_d2_heldout200b/496,DA,ax_modality,duplicate_anchor,True,False,False,3,Sepsis,Bacterial Infection,False,
DA_d2_heldout200b/497,DA,ax_modality,real_views,True,False,False,5,Cancer-associated thrombosis,Antiphospholipid syndrome,False,
DA_d2_heldout200b/497,DA,ax_modality,role_rotated,True,False,False,5,Cancer-associated thrombosis,Antiphospholipid syndrome,False,
DA_d2_heldout200b/497,DA,ax_modality,single_anchor,True,False,False,3,Cancer-Associated Thrombosis,Disseminated Intravascular Coagulation (DIC),False,
DA_d2_heldout200b/497,DA,ax_modality,duplicate_anchor,True,False,False,3,Cancer-Associated Thrombosis,Disseminated Intravascular Coagulation (DIC),False,
DA_d2_heldout200b/498,DA,ax_modality,real_views,True,False,False,7,Choriocarcinoma,Molar Pregnancy,False,
DA_d2_heldout200b/498,DA,ax_modality,role_rotated,True,False,False,7,Molar Pregnancy,Eclampsia or preeclampsia,False,
DA_d2_heldout200b/498,DA,ax_modality,single_anchor,True,False,False,3,Choriocarcinoma,Molar Pregnancy,False,
DA_d2_heldout200b/498,DA,ax_modality,duplicate_anchor,True,False,False,3,Choriocarcinoma,Molar Pregnancy,False,
DA_d2_heldout200b/500,DA,ax_modality,real_views,True,False,False,5,Acute lipodermatosclerosis,Lipodermatosclerosis,False,
DA_d2_heldout200b/500,DA,ax_modality,role_rotated,True,False,False,5,Acute lipodermatosclerosis,Lipodermatosclerosis,False,
DA_d2_heldout200b/500,DA,ax_modality,single_anchor,True,False,False,3,Acute lipodermatosclerosis,Chronic Venous Insufficiency,False,
DA_d2_heldout200b/500,DA,ax_modality,duplicate_anchor,True,False,False,3,Acute lipodermatosclerosis,Chronic Venous Insufficiency,False,
DA_d2_heldout200b/501,DA,ax_mechanism,real_views,True,False,False,6,Adrenal Cortical Carcinoma,Lymphoma,False,
DA_d2_heldout200b/501,DA,ax_mechanism,role_rotated,True,False,False,6,Adrenal Cortical Carcinoma,Lymphoma,False,
DA_d2_heldout200b/501,DA,ax_mechanism,single_anchor,True,False,False,3,Adrenal Cortical Carcinoma,Metastatic Renal Cell Carcinoma,False,
DA_d2_heldout200b/501,DA,ax_mechanism,duplicate_anchor,True,False,False,3,Adrenal Cortical Carcinoma,Metastatic Renal Cell Carcinoma,False,
DA_d2_heldout200b/507,DA,ax_mechanism,real_views,True,False,False,7,Secondary acute myeloid leukemia,Acute Myeloid Leukemia,False,
DA_d2_heldout200b/507,DA,ax_mechanism,role_rotated,True,False,False,7,Secondary acute myeloid leukemia,Acute Myeloid Leukemia,False,
DA_d2_heldout200b/507,DA,ax_mechanism,single_anchor,True,False,False,3,Secondary acute myeloid leukemia,Cardiac lymphoma,False,
DA_d2_heldout200b/507,DA,ax_mechanism,duplicate_anchor,True,False,False,3,Secondary acute myeloid leukemia,Therapy-related myelodysplastic syndrome,False,
DA_d2_heldout200b/508,DA,ax_modality,real_views,True,False,False,3,Peripheral T-cell Lymphoma,T-cell Lymphoma,False,
DA_d2_heldout200b/508,DA,ax_modality,role_rotated,True,False,False,3,Peripheral T-cell Lymphoma,Hemophagocytic Lymphohistiocytosis (HLH),False,
DA_d2_heldout200b/508,DA,ax_modality,single_anchor,True,False,False,2,T-cell lymphoma,Hemophagocytic Lymphohistiocytosis (HLH),False,
DA_d2_heldout200b/508,DA,ax_modality,duplicate_anchor,True,False,False,2,T-cell lymphoma,Hemophagocytic Lymphohistiocytosis (HLH),False,
DA_d2_heldout200b/510,DA,ax_mechanism,real_views,True,False,False,5,Systemic Sclerosis,Systemic Lupus Erythematosus,False,
DA_d2_heldout200b/510,DA,ax_mechanism,role_rotated,True,False,False,5,Systemic Sclerosis,Mixed Connective Tissue Disease,False,
DA_d2_heldout200b/510,DA,ax_mechanism,single_anchor,True,False,False,3,Systemic Sclerosis,Rheumatoid Arthritis,False,
DA_d2_heldout200b/510,DA,ax_mechanism,duplicate_anchor,True,False,False,3,Systemic Sclerosis,Sjögren's Syndrome,False,
DA_d2_heldout200b/513,DA,ax_modality,real_views,True,False,False,6,Melanoma metastasis to the liver,Metastatic melanoma,False,
DA_d2_heldout200b/513,DA,ax_modality,role_rotated,True,False,False,6,Metastatic melanoma to the liver,Metastatic melanoma,False,
DA_d2_heldout200b/513,DA,ax_modality,single_anchor,True,False,False,3,Melanoma metastasis to the liver,Sarcoma,False,
DA_d2_heldout200b/513,DA,ax_modality,duplicate_anchor,True,False,False,3,Melanoma metastasis to the liver,Sarcoma,False,
DA_d2_heldout200b/514,DA,ax_modality,real_views,True,False,False,3,Constrictive Pericarditis,Restrictive Cardiomyopathy,False,
DA_d2_heldout200b/514,DA,ax_modality,role_rotated,True,False,False,3,Constrictive Pericarditis,Restrictive Cardiomyopathy,False,
DA_d2_heldout200b/514,DA,ax_modality,single_anchor,True,False,False,3,Constrictive Pericarditis,Restrictive Cardiomyopathy,False,
DA_d2_heldout200b/514,DA,ax_modality,duplicate_anchor,True,False,False,3,Constrictive Pericarditis,Restrictive Cardiomyopathy,False,
DA_d2_heldout200b/523,DA,ax_modality,real_views,True,False,False,5,Hepatitis C,Cirrhosis,False,
DA_d2_heldout200b/523,DA,ax_modality,role_rotated,True,False,False,5,Hepatitis C,Cirrhosis,False,
DA_d2_heldout200b/523,DA,ax_modality,single_anchor,True,False,False,3,Hepatitis C,Cirrhosis,False,
DA_d2_heldout200b/523,DA,ax_modality,duplicate_anchor,True,False,False,3,Hepatitis C,Cirrhosis,False,
DA_d2_heldout200b/530,DA,ax_mechanism,real_views,True,False,False,5,Limited Systemic Sclerosis,Sjögren's Syndrome,False,
DA_d2_heldout200b/530,DA,ax_mechanism,role_rotated,True,False,False,5,Limited Systemic Sclerosis,Sjögren's Syndrome,False,
DA_d2_heldout200b/530,DA,ax_mechanism,single_anchor,True,False,False,4,Limited Systemic Sclerosis,Sjögren's Syndrome,False,
DA_d2_heldout200b/530,DA,ax_mechanism,duplicate_anchor,True,False,False,4,Limited Systemic Sclerosis,Sjögren's Syndrome,False,
DA_d2_heldout200b/535,DA,ax_syndrome,real_views,True,False,False,4,Facial neuritis,Lower motor neuron disease,False,
DA_d2_heldout200b/535,DA,ax_syndrome,role_rotated,True,False,False,4,Facial neuritis,Lower motor neuron disease,False,
DA_d2_heldout200b/535,DA,ax_syndrome,single_anchor,True,False,False,2,Facial neuritis,Lower motor neuron disease,False,
DA_d2_heldout200b/535,DA,ax_syndrome,duplicate_anchor,True,False,False,2,Facial neuritis,Lower motor neuron disease,False,
DA_d2_heldout200b/536,DA,ax_syndrome,real_views,True,False,False,5,Chronic Pulmonary Aspergillosis,Aspergilloma,False,
DA_d2_heldout200b/536,DA,ax_syndrome,role_rotated,True,False,False,5,Chronic Pulmonary Aspergillosis,Aspergilloma,False,
DA_d2_heldout200b/536,DA,ax_syndrome,single_anchor,True,False,False,3,Chronic Pulmonary Aspergillosis,Aspergilloma,False,
DA_d2_heldout200b/536,DA,ax_syndrome,duplicate_anchor,True,False,False,3,Chronic Pulmonary Aspergillosis,Aspergilloma,False,
DA_d2_heldout200b/540,DA,ax_mechanism,real_views,True,False,False,7,Diabetic Ketoacidosis,Acute Kidney Injury,False,
DA_d2_heldout200b/540,DA,ax_mechanism,role_rotated,True,False,False,7,Diabetic Ketoacidosis,Acute Kidney Injury,False,
DA_d2_heldout200b/540,DA,ax_mechanism,single_anchor,True,False,False,4,Diabetic ketoacidosis,Acute kidney injury,False,
DA_d2_heldout200b/540,DA,ax_mechanism,duplicate_anchor,True,False,False,4,Diabetic ketoacidosis,Sepsis,False,
DA_d2_heldout200b/543,DA,ax_mechanism,real_views,True,False,False,5,Legionnaires' disease,Myocarditis,False,
DA_d2_heldout200b/543,DA,ax_mechanism,role_rotated,True,False,False,5,Legionnaires' disease,Myocarditis,False,
DA_d2_heldout200b/543,DA,ax_mechanism,single_anchor,True,False,False,3,Legionnaires' disease,Myocarditis,False,
DA_d2_heldout200b/543,DA,ax_mechanism,duplicate_anchor,True,False,False,3,Legionnaires' disease,Myocarditis,False,
DA_d2_heldout200b/548,DA,ax_mechanism,real_views,True,False,False,6,StatIN-associated necrotizing autoimmune myopathy,Drug-induced rhabdomyolysis,False,
DA_d2_heldout200b/548,DA,ax_mechanism,role_rotated,True,False,False,6,Drug-induced rhabdomyolysis,Rhabdomyolysis,False,
DA_d2_heldout200b/548,DA,ax_mechanism,single_anchor,True,False,False,4,Drug-induced rhabdomyolysis,Rhabdomyolysis,False,
DA_d2_heldout200b/548,DA,ax_mechanism,duplicate_anchor,True,False,False,4,Drug-induced rhabdomyolysis,Rhabdomyolysis,False,
DA_d2_heldout200b/553,DA,ax_modality,real_views,True,False,False,4,Prostatic paraganglioma,Paraganglioma,False,
DA_d2_heldout200b/553,DA,ax_modality,role_rotated,True,False,False,4,Paraganglioma,Prostatic paraganglioma,False,
DA_d2_heldout200b/553,DA,ax_modality,single_anchor,True,False,False,3,Paraganglioma,Pheochromocytoma,False,
DA_d2_heldout200b/553,DA,ax_modality,duplicate_anchor,True,False,False,3,Paraganglioma,Pheochromocytoma,False,
DA_d2_heldout200b/556,DA,ax_mechanism,real_views,True,False,False,5,Strongyloidiasis,Invasive Aspergillosis,False,
DA_d2_heldout200b/556,DA,ax_mechanism,role_rotated,True,False,False,5,Strongyloidiasis,Invasive Aspergillosis,False,
DA_d2_heldout200b/556,DA,ax_mechanism,single_anchor,True,False,False,3,Strongyloidiasis,Invasive Aspergillosis,False,
DA_d2_heldout200b/556,DA,ax_mechanism,duplicate_anchor,True,False,False,3,Strongyloidiasis,Invasive Aspergillosis,False,
DA_d2_heldout200b/559,DA,ax_mechanism,real_views,True,False,False,5,Calciphylaxis,Heparin-induced thrombocytopenia,False,
DA_d2_heldout200b/559,DA,ax_mechanism,role_rotated,True,False,False,5,Calciphylaxis,Heparin-induced thrombocytopenia,False,
DA_d2_heldout200b/559,DA,ax_mechanism,single_anchor,True,False,False,4,Calciphylaxis,Heparin-induced thrombocytopenia,False,
DA_d2_heldout200b/559,DA,ax_mechanism,duplicate_anchor,True,False,False,4,Calciphylaxis,Heparin-induced thrombocytopenia,False,
DA_d2_heldout200b/560,DA,ax_syndrome,real_views,True,False,False,6,Thyroid Storm,Hyperthyroidism,False,
DA_d2_heldout200b/560,DA,ax_syndrome,role_rotated,True,False,False,6,Hyperthyroidism,Thyroid Storm,False,
DA_d2_heldout200b/560,DA,ax_syndrome,single_anchor,True,False,False,4,Hyperthyroidism,Pulmonary Embolism,False,
DA_d2_heldout200b/560,DA,ax_syndrome,duplicate_anchor,True,False,False,4,Hyperthyroidism,Atrial Fibrillation,False,
DA_d2_heldout200b/563,DA,ax_mechanism,real_views,True,False,False,7,Gram-negative bacillary bacteremia,Gram-negative bacteremia,False,
DA_d2_heldout200b/563,DA,ax_mechanism,role_rotated,True,False,False,7,Gram-negative bacillary bacteremia,Gram-negative bacteremia,False,
DA_d2_heldout200b/563,DA,ax_mechanism,single_anchor,True,False,False,4,Gram-negative bacteremia,Sepsis,False,
DA_d2_heldout200b/563,DA,ax_mechanism,duplicate_anchor,True,False,False,4,Gram-negative bacteremia,Sepsis,False,
DA_d2_heldout200b/568,DA,ax_mechanism,real_views,True,False,False,5,Cardiac Synovial Sarcoma,Synovial Sarcoma,False,
DA_d2_heldout200b/568,DA,ax_mechanism,role_rotated,True,False,False,5,Cardiac Synovial Sarcoma,Synovial Sarcoma,False,
DA_d2_heldout200b/568,DA,ax_mechanism,single_anchor,True,False,False,3,Synovial Sarcoma,,False,
DA_d2_heldout200b/568,DA,ax_mechanism,duplicate_anchor,True,False,False,3,Synovial Sarcoma,Cardiac Myxoma,False,
DA_d2_heldout200b/574,DA,ax_modality,real_views,True,False,False,5,Renovascular hypertension,Atherosclerotic renal artery stenosis,False,
DA_d2_heldout200b/574,DA,ax_modality,role_rotated,True,False,False,5,Renovascular hypertension,Atherosclerotic renal artery stenosis,False,
DA_d2_heldout200b/574,DA,ax_modality,single_anchor,True,False,False,3,Renovascular hypertension,Atherosclerotic disease,False,
DA_d2_heldout200b/574,DA,ax_modality,duplicate_anchor,True,False,False,3,Renovascular hypertension,Atherosclerotic disease,False,
DA_d2_heldout200b/575,DA,ax_syndrome,real_views,True,False,False,5,Plasmodium falciparum malaria,Malaria,False,
DA_d2_heldout200b/575,DA,ax_syndrome,role_rotated,True,False,False,5,Plasmodium falciparum malaria,Plasmodium vivax malaria,False,
DA_d2_heldout200b/575,DA,ax_syndrome,single_anchor,True,False,False,3,Malaria,SARS-CoV-2 infection,False,
DA_d2_heldout200b/575,DA,ax_syndrome,duplicate_anchor,True,False,False,3,Malaria,SARS-CoV-2 infection,False,
DA_d2_heldout200b/577,DA,ax_mechanism,real_views,True,False,False,4,Rheumatoid Arthritis,Heart Failure,False,
DA_d2_heldout200b/577,DA,ax_mechanism,role_rotated,True,False,False,4,Rheumatoid Arthritis,Heart Failure,False,
DA_d2_heldout200b/577,DA,ax_mechanism,single_anchor,True,False,False,4,Rheumatoid Arthritis,Heart Failure,False,
DA_d2_heldout200b/577,DA,ax_mechanism,duplicate_anchor,True,False,False,4,Rheumatoid Arthritis,Heart Failure,False,
DA_d2_heldout200b/578,DA,ax_syndrome,real_views,True,False,False,4,Squamous cell carcinoma,Pulmonary embolism,False,
DA_d2_heldout200b/578,DA,ax_syndrome,role_rotated,True,False,False,4,Squamous cell carcinoma,Pulmonary embolism,False,
DA_d2_heldout200b/578,DA,ax_syndrome,single_anchor,True,False,False,3,Squamous cell carcinoma,Pulmonary embolism,False,
DA_d2_heldout200b/578,DA,ax_syndrome,duplicate_anchor,True,False,False,3,Squamous cell carcinoma,Pulmonary embolism,False,
DA_d2_heldout200b/579,DA,ax_syndrome,real_views,True,False,False,8,Otogenic Brain Abscess,Brain Abscess,False,
DA_d2_heldout200b/579,DA,ax_syndrome,role_rotated,True,False,False,8,Otogenic Brain Abscess,Brain Abscess,False,
DA_d2_heldout200b/579,DA,ax_syndrome,single_anchor,True,False,False,3,Brain Abscess,Subdural Empyema,False,
DA_d2_heldout200b/579,DA,ax_syndrome,duplicate_anchor,True,False,False,3,Brain Abscess,Subdural Empyema,False,
DA_d2_heldout200b/582,DA,ax_syndrome,real_views,True,False,False,4,Pancreatic adenocarcinoma,Biliary tract malignancy,False,
DA_d2_heldout200b/582,DA,ax_syndrome,role_rotated,True,False,False,4,Pancreatic adenocarcinoma,Biliary tract malignancy,False,
DA_d2_heldout200b/582,DA,ax_syndrome,single_anchor,True,False,False,3,Pancreatic adenocarcinoma,Biliary tract malignancy,False,
DA_d2_heldout200b/582,DA,ax_syndrome,duplicate_anchor,True,False,False,3,Pancreatic adenocarcinoma,Biliary tract malignancy,False,
DA_d2_heldout200b/584,DA,ax_mechanism,real_views,True,False,False,7,Thrombocytopenia due to splenic sequestration,Hypersplenism,False,
DA_d2_heldout200b/584,DA,ax_mechanism,role_rotated,True,False,False,7,Thrombocytopenia due to splenic sequestration,Hypersplenism,False,
DA_d2_heldout200b/584,DA,ax_mechanism,single_anchor,True,False,False,4,Immune thrombocytopenia,Thrombocytopenia due to splenic sequestration,False,
DA_d2_heldout200b/584,DA,ax_mechanism,duplicate_anchor,True,False,False,4,Immune thrombocytopenia,Cirrhosis-related thrombocytopenia,False,
DA_d2_heldout200b/587,DA,ax_syndrome,real_views,True,False,False,7,Drug-induced pneumonitis,Drug-Induced Interstitial Lung Disease,False,
DA_d2_heldout200b/587,DA,ax_syndrome,role_rotated,True,False,False,7,Drug-induced pneumonitis,Drug-Induced Interstitial Lung Disease,False,
DA_d2_heldout200b/587,DA,ax_syndrome,single_anchor,True,False,False,3,Drug-Induced Interstitial Lung Disease,Hypersensitivity Pneumonitis,False,
DA_d2_heldout200b/587,DA,ax_syndrome,duplicate_anchor,True,False,False,3,Drug-Induced Interstitial Lung Disease,Hypersensitivity Pneumonitis,False,
DA_d2_heldout200b/589,DA,ax_mechanism,real_views,True,False,False,7,Spontaneous Bacterial Empyema,Pleural Empyema,False,
DA_d2_heldout200b/589,DA,ax_mechanism,role_rotated,True,False,False,7,Spontaneous Bacterial Empyema,Pleural Empyema,False,
DA_d2_heldout200b/589,DA,ax_mechanism,single_anchor,True,False,False,3,Pleural Empyema,Sepsis,False,
DA_d2_heldout200b/589,DA,ax_mechanism,duplicate_anchor,True,False,False,3,Pleural Empyema,Sepsis,False,
DA_d2_heldout200b/596,DA,ax_mechanism,real_views,True,False,False,3,Sarcoidosis,Multiple Myeloma,False,
DA_d2_heldout200b/596,DA,ax_mechanism,role_rotated,True,False,False,3,Sarcoidosis,Multiple Myeloma,False,
DA_d2_heldout200b/596,DA,ax_mechanism,single_anchor,True,False,False,3,Sarcoidosis,Multiple Myeloma,False,
DA_d2_heldout200b/596,DA,ax_mechanism,duplicate_anchor,True,False,False,3,Sarcoidosis,Multiple Myeloma,False,
DA_d2_heldout200b/602,DA,ax_syndrome,real_views,True,False,False,7,Calcinosis Cutis,Calcinosis,False,
DA_d2_heldout200b/602,DA,ax_syndrome,role_rotated,True,False,False,7,Calcinosis Cutis,Calcinosis,False,
DA_d2_heldout200b/602,DA,ax_syndrome,single_anchor,True,False,False,3,Scleroderma,Calcinosis,False,
DA_d2_heldout200b/602,DA,ax_syndrome,duplicate_anchor,True,False,False,3,Scleroderma,Calcinosis,False,
DA_d2_heldout200b/603,DA,ax_modality,real_views,True,False,False,3,Abdominal aortic aneurysm,Atherosclerosis,False,
DA_d2_heldout200b/603,DA,ax_modality,role_rotated,True,False,False,3,Abdominal aortic aneurysm,Tobacco-related aortopathy,False,
DA_d2_heldout200b/603,DA,ax_modality,single_anchor,True,False,False,1,Abdominal Aortic Aneurysm,,False,
DA_d2_heldout200b/603,DA,ax_modality,duplicate_anchor,True,False,False,1,Abdominal Aortic Aneurysm,,False,
DA_d2_heldout200b/604,DA,ax_syndrome,real_views,True,False,False,5,Diffuse large B-cell lymphoma,Non-Hodgkin Lymphoma,False,
DA_d2_heldout200b/604,DA,ax_syndrome,role_rotated,True,False,False,5,Lymphomatoid granulomatosis,Diffuse large B-cell lymphoma,False,
DA_d2_heldout200b/604,DA,ax_syndrome,single_anchor,True,False,False,3,Diffuse Large B-Cell Lymphoma,Non-Hodgkin Lymphoma,False,
DA_d2_heldout200b/604,DA,ax_syndrome,duplicate_anchor,True,False,False,3,Diffuse Large B-Cell Lymphoma,Non-Hodgkin Lymphoma,False,
DA_d2_heldout200b/613,DA,ax_syndrome,real_views,True,False,False,4,Diverticulitis,Crohn's Disease,False,
DA_d2_heldout200b/613,DA,ax_syndrome,role_rotated,True,False,False,4,Diverticulitis,Crohn's Disease,False,
DA_d2_heldout200b/613,DA,ax_syndrome,single_anchor,True,False,False,3,Diverticulitis,Inflammatory Bowel Disease,False,
DA_d2_heldout200b/613,DA,ax_syndrome,duplicate_anchor,True,False,False,3,Diverticulitis,Small Bowel Obstruction,False,
DA_d2_heldout200b/615,DA,ax_mechanism,real_views,True,False,False,8,Klebsiella pneumoniae liver abscess,Klebsiella pneumoniae osteomyelitis,False,
DA_d2_heldout200b/615,DA,ax_mechanism,role_rotated,True,False,False,8,Klebsiella pneumoniae liver abscess,Klebsiella pneumoniae osteomyelitis,False,
DA_d2_heldout200b/615,DA,ax_mechanism,single_anchor,True,False,False,4,Klebsiella pneumoniae infection,Liver abscess,False,
DA_d2_heldout200b/615,DA,ax_mechanism,duplicate_anchor,True,False,False,4,Klebsiella pneumoniae infection,Liver abscess,False,
DA_d2_heldout200b/619,DA,ax_mechanism,real_views,True,False,False,7,Vaccine-Induced Myocarditis,Myocarditis,False,
DA_d2_heldout200b/619,DA,ax_mechanism,role_rotated,True,False,False,7,Vasculitis,Myocarditis,False,
DA_d2_heldout200b/619,DA,ax_mechanism,single_anchor,True,False,False,4,Vasculitis,Myocarditis,False,
DA_d2_heldout200b/619,DA,ax_mechanism,duplicate_anchor,True,False,False,4,Vasculitis,Myocarditis,False,
DA_d2_heldout200b/620,DA,ax_modality,real_views,True,False,False,4,Hepatosplenic Candidiasis,Candidemia,False,
DA_d2_heldout200b/620,DA,ax_modality,role_rotated,True,False,False,4,Hepatosplenic Candidiasis,Invasive aspergillosis,False,
DA_d2_heldout200b/620,DA,ax_modality,single_anchor,True,False,False,2,Hepatosplenic Candidiasis,Invasive Aspergillosis,False,
DA_d2_heldout200b/620,DA,ax_modality,duplicate_anchor,True,False,False,2,Hepatosplenic Candidiasis,Invasive Aspergillosis,False,
DA_d2_heldout200b/629,DA,ax_modality,real_views,True,False,False,3,Thrombotic Thrombocytopenic Purpura (TTP),Hemolytic Uremic Syndrome (HUS),False,
DA_d2_heldout200b/629,DA,ax_modality,role_rotated,True,False,False,3,Thrombotic Thrombocytopenic Purpura (TTP),Hemolytic Uremic Syndrome (HUS),False,
DA_d2_heldout200b/629,DA,ax_modality,single_anchor,True,False,False,2,Thrombotic Thrombocytopenic Purpura (TTP),Hemolytic Uremic Syndrome (HUS),False,
DA_d2_heldout200b/629,DA,ax_modality,duplicate_anchor,True,False,False,2,Thrombotic Thrombocytopenic Purpura (TTP),Hemolytic Uremic Syndrome (HUS),False,
DA_d2_heldout200b/630,DA,ax_syndrome,real_views,True,False,False,3,Blastomycosis,Histoplasmosis,False,
DA_d2_heldout200b/630,DA,ax_syndrome,role_rotated,True,False,False,3,Blastomycosis,Disseminated fungal infection,False,
DA_d2_heldout200b/630,DA,ax_syndrome,single_anchor,True,False,False,2,Blastomycosis,Histoplasmosis,False,
DA_d2_heldout200b/630,DA,ax_syndrome,duplicate_anchor,True,False,False,2,Blastomycosis,Histoplasmosis,False,
DA_d2_heldout200b/634,DA,ax_modality,real_views,True,False,False,9,Undifferentiated carcinoma,Sigmoid cancer with lymph node metastasis,False,
DA_d2_heldout200b/634,DA,ax_modality,role_rotated,True,False,False,9,Undifferentiated carcinoma,High-grade poorly differentiated sigmoid adenocarcinoma,False,
DA_d2_heldout200b/634,DA,ax_modality,single_anchor,True,False,False,3,Undifferentiated carcinoma,Sigmoid cancer with lymph node metastasis,False,
DA_d2_heldout200b/634,DA,ax_modality,duplicate_anchor,True,False,False,3,Undifferentiated carcinoma,High-grade poorly differentiated sigmoid adenocarcinoma,False,
DA_d2_heldout200b/636,DA,ax_mechanism,real_views,True,False,False,4,Puerperal mastitis,Streptococcal infection,False,
DA_d2_heldout200b/636,DA,ax_mechanism,role_rotated,True,False,False,4,Puerperal mastitis,Streptococcal infection,False,
DA_d2_heldout200b/636,DA,ax_mechanism,single_anchor,True,False,False,3,Puerperal mastitis,Streptococcal infection,False,
DA_d2_heldout200b/636,DA,ax_mechanism,duplicate_anchor,True,False,False,3,Puerperal mastitis,Streptococcal infection,False,
DA_d2_heldout200b/644,DA,ax_modality,real_views,True,False,False,2,Paraganglioma,Pheochromocytoma,False,
DA_d2_heldout200b/644,DA,ax_modality,role_rotated,True,False,False,2,Paraganglioma,Pheochromocytoma,False,
DA_d2_heldout200b/644,DA,ax_modality,single_anchor,True,False,False,2,Paraganglioma,Pheochromocytoma,False,
DA_d2_heldout200b/644,DA,ax_modality,duplicate_anchor,True,False,False,2,Paraganglioma,Pheochromocytoma,False,
DA_d2_heldout200b/645,DA,ax_syndrome,real_views,True,False,False,6,Epilepsy,Posterior Reversible Encephalopathy Syndrome (PRES),False,
DA_d2_heldout200b/645,DA,ax_syndrome,role_rotated,True,False,False,6,Epilepsy,Posterior Reversible Encephalopathy Syndrome (PRES),False,
DA_d2_heldout200b/645,DA,ax_syndrome,single_anchor,True,False,False,3,Epilepsy,Posterior Reversible Encephalopathy Syndrome (PRES),False,
DA_d2_heldout200b/645,DA,ax_syndrome,duplicate_anchor,True,False,False,3,Epilepsy,Posterior Reversible Encephalopathy Syndrome (PRES),False,
DA_d2_heldout200b/646,DA,ax_modality,real_views,True,False,False,2,Radiation Proctitis,Rectal Ulcer,False,
DA_d2_heldout200b/646,DA,ax_modality,role_rotated,True,False,False,2,Radiation Proctitis,Rectal Ulcer,False,
DA_d2_heldout200b/646,DA,ax_modality,single_anchor,True,False,False,2,Radiation Proctitis,Rectal Ulcer,False,
DA_d2_heldout200b/646,DA,ax_modality,duplicate_anchor,True,False,False,2,Radiation Proctitis,Rectal Ulcer,False,
DA_d2_heldout200b/650,DA,ax_modality,real_views,True,False,False,5,Idiopathic ventricular fibrillation,Catecholaminergic Polymorphic Ventricular Tachycardia,False,
DA_d2_heldout200b/650,DA,ax_modality,role_rotated,True,False,False,5,Idiopathic ventricular fibrillation,Catecholaminergic Polymorphic Ventricular Tachycardia,False,
DA_d2_heldout200b/650,DA,ax_modality,single_anchor,True,False,False,3,Idiopathic Ventricular Fibrillation,Catecholaminergic Polymorphic Ventricular Tachycardia (CPVT),False,
DA_d2_heldout200b/650,DA,ax_modality,duplicate_anchor,True,False,False,3,Idiopathic Ventricular Fibrillation,Catecholaminergic Polymorphic Ventricular Tachycardia (CPVT),False,
DA_d2_heldout200b/652,DA,ax_syndrome,real_views,True,False,False,5,Catheter-related bloodstream infection,Gram-negative bacillary sepsis,False,
DA_d2_heldout200b/652,DA,ax_syndrome,role_rotated,True,False,False,5,Gram-negative bacillary sepsis,Gram-negative bacteremia,False,
DA_d2_heldout200b/652,DA,ax_syndrome,single_anchor,True,False,False,3,Gram-negative bacteremia,Sepsis,False,
DA_d2_heldout200b/652,DA,ax_syndrome,duplicate_anchor,True,False,False,3,Catheter-related bloodstream infection,Gram-negative bacteremia,False,
DA_d2_heldout200b/653,DA,ax_syndrome,real_views,True,False,False,6,Hepatic artery thrombosis,Thrombosis,False,
DA_d2_heldout200b/653,DA,ax_syndrome,role_rotated,True,False,False,6,Hepatic artery thrombosis,Pyelonephritis,False,
DA_d2_heldout200b/653,DA,ax_syndrome,single_anchor,True,False,False,3,Hepatic artery thrombosis,Pyelonephritis,False,
DA_d2_heldout200b/653,DA,ax_syndrome,duplicate_anchor,True,False,False,3,Hepatic artery thrombosis,Budd-Chiari syndrome,False,
DA_d2_heldout200b/660,DA,ax_mechanism,real_views,True,False,False,8,BRCA-1 mutated ovarian cancer,Metastatic ovarian cancer,False,
DA_d2_heldout200b/660,DA,ax_mechanism,role_rotated,True,False,False,8,BRCA-1 mutated ovarian cancer,Ovarian serous adenocarcinoma,False,
DA_d2_heldout200b/660,DA,ax_mechanism,single_anchor,True,False,False,3,Ovarian cancer,BRCA-1 mutation-related cancer,False,
DA_d2_heldout200b/660,DA,ax_mechanism,duplicate_anchor,True,False,False,3,Ovarian cancer,BRCA-1 mutation-related cancer,False,
DA_d2_heldout200b/662,DA,ax_mechanism,real_views,True,False,False,7,Hemophagocytic Lymphohistiocytosis (HLH),Inflammatory Leptomeningitis,False,
DA_d2_heldout200b/662,DA,ax_mechanism,role_rotated,True,False,False,7,Hemophagocytic Lymphohistiocytosis (HLH),Influenza-associated encephalitis,False,
DA_d2_heldout200b/662,DA,ax_mechanism,single_anchor,True,False,False,3,Hemophagocytic lymphohistiocytosis,Influenza A infection,False,
DA_d2_heldout200b/662,DA,ax_mechanism,duplicate_anchor,True,False,False,3,Hemophagocytic lymphohistiocytosis,Influenza A infection,False,
DA_d2_heldout200b/665,DA,ax_syndrome,real_views,True,False,False,8,Human papillomavirus (HPV)-related squamous cell carcinoma,Squamous cell carcinoma of the tongue,False,
DA_d2_heldout200b/665,DA,ax_syndrome,role_rotated,True,False,False,8,Human papillomavirus (HPV)-related squamous cell carcinoma,Squamous cell carcinoma of the tongue,False,
DA_d2_heldout200b/665,DA,ax_syndrome,single_anchor,True,False,False,3,Squamous cell carcinoma of the tongue,Tongue atrophy and deviation due to tumor invasion,False,
DA_d2_heldout200b/665,DA,ax_syndrome,duplicate_anchor,True,False,False,3,Squamous cell carcinoma of the tongue,Tongue atrophy and deviation due to tumor invasion,False,
DA_d2_heldout200b/666,DA,ax_mechanism,real_views,True,False,False,5,Cervical Kyphosis,Cervical Scoliosis,False,
DA_d2_heldout200b/666,DA,ax_mechanism,role_rotated,True,False,False,5,Cervical Kyphosis,Cervical Scoliosis,False,
DA_d2_heldout200b/666,DA,ax_mechanism,single_anchor,True,False,False,3,Cervical spondylosis,Osteoporosis,False,
DA_d2_heldout200b/666,DA,ax_mechanism,duplicate_anchor,True,False,False,3,Cervical spondylosis,Osteoporosis,False,
DA_d2_heldout200b/676,DA,ax_modality,real_views,True,False,False,3,Neuroleptic Malignant Syndrome,Catatonia,False,
DA_d2_heldout200b/676,DA,ax_modality,role_rotated,True,False,False,3,Neuroleptic Malignant Syndrome,Catatonia,False,
DA_d2_heldout200b/676,DA,ax_modality,single_anchor,True,False,False,3,Neuroleptic Malignant Syndrome (NMS),Catatonia,False,
DA_d2_heldout200b/676,DA,ax_modality,duplicate_anchor,True,False,False,3,Neuroleptic Malignant Syndrome (NMS),Catatonia,False,
DA_d2_heldout200b/677,DA,ax_mechanism,real_views,True,False,False,4,Schwannoma,Hemangioblastoma,False,
DA_d2_heldout200b/677,DA,ax_mechanism,role_rotated,True,False,False,4,Schwannoma,Hemangioblastoma,False,
DA_d2_heldout200b/677,DA,ax_mechanism,single_anchor,True,False,False,2,Schwannoma,Meningioma,False,
DA_d2_heldout200b/677,DA,ax_mechanism,duplicate_anchor,True,False,False,2,Schwannoma,Meningioma,False,
DA_d2_heldout200b/678,DA,ax_modality,real_views,True,False,False,5,Tuberous Sclerosis Complex,Subependymal Giant Cell Astrocytoma (SEGA),False,
DA_d2_heldout200b/678,DA,ax_modality,role_rotated,True,False,False,5,Tuberous Sclerosis Complex,Subependymal Giant Cell Astrocytoma (SEGA),False,
DA_d2_heldout200b/678,DA,ax_modality,single_anchor,True,False,False,3,Tuberous Sclerosis Complex (TSC),,False,
DA_d2_heldout200b/678,DA,ax_modality,duplicate_anchor,True,False,False,3,Tuberous Sclerosis Complex (TSC),Subependymal Giant Cell Astrocytoma (SEGA),False,
DA_d2_heldout200b/679,DA,ax_mechanism,real_views,True,False,False,3,Sciatic hernia,Ureteral obstruction,False,
DA_d2_heldout200b/679,DA,ax_mechanism,role_rotated,True,False,False,3,Sciatic hernia,Ureteral obstruction,False,
DA_d2_heldout200b/679,DA,ax_mechanism,single_anchor,True,False,False,3,Sciatic hernia,Ureteral obstruction,False,
DA_d2_heldout200b/679,DA,ax_mechanism,duplicate_anchor,True,False,False,3,Sciatic hernia,Ureteral obstruction,False,
DA_d2_heldout200b/685,DA,ax_mechanism,real_views,True,False,False,8,Chemotherapy-Induced Cardiotoxicity,Valvular Heart Disease,False,
DA_d2_heldout200b/685,DA,ax_mechanism,role_rotated,True,False,False,8,Chemotherapy-Induced Cardiotoxicity,Valvular Heart Disease,False,
DA_d2_heldout200b/685,DA,ax_mechanism,single_anchor,True,False,False,3,Chemotherapy-Induced Cardiotoxicity,Cardiomyopathy,False,
DA_d2_heldout200b/685,DA,ax_mechanism,duplicate_anchor,True,False,False,3,Chemotherapy-Induced Cardiotoxicity,Cardiomyopathy,False,
DA_d2_heldout200b/686,DA,ax_syndrome,real_views,True,False,False,7,Cardiac allograft compression of the left bronchus,Cardiac allograft dysfunction,False,
DA_d2_heldout200b/686,DA,ax_syndrome,role_rotated,True,False,False,7,Cardiac allograft compression of the left bronchus,Device-related thrombosis,False,
DA_d2_heldout200b/686,DA,ax_syndrome,single_anchor,True,False,False,3,Cardiac allograft compression of the left bronchus,Left Ventricular Assist Device (LVAD) thrombosis,False,
DA_d2_heldout200b/686,DA,ax_syndrome,duplicate_anchor,True,False,False,3,Cardiac allograft compression of the left bronchus,Left Ventricular Assist Device (LVAD) thrombosis,False,
DA_d2_heldout200b/687,DA,ax_modality,real_views,True,False,False,7,EBV Meningoencephalitis,Epstein-Barr Virus (EBV) Encephalitis,False,
DA_d2_heldout200b/687,DA,ax_modality,role_rotated,True,False,False,7,EBV Meningoencephalitis,Epstein-Barr Virus (EBV) Encephalitis,False,
DA_d2_heldout200b/687,DA,ax_modality,single_anchor,True,False,False,3,EBV Meningoencephalitis,Cerebral Vasculitis,False,
DA_d2_heldout200b/687,DA,ax_modality,duplicate_anchor,True,False,False,3,EBV Meningoencephalitis,Cerebral Vasculitis,False,
DA_d2_heldout200b/698,DA,ax_syndrome,real_views,True,False,False,5,Cerebral aspergillosis,Invasive aspergillosis,False,
DA_d2_heldout200b/698,DA,ax_syndrome,role_rotated,True,False,False,5,Cerebral aspergillosis,Invasive aspergillosis,False,
DA_d2_heldout200b/698,DA,ax_syndrome,single_anchor,True,False,False,3,Cerebral aspergillosis,Brain abscess,False,
DA_d2_heldout200b/698,DA,ax_syndrome,duplicate_anchor,True,False,False,3,Cerebral aspergillosis,Brain abscess,False,
DA_d2_heldout200b/703,DA,ax_syndrome,real_views,True,False,False,5,Mitochondrial disease,Leigh syndrome,False,
DA_d2_heldout200b/703,DA,ax_syndrome,role_rotated,True,False,False,5,Leigh syndrome,Mitochondrial disease,False,
DA_d2_heldout200b/703,DA,ax_syndrome,single_anchor,True,False,False,2,Leigh syndrome,Parkinson's disease,False,
DA_d2_heldout200b/703,DA,ax_syndrome,duplicate_anchor,True,False,False,2,Leigh syndrome,Parkinson's disease,False,
DA_d2_heldout200b/705,DA,ax_mechanism,real_views,True,False,False,2,Pregnancy-associated listeriosis,Listeriosis,False,
DA_d2_heldout200b/705,DA,ax_mechanism,role_rotated,True,False,False,2,Pregnancy-associated listeriosis,Listeriosis,False,
DA_d2_heldout200b/705,DA,ax_mechanism,single_anchor,True,False,False,1,Listeriosis,,False,
DA_d2_heldout200b/705,DA,ax_mechanism,duplicate_anchor,True,False,False,1,Listeriosis,,False,
DA_d2_heldout200b/706,DA,ax_syndrome,real_views,True,False,False,5,Compartment Syndrome,Rhabdomyolysis,False,
DA_d2_heldout200b/706,DA,ax_syndrome,role_rotated,True,False,False,5,Compartment Syndrome,Rhabdomyolysis,False,
DA_d2_heldout200b/706,DA,ax_syndrome,single_anchor,True,False,False,3,Compartment Syndrome,Rhabdomyolysis,False,
DA_d2_heldout200b/706,DA,ax_syndrome,duplicate_anchor,True,False,False,3,Compartment Syndrome,Rhabdomyolysis,False,
DA_d2_heldout200b/707,DA,ax_syndrome,real_views,True,False,False,8,Cryptogenic Organizing Pneumonia (COP),Wegener's granulomatosis,False,
DA_d2_heldout200b/707,DA,ax_syndrome,role_rotated,True,False,False,8,Cryptogenic Organizing Pneumonia (COP),Wegener's granulomatosis,False,
DA_d2_heldout200b/707,DA,ax_syndrome,single_anchor,True,False,False,3,Tuberculosis,Bronchiectasis,False,
DA_d2_heldout200b/707,DA,ax_syndrome,duplicate_anchor,True,False,False,3,Bronchiectasis,Chronic obstructive pulmonary disease (COPD),False,
DA_d2_heldout200b/710,DA,ax_mechanism,real_views,True,False,False,3,Baker's cyst,Ganglion cyst,False,
DA_d2_heldout200b/710,DA,ax_mechanism,role_rotated,True,False,False,3,Baker's cyst,Ganglion cyst,False,
DA_d2_heldout200b/710,DA,ax_mechanism,single_anchor,True,False,False,3,Baker's cyst,Ganglion cyst,False,
DA_d2_heldout200b/710,DA,ax_mechanism,duplicate_anchor,True,False,False,3,Baker's cyst,Ganglion cyst,False,
DA_d2_heldout200b/713,DA,ax_mechanism,real_views,True,False,False,6,Status Asthmaticus,Severe Asthma,False,
DA_d2_heldout200b/713,DA,ax_mechanism,role_rotated,True,False,False,6,Status Asthmaticus,Severe Asthma,False,
DA_d2_heldout200b/713,DA,ax_mechanism,single_anchor,True,False,False,3,Status Asthmaticus,Respiratory Failure,False,
DA_d2_heldout200b/713,DA,ax_mechanism,duplicate_anchor,True,False,False,3,Status Asthmaticus,Chronic Obstructive Pulmonary Disease (COPD),False,
DA_d2_heldout200b/719,DA,ax_mechanism,real_views,True,False,False,8,Pontine Infarct,Multiple sclerosis,False,
DA_d2_heldout200b/719,DA,ax_mechanism,role_rotated,True,False,False,8,Pontine Infarct,Multiple sclerosis,False,
DA_d2_heldout200b/719,DA,ax_mechanism,single_anchor,True,False,False,4,Multiple sclerosis,Stroke,False,
DA_d2_heldout200b/719,DA,ax_mechanism,duplicate_anchor,True,False,False,4,Multiple sclerosis,Stroke,False,
DA_d2_heldout200b/721,DA,ax_mechanism,real_views,True,False,False,6,COVID-19 pneumonia,Breakthrough COVID-19 infection,False,
DA_d2_heldout200b/721,DA,ax_mechanism,role_rotated,True,False,False,6,COVID-19 pneumonia,Breakthrough COVID-19 infection,False,
DA_d2_heldout200b/721,DA,ax_mechanism,single_anchor,True,False,False,4,Breakthrough COVID-19 infection,Rituximab-induced immunosuppression,False,
DA_d2_heldout200b/721,DA,ax_mechanism,duplicate_anchor,True,False,False,4,Breakthrough COVID-19 infection,Rituximab-induced immunosuppression,False,
DA_d2_heldout200b/730,DA,ax_modality,real_views,True,False,False,8,Bicuspid aortic valve with ascending aortic aneurysm,Aortic valve thrombosis,False,
DA_d2_heldout200b/730,DA,ax_modality,role_rotated,True,False,False,8,Aortic valve thrombosis,Bicuspid aortic valve with ascending aortic aneurysm,False,
DA_d2_heldout200b/730,DA,ax_modality,single_anchor,True,False,False,4,Aortic valve thrombosis,Thrombotic occlusion of the left coronary artery,False,
DA_d2_heldout200b/730,DA,ax_modality,duplicate_anchor,True,False,False,4,Aortic valve thrombosis,Thrombotic occlusion of the left coronary artery,False,
DA_d2_heldout200b/733,DA,ax_syndrome,real_views,True,False,False,3,Phototoxic Maculopathy,Solar Retinopathy,False,
DA_d2_heldout200b/733,DA,ax_syndrome,role_rotated,True,False,False,3,Phototoxic Maculopathy,Solar Retinopathy,False,
DA_d2_heldout200b/733,DA,ax_syndrome,single_anchor,True,False,False,2,Phototoxic Maculopathy,Solar Retinopathy,False,
DA_d2_heldout200b/733,DA,ax_syndrome,duplicate_anchor,True,False,False,2,Phototoxic Maculopathy,Solar Retinopathy,False,
DA_d2_heldout200b/735,DA,ax_syndrome,real_views,True,False,False,6,Lymphoma with leukemic phase,Lymphoma,False,
DA_d2_heldout200b/735,DA,ax_syndrome,role_rotated,True,False,False,6,Lymphoma with leukemic phase,Lymphoma,False,
DA_d2_heldout200b/735,DA,ax_syndrome,single_anchor,True,False,False,3,Diffuse large B-cell lymphoma,Hypercalcemia of malignancy,False,
DA_d2_heldout200b/735,DA,ax_syndrome,duplicate_anchor,True,False,False,3,Diffuse large B-cell lymphoma,Hypercalcemia of malignancy,False,
DA_d2_heldout200b/736,DA,ax_modality,real_views,True,False,False,9,Spondylodiscitis,S. cristatus Infection,False,
DA_d2_heldout200b/736,DA,ax_modality,role_rotated,True,False,False,9,Spondylodiscitis,S. cristatus Infection,False,
DA_d2_heldout200b/736,DA,ax_modality,single_anchor,True,False,False,4,Spondylodiscitis,S. cristatus Infection,False,
DA_d2_heldout200b/736,DA,ax_modality,duplicate_anchor,True,False,False,4,S. cristatus Infection,Spondylodiscitis,False,
DA_d2_heldout200b/738,DA,ax_mechanism,real_views,True,False,False,6,Congenital Neutropenia,Neutrophil Disorder,False,
DA_d2_heldout200b/738,DA,ax_mechanism,role_rotated,True,False,False,6,Congenital Neutropenia,Neutrophil Disorder,False,
DA_d2_heldout200b/738,DA,ax_mechanism,single_anchor,True,False,False,4,Neutrophil Disorder,Liver Abscess,False,
DA_d2_heldout200b/738,DA,ax_mechanism,duplicate_anchor,True,False,False,4,Neutrophil Disorder,Liver Abscess,False,
DA_d2_heldout200b/740,DA,ax_syndrome,real_views,True,False,False,4,Abdominal wall endometrioma,Abdominal Endometriosis,False,
DA_d2_heldout200b/740,DA,ax_syndrome,role_rotated,True,False,False,4,Abdominal wall endometrioma,Abdominal Endometriosis,False,
DA_d2_heldout200b/740,DA,ax_syndrome,single_anchor,True,False,False,2,Abdominal Endometriosis,Endometrioma,False,
DA_d2_heldout200b/740,DA,ax_syndrome,duplicate_anchor,True,False,False,2,Abdominal Endometriosis,Endometrioma,False,
DA_d2_heldout200b/741,DA,ax_syndrome,real_views,True,False,False,8,Invasive Ductal Carcinoma,Breast Cancer,False,
DA_d2_heldout200b/741,DA,ax_syndrome,role_rotated,True,False,False,8,Invasive Ductal Carcinoma,Breast Cancer,False,
DA_d2_heldout200b/741,DA,ax_syndrome,single_anchor,True,False,False,3,Invasive Ductal Carcinoma,Phyllodes Tumor,False,
DA_d2_heldout200b/741,DA,ax_syndrome,duplicate_anchor,True,False,False,3,Invasive Ductal Carcinoma,Phyllodes Tumor,False,
DA_d2_heldout200b/745,DA,ax_mechanism,real_views,True,False,False,4,Catatonia,Adynamic ileus,False,
DA_d2_heldout200b/745,DA,ax_mechanism,role_rotated,True,False,False,4,Catatonia,Adynamic ileus,False,
DA_d2_heldout200b/745,DA,ax_mechanism,single_anchor,True,False,False,3,Catatonia,Adynamic ileus,False,
DA_d2_heldout200b/745,DA,ax_mechanism,duplicate_anchor,True,False,False,3,Catatonia,Adynamic ileus,False,
DA_d2_heldout200b/746,DA,ax_syndrome,real_views,True,False,False,6,Bronchial obstruction,Aspiration pneumonia,False,
DA_d2_heldout200b/746,DA,ax_syndrome,role_rotated,True,False,False,6,Aspiration pneumonia,Bronchial obstruction,False,
DA_d2_heldout200b/746,DA,ax_syndrome,single_anchor,True,False,False,3,Lung cancer,Aspirational pneumonia,False,
DA_d2_heldout200b/746,DA,ax_syndrome,duplicate_anchor,True,False,False,3,Aspirational pneumonia,Lung cancer,False,
DA_d2_heldout200b/754,DA,ax_syndrome,real_views,True,False,False,5,Hereditary hemorrhagic telangiectasia,Sturge-Weber syndrome,False,
DA_d2_heldout200b/754,DA,ax_syndrome,role_rotated,True,False,False,5,Hereditary hemorrhagic telangiectasia,Sturge-Weber syndrome,False,
DA_d2_heldout200b/754,DA,ax_syndrome,single_anchor,True,False,False,3,Sturge-Weber syndrome,PHACE syndrome,False,
DA_d2_heldout200b/754,DA,ax_syndrome,duplicate_anchor,True,False,False,3,Sturge-Weber syndrome,PHACE syndrome,False,
DA_d2_heldout200b/758,DA,ax_modality,real_views,True,False,False,6,COVID-19-associated myocarditis,Myocarditis,False,
DA_d2_heldout200b/758,DA,ax_modality,role_rotated,True,False,False,6,COVID-19-associated myocarditis,Myocarditis,False,
DA_d2_heldout200b/758,DA,ax_modality,single_anchor,True,False,False,3,COVID-19-associated myocarditis,Myocarditis,False,
DA_d2_heldout200b/758,DA,ax_modality,duplicate_anchor,True,False,False,3,COVID-19-associated myocarditis,Myocarditis,False,
DA_d2_heldout200b/759,DA,ax_syndrome,real_views,True,False,False,6,Bacteroides fragilis infection,Anaerobic bacterial infection,False,
DA_d2_heldout200b/759,DA,ax_syndrome,role_rotated,True,False,False,6,Bacteroides fragilis infection,Anaerobic bacterial infection,False,
DA_d2_heldout200b/759,DA,ax_syndrome,single_anchor,True,False,False,3,Peritonitis,Intestinal perforation,False,
DA_d2_heldout200b/759,DA,ax_syndrome,duplicate_anchor,True,False,False,3,Intestinal perforation,Peritonitis,False,
DA_d2_heldout200b/760,DA,ax_syndrome,real_views,True,False,False,8,Post-procedure peritonitis,Infectious colitis,False,
DA_d2_heldout200b/760,DA,ax_syndrome,role_rotated,True,False,False,8,Post-procedure peritonitis,Infectious colitis,False,
DA_d2_heldout200b/760,DA,ax_syndrome,single_anchor,True,False,False,3,Post-procedure peritonitis,Typhlitis,False,
DA_d2_heldout200b/760,DA,ax_syndrome,duplicate_anchor,True,False,False,3,Post-procedure peritonitis,Typhlitis,False,
DA_d2_heldout200b/766,DA,ax_modality,real_views,True,False,False,7,Myopericarditis,Acute Pericarditis,False,
DA_d2_heldout200b/766,DA,ax_modality,role_rotated,True,False,False,7,Myopericarditis,Acute Pericarditis,False,
DA_d2_heldout200b/766,DA,ax_modality,single_anchor,True,False,False,4,Myopericarditis,Viral Myocarditis,False,
DA_d2_heldout200b/766,DA,ax_modality,duplicate_anchor,True,False,False,4,Myopericarditis,Viral Myocarditis,False,
DA_d2_heldout200b/769,DA,ax_mechanism,real_views,True,False,False,6,Hereditary Leiomyomatosis and Renal Cell Cancer (HLRCC) syndrome,Uterine Leiomyoma with atypical features,False,
DA_d2_heldout200b/769,DA,ax_mechanism,role_rotated,True,False,False,6,Hereditary Leiomyomatosis and Renal Cell Cancer (HLRCC) syndrome,Uterine Leiomyoma with atypical features,False,
DA_d2_heldout200b/769,DA,ax_mechanism,single_anchor,True,False,False,3,Hereditary Leiomyomatosis and Renal Cell Cancer (HLRCC),Uterine Leiomyoma,False,
DA_d2_heldout200b/769,DA,ax_mechanism,duplicate_anchor,True,False,False,3,Hereditary Leiomyomatosis and Renal Cell Cancer (HLRCC),Uterine Leiomyoma,False,
DA_d2_heldout200b/773,DA,ax_syndrome,real_views,True,False,False,7,Eisenmenger Syndrome,Patent Foramen Ovale,False,
DA_d2_heldout200b/773,DA,ax_syndrome,role_rotated,True,False,False,7,Eisenmenger Syndrome,Pulmonary Arterial Hypertension,False,
DA_d2_heldout200b/773,DA,ax_syndrome,single_anchor,True,False,False,3,Eisenmenger Syndrome,Pulmonary Hypertension,False,
DA_d2_heldout200b/773,DA,ax_syndrome,duplicate_anchor,True,False,False,3,Eisenmenger Syndrome,Patent Foramen Ovale,False,
DA_d2_heldout200b/778,DA,ax_mechanism,real_views,True,False,False,9,Fungal pneumonia,Bacterial pneumonia,False,
DA_d2_heldout200b/778,DA,ax_mechanism,role_rotated,True,False,False,9,Fungal pneumonia,Community-acquired pneumonia,False,
DA_d2_heldout200b/778,DA,ax_mechanism,single_anchor,True,False,False,4,Fungal pneumonia,Pneumonia,False,
DA_d2_heldout200b/778,DA,ax_mechanism,duplicate_anchor,True,False,False,4,Fungal pneumonia,Pneumonia,False,
DA_d2_seq100/102,DA,ax_modality,real_views,True,False,False,2,Bullous Congenital Ichthyosiform Erythroderma,Epidermolytic Hyperkeratosis,False,
DA_d2_seq100/102,DA,ax_modality,role_rotated,True,False,False,2,Bullous Congenital Ichthyosiform Erythroderma,Epidermolytic Hyperkeratosis,False,
DA_d2_seq100/102,DA,ax_modality,single_anchor,True,False,False,2,Bullous Congenital Ichthyosiform Erythroderma,Epidermolytic Hyperkeratosis,False,
DA_d2_seq100/102,DA,ax_modality,duplicate_anchor,True,False,False,2,Bullous Congenital Ichthyosiform Erythroderma,Epidermolytic Hyperkeratosis,False,
DA_d2_seq100/107,DA,ax_mechanism,real_views,True,False,False,3,Morphea,Scleromyxedema,False,
DA_d2_seq100/107,DA,ax_mechanism,role_rotated,True,False,False,3,Morphea,Nephrogenic Systemic Fibrosis,False,
DA_d2_seq100/107,DA,ax_mechanism,single_anchor,True,False,False,3,Morphea,Nephrogenic systemic fibrosis,False,
DA_d2_seq100/107,DA,ax_mechanism,duplicate_anchor,True,False,False,3,Morphea,Scleromyxedema,False,
DA_d2_seq100/111,DA,ax_modality,real_views,True,False,False,6,Lichen planus,Mycosis Fungoides,False,
DA_d2_seq100/111,DA,ax_modality,role_rotated,True,False,False,6,Lichen planus,Mycosis Fungoides,False,
DA_d2_seq100/111,DA,ax_modality,single_anchor,True,False,False,3,Mycosis Fungoides,Granuloma Annulare,False,
DA_d2_seq100/111,DA,ax_modality,duplicate_anchor,True,False,False,3,Mycosis Fungoides,Granuloma Annulare,False,
DA_d2_seq100/114,DA,ax_mechanism,real_views,True,False,False,6,Toxic Encephalopathy,Seizure Disorder due to Toxicity,False,
DA_d2_seq100/114,DA,ax_mechanism,role_rotated,True,False,False,6,Toxic Encephalopathy,Posterior Reversible Encephalopathy Syndrome (PRES),False,
DA_d2_seq100/114,DA,ax_mechanism,single_anchor,True,False,False,3,Toxic Encephalopathy,Seizure Disorder due to Drug Use,False,
DA_d2_seq100/114,DA,ax_mechanism,duplicate_anchor,True,False,False,3,Toxic Encephalopathy,Seizure Disorder due to Drug Use,False,
DA_d2_seq100/117,DA,ax_mechanism,real_views,True,False,False,2,Erysipeloid,Staphylococcal skin infection,False,
DA_d2_seq100/117,DA,ax_mechanism,role_rotated,True,False,False,2,Staphylococcal skin infection,Erysipeloid,False,
DA_d2_seq100/117,DA,ax_mechanism,single_anchor,True,False,False,2,Erysipeloid,Staphylococcal skin infection,False,
DA_d2_seq100/117,DA,ax_mechanism,duplicate_anchor,True,False,False,2,Staphylococcal skin infection,Erysipeloid,False,
DA_d2_seq100/118,DA,ax_modality,real_views,True,False,False,8,SARS-CoV-2-associated optic neuritis,Viral optic neuritis,False,
DA_d2_seq100/118,DA,ax_modality,role_rotated,True,False,False,8,SARS-CoV-2-associated optic neuritis,Viral optic neuritis,False,
DA_d2_seq100/118,DA,ax_modality,single_anchor,True,False,False,3,SARS-CoV-2-associated optic neuritis,Post-infectious optic neuritis,False,
DA_d2_seq100/118,DA,ax_modality,duplicate_anchor,True,False,False,3,SARS-CoV-2-associated optic neuritis,Post-infectious optic neuritis,False,
DA_d2_seq100/132,DA,ax_syndrome,real_views,True,False,False,9,High-degree atrioventricular (AV) block,Lev Cardiac Conduction Disease,False,
DA_d2_seq100/132,DA,ax_syndrome,role_rotated,True,False,False,9,Lev Cardiac Conduction Disease,High-degree atrioventricular (AV) block,False,
DA_d2_seq100/132,DA,ax_syndrome,single_anchor,True,False,False,3,High-degree atrioventricular block,Pulmonary hypertension,False,
DA_d2_seq100/132,DA,ax_syndrome,duplicate_anchor,True,False,False,3,High-degree atrioventricular block,Pulmonary hypertension,False,
DA_d2_seq100/137,DA,ax_syndrome,real_views,True,False,False,2,Dabska tumor,Hobnail hemangioma,False,
DA_d2_seq100/137,DA,ax_syndrome,role_rotated,True,False,False,2,Dabska tumor,Hobnail hemangioma,False,
DA_d2_seq100/137,DA,ax_syndrome,single_anchor,True,False,False,2,Dabska tumor,Hobnail hemangioma,False,
DA_d2_seq100/137,DA,ax_syndrome,duplicate_anchor,True,False,False,2,Dabska tumor,Hobnail hemangioma,False,
DA_d2_seq100/139,DA,ax_modality,real_views,True,False,False,4,Vascular Tumor of the Thyroid with metastasis,Metastatic Thyroid Cancer,False,
DA_d2_seq100/139,DA,ax_modality,role_rotated,True,False,False,4,Vascular Tumor of the Thyroid with metastasis,Metastatic Thyroid Cancer,False,
DA_d2_seq100/139,DA,ax_modality,single_anchor,True,False,False,1,Vascular Tumor of the Thyroid with Metastasis,,False,
DA_d2_seq100/139,DA,ax_modality,duplicate_anchor,True,False,False,1,Vascular Tumor of the Thyroid with Metastasis,,False,
DA_d2_seq100/140,DA,ax_modality,real_views,True,False,False,6,Pheochromocytoma,Takotsubo cardiomyopathy,False,
DA_d2_seq100/140,DA,ax_modality,role_rotated,True,False,False,6,Pheochromocytoma,Takotsubo cardiomyopathy,False,
DA_d2_seq100/140,DA,ax_modality,single_anchor,True,False,False,3,Takotsubo cardiomyopathy,Pheochromocytoma,False,
DA_d2_seq100/140,DA,ax_modality,duplicate_anchor,True,False,False,3,Takotsubo cardiomyopathy,Pheochromocytoma,False,
DA_d2_seq100/147,DA,ax_modality,real_views,True,False,False,3,Discoid Lupus Erythematosus,Morphea,False,
DA_d2_seq100/147,DA,ax_modality,role_rotated,True,False,False,3,Discoid Lupus Erythematosus,Morphea,False,
DA_d2_seq100/147,DA,ax_modality,single_anchor,True,False,False,3,Morphea,Discoid Lupus Erythematosus,False,
DA_d2_seq100/147,DA,ax_modality,duplicate_anchor,True,False,False,3,Morphea,Discoid Lupus Erythematosus,False,
DA_d2_seq100/15,DA,ax_mechanism,real_views,True,False,False,5,Histoplasmosis,Chronic granulomatous disease,False,
DA_d2_seq100/15,DA,ax_mechanism,role_rotated,True,False,False,5,Histoplasmosis,Chronic granulomatous disease,False,
DA_d2_seq100/15,DA,ax_mechanism,single_anchor,True,False,False,4,Histoplasmosis,,False,
DA_d2_seq100/15,DA,ax_mechanism,duplicate_anchor,True,False,False,4,Histoplasmosis,Chronic granulomatous disease,False,
DA_d2_seq100/150,DA,ax_mechanism,real_views,True,False,False,4,Sphenopalatine ganglion blockade complication,Abducens nerve palsy,False,
DA_d2_seq100/150,DA,ax_mechanism,role_rotated,True,False,False,4,Sphenopalatine ganglion blockade complication,Abducens nerve palsy,False,
DA_d2_seq100/150,DA,ax_mechanism,single_anchor,True,False,False,3,Sphenopalatine ganglion blockade complication,Abducens nerve palsy,False,
DA_d2_seq100/150,DA,ax_mechanism,duplicate_anchor,True,False,False,3,Abducens nerve palsy,Sphenopalatine ganglion blockade complication,False,
DA_d2_seq100/151,DA,ax_modality,real_views,True,False,False,7,Atrial Fibrillation with Embolic Stroke,Cardioembolic stroke,False,
DA_d2_seq100/151,DA,ax_modality,role_rotated,True,False,False,7,Atrial Fibrillation with Embolic Stroke,Cardioembolic stroke,False,
DA_d2_seq100/151,DA,ax_modality,single_anchor,True,False,False,2,Ischemic Stroke,,False,
DA_d2_seq100/151,DA,ax_modality,duplicate_anchor,True,False,False,2,Ischemic Stroke,Atrial Fibrillation,False,
DA_d2_seq100/156,DA,ax_modality,real_views,True,False,False,5,Drug-induced blepharitis,Blepharitis,False,
DA_d2_seq100/156,DA,ax_modality,role_rotated,True,False,False,5,Drug-induced blepharitis,Blepharitis,False,
DA_d2_seq100/156,DA,ax_modality,single_anchor,True,False,False,3,Blepharitis,Ectropion,False,
DA_d2_seq100/156,DA,ax_modality,duplicate_anchor,True,False,False,3,Blepharitis,Ectropion,False,
DA_d2_seq100/164,DA,ax_modality,real_views,True,False,False,5,Leukemia,Leptomeningeal disease,False,
DA_d2_seq100/164,DA,ax_modality,role_rotated,True,False,False,5,Leukemia,Leptomeningeal disease,False,
DA_d2_seq100/164,DA,ax_modality,single_anchor,True,False,False,3,Leukemia,Acute Lymphoblastic Leukemia,False,
DA_d2_seq100/164,DA,ax_modality,duplicate_anchor,True,False,False,3,Acute Lymphoblastic Leukemia,Leukemia,False,
DA_d2_seq100/174,DA,ax_modality,real_views,True,False,False,8,Intravascular lymphoma,Extravasated intravascular large B-cell lymphoma,False,
DA_d2_seq100/174,DA,ax_modality,role_rotated,True,False,False,8,Intravascular lymphoma,Extravasated intravascular large B-cell lymphoma,False,
DA_d2_seq100/174,DA,ax_modality,single_anchor,True,False,False,4,Intravascular lymphoma,Extramedullary hematopoietic neoplasm,False,
DA_d2_seq100/174,DA,ax_modality,duplicate_anchor,True,False,False,4,Intravascular lymphoma,Extramedullary hematopoietic neoplasm,False,
DA_d2_seq100/177,DA,ax_mechanism,real_views,True,False,False,4,Myocardial Infarction,Acute Coronary Syndrome,False,
DA_d2_seq100/177,DA,ax_mechanism,role_rotated,True,False,False,4,Myocardial Infarction,Acute Coronary Syndrome,False,
DA_d2_seq100/177,DA,ax_mechanism,single_anchor,True,False,False,3,Myocardial Infarction,Acute Coronary Syndrome,False,
DA_d2_seq100/177,DA,ax_mechanism,duplicate_anchor,True,False,False,3,Myocardial Infarction,Acute Coronary Syndrome,False,
DA_d2_seq100/181,DA,ax_syndrome,real_views,True,False,False,6,Targetoid hemosiderotic hemangioma,Hobnail hemangioma,False,
DA_d2_seq100/181,DA,ax_syndrome,role_rotated,True,False,False,6,Targetoid hemosiderotic hemangioma,Hobnail hemangioma,False,
DA_d2_seq100/181,DA,ax_syndrome,single_anchor,True,False,False,2,Targetoid hemosiderotic hemangioma,Kaposi's sarcoma,False,
DA_d2_seq100/181,DA,ax_syndrome,duplicate_anchor,True,False,False,2,Targetoid hemosiderotic hemangioma,Kaposi's sarcoma,False,
DA_d2_seq100/183,DA,ax_mechanism,real_views,True,False,False,10,IDH-mutant Astrocytoma,Astrocytic Neoplasm,False,
DA_d2_seq100/183,DA,ax_mechanism,role_rotated,True,False,False,10,IDH-mutant Astrocytoma,Optic Nerve Glioma,False,
DA_d2_seq100/183,DA,ax_mechanism,single_anchor,True,False,False,4,Glioma,Idiopathic Orbital Inflammatory Disease,False,
DA_d2_seq100/183,DA,ax_mechanism,duplicate_anchor,True,False,False,4,Glioma,Idiopathic Orbital Inflammatory Disease,False,
DA_d2_seq100/186,DA,ax_mechanism,real_views,True,False,False,4,GGCX deficiency,GGCX-related disorder,False,
DA_d2_seq100/186,DA,ax_mechanism,role_rotated,True,False,False,4,GGCX deficiency,GGCX-related disorder,False,
DA_d2_seq100/186,DA,ax_mechanism,single_anchor,True,False,False,2,GGCX deficiency,Pseudoxanthoma elasticum,False,
DA_d2_seq100/186,DA,ax_mechanism,duplicate_anchor,True,False,False,2,GGCX deficiency,Pseudoxanthoma elasticum,False,
DA_d2_seq100/187,DA,ax_modality,real_views,True,False,False,7,Erdheim-Chester disease,Necrobiotic xanthogranuloma,False,
DA_d2_seq100/187,DA,ax_modality,role_rotated,True,False,False,7,Erdheim-Chester disease,Necrobiotic xanthogranuloma,False,
DA_d2_seq100/187,DA,ax_modality,single_anchor,True,False,False,3,Erdheim-Chester disease,Niemann-Pick disease,False,
DA_d2_seq100/187,DA,ax_modality,duplicate_anchor,True,False,False,3,Erdheim-Chester disease,Niemann-Pick disease,False,
DA_d2_seq100/190,DA,ax_syndrome,real_views,True,False,False,8,Chronic frontal sinusitis,Frontal sinus mucocele,False,
DA_d2_seq100/190,DA,ax_syndrome,role_rotated,True,False,False,8,Frontal sinus mucocele,Chronic frontal sinusitis,False,
DA_d2_seq100/190,DA,ax_syndrome,single_anchor,True,False,False,3,Frontal sinusitis,Chronic dacryocystitis,False,
DA_d2_seq100/190,DA,ax_syndrome,duplicate_anchor,True,False,False,3,Frontal sinusitis,Chronic dacryocystitis,False,
DA_d2_seq100/194,DA,ax_mechanism,real_views,True,False,False,5,Silicone oil syndrome,Lamellar macular hole,False,
DA_d2_seq100/194,DA,ax_mechanism,role_rotated,True,False,False,5,Silicone oil syndrome,Lamellar macular hole,False,
DA_d2_seq100/194,DA,ax_mechanism,single_anchor,True,False,False,4,Silicone oil syndrome,Lamellar macular hole,False,
DA_d2_seq100/194,DA,ax_mechanism,duplicate_anchor,True,False,False,4,Silicone oil syndrome,Lamellar macular hole,False,
DA_d2_seq100/202,DA,ax_syndrome,real_views,True,False,False,3,Lymphoma,Sarcoma,False,
DA_d2_seq100/202,DA,ax_syndrome,role_rotated,True,False,False,3,Lymphoma,Sarcoma,False,
DA_d2_seq100/202,DA,ax_syndrome,single_anchor,True,False,False,3,Lymphoma,Sarcoma,False,
DA_d2_seq100/202,DA,ax_syndrome,duplicate_anchor,True,False,False,3,Lymphoma,Sarcoma,False,
DA_d2_seq100/205,DA,ax_mechanism,real_views,True,False,False,6,Wegener's Granulomatosis,Cutaneous Leukocytoclastic Vasculitis,False,
DA_d2_seq100/205,DA,ax_mechanism,role_rotated,True,False,False,6,Wegener's Granulomatosis,Cutaneous Leukocytoclastic Vasculitis,False,
DA_d2_seq100/205,DA,ax_mechanism,single_anchor,True,False,False,4,Granulomatosis with Polyangiitis,Cutaneous Vasculitis,False,
DA_d2_seq100/205,DA,ax_mechanism,duplicate_anchor,True,False,False,4,Granulomatosis with Polyangiitis,Cutaneous Vasculitis,False,
DA_d2_seq100/21,DA,ax_syndrome,real_views,True,False,False,5,Rhabdomyolysis,Compressive optic neuropathy,False,
DA_d2_seq100/21,DA,ax_syndrome,role_rotated,True,False,False,5,Rhabdomyolysis,Compressive optic neuropathy,False,
DA_d2_seq100/21,DA,ax_syndrome,single_anchor,True,False,False,3,Rhabdomyolysis,Central Retinal Artery Occlusion,False,
DA_d2_seq100/21,DA,ax_syndrome,duplicate_anchor,True,False,False,3,Central Retinal Artery Occlusion,Acute Angle-Closure Glaucoma,False,
DA_d2_seq100/219,DA,ax_modality,real_views,True,False,False,5,Nevoid Basal Cell Carcinoma Syndrome (Gorlin Syndrome),Infundibulocystic Basal Cell Carcinoma,False,
DA_d2_seq100/219,DA,ax_modality,role_rotated,True,False,False,5,Nevoid basal cell carcinoma syndrome,Infundibulocystic Basal Cell Carcinoma,False,
DA_d2_seq100/219,DA,ax_modality,single_anchor,True,False,False,2,Nevoid Basal Cell Carcinoma Syndrome (Gorlin Syndrome),Infundibulocystic Basal Cell Carcinoma,False,
DA_d2_seq100/219,DA,ax_modality,duplicate_anchor,True,False,False,2,Nevoid Basal Cell Carcinoma Syndrome (Gorlin Syndrome),Infundibulocystic Basal Cell Carcinoma,False,
DA_d2_seq100/22,DA,ax_mechanism,real_views,True,False,False,5,Dermatomyositis,Systemic Lupus Erythematosus,False,
DA_d2_seq100/22,DA,ax_mechanism,role_rotated,True,False,False,5,Systemic Lupus Erythematosus,Dermatomyositis,False,
DA_d2_seq100/22,DA,ax_mechanism,single_anchor,True,False,False,4,Systemic Lupus Erythematosus,Sjögren's Syndrome,False,
DA_d2_seq100/22,DA,ax_mechanism,duplicate_anchor,True,False,False,4,Dermatomyositis,Systemic Lupus Erythematosus,False,
DA_d2_seq100/225,DA,ax_syndrome,real_views,True,False,False,5,Diffuse large B-cell lymphoma,,False,
DA_d2_seq100/225,DA,ax_syndrome,role_rotated,True,False,False,5,Diffuse large B-cell lymphoma,"Primary cutaneous diffuse large B-cell lymphoma, leg type",False,
DA_d2_seq100/225,DA,ax_syndrome,single_anchor,True,False,False,3,Diffuse large B-cell lymphoma,"Primary cutaneous diffuse large B-cell lymphoma, leg type",False,
DA_d2_seq100/225,DA,ax_syndrome,duplicate_anchor,True,False,False,3,Diffuse large B-cell lymphoma,"Primary cutaneous diffuse large B-cell lymphoma, leg type",False,
DA_d2_seq100/226,DA,ax_mechanism,real_views,True,False,False,4,Photodermatitis,Cutaneous Lymphoid Hyperplasia,False,
DA_d2_seq100/226,DA,ax_mechanism,role_rotated,True,False,False,4,Cutaneous Lymphoid Hyperplasia,Cutaneous lymphoma,False,
DA_d2_seq100/226,DA,ax_mechanism,single_anchor,True,False,False,3,Cutaneous lymphoma,Photodermatitis,False,
DA_d2_seq100/226,DA,ax_mechanism,duplicate_anchor,True,False,False,3,Photodermatitis,Cutaneous lymphoma,False,
DA_d2_seq100/229,DA,ax_modality,real_views,True,True,True,4,Rheumatoid Meningitis,Neurosarcoidosis,False,
DA_d2_seq100/229,DA,ax_modality,role_rotated,True,True,True,4,Rheumatoid Meningitis,Neurosarcoidosis,False,
DA_d2_seq100/229,DA,ax_modality,single_anchor,True,True,True,4,Rheumatoid Meningitis,Neurosarcoidosis,False,
DA_d2_seq100/229,DA,ax_modality,duplicate_anchor,True,True,True,4,Rheumatoid Meningitis,Neurosarcoidosis,False,
DA_d2_seq100/237,DA,ax_modality,real_views,True,False,False,5,Primary hyperhidrosis,Focal hyperhidrosis,False,
DA_d2_seq100/237,DA,ax_modality,role_rotated,True,False,False,5,Primary hyperhidrosis,Focal hyperhidrosis,False,
DA_d2_seq100/237,DA,ax_modality,single_anchor,True,False,False,1,Hyperhidrosis,,False,
DA_d2_seq100/237,DA,ax_modality,duplicate_anchor,True,False,False,1,Hyperhidrosis,,False,
DA_d2_seq100/242,DA,ax_syndrome,real_views,True,False,False,6,Retinal Angiomatous Proliferation,Retinal neovascularization,False,
DA_d2_seq100/242,DA,ax_syndrome,role_rotated,True,False,False,6,Retinal Angiomatous Proliferation,Neovascular Age-related Macular Degeneration,False,
DA_d2_seq100/242,DA,ax_syndrome,single_anchor,True,False,False,3,Retinal Angiomatous Proliferation,Neovascular Age-related Macular Degeneration,False,
DA_d2_seq100/242,DA,ax_syndrome,duplicate_anchor,True,False,False,3,Retinal Angiomatous Proliferation,Neovascular Age-related Macular Degeneration,False,
DA_d2_seq100/243,DA,ax_syndrome,real_views,True,False,False,4,Parvovirus B19 infection,Erythema multiforme,False,
DA_d2_seq100/243,DA,ax_syndrome,role_rotated,True,False,False,4,Erythema multiforme,Parvovirus B19 infection,False,
DA_d2_seq100/243,DA,ax_syndrome,single_anchor,True,False,False,2,Erythema multiforme,Parvovirus B19 infection,False,
DA_d2_seq100/243,DA,ax_syndrome,duplicate_anchor,True,False,False,2,Parvovirus B19 infection,Erythema multiforme,False,
DA_d2_seq100/246,DA,ax_modality,real_views,True,False,False,6,Somatic KDR (VEGFR2) Mutation-associated Vascular Lesion,Telangiectasia,False,
DA_d2_seq100/246,DA,ax_modality,role_rotated,True,False,False,6,Somatic KDR (VEGFR2) Mutation-associated Vascular Lesion,Cherry Angioma,False,
DA_d2_seq100/246,DA,ax_modality,single_anchor,True,False,False,3,Somatic KDR (VEGFR2) Mutation-associated Vascular Lesion,Angiosarcoma,False,
DA_d2_seq100/246,DA,ax_modality,duplicate_anchor,True,False,False,3,Somatic KDR (VEGFR2) Mutation-associated Vascular Lesion,Cutaneous Collateral Vessel Formation,False,
DA_d2_seq100/27,DA,ax_syndrome,real_views,True,False,False,6,Leukemia cutis,Sweet syndrome,False,
DA_d2_seq100/27,DA,ax_syndrome,role_rotated,True,False,False,6,Leukemia cutis,Sweet syndrome,False,
DA_d2_seq100/27,DA,ax_syndrome,single_anchor,True,False,False,3,Leukemia cutis,Sweet syndrome,False,
DA_d2_seq100/27,DA,ax_syndrome,duplicate_anchor,True,False,False,3,Leukemia cutis,Sweet syndrome,False,
DA_d2_seq100/28,DA,ax_modality,real_views,True,False,False,5,Atrial Flutter,Hypertensive Heart Disease,False,
DA_d2_seq100/28,DA,ax_modality,role_rotated,True,False,False,5,Atrial Flutter,Hypertensive Heart Disease,False,
DA_d2_seq100/28,DA,ax_modality,single_anchor,True,False,False,3,Atrial Flutter,Hypertensive Heart Disease,False,
DA_d2_seq100/28,DA,ax_modality,duplicate_anchor,True,False,False,3,Atrial Flutter,Hypertensive Heart Disease,False,
DA_d2_seq100/29,DA,ax_syndrome,real_views,True,False,False,4,IgG4-related disease,Invasive fungal sinusitis,False,
DA_d2_seq100/29,DA,ax_syndrome,role_rotated,True,False,False,4,IgG4-related disease,Invasive fungal sinusitis,False,
DA_d2_seq100/29,DA,ax_syndrome,single_anchor,True,False,False,3,IgG4-related disease,Invasive fungal sinusitis,False,
DA_d2_seq100/29,DA,ax_syndrome,duplicate_anchor,True,False,False,3,IgG4-related disease,Invasive fungal sinusitis,False,
DA_d2_seq100/3,DA,ax_syndrome,real_views,True,False,False,7,Cerebral cavernous malformations,,False,
DA_d2_seq100/3,DA,ax_syndrome,role_rotated,True,False,False,7,Cerebral cavernous malformations,Venous malformation,False,
DA_d2_seq100/3,DA,ax_syndrome,single_anchor,True,False,False,3,Cerebral cavernous malformation,Cutaneovisceral angiomatosis with thrombocytopenia,False,
DA_d2_seq100/3,DA,ax_syndrome,duplicate_anchor,True,False,False,3,Cerebral cavernous malformation,Cutaneovisceral angiomatosis with thrombocytopenia,False,
DA_d2_seq100/36,DA,ax_modality,real_views,True,False,False,4,Cutaneous Cryptococcosis,Cryptococcosis,False,
DA_d2_seq100/36,DA,ax_modality,role_rotated,True,False,False,4,Cutaneous Cryptococcosis,Cryptococcosis,False,
DA_d2_seq100/36,DA,ax_modality,single_anchor,True,False,False,1,Cutaneous Cryptococcosis,,False,
DA_d2_seq100/36,DA,ax_modality,duplicate_anchor,True,False,False,1,Cutaneous Cryptococcosis,,False,
DA_d2_seq100/4,DA,ax_syndrome,real_views,True,False,False,6,Angioma,Hemangioma,False,
DA_d2_seq100/4,DA,ax_syndrome,role_rotated,True,False,False,6,Hemangioma,Angioma,False,
DA_d2_seq100/4,DA,ax_syndrome,single_anchor,True,False,False,3,Angiolymphoid hyperplasia with eosinophilia,Kimura disease,False,
DA_d2_seq100/4,DA,ax_syndrome,duplicate_anchor,True,False,False,3,Angiolymphoid hyperplasia with eosinophilia,Kimura disease,False,
DA_d2_seq100/40,DA,ax_modality,real_views,True,False,False,3,Squamous cell carcinoma,Sebaceous carcinoma,False,
DA_d2_seq100/40,DA,ax_modality,role_rotated,True,False,False,3,Squamous cell carcinoma,Sebaceous carcinoma,False,
DA_d2_seq100/40,DA,ax_modality,single_anchor,True,False,False,1,Squamous cell carcinoma,,False,
DA_d2_seq100/40,DA,ax_modality,duplicate_anchor,True,False,False,1,Squamous cell carcinoma,,False,
DA_d2_seq100/57,DA,ax_mechanism,real_views,True,False,False,7,Drug-induced eosinophilic dermatitis,Immune-related adverse event (irAE) of immunotherapy,False,
DA_d2_seq100/57,DA,ax_mechanism,role_rotated,True,False,False,7,Immune-related adverse event (irAE) of immunotherapy,Drug-induced eosinophilic dermatitis,False,
DA_d2_seq100/57,DA,ax_mechanism,single_anchor,True,False,False,3,Drug-induced eosinophilic dermatitis,Pembrolizumab-induced rash,False,
DA_d2_seq100/57,DA,ax_mechanism,duplicate_anchor,True,False,False,3,Drug-induced eosinophilic dermatitis,Pembrolizumab-induced rash,False,
DA_d2_seq100/59,DA,ax_mechanism,real_views,True,False,False,6,Anastrozole-induced uveitis,Uveitis,False,
DA_d2_seq100/59,DA,ax_mechanism,role_rotated,True,False,False,6,Anastrozole-induced uveitis,Uveitis,False,
DA_d2_seq100/59,DA,ax_mechanism,single_anchor,True,False,False,3,Anastrozole-induced uveitis,Uveitis,False,
DA_d2_seq100/59,DA,ax_mechanism,duplicate_anchor,True,False,False,3,Anastrozole-induced uveitis,Uveitis,False,
DA_d2_seq100/67,DA,ax_syndrome,real_views,True,False,False,5,Bradycardia,Respiratory Failure,False,
DA_d2_seq100/67,DA,ax_syndrome,role_rotated,True,False,False,5,Bradycardia,Respiratory Failure,False,
DA_d2_seq100/67,DA,ax_syndrome,single_anchor,True,False,False,3,Bradycardia,Respiratory Failure,False,
DA_d2_seq100/67,DA,ax_syndrome,duplicate_anchor,True,False,False,3,Bradycardia,Respiratory Failure,False,
DA_d2_seq100/74,DA,ax_syndrome,real_views,True,False,False,4,Hidradenoma,Sweat gland tumor,False,
DA_d2_seq100/74,DA,ax_syndrome,role_rotated,True,False,False,4,Squamous cell carcinoma,Hidradenoma,False,
DA_d2_seq100/74,DA,ax_syndrome,single_anchor,True,False,False,3,Hidradenoma,Sweat gland tumor,False,
DA_d2_seq100/74,DA,ax_syndrome,duplicate_anchor,True,False,False,3,Hidradenoma,Sweat gland tumor,False,
DA_d2_seq100/76,DA,ax_modality,real_views,True,False,False,4,Chondrosarcoma,Facial nerve schwannoma,False,
DA_d2_seq100/76,DA,ax_modality,role_rotated,True,False,False,4,Facial nerve schwannoma,Chondrosarcoma,False,
DA_d2_seq100/76,DA,ax_modality,single_anchor,True,False,False,2,Chondrosarcoma,Facial nerve schwannoma,False,
DA_d2_seq100/76,DA,ax_modality,duplicate_anchor,True,False,False,2,Chondrosarcoma,Facial nerve schwannoma,False,
DA_d2_seq100/83,DA,ax_modality,real_views,True,False,False,4,Choroideremia,Retinitis Pigmentosa,False,
DA_d2_seq100/83,DA,ax_modality,role_rotated,True,False,False,4,Retinitis Pigmentosa,Choroideremia,False,
DA_d2_seq100/83,DA,ax_modality,single_anchor,True,False,False,2,Choroideremia,Retinitis Pigmentosa,False,
DA_d2_seq100/83,DA,ax_modality,duplicate_anchor,True,False,False,2,Choroideremia,Retinitis Pigmentosa,False,
DA_d2_seq100/87,DA,ax_syndrome,real_views,True,False,False,4,Acute Pericarditis,Myocarditis,False,
DA_d2_seq100/87,DA,ax_syndrome,role_rotated,True,False,False,4,Acute Pericarditis,Myocarditis,False,
DA_d2_seq100/87,DA,ax_syndrome,single_anchor,True,False,False,2,Acute Pericarditis,Myocarditis,False,
DA_d2_seq100/87,DA,ax_syndrome,duplicate_anchor,True,False,False,2,Acute Pericarditis,Myocarditis,False,
DA_d2_seq100/89,DA,ax_modality,real_views,True,False,False,2,Supraventricular Tachycardia,Atrioventricular Nodal Reentrant Tachycardia,False,
DA_d2_seq100/89,DA,ax_modality,role_rotated,True,False,False,2,Supraventricular Tachycardia,Atrioventricular Nodal Reentrant Tachycardia,False,
DA_d2_seq100/89,DA,ax_modality,single_anchor,True,False,False,2,Supraventricular Tachycardia,Atrioventricular Nodal Reentrant Tachycardia,False,
DA_d2_seq100/89,DA,ax_modality,duplicate_anchor,True,False,False,2,Supraventricular Tachycardia,Atrioventricular Nodal Reentrant Tachycardia,False,
DA_d2_seq100/95,DA,ax_syndrome,real_views,True,False,False,5,Multiple system atrophy,Spinocerebellar Ataxia,False,
DA_d2_seq100/95,DA,ax_syndrome,role_rotated,True,False,False,5,Multiple system atrophy,Spinocerebellar Ataxia,False,
DA_d2_seq100/95,DA,ax_syndrome,single_anchor,True,False,False,3,Spinocerebellar Ataxia,Palatal Myoclonus,False,
DA_d2_seq100/95,DA,ax_syndrome,duplicate_anchor,True,False,False,3,Spinocerebellar Ataxia,Palatal Myoclonus,False,
MCR_seq200b/251,MCR,ax_modality,real_views,True,False,False,4,Fetal growth restriction,Tetralogy of Fallot,False,
MCR_seq200b/251,MCR,ax_modality,role_rotated,True,False,False,4,Fetal growth restriction,Tetralogy of Fallot,False,
MCR_seq200b/251,MCR,ax_modality,single_anchor,True,False,False,3,Twin anemia-polycythemia sequence,Preeclampsia,False,
MCR_seq200b/251,MCR,ax_modality,duplicate_anchor,True,False,False,3,Tetralogy of Fallot,Twin anemia-polycythemia sequence,False,
MCR_seq200b/252,MCR,ax_modality,real_views,True,True,True,5,Visceral Leishmaniasis,Lymphoma,False,
MCR_seq200b/252,MCR,ax_modality,role_rotated,True,True,True,5,Visceral Leishmaniasis,Lymphoma,False,
MCR_seq200b/252,MCR,ax_modality,single_anchor,True,True,False,4,Malaria,Visceral Leishmaniasis,False,
MCR_seq200b/252,MCR,ax_modality,duplicate_anchor,True,True,True,4,Visceral Leishmaniasis,Lymphoma,False,
MCR_seq200b/258,MCR,ax_modality,real_views,True,False,False,7,Miliary tuberculosis,Tuberculosis,False,
MCR_seq200b/258,MCR,ax_modality,role_rotated,True,False,False,7,Miliary tuberculosis,Tuberculosis,False,
MCR_seq200b/258,MCR,ax_modality,single_anchor,True,False,False,4,Miliary tuberculosis,Disseminated cryptococcosis,False,
MCR_seq200b/258,MCR,ax_modality,duplicate_anchor,True,False,False,4,Miliary tuberculosis,Disseminated cryptococcosis,False,
MCR_seq200b/260,MCR,ax_mechanism,real_views,True,True,True,6,Syphilitic aortitis,Takayasu arteritis,False,
MCR_seq200b/260,MCR,ax_mechanism,role_rotated,True,True,True,6,Syphilitic aortitis,Infectious aortitis,False,
MCR_seq200b/260,MCR,ax_mechanism,single_anchor,True,True,True,3,Syphilitic aortitis,Infectious aortitis,False,
MCR_seq200b/260,MCR,ax_mechanism,duplicate_anchor,True,True,False,3,Infectious aortitis,Syphilitic aortitis,False,
MCR_seq200b/261,MCR,ax_mechanism,real_views,True,False,False,8,Etanercept-induced interstitial lung disease,Hypersensitivity pneumonitis,False,
MCR_seq200b/261,MCR,ax_mechanism,role_rotated,True,False,False,8,Etanercept-induced interstitial lung disease,Etanercept-induced lung disease,False,
MCR_seq200b/261,MCR,ax_mechanism,single_anchor,True,False,False,3,Etanercept-induced interstitial lung disease,Sarcoidosis,False,
MCR_seq200b/261,MCR,ax_mechanism,duplicate_anchor,True,False,False,3,Etanercept-induced interstitial lung disease,Hypersensitivity pneumonitis,False,
MCR_seq200b/262,MCR,ax_syndrome,real_views,True,False,False,5,Intraductal Papillary Mucinous Neoplasm (IPMN),Mucinous Cystic Neoplasm (MCN),False,
MCR_seq200b/262,MCR,ax_syndrome,role_rotated,True,False,False,5,Intraductal Papillary Mucinous Neoplasm (IPMN),Mucinous Cystic Neoplasm (MCN),False,
MCR_seq200b/262,MCR,ax_syndrome,single_anchor,True,False,False,3,Intraductal Papillary Mucinous Neoplasm (IPMN),Mucinous Cystic Neoplasm (MCN),False,
MCR_seq200b/262,MCR,ax_syndrome,duplicate_anchor,True,False,False,3,Intraductal Papillary Mucinous Neoplasm (IPMN),Mucinous Cystic Neoplasm (MCN),False,
MCR_seq200b/263,MCR,ax_modality,real_views,True,True,True,5,Sarcoidosis,Langerhans Cell Histiocytosis,False,
MCR_seq200b/263,MCR,ax_modality,role_rotated,True,True,True,5,Sarcoidosis,Multiple Myeloma,False,
MCR_seq200b/263,MCR,ax_modality,single_anchor,True,True,True,3,Sarcoidosis,Multiple Myeloma,False,
MCR_seq200b/263,MCR,ax_modality,duplicate_anchor,True,True,True,3,Sarcoidosis,Langerhans Cell Histiocytosis,False,
MCR_seq200b/264,MCR,ax_syndrome,real_views,True,False,False,7,Mucinous cystadenocarcinoma,Ovarian cystadenocarcinoma,False,
MCR_seq200b/264,MCR,ax_syndrome,role_rotated,True,False,False,7,Mucinous cystadenocarcinoma,Ovarian cystadenocarcinoma,False,
MCR_seq200b/264,MCR,ax_syndrome,single_anchor,True,False,False,3,Ovarian cystadenocarcinoma,Mucinous cystadenoma,False,
MCR_seq200b/264,MCR,ax_syndrome,duplicate_anchor,True,False,False,3,Ovarian cystadenocarcinoma,Mucinous cystadenoma,False,
MCR_seq200b/270,MCR,ax_mechanism,real_views,True,False,False,4,Tarlov cyst,Perineural cyst,False,
MCR_seq200b/270,MCR,ax_mechanism,role_rotated,True,False,False,4,Perineural cyst,Tarlov cyst,False,
MCR_seq200b/270,MCR,ax_mechanism,single_anchor,True,False,False,3,Tarlov cyst,Perineural cyst,False,
MCR_seq200b/270,MCR,ax_mechanism,duplicate_anchor,True,False,False,3,Tarlov cyst,Perineural cyst,False,
MCR_seq200b/274,MCR,ax_syndrome,real_views,True,False,False,6,Papillary Fibroelastoma,Lambl’s Excrescences,False,
MCR_seq200b/274,MCR,ax_syndrome,role_rotated,True,False,False,6,Papillary Fibroelastoma,Lambl’s Excrescences,False,
MCR_seq200b/274,MCR,ax_syndrome,single_anchor,True,False,False,3,Papillary Fibroelastoma,Lambl’s Excrescences,False,
MCR_seq200b/274,MCR,ax_syndrome,duplicate_anchor,True,False,False,3,Papillary Fibroelastoma,Myxoma,False,
MCR_seq200b/275,MCR,ax_modality,real_views,True,True,False,7,Ulcerative Colitis,Crohn's Disease,False,
MCR_seq200b/275,MCR,ax_modality,role_rotated,True,True,False,7,Ulcerative Colitis,Crohn's Disease,False,
MCR_seq200b/275,MCR,ax_modality,single_anchor,True,False,False,3,Crohn's Disease,Ulcerative Colitis,False,
MCR_seq200b/275,MCR,ax_modality,duplicate_anchor,True,False,False,3,Ulcerative Colitis,Crohn's Disease,False,
MCR_seq200b/276,MCR,ax_modality,real_views,True,False,False,8,Colorectal intussusception,Intussusception,False,
MCR_seq200b/276,MCR,ax_modality,role_rotated,True,False,False,8,Colorectal intussusception,Intussusception,False,
MCR_seq200b/276,MCR,ax_modality,single_anchor,True,False,False,3,Colorectal intussusception,Colorectal polyp or mass,False,
MCR_seq200b/276,MCR,ax_modality,duplicate_anchor,True,False,False,3,Colorectal intussusception,Colorectal polyp or mass,False,
MCR_seq200b/277,MCR,ax_modality,real_views,True,False,False,5,Renal Cell Carcinoma,Clear Cell Renal Cell Carcinoma,False,
MCR_seq200b/277,MCR,ax_modality,role_rotated,True,False,False,5,Renal Cell Carcinoma,Clear Cell Renal Cell Carcinoma,False,
MCR_seq200b/277,MCR,ax_modality,single_anchor,True,False,False,2,Renal Cell Carcinoma,Clear Cell Renal Cell Carcinoma,False,
MCR_seq200b/277,MCR,ax_modality,duplicate_anchor,True,False,False,2,Renal Cell Carcinoma,Clear Cell Renal Cell Carcinoma,False,
MCR_seq200b/279,MCR,ax_syndrome,real_views,True,False,False,3,Bartholin's gland cyst,,False,
MCR_seq200b/279,MCR,ax_syndrome,role_rotated,True,False,False,3,Bartholin's gland cyst,,False,
MCR_seq200b/279,MCR,ax_syndrome,single_anchor,True,False,False,1,Bartholin's gland cyst,,False,
MCR_seq200b/279,MCR,ax_syndrome,duplicate_anchor,True,False,False,1,Bartholin's gland cyst,,False,
MCR_seq200b/283,MCR,ax_mechanism,real_views,True,True,True,3,Dermoid cyst,Epidermoid cyst,False,
MCR_seq200b/283,MCR,ax_mechanism,role_rotated,True,True,True,3,Dermoid cyst,Epidermoid cyst,False,
MCR_seq200b/283,MCR,ax_mechanism,single_anchor,True,True,True,3,Dermoid cyst,Epidermoid cyst,False,
MCR_seq200b/283,MCR,ax_mechanism,duplicate_anchor,True,True,True,3,Dermoid cyst,Epidermoid cyst,False,
MCR_seq200b/284,MCR,ax_mechanism,real_views,True,False,False,3,Gastric lipoma,Lipoma,False,
MCR_seq200b/284,MCR,ax_mechanism,role_rotated,True,False,False,3,Gastric lipoma,Lipoma,False,
MCR_seq200b/284,MCR,ax_mechanism,single_anchor,True,False,False,2,Lipoma,Gastrointestinal stromal tumor (GIST),False,
MCR_seq200b/284,MCR,ax_mechanism,duplicate_anchor,True,False,False,2,Lipoma,Gastrointestinal stromal tumor (GIST),False,
MCR_seq200b/285,MCR,ax_modality,real_views,True,False,False,3,Pyknodysostosis,Pycnodysostosis-like syndrome,False,
MCR_seq200b/285,MCR,ax_modality,role_rotated,True,False,False,3,Pyknodysostosis,Pycnodysostosis-like syndrome,False,
MCR_seq200b/285,MCR,ax_modality,single_anchor,True,False,False,1,Pyknodysostosis,,False,
MCR_seq200b/285,MCR,ax_modality,duplicate_anchor,False,False,False,1,,,False,decisive_evidence_ids must be a list of at most three IDs
MCR_seq200b/288,MCR,ax_mechanism,real_views,True,False,False,5,Serous Cystadenoma,Intraductal Papillary Mucinous Neoplasm (IPMN),False,
MCR_seq200b/288,MCR,ax_mechanism,role_rotated,True,False,False,5,Serous Cystadenoma,Intraductal Papillary Mucinous Neoplasm (IPMN),False,
MCR_seq200b/288,MCR,ax_mechanism,single_anchor,True,False,False,3,Intraductal Papillary Mucinous Neoplasm (IPMN),Pancreatic Pseudocyst,False,
MCR_seq200b/288,MCR,ax_mechanism,duplicate_anchor,True,False,False,3,Intraductal Papillary Mucinous Neoplasm (IPMN),Pancreatic Pseudocyst,False,
MCR_seq200b/290,MCR,ax_syndrome,real_views,True,False,False,8,Cervical vertigo,Vestibular disorder,False,
MCR_seq200b/290,MCR,ax_syndrome,role_rotated,True,False,False,8,Small vessel disease,Cervical vertigo,False,
MCR_seq200b/290,MCR,ax_syndrome,single_anchor,True,False,False,3,Cervical vertigo,Vestibular disorder,False,
MCR_seq200b/290,MCR,ax_syndrome,duplicate_anchor,True,False,False,3,Cervical vertigo,Orthostatic intolerance,False,
MCR_seq200b/292,MCR,ax_syndrome,real_views,True,False,False,4,Anaplastic large cell lymphoma,Hodgkin lymphoma,False,
MCR_seq200b/292,MCR,ax_syndrome,role_rotated,True,False,False,4,Anaplastic large cell lymphoma,Hodgkin lymphoma,False,
MCR_seq200b/292,MCR,ax_syndrome,single_anchor,True,False,False,4,Anaplastic large cell lymphoma,Hodgkin lymphoma,False,
MCR_seq200b/292,MCR,ax_syndrome,duplicate_anchor,True,False,False,4,Anaplastic large cell lymphoma,Hodgkin lymphoma,False,
MCR_seq200b/294,MCR,ax_mechanism,real_views,True,False,False,5,Hepatoblastoma,Pulmonary embolism,False,
MCR_seq200b/294,MCR,ax_mechanism,role_rotated,True,False,False,5,Hepatoblastoma,Pulmonary embolism,False,
MCR_seq200b/294,MCR,ax_mechanism,single_anchor,True,False,False,3,Hepatoblastoma,Embolic disease,False,
MCR_seq200b/294,MCR,ax_mechanism,duplicate_anchor,True,False,False,3,Hepatoblastoma,Embolic disease,False,
MCR_seq200b/295,MCR,ax_modality,real_views,True,False,False,3,Gallbladder cancer,Metastatic disease,False,
MCR_seq200b/295,MCR,ax_modality,role_rotated,True,False,False,3,Gallbladder cancer,Cholangiocarcinoma,False,
MCR_seq200b/295,MCR,ax_modality,single_anchor,True,False,False,2,Gallbladder cancer,Metastatic disease,False,
MCR_seq200b/295,MCR,ax_modality,duplicate_anchor,True,False,False,2,Gallbladder cancer,Metastatic disease,False,
MCR_seq200b/296,MCR,ax_syndrome,real_views,True,False,False,3,Sweet syndrome,Pyoderma gangrenosum,False,
MCR_seq200b/296,MCR,ax_syndrome,role_rotated,True,False,False,3,Sweet syndrome,Pyoderma gangrenosum,False,
MCR_seq200b/296,MCR,ax_syndrome,single_anchor,True,False,False,3,Sweet syndrome,Pyoderma gangrenosum,False,
MCR_seq200b/296,MCR,ax_syndrome,duplicate_anchor,True,False,False,3,Sweet syndrome,Erythema multiforme,False,
MCR_seq200b/298,MCR,ax_modality,real_views,True,True,True,5,Warthin tumor,Squamous cell carcinoma of the oropharynx,False,
MCR_seq200b/298,MCR,ax_modality,role_rotated,True,True,False,5,Squamous cell carcinoma of the oropharynx,Squamous cell carcinoma,False,
MCR_seq200b/298,MCR,ax_modality,single_anchor,True,True,True,3,Warthin tumor,Squamous cell carcinoma,False,
MCR_seq200b/298,MCR,ax_modality,duplicate_anchor,True,True,False,3,Squamous cell carcinoma,Warthin tumor,False,
MCR_seq200b/301,MCR,ax_syndrome,real_views,True,False,False,7,Aquatic dysautonomia or water-induced epilepsy,Seizure disorder,False,
MCR_seq200b/301,MCR,ax_syndrome,role_rotated,True,False,False,7,Aquatic dysautonomia or water-induced epilepsy,Seizure disorder,False,
MCR_seq200b/301,MCR,ax_syndrome,single_anchor,True,False,False,3,Reflex Anoxic Seizure,Breath-Holding Spell,False,
MCR_seq200b/301,MCR,ax_syndrome,duplicate_anchor,True,False,False,3,Reflex Anoxic Seizure,Breath-Holding Spell,False,
MCR_seq200b/306,MCR,ax_mechanism,real_views,True,False,False,6,Enterococcal Meningitis,Infectious meningitis,False,
MCR_seq200b/306,MCR,ax_mechanism,role_rotated,True,False,False,6,Enterococcal Meningitis,Infectious meningitis,False,
MCR_seq200b/306,MCR,ax_mechanism,single_anchor,True,False,False,4,Diffuse alveolar hemorrhage,Infectious meningitis,False,
MCR_seq200b/306,MCR,ax_mechanism,duplicate_anchor,True,False,False,4,Diffuse alveolar hemorrhage,Infectious meningitis,False,
MCR_seq200b/309,MCR,ax_mechanism,real_views,True,True,True,4,Graves' Disease,Hyperthyroidism,False,
MCR_seq200b/309,MCR,ax_mechanism,role_rotated,True,True,True,4,Graves' Disease,Hyperthyroidism,False,
MCR_seq200b/309,MCR,ax_mechanism,single_anchor,True,True,True,4,Graves' disease,Hyperthyroidism,False,
MCR_seq200b/309,MCR,ax_mechanism,duplicate_anchor,True,True,True,4,Graves' disease,Hyperthyroidism,False,
MCR_seq200b/312,MCR,ax_modality,real_views,True,False,False,8,Biliary Cystadenoma,Intraductal Papillary Mucinous Neoplasm (IPMN) of the Bile Duct,False,
MCR_seq200b/312,MCR,ax_modality,role_rotated,True,False,False,8,Biliary Cystadenoma,Intraductal Papillary Mucinous Neoplasm (IPMN) of the Bile Duct,False,
MCR_seq200b/312,MCR,ax_modality,single_anchor,True,False,False,3,Intraductal papillary mucinous neoplasm (IPMN) of the bile duct,Biliary cystadenoma or cystadenocarcinoma,False,
MCR_seq200b/312,MCR,ax_modality,duplicate_anchor,True,False,False,3,Biliary cystadenoma or cystadenocarcinoma,Intraductal papillary mucinous neoplasm (IPMN) of the bile duct,False,
MCR_seq200b/313,MCR,ax_syndrome,real_views,True,False,False,4,Secondary Syphilis,Infectious Mononucleosis,False,
MCR_seq200b/313,MCR,ax_syndrome,role_rotated,True,False,False,4,Secondary Syphilis,Infectious Mononucleosis,False,
MCR_seq200b/313,MCR,ax_syndrome,single_anchor,True,False,False,3,Secondary Syphilis,Infectious Mononucleosis,False,
MCR_seq200b/313,MCR,ax_syndrome,duplicate_anchor,True,False,False,3,Secondary Syphilis,Infectious Mononucleosis,False,
MCR_seq200b/317,MCR,ax_mechanism,real_views,True,True,False,5,CNS toxoplasmosis,Cryptococcal meningitis,False,
MCR_seq200b/317,MCR,ax_mechanism,role_rotated,True,True,False,5,Cerebral toxoplasmosis,Cryptococcal meningitis,False,
MCR_seq200b/317,MCR,ax_mechanism,single_anchor,True,True,True,3,Cryptococcal meningitis,CNS toxoplasmosis,False,
MCR_seq200b/317,MCR,ax_mechanism,duplicate_anchor,True,True,True,3,Cryptococcal meningitis,CNS toxoplasmosis,False,
MCR_seq200b/326,MCR,ax_syndrome,real_views,True,True,True,7,Brucellosis,Spinal epidural abscess,False,
MCR_seq200b/326,MCR,ax_syndrome,role_rotated,True,True,True,7,Brucellosis,Spinal epidural abscess,False,
MCR_seq200b/326,MCR,ax_syndrome,single_anchor,True,False,False,3,Spinal epidural abscess,Osteomyelitis,False,
MCR_seq200b/326,MCR,ax_syndrome,duplicate_anchor,True,False,False,3,Spinal epidural abscess,Osteomyelitis,False,
MCR_seq200b/331,MCR,ax_syndrome,real_views,True,False,False,1,Giant Cell Tumor of the Tendon Sheath,,False,
MCR_seq200b/331,MCR,ax_syndrome,role_rotated,True,False,False,1,Giant Cell Tumor of the Tendon Sheath,,False,
MCR_seq200b/331,MCR,ax_syndrome,single_anchor,True,False,False,1,Giant Cell Tumor of the Tendon Sheath,,False,
MCR_seq200b/331,MCR,ax_syndrome,duplicate_anchor,True,False,False,1,Giant Cell Tumor of the Tendon Sheath,,False,
MCR_seq200b/332,MCR,ax_modality,real_views,True,False,False,4,Cesarean-section scar ectopic pregnancy,Placenta accreta,False,
MCR_seq200b/332,MCR,ax_modality,role_rotated,True,False,False,4,Cesarean-section scar ectopic pregnancy,Placenta accreta,False,
MCR_seq200b/332,MCR,ax_modality,single_anchor,True,False,False,1,Cesarean-section scar ectopic pregnancy,,False,
MCR_seq200b/332,MCR,ax_modality,duplicate_anchor,True,False,False,1,Cesarean-section scar ectopic pregnancy,,False,
MCR_seq200b/333,MCR,ax_modality,real_views,True,False,False,3,Breast Cancer,Phyllodes Tumor,False,
MCR_seq200b/333,MCR,ax_modality,role_rotated,True,False,False,3,Breast Cancer,Phyllodes Tumor,False,
MCR_seq200b/333,MCR,ax_modality,single_anchor,True,False,False,2,Phyllodes tumor,Fibroadenoma,False,
MCR_seq200b/333,MCR,ax_modality,duplicate_anchor,True,False,False,2,Phyllodes tumor,Fibroadenoma,False,
MCR_seq200b/334,MCR,ax_modality,real_views,True,True,True,4,Posterior Reversible Encephalopathy Syndrome (PRES),Hypertensive Encephalopathy,False,
MCR_seq200b/334,MCR,ax_modality,role_rotated,True,True,True,4,Posterior Reversible Encephalopathy Syndrome (PRES),Hypertensive Encephalopathy,False,
MCR_seq200b/334,MCR,ax_modality,single_anchor,True,True,True,3,Posterior Reversible Encephalopathy Syndrome (PRES),Hypertensive Encephalopathy,False,
MCR_seq200b/334,MCR,ax_modality,duplicate_anchor,True,True,True,3,Posterior Reversible Encephalopathy Syndrome (PRES),Hypertensive Encephalopathy,False,
MCR_seq200b/336,MCR,ax_modality,real_views,True,True,True,4,Subacute Thyroiditis,Thyroiditis following COVID-19 vaccination,False,
MCR_seq200b/336,MCR,ax_modality,role_rotated,True,True,True,4,Subacute Thyroiditis,Thyroiditis following COVID-19 vaccination,False,
MCR_seq200b/336,MCR,ax_modality,single_anchor,True,True,True,2,Subacute Thyroiditis,Thyroiditis following COVID-19 vaccination,False,
MCR_seq200b/336,MCR,ax_modality,duplicate_anchor,True,True,False,2,Thyroiditis following COVID-19 vaccination,Subacute Thyroiditis,False,
MCR_seq200b/337,MCR,ax_syndrome,real_views,True,False,False,4,Ovarian Torsion,Endometriotic cyst rupture,False,
MCR_seq200b/337,MCR,ax_syndrome,role_rotated,True,False,False,4,Ovarian Torsion,Endometriotic cyst rupture,False,
MCR_seq200b/337,MCR,ax_syndrome,single_anchor,True,False,False,3,Ovarian Torsion,Adnexal Mass,False,
MCR_seq200b/337,MCR,ax_syndrome,duplicate_anchor,True,False,False,3,Ovarian Torsion,Adnexal Mass,False,
MCR_seq200b/339,MCR,ax_modality,real_views,True,False,False,3,Lingual thyroid,Ectopic thyroid tissue,False,
MCR_seq200b/339,MCR,ax_modality,role_rotated,True,False,False,3,Lingual thyroid,Ectopic thyroid tissue,False,
MCR_seq200b/339,MCR,ax_modality,single_anchor,True,False,False,2,Ectopic thyroid tissue,Thyroglossal duct cyst,False,
MCR_seq200b/339,MCR,ax_modality,duplicate_anchor,True,False,False,2,Ectopic thyroid tissue,Thyroglossal duct cyst,False,
MCR_seq200b/340,MCR,ax_mechanism,real_views,True,True,True,2,Retropharyngeal calcific tendinitis,Longus colli tendinitis,False,
MCR_seq200b/340,MCR,ax_mechanism,role_rotated,True,True,False,2,Longus colli tendinitis,Retropharyngeal calcific tendinitis,False,
MCR_seq200b/340,MCR,ax_mechanism,single_anchor,True,True,False,2,Longus colli tendinitis,Retropharyngeal calcific tendinitis,False,
MCR_seq200b/340,MCR,ax_mechanism,duplicate_anchor,True,True,False,2,Longus colli tendinitis,Retropharyngeal calcific tendinitis,False,
MCR_seq200b/341,MCR,ax_mechanism,real_views,True,False,False,4,Acute Inflammatory Demyelinating Polyradiculoneuropathy,Guillain-Barré Syndrome,False,
MCR_seq200b/341,MCR,ax_mechanism,role_rotated,True,False,False,4,Acute Inflammatory Demyelinating Polyradiculoneuropathy,Guillain-Barré Syndrome,False,
MCR_seq200b/341,MCR,ax_mechanism,single_anchor,True,False,False,2,Guillain-Barré Syndrome,Acute Inflammatory Demyelinating Polyradiculoneuropathy,False,
MCR_seq200b/341,MCR,ax_mechanism,duplicate_anchor,True,False,False,2,Acute Inflammatory Demyelinating Polyradiculoneuropathy,Guillain-Barré Syndrome,False,
MCR_seq200b/343,MCR,ax_mechanism,real_views,True,False,False,2,Arrhythmogenic Right Ventricular Dysplasia,Cardiac Sarcoidosis,False,
MCR_seq200b/343,MCR,ax_mechanism,role_rotated,True,False,False,2,Arrhythmogenic Right Ventricular Dysplasia,Cardiac Sarcoidosis,False,
MCR_seq200b/343,MCR,ax_mechanism,single_anchor,True,False,False,2,Arrhythmogenic Right Ventricular Dysplasia,Cardiac Sarcoidosis,False,
MCR_seq200b/343,MCR,ax_mechanism,duplicate_anchor,True,False,False,2,Arrhythmogenic Right Ventricular Dysplasia,Cardiac Sarcoidosis,False,
MCR_seq200b/344,MCR,ax_syndrome,real_views,True,True,True,5,Sarcoidosis,Lymphoma,False,
MCR_seq200b/344,MCR,ax_syndrome,role_rotated,True,True,True,5,Sarcoidosis,Lymphoma,False,
MCR_seq200b/344,MCR,ax_syndrome,single_anchor,True,True,True,3,Sarcoidosis,Lymphoma,False,
MCR_seq200b/344,MCR,ax_syndrome,duplicate_anchor,True,True,True,3,Sarcoidosis,Lymphoma,False,
MCR_seq200b/345,MCR,ax_syndrome,real_views,True,True,True,5,Hereditary hypophosphatemic rickets with hypercalciuria,Hypophosphatemic rickets,False,
MCR_seq200b/345,MCR,ax_syndrome,role_rotated,True,True,True,5,Hereditary hypophosphatemic rickets with hypercalciuria,Hypophosphatemic rickets,False,
MCR_seq200b/345,MCR,ax_syndrome,single_anchor,True,False,False,3,Hypophosphatemic rickets,X-linked hypophosphatemia,False,
MCR_seq200b/345,MCR,ax_syndrome,duplicate_anchor,True,False,False,3,Hypophosphatemic rickets,X-linked hypophosphatemia,False,
MCR_seq200b/347,MCR,ax_mechanism,real_views,True,False,False,5,Nonfunctioning Pituitary Adenoma,Pituitary Macroadenoma,False,
MCR_seq200b/347,MCR,ax_mechanism,role_rotated,True,False,False,5,Nonfunctioning Pituitary Adenoma,Pituitary Macroadenoma,False,
MCR_seq200b/347,MCR,ax_mechanism,single_anchor,True,False,False,3,Pituitary macroadenoma,,False,
MCR_seq200b/347,MCR,ax_mechanism,duplicate_anchor,True,False,False,3,Pituitary macroadenoma,Pituitary apoplexy,False,
MCR_seq200b/352,MCR,ax_modality,real_views,True,False,False,8,Metastatic squamous cell carcinoma,Angiosarcoma,False,
MCR_seq200b/352,MCR,ax_modality,role_rotated,True,False,False,8,Metastatic squamous cell carcinoma,Squamous cell carcinoma,False,
MCR_seq200b/352,MCR,ax_modality,single_anchor,True,False,False,3,Dermatofibrosarcoma protuberans,Metastatic squamous cell carcinoma,False,
MCR_seq200b/352,MCR,ax_modality,duplicate_anchor,True,False,False,3,Metastatic squamous cell carcinoma,Angiosarcoma,False,
MCR_seq200b/354,MCR,ax_mechanism,real_views,True,False,False,4,IgA nephropathy,Alport syndrome,False,
MCR_seq200b/354,MCR,ax_mechanism,role_rotated,True,False,False,4,IgA nephropathy,Alport syndrome,False,
MCR_seq200b/354,MCR,ax_mechanism,single_anchor,True,False,False,3,IgA nephropathy,Alport syndrome,False,
MCR_seq200b/354,MCR,ax_mechanism,duplicate_anchor,True,False,False,3,IgA nephropathy,Alport syndrome,False,
MCR_seq200b/356,MCR,ax_modality,real_views,True,False,False,3,Ewing's Sarcoma,Primitive Neuroectodermal Tumor (PNET),False,
MCR_seq200b/356,MCR,ax_modality,role_rotated,True,False,False,3,Ewing's Sarcoma,Primitive Neuroectodermal Tumor (PNET),False,
MCR_seq200b/356,MCR,ax_modality,single_anchor,True,False,False,2,Ewing's Sarcoma,Solitary Fibrous Tumor,False,
MCR_seq200b/356,MCR,ax_modality,duplicate_anchor,True,False,False,2,Solitary Fibrous Tumor,Ewing's Sarcoma,False,
MCR_seq200b/357,MCR,ax_syndrome,real_views,True,False,False,7,Choroidal melanoma metastasis to the orbit,Choroidal melanoma metastasis,False,
MCR_seq200b/357,MCR,ax_syndrome,role_rotated,True,False,False,7,Choroidal melanoma metastasis to the orbit,Choroidal melanoma metastasis,False,
MCR_seq200b/357,MCR,ax_syndrome,single_anchor,True,False,False,3,Scleral Melanoma Metastasis,Schwannoma,False,
MCR_seq200b/357,MCR,ax_syndrome,duplicate_anchor,True,False,False,3,Scleral Melanoma Metastasis,Cavernous Hemangioma,False,
MCR_seq200b/359,MCR,ax_mechanism,real_views,True,False,False,4,Squamous cell carcinoma,Perianal abscess,False,
MCR_seq200b/359,MCR,ax_mechanism,role_rotated,True,False,False,4,Squamous cell carcinoma,Perianal abscess,False,
MCR_seq200b/359,MCR,ax_mechanism,single_anchor,True,False,False,3,Squamous cell carcinoma,Perianal abscess,False,
MCR_seq200b/359,MCR,ax_mechanism,duplicate_anchor,True,False,False,3,Squamous cell carcinoma,Perianal abscess,False,
MCR_seq200b/362,MCR,ax_syndrome,real_views,True,False,False,6,Tuberculous osteomyelitis,Multidrug-resistant tuberculosis,False,
MCR_seq200b/362,MCR,ax_syndrome,role_rotated,True,False,False,6,Tuberculous osteomyelitis,Multidrug-resistant tuberculosis,False,
MCR_seq200b/362,MCR,ax_syndrome,single_anchor,True,False,False,3,Multidrug-resistant tuberculosis,Osteomyelitis,False,
MCR_seq200b/362,MCR,ax_syndrome,duplicate_anchor,True,False,False,3,Osteomyelitis,Multidrug-resistant tuberculosis,False,
MCR_seq200b/368,MCR,ax_syndrome,real_views,True,False,False,6,Leukemia Cutis,Cutaneous Lymphoma,False,
MCR_seq200b/368,MCR,ax_syndrome,role_rotated,True,False,False,6,Leukemia Cutis,Cutaneous Lymphoma,False,
MCR_seq200b/368,MCR,ax_syndrome,single_anchor,True,False,False,3,Leukemia Cutis,Cutaneous Lymphoma,False,
MCR_seq200b/368,MCR,ax_syndrome,duplicate_anchor,True,False,False,3,Leukemia Cutis,Cutaneous Lymphoma,False,
MCR_seq200b/372,MCR,ax_modality,real_views,True,False,False,5,Lupus miliaris disseminatus faciei,Pyoderma gangrenosum,False,
MCR_seq200b/372,MCR,ax_modality,role_rotated,True,False,False,5,Pyoderma gangrenosum,Lupus miliaris disseminatus faciei,False,
MCR_seq200b/372,MCR,ax_modality,single_anchor,True,False,False,3,Rosacea,Lupus miliaris disseminatus faciei,False,
MCR_seq200b/372,MCR,ax_modality,duplicate_anchor,True,False,False,3,Lupus miliaris disseminatus faciei,Rosacea,False,
MCR_seq200b/373,MCR,ax_syndrome,real_views,True,False,False,6,Conjunctival amyloidosis,Conjunctival lymphoma,False,
MCR_seq200b/373,MCR,ax_syndrome,role_rotated,True,False,False,6,Conjunctival amyloidosis,Conjunctival lymphoma,False,
MCR_seq200b/373,MCR,ax_syndrome,single_anchor,True,False,False,3,Conjunctival amyloidosis,Lymphoid hyperplasia,False,
MCR_seq200b/373,MCR,ax_syndrome,duplicate_anchor,True,False,False,3,Conjunctival amyloidosis,Lymphoid hyperplasia,False,
MCR_seq200b/374,MCR,ax_syndrome,real_views,True,False,False,4,Lung cancer,Sarcoidosis,False,
MCR_seq200b/374,MCR,ax_syndrome,role_rotated,True,False,False,4,Lung cancer,Sarcoidosis,False,
MCR_seq200b/374,MCR,ax_syndrome,single_anchor,True,False,False,3,Lung Cancer,Pulmonary Tuberculosis,False,
MCR_seq200b/374,MCR,ax_syndrome,duplicate_anchor,True,False,False,3,Lung Cancer,Pulmonary Tuberculosis,False,
MCR_seq200b/375,MCR,ax_mechanism,real_views,True,False,False,6,Progressive Supranuclear Palsy,Normal Pressure Hydrocephalus,False,
MCR_seq200b/375,MCR,ax_mechanism,role_rotated,True,False,False,6,Progressive Supranuclear Palsy,Frontotemporal Dementia,False,
MCR_seq200b/375,MCR,ax_mechanism,single_anchor,True,False,False,4,Progressive Supranuclear Palsy,Frontotemporal Dementia,False,
MCR_seq200b/375,MCR,ax_mechanism,duplicate_anchor,True,False,False,4,Progressive Supranuclear Palsy,Frontotemporal Dementia,False,
MCR_seq200b/377,MCR,ax_syndrome,real_views,True,False,False,3,Meningioma,Schwannoma,False,
MCR_seq200b/377,MCR,ax_syndrome,role_rotated,True,False,False,3,Meningioma,Schwannoma,False,
MCR_seq200b/377,MCR,ax_syndrome,single_anchor,True,False,False,3,Meningioma,Schwannoma,False,
MCR_seq200b/377,MCR,ax_syndrome,duplicate_anchor,True,False,False,3,Meningioma,Schwannoma,False,
MCR_seq200b/379,MCR,ax_modality,real_views,True,False,False,4,Uterine Fibroid,,False,
MCR_seq200b/379,MCR,ax_modality,role_rotated,True,False,False,4,Uterine Fibroid,Ovarian Tumor,False,
MCR_seq200b/379,MCR,ax_modality,single_anchor,True,False,False,1,Uterine Fibroid,,False,
MCR_seq200b/379,MCR,ax_modality,duplicate_anchor,True,False,False,1,Uterine Fibroid,,False,
MCR_seq200b/383,MCR,ax_syndrome,real_views,True,True,False,5,Idiopathic granulomatous lobular mastitis,Granulomatous lobular mastitis,False,
MCR_seq200b/383,MCR,ax_syndrome,role_rotated,True,True,False,5,Idiopathic granulomatous lobular mastitis,Idiopathic granulomatous mastitis,False,
MCR_seq200b/383,MCR,ax_syndrome,single_anchor,True,True,False,3,Granulomatous lobular mastitis,Idiopathic granulomatous mastitis,False,
MCR_seq200b/383,MCR,ax_syndrome,duplicate_anchor,True,True,False,3,Granulomatous lobular mastitis,Idiopathic granulomatous mastitis,False,
MCR_seq200b/385,MCR,ax_mechanism,real_views,True,False,False,6,Olaparib-induced thrombocytopenia,Thrombocytopenia,False,
MCR_seq200b/385,MCR,ax_mechanism,role_rotated,True,False,False,6,Thrombocytopenia,Olaparib-induced thrombocytopenia,False,
MCR_seq200b/385,MCR,ax_mechanism,single_anchor,True,False,False,3,Olaparib-induced thrombocytopenia,Immune thrombocytopenic purpura,False,
MCR_seq200b/385,MCR,ax_mechanism,duplicate_anchor,True,False,False,3,Olaparib-induced thrombocytopenia,Thrombocytopenia,False,
MCR_seq200b/387,MCR,ax_modality,real_views,True,True,False,5,Rhabdomyosarcoma,Langerhans cell histiocytosis,False,
MCR_seq200b/387,MCR,ax_modality,role_rotated,True,True,False,5,Rhabdomyosarcoma,Langerhans cell histiocytosis,False,
MCR_seq200b/387,MCR,ax_modality,single_anchor,True,True,False,3,Rhabdomyosarcoma,Langerhans cell histiocytosis,False,
MCR_seq200b/387,MCR,ax_modality,duplicate_anchor,True,True,False,3,Rhabdomyosarcoma,Langerhans cell histiocytosis,False,
MCR_seq200b/389,MCR,ax_syndrome,real_views,True,False,False,6,Invasive Pulmonary Aspergillosis,Chronic Pulmonary Histoplasmosis,False,
MCR_seq200b/389,MCR,ax_syndrome,role_rotated,True,False,False,6,Invasive Pulmonary Aspergillosis,Invasive aspergillosis,False,
MCR_seq200b/389,MCR,ax_syndrome,single_anchor,True,False,False,2,Invasive Pulmonary Aspergillosis,Chronic Pulmonary Histoplasmosis,False,
MCR_seq200b/389,MCR,ax_syndrome,duplicate_anchor,True,False,False,2,Invasive Pulmonary Aspergillosis,Chronic Pulmonary Histoplasmosis,False,
MCR_seq200b/390,MCR,ax_mechanism,real_views,True,False,False,4,Salivary duct carcinoma,Mucoepidermoid carcinoma,False,
MCR_seq200b/390,MCR,ax_mechanism,role_rotated,True,False,False,4,Warthin tumor,Mucoepidermoid carcinoma,False,
MCR_seq200b/390,MCR,ax_mechanism,single_anchor,True,False,False,4,Warthin tumor,Mucoepidermoid carcinoma,False,
MCR_seq200b/390,MCR,ax_mechanism,duplicate_anchor,True,False,False,4,Mucoepidermoid carcinoma,Warthin tumor,False,
MCR_seq200b/391,MCR,ax_mechanism,real_views,True,False,False,6,Middle ear cancer,Cholesteatoma,False,
MCR_seq200b/391,MCR,ax_mechanism,role_rotated,True,False,False,6,Middle ear cancer,Cholesteatoma,False,
MCR_seq200b/391,MCR,ax_mechanism,single_anchor,True,False,False,3,Cholesteatoma,Middle ear cancer,False,
MCR_seq200b/391,MCR,ax_mechanism,duplicate_anchor,True,False,False,3,Middle ear cancer,Cholesteatoma,False,
MCR_seq200b/402,MCR,ax_syndrome,real_views,True,False,False,6,Lung cancer,Lymphoma,False,
MCR_seq200b/402,MCR,ax_syndrome,role_rotated,True,False,False,6,Lung cancer,Lymphoma,False,
MCR_seq200b/402,MCR,ax_syndrome,single_anchor,True,False,False,3,Lung cancer,Malignant pleural effusion,False,
MCR_seq200b/402,MCR,ax_syndrome,duplicate_anchor,True,False,False,3,Lung cancer,Malignant pleural effusion,False,
MCR_seq200b/403,MCR,ax_mechanism,real_views,True,False,False,8,Atrial Fibrillation-Related Embolic Stroke,Acute Ischemic Stroke,False,
MCR_seq200b/403,MCR,ax_mechanism,role_rotated,True,False,False,8,Atrial Fibrillation-Related Embolic Stroke,Acute Ischemic Stroke,False,
MCR_seq200b/403,MCR,ax_mechanism,single_anchor,True,False,False,4,Atrial Fibrillation-Related Embolic Stroke,Severe Aortic Stenosis,False,
MCR_seq200b/403,MCR,ax_mechanism,duplicate_anchor,True,False,False,4,Atrial Fibrillation-Related Embolic Stroke,Severe Aortic Stenosis,False,
MCR_seq200b/406,MCR,ax_mechanism,real_views,True,True,True,4,Sturge-Weber syndrome,Ocular melanocytosis,False,
MCR_seq200b/406,MCR,ax_mechanism,role_rotated,True,True,True,4,Sturge-Weber syndrome,Ocular melanocytosis,False,
MCR_seq200b/406,MCR,ax_mechanism,single_anchor,True,True,False,3,Ocular melanosis,Sturge-Weber syndrome,False,
MCR_seq200b/406,MCR,ax_mechanism,duplicate_anchor,True,True,True,3,Sturge-Weber syndrome,Ocular melanosis,False,
MCR_seq200b/407,MCR,ax_modality,real_views,True,True,True,4,Adrenal myelolipoma,Myelolipoma,False,
MCR_seq200b/407,MCR,ax_modality,role_rotated,True,True,True,4,Adrenal myelolipoma,Myelolipoma,False,
MCR_seq200b/407,MCR,ax_modality,single_anchor,True,False,False,1,Myelolipoma,,False,
MCR_seq200b/407,MCR,ax_modality,duplicate_anchor,True,False,False,1,Myelolipoma,,False,
MCR_seq200b/409,MCR,ax_mechanism,real_views,True,False,False,7,Pancreaticopleural fistula,Pulmonary effusion due to pancreaticopleural fistula,False,
MCR_seq200b/409,MCR,ax_mechanism,role_rotated,True,False,False,7,Pancreaticopleural fistula,Pulmonary effusion due to pancreaticopleural fistula,False,
MCR_seq200b/409,MCR,ax_mechanism,single_anchor,True,False,False,4,Pancreaticopleural fistula,Pseudocyst,False,
MCR_seq200b/409,MCR,ax_mechanism,duplicate_anchor,True,False,False,4,Pancreaticopleural fistula,Pseudocyst,False,
MCR_seq200b/412,MCR,ax_mechanism,real_views,True,True,True,4,External Cervical Resorption,Asymptomatic Irreversible Pulpitis,False,
MCR_seq200b/412,MCR,ax_mechanism,role_rotated,True,True,True,4,External Cervical Resorption,Asymptomatic Irreversible Pulpitis,False,
MCR_seq200b/412,MCR,ax_mechanism,single_anchor,True,True,True,3,External Cervical Resorption,Asymptomatic Irreversible Pulpitis,False,
MCR_seq200b/412,MCR,ax_mechanism,duplicate_anchor,True,True,True,3,External Cervical Resorption,Asymptomatic Irreversible Pulpitis,False,
MCR_seq200b/413,MCR,ax_syndrome,real_views,True,False,False,3,Mucocele,Inverted Papilloma,False,
MCR_seq200b/413,MCR,ax_syndrome,role_rotated,True,False,False,3,Inverted Papilloma,Mucocele,False,
MCR_seq200b/413,MCR,ax_syndrome,single_anchor,True,False,False,3,Inverted Papilloma,Esthesioneuroblastoma,False,
MCR_seq200b/413,MCR,ax_syndrome,duplicate_anchor,True,False,False,3,Mucocele,Inverted Papilloma,False,
MCR_seq200b/414,MCR,ax_syndrome,real_views,True,False,False,3,Mitral Valve Prolapse,Costochondritis,False,
MCR_seq200b/414,MCR,ax_syndrome,role_rotated,True,False,False,3,Mitral Valve Prolapse,Costochondritis,False,
MCR_seq200b/414,MCR,ax_syndrome,single_anchor,True,False,False,3,Costochondritis,Mitral Valve Prolapse,False,
MCR_seq200b/414,MCR,ax_syndrome,duplicate_anchor,True,False,False,3,Costochondritis,Mitral Valve Prolapse,False,
MCR_seq200b/418,MCR,ax_mechanism,real_views,True,True,False,6,Cardiac sarcoidosis,Sarcoidosis,False,
MCR_seq200b/418,MCR,ax_mechanism,role_rotated,True,True,False,6,Cardiac sarcoidosis,Sarcoidosis,False,
MCR_seq200b/418,MCR,ax_mechanism,single_anchor,True,False,False,3,Cardiac sarcoidosis,Giant cell myocarditis,False,
MCR_seq200b/418,MCR,ax_mechanism,duplicate_anchor,True,False,False,3,Cardiac sarcoidosis,Giant cell myocarditis,False,
MCR_seq200b/419,MCR,ax_modality,real_views,True,False,False,6,Splenic hamartoma,Littoral Cell Angioma,False,
MCR_seq200b/419,MCR,ax_modality,role_rotated,True,False,False,6,Splenic hamartoma,Littoral Cell Angioma,False,
MCR_seq200b/419,MCR,ax_modality,single_anchor,True,False,False,4,Littoral Cell Angioma,Splenic Hamartoma,False,
MCR_seq200b/419,MCR,ax_modality,duplicate_anchor,True,False,False,4,Littoral Cell Angioma,Splenic Hamartoma,False,
MCR_seq200b/420,MCR,ax_modality,real_views,True,False,False,6,Plantar calcaneal enthesophyte,Bone spur,False,
MCR_seq200b/420,MCR,ax_modality,role_rotated,True,False,False,6,Plantar calcaneal enthesophyte,Bone spur,False,
MCR_seq200b/420,MCR,ax_modality,single_anchor,True,False,False,2,Plantar calcaneal enthesophyte,Plantar fascial fibromatosis,False,
MCR_seq200b/420,MCR,ax_modality,duplicate_anchor,True,False,False,2,Plantar calcaneal enthesophyte,Plantar fascial fibromatosis,False,
MCR_seq200b/423,MCR,ax_syndrome,real_views,True,False,False,7,Retroperitoneal sarcoma,Neurogenic tumor,False,
MCR_seq200b/423,MCR,ax_syndrome,role_rotated,True,False,False,7,Retroperitoneal sarcoma,Retroperitoneal lymphoma,False,
MCR_seq200b/423,MCR,ax_syndrome,single_anchor,True,False,False,3,Neurogenic tumor,Retroperitoneal sarcoma,False,
MCR_seq200b/423,MCR,ax_syndrome,duplicate_anchor,True,False,False,3,Neurogenic tumor,Retroperitoneal sarcoma,False,
MCR_seq200b/424,MCR,ax_mechanism,real_views,True,True,False,4,Systemic Lupus Erythematosus,Antiphospholipid Syndrome,False,
MCR_seq200b/424,MCR,ax_mechanism,role_rotated,True,True,False,4,Systemic Lupus Erythematosus,Antiphospholipid Syndrome,False,
MCR_seq200b/424,MCR,ax_mechanism,single_anchor,True,True,False,3,Systemic lupus erythematosus,Antiphospholipid syndrome,False,
MCR_seq200b/424,MCR,ax_mechanism,duplicate_anchor,True,True,False,3,Systemic lupus erythematosus,Antiphospholipid syndrome,False,
MCR_seq200b/430,MCR,ax_syndrome,real_views,True,False,False,6,Mitral Isthmus-Dependent Atrial Flutter,Scar-related atrial tachycardia,False,
MCR_seq200b/430,MCR,ax_syndrome,role_rotated,True,False,False,6,Mitral Isthmus Dependent Atrial Flutter,Scar-related atrial tachycardia,False,
MCR_seq200b/430,MCR,ax_syndrome,single_anchor,True,False,False,3,Mitral Isthmus Dependent Atrial Flutter,Epicardial Accessory Pathway,False,
MCR_seq200b/430,MCR,ax_syndrome,duplicate_anchor,True,False,False,3,Mitral Isthmus Dependent Atrial Flutter,Epicardial Accessory Pathway,False,
MCR_seq200b/435,MCR,ax_modality,real_views,True,False,False,5,Primary Central Nervous System Lymphoma,Cerebral Toxoplasmosis,False,
MCR_seq200b/435,MCR,ax_modality,role_rotated,True,False,False,5,Primary Central Nervous System Lymphoma,Metastatic Brain Tumor,False,
MCR_seq200b/435,MCR,ax_modality,single_anchor,True,False,False,3,Primary Central Nervous System Lymphoma,Metastatic brain tumor,False,
MCR_seq200b/435,MCR,ax_modality,duplicate_anchor,True,False,False,3,Primary Central Nervous System Lymphoma,Metastatic brain tumor,False,
MCR_seq200b/441,MCR,ax_syndrome,real_views,True,True,True,6,Dengue Encephalitis,Brainstem Encephalitis,False,
MCR_seq200b/441,MCR,ax_syndrome,role_rotated,True,True,True,6,Dengue Encephalitis,Brainstem Encephalitis,False,
MCR_seq200b/441,MCR,ax_syndrome,single_anchor,True,True,True,3,Dengue Encephalitis,Brainstem Encephalitis,False,
MCR_seq200b/441,MCR,ax_syndrome,duplicate_anchor,True,True,True,3,Dengue Encephalitis,Brainstem Encephalitis,False,
MCR_seq200b/442,MCR,ax_modality,real_views,True,False,False,4,steroid-induced rosacea-like dermatitis,perioral dermatitis,False,
MCR_seq200b/442,MCR,ax_modality,role_rotated,True,False,False,4,steroid-induced rosacea-like dermatitis,perioral dermatitis,False,
MCR_seq200b/442,MCR,ax_modality,single_anchor,True,False,False,3,Steroid-Induced Rosacea-like Dermatitis,Perioral Dermatitis,False,
MCR_seq200b/442,MCR,ax_modality,duplicate_anchor,True,False,False,3,Steroid-Induced Rosacea-like Dermatitis,Perioral Dermatitis,False,
MCR_seq200b/443,MCR,ax_syndrome,real_views,True,False,False,2,Malignant Lymphoma,Metastatic Lymph Node,False,
MCR_seq200b/443,MCR,ax_syndrome,role_rotated,True,False,False,2,Malignant Lymphoma,Metastatic Lymph Node,False,
MCR_seq200b/443,MCR,ax_syndrome,single_anchor,True,False,False,2,Malignant Lymphoma,Metastatic Lymph Node,False,
MCR_seq200b/443,MCR,ax_syndrome,duplicate_anchor,True,False,False,2,Malignant Lymphoma,Metastatic Lymph Node,False,
MCR_seq200b/445,MCR,ax_mechanism,real_views,True,False,False,6,Chronic invasive fungal sinusitis,Invasive fungal sinusitis,False,
MCR_seq200b/445,MCR,ax_mechanism,role_rotated,True,False,False,6,Chronic invasive fungal sinusitis,Allergic fungal sinusitis,False,
MCR_seq200b/445,MCR,ax_mechanism,single_anchor,True,False,False,4,Allergic fungal sinusitis,Invasive fungal sinusitis,False,
MCR_seq200b/445,MCR,ax_mechanism,duplicate_anchor,True,False,False,4,Allergic fungal sinusitis,Invasive fungal sinusitis,False,
MCR_seq200b/451,MCR,ax_mechanism,real_views,True,False,False,6,Recurrent pneumoperitoneum,Idiopathic pneumoperitoneum,False,
MCR_seq200b/451,MCR,ax_mechanism,role_rotated,True,False,False,6,Recurrent pneumoperitoneum,Idiopathic pneumoperitoneum,False,
MCR_seq200b/451,MCR,ax_mechanism,single_anchor,True,False,False,3,Chronic intestinal pseudo-obstruction,Familial Mediterranean fever,False,
MCR_seq200b/451,MCR,ax_mechanism,duplicate_anchor,True,False,False,3,Chronic intestinal pseudo-obstruction,Familial Mediterranean fever,False,
MCR_seq200b/452,MCR,ax_modality,real_views,True,False,False,4,Leiomyoma,Fibroma,False,
MCR_seq200b/452,MCR,ax_modality,role_rotated,True,False,False,4,Leiomyoma,Fibroma,False,
MCR_seq200b/452,MCR,ax_modality,single_anchor,True,False,False,3,Fibroma,Leiomyoma,False,
MCR_seq200b/452,MCR,ax_modality,duplicate_anchor,True,False,False,3,Fibroma,Leiomyoma,False,
MCR_seq200b/454,MCR,ax_modality,real_views,True,False,False,4,Glomus Tumor,Gastrointestinal Stromal Tumor (GIST),False,
MCR_seq200b/454,MCR,ax_modality,role_rotated,True,False,False,4,Glomus Tumor,Gastrointestinal Stromal Tumor (GIST),False,
MCR_seq200b/454,MCR,ax_modality,single_anchor,True,False,False,3,Glomus Tumor,Gastrointestinal Stromal Tumor (GIST),False,
MCR_seq200b/454,MCR,ax_modality,duplicate_anchor,True,False,False,3,Glomus Tumor,Gastrointestinal Stromal Tumor (GIST),False,
MCR_seq200b/455,MCR,ax_syndrome,real_views,True,False,False,9,Uterine leiomyoma with vaginal extension,Vaginal leiomyoma,False,
MCR_seq200b/455,MCR,ax_syndrome,role_rotated,True,False,False,9,Uterine leiomyoma with vaginal extension,Vaginal leiomyoma,False,
MCR_seq200b/455,MCR,ax_syndrome,single_anchor,True,False,False,3,Uterine Fibroids,Cervical Cancer,False,
MCR_seq200b/455,MCR,ax_syndrome,duplicate_anchor,True,False,False,3,Uterine Fibroids,Cervical Cancer,False,
MCR_seq200b/458,MCR,ax_syndrome,real_views,True,True,True,2,Lymphangioleiomyomatosis,Birt-Hogg-Dube syndrome,False,
MCR_seq200b/458,MCR,ax_syndrome,role_rotated,True,True,False,2,Birt-Hogg-Dube syndrome,Lymphangioleiomyomatosis,False,
MCR_seq200b/458,MCR,ax_syndrome,single_anchor,True,True,False,2,Birt-Hogg-Dube syndrome,Lymphangioleiomyomatosis,False,
MCR_seq200b/458,MCR,ax_syndrome,duplicate_anchor,True,True,True,2,Lymphangioleiomyomatosis,Birt-Hogg-Dube syndrome,False,
MCR_seq200b/461,MCR,ax_mechanism,real_views,True,False,False,3,Rhabdomyolysis,Sepsis,False,
MCR_seq200b/461,MCR,ax_mechanism,role_rotated,True,False,False,3,Rhabdomyolysis,Acute Kidney Injury,False,
MCR_seq200b/461,MCR,ax_mechanism,single_anchor,True,False,False,3,Rhabdomyolysis,Acute Kidney Injury,False,
MCR_seq200b/461,MCR,ax_mechanism,duplicate_anchor,True,False,False,3,Rhabdomyolysis,Acute Kidney Injury,False,
MCR_seq200b/468,MCR,ax_mechanism,real_views,True,False,False,6,Central nervous system vasculitis,Cerebral vasculitis,False,
MCR_seq200b/468,MCR,ax_mechanism,role_rotated,True,False,False,6,Central nervous system vasculitis,Cerebral angiitis,False,
MCR_seq200b/468,MCR,ax_mechanism,single_anchor,True,False,False,3,Cerebral vasculitis,Primary central nervous system vasculitis,False,
MCR_seq200b/468,MCR,ax_mechanism,duplicate_anchor,True,False,False,3,Cerebral vasculitis,Primary central nervous system vasculitis,False,
MCR_seq200b/469,MCR,ax_modality,real_views,True,False,False,8,intraocular lymphoma,Lymphoma,False,
MCR_seq200b/469,MCR,ax_modality,role_rotated,True,False,False,8,intraocular lymphoma,Lymphoma,False,
MCR_seq200b/469,MCR,ax_modality,single_anchor,True,False,False,3,intraocular lymphoma,syphilitic uveitis,False,
MCR_seq200b/469,MCR,ax_modality,duplicate_anchor,True,False,False,3,intraocular lymphoma,vogt-koyanagi-harada disease,False,
MCR_seq200b/470,MCR,ax_syndrome,real_views,True,True,False,4,Stargardt disease,Cone-rod dystrophy,False,
MCR_seq200b/470,MCR,ax_syndrome,role_rotated,True,True,True,4,Cone-rod dystrophy,Stargardt disease,False,
MCR_seq200b/470,MCR,ax_syndrome,single_anchor,True,True,False,3,Stargardt disease,Cone-rod dystrophy,False,
MCR_seq200b/470,MCR,ax_syndrome,duplicate_anchor,True,True,False,3,Stargardt disease,Cone-rod dystrophy,False,
MCR_seq200b/471,MCR,ax_mechanism,real_views,True,False,False,6,Vascular anomaly,Peptic Ulcer Disease,False,
MCR_seq200b/471,MCR,ax_mechanism,role_rotated,True,False,False,6,Vascular anomaly,Peptic Ulcer Disease,False,
MCR_seq200b/471,MCR,ax_mechanism,single_anchor,True,False,False,4,Vascular anomaly,Gastritis,False,
MCR_seq200b/471,MCR,ax_mechanism,duplicate_anchor,True,False,False,4,Vascular anomaly,Gastritis,False,
MCR_seq200b/474,MCR,ax_syndrome,real_views,True,False,False,5,Epidermoid cyst,Meningioma,False,
MCR_seq200b/474,MCR,ax_syndrome,role_rotated,True,False,False,5,Epidermoid cyst,,False,
MCR_seq200b/474,MCR,ax_syndrome,single_anchor,True,False,False,4,Epidermoid cyst,Meningioma,False,
MCR_seq200b/474,MCR,ax_syndrome,duplicate_anchor,True,False,False,4,Epidermoid cyst,Meningioma,False,
MCR_seq200b/477,MCR,ax_mechanism,real_views,True,False,False,4,Intussusception,Gastrointestinal Bleeding,False,
MCR_seq200b/477,MCR,ax_mechanism,role_rotated,True,False,False,4,Intussusception,Gastrointestinal Bleeding,False,
MCR_seq200b/477,MCR,ax_mechanism,single_anchor,True,False,False,4,Intussusception,Gastrointestinal bleeding,False,
MCR_seq200b/477,MCR,ax_mechanism,duplicate_anchor,True,False,False,4,Intussusception,Gastrointestinal bleeding,False,
MCR_seq200b/479,MCR,ax_modality,real_views,True,False,False,5,Myxoid liposarcoma,Low-grade fibromyxoid sarcoma,False,
MCR_seq200b/479,MCR,ax_modality,role_rotated,True,False,False,5,Myxoid liposarcoma,Myxofibrosarcoma,False,
MCR_seq200b/479,MCR,ax_modality,single_anchor,True,False,False,3,Myxoid liposarcoma,Low-grade fibromyxoid sarcoma,False,
MCR_seq200b/479,MCR,ax_modality,duplicate_anchor,True,False,False,3,Myxoid liposarcoma,Low-grade fibromyxoid sarcoma,False,
MCR_seq200b/480,MCR,ax_mechanism,real_views,True,False,False,7,Transient Ischemic Attack of the Vertebrobasilar System,Vertebrobasilar Insufficiency,False,
MCR_seq200b/480,MCR,ax_mechanism,role_rotated,True,False,False,7,Transient Ischemic Attack of the Vertebrobasilar System,Vertebrobasilar Insufficiency,False,
MCR_seq200b/480,MCR,ax_mechanism,single_anchor,True,False,False,3,Transient Ischemic Attack,Vertebrobasilar Insufficiency,False,
MCR_seq200b/480,MCR,ax_mechanism,duplicate_anchor,True,False,False,3,Transient Ischemic Attack,Vertebrobasilar Insufficiency,False,
MCR_v1_seq100/1,MCR,ax_syndrome,real_views,True,False,False,5,Infected hematometra,Leiomyoma with cystic degeneration,False,
MCR_v1_seq100/1,MCR,ax_syndrome,role_rotated,True,False,False,5,Infected hematometra,Leiomyoma with cystic degeneration,False,
MCR_v1_seq100/1,MCR,ax_syndrome,single_anchor,True,False,False,3,Leiomyoma with cystic degeneration,Infected hematometra,False,
MCR_v1_seq100/1,MCR,ax_syndrome,duplicate_anchor,True,False,False,3,Leiomyoma with cystic degeneration,Infected hematometra,False,
MCR_v1_seq100/104,MCR,ax_syndrome,real_views,True,True,True,2,Langerhans cell histiocytosis,Cholesteatoma,False,
MCR_v1_seq100/104,MCR,ax_syndrome,role_rotated,True,True,True,2,Langerhans cell histiocytosis,Cholesteatoma,False,
MCR_v1_seq100/104,MCR,ax_syndrome,single_anchor,True,True,True,2,Langerhans cell histiocytosis,Cholesteatoma,False,
MCR_v1_seq100/104,MCR,ax_syndrome,duplicate_anchor,True,True,True,2,Langerhans cell histiocytosis,Cholesteatoma,False,
MCR_v1_seq100/106,MCR,ax_modality,real_views,True,False,False,5,Lymphocytic hypophysitis,Pituitary adenoma,False,
MCR_v1_seq100/106,MCR,ax_modality,role_rotated,True,False,False,5,Lymphocytic hypophysitis,Pituitary adenoma,False,
MCR_v1_seq100/106,MCR,ax_modality,single_anchor,True,False,False,2,Pituitary Adenoma,Prolactinoma,False,
MCR_v1_seq100/106,MCR,ax_modality,duplicate_anchor,True,False,False,2,Pituitary Adenoma,Prolactinoma,False,
MCR_v1_seq100/11,MCR,ax_modality,real_views,True,False,False,5,Antiphospholipid syndrome,Multisystem inflammatory syndrome,False,
MCR_v1_seq100/11,MCR,ax_modality,role_rotated,True,False,False,5,Antiphospholipid syndrome,Multisystem inflammatory syndrome,False,
MCR_v1_seq100/11,MCR,ax_modality,single_anchor,True,False,False,3,Septic Shock,Multisystem Inflammatory Syndrome,False,
MCR_v1_seq100/11,MCR,ax_modality,duplicate_anchor,True,False,False,3,Antiphospholipid Syndrome,Septic Shock,False,
MCR_v1_seq100/112,MCR,ax_mechanism,real_views,True,False,False,4,Rhabdomyolysis,Acute Kidney Injury,False,
MCR_v1_seq100/112,MCR,ax_mechanism,role_rotated,True,False,False,4,Rhabdomyolysis,Acute Kidney Injury,False,
MCR_v1_seq100/112,MCR,ax_mechanism,single_anchor,True,False,False,4,Rhabdomyolysis,Acute Kidney Injury,False,
MCR_v1_seq100/112,MCR,ax_mechanism,duplicate_anchor,True,False,False,4,Rhabdomyolysis,Acute Kidney Injury,False,
MCR_v1_seq100/119,MCR,ax_modality,real_views,True,False,False,4,Serous cystadenoma,Ovarian cystadenoma,False,
MCR_v1_seq100/119,MCR,ax_modality,role_rotated,True,False,False,4,Serous cystadenoma,Ovarian cystadenoma,False,
MCR_v1_seq100/119,MCR,ax_modality,single_anchor,True,False,False,2,Serous cystadenoma,Mucinous cystadenoma,False,
MCR_v1_seq100/119,MCR,ax_modality,duplicate_anchor,True,False,False,2,Serous cystadenoma,Mucinous cystadenoma,False,
MCR_v1_seq100/121,MCR,ax_syndrome,real_views,True,False,False,2,Ectopic lymph node,Lipoma,False,
MCR_v1_seq100/121,MCR,ax_syndrome,role_rotated,True,False,False,2,Ectopic lymph node,Lipoma,False,
MCR_v1_seq100/121,MCR,ax_syndrome,single_anchor,True,False,False,2,Ectopic lymph node,Lipoma,False,
MCR_v1_seq100/121,MCR,ax_syndrome,duplicate_anchor,True,False,False,2,Lipoma,Ectopic lymph node,False,
MCR_v1_seq100/122,MCR,ax_mechanism,real_views,True,False,False,4,Malignant Peripheral Nerve Sheath Tumor (MPNST),Neurofibroma,False,
MCR_v1_seq100/122,MCR,ax_mechanism,role_rotated,True,False,False,4,Malignant Peripheral Nerve Sheath Tumor (MPNST),Neurofibroma,False,
MCR_v1_seq100/122,MCR,ax_mechanism,single_anchor,True,False,False,3,Malignant Peripheral Nerve Sheath Tumor (MPNST),Schwannoma,False,
MCR_v1_seq100/122,MCR,ax_mechanism,duplicate_anchor,True,False,False,3,Malignant Peripheral Nerve Sheath Tumor (MPNST),Neurofibroma,False,
MCR_v1_seq100/123,MCR,ax_syndrome,real_views,True,False,False,4,Langerhans Cell Histiocytosis,Ewing's Sarcoma,False,
MCR_v1_seq100/123,MCR,ax_syndrome,role_rotated,True,False,False,4,Langerhans Cell Histiocytosis,Ewing's Sarcoma,False,
MCR_v1_seq100/123,MCR,ax_syndrome,single_anchor,True,False,False,3,Chronic Recurrent Multifocal Osteomyelitis (CRMO),Osteomyelitis,False,
MCR_v1_seq100/123,MCR,ax_syndrome,duplicate_anchor,True,False,False,3,Chronic Recurrent Multifocal Osteomyelitis (CRMO),Osteomyelitis,False,
MCR_v1_seq100/124,MCR,ax_mechanism,real_views,True,False,False,5,Myositis,Polymyositis,False,
MCR_v1_seq100/124,MCR,ax_mechanism,role_rotated,True,False,False,5,Myositis,Polymyositis,False,
MCR_v1_seq100/124,MCR,ax_mechanism,single_anchor,True,False,False,4,Myositis,Rhabdomyolysis,False,
MCR_v1_seq100/124,MCR,ax_mechanism,duplicate_anchor,True,False,False,4,Myositis,Rhabdomyolysis,False,
MCR_v1_seq100/126,MCR,ax_modality,real_views,True,False,False,5,Lymphoma,Cutaneous T-cell lymphoma,False,
MCR_v1_seq100/126,MCR,ax_modality,role_rotated,True,False,False,5,Lymphoma,Cutaneous T-cell lymphoma,False,
MCR_v1_seq100/126,MCR,ax_modality,single_anchor,True,False,False,3,Lymphoma,Cutaneous T-cell lymphoma,False,
MCR_v1_seq100/126,MCR,ax_modality,duplicate_anchor,True,False,False,3,Lymphoma,Cutaneous T-cell lymphoma,False,
MCR_v1_seq100/15,MCR,ax_modality,real_views,True,False,False,8,Dermoid cyst of the tongue,Congenital lipoma,False,
MCR_v1_seq100/15,MCR,ax_modality,role_rotated,True,False,False,8,Dermoid cyst of the tongue,Congenital lipoma,False,
MCR_v1_seq100/15,MCR,ax_modality,single_anchor,True,False,False,3,Dermoid cyst,Lingual thyroid,False,
MCR_v1_seq100/15,MCR,ax_modality,duplicate_anchor,True,False,False,3,Dermoid cyst,Lingual thyroid,False,
MCR_v1_seq100/16,MCR,ax_modality,real_views,True,False,False,4,Primary Amyloidosis of the Urethra,Urethral Stenosis,False,
MCR_v1_seq100/16,MCR,ax_modality,role_rotated,True,False,False,4,Primary Amyloidosis of the Urethra,Amyloidosis,False,
MCR_v1_seq100/16,MCR,ax_modality,single_anchor,True,False,False,2,Primary Amyloidosis of the Urethra,Urethral Stenosis,False,
MCR_v1_seq100/16,MCR,ax_modality,duplicate_anchor,True,False,False,2,Primary Amyloidosis of the Urethra,Urethral Stenosis,False,
MCR_v1_seq100/18,MCR,ax_mechanism,real_views,True,False,False,6,Cardiac Lymphoma,Cardiac Metastasis,False,
MCR_v1_seq100/18,MCR,ax_mechanism,role_rotated,True,False,False,6,Cardiac Lymphoma,Cardiac Metastasis,False,
MCR_v1_seq100/18,MCR,ax_mechanism,single_anchor,True,False,False,3,Myocardial infarction,Cardiac tamponade,False,
MCR_v1_seq100/18,MCR,ax_mechanism,duplicate_anchor,True,False,False,3,Myocardial infarction,Cardiac tamponade,False,
MCR_v1_seq100/19,MCR,ax_syndrome,real_views,True,False,False,4,Sarcoma,Meningioma,False,
MCR_v1_seq100/19,MCR,ax_syndrome,role_rotated,True,False,False,4,Sarcoma,Meningioma,False,
MCR_v1_seq100/19,MCR,ax_syndrome,single_anchor,True,False,False,4,Sarcoma,Meningioma,False,
MCR_v1_seq100/19,MCR,ax_syndrome,duplicate_anchor,True,False,False,4,Sarcoma,Meningioma,False,
MCR_v1_seq100/20,MCR,ax_syndrome,real_views,True,False,False,4,Systemic Lupus Erythematosus,Lupus Nephritis,False,
MCR_v1_seq100/20,MCR,ax_syndrome,role_rotated,True,False,False,4,Systemic Lupus Erythematosus,Lupus Nephritis,False,
MCR_v1_seq100/20,MCR,ax_syndrome,single_anchor,True,False,False,3,Systemic Lupus Erythematosus,Lupus Nephritis,False,
MCR_v1_seq100/20,MCR,ax_syndrome,duplicate_anchor,True,False,False,3,Systemic Lupus Erythematosus,Lupus Nephritis,False,
MCR_v1_seq100/22,MCR,ax_syndrome,real_views,True,True,True,5,Adenomatoid tumor,epididymal sperm granuloma,False,
MCR_v1_seq100/22,MCR,ax_syndrome,role_rotated,True,True,True,5,Adenomatoid tumor,epididymal sperm granuloma,False,
MCR_v1_seq100/22,MCR,ax_syndrome,single_anchor,True,True,True,3,Adenomatoid tumor,Epididymal cyst,False,
MCR_v1_seq100/22,MCR,ax_syndrome,duplicate_anchor,True,True,True,3,Adenomatoid tumor,Epididymal cyst,False,
MCR_v1_seq100/27,MCR,ax_mechanism,real_views,True,False,False,9,lymphangioma,Klippel-Trenaunay-Weber syndrome,False,
MCR_v1_seq100/27,MCR,ax_mechanism,role_rotated,True,False,False,9,Klippel-Trenaunay-Weber syndrome,Ovarian Neoplasm,False,
MCR_v1_seq100/27,MCR,ax_mechanism,single_anchor,True,False,False,4,Ovarian Neoplasm,Uterine Fibroids,False,
MCR_v1_seq100/27,MCR,ax_mechanism,duplicate_anchor,True,False,False,4,Ovarian Neoplasm,Uterine Fibroids,False,
MCR_v1_seq100/28,MCR,ax_syndrome,real_views,True,True,False,5,Drug-induced Stevens-Johnson syndrome,Drug-induced Stevens-Johnson syndrome/toxic epidermal necrolysis,False,
MCR_v1_seq100/28,MCR,ax_syndrome,role_rotated,True,True,False,5,Drug-induced Stevens-Johnson syndrome,Drug-induced Stevens-Johnson syndrome/toxic epidermal necrolysis,False,
MCR_v1_seq100/28,MCR,ax_syndrome,single_anchor,True,True,False,3,Drug-induced Stevens-Johnson syndrome,Toxic epidermal necrolysis,False,
MCR_v1_seq100/28,MCR,ax_syndrome,duplicate_anchor,True,True,False,3,Drug-induced Stevens-Johnson syndrome,Toxic epidermal necrolysis,False,
MCR_v1_seq100/29,MCR,ax_modality,real_views,True,False,False,5,Creutzfeldt-Jakob disease,Frontotemporal dementia,False,
MCR_v1_seq100/29,MCR,ax_modality,role_rotated,True,False,False,5,Creutzfeldt-Jakob disease,Frontotemporal dementia,False,
MCR_v1_seq100/29,MCR,ax_modality,single_anchor,True,False,False,3,Frontotemporal dementia,Primary progressive aphasia,False,
MCR_v1_seq100/29,MCR,ax_modality,duplicate_anchor,True,False,False,3,Frontotemporal dementia,Primary progressive aphasia,False,
MCR_v1_seq100/30,MCR,ax_modality,real_views,True,False,False,5,Peutz-Jeghers Syndrome,Juvenile Polyposis Syndrome,False,
MCR_v1_seq100/30,MCR,ax_modality,role_rotated,True,False,False,5,Peutz-Jeghers Syndrome,Juvenile Polyposis Syndrome,False,
MCR_v1_seq100/30,MCR,ax_modality,single_anchor,True,False,False,4,Peutz-Jeghers Syndrome,Juvenile Polyposis Syndrome,False,
MCR_v1_seq100/30,MCR,ax_modality,duplicate_anchor,True,False,False,4,Peutz-Jeghers Syndrome,Juvenile Polyposis Syndrome,False,
MCR_v1_seq100/40,MCR,ax_mechanism,real_views,True,False,False,4,Hepatocellular carcinoma with extrahepatic metastasis,Soft tissue sarcoma,False,
MCR_v1_seq100/40,MCR,ax_mechanism,role_rotated,True,False,False,4,Hepatocellular carcinoma with extrahepatic metastasis,Hepatocellular carcinoma metastasis,False,
MCR_v1_seq100/40,MCR,ax_mechanism,single_anchor,True,False,False,2,Hepatocellular carcinoma metastasis,Soft tissue sarcoma,False,
MCR_v1_seq100/40,MCR,ax_mechanism,duplicate_anchor,True,False,False,2,Hepatocellular carcinoma metastasis,Soft tissue sarcoma,False,
MCR_v1_seq100/43,MCR,ax_modality,real_views,True,False,False,5,Tuberculosis,Pott's disease,False,
MCR_v1_seq100/43,MCR,ax_modality,role_rotated,True,False,False,5,Tuberculosis,Pott's disease,False,
MCR_v1_seq100/43,MCR,ax_modality,single_anchor,True,False,False,3,Tuberculosis,Pott's disease,False,
MCR_v1_seq100/43,MCR,ax_modality,duplicate_anchor,True,False,False,3,Tuberculosis,Pott's disease,False,
MCR_v1_seq100/44,MCR,ax_syndrome,real_views,True,False,False,5,Pacemaker pocket infection,Device-related infection,False,
MCR_v1_seq100/44,MCR,ax_syndrome,role_rotated,True,False,False,5,Pacemaker pocket infection,Device-related infection,False,
MCR_v1_seq100/44,MCR,ax_syndrome,single_anchor,True,False,False,3,Pacemaker pocket infection,Device-related infection,False,
MCR_v1_seq100/44,MCR,ax_syndrome,duplicate_anchor,True,False,False,3,Pacemaker pocket infection,Device-related infection,False,
MCR_v1_seq100/45,MCR,ax_modality,real_views,True,False,False,4,Necrobiotic xanthogranuloma,Sarcoidosis,False,
MCR_v1_seq100/45,MCR,ax_modality,role_rotated,True,False,False,4,Necrobiotic xanthogranuloma,Foreign body granuloma,False,
MCR_v1_seq100/45,MCR,ax_modality,single_anchor,True,False,False,3,Necrobiotic xanthogranuloma,Sarcoidosis,False,
MCR_v1_seq100/45,MCR,ax_modality,duplicate_anchor,True,False,False,3,Necrobiotic xanthogranuloma,Idiopathic orbital inflammatory disease,False,
MCR_v1_seq100/5,MCR,ax_modality,real_views,True,False,False,6,Primary Central Nervous System Lymphoma,Glioblastoma,False,
MCR_v1_seq100/5,MCR,ax_modality,role_rotated,True,False,False,6,Primary Central Nervous System Lymphoma,Glioblastoma,False,
MCR_v1_seq100/5,MCR,ax_modality,single_anchor,True,False,False,4,Glioblastoma,Primary Central Nervous System Lymphoma,False,
MCR_v1_seq100/5,MCR,ax_modality,duplicate_anchor,True,False,False,4,Primary Central Nervous System Lymphoma,Glioblastoma,False,
MCR_v1_seq100/50,MCR,ax_mechanism,real_views,True,False,False,3,Clear Cell Sarcoma,Malignant Peripheral Nerve Sheath Tumor (MPNST),False,
MCR_v1_seq100/50,MCR,ax_mechanism,role_rotated,True,False,False,3,Clear Cell Sarcoma,Malignant Peripheral Nerve Sheath Tumor (MPNST),False,
MCR_v1_seq100/50,MCR,ax_mechanism,single_anchor,True,False,False,2,Malignant peripheral nerve sheath tumor (MPNST),Gastrointestinal stromal tumor (GIST),False,
MCR_v1_seq100/50,MCR,ax_mechanism,duplicate_anchor,True,False,False,2,Malignant peripheral nerve sheath tumor (MPNST),Gastrointestinal stromal tumor (GIST),False,
MCR_v1_seq100/52,MCR,ax_mechanism,real_views,True,True,True,8,Livedoid vasculopathy,Antiphospholipid Syndrome,False,
MCR_v1_seq100/52,MCR,ax_mechanism,role_rotated,True,True,True,8,Livedoid vasculopathy,Antiphospholipid Syndrome,False,
MCR_v1_seq100/52,MCR,ax_mechanism,single_anchor,True,False,False,3,Thrombophilia,Immune-mediated vasculitis,False,
MCR_v1_seq100/52,MCR,ax_mechanism,duplicate_anchor,True,False,False,3,Thrombophilia,Immune-mediated vasculitis,False,
MCR_v1_seq100/53,MCR,ax_mechanism,real_views,True,False,False,4,Cardiac Myxoma,Papillary Fibroelastoma,False,
MCR_v1_seq100/53,MCR,ax_mechanism,role_rotated,True,False,False,4,Cardiac Myxoma,Papillary Fibroelastoma,False,
MCR_v1_seq100/53,MCR,ax_mechanism,single_anchor,True,False,False,3,Cardiac Myxoma,Papillary Fibroelastoma,False,
MCR_v1_seq100/53,MCR,ax_mechanism,duplicate_anchor,True,False,False,3,Cardiac Myxoma,Papillary Fibroelastoma,False,
MCR_v1_seq100/56,MCR,ax_modality,real_views,True,False,False,6,Sarcomatoid squamous cell carcinoma,Spindle cell carcinoma,False,
MCR_v1_seq100/56,MCR,ax_modality,role_rotated,True,False,False,6,Sarcomatoid squamous cell carcinoma,Spindle cell carcinoma,False,
MCR_v1_seq100/56,MCR,ax_modality,single_anchor,True,False,False,2,Sarcomatoid Carcinoma,Malignant Fibrous Histiocytoma,False,
MCR_v1_seq100/56,MCR,ax_modality,duplicate_anchor,True,False,False,2,Malignant Fibrous Histiocytoma,Sarcomatoid Carcinoma,False,
MCR_v1_seq100/58,MCR,ax_syndrome,real_views,True,False,False,5,Testicular cancer,Testicular tumor,False,
MCR_v1_seq100/58,MCR,ax_syndrome,role_rotated,True,False,False,5,Testicular cancer,Testicular tumor,False,
MCR_v1_seq100/58,MCR,ax_syndrome,single_anchor,True,False,False,4,Testicular tumor,Testicular cancer,False,
MCR_v1_seq100/58,MCR,ax_syndrome,duplicate_anchor,True,False,False,4,Testicular cancer,Testicular tumor,False,
MCR_v1_seq100/6,MCR,ax_modality,real_views,True,False,False,6,Thaumetopoea pityocampa keratitis,Fungal keratitis,False,
MCR_v1_seq100/6,MCR,ax_modality,role_rotated,True,False,False,6,Fungal keratitis,Thaumetopoea pityocampa keratitis,False,
MCR_v1_seq100/6,MCR,ax_modality,single_anchor,True,False,False,3,Fungal keratitis,Acanthamoeba keratitis,False,
MCR_v1_seq100/6,MCR,ax_modality,duplicate_anchor,True,False,False,3,Fungal keratitis,Acanthamoeba keratitis,False,
MCR_v1_seq100/60,MCR,ax_syndrome,real_views,True,True,False,9,Iliopsoas tendinopathy,Iliopsoas syndrome,False,
MCR_v1_seq100/60,MCR,ax_syndrome,role_rotated,True,True,False,9,Iliopsoas tendinopathy,Insertional tendinopathy,False,
MCR_v1_seq100/60,MCR,ax_syndrome,single_anchor,True,False,False,4,Iliopsoas syndrome,Insertional tendinopathy,False,
MCR_v1_seq100/60,MCR,ax_syndrome,duplicate_anchor,True,False,False,4,Iliopsoas syndrome,Insertional tendinopathy,False,
MCR_v1_seq100/64,MCR,ax_syndrome,real_views,True,False,False,6,Colorectal Cancer,Lymphoma,False,
MCR_v1_seq100/64,MCR,ax_syndrome,role_rotated,True,False,False,6,Colorectal Cancer,Lymphoma,False,
MCR_v1_seq100/64,MCR,ax_syndrome,single_anchor,True,False,False,3,Colorectal Cancer,Lymphoma,False,
MCR_v1_seq100/64,MCR,ax_syndrome,duplicate_anchor,True,False,False,3,Colorectal Cancer,Lymphoma,False,
MCR_v1_seq100/65,MCR,ax_mechanism,real_views,True,False,False,4,Refractory cytopenia with multilineage dysplasia,Myelodysplastic syndrome,False,
MCR_v1_seq100/65,MCR,ax_mechanism,role_rotated,True,False,False,4,Refractory cytopenia with multilineage dysplasia,Myelodysplastic syndrome,False,
MCR_v1_seq100/65,MCR,ax_mechanism,single_anchor,True,False,False,3,Refractory cytopenia with multilineage dysplasia,Myelodysplastic syndrome,False,
MCR_v1_seq100/65,MCR,ax_mechanism,duplicate_anchor,True,False,False,3,Refractory cytopenia with multilineage dysplasia,Myelodysplastic syndrome,False,
MCR_v1_seq100/67,MCR,ax_modality,real_views,True,False,False,4,Congenital unilateral lower lip palsy,Isolated congenital facial paresis,False,
MCR_v1_seq100/67,MCR,ax_modality,role_rotated,True,False,False,4,Congenital unilateral lower lip palsy,Isolated congenital facial paresis,False,
MCR_v1_seq100/67,MCR,ax_modality,single_anchor,True,False,False,1,Congenital unilateral lower lip palsy,,False,
MCR_v1_seq100/67,MCR,ax_modality,duplicate_anchor,True,False,False,1,Congenital unilateral lower lip palsy,,False,
MCR_v1_seq100/68,MCR,ax_modality,real_views,True,False,False,5,Lipomatosis of nerve,Macrodactyly,False,
MCR_v1_seq100/68,MCR,ax_modality,role_rotated,True,False,False,5,Macrodactyly,Lipomatosis of nerve,False,
MCR_v1_seq100/68,MCR,ax_modality,single_anchor,True,False,False,2,Macrodactyly,Lipomatous process,False,
MCR_v1_seq100/68,MCR,ax_modality,duplicate_anchor,True,False,False,2,Macrodactyly,Lipomatous process,False,
MCR_v1_seq100/69,MCR,ax_modality,real_views,True,True,True,6,Gastric Lipoma,Lipoma,False,
MCR_v1_seq100/69,MCR,ax_modality,role_rotated,True,True,True,6,Gastric Lipoma,Lipoma,False,
MCR_v1_seq100/69,MCR,ax_modality,single_anchor,True,False,False,2,Lipoma,Gastrointestinal Stromal Tumor (GIST),False,
MCR_v1_seq100/69,MCR,ax_modality,duplicate_anchor,True,False,False,2,Lipoma,Gastrointestinal Stromal Tumor (GIST),False,
MCR_v1_seq100/72,MCR,ax_modality,real_views,True,False,False,8,Lymphoma,Multiple myeloma,False,
MCR_v1_seq100/72,MCR,ax_modality,role_rotated,True,False,False,8,Lymphoma,Sarcoidosis,False,
MCR_v1_seq100/72,MCR,ax_modality,single_anchor,True,False,False,4,Metastatic Ovarian Cancer,Serous Ovarian Cancer,False,
MCR_v1_seq100/72,MCR,ax_modality,duplicate_anchor,True,False,False,4,Metastatic Ovarian Cancer,Serous Ovarian Cancer,False,
MCR_v1_seq100/73,MCR,ax_mechanism,real_views,True,False,False,5,Cerebellar metastasis,Hemangioblastoma,False,
MCR_v1_seq100/73,MCR,ax_mechanism,role_rotated,True,False,False,5,Cerebellar metastasis,Hemangioblastoma,False,
MCR_v1_seq100/73,MCR,ax_mechanism,single_anchor,True,False,False,3,Metastatic prostate cancer,Hemangioblastoma,False,
MCR_v1_seq100/73,MCR,ax_mechanism,duplicate_anchor,True,False,False,3,Metastatic prostate cancer,Hemangioblastoma,False,
MCR_v1_seq100/74,MCR,ax_modality,real_views,True,True,True,3,Catecholaminergic Polymorphic Ventricular Tachycardia,Long QT Syndrome,False,
MCR_v1_seq100/74,MCR,ax_modality,role_rotated,True,True,True,3,Catecholaminergic Polymorphic Ventricular Tachycardia,Long QT Syndrome,False,
MCR_v1_seq100/74,MCR,ax_modality,single_anchor,True,True,True,3,Catecholaminergic Polymorphic Ventricular Tachycardia,Long QT Syndrome,False,
MCR_v1_seq100/74,MCR,ax_modality,duplicate_anchor,True,True,True,3,Catecholaminergic Polymorphic Ventricular Tachycardia,Long QT Syndrome,False,
MCR_v1_seq100/81,MCR,ax_modality,real_views,True,False,False,5,Sarcoidosis,Juvenile Dermatomyositis,False,
MCR_v1_seq100/81,MCR,ax_modality,role_rotated,True,False,False,5,Thyroiditis-related myopathy,Juvenile Dermatomyositis,False,
MCR_v1_seq100/81,MCR,ax_modality,single_anchor,True,False,False,4,Sarcoidosis,Thyroiditis-related myopathy,False,
MCR_v1_seq100/81,MCR,ax_modality,duplicate_anchor,True,False,False,4,Juvenile Idiopathic Arthritis,Juvenile Dermatomyositis,False,
MCR_v1_seq100/84,MCR,ax_mechanism,real_views,True,False,False,3,Medullary breast cancer,Triple-negative breast cancer,False,
MCR_v1_seq100/84,MCR,ax_mechanism,role_rotated,True,False,False,3,Medullary breast cancer,Triple-negative breast cancer,False,
MCR_v1_seq100/84,MCR,ax_mechanism,single_anchor,True,False,False,3,Medullary breast cancer,Triple-negative breast cancer,False,
MCR_v1_seq100/84,MCR,ax_mechanism,duplicate_anchor,True,False,False,3,Medullary breast cancer,Triple-negative breast cancer,False,
MCR_v1_seq100/85,MCR,ax_syndrome,real_views,True,False,False,5,Appendiceal Plastron,Acute Appendicitis,False,
MCR_v1_seq100/85,MCR,ax_syndrome,role_rotated,True,False,False,5,Intussusception,Acute Appendicitis,False,
MCR_v1_seq100/85,MCR,ax_syndrome,single_anchor,True,False,False,2,Acute Appendicitis,Appendiceal Plastron,False,
MCR_v1_seq100/85,MCR,ax_syndrome,duplicate_anchor,True,False,False,2,Appendiceal Plastron,Acute Appendicitis,False,
MCR_v1_seq100/86,MCR,ax_syndrome,real_views,True,False,False,3,Restless Legs Syndrome,Akathisia,False,
MCR_v1_seq100/86,MCR,ax_syndrome,role_rotated,True,False,False,3,Restless Legs Syndrome,Akathisia,False,
MCR_v1_seq100/86,MCR,ax_syndrome,single_anchor,True,False,False,2,Restless Legs Syndrome,Akathisia,False,
MCR_v1_seq100/86,MCR,ax_syndrome,duplicate_anchor,True,False,False,2,Restless Legs Syndrome,Akathisia,False,
MCR_v1_seq100/87,MCR,ax_modality,real_views,True,False,False,4,mucinous cystadenocarcinoma,liver sarcoma,False,
MCR_v1_seq100/87,MCR,ax_modality,role_rotated,True,False,False,4,mucinous cystadenocarcinoma,Hepatic sarcoma,False,
MCR_v1_seq100/87,MCR,ax_modality,single_anchor,True,False,False,3,mucinous cystadenocarcinoma,liver sarcoma,False,
MCR_v1_seq100/87,MCR,ax_modality,duplicate_anchor,True,False,False,3,mucinous cystadenocarcinoma,liver sarcoma,False,
MCR_v1_seq100/91,MCR,ax_syndrome,real_views,True,False,False,3,Solitary Fibrous Tumor/Hemangiopericytoma,Hemangiopericytoma,False,
MCR_v1_seq100/91,MCR,ax_syndrome,role_rotated,True,False,False,3,Solitary Fibrous Tumor/Hemangiopericytoma,Hemangiopericytoma,False,
MCR_v1_seq100/91,MCR,ax_syndrome,single_anchor,True,False,False,2,Hemangiopericytoma,Cavernous Angioma,False,
MCR_v1_seq100/91,MCR,ax_syndrome,duplicate_anchor,True,False,False,2,Hemangiopericytoma,Cavernous Angioma,False,
MCR_v1_seq100/93,MCR,ax_modality,real_views,True,False,False,6,Infective endocarditis,Prosthetic valve thrombosis,False,
MCR_v1_seq100/93,MCR,ax_modality,role_rotated,True,False,False,6,Infective endocarditis,Prosthetic valve thrombosis,False,
MCR_v1_seq100/93,MCR,ax_modality,single_anchor,True,False,False,4,Prosthetic Valve Thrombosis,Infective Endocarditis,False,
MCR_v1_seq100/93,MCR,ax_modality,duplicate_anchor,True,False,False,4,Prosthetic Valve Thrombosis,Infective Endocarditis,False,
MCR_v1_seq100/94,MCR,ax_modality,real_views,True,False,False,1,Branchial cleft cyst,,False,
MCR_v1_seq100/94,MCR,ax_modality,role_rotated,True,False,False,1,Branchial cleft cyst,,False,
MCR_v1_seq100/94,MCR,ax_modality,single_anchor,True,False,False,1,Branchial cleft cyst,,False,
MCR_v1_seq100/94,MCR,ax_modality,duplicate_anchor,True,False,False,1,Branchial cleft cyst,,False,
MCR_v1_seq100/96,MCR,ax_syndrome,real_views,True,False,False,5,Mastoid osteoma,Osteoma,False,
MCR_v1_seq100/96,MCR,ax_syndrome,role_rotated,True,False,False,5,Mastoid osteoma,Osteoma,False,
MCR_v1_seq100/96,MCR,ax_syndrome,single_anchor,True,False,False,3,Osteoma,Calvarial Hemangioma,False,
MCR_v1_seq100/96,MCR,ax_syndrome,duplicate_anchor,True,False,False,3,Osteoma,Calvarial Hemangioma,False,
MCR_v1_seq100/97,MCR,ax_mechanism,real_views,True,False,False,1,Fibroadenoma,,False,
MCR_v1_seq100/97,MCR,ax_mechanism,role_rotated,True,False,False,1,Fibroadenoma,,False,
MCR_v1_seq100/97,MCR,ax_mechanism,single_anchor,True,False,False,1,Fibroadenoma,,False,
MCR_v1_seq100/97,MCR,ax_mechanism,duplicate_anchor,True,False,False,1,Fibroadenoma,,False,
MCR_v2_seq100/129,MCR,ax_mechanism,real_views,True,False,False,7,Infected non-parasitic liver cyst,Infected non-parasitic cyst,False,
MCR_v2_seq100/129,MCR,ax_mechanism,role_rotated,True,False,False,7,Infected non-parasitic liver cyst,Infected non-parasitic cyst,False,
MCR_v2_seq100/129,MCR,ax_mechanism,single_anchor,True,False,False,3,Infected non-parasitic cyst,Pyogenic liver abscess,False,
MCR_v2_seq100/129,MCR,ax_mechanism,duplicate_anchor,True,False,False,3,Infected non-parasitic cyst,Pyogenic liver abscess,False,
MCR_v2_seq100/130,MCR,ax_mechanism,real_views,True,False,False,5,Infiltrative ductal carcinoma,Fibroadenoma,False,
MCR_v2_seq100/130,MCR,ax_mechanism,role_rotated,True,False,False,5,Infiltrative ductal carcinoma,Fibroadenoma,False,
MCR_v2_seq100/130,MCR,ax_mechanism,single_anchor,True,False,False,4,Infiltrative ductal carcinoma,Fibroadenoma,False,
MCR_v2_seq100/130,MCR,ax_mechanism,duplicate_anchor,True,False,False,4,Infiltrative ductal carcinoma,Fibroadenoma,False,
MCR_v2_seq100/133,MCR,ax_mechanism,real_views,True,False,False,2,Prostatic Stromal Sarcoma,Prostatic Stromal Tumor of Uncertain Malignant Potential,False,
MCR_v2_seq100/133,MCR,ax_mechanism,role_rotated,True,False,False,2,Prostatic Stromal Sarcoma,Prostatic Stromal Tumor of Uncertain Malignant Potential,False,
MCR_v2_seq100/133,MCR,ax_mechanism,single_anchor,True,False,False,2,Prostatic stromal sarcoma,Prostatic stromal tumor of uncertain malignant potential,False,
MCR_v2_seq100/133,MCR,ax_mechanism,duplicate_anchor,True,False,False,2,Prostatic stromal sarcoma,Prostatic stromal tumor of uncertain malignant potential,False,
MCR_v2_seq100/139,MCR,ax_modality,real_views,True,False,False,5,Autoimmune Pancreatitis,IgG4-related disease,False,
MCR_v2_seq100/139,MCR,ax_modality,role_rotated,True,False,False,5,Autoimmune Pancreatitis,IgG4-related disease,False,
MCR_v2_seq100/139,MCR,ax_modality,single_anchor,True,False,False,2,Autoimmune Pancreatitis,Chronic Pancreatitis,False,
MCR_v2_seq100/139,MCR,ax_modality,duplicate_anchor,True,False,False,2,Autoimmune Pancreatitis,Chronic Pancreatitis,False,
MCR_v2_seq100/144,MCR,ax_modality,real_views,True,True,True,5,Systemic Lupus Erythematosus,Pericarditis,False,
MCR_v2_seq100/144,MCR,ax_modality,role_rotated,True,True,True,5,Systemic Lupus Erythematosus,Pericarditis,False,
MCR_v2_seq100/144,MCR,ax_modality,single_anchor,True,True,True,3,Systemic Lupus Erythematosus (SLE),Pericarditis,False,
MCR_v2_seq100/144,MCR,ax_modality,duplicate_anchor,True,True,True,3,Systemic Lupus Erythematosus (SLE),Pericarditis,False,
MCR_v2_seq100/146,MCR,ax_modality,real_views,True,False,False,5,Crohn's disease,Intestinal tuberculosis,False,
MCR_v2_seq100/146,MCR,ax_modality,role_rotated,True,False,False,5,Crohn's disease,Intestinal tuberculosis,False,
MCR_v2_seq100/146,MCR,ax_modality,single_anchor,True,False,False,4,Intestinal tuberculosis,Crohn's disease,False,
MCR_v2_seq100/146,MCR,ax_modality,duplicate_anchor,True,False,False,4,Crohn's disease,Intestinal tuberculosis,False,
MCR_v2_seq100/147,MCR,ax_syndrome,real_views,True,False,False,5,Synovial Chondromatosis,Ganglion cyst,False,
MCR_v2_seq100/147,MCR,ax_syndrome,role_rotated,True,False,False,5,Ganglion cyst,Synovial Chondromatosis,False,
MCR_v2_seq100/147,MCR,ax_syndrome,single_anchor,True,False,False,3,Synovial chondromatosis,Ganglion cyst,False,
MCR_v2_seq100/147,MCR,ax_syndrome,duplicate_anchor,True,False,False,3,Synovial chondromatosis,Ganglion cyst,False,
MCR_v2_seq100/150,MCR,ax_modality,real_views,True,False,False,2,Periapical granuloma,Periapical abscess,False,
MCR_v2_seq100/150,MCR,ax_modality,role_rotated,True,False,False,2,Periapical granuloma,Periapical abscess,False,
MCR_v2_seq100/150,MCR,ax_modality,single_anchor,True,False,False,2,Periapical granuloma,Periapical abscess,False,
MCR_v2_seq100/150,MCR,ax_modality,duplicate_anchor,True,False,False,2,Periapical granuloma,Periapical abscess,False,
MCR_v2_seq100/151,MCR,ax_syndrome,real_views,True,False,False,4,Pneumocystis jirovecii pneumonia,Toxoplasmosis,False,
MCR_v2_seq100/151,MCR,ax_syndrome,role_rotated,True,False,False,4,Pneumocystis jirovecii pneumonia,Cytomegalovirus infection,False,
MCR_v2_seq100/151,MCR,ax_syndrome,single_anchor,True,False,False,3,Pneumocystis jirovecii pneumonia,,False,
MCR_v2_seq100/151,MCR,ax_syndrome,duplicate_anchor,True,False,False,3,Pneumocystis jirovecii pneumonia,,False,
MCR_v2_seq100/152,MCR,ax_syndrome,real_views,True,True,True,3,Squamous cell carcinoma,Keratoacanthoma,False,
MCR_v2_seq100/152,MCR,ax_syndrome,role_rotated,True,True,True,3,Squamous cell carcinoma,Keratoacanthoma,False,
MCR_v2_seq100/152,MCR,ax_syndrome,single_anchor,True,True,True,3,Squamous cell carcinoma,Keratoacanthoma,False,
MCR_v2_seq100/152,MCR,ax_syndrome,duplicate_anchor,True,True,True,3,Squamous cell carcinoma,Keratoacanthoma,False,
MCR_v2_seq100/153,MCR,ax_syndrome,real_views,True,False,False,5,Myocarditis,Reverse Takotsubo Cardiomyopathy,False,
MCR_v2_seq100/153,MCR,ax_syndrome,role_rotated,True,False,False,5,Myocarditis,Reverse Takotsubo Cardiomyopathy,False,
MCR_v2_seq100/153,MCR,ax_syndrome,single_anchor,True,False,False,2,Myocarditis,Takotsubo cardiomyopathy,False,
MCR_v2_seq100/153,MCR,ax_syndrome,duplicate_anchor,True,False,False,2,Myocarditis,Takotsubo cardiomyopathy,False,
MCR_v2_seq100/156,MCR,ax_mechanism,real_views,True,True,True,3,Angiomyolipoma,Renal Cell Carcinoma,False,
MCR_v2_seq100/156,MCR,ax_mechanism,role_rotated,True,True,True,3,Angiomyolipoma,Renal Cell Carcinoma,False,
MCR_v2_seq100/156,MCR,ax_mechanism,single_anchor,True,True,True,3,Angiomyolipoma,Renal cell carcinoma,False,
MCR_v2_seq100/156,MCR,ax_mechanism,duplicate_anchor,True,True,True,3,Angiomyolipoma,Renal cell carcinoma,False,
MCR_v2_seq100/161,MCR,ax_syndrome,real_views,True,False,False,5,Squamous Cell Carcinoma,Malignant melanoma,False,
MCR_v2_seq100/161,MCR,ax_syndrome,role_rotated,True,False,False,5,Squamous Cell Carcinoma,Malignant melanoma,False,
MCR_v2_seq100/161,MCR,ax_syndrome,single_anchor,True,False,False,3,Merkel Cell Carcinoma,Squamous Cell Carcinoma,False,
MCR_v2_seq100/161,MCR,ax_syndrome,duplicate_anchor,True,False,False,3,Merkel Cell Carcinoma,Squamous Cell Carcinoma,False,
MCR_v2_seq100/162,MCR,ax_mechanism,real_views,True,False,False,5,Paravaccinia virus infection,Orf virus infection,False,
MCR_v2_seq100/162,MCR,ax_mechanism,role_rotated,True,False,False,5,Paravaccinia virus infection,Orf virus infection,False,
MCR_v2_seq100/162,MCR,ax_mechanism,single_anchor,True,False,False,3,Paravaccinia virus infection,Orf virus infection,False,
MCR_v2_seq100/162,MCR,ax_mechanism,duplicate_anchor,True,False,False,3,Paravaccinia virus infection,Orf virus infection,False,
MCR_v2_seq100/163,MCR,ax_mechanism,real_views,True,False,False,6,Ectopic Pregnancy,Ruptured corpus luteum cyst,False,
MCR_v2_seq100/163,MCR,ax_mechanism,role_rotated,True,False,False,6,Ectopic Pregnancy,Ruptured corpus luteum cyst,False,
MCR_v2_seq100/163,MCR,ax_mechanism,single_anchor,True,False,False,4,Ectopic pregnancy,Ruptured corpus luteum cyst,False,
MCR_v2_seq100/163,MCR,ax_mechanism,duplicate_anchor,True,False,False,4,Ectopic pregnancy,Ruptured corpus luteum cyst,False,
MCR_v2_seq100/165,MCR,ax_modality,real_views,True,False,False,2,Gastrointestinal Stromal Tumor (GIST),Neurofibromatosis type 1 (NF1),False,
MCR_v2_seq100/165,MCR,ax_modality,role_rotated,True,False,False,2,Gastrointestinal Stromal Tumor (GIST),Neurofibromatosis type 1 (NF1),False,
MCR_v2_seq100/165,MCR,ax_modality,single_anchor,True,False,False,1,Gastrointestinal Stromal Tumor (GIST),,False,
MCR_v2_seq100/165,MCR,ax_modality,duplicate_anchor,True,False,False,1,Gastrointestinal Stromal Tumor (GIST),,False,
MCR_v2_seq100/166,MCR,ax_mechanism,real_views,True,True,True,3,Contrast-induced encephalopathy,Hypoxic-ischemic encephalopathy,False,
MCR_v2_seq100/166,MCR,ax_mechanism,role_rotated,True,True,True,3,Contrast-induced encephalopathy,Hypoxic-ischemic encephalopathy,False,
MCR_v2_seq100/166,MCR,ax_mechanism,single_anchor,True,True,True,2,Contrast-induced encephalopathy,Hypoxic-ischemic encephalopathy,False,
MCR_v2_seq100/166,MCR,ax_mechanism,duplicate_anchor,True,True,True,2,Contrast-induced encephalopathy,Hypoxic-ischemic encephalopathy,False,
MCR_v2_seq100/167,MCR,ax_modality,real_views,True,False,False,4,Ewing's Sarcoma,Osteosarcoma,False,
MCR_v2_seq100/167,MCR,ax_modality,role_rotated,True,False,False,4,Ewing's Sarcoma,Osteosarcoma,False,
MCR_v2_seq100/167,MCR,ax_modality,single_anchor,True,False,False,2,Osteosarcoma,Ewing's Sarcoma,False,
MCR_v2_seq100/167,MCR,ax_modality,duplicate_anchor,True,False,False,2,Ewing's Sarcoma,Osteosarcoma,False,
MCR_v2_seq100/169,MCR,ax_mechanism,real_views,True,True,True,5,Rheumatoid Arthritis,Post-COVID-19 Reactive Arthritis,False,
MCR_v2_seq100/169,MCR,ax_mechanism,role_rotated,True,True,True,5,Rheumatoid Arthritis,Undifferentiated Connective Tissue Disease,False,
MCR_v2_seq100/169,MCR,ax_mechanism,single_anchor,True,True,True,3,Rheumatoid Arthritis,Post-COVID-19 Reactive Arthritis,False,
MCR_v2_seq100/169,MCR,ax_mechanism,duplicate_anchor,True,True,True,3,Rheumatoid Arthritis,Systemic Lupus Erythematosus,False,
MCR_v2_seq100/170,MCR,ax_modality,real_views,True,False,False,9,Non-Hodgkin lymphoma,Hodgkin lymphoma,False,
MCR_v2_seq100/170,MCR,ax_modality,role_rotated,True,False,False,9,Hodgkin lymphoma,Non-Hodgkin lymphoma,False,
MCR_v2_seq100/170,MCR,ax_modality,single_anchor,True,False,False,4,Lymphoma with secondary pericardial involvement,Hodgkin lymphoma,False,
MCR_v2_seq100/170,MCR,ax_modality,duplicate_anchor,True,False,False,4,Lymphoma with secondary pericardial involvement,Non-Hodgkin lymphoma,False,
MCR_v2_seq100/172,MCR,ax_mechanism,real_views,True,True,True,5,Mucormycosis,Entomophthorales infection,False,
MCR_v2_seq100/172,MCR,ax_mechanism,role_rotated,True,True,True,5,Mucormycosis,Entomophthorales infection,False,
MCR_v2_seq100/172,MCR,ax_mechanism,single_anchor,True,True,True,4,Mucormycosis,Aspergillosis,False,
MCR_v2_seq100/172,MCR,ax_mechanism,duplicate_anchor,True,True,True,4,Mucormycosis,Aspergillosis,False,
MCR_v2_seq100/173,MCR,ax_mechanism,real_views,True,True,True,4,Chronic subdural hematoma,Subdural hematoma,False,
MCR_v2_seq100/173,MCR,ax_mechanism,role_rotated,True,True,True,4,Chronic subdural hematoma,Subdural hematoma,False,
MCR_v2_seq100/173,MCR,ax_mechanism,single_anchor,True,True,True,3,Chronic subdural hematoma,Subdural hematoma,False,
MCR_v2_seq100/173,MCR,ax_mechanism,duplicate_anchor,True,True,True,3,Chronic subdural hematoma,Subdural hematoma,False,
MCR_v2_seq100/174,MCR,ax_mechanism,real_views,True,True,True,3,Autoimmune gastritis,Atrophic gastritis,False,
MCR_v2_seq100/174,MCR,ax_mechanism,role_rotated,True,True,True,3,Autoimmune gastritis,Atrophic gastritis,False,
MCR_v2_seq100/174,MCR,ax_mechanism,single_anchor,True,True,True,2,Autoimmune gastritis,Atrophic gastritis,False,
MCR_v2_seq100/174,MCR,ax_mechanism,duplicate_anchor,True,True,True,2,Autoimmune gastritis,Atrophic gastritis,False,
MCR_v2_seq100/178,MCR,ax_mechanism,real_views,True,True,True,4,Malingering,Factitious disorder,False,
MCR_v2_seq100/178,MCR,ax_mechanism,role_rotated,True,True,True,4,Malingering,Factitious disorder,False,
MCR_v2_seq100/178,MCR,ax_mechanism,single_anchor,True,True,True,4,Malingering,Factitious disorder,False,
MCR_v2_seq100/178,MCR,ax_mechanism,duplicate_anchor,True,True,True,4,Malingering,Factitious disorder,False,
MCR_v2_seq100/179,MCR,ax_mechanism,real_views,True,False,False,4,Pulmonary Atresia with Ventricular Septal Defect,Tetralogy of Fallot with pulmonary atresia,False,
MCR_v2_seq100/179,MCR,ax_mechanism,role_rotated,True,False,False,4,Tetralogy of Fallot with pulmonary atresia,Pulmonary Atresia with Ventricular Septal Defect,False,
MCR_v2_seq100/179,MCR,ax_mechanism,single_anchor,True,False,False,3,Immune Thrombocytopenia,,False,
MCR_v2_seq100/179,MCR,ax_mechanism,duplicate_anchor,True,False,False,3,Thrombocytopenia,Immune Thrombocytopenia,False,
MCR_v2_seq100/184,MCR,ax_modality,real_views,True,False,False,4,duvelisib-induced psoriasiform drug reaction,duvelisib-induced psoriasiform eruption,False,
MCR_v2_seq100/184,MCR,ax_modality,role_rotated,True,False,False,4,duvelisib-induced psoriasiform drug reaction,duvelisib-induced psoriasiform eruption,False,
MCR_v2_seq100/184,MCR,ax_modality,single_anchor,True,False,False,1,psoriasiform drug reaction,,False,
MCR_v2_seq100/184,MCR,ax_modality,duplicate_anchor,True,False,False,1,psoriasiform drug reaction,,False,
MCR_v2_seq100/186,MCR,ax_modality,real_views,True,False,False,7,Spondylodiscitis,Osteomyelitis,False,
MCR_v2_seq100/186,MCR,ax_modality,role_rotated,True,False,False,7,Spondylodiscitis,Osteomyelitis,False,
MCR_v2_seq100/186,MCR,ax_modality,single_anchor,True,False,False,4,Spondylodiscitis,Enterobacter cloacae infection,False,
MCR_v2_seq100/186,MCR,ax_modality,duplicate_anchor,True,False,False,4,Spondylodiscitis,Enterobacter cloacae infection,False,
MCR_v2_seq100/187,MCR,ax_modality,real_views,True,False,False,1,Ganglion cyst,,False,
MCR_v2_seq100/187,MCR,ax_modality,role_rotated,True,False,False,1,Ganglion cyst,,False,
MCR_v2_seq100/187,MCR,ax_modality,single_anchor,True,False,False,1,Ganglion cyst,,False,
MCR_v2_seq100/187,MCR,ax_modality,duplicate_anchor,True,False,False,1,Ganglion cyst,,False,
MCR_v2_seq100/189,MCR,ax_modality,real_views,True,True,True,3,Cherubism,Central Giant Cell Granuloma,False,
MCR_v2_seq100/189,MCR,ax_modality,role_rotated,True,True,True,3,Cherubism,Central Giant Cell Granuloma,False,
MCR_v2_seq100/189,MCR,ax_modality,single_anchor,True,True,True,1,Cherubism,,False,
MCR_v2_seq100/189,MCR,ax_modality,duplicate_anchor,True,True,True,1,Cherubism,,False,
MCR_v2_seq100/190,MCR,ax_mechanism,real_views,True,False,False,5,Primary adenocarcinoma of the bladder,Secondary adenocarcinoma of the bladder,False,
MCR_v2_seq100/190,MCR,ax_mechanism,role_rotated,True,False,False,5,Signet Ring Cell Adenocarcinoma,Primary adenocarcinoma of the bladder,False,
MCR_v2_seq100/190,MCR,ax_mechanism,single_anchor,True,False,False,2,Urinary bladder adenocarcinoma,Secondary adenocarcinoma,False,
MCR_v2_seq100/190,MCR,ax_mechanism,duplicate_anchor,True,False,False,2,Urinary bladder adenocarcinoma,Secondary adenocarcinoma,False,
MCR_v2_seq100/196,MCR,ax_mechanism,real_views,True,False,False,7,Primary spinal lymphoma,Primary spinal tumor,False,
MCR_v2_seq100/196,MCR,ax_mechanism,role_rotated,True,False,False,7,Primary spinal lymphoma,Primary spinal tumor,False,
MCR_v2_seq100/196,MCR,ax_mechanism,single_anchor,True,False,False,3,Primary spinal lymphoma,Metastatic spinal tumor,False,
MCR_v2_seq100/196,MCR,ax_mechanism,duplicate_anchor,True,False,False,3,Primary spinal lymphoma,Metastatic spinal tumor,False,
MCR_v2_seq100/200,MCR,ax_syndrome,real_views,True,False,False,3,Canal of Nuck hernia,Lipoma,False,
MCR_v2_seq100/200,MCR,ax_syndrome,role_rotated,True,False,False,3,Canal of Nuck hernia,Lipoma,False,
MCR_v2_seq100/200,MCR,ax_syndrome,single_anchor,True,False,False,3,Canal of Nuck hernia,Lipoma,False,
MCR_v2_seq100/200,MCR,ax_syndrome,duplicate_anchor,True,False,False,3,Lipoma,Canal of Nuck hernia,False,
MCR_v2_seq100/202,MCR,ax_modality,real_views,True,False,False,5,Torus palatinus,,False,
MCR_v2_seq100/202,MCR,ax_modality,role_rotated,True,False,False,5,Torus palatinus,,False,
MCR_v2_seq100/202,MCR,ax_modality,single_anchor,True,False,False,2,Giant Cell Lesion,Palatal Torus,False,
MCR_v2_seq100/202,MCR,ax_modality,duplicate_anchor,True,False,False,2,Giant Cell Lesion,Palatal Torus,False,
MCR_v2_seq100/203,MCR,ax_syndrome,real_views,True,False,False,2,Vulvar cancer,Bartholin's abscess,False,
MCR_v2_seq100/203,MCR,ax_syndrome,role_rotated,True,False,False,2,Vulvar cancer,Bartholin's abscess,False,
MCR_v2_seq100/203,MCR,ax_syndrome,single_anchor,True,False,False,2,Vulvar cancer,Bartholin's abscess,False,
MCR_v2_seq100/203,MCR,ax_syndrome,duplicate_anchor,True,False,False,2,Vulvar cancer,Bartholin's abscess,False,
MCR_v2_seq100/204,MCR,ax_mechanism,real_views,True,False,False,4,Tubo-ovarian abscess,Ovarian cyst infection,False,
MCR_v2_seq100/204,MCR,ax_mechanism,role_rotated,True,False,False,4,Tubo-ovarian abscess,Ovarian cyst infection,False,
MCR_v2_seq100/204,MCR,ax_mechanism,single_anchor,True,False,False,2,Ovarian cyst infection,Tubo-ovarian abscess,False,
MCR_v2_seq100/204,MCR,ax_mechanism,duplicate_anchor,True,False,False,2,Tubo-ovarian abscess,Ovarian cyst infection,False,
MCR_v2_seq100/205,MCR,ax_syndrome,real_views,True,True,True,4,Cysticercosis,Neurofibromatosis type 1,False,
MCR_v2_seq100/205,MCR,ax_syndrome,role_rotated,True,True,True,4,Cysticercosis,Neurofibromatosis type 1,False,
MCR_v2_seq100/205,MCR,ax_syndrome,single_anchor,True,True,True,3,Cysticercosis,Neurofibromatosis type 1,False,
MCR_v2_seq100/205,MCR,ax_syndrome,duplicate_anchor,True,True,True,3,Cysticercosis,Neurofibromatosis type 1,False,
MCR_v2_seq100/206,MCR,ax_mechanism,real_views,True,False,False,5,Breast cancer,Invasive Ductal Carcinoma,False,
MCR_v2_seq100/206,MCR,ax_mechanism,role_rotated,True,False,False,5,Breast cancer,Invasive Ductal Carcinoma,False,
MCR_v2_seq100/206,MCR,ax_mechanism,single_anchor,True,False,False,3,Breast cancer,Phyllodes tumor,False,
MCR_v2_seq100/206,MCR,ax_mechanism,duplicate_anchor,True,False,False,3,Breast cancer,Phyllodes tumor,False,
MCR_v2_seq100/207,MCR,ax_syndrome,real_views,True,False,False,4,Diabetic Lumbosacral Radiculoplexus Neuropathy,Diabetic Amyotrophy,False,
MCR_v2_seq100/207,MCR,ax_syndrome,role_rotated,True,False,False,4,Diabetic Lumbosacral Radiculoplexus Neuropathy,Diabetic Amyotrophy,False,
MCR_v2_seq100/207,MCR,ax_syndrome,single_anchor,True,False,False,3,Chronic Inflammatory Demyelinating Polyneuropathy (CIDP),Lumbosacral Plexopathy,False,
MCR_v2_seq100/207,MCR,ax_syndrome,duplicate_anchor,True,False,False,3,Chronic Inflammatory Demyelinating Polyneuropathy (CIDP),Diabetic Amyotrophy,False,
MCR_v2_seq100/208,MCR,ax_mechanism,real_views,True,True,True,6,Takotsubo syndrome,Myocardial infarction,False,
MCR_v2_seq100/208,MCR,ax_mechanism,role_rotated,True,True,True,6,Takotsubo syndrome,Myocardial infarction,False,
MCR_v2_seq100/208,MCR,ax_mechanism,single_anchor,True,True,True,4,Takotsubo syndrome,Myocardial infarction,False,
MCR_v2_seq100/208,MCR,ax_mechanism,duplicate_anchor,True,True,True,4,Takotsubo syndrome,Myocardial infarction,False,
MCR_v2_seq100/210,MCR,ax_modality,real_views,True,False,False,3,odontogenic keratocyst,unicystic ameloblastoma,False,
MCR_v2_seq100/210,MCR,ax_modality,role_rotated,True,False,False,3,odontogenic keratocyst,unicystic ameloblastoma,False,
MCR_v2_seq100/210,MCR,ax_modality,single_anchor,True,False,False,3,odontogenic keratocyst,unicystic ameloblastoma,False,
MCR_v2_seq100/210,MCR,ax_modality,duplicate_anchor,True,False,False,3,odontogenic keratocyst,unicystic ameloblastoma,False,
MCR_v2_seq100/211,MCR,ax_syndrome,real_views,True,False,False,6,Ewing's Sarcoma,Undifferentiated Uterine Sarcoma,False,
MCR_v2_seq100/211,MCR,ax_syndrome,role_rotated,True,False,False,6,Ewing's Sarcoma,Undifferentiated Uterine Sarcoma,False,
MCR_v2_seq100/211,MCR,ax_syndrome,single_anchor,True,False,False,4,Ewing's Sarcoma,Uterine Sarcoma,False,
MCR_v2_seq100/211,MCR,ax_syndrome,duplicate_anchor,True,False,False,4,Ewing's Sarcoma,Uterine Sarcoma,False,
MCR_v2_seq100/214,MCR,ax_syndrome,real_views,True,False,False,4,Erythema Multiforme,Annular Erythema,False,
MCR_v2_seq100/214,MCR,ax_syndrome,role_rotated,True,False,False,4,Annular Erythema,Erythema Multiforme,False,
MCR_v2_seq100/214,MCR,ax_syndrome,single_anchor,True,False,False,3,Annular Erythema,Erythema Multiforme,False,
MCR_v2_seq100/214,MCR,ax_syndrome,duplicate_anchor,True,False,False,3,Annular Erythema,Erythema Multiforme,False,
MCR_v2_seq100/217,MCR,ax_mechanism,real_views,True,False,False,7,Hemicrania Continua,Trigeminal Autonomic Cephalalgia,False,
MCR_v2_seq100/217,MCR,ax_mechanism,role_rotated,True,False,False,7,Hemicrania Continua,Cluster Headache,False,
MCR_v2_seq100/217,MCR,ax_mechanism,single_anchor,True,False,False,4,Chronic Migraine,Medication Overuse Headache,False,
MCR_v2_seq100/217,MCR,ax_mechanism,duplicate_anchor,True,False,False,4,Chronic Migraine,Medication Overuse Headache,False,
MCR_v2_seq100/220,MCR,ax_mechanism,real_views,True,True,True,4,Kawasaki disease,Multisystem inflammatory syndrome in children (MIS-C),False,
MCR_v2_seq100/220,MCR,ax_mechanism,role_rotated,True,True,True,4,Kawasaki disease,Multisystem inflammatory syndrome in children (MIS-C),False,
MCR_v2_seq100/220,MCR,ax_mechanism,single_anchor,True,True,True,4,Kawasaki disease,Multisystem inflammatory syndrome in children (MIS-C),False,
MCR_v2_seq100/220,MCR,ax_mechanism,duplicate_anchor,True,True,True,4,Kawasaki disease,Multisystem inflammatory syndrome in children (MIS-C),False,
MCR_v2_seq100/221,MCR,ax_syndrome,real_views,True,False,False,7,Ewing's Sarcoma,Lymphoma,False,
MCR_v2_seq100/221,MCR,ax_syndrome,role_rotated,True,False,False,7,Ewing's Sarcoma,Lymphoma,False,
MCR_v2_seq100/221,MCR,ax_syndrome,single_anchor,True,False,False,3,Ewing's Sarcoma,Lymphoma,False,
MCR_v2_seq100/221,MCR,ax_syndrome,duplicate_anchor,True,False,False,3,Ewing's Sarcoma,Lymphoma,False,
MCR_v2_seq100/222,MCR,ax_modality,real_views,True,False,False,6,Invasive Breast Carcinoma,Breast Cancer,False,
MCR_v2_seq100/222,MCR,ax_modality,role_rotated,True,False,False,6,Invasive Breast Carcinoma,,False,
MCR_v2_seq100/222,MCR,ax_modality,single_anchor,True,False,False,2,Invasive Breast Carcinoma,Triple-Negative Breast Cancer,False,
MCR_v2_seq100/222,MCR,ax_modality,duplicate_anchor,True,False,False,2,Invasive Breast Carcinoma,Triple-Negative Breast Cancer,False,
MCR_v2_seq100/223,MCR,ax_syndrome,real_views,True,False,False,6,Acute Respiratory Distress Syndrome (ARDS),Disseminated intravascular coagulation,False,
MCR_v2_seq100/223,MCR,ax_syndrome,role_rotated,True,False,False,6,Acute Respiratory Distress Syndrome (ARDS),Disseminated intravascular coagulation,False,
MCR_v2_seq100/223,MCR,ax_syndrome,single_anchor,True,False,False,3,Acute Respiratory Distress Syndrome (ARDS),Sepsis,False,
MCR_v2_seq100/223,MCR,ax_syndrome,duplicate_anchor,True,False,False,3,Acute Respiratory Distress Syndrome (ARDS),Sepsis,False,
MCR_v2_seq100/230,MCR,ax_syndrome,real_views,True,False,False,6,Soft Tissue Infection,Invasive Fungal Infection,False,
MCR_v2_seq100/230,MCR,ax_syndrome,role_rotated,True,False,False,6,Soft Tissue Infection,Invasive Fungal Infection,False,
MCR_v2_seq100/230,MCR,ax_syndrome,single_anchor,True,False,False,4,Soft Tissue Infection,Herpes Zoster,False,
MCR_v2_seq100/230,MCR,ax_syndrome,duplicate_anchor,True,False,False,4,Soft Tissue Infection,Herpes Zoster,False,
MCR_v2_seq100/232,MCR,ax_syndrome,real_views,True,False,False,5,Pityriasis rosea,Porphyria cutanea tarda,False,
MCR_v2_seq100/232,MCR,ax_syndrome,role_rotated,True,False,False,5,Pityriasis rosea,Porphyria cutanea tarda,False,
MCR_v2_seq100/232,MCR,ax_syndrome,single_anchor,True,False,False,2,Pityriasis rosea,Primary biliary cirrhosis,False,
MCR_v2_seq100/232,MCR,ax_syndrome,duplicate_anchor,True,False,False,2,Pityriasis rosea,Primary biliary cirrhosis,False,
MCR_v2_seq100/241,MCR,ax_mechanism,real_views,True,False,False,4,Mucinous Adenocarcinoma,Perianal Fistula,False,
MCR_v2_seq100/241,MCR,ax_mechanism,role_rotated,True,False,False,4,Mucinous Adenocarcinoma,Perianal Fistula,False,
MCR_v2_seq100/241,MCR,ax_mechanism,single_anchor,True,False,False,3,Mucinous adenocarcinoma,Perianal fistula,False,
MCR_v2_seq100/241,MCR,ax_mechanism,duplicate_anchor,True,False,False,3,Mucinous adenocarcinoma,Perianal fistula,False,
MCR_v2_seq100/242,MCR,ax_syndrome,real_views,True,False,False,5,Fetal Stroke,Fetal ventriculomegaly,False,
MCR_v2_seq100/242,MCR,ax_syndrome,role_rotated,True,False,False,5,Fetal Stroke,Congenital CNS infection,False,
MCR_v2_seq100/242,MCR,ax_syndrome,single_anchor,True,False,False,3,Fetal stroke,Fetal ventriculomegaly,False,
MCR_v2_seq100/242,MCR,ax_syndrome,duplicate_anchor,True,False,False,3,Fetal ventriculomegaly,Congenital CNS infection,False,
MCR_v2_seq100/244,MCR,ax_syndrome,real_views,True,False,False,5,Cerebral dysgenesis,Hydrocephalus,False,
MCR_v2_seq100/244,MCR,ax_syndrome,role_rotated,True,False,False,5,Cerebral dysgenesis,Leber congenital amaurosis,False,
MCR_v2_seq100/244,MCR,ax_syndrome,single_anchor,True,False,False,2,Fetal akinesia deformation sequence,Leber congenital amaurosis,False,
MCR_v2_seq100/244,MCR,ax_syndrome,duplicate_anchor,True,False,False,2,Fetal akinesia deformation sequence,Leber congenital amaurosis,False,
MCR_v2_seq100/247,MCR,ax_syndrome,real_views,True,False,False,5,Brain metastasis,Leptomeningeal metastasis,False,
MCR_v2_seq100/247,MCR,ax_syndrome,role_rotated,True,False,False,5,Brain metastasis,Leptomeningeal metastasis,False,
MCR_v2_seq100/247,MCR,ax_syndrome,single_anchor,True,False,False,2,Brain metastasis,Leptomeningeal metastasis,False,
MCR_v2_seq100/247,MCR,ax_syndrome,duplicate_anchor,True,False,False,2,Brain metastasis,Leptomeningeal metastasis,False,
