dataset,slice,case_id,gold,layer,layer_aphhm,e7_correct,v0_correct,B06_correct,B07_correct,B01_correct,APHHM_correct,e7_s2_n,e7_s3_n,e7_champion,e7_s2_rank_gold,e7_s2_gold_n,e7_s2_near_n,e7_s2_other_n,e7_s2_gold,e7_s2_near,e7_s3_gold_n,e7_s3_near_n,e7_s3_other_n,e7_s3_gold,e7_s3_near,e7_champ_cluster,e7_champ_gold_jaccard,e7_rejected_gold,e7_rejected_near,e7_gold_in_s3_champ_near,e7_gold_in_s3_champ_other,v0_s3_gold,v0_champ_cluster,B06_disc_gold,B06_disc_near,B06_disc_gold_n,B06_sup_gold,B06_sup_near,B06_sup_gold_n,B06_sup_labels,B07_draft_gold,B07_draft_near,B07_diag_gold,B07_diag_near,B07_diag_labels,B01_top2_gold,B01_top2_near,APHHM_tree_gold,APHHM_tree_near,APHHM_final_gold,APHHM_final_near,APHHM_tree_n,APHHM_final_n,APHHM_final_labels,aligned_same_cluster_rank_flip,aligned_true_entrance_gap,baseline_hits_gold_cluster
mcr,mcr_v1,1,schwannoma,,,0,0,0,0,0,0,50,5,Infected hematometra,,0,0,50,0,0,0,0,5,0,0,other,0.0,0,0,0,0,0,other,0,0,0,0,0,0,"[""Uterine Fibroid with Infected Hematometra"", ""Leiomyosarcoma""]",0,0,0,0,"[""Infected Hematometra"", ""Uterine Fibroid with Cystic Degeneration""]",0,0,0,0,0,0,23,3,"[""Infected Hematometra"", ""endometrial cancer"", ""uterine leiomyosarcoma""]",0,0,0
mcr,mcr_v1,2,5-oxoprolinemia,,aphhm_lose,1,1,1,0,0,0,48,5,Pyroglutamic acidemia,21,1,0,47,1,0,0,0,5,0,0,other,0.0,0,0,0,0,0,other,0,0,0,0,0,0,"[""Pyroglutamic acidemia"", ""Lactic acidosis""]",0,0,0,0,"[""Metabolic Acidosis due to Vancomycin-Induced D-Lactic Acidosis"", ""Metabolic Acidosis due to Other Causes of High Anion Gap (e.g., Methanol or Ethylene Glycol Toxicity)""]",0,0,0,0,0,0,18,2,"[""Lactic acidosis"", ""Metabolic Acidosis""]",0,0,0
mcr,mcr_v1,3,Eosinophilic granulomatosis with polyangiitis,all_miss_but_recalled,,0,0,0,0,0,0,47,5,Peroneal nerve palsy,24,1,1,45,1,1,0,0,5,0,0,other,0.0,0,0,0,0,0,other,0,0,0,0,0,0,"[""peroneal neuropathy"", ""lumbar radiculopathy""]",0,0,0,0,"[""Peroneal Neuropathy"", ""Lumbar Disc Herniation with Peripheral Nerve Involvement""]",0,0,1,0,0,0,63,4,"[""Peroneal Neuropathy"", ""Cauda Equina Syndrome"", ""Chronic Inflammatory Demyelinating Polyneuropathy""]",0,0,0
mcr,mcr_v1,4,IgG4-related hypophysitis,,,1,1,1,1,1,1,51,5,IgG4-related hypophysitis,1,1,4,46,1,1,1,2,2,1,1,gold,1.0,0,1,0,0,1,gold,1,1,3,1,1,1,"[""IgG4-related hypophysitis"", ""Lymphocytic hypophysitis""]",1,1,1,1,"[""IgG4-related hypophysitis"", ""Lymphocytic hypophysitis""]",1,1,1,1,1,0,26,1,"[""IgG4-related hypophysitis""]",0,0,1
mcr,mcr_v1,5,cryptococcoma,,,0,0,0,0,0,0,51,5,Creutzfeldt-Jakob disease,,0,0,51,0,0,0,0,5,0,0,other,0.0,0,0,0,0,0,other,0,0,0,0,0,0,"[""Glioblastoma"", ""Primary central nervous system lymphoma""]",0,0,0,0,"[""Glioblastoma"", ""Tumefactive Demyelination""]",0,0,0,0,0,0,26,4,"[""Glioblastoma Multiforme"", ""Acute Disseminated Encephalomyelitis"", ""Multiple Sclerosis""]",0,0,0
mcr,mcr_v1,6,Exophiala xenobiotica keratitis,,,0,0,0,0,0,0,56,5,Fungal keratitis,,0,13,43,0,1,0,5,0,0,1,near,0.25,0,1,0,0,0,near,0,1,0,0,1,0,"[""Fungal keratitis"", ""Acanthamoeba keratitis""]",0,1,0,1,"[""Infectious Keratitis"", ""Immunologic Rejection of the Corneal Graft""]",0,1,1,1,0,1,43,1,"[""Acanthamoeba keratitis""]",0,0,0
mcr,mcr_v1,7,Wunderlich syndrome,,,0,0,0,0,0,0,46,5,Posterior urethral valves,,0,9,37,0,1,0,1,4,0,1,other,0.0,0,1,0,0,0,other,0,1,0,0,1,0,"[""Posterior Urethral Valves"", ""Prune Belly Syndrome""]",0,0,0,0,"[""Posterior Urethral Valves (PUV)"", ""Ureteropelvic Junction Obstruction (UPJO)""]",0,1,0,1,0,0,20,3,"[""Posterior Urethral Valves"", ""Ureteropelvic Junction Obstruction"", ""Multicystic Dysplastic Kidney""]",0,0,0
mcr,mcr_v1,8,Liver metastasis from colon cancer,,,1,1,1,0,1,1,48,5,Colorectal cancer metastasis,,0,21,27,0,1,0,1,4,0,1,near,0.333,0,0,0,0,0,near,0,1,0,0,1,0,"[""Metastatic colorectal cancer to the liver"", ""Hepatocellular carcinoma with portal vein tumor thrombus""]",1,0,1,0,"[""Liver Metastasis"", ""Hepatocellular Carcinoma""]",0,1,1,1,0,1,23,1,"[""metastatic colorectal cancer""]",0,0,1
mcr,mcr_v1,11,Multisystem inflammatory syndrome in children,base_win_recall,aphhm_lose,0,0,0,1,1,0,65,5,Streptococcal toxic shock syndrome,,0,9,56,0,1,0,2,3,0,1,near,0.143,0,1,0,0,0,other,1,1,3,1,1,1,"[""Antiphospholipid syndrome"", ""Multisystem inflammatory syndrome""]",1,1,1,1,"[""Multisystem Inflammatory Syndrome"", ""Antiphospholipid Syndrome (APS)""]",1,0,1,1,1,1,16,4,"[""Antiphospholipid syndrome"", ""Systemic Lupus Erythematosus"", ""Multisystem Inflammatory Syndrome in Children""]",0,1,1
mcr,mcr_v1,12,Tumor-induced osteomalacia,,,1,0,1,1,1,1,48,5,Tumor-induced osteomalacia,9,2,2,44,1,1,2,0,3,1,0,gold,1.0,1,0,0,0,1,other,1,0,6,1,0,1,"[""Tumor-induced osteomalacia"", ""Fibrous dysplasia""]",1,0,1,0,"[""Tumor-induced osteomalacia"", ""X-linked hypophosphatemia""]",1,0,1,1,1,1,27,3,"[""Phosphaturic mesenchymal tumor"", ""Tumor-induced osteomalacia"", ""X-linked hypophosphatemia""]",0,0,1
mcr,mcr_v1,13,Compound odontoma,,,1,1,1,1,0,1,42,5,Compound odontoma,1,1,2,39,1,1,1,1,3,1,1,gold,1.0,0,1,0,0,1,gold,1,1,6,1,0,1,"[""Odontoma"", ""Dens in dente""]",1,0,1,0,"[""Odontoma"", ""Dens in dente""]",1,0,1,1,1,0,22,2,"[""Odontoma"", ""Adenomatoid Odontogenic Tumor""]",0,0,1
mcr,mcr_v1,15,leiomyomatous hamartoma,,,0,0,0,0,0,0,41,5,Lingual Thyroglossal Duct Cyst,,0,1,40,0,1,0,0,5,0,0,other,0.0,0,0,0,0,1,other,1,0,3,0,0,0,"[""Dermoid Cyst"", ""Lingual Thyroid""]",0,0,0,0,"[""Congenital Granular Cell Tumor"", ""Benign Fatty Tumor (Lipoma)""]",0,0,1,0,0,0,26,2,"[""Lipoma"", ""Dermoid Cyst""]",0,0,0
mcr,mcr_v1,16,LocalizedUrethralAmyloidosis,,,1,0,0,1,0,1,50,5,Localized amyloidosis of the urethra,,0,0,50,0,0,0,0,5,0,0,other,0.0,0,0,0,0,1,other,1,0,3,1,0,1,"[""Urethral stricture"", ""Amyloidosis""]",0,0,0,0,"[""Primary Amyloidosis of the Urethra"", ""Urethral Stricture""]",0,0,1,0,0,0,21,2,"[""Primary localized amyloidosis"", ""Urethral Stricture""]",0,0,1
mcr,mcr_v1,17,immune-related pneumonitis,,,1,1,1,0,1,1,55,5,Immune checkpoint inhibitor-induced pneumonitis,,0,3,52,0,1,0,2,3,0,1,near,0.333,0,1,0,0,0,near,0,1,0,0,1,0,"[""ICI-induced pneumonitis"", ""Hypersensitivity pneumonitis""]",0,1,0,1,"[""Steroid-refractory ICI-induced pneumonitis"", ""Infection or other inflammatory condition""]",0,1,0,1,0,1,55,4,"[""ipilimumab-induced pneumonitis"", ""Hypersensitivity Pneumonitis"", ""cryptogenic organizing pneumonia""]",0,0,0
mcr,mcr_v1,18,Schwannoma,,,0,0,0,0,0,0,51,5,Cardiac tamponade,,0,0,51,0,0,0,0,5,0,0,other,0.0,0,0,0,0,0,other,0,0,0,0,0,0,"[""Cardiac Tamponade"", ""Acute Coronary Syndrome""]",0,0,0,0,"[""Cardiac Tumor (possibly a cystic mass above the left atrium)"", ""Myocardial Infarction (MI) with possible cardiogenic shock""]",0,0,0,0,0,0,64,5,"[""Lymphoma"", ""pericardial effusion"", ""acute coronary syndrome""]",0,0,0
mcr,mcr_v1,19,Leiomyosarcoma,all_miss_but_recalled,aphhm_win,0,0,0,0,0,1,44,5,Sarcomatoid meningioma,11,1,0,43,1,0,1,0,4,1,0,other,0.0,1,0,0,1,1,other,1,0,3,1,0,1,"[""Sarcoma"", ""Hemangiopericytoma""]",0,0,0,0,"[""Solitary Fibrous Tumor/Hemangiopericytoma"", ""Meningeal Sarcoma""]",0,0,1,0,1,0,32,3,"[""Leiomyosarcoma"", ""Hemangiopericytoma"", ""Meningioma""]",0,0,1
mcr,mcr_v1,20,Type 4 renal tubular acidosis,all_miss_but_recalled,,0,0,0,0,0,0,52,5,Systemic Lupus Erythematosus,,0,0,52,0,0,0,0,5,0,0,other,0.0,0,0,0,0,0,other,0,0,0,0,0,0,"[""Systemic Lupus Erythematosus"", ""Lymphoma""]",1,0,1,0,"[""Systemic Lupus Erythematosus (SLE)"", ""Renal Tubular Acidosis""]",0,0,0,0,0,0,30,1,"[""Systemic Lupus Erythematosus""]",0,0,1
mcr,mcr_v1,21,Fibrous dysplasia,all_miss_but_recalled,,0,0,0,0,1,0,51,5,Sphenoid wing meningioma,2,1,2,48,1,1,1,0,4,1,0,other,0.0,1,0,0,1,1,other,1,0,3,1,0,1,"[""Orbital Meningioma"", ""Fibrous Dysplasia""]",0,0,0,0,"[""Orbital Meningioma"", ""Orbital Metastasis""]",1,0,1,0,1,0,42,4,"[""Sphenoid Wing Meningioma"", ""Fibrous Dysplasia"", ""Orbital Rhabdomyosarcoma""]",1,0,1
mcr,mcr_v1,22,adenomatoid tumor,,,1,1,1,0,0,1,43,5,Adenomatoid tumor,4,1,7,35,1,1,1,0,4,1,0,gold,1.0,0,0,0,0,1,gold,1,1,3,1,0,1,"[""Adenomatoid tumor"", ""Epididymal cyst""]",1,0,1,0,"[""Epididymal cyst or spermatocele"", ""Adenomatoid tumor of the epididymis""]",0,0,1,0,1,0,27,2,"[""Epididymal Adenomatoid Tumor"", ""Epididymal Leiomyoma""]",0,0,1
mcr,mcr_v1,23,AdenoidCysticCarcinoma,,,0,0,0,0,0,0,47,5,Chondroid syringoma,,0,0,47,0,0,0,0,5,0,0,other,0.0,0,0,0,0,0,other,0,0,0,0,0,0,"[""Chondroid Syringoma"", ""Clear Cell Hidradenoma""]",0,0,0,0,"[""Chondroid Syringoma"", ""Clear Cell Hidradenoma""]",0,0,0,0,0,0,20,1,"[""vulvar syringoma""]",0,0,0
mcr,mcr_v1,24,Superior mesenteric artery syndrome,,,1,1,1,1,1,1,50,5,Superior Mesenteric Artery Syndrome,1,1,5,44,1,1,1,1,3,1,1,gold,1.0,0,1,0,0,1,gold,1,0,3,1,0,1,"[""Superior Mesenteric Artery Syndrome"", ""Gastric Outlet Obstruction""]",1,0,1,0,"[""Superior Mesenteric Artery Syndrome"", ""Gastric Distension due to other causes""]",1,0,1,1,1,0,26,2,"[""Superior Mesenteric Artery Syndrome"", ""Duodenal adenocarcinoma""]",0,0,1
mcr,mcr_v1,26,Self-limited epilepsy with autonomic seizures,,,0,0,0,0,0,0,51,5,Migraine with abdominal aura,,0,3,48,0,1,0,1,4,0,1,other,0.111,0,1,0,0,0,other,0,1,0,0,0,0,"[""Migraine with aura"", ""Abdominal migraine""]",0,0,0,0,"[""Migraine"", ""Cyclic Vomiting Syndrome""]",0,0,0,1,0,0,21,2,"[""Migraine with brainstem aura"", ""Abdominal migraine""]",0,0,0
mcr,mcr_v1,27,Massive ovarian edema,,,0,0,0,0,0,0,49,5,Ovarian cystadenocarcinoma,,0,28,21,0,1,0,3,2,0,1,near,0.25,0,1,0,0,0,near,0,1,0,0,1,0,"[""Ovarian Neoplasm"", ""Uterine Fibroids""]",0,1,0,1,"[""Ovarian Neoplasm"", ""Lymphatic Obstruction due to Adnexal Mass""]",0,1,0,1,0,1,28,3,"[""Ovarian Fibroma"", ""Malignant Ovarian Tumor"", ""Ovarian Leiomyoma with Edema""]",0,0,0
mcr,mcr_v1,28,Toxic epidermal necrolysis,all_miss_but_recalled,,0,0,0,0,0,0,52,5,DRESS syndrome,2,2,1,49,1,1,1,0,4,1,0,other,0.0,1,0,0,1,1,other,0,0,0,0,0,0,"[""Drug-induced liver injury with DRESS syndrome"", ""Viral hepatitis""]",0,0,0,0,"[""Stevens-Johnson Syndrome"", ""Drug-Induced Liver Injury""]",0,0,1,0,1,0,29,5,"[""Drug Reaction with Eosinophilia and Systemic Symptoms"", ""Drug-Induced Hepatitis"", ""Toxic epidermal necrolysis""]",0,0,0
mcr,mcr_v1,29,cerebral venous thrombosis,,,0,0,0,0,0,0,45,5,Creutzfeldt-Jakob disease,,0,0,45,0,0,0,0,5,0,0,other,0.0,0,0,0,0,0,other,0,0,0,0,0,0,"[""Frontotemporal dementia"", ""Creutzfeldt-Jakob disease""]",0,0,0,0,"[""Frontotemporal dementia"", ""Primary progressive aphasia""]",0,0,0,0,0,0,29,4,"[""Frontotemporal dementia"", ""Primary Progressive Aphasia"", ""Creutzfeldt-Jakob Disease""]",0,0,0
mcr,mcr_v1,30,Cronkhite-Canada syndrome,,,0,0,0,0,0,0,49,5,Juvenile polyposis syndrome,,0,17,32,0,1,0,1,4,0,1,near,0.2,0,0,0,0,0,near,0,1,0,0,1,0,"[""Peutz-Jeghers Syndrome"", ""Familial Adenomatous Polyposis""]",0,1,0,1,"[""Peutz-Jeghers Syndrome"", ""Juvenile Polyposis Syndrome""]",0,0,0,1,0,1,21,4,"[""Crohn's disease"", ""Immunodysregulation Polyendocrinopathy Enteropathy X-linked (IPEX) Syndrome"", ""Peutz-Jeghers Syndrome""]",0,0,0
mcr,mcr_v1,33,Dyke-Davidoff-Masson syndrome,e7_win_recall,,1,1,0,0,0,1,52,5,Dyke-Davidoff-Masson syndrome,17,1,5,46,1,1,1,1,3,1,1,gold,1.0,0,1,0,0,1,gold,0,1,0,0,0,0,"[""Rasmussen's Encephalitis"", ""Hemispheric Epilepsy Surgery Candidate""]",0,1,0,1,"[""Rasmussen's Encephalitis"", ""Sturge-Weber Syndrome""]",0,0,1,1,1,1,33,5,"[""Dyke-Davidoff-Masson syndrome"", ""Rasmussen encephalitis"", ""Hemimegalencephaly""]",1,0,0
mcr,mcr_v1,34,Tonsillolith,,,1,1,1,1,1,1,48,5,Tonsillolithiasis,1,1,0,47,1,0,1,0,4,1,0,gold,0.0,0,0,0,0,1,gold,1,0,3,1,0,1,"[""Tonsillolith"", ""Squamous cell carcinoma""]",1,0,1,0,"[""Tonsillolith (Tonsil Stone)"", ""Calcified Tonsillar Lesion""]",1,0,1,0,1,0,23,1,"[""Tonsillolith""]",0,0,1
mcr,mcr_v1,35,Petersen’s hernia,,aphhm_win,0,0,0,0,0,1,47,5,Internal Hernia,,0,2,45,0,1,0,1,4,0,1,near,0.333,0,0,0,0,0,near,0,1,0,0,1,0,"[""Internal Hernia"", ""Adhesive Bowel Obstruction""]",0,0,0,0,"[""Internal Herniation"", ""Adhesive Bowel Obstruction""]",0,1,0,1,0,1,29,1,"[""Internal Hernia after Roux-en-Y Gastric Bypass""]",0,0,0
mcr,mcr_v1,38,trigeminal schwannoma,e7_win_rank,aphhm_lose,1,1,0,0,0,0,49,5,Trigeminal schwannoma,10,1,2,46,1,1,1,1,3,1,1,gold,1.0,0,1,0,0,1,gold,1,0,3,1,0,1,"[""Schwannoma"", ""Meningioma""]",0,0,0,0,"[""Chordoma"", ""Chondrosarcoma""]",1,0,1,0,0,0,34,5,"[""Meningioma"", ""Meningioma"", ""Chordoma""]",1,0,1
mcr,mcr_v1,39,mesalazine-induced myocarditis,,,1,1,1,1,1,1,47,5,Myocarditis,2,1,2,44,1,1,1,2,2,1,1,gold,0.333,0,1,0,0,1,gold,1,0,3,1,0,1,"[""Myocarditis"", ""Inflammatory Cardiomyopathy""]",1,0,1,0,"[""Myocarditis"", ""Myopericarditis""]",1,0,1,1,1,0,43,1,"[""myocarditis""]",0,0,1
mcr,mcr_v1,40,hepatocellular carcinoma,e7_win_rank,aphhm_lose,1,1,0,0,0,0,45,5,Hepatocellular carcinoma metastasis,1,1,0,44,1,0,1,0,4,1,0,gold,0.667,0,0,0,0,1,gold,1,0,3,1,0,1,"[""Hepatocellular carcinoma with extrahepatic metastasis"", ""Soft tissue sarcoma""]",1,0,1,0,"[""Extrahepatic metastasis of hepatocellular carcinoma (HCC)"", ""Primary soft tissue sarcoma""]",1,0,1,0,1,0,20,2,"[""Hepatocellular Carcinoma with Extrahepatic Metastasis"", ""Undifferentiated Pleomorphic Sarcoma""]",1,0,1
mcr,mcr_v1,41,Gastric lipoma,all_miss_but_recalled,,0,0,0,0,1,0,42,5,Gastrointestinal stromal tumor,6,1,24,17,1,1,1,1,3,1,1,other,0.0,1,1,0,1,1,other,1,1,3,0,0,0,"[""Gastrointestinal stromal tumor (GIST)"", ""Liposarcoma""]",1,0,1,0,"[""Gastrointestinal Stromal Tumor (GIST)"", ""Lipoma""]",1,0,1,1,1,1,17,3,"[""Gastrointestinal Stromal Tumor (GIST)"", ""Gastric Lipoma"", ""Gastric Schwannoma""]",1,0,1
mcr,mcr_v1,42,Keratocystic odontogenic tumour,,,0,0,0,0,0,0,51,5,Buccal space abscess,,0,4,47,0,1,0,0,5,0,0,other,0.0,0,0,0,0,0,other,0,0,0,0,0,0,"[""Mucocele"", ""Staphylococcal abscess""]",0,0,0,0,"[""Benign tumor (e.g. pleomorphic adenoma)"", ""Epidermoid cyst or other specific type of cyst (e.g. Stafne bone cavity, buccal bifurcation cyst)""]",0,0,0,0,0,0,58,4,"[""Staphylococcal Botryomycosis"", ""Actinomycosis"", ""Angioedema""]",0,0,0
mcr,mcr_v1,43,IgA nephropathy,,,0,0,0,0,0,0,56,5,Tuberculosis,,0,0,56,0,0,0,0,5,0,0,other,0.0,0,0,0,0,0,other,0,0,0,0,0,0,"[""Tuberculosis"", ""Spondylitis""]",0,0,0,0,"[""Extrapulmonary Tuberculosis"", ""Spinal Tuberculosis with Renal Involvement""]",0,0,0,0,0,0,39,1,"[""tuberculosis""]",0,0,0
mcr,mcr_v1,44,Pyoderma gangrenosum,,,0,0,0,0,0,0,52,5,Pacemaker pocket infection,,0,1,51,0,1,0,0,5,0,0,other,0.0,0,0,0,0,0,other,0,0,0,0,0,0,"[""Pacemaker pocket infection"", ""Surgical site infection""]",0,0,0,0,"[""Pacemaker pocket infection"", ""Device-related infection""]",0,0,1,0,0,0,23,4,"[""Pacemaker pocket infection"", ""Sepsis due to Staphylococcus epidermidis"", ""Necrotizing fasciitis""]",0,0,0
mcr,mcr_v1,45,granuloma annulare,all_miss_but_recalled,,0,0,0,0,0,0,43,5,Necrobiotic xanthogranuloma,9,1,3,39,1,1,1,1,3,1,1,other,0.0,1,1,0,1,0,other,0,1,0,0,1,0,"[""Necrobiotic xanthogranuloma"", ""Granuloma faciale""]",0,0,0,0,"[""IgG4-related disease"", ""Orbital pseudotumor (idiopathic orbital inflammatory disease)""]",0,1,0,1,0,1,22,3,"[""Sarcoidosis"", ""Granuloma Faciale"", ""Foreign Body Granuloma""]",0,0,0
mcr,mcr_v1,46,Sarcoidosis,,,1,1,1,1,1,1,52,5,Sarcoidosis,3,1,0,51,1,0,1,0,4,1,0,gold,1.0,0,0,0,0,1,gold,1,0,3,1,0,1,"[""Sarcoidosis"", ""Crohn's disease""]",1,0,1,0,"[""Sarcoidosis"", ""Crohn's Disease""]",1,0,1,0,1,0,22,1,"[""Sarcoidosis""]",0,0,1
mcr,mcr_v1,47,Metastatic melanoma of unknown primary,,,0,0,0,0,1,0,42,5,Metastatic melanoma to the liver,,0,7,35,0,1,0,2,3,0,1,near,0.333,0,1,0,0,0,near,0,1,0,0,1,0,"[""Hepatic metastasis of malignant melanoma"", ""Primary liver cancer""]",0,1,0,1,"[""Metastatic Melanoma to the Liver"", ""Primary Liver Cancer""]",1,1,0,1,0,1,21,2,"[""metastatic melanoma to the liver"", ""Hepatic Epithelioid Melanocytic Tumor""]",0,0,1
mcr,mcr_v1,48,xanthogranulomatous osteomyelitis,all_miss_but_recalled,,0,0,0,0,0,0,45,5,Brodie's abscess,1,1,2,42,1,1,1,0,4,1,0,other,0.0,1,0,0,1,0,other,1,0,3,1,0,1,"[""Brodie's abscess"", ""Osteomyelitis""]",0,1,0,1,"[""Brodie's abscess"", ""Chronic osteomyelitis""]",1,0,1,0,1,0,23,2,"[""Brodie's Abscess"", ""Osteomyelitis""]",0,0,1
mcr,mcr_v1,49,StumpAppendicitis,,,1,1,1,0,0,1,44,5,Appendiceal stump appendicitis,1,1,0,43,1,0,0,0,5,0,0,other,0.0,0,0,0,0,0,other,0,0,0,0,0,0,"[""Appendiceal stump appendicitis"", ""Pericecal abscess""]",0,0,0,0,"[""Appendiceal Abscess"", ""Post-Appendectomy Complications""]",1,0,1,0,0,0,21,2,"[""Appendiceal stump appendicitis"", ""post-surgical intra-abdominal abscess""]",0,0,1
mcr,mcr_v1,50,Gastrointestinal clear cell sarcoma,all_miss_but_recalled,,0,0,0,0,0,0,48,5,Clear cell sarcoma,13,1,7,40,1,1,1,2,2,1,1,gold,0.75,0,1,0,0,1,gold,0,1,0,0,1,0,"[""Schwannoma"", ""Gastrointestinal Stromal Tumor (GIST)""]",0,1,0,1,"[""Malignant Peripheral Nerve Sheath Tumor (MPNST)"", ""Gastrointestinal Stromal Tumor (GIST)""]",0,1,0,1,0,1,17,2,"[""Gastrointestinal Stromal Tumor"", ""Carcinoid Tumor""]",0,0,0
mcr,mcr_v1,52,Livedoid vasculopathy,,,1,1,1,1,1,1,52,5,Livedoid vasculopathy,18,1,1,50,1,1,1,0,4,1,0,gold,1.0,0,0,0,0,1,gold,1,0,3,1,0,1,"[""Livedoid vasculopathy"", ""Antiphospholipid syndrome""]",1,0,1,0,"[""Livedoid vasculopathy"", ""Antiphospholipid syndrome""]",1,0,1,1,1,0,37,3,"[""Livedoid vasculopathy"", ""Thromboangiitis obliterans"", ""Antiphospholipid Syndrome""]",0,0,1
mcr,mcr_v1,53,hemangioma,all_miss_but_recalled,,0,0,0,0,0,0,42,5,Left ventricular myxoma,14,1,0,41,1,0,0,0,5,0,0,other,0.0,0,0,0,0,0,other,0,0,0,0,0,0,"[""Cardiac Myxoma"", ""Papillary Fibroelastoma""]",0,0,0,0,"[""Cardiac Myxoma"", ""Fibroelastoma""]",0,0,1,0,0,0,34,1,"[""Myxoma""]",0,0,0
mcr,mcr_v1,54,Trigeminal neuralgia,,,1,1,1,1,1,1,47,5,Trigeminal Neuralgia,1,2,14,31,1,1,1,2,2,1,1,gold,1.0,0,1,0,0,1,gold,1,0,3,1,0,1,"[""Trigeminal Neuralgia"", ""Multiple Sclerosis""]",1,0,1,0,"[""Trigeminal Neuralgia"", ""Post-COVID-19 Vaccine Facial Pain""]",1,0,1,1,1,0,21,1,"[""Trigeminal Neuralgia""]",0,0,1
mcr,mcr_v1,55,Post-transplant lymphoproliferative disorder,,,0,0,0,0,0,0,49,5,Urinary tract infection,,0,0,49,0,0,0,0,5,0,0,other,0.0,0,0,0,0,0,other,0,0,0,0,0,0,"[""Urinary Tract Infection"", ""Bladder Cancer""]",0,0,0,0,"[""Urinary Tract Infection (UTI)"", ""Bladder Neoplasm""]",0,0,0,0,0,0,23,3,"[""Complicated Cystitis"", ""Bladder Cancer"", ""Pyelonephritis""]",0,0,0
mcr,mcr_v1,56,Spindle cell squamous cell carcinoma,,,0,0,0,1,0,1,44,5,Sarcomatoid squamous cell carcinoma,,0,3,41,0,1,0,2,3,0,1,near,0.6,0,1,0,0,0,near,0,1,0,0,1,0,"[""Sarcomatoid squamous cell carcinoma"", ""Spindle cell carcinoma""]",0,1,0,1,"[""Sarcomatoid Squamous Cell Carcinoma"", ""Spindle Cell Carcinoma""]",0,1,1,1,0,1,25,3,"[""Spindle Cell Carcinoma"", ""Osteosarcoma"", ""Metastatic Disease from Previous Cancer""]",0,0,0
mcr,mcr_v1,58,Mixed sex cord-stromal tumor,,,0,0,0,0,0,0,46,5,Leydig cell tumor,,0,13,33,0,1,0,2,3,0,1,near,0.143,0,1,0,0,0,near,0,1,0,0,0,0,"[""Testicular cancer"", ""Epididymal cyst""]",0,1,0,1,"[""Testicular Cancer"", ""Testicular Tumor (possibly sex cord-stromal or lymphoma)""]",0,0,0,1,0,1,49,2,"[""Sertoli cell tumor"", ""Epididymal Cystadenocarcinoma""]",0,0,0
mcr,mcr_v1,60,Polymyalgia rheumatica,all_miss_but_recalled,,0,0,0,0,0,0,55,5,Idiopathic inflammatory psoas muscle disease,17,1,0,54,1,0,1,0,4,1,0,other,0.0,1,0,0,1,1,other,0,0,0,0,0,0,"[""Iliopsoas bursitis or tendinopathy"", ""Gouty arthropathy""]",0,0,0,0,"[""Iliopsoas abscess or iliopsoas tendinitis"", ""Insertional tendinopathy of the iliopsoas tendon""]",0,0,1,0,0,0,26,4,"[""Psoas abscess"", ""Polymyositis"", ""Takayasu Arteritis""]",0,0,0
mcr,mcr_v1,61,Choriocarcinoma,all_miss_but_recalled,,0,0,0,0,0,0,44,5,Hepatocellular adenoma with rupture,13,1,0,43,1,0,0,0,5,0,0,other,0.0,0,0,0,0,0,other,0,0,0,0,0,0,"[""Hepatocellular adenoma with rupture and bleeding"", ""Atypical hepatocellular carcinoma""]",0,0,0,0,"[""Atypical Hepatocellular Carcinoma"", ""Hepatic Adenoma with Complications""]",0,0,0,0,0,0,31,1,"[""Hepatocellular Adenoma with Hemorrhage""]",0,0,0
mcr,mcr_v1,62,Lipoblastoma,base_win_rank,,0,1,0,1,0,1,39,5,Fibrolipomatous hamartoma,32,2,0,37,1,0,0,0,5,0,0,other,0.0,0,0,0,0,1,gold,0,0,0,0,0,0,"[""Lipoma"", ""Liposarcoma""]",1,0,1,0,"[""Lipoma"", ""Lipoblastoma""]",0,0,1,0,1,0,33,2,"[""Lipoblastoma"", ""Lipoma""]",0,0,1
mcr,mcr_v1,63,Fibroepithelial polyp,,,1,1,1,1,1,1,48,5,Ureteral fibroepithelial polyp,6,1,0,47,1,0,1,0,4,1,0,gold,0.667,0,0,0,0,1,gold,1,1,3,1,1,1,"[""Ureteral polyp"", ""Ureteral fibroepithelial polyp""]",1,0,1,0,"[""Ureteral fibroepithelial polyp"", ""Low-grade urothelial carcinoma""]",1,1,1,1,1,0,26,2,"[""Ureteral Fibroepithelial Polyp"", ""Urothelial Carcinoma""]",0,0,1
mcr,mcr_v1,64,small cell lung carcinoma,,,0,0,0,0,0,0,50,5,Sepsis,,0,0,50,0,0,0,0,5,0,0,other,0.0,0,0,0,0,0,other,0,0,0,0,0,0,"[""Perforated appendicitis with peritonitis"", ""Metastatic prostate cancer""]",0,0,0,0,"[""Acute appendicitis with perforation"", ""Metastatic prostate cancer or second primary colorectal cancer""]",0,0,0,1,0,0,23,3,"[""Appendicitis"", ""Peritonitis"", ""Colorectal Cancer""]",0,0,0
mcr,mcr_v1,65,myelolipoma,all_miss_but_recalled,,0,0,0,0,0,0,47,5,Myelodysplastic syndrome with eosinophilia,9,1,0,46,1,0,0,0,5,0,0,other,0.0,0,0,0,0,0,other,0,0,0,0,0,0,"[""Neurogenic tumor"", ""Germ cell tumor""]",0,0,0,0,"[""Myeloid Sarcoma"", ""Lymphoma""]",0,0,0,0,0,0,44,2,"[""Systemic mastocytosis"", ""Thymoma""]",0,0,0
mcr,mcr_v1,66,CIC-rearranged sarcoma,,,0,0,0,0,0,0,47,5,Desmoplastic small round cell tumor,,0,4,43,0,1,0,1,4,0,1,other,0.0,0,1,0,0,0,other,0,1,0,0,1,0,"[""Desmoplastic small round cell tumor"", ""Ewing's sarcoma""]",0,1,0,1,"[""Desmoplastic small round cell tumor (DSRCT)"", ""Ewing sarcoma""]",0,1,0,1,0,0,23,1,"[""Desmoplastic Small Round Cell Tumor""]",0,0,0
mcr,mcr_v1,67,congenital unilateral hypoplasia of depressor anguli oris,,,1,1,0,0,0,1,46,5,Asymmetric crying face syndrome,,0,10,36,0,1,0,2,3,0,1,other,0.0,0,1,0,0,0,near,0,1,0,0,1,0,"[""Congenital unilateral lower lip palsy"", ""Congenital facial paresis""]",0,1,0,1,"[""Congenital Unilateral Lower Lip Paresis"", ""Congenital Facial Paresis""]",0,1,1,1,1,1,19,2,"[""Congenital Unilateral Hypoplasia of Depressor Anguli Oris"", ""Congenital Facial Palsy""]",0,0,0
mcr,mcr_v1,68,macrodystrophia lipomatosa,,,0,0,0,0,0,0,50,5,Fibrolipomatous hamartoma,,0,0,50,0,0,0,0,5,0,0,other,0.0,0,0,0,0,0,other,0,0,0,0,0,0,"[""Macrodactyly"", ""Lipofibromatous hamartoma""]",0,0,0,0,"[""Macrodactyly"", ""Lipomatous tumor""]",0,0,0,0,0,0,19,3,"[""Lipomatosis of nerve"", ""Fibrolipomatous Hamartoma"", ""Macrodactyly""]",0,0,0
mcr,mcr_v1,69,Gastric lipoma,base_win_rank,aphhm_lose,0,0,0,1,0,0,33,5,Gastrointestinal stromal tumor,5,1,15,17,1,1,1,1,3,1,1,other,0.0,1,1,0,1,0,other,1,1,3,1,1,1,"[""Gastric gastrointestinal stromal tumor (GIST)"", ""Gastric lipoma""]",1,0,1,0,"[""Gastrointestinal Stromal Tumor (GIST)"", ""Gastric Lipoma""]",1,0,0,1,0,1,24,2,"[""Gastrointestinal Stromal Tumor (GIST)"", ""Gastric Duplication Cyst""]",1,0,1
mcr,mcr_v1,72,abdominal tuberculosis,all_miss_but_recalled,,0,0,0,0,0,0,52,5,Non-Hodgkin lymphoma,14,1,0,51,1,0,0,0,5,0,0,other,0.0,0,0,0,0,1,other,1,0,3,0,0,0,"[""Ovarian Cancer"", ""Lymphoma""]",0,0,0,0,"[""Ovarian Cancer"", ""Metastatic Malignancy""]",0,0,1,0,0,0,41,3,"[""Serous Ovarian Carcinoma"", ""Ovarian Cancer"", ""metastases""]",0,0,0
mcr,mcr_v1,73,metastatic prostate carcinoma,,aphhm_lose,0,0,0,1,0,0,47,5,Cerebellar metastasis from prostate cancer,,0,2,45,0,1,0,1,4,0,1,near,0.143,0,0,0,0,0,near,0,1,0,0,1,0,"[""Metastatic prostate cancer to the cerebellum"", ""Hemangioblastoma""]",0,0,0,0,"[""Metastasis"", ""Hemangioblastoma""]",0,1,0,1,0,1,24,5,"[""metastatic prostate cancer to cerebellum"", ""metastatic prostate cancer to the cerebellum"", ""cerebellar metastasis from prostate cancer""]",0,0,0
mcr,mcr_v1,74,Catecholaminergic polymorphic ventricular tachycardia,all_miss_but_recalled,,0,0,0,0,0,0,48,5,Risperidone-induced QT prolongation,5,1,4,43,1,1,1,1,3,1,1,other,0.0,1,1,0,1,1,other,1,1,3,0,0,0,"[""Acquired Long QT Syndrome due to Risperidone"", ""Long QT Syndrome""]",0,0,0,0,"[""Long QT Syndrome"", ""Hypertrophic Cardiomyopathy""]",1,0,1,1,1,1,36,3,"[""Long QT Syndrome"", ""Ventricular Tachycardia"", ""Arrhythmogenic Right Ventricular Cardiomyopathy""]",0,0,1
mcr,mcr_v1,75,BasosquamousCarcinoma,,,0,0,0,0,0,0,48,5,Invasive cutaneous squamous cell carcinoma,,0,0,48,0,0,0,0,5,0,0,other,0.0,0,0,0,0,0,other,0,0,0,0,0,0,"[""Invasive cutaneous squamous cell carcinoma"", ""Basal cell carcinoma""]",0,0,0,0,"[""Invasive cutaneous squamous cell carcinoma"", ""Basal cell carcinoma""]",0,0,0,0,0,0,18,1,"[""invasive cutaneous squamous cell carcinoma""]",0,0,0
mcr,mcr_v1,76,drug-induced liver injury,,,1,1,1,1,1,1,47,5,Alfuzosin-induced liver injury,1,1,6,40,1,1,1,1,3,1,1,near,0.6,1,0,1,0,1,gold,1,0,3,1,0,1,"[""Drug-induced liver injury (DILI)"", ""Acute viral hepatitis""]",1,1,1,1,"[""Drug-induced liver injury (DILI) due to Alfuzosin"", ""Acute liver failure (ALF) due to idiosyncratic reaction to Alfuzosin""]",1,0,1,1,1,0,45,1,"[""Drug-Induced Liver Injury (DILI) due to Alfuzosin""]",0,0,1
mcr,mcr_v1,77,Accessory extraocular muscle,,,0,0,0,0,0,0,45,5,Adhesive syndrome,,0,2,43,0,1,0,0,5,0,0,other,0.0,0,0,0,0,0,other,0,0,0,0,0,0,"[""Adhesive Syndrome"", ""Orbital Fibrosis""]",0,1,0,1,"[""Anomalous Orbital Structure"", ""Extraocular Muscle Disorder""]",0,0,0,0,0,0,24,2,"[""Duane Retraction Syndrome"", ""Thyroid Ophthalmopathy""]",0,0,0
mcr,mcr_v1,78,schwannoma,base_win_rank,aphhm_lose,0,0,1,1,1,0,44,5,Tarlov cyst,2,6,0,38,1,0,1,0,4,1,0,other,0.0,1,0,0,1,1,other,1,0,3,1,0,1,"[""Schwannoma"", ""Neurofibroma""]",0,0,0,0,"[""Peripheral Nerve Sheath Tumor (PNST)"", ""Neurofibroma""]",0,0,1,0,1,0,25,2,"[""intraneural ganglion cyst"", ""sciatic schwannoma""]",1,0,1
mcr,mcr_v1,80,Leiomyosarcoma,all_miss_but_recalled,,0,0,0,0,0,0,49,5,Locoregional breast cancer recurrence,17,1,0,48,1,0,0,0,5,0,0,other,0.0,0,0,0,0,0,other,1,0,3,1,0,1,"[""Locoregional breast cancer recurrence"", ""Sarcoma""]",0,0,0,0,"[""Radiation-induced sarcoma"", ""Breast cancer recurrence""]",0,0,1,0,0,0,54,3,"[""Radiation-Induced Sarcoma"", ""Recurrence of Invasive Ductal Carcinoma"", ""Recurrent Breast Carcinoma""]",0,0,1
mcr,mcr_v1,81,Macrophage myofasciitis,,,0,0,0,0,0,0,51,5,Juvenile Dermatomyositis,,0,0,51,0,0,0,0,5,0,0,other,0.0,0,0,0,0,0,other,0,0,0,0,0,0,"[""Juvenile Dermatomyositis"", ""Inflammatory Myopathy""]",0,0,0,0,"[""Juvenile Dermatomyositis (JDM)"", ""Thyroiditis-related myopathy""]",0,0,0,0,0,0,63,2,"[""Juvenile Dermatomyositis"", ""Systemic Lupus Erythematosus""]",0,0,0
mcr,mcr_v1,82,Euglycemic diabetic ketoacidosis,base_win_rank,aphhm_lose,0,0,0,1,1,0,48,5,Lactic acidosis,1,1,2,45,1,1,1,0,4,1,0,other,0.0,1,0,0,1,1,other,1,0,3,1,0,1,"[""Diabetic Ketoacidosis"", ""Lactic Acidosis""]",1,0,1,0,"[""Euglycemic Diabetic Ketoacidosis"", ""Lactic Acidosis""]",1,0,1,1,1,0,25,1,"[""Diabetic Ketoacidosis""]",1,0,1
mcr,mcr_v1,84,Lymphoepithelioma-like carcinoma of the breast,,,0,0,0,0,0,0,48,5,Medullary carcinoma of the breast,,0,36,12,0,1,0,5,0,0,1,near,0.5,0,1,0,0,0,near,0,1,0,0,1,0,"[""Medullary Carcinoma of the Breast"", ""Triple Negative Breast Cancer""]",0,1,0,1,"[""Triple-negative breast cancer"", ""Medullary carcinoma of the breast""]",0,1,0,1,0,1,35,2,"[""medullary carcinoma of the breast"", ""Triple-Negative Breast Cancer""]",0,0,0
mcr,mcr_v1,85,Small intestinal perforation,,,0,0,0,0,0,0,49,5,Acute appendicitis,,0,10,39,0,1,0,0,5,0,0,other,0.0,0,0,0,0,0,other,0,1,0,0,1,0,"[""Appendicitis"", ""Intestinal obstruction""]",0,1,0,1,"[""Appendicitis"", ""Intestinal Obstruction""]",0,1,0,0,0,0,19,1,"[""Acute Appendicitis""]",0,0,0
mcr,mcr_v1,86,Restless arms syndrome,,,0,0,0,0,0,0,52,5,Akathisia,,0,10,42,0,1,0,2,3,0,1,other,0.0,0,1,0,0,0,other,0,1,0,0,1,0,"[""Akathisia"", ""Restless Legs Syndrome""]",0,0,0,0,"[""Medication-induced paresthesia"", ""Post-COVID-19 depressive disorder with neurological symptoms""]",0,0,0,1,0,0,44,5,"[""Fibromyalgia"", ""Frontotemporal Dementia"", ""Urticaria""]",0,0,0
mcr,mcr_v1,87,undifferentiated embryonal sarcoma of the liver,all_miss_but_recalled,,0,0,0,0,0,0,50,5,Mucinous cystadenocarcinoma of the liver,11,1,8,41,1,1,0,2,3,0,1,near,0.286,0,1,0,0,1,near,0,1,0,0,0,0,"[""Mucinous cystadenocarcinoma"", ""Intrahepatic biliary cystadenocarcinoma""]",1,1,1,1,"[""Mucinous cystadenocarcinoma of the liver"", ""Sarcoma of the liver""]",0,1,0,1,0,0,19,1,"[""mucinous cystadenocarcinoma""]",0,0,1
mcr,mcr_v1,90,squamous cell carcinoma,all_miss_but_recalled,,0,0,0,0,0,0,46,5,Pacemaker pocket sarcoma,1,2,3,41,1,1,1,1,3,1,1,other,0.0,1,1,0,1,1,other,1,0,3,0,0,0,"[""Pacemaker pocket tumor"", ""Metastatic disease""]",0,0,0,0,"[""Metastatic tumor or new primary tumor"", ""Locally recurrent tumor at the pacemaker site""]",0,0,1,1,1,0,21,4,"[""Metastatic laryngeal squamous cell carcinoma"", ""Metastases"", ""pacemaker pocket sarcoma""]",0,0,0
mcr,mcr_v1,91,Angiosarcoma,all_miss_but_recalled,,0,0,0,0,0,0,51,5,Hemangiopericytoma,18,2,0,49,1,0,1,0,4,1,0,other,0.0,1,0,0,1,0,other,0,0,0,0,0,0,"[""Hemangiopericytoma"", ""Solitary Fibrous Tumor""]",0,0,0,0,"[""Solitary Fibrous Tumor/Hemangiopericytoma"", ""Cavernous Angioma""]",0,0,0,0,0,0,20,2,"[""Solitary Fibrous Tumor/Hemangiopericytoma"", ""Cavernous Angioma""]",0,0,0
mcr,mcr_v1,93,Serum sickness,,,0,0,0,0,0,0,50,5,Poststreptococcal Reactive Arthritis,,0,0,50,0,0,0,0,5,0,0,other,0.0,0,0,0,0,0,other,0,0,0,0,0,0,"[""Prosthetic Valve Thrombosis"", ""Infective Endocarditis""]",0,0,0,0,"[""Prosthetic Mitral Valve Thrombosis"", ""Streptokinase-Induced Inflammatory Response""]",0,0,0,0,0,0,28,4,"[""Poststreptococcal Reactive Arthritis"", ""Infective Endocarditis"", ""Infective Endocarditis""]",0,0,0
mcr,mcr_v1,94,Schwannoma,all_miss_but_recalled,,0,0,0,0,0,0,47,5,Branchial cleft cyst,5,1,0,46,1,0,0,0,5,0,0,other,0.0,0,0,0,0,1,other,0,0,0,0,0,0,"[""Branchial cleft cyst"", ""Lipoma""]",0,0,0,0,"[""Branchial cleft cyst"", ""Thyroglossal duct cyst""]",0,0,1,0,0,0,36,1,"[""Branchial Cleft Cyst""]",0,0,0
mcr,mcr_v1,95,Tuberculosis,all_miss_but_recalled,,0,0,0,0,0,0,55,5,Disseminated tuberculosis,1,1,0,54,1,0,1,0,4,1,0,gold,0.5,0,0,0,0,1,gold,1,0,3,1,0,1,"[""Disseminated tuberculosis"", ""Cryptococcal meningitis""]",1,0,1,0,"[""Disseminated Tuberculosis"", ""Sepsis due to an opportunistic infection""]",0,0,1,0,0,0,27,1,"[""Disseminated Mycobacterium avium complex""]",0,0,1
mcr,mcr_v1,96,ParostealOsteosarcoma,all_miss_but_recalled,,0,0,0,0,0,0,48,5,Osteoma,21,1,0,47,1,0,0,0,5,0,0,other,0.0,0,0,0,0,0,other,0,0,0,0,0,0,"[""Osteoma"", ""Hemangioma""]",0,0,0,0,"[""Osteoma"", ""Calcified Hematoma or Other Benign Bone Lesion""]",0,0,1,0,0,0,29,2,"[""Osteoma"", ""Osteomyelitis of the calvarium""]",0,0,0
mcr,mcr_v1,97,giant juvenile fibroadenoma,all_miss_but_recalled,,0,0,0,0,0,0,52,5,Giant fibroadenoma,1,2,3,47,1,1,2,1,2,1,1,near,0.667,1,0,1,0,1,near,1,0,3,1,0,1,"[""Fibroadenoma"", ""Phyllodes tumor""]",1,0,1,0,"[""Fibroadenoma"", ""Phyllodes Tumor""]",1,0,1,1,0,1,23,1,"[""Giant fibroadenoma""]",0,0,1
mcr,mcr_v1,99,Histoplasmosis,all_miss_but_recalled,,0,0,0,0,0,0,47,5,Cheilitis granulomatosa,1,1,0,46,1,0,1,0,4,1,0,other,0.0,1,0,0,1,1,other,0,0,0,0,0,0,"[""Kaposi's sarcoma"", ""bacillary angiomatosis""]",0,0,0,0,"[""Kaposi's Sarcoma"", ""Immune Reconstitution Inflammatory Syndrome (IRIS)""]",0,0,1,0,0,0,29,3,"[""Pemphigus vulgaris"", ""Kaposi's Sarcoma"", ""Behcet's disease""]",0,0,0
mcr,mcr_v1,100,intraosseous metaplastic meningioma,,,0,0,0,0,0,0,47,5,Hemangioma of bone,,0,9,38,0,1,0,1,4,0,1,other,0.0,0,1,0,0,0,other,0,0,0,0,0,0,"[""Hemangioma"", ""Fibrous Dysplasia""]",0,0,0,0,"[""Hemangioma"", ""Atypical Fibroxanthoma""]",0,0,0,0,0,0,22,5,"[""Hemangioma of bone"", ""Fibrous Dysplasia"", ""Fibrous Dysplasia""]",0,0,0
mcr,mcr_v1,104,Langerhans cell histiocytosis,,,1,1,1,1,1,1,51,5,Langerhans cell histiocytosis,1,1,1,49,1,1,1,0,4,1,0,gold,1.0,0,0,0,0,1,gold,1,0,3,1,0,1,"[""Langerhans cell histiocytosis"", ""Eosinophilic granuloma""]",1,0,1,0,"[""Langerhans cell histiocytosis"", ""Other granulomatous disorders""]",1,0,1,0,1,0,24,1,"[""Langerhans cell histiocytosis""]",0,0,1
mcr,mcr_v1,105,heat stroke,,aphhm_lose,1,1,1,0,1,0,50,5,Heat stroke,1,1,0,49,1,0,1,0,4,1,0,gold,1.0,0,0,0,0,1,gold,1,0,3,1,0,1,"[""Heat Stroke"", ""Hypoxic-Ischemic Encephalopathy""]",1,0,1,0,"[""Cerebellar injury secondary to heat stroke"", ""Hypoxic-ischemic encephalopathy""]",1,0,1,0,1,0,38,4,"[""Severe Heat Stroke"", ""Disseminated Intravascular Coagulation"", ""Encephalitis""]",0,0,1
mcr,mcr_v1,106,neuroendocrine tumor,all_miss_but_recalled,,0,0,0,0,0,0,45,5,Pituitary adenoma,37,1,3,41,1,1,0,0,5,0,0,other,0.0,0,0,0,0,0,other,0,0,0,0,0,0,"[""Pituitary Adenoma"", ""Craniopharyngioma""]",0,0,0,0,"[""Pituitary Adenoma"", ""Craniopharyngioma""]",0,0,0,0,0,0,26,1,"[""Pituitary Adenoma""]",0,0,0
mcr,mcr_v1,107,adrenal hyperplasia,all_miss_but_recalled,,0,0,0,0,0,0,52,5,Leydig cell tumor,10,1,23,28,1,1,0,1,4,0,1,other,0.0,0,1,0,0,0,other,0,1,0,0,0,0,"[""testicular lymphoma"", ""testicular cancer""]",1,0,1,0,"[""Testicular tumor"", ""Primary macronodular adrenal hyperplasia (PMAH)""]",1,0,1,1,0,0,28,2,"[""right testicular seminoma"", ""Leydig Cell Tumor""]",0,0,1
mcr,mcr_v1,109,Aspergillosis,all_miss_but_recalled,,0,0,0,0,0,0,56,5,Progressive Multifocal Leukoencephalopathy,20,1,0,55,1,0,0,0,5,0,0,other,0.0,0,0,0,0,0,other,0,0,0,0,0,0,"[""Brain Abscess"", ""Cerebral Vasculitis""]",0,0,0,0,"[""Brain Abscess"", ""Encephalitis""]",0,0,0,0,0,0,31,5,"[""Subacute Bacterial Meningitis"", ""Toxoplasmosis"", ""Toxoplasmosis""]",0,0,0
mcr,mcr_v1,111,Giant cell tumor of bone,e7_win_recall,aphhm_lose,1,0,0,0,0,0,49,5,Giant cell tumor,4,1,5,43,1,1,1,0,4,1,0,gold,0.75,0,0,0,0,1,other,0,1,0,0,1,0,"[""Metastatic disease"", ""Primary bone tumor""]",0,1,0,1,"[""Vertebral Osteomyelitis"", ""Vertebral Tumor""]",0,1,1,1,0,1,24,3,"[""Chordoma"", ""Pancoast tumor"", ""Tuberculous spondylitis""]",1,0,0
mcr,mcr_v1,112,Bath salt intoxication,,aphhm_lose,1,0,0,1,0,0,48,5,Bath Salts Intoxication,,0,5,43,0,1,0,1,4,0,1,near,0.5,0,0,0,0,0,other,0,0,0,0,0,0,"[""Sympathomimetic toxicity"", ""Rhabdomyolysis""]",0,0,0,0,"[""Synthetic cathinone toxicity"", ""Rhabdomyolysis due to multiple factors""]",0,0,0,0,0,0,38,5,"[""Sympathomimetic Toxicity"", ""Amphetamine-Induced Hyperthermia"", ""Neuroleptic Malignant Syndrome""]",0,0,0
mcr,mcr_v1,113,jejunal adenocarcinoma,all_miss_but_recalled,,0,0,0,0,0,0,46,5,Sister Mary Joseph nodule due to metastatic colorectal adenocarcinoma,35,1,11,34,1,1,0,4,1,0,1,near,0.111,0,1,0,0,0,near,0,1,0,0,1,0,"[""Sister Mary Joseph nodule with metastatic adenocarcinoma of the colon"", ""Metastatic disease to the umbilicus from a gastrointestinal primary""]",0,1,0,1,"[""Adenocarcinoma of the colon with umbilical metastasis"", ""Sister Mary Joseph nodule due to metastatic adenocarcinoma""]",0,1,0,1,0,1,36,5,"[""Sister Mary Joseph nodule due to colorectal adenocarcinoma"", ""Sister Mary Joseph nodule"", ""metastatic adenocarcinoma""]",0,0,0
mcr,mcr_v1,114,Ependymoma,,,0,0,0,0,0,0,50,5,Epidermoid cyst,,0,0,50,0,0,0,0,5,0,0,other,0.0,0,0,0,0,0,other,0,0,0,0,0,0,"[""Pilonidal cyst"", ""Epidermoid cyst""]",0,0,0,0,"[""Pilonidal cyst"", ""Inclusion cyst""]",0,0,0,0,0,0,44,5,"[""Epidermoid Cyst"", ""Liposarcoma"", ""Liposarcoma""]",0,0,0
mcr,mcr_v1,116,systemic sclerosis sine scleroderma,base_win_rank,,0,0,1,0,0,1,51,5,Limited Systemic Sclerosis,1,2,3,46,1,1,1,1,3,1,1,near,0.4,1,0,1,0,1,near,1,1,3,1,0,1,"[""Systemic Sclerosis"", ""Mixed Connective Tissue Disease""]",1,1,1,1,"[""Limited Systemic Sclerosis (CREST syndrome)"", ""Systemic Sclerosis""]",1,1,1,0,1,0,38,1,"[""Systemic Sclerosis""]",1,0,1
mcr,mcr_v1,117,Antiphospholipid syndrome,,aphhm_lose,1,0,1,1,1,0,53,5,Antiphospholipid syndrome,,0,8,45,0,1,1,0,4,1,0,gold,1.0,0,0,0,0,0,other,1,0,3,1,0,1,"[""Antiphospholipid syndrome"", ""Infectious mononucleosis due to Epstein-Barr virus""]",1,0,1,0,"[""Antiphospholipid Syndrome"", ""Respiratory Syncytial Virus Infection""]",1,0,0,1,0,0,83,3,"[""Cryoglobulinemic vasculitis"", ""Systemic Lupus Erythematosus"", ""Hemophagocytic lymphohistiocytosis""]",0,0,1
mcr,mcr_v1,119,cystadenofibroma,,,0,0,0,0,0,0,48,5,Mucinous cystadenoma,,0,0,48,0,0,0,0,5,0,0,other,0.0,0,0,0,0,0,other,0,0,0,0,0,0,"[""Mucinous Ovarian Cystadenoma"", ""Serous Ovarian Cystadenoma""]",0,0,0,0,"[""Mucinous Ovarian Cyst"", ""Serous Ovarian Cyst""]",0,0,0,0,0,0,45,3,"[""Mucinous Cystadenoma"", ""Ovarian tumor"", ""Ovarian Fibroma""]",0,0,0
mcr,mcr_v1,121,Angioleiomyoma,,,0,0,0,0,0,0,51,5,Pleomorphic adenoma,,0,0,51,0,0,0,0,5,0,0,other,0.0,0,0,0,0,0,other,0,0,0,0,0,0,"[""Ectopic lymph node"", ""Lipoma""]",0,0,0,0,"[""Ectopic lymph node"", ""Lipoma""]",0,0,1,0,0,0,40,5,"[""Lipoma"", ""Lipoma"", ""Lipoma""]",0,0,0
mcr,mcr_v1,122,Malignant peripheral nerve sheath tumour,,,1,1,1,1,0,1,48,5,Malignant peripheral nerve sheath tumor,,0,4,44,0,1,0,2,3,0,1,near,0.667,0,1,0,0,0,near,0,1,0,0,1,0,"[""Malignant Peripheral Nerve Sheath Tumor"", ""Neurofibroma""]",0,1,0,1,"[""Malignant Peripheral Nerve Sheath Tumor (MPNST)"", ""Sarcomatoid Urothelial Carcinoma""]",0,1,0,1,0,1,17,1,"[""Malignant Peripheral Nerve Sheath Tumor""]",0,0,0
mcr,mcr_v1,123,chronic osteomyelitis,all_miss_but_recalled,,0,0,0,0,0,0,46,5,Ewing's sarcoma,2,1,2,43,1,1,1,1,3,1,1,other,0.0,1,1,0,1,0,other,1,1,3,1,0,1,"[""Ewing's Sarcoma"", ""Osteomyelitis""]",0,0,0,0,"[""Langerhans cell histiocytosis"", ""Ewing's sarcoma""]",1,0,1,1,1,0,41,4,"[""Ewing's Sarcoma"", ""Osteomyelitis"", ""Aneurysmal Bone Cyst""]",0,0,1
mcr,mcr_v1,124,echovirus 11 infection,,,0,0,0,0,0,0,50,5,Necrotizing autoimmune myopathy,,0,0,50,0,0,0,0,5,0,0,other,0.0,0,0,0,0,0,other,0,0,0,0,0,0,"[""Ibrutinib-induced myositis"", ""Polymyositis""]",0,0,0,0,"[""Immune-mediated myositis"", ""Myocarditis""]",0,0,0,0,0,0,26,5,"[""Polymyositis"", ""Lymphoma-associated Myositis"", ""Myositis associated with Mantle Cell Lymphoma""]",0,0,0
mcr,mcr_v1,125,Cohen syndrome,,,1,1,1,0,1,1,48,5,Cohen syndrome,2,1,21,26,1,1,1,4,0,1,1,gold,1.0,0,1,0,0,1,gold,1,1,3,1,1,1,"[""Cohen Syndrome"", ""Bardet-Biedl Syndrome""]",0,1,0,1,"[""Bardet-Biedl syndrome"", ""Alstrom syndrome""]",1,1,1,1,1,1,21,2,"[""Cohen Syndrome"", ""Bardet-Biedl syndrome""]",0,0,1
mcr,mcr_v1,126,Extranodal natural killer/T-cell lymphoma nasal type,base_win_rank,aphhm_lose,0,0,0,1,0,0,51,5,Subcutaneous panniculitis-like T-cell lymphoma,7,1,2,48,1,1,0,1,4,0,1,near,0.2,0,0,0,0,1,gold,1,0,3,1,0,1,"[""Lymphoma"", ""Sarcoma""]",1,1,1,1,"[""Lymphoma"", ""Mantle Cell Lymphoma""]",1,0,1,1,1,0,48,4,"[""Lymphoma"", ""Castleman disease"", ""Immune-Mediated Necrotizing Myopathy""]",0,0,1
mcr,mcr_v1,128,Endosalpingiosis,all_miss_but_recalled,,0,0,0,0,0,0,45,5,Papillary urothelial carcinoma,41,1,0,44,1,0,0,0,5,0,0,other,0.0,0,0,0,0,0,other,0,0,0,0,0,0,"[""Bladder Cancer"", ""Urinary Tract Infection""]",0,0,0,0,"[""Mucosal Neoplastic Lesion"", ""Endometriosis""]",0,0,0,0,0,0,25,2,"[""Urothelial Carcinoma"", ""Urinary Bladder Endometriosis""]",0,0,0
mcr,mcr_v2,129,biliary cystadenocarcinoma,all_miss_but_recalled,,0,0,0,0,0,,43,5,Pyogenic liver abscess,12,1,2,40,1,1,0,0,5,0,0,other,0.0,0,0,0,0,1,other,0,0,0,0,0,0,"[""Infected Non-Parasitic Liver Cyst"", ""Pyogenic Liver Abscess""]",0,0,0,0,"[""Infected Non-Parasitic Liver Cyst"", ""Hepatic Hydatid Cyst""]",0,0,,,,,,,,0,0,0
mcr,mcr_v2,130,Clinging carcinoma in situ,,,0,0,0,0,0,,55,5,Bilateral invasive ductal carcinoma,,0,19,36,0,1,0,2,3,0,1,near,0.167,0,1,0,0,0,near,0,1,0,0,1,0,"[""Infiltrative ductal carcinoma"", ""Fibroadenoma""]",0,1,0,1,"[""Invasive Ductal Carcinoma (Left Breast)"", ""Fibroadenoma (Right Breast)""]",0,1,,,,,,,,0,0,0
mcr,mcr_v2,131,Histiocytic necrotizing lymphadenitis,,,1,1,1,1,1,,52,5,Kikuchi-Fujimoto disease,9,1,3,48,1,1,1,1,3,1,1,other,0.0,1,1,0,1,1,other,0,1,0,0,0,0,"[""Kikuchi disease"", ""Cat scratch disease""]",0,0,0,0,"[""Kikuchi-Fujimoto disease"", ""Cat scratch disease""]",0,0,,,,,,,,0,0,0
mcr,mcr_v2,132,Bowel-associated dermatosis-arthritis syndrome,,,0,0,0,0,0,,46,5,Sweet syndrome,,0,20,26,0,1,0,1,4,0,1,near,0.167,0,0,0,0,0,near,0,0,0,0,0,0,"[""Neutrophilic panniculitis"", ""Sickle cell crisis""]",0,1,0,1,"[""Sweet syndrome"", ""Neutrophilic panniculitis""]",0,0,,,,,,,,0,0,0
mcr,mcr_v2,133,ProstateStromalSarcoma,,,1,1,1,1,1,,49,5,Prostatic stromal sarcoma,,0,0,49,0,0,0,0,5,0,0,other,0.0,0,0,0,0,0,other,0,0,0,0,0,0,"[""Prostatic Stromal Sarcoma"", ""Prostatic Stromal Tumor of Uncertain Malignant Potential""]",0,0,0,0,"[""Prostatic Stromal Sarcoma"", ""Prostatic Stromal Tumor of Uncertain Malignant Potential""]",0,0,,,,,,,,0,0,0
mcr,mcr_v2,134,Malakoplakia,,,1,1,0,0,0,,54,5,Malacoplakia,,0,0,54,0,0,0,0,5,0,0,other,0.0,0,0,0,0,1,gold,0,0,0,0,0,0,"[""Whipple disease"", ""familial adenomatous polyposis""]",0,0,0,0,"[""MTAP deficiency"", ""6-mercaptopurine-induced gastrointestinal toxicity""]",0,0,,,,,,,,0,0,0
mcr,mcr_v2,135,Intraductal papilloma,,,0,0,1,0,0,,52,5,Gynecomastia,8,2,0,50,1,0,0,0,5,0,0,other,0.0,0,0,0,0,1,other,0,0,0,0,0,0,"[""Papillary breast lesion"", ""Phyllodes tumor""]",0,0,0,0,"[""Breast Cancer"", ""Gynecomastia""]",0,0,,,,,,,,0,0,0
mcr,mcr_v2,136,glioblastoma multiforme,,,0,0,0,0,0,,52,5,Acute Demyelinating Encephalomyelitis,,0,0,52,0,0,0,0,5,0,0,other,0.0,0,0,0,0,0,other,0,0,0,0,0,0,"[""Acute Demyelinating Encephalomyelitis"", ""Low-Grade Glioma""]",0,0,0,0,"[""Acute Demyelinating Encephalomyelitis (ADEM)"", ""Brainstem Glioma""]",0,0,,,,,,,,0,0,0
mcr,mcr_v2,137,Solitary fibrous tumour,,,0,0,0,0,0,,47,5,Pleomorphic adenoma,,0,3,44,0,1,0,0,5,0,0,other,0.0,0,0,0,0,0,other,0,0,0,0,0,0,"[""Fibroma"", ""Lipoma""]",0,0,0,0,"[""Fibroma"", ""Lipoma""]",0,0,,,,,,,,0,0,0
mcr,mcr_v2,138,appendiceal intussusception,all_miss_but_recalled,,0,0,0,0,0,,52,5,Intestinal endometriosis,4,1,0,51,1,0,0,0,5,0,0,other,0.0,0,0,0,0,0,other,0,0,0,0,0,0,"[""Endometriosis"", ""Small-bowel obstruction""]",0,1,0,1,"[""Endometriosis with bowel involvement"", ""Inverted appendix or appendiceal neoplasm""]",0,0,,,,,,,,0,0,0
mcr,mcr_v2,139,type 2 autoimmune pancreatitis,base_win_rank,,0,0,1,1,0,,52,5,IgG4-related pancreatitis,5,1,9,42,1,1,1,3,1,1,1,near,0.2,1,1,1,0,1,near,1,1,3,1,1,1,"[""Autoimmune Pancreatitis"", ""Chronic Pancreatitis""]",1,0,1,0,"[""Autoimmune Pancreatitis"", ""IgG4-related Disease""]",0,1,,,,,,,,1,0,1
mcr,mcr_v2,140,Gastric adenomyoma,,,0,0,0,0,0,,45,5,Gastric polyps,,0,20,25,0,1,0,2,3,0,1,near,0.333,0,1,0,0,0,near,0,1,0,0,1,0,"[""Gastric adenocarcinoma"", ""Adenomatous polyp""]",0,1,0,1,"[""Hyperplastic Gastric Polyp"", ""Adenomatous Gastric Polyp""]",0,1,,,,,,,,0,0,0
mcr,mcr_v2,141,Rhegmatogenous retinal detachment with choroidal detachment,all_miss_but_recalled,,0,0,0,0,0,,52,5,Posterior Scleritis,3,1,11,40,1,1,0,1,4,0,1,other,0.0,0,1,0,0,0,other,1,1,3,0,1,0,"[""Posterior Scleritis"", ""Serous Retinal Detachment""]",0,1,0,1,"[""Posterior Scleritis"", ""Serous Retinal Detachment""]",0,1,,,,,,,,0,0,0
mcr,mcr_v2,142,angiosarcoma,all_miss_but_recalled,,0,0,0,0,0,,45,5,Rhabdomyosarcoma,12,1,0,44,1,0,1,0,4,1,0,other,0.0,1,0,0,1,1,other,1,0,3,1,0,1,"[""Rhabdomyosarcoma"", ""Angiosarcoma""]",0,0,0,0,"[""Rhabdomyosarcoma"", ""Langerhans Cell Histiocytosis (LCH)""]",0,0,,,,,,,,0,0,1
mcr,mcr_v2,143,ANCA-associated vasculitis,,,0,0,1,0,0,,51,5,Goodpasture syndrome,,0,5,46,0,1,0,0,5,0,0,other,0.0,0,0,0,0,0,other,1,0,3,0,0,0,"[""Wegener's granulomatosis"", ""Goodpasture's syndrome""]",0,0,0,0,"[""Pulmonary-Renal Syndrome"", ""Post-infectious Complication (e.g., Goodpasture syndrome)""]",0,0,,,,,,,,0,1,0
mcr,mcr_v2,144,systemic lupus erythematosus,,,1,1,1,1,1,,50,5,Systemic Lupus Erythematosus,1,1,1,48,1,1,1,0,4,1,0,gold,1.0,0,0,0,0,1,gold,1,0,3,1,0,1,"[""Systemic Lupus Erythematosus"", ""Pericarditis""]",1,0,1,0,"[""Systemic Lupus Erythematosus (SLE) with cardiac involvement"", ""Hypertensive emergency with pericardial effusion""]",1,0,,,,,,,,0,0,1
mcr,mcr_v2,145,right paraduodenal hernia,,,0,0,0,0,0,,51,5,Midgut volvulus,,0,1,50,0,1,0,1,4,0,1,other,0.0,0,1,0,0,0,other,0,0,0,0,0,0,"[""Midgut malrotation"", ""Intussusception""]",0,0,0,0,"[""Intestinal Malrotation"", ""Small Bowel Obstruction""]",0,0,,,,,,,,0,0,0
mcr,mcr_v2,146,Diffuse large B cell lymphoma,,,0,0,0,0,0,,50,5,Ileocecal tuberculosis,,0,2,48,0,1,0,1,4,0,1,other,0.0,0,1,0,0,0,other,0,0,0,0,0,0,"[""Intestinal tuberculosis"", ""Crohn's disease""]",0,0,0,0,"[""Intestinal Tuberculosis"", ""Crohn's Disease""]",0,0,,,,,,,,0,0,0
mcr,mcr_v2,147,angioleiomyoma,,,0,0,0,0,0,,49,5,Chondroblastoma,,0,0,49,0,0,0,0,5,0,0,other,0.0,0,0,0,0,0,other,0,0,0,0,0,0,"[""Ganglion Cyst"", ""Synovial Hemangioma""]",0,0,0,0,"[""Synovial Chondromatosis"", ""Pigmented Villonodular Synovitis""]",0,0,,,,,,,,0,0,0
mcr,mcr_v2,150,Intraosseous lipoma,,,0,0,0,0,0,,44,5,Periapical granuloma,,0,0,44,0,0,0,0,5,0,0,other,0.0,0,0,0,0,0,other,0,0,0,0,0,0,"[""Periapical granuloma"", ""Periapical cyst""]",0,0,0,0,"[""Periapical Granuloma"", ""Periapical Cyst""]",0,0,,,,,,,,0,0,0
mcr,mcr_v2,151,coccidioidomycosis,all_miss_but_recalled,,0,0,0,0,0,,54,5,Toxoplasmosis,15,1,0,53,1,0,0,0,5,0,0,other,0.0,0,0,0,0,0,other,0,0,0,0,0,0,"[""Pneumocystis jirovecii pneumonia"", ""Cytomegalovirus pneumonia""]",0,0,0,0,"[""Pneumocystis jirovecii pneumonia (PCP)"", ""Toxoplasmosis""]",0,0,,,,,,,,0,0,0
mcr,mcr_v2,152,Squamous cell carcinoma,base_win_rank,,0,0,1,1,1,,48,5,Verrucous carcinoma,1,1,5,42,1,1,1,1,3,1,1,near,0.25,1,0,1,0,1,near,1,0,3,1,0,1,"[""Squamous Cell Carcinoma"", ""Keratoacanthoma""]",1,0,1,0,"[""Squamous Cell Carcinoma"", ""Keratoacanthoma""]",1,0,,,,,,,,1,0,1
mcr,mcr_v2,153,Pheochromocytoma,all_miss_but_recalled,,0,0,0,0,0,,49,5,Myocarditis,12,1,0,48,1,0,0,0,5,0,0,other,0.0,0,0,0,0,0,other,0,0,0,0,0,0,"[""Myocarditis"", ""Stress-induced cardiomyopathy""]",0,0,0,0,"[""Myocarditis"", ""Reverse Takotsubo Cardiomyopathy""]",0,0,,,,,,,,0,0,0
mcr,mcr_v2,154,Decompression sickness,,,1,1,1,1,1,,47,5,Decompression sickness,1,2,1,44,1,1,1,0,4,1,0,gold,1.0,0,0,0,0,1,gold,1,0,3,1,0,1,"[""Decompression Sickness"", ""Gas Embolism""]",1,0,1,0,"[""Decompression Sickness"", ""Arterial Gas Embolism""]",1,0,,,,,,,,0,0,1
mcr,mcr_v2,156,Angiomyolipoma,all_miss_but_recalled,,0,0,0,0,0,,44,5,Renal cell carcinoma with vascular extension,2,3,0,41,1,0,1,0,4,1,0,other,0.0,1,0,0,1,1,other,1,0,3,1,0,1,"[""Renal Cell Carcinoma"", ""Angiomyolipoma""]",1,0,1,0,"[""Renal Cell Carcinoma with Tumor Thrombus"", ""Angiomyolipoma""]",1,0,,,,,,,,0,0,1
mcr,mcr_v2,159,endometrioid adenocarcinoma,,,0,1,0,0,1,,50,5,Undifferentiated uterine sarcoma,5,1,3,46,1,1,1,0,4,1,0,other,0.0,1,0,0,1,1,gold,1,0,3,0,0,0,"[""Disseminated peritoneal leiomyomatosis"", ""Leiomyosarcoma""]",0,0,0,0,"[""Iatrogenic dissemination of malignant cells"", ""Disseminated peritoneal leiomyomatosis""]",1,0,,,,,,,,0,0,1
mcr,mcr_v2,161,EccrinePorocarcinoma,,,0,0,0,0,0,,43,5,Squamous cell carcinoma,,0,0,43,0,0,0,0,5,0,0,other,0.0,0,0,0,0,0,other,0,0,0,0,0,0,"[""Squamous Cell Carcinoma"", ""Merkel Cell Carcinoma""]",0,0,0,0,"[""Squamous Cell Carcinoma"", ""Melanoma""]",0,0,,,,,,,,0,0,0
mcr,mcr_v2,162,Milker's nodules,,,1,1,0,1,0,,48,5,Milker's nodule,2,1,0,47,1,0,1,0,4,1,0,gold,0.333,0,0,0,0,1,gold,1,0,3,1,0,1,"[""Orf virus"", ""Milker's nodule""]",0,1,0,1,"[""Paravaccinia (Milker's nodule)"", ""Orf (ecthyma contagiosum)""]",0,0,,,,,,,,0,0,1
mcr,mcr_v2,163,Acute appendicitis,all_miss_but_recalled,,0,0,0,0,0,,49,5,Ectopic pregnancy,4,1,0,48,1,0,1,0,4,1,0,other,0.0,1,0,0,1,1,other,1,0,3,0,0,0,"[""Ectopic Pregnancy"", ""Ovarian Cyst""]",0,0,0,0,"[""Ectopic Pregnancy"", ""Adnexal Mass or Ovarian Cyst""]",0,0,,,,,,,,0,0,0
mcr,mcr_v2,164,Primary squamous cell carcinoma of the liver,,,0,0,0,0,0,,47,5,Intrahepatic cholangiocarcinoma,,0,12,35,0,1,0,1,4,0,1,other,0.0,0,1,0,0,0,other,0,1,0,0,0,0,"[""Intrahepatic cholangiocarcinoma"", ""Gallbladder cancer""]",0,0,0,0,"[""Intrahepatic Cholangiocarcinoma"", ""Gallbladder Cancer""]",0,0,,,,,,,,0,0,0
mcr,mcr_v2,165,Leiomyosarcoma,all_miss_but_recalled,,0,0,0,0,0,,49,5,Gastrointestinal stromal tumor,9,2,0,47,1,0,0,0,5,0,0,other,0.0,0,0,0,0,1,other,0,0,0,0,0,0,"[""Gastrointestinal Stromal Tumor (GIST)"", ""Lung Cancer""]",1,0,1,0,"[""Gastrointestinal Stromal Tumor (GIST)"", ""Sarcoma""]",0,0,,,,,,,,0,0,1
mcr,mcr_v2,166,Contrast-induced encephalopathy,base_win_recall,,0,0,1,1,1,,50,5,Hypoxic-Ischemic Encephalopathy,,0,5,45,0,1,0,3,2,0,1,near,0.2,0,1,0,0,0,near,1,1,3,1,0,1,"[""Contrast-Induced Encephalopathy"", ""Cerebral Edema""]",1,0,1,0,"[""Contrast-induced encephalopathy"", ""Cerebral complication related to complex congenital heart disease""]",1,1,,,,,,,,0,1,1
mcr,mcr_v2,167,Myofibroma,,,0,0,0,0,0,,50,5,Osteosarcoma,,0,0,50,0,0,0,0,5,0,0,other,0.0,0,0,0,0,0,other,0,0,0,0,0,0,"[""Osteosarcoma"", ""Ewing's Sarcoma""]",0,0,0,0,"[""Osteosarcoma"", ""Ewing's Sarcoma""]",0,0,,,,,,,,0,0,0
mcr,mcr_v2,168,Paraneoplastic encephalomyelitis,,,0,0,0,0,0,,50,5,Acute Disseminated Encephalomyelitis,,0,2,48,0,1,0,1,4,0,1,near,0.25,0,0,0,0,0,near,0,1,0,0,1,0,"[""Acute Disseminated Encephalomyelitis (ADEM)"", ""Toxic/Metabolic Myelopathy""]",0,1,0,1,"[""Acute Disseminated Encephalomyelitis (ADEM)"", ""Multiple Sclerosis (MS)""]",0,1,,,,,,,,0,0,0
mcr,mcr_v2,169,rheumatoid arthritis,,,1,1,1,1,1,,52,5,Seropositive Rheumatoid Arthritis,1,3,8,41,1,1,2,1,2,1,1,gold,0.667,1,1,0,0,1,gold,1,1,6,1,0,1,"[""Rheumatoid Arthritis"", ""Systemic Lupus Erythematosus""]",1,0,1,0,"[""Rheumatoid Arthritis (RA)"", ""Seronegative Spondyloarthropathy or other Autoimmune Disorder""]",1,0,,,,,,,,0,0,1
mcr,mcr_v2,170,T-cell lymphoblastic lymphoma,e7_win_rank,,1,0,0,0,0,,49,5,Lymphoblastic lymphoma,33,1,6,42,1,1,1,2,2,1,1,gold,0.667,0,1,0,0,0,near,1,1,3,1,0,1,"[""Lymphoma"", ""Mediastinal germ cell tumor""]",1,0,1,0,"[""Lymphoma"", ""Germ Cell Tumor""]",1,0,,,,,,,,1,0,1
mcr,mcr_v2,171,mast cell leukaemia,,,0,0,0,0,0,,42,5,Hemophagocytic Lymphohistiocytosis,,0,2,40,0,1,0,0,5,0,0,other,0.0,0,0,0,0,0,other,0,0,0,0,0,0,"[""Hemophagocytic lymphohistiocytosis"", ""Histiocytic medullary reticulosis""]",0,0,0,0,"[""Hemophagocytic Lymphohistiocytosis (HLH)"", ""Myelodysplastic Syndrome (MDS) with features of acute leukemia""]",0,0,,,,,,,,0,0,0
mcr,mcr_v2,172,mucormycosis,,,1,0,1,1,0,,46,5,Mucormycosis,1,1,0,45,1,0,1,0,4,1,0,gold,1.0,0,0,0,0,1,other,1,0,3,1,0,1,"[""Mucormycosis"", ""Aspergillosis""]",1,0,1,0,"[""Mucormycosis"", ""Aspergillosis""]",1,0,,,,,,,,0,0,1
mcr,mcr_v2,173,Chronic subdural hematoma,e7_win_rank,,1,1,0,0,0,,48,5,Chronic subdural hematoma,1,2,2,44,1,1,2,0,3,1,0,gold,1.0,1,0,0,0,1,gold,1,1,3,1,0,1,"[""Subdural hematoma"", ""Pseudomeningocele""]",1,0,1,0,"[""Subdural Hematoma"", ""Post-Dural Puncture Headache (PDPH)""]",0,1,,,,,,,,1,0,1
mcr,mcr_v2,174,autoimmune gastritis,base_win_rank,,0,0,1,1,1,,51,5,Gastric involvement in Sjögren’s syndrome,1,1,9,41,1,1,1,2,2,1,1,other,0.0,1,1,0,1,1,near,1,1,3,1,1,1,"[""Autoimmune gastritis"", ""Atrophic gastritis""]",1,1,1,1,"[""Autoimmune Gastritis"", ""Chronic Erosive Gastritis""]",1,1,,,,,,,,1,0,1
mcr,mcr_v2,175,Fibrous dysplasia,all_miss_but_recalled,,0,0,0,0,0,,45,5,Juvenile ossifying fibroma,2,3,3,39,1,1,1,0,4,1,0,other,0.0,1,0,0,1,1,other,1,0,3,1,0,1,"[""Juvenile Ossifying Fibroma"", ""Fibrous Dysplasia""]",1,0,1,0,"[""Juvenile ossifying fibroma"", ""Fibrous dysplasia""]",1,0,,,,,,,,0,0,1
mcr,mcr_v2,177,Niemann-Pick disease type B,all_miss_but_recalled,,0,0,0,0,0,,49,5,Primary Myelofibrosis,42,1,6,42,1,1,0,0,5,0,0,other,0.0,0,0,0,0,0,other,0,0,0,0,0,0,"[""Portal Hypertension"", ""Hypertension""]",0,0,0,0,"[""Hereditary Spherocytosis"", ""Portal Hypertension due to Portal Vein Thrombosis or Splenic Vein Thrombosis""]",0,0,,,,,,,,0,0,0
mcr,mcr_v2,178,Malingering,all_miss_but_recalled,,0,0,0,0,0,,51,5,Factitious disorder,17,1,0,50,1,0,1,0,4,1,0,other,0.0,1,0,0,1,0,other,1,0,3,1,0,1,"[""Factitious Disorder"", ""Malingering""]",1,0,1,0,"[""Factitious Disorder"", ""Malingering""]",1,0,,,,,,,,0,0,1
mcr,mcr_v2,179,hypoxia-induced thrombocytopenia,,,0,0,0,0,0,,50,5,Thrombocytopenia with congenital heart disease,,0,16,34,0,1,0,2,3,0,1,near,0.143,0,1,0,0,0,near,0,1,0,0,0,0,"[""Pulmonary Atresia with Ventricular Septal Defect"", ""Complex Congenital Heart Disease""]",0,1,0,1,"[""Heparin-Induced Thrombocytopenia (HIT)"", ""Postoperative Thrombocytopenia due to Cardiac Surgery""]",0,1,,,,,,,,0,0,0
mcr,mcr_v2,182,Plasmacytoma,all_miss_but_recalled,,0,0,0,0,0,,44,5,Plasma cell myeloma hepatic involvement,3,1,0,43,1,0,1,0,4,1,0,other,0.0,1,0,0,1,0,other,0,0,0,0,0,0,"[""Hepatic metastasis from plasma cell myeloma"", ""Primary liver cancer""]",0,0,0,0,"[""Liver Metastasis"", ""Direct Liver Involvement by Myeloma""]",0,0,,,,,,,,0,0,0
mcr,mcr_v2,183,atypical femoral neck fracture,all_miss_but_recalled,,0,0,0,0,0,,50,5,Atypical femoral fracture,9,1,11,38,1,1,0,5,0,0,1,near,0.75,0,1,0,0,0,near,1,1,3,0,1,0,"[""Atypical Femoral Fracture"", ""Osteoporosis""]",0,1,0,1,"[""Atypical Femoral Fracture"", ""Osteoporotic Femoral Neck Fracture""]",0,1,,,,,,,,0,0,0
mcr,mcr_v2,184,Psoriasiform drug eruption,,,1,1,1,1,1,,49,5,Drug-induced psoriasiform eruption,,0,2,47,0,1,0,1,4,0,1,near,0.75,0,0,0,0,0,near,0,1,0,0,1,0,"[""Psoriasiform drug reaction"", ""Drug-induced psoriasis""]",0,1,0,1,"[""Psoriasiform drug reaction"", ""Cutaneous lymphoma""]",1,0,,,,,,,,0,0,1
mcr,mcr_v2,186,pyogenic spondylodiscitis,,,1,1,1,1,1,,49,5,Spondylodiscitis,1,2,1,46,1,1,2,1,2,1,1,gold,0.5,1,1,0,0,1,gold,1,0,6,1,0,1,"[""Spondylodiscitis"", ""Epidural abscess""]",0,0,0,0,"[""Spinal Epidural Abscess"", ""Discitis/Osteomyelitis""]",1,0,,,,,,,,0,0,1
mcr,mcr_v2,187,Schwannoma,all_miss_but_recalled,,0,0,0,0,0,,45,5,Ganglion Cyst,6,1,0,44,1,0,0,0,5,0,0,other,0.0,0,0,0,0,1,other,1,0,3,0,0,0,"[""Ganglion cyst"", ""Giant cell tumor of tendon sheath""]",0,0,0,0,"[""Ganglion cyst"", ""Giant cell tumor of the tendon sheath""]",0,0,,,,,,,,0,0,0
mcr,mcr_v2,188,Liposarcoma,all_miss_but_recalled,,0,0,0,0,0,,43,5,Gastrointestinal stromal tumor,2,2,0,41,1,0,1,0,4,1,0,other,0.0,1,0,0,1,1,other,0,0,0,0,0,0,"[""Gastrointestinal Stromal Tumor (GIST)"", ""Leiomyoma""]",0,0,0,0,"[""Gastrointestinal Stromal Tumor (GIST)"", ""Leiomyoma""]",0,0,,,,,,,,0,0,0
mcr,mcr_v2,189,cherubism,,,1,1,1,1,1,,41,5,Cherubism,1,1,0,40,1,0,1,0,4,1,0,gold,1.0,0,0,0,0,1,gold,1,0,3,1,0,1,"[""Cherubism"", ""Central Giant Cell Granuloma""]",1,0,1,0,"[""Cherubism"", ""Fibrous Dysplasia""]",1,0,,,,,,,,0,0,1
mcr,mcr_v2,190,Primary signet-ring cell carcinoma of the bladder,all_miss_but_recalled,,0,0,0,0,0,,49,5,Primary bladder adenocarcinoma,2,1,45,3,1,1,1,4,0,1,1,near,0.25,1,1,1,0,0,near,1,1,3,0,1,0,"[""Primary adenocarcinoma of the bladder"", ""Secondary adenocarcinoma of the bladder""]",0,1,0,1,"[""Primary adenocarcinoma of the bladder"", ""Secondary adenocarcinoma of the bladder""]",0,1,,,,,,,,0,0,0
mcr,mcr_v2,192,Neurosyphilis,all_miss_but_recalled,,0,0,0,0,0,,47,5,Ischemic stroke,11,1,0,46,1,0,0,0,5,0,0,other,0.0,0,0,0,0,0,other,0,0,0,0,0,0,"[""Ischemic Stroke"", ""Cavernous Malformation""]",0,0,0,0,"[""Ischemic Stroke"", ""Cavernoma-related Stroke""]",0,0,,,,,,,,0,0,0
mcr,mcr_v2,194,Mycosis fungoides,,,1,1,1,1,1,,44,5,Mycosis fungoides,1,2,0,42,1,0,2,0,3,1,0,gold,1.0,1,0,0,0,1,gold,1,0,3,1,0,1,"[""Mycosis Fungoides"", ""Cutaneous T-cell lymphoma""]",1,0,1,0,"[""Mycosis Fungoides"", ""Cutaneous T-cell Lymphoma""]",1,0,,,,,,,,0,0,1
mcr,mcr_v2,196,vertebral hemangioma,all_miss_but_recalled,,0,0,0,0,0,,46,5,Chordoma,11,1,0,45,1,0,0,0,5,0,0,other,0.0,0,0,0,0,0,other,0,1,0,0,0,0,"[""Metastatic tumor"", ""Multiple myeloma""]",0,0,0,0,"[""Spinal tumor"", ""Metastatic spinal disease""]",0,0,,,,,,,,0,0,0
mcr,mcr_v2,197,Pseudoseptic arthritis,base_win_rank,,0,0,1,0,0,,50,5,Viscosupplementation-related inflammatory reaction,1,1,14,35,1,1,1,1,3,1,1,other,0.0,1,1,0,1,1,other,1,1,6,1,0,2,"[""Pseudoseptic Arthritis"", ""Septic Arthritis""]",1,0,1,0,"[""Aseptic inflammatory reaction to Synvisc injections"", ""Septic arthritis""]",1,0,,,,,,,,1,0,1
mcr,mcr_v2,198,Rosette-forming glioneuronal tumor,all_miss_but_recalled,,0,0,0,0,0,,48,5,Ependymoma,30,1,9,38,1,1,0,0,5,0,0,other,0.0,0,0,0,0,0,other,0,0,0,0,0,0,"[""Ependymoma"", ""Medulloblastoma""]",0,0,0,0,"[""Ependymoma"", ""Medulloblastoma""]",0,0,,,,,,,,0,0,0
mcr,mcr_v2,199,bismuth encephalopathy,,,0,0,0,0,0,,49,5,Creutzfeldt-Jakob disease,,0,4,45,0,1,0,1,4,0,1,other,0.0,0,1,0,0,0,other,0,1,0,0,0,0,"[""Creutzfeldt-Jakob Disease"", ""Autoimmune Encephalitis""]",0,0,0,0,"[""Autoimmune Encephalitis"", ""Anti-NMDA Receptor Encephalitis""]",0,1,,,,,,,,0,0,0
mcr,mcr_v2,200,Angiomyofibroblastoma,all_miss_but_recalled,,0,0,0,0,0,,48,5,Canal of Nuck hernia,44,1,0,47,1,0,0,0,5,0,0,other,0.0,0,0,0,0,0,other,0,0,0,0,0,0,"[""Canal of Nuck hernia"", ""Vulvar lipoma""]",0,0,0,0,"[""Canal of Nuck hernia"", ""Lipoma or soft tissue tumor""]",0,0,,,,,,,,0,0,0
mcr,mcr_v2,201,NeuromyelitisOptica,,,1,1,1,1,1,,45,5,Neuromyelitis optica spectrum disorder,,0,0,45,0,0,0,0,5,0,0,other,0.0,0,0,0,0,0,other,0,0,0,0,0,0,"[""Neuromyelitis Optica Spectrum Disorder"", ""Tumefactive Demyelinating Lesions""]",0,0,0,0,"[""Neuromyelitis optica spectrum disorder (NMOSD)"", ""Multiple sclerosis (MS)""]",0,0,,,,,,,,0,0,0
mcr,mcr_v2,202,Mantle cell lymphoma,,,0,0,0,0,0,,54,5,Torus Palatinus,,0,0,54,0,0,0,0,5,0,0,other,0.0,0,0,0,0,0,other,0,0,0,0,0,0,"[""Torus Palatinus"", ""Giant Cell Granuloma""]",0,0,0,0,"[""Adenoid Cystic Carcinoma (AdCC)"", ""Lipoma""]",0,0,,,,,,,,0,0,0
mcr,mcr_v2,203,Epitheloid leiomyoma,,,0,0,0,0,0,,47,5,Vulvar fibroma,,0,1,46,0,1,0,1,4,0,1,other,0.0,0,1,0,0,0,near,0,1,0,0,0,0,"[""Vulvar fibroma"", ""Vulvar lipoma""]",0,0,0,0,"[""Vulvar malignancy"", ""Benign vulvar tumor""]",0,0,,,,,,,,0,0,0
mcr,mcr_v2,204,genital tuberculosis,,,0,0,0,0,0,,49,5,Tubo-ovarian abscess,,0,1,48,0,1,0,0,5,0,0,other,0.0,0,0,0,0,0,other,0,0,0,0,0,0,"[""Tubo-ovarian abscess"", ""Ovarian cyst""]",0,0,0,0,"[""Tubo-ovarian abscess"", ""Ruptured ovarian cyst""]",0,0,,,,,,,,0,0,0
mcr,mcr_v2,205,Cysticercosis,base_win_recall,,0,0,1,1,0,,52,5,Lipoid proteinosis,,0,0,52,0,0,0,0,5,0,0,other,0.0,0,0,0,0,0,other,1,0,3,1,0,1,"[""Cysticercosis"", ""Neurofibromatosis""]",1,0,1,0,"[""Cysticercosis"", ""Lipoma""]",0,0,,,,,,,,0,1,1
mcr,mcr_v2,206,sparganosis,,,0,0,0,0,0,,53,5,Fibroadenoma,,0,0,53,0,0,0,0,5,0,0,other,0.0,0,0,0,0,0,other,0,0,0,0,0,0,"[""Breast Cancer"", ""Phyllodes Tumor""]",0,0,0,0,"[""Breast Cancer"", ""Benign Breast Lesion""]",0,0,,,,,,,,0,0,0
mcr,mcr_v2,207,renal cell carcinoma,,,0,0,0,0,0,,53,5,Chronic inflammatory demyelinating polyneuropathy,,0,0,53,0,0,0,0,5,0,0,other,0.0,0,0,0,0,0,other,0,0,0,0,0,0,"[""Chronic Inflammatory Demyelinating Polyneuropathy (CIDP)"", ""Amyotrophic Lateral Sclerosis (ALS)""]",0,0,0,0,"[""Chronic Inflammatory Demyelinating Polyneuropathy (CIDP)"", ""Multifocal Acquired Demyelinating Sensory and Motor Polyneuropathy (MADSAM)""]",0,0,,,,,,,,0,0,0
mcr,mcr_v2,208,Takotsubo syndrome,,,1,1,1,1,1,,52,5,Takotsubo cardiomyopathy,,0,10,42,0,1,0,2,3,0,1,near,0.333,0,1,0,0,0,near,1,1,3,1,1,1,"[""Takotsubo syndrome"", ""Acute coronary syndrome""]",1,0,1,0,"[""Takotsubo syndrome"", ""Myocardial infarction with cardiogenic shock""]",1,1,,,,,,,,0,0,1
mcr,mcr_v2,209,melanoma,all_miss_but_recalled,,0,0,0,0,0,,46,5,Ewing sarcoma,6,1,0,45,1,0,0,0,5,0,0,other,0.0,0,0,0,0,1,other,1,0,3,1,0,1,"[""Metastatic melanoma"", ""Ewing sarcoma/primitive neuroectodermal tumor (PNET)""]",0,0,0,0,"[""Ewing Sarcoma/Primitive Neuroectodermal Tumor (PNET)"", ""Desmoplastic Small Round Cell Tumor (DSRCT)""]",0,0,,,,,,,,0,0,1
mcr,mcr_v2,210,Periapical actinomycosis,,,0,0,0,0,0,,43,5,Odontogenic keratocyst,,0,1,42,0,1,0,0,5,0,0,other,0.0,0,0,0,0,0,other,0,1,0,0,0,0,"[""odontogenic keratocyst"", ""unicystic ameloblastoma""]",0,0,0,0,"[""Odontogenic Keratocyst"", ""Unicystic Ameloblastoma""]",0,0,,,,,,,,0,0,0
mcr,mcr_v2,211,Ewing sarcoma,base_win_rank,,0,0,1,1,0,,49,5,Endometrial stromal sarcoma,5,1,11,37,1,1,1,1,3,1,1,near,0.25,1,0,1,0,1,near,0,1,0,0,1,0,"[""Ewing's Sarcoma"", ""High-grade Endometrial Stromal Sarcoma""]",1,0,1,0,"[""Ewing Sarcoma/Primitive Neuroectodermal Tumor (PNET)"", ""Desmoplastic Small Round Cell Tumor (DSRCT)""]",0,1,,,,,,,,1,0,1
mcr,mcr_v2,212,Neurofibromatosis type 2,base_win_recall,,0,0,1,0,0,,49,5,Neurofibromatosis type 1,,0,1,48,0,1,0,1,4,0,1,near,1.0,0,0,0,0,0,near,1,1,3,1,0,1,"[""Neurofibromatosis type 2"", ""Paracentral acute middle maculopathy""]",1,1,1,1,"[""Neurofibromatosis Type 2"", ""Neurofibromatosis Type 1""]",0,1,,,,,,,,0,1,1
mcr,mcr_v2,213,morbilliform drug eruption,,,0,0,1,0,0,,47,5,Lichenoid drug eruption,,0,3,44,0,1,0,1,4,0,1,near,0.5,0,0,0,0,0,near,0,0,0,0,0,0,"[""Drug rash due to M7824"", ""Severe cutaneous adverse reaction (SCAR)""]",0,0,0,0,"[""Drug Reaction with Eosinophilia and Systemic Symptoms (DRESS)"", ""Stevens-Johnson Syndrome (SJS)/Toxic Epidermal Necrolysis (TEN)""]",0,0,,,,,,,,0,0,0
mcr,mcr_v2,214,Urticarial vasculitis,all_miss_but_recalled,,0,0,0,0,0,,48,5,Erythema annulare centrifugum,1,1,3,44,1,1,1,1,3,1,1,other,0.0,1,1,0,1,1,other,1,0,3,0,0,0,"[""Erythema Multiforme"", ""Erythema Annulare Centrifugum""]",0,0,0,0,"[""Pigmented Purpuric Eruption"", ""Erythema Multiforme""]",1,0,,,,,,,,0,0,1
mcr,mcr_v2,215,ClearCellSarcoma,,,0,0,0,0,1,,52,5,Dermatofibrosarcoma protuberans,,0,0,52,0,0,0,0,5,0,0,other,0.0,0,0,0,0,0,other,0,0,0,0,0,0,"[""Dermatofibrosarcoma protuberans"", ""Atypical fibroxanthoma""]",0,0,0,0,"[""Spindle Cell Melanoma"", ""Dermal Sarcoma""]",0,0,,,,,,,,0,0,0
mcr,mcr_v2,217,Herpes simplex virus reactivation,,,0,0,0,0,0,,50,5,Chronic Migraine,,0,0,50,0,0,0,0,5,0,0,other,0.0,0,0,0,0,0,other,0,0,0,0,0,0,"[""Hemicrania continua"", ""Migraine with aura""]",0,0,0,0,"[""Migraine with Aura"", ""Cluster Headache""]",0,0,,,,,,,,0,0,0
mcr,mcr_v2,218,Erdheim-Chester disease,,,1,1,1,1,1,,50,5,Erdheim-Chester disease,11,1,9,40,1,1,1,1,3,1,1,gold,1.0,0,1,0,0,1,gold,1,1,3,1,0,1,"[""Erdheim-Chester disease"", ""Langerhans cell histiocytosis""]",1,1,1,1,"[""Erdheim-Chester disease"", ""Paget disease""]",1,0,,,,,,,,0,0,1
mcr,mcr_v2,220,Kawasaki disease,,,1,1,1,1,1,,55,5,Kawasaki disease,1,1,5,49,1,1,1,0,4,1,0,gold,1.0,0,0,0,0,1,gold,1,0,3,1,0,1,"[""Kawasaki Disease"", ""Multisystem Inflammatory Syndrome in Children (MIS-C)""]",1,0,1,0,"[""Kawasaki disease"", ""Multisystem inflammatory syndrome in children (MIS-C)""]",1,0,,,,,,,,0,0,1
mcr,mcr_v2,221,giant cell-rich osteosarcoma,,,0,0,0,0,0,,50,5,Non-Hodgkin lymphoma,,0,1,49,0,1,0,0,5,0,0,other,0.0,0,0,0,0,0,other,0,0,0,0,0,0,"[""Malignant Pleural Mesothelioma"", ""Lymphoma""]",0,0,0,0,"[""Lymphoma"", ""Germ Cell Tumor""]",0,0,,,,,,,,0,0,0
mcr,mcr_v2,222,fibromatosis-like metaplastic carcinoma,,,0,0,0,0,0,,51,5,Invasive ductal carcinoma,,0,15,36,0,1,0,2,3,0,1,near,0.167,0,1,0,0,1,near,0,0,0,0,0,0,"[""Invasive Breast Cancer"", ""Phyllodes Tumor""]",0,0,0,0,"[""Breast Cancer"", ""Fat Necrosis of the Breast""]",0,0,,,,,,,,0,0,0
mcr,mcr_v2,223,COVID-19-related coagulopathy,,,0,0,0,0,0,,51,5,Severe Acute Respiratory Syndrome Coronavirus 2 (SARS-CoV-2) infection,,0,0,51,0,0,0,0,5,0,0,other,0.0,0,0,0,0,0,other,0,1,0,0,1,0,"[""Severe COVID-19 pneumonia"", ""Acute respiratory distress syndrome""]",0,1,0,1,"[""Severe COVID-19 with acute respiratory distress syndrome (ARDS)"", ""COVID-19-associated coagulopathy with renal failure""]",0,1,,,,,,,,0,0,0
mcr,mcr_v2,224,mucosal melanoma,,,1,0,0,1,1,,47,5,Mucosal melanoma of the lip,34,1,6,40,1,1,1,1,3,1,1,gold,0.5,0,1,0,0,0,near,1,1,3,1,1,1,"[""Melanoma"", ""Mucosal Melanosis""]",0,1,0,1,"[""Oral Melanoma"", ""Labial Melanotic Macule""]",0,1,,,,,,,,0,0,1
mcr,mcr_v2,226,Glomus tumor,all_miss_but_recalled,,0,0,0,0,0,,42,5,Tracheal carcinoid tumor,16,2,6,34,1,1,0,1,4,0,1,near,0.25,0,0,0,0,0,near,0,1,0,0,1,0,"[""Tracheal carcinoid tumor"", ""Mucoepidermoid carcinoma""]",0,1,0,1,"[""Adenoid Cystic Carcinoma"", ""Recurrent Carcinoid Tumor""]",0,1,,,,,,,,0,0,0
mcr,mcr_v2,227,pulmonary embolism,base_win_rank,,0,0,1,0,0,,48,5,Myocardial infarction with normal coronary arteries,6,1,1,46,1,1,1,0,4,1,0,other,0.0,1,0,0,1,1,other,1,1,3,1,0,1,"[""Pulmonary Embolism"", ""Right Ventricular Infarction""]",0,0,0,0,"[""Acute Cor Pulmonale"", ""Myopericarditis""]",1,0,,,,,,,,1,0,1
mcr,mcr_v2,229,Idiopathic retroperitoneal fibrosis,,,1,1,1,1,1,,46,5,Retroperitoneal fibrosis,1,1,22,23,1,1,1,2,2,1,1,gold,0.667,0,1,0,0,1,gold,1,1,3,1,0,1,"[""Retroperitoneal fibrosis"", ""Lymphoma""]",1,1,1,1,"[""Retroperitoneal fibrosis"", ""Malignant retroperitoneal tumor""]",1,1,,,,,,,,0,0,1
mcr,mcr_v2,230,Mucormycosis,all_miss_but_recalled,,0,0,0,0,0,,62,5,Acute Lymphoblastic Leukemia,,0,0,62,0,0,0,0,5,0,0,other,0.0,0,0,0,0,1,other,0,0,0,0,0,0,"[""Invasive fungal infection"", ""Muscle abscess""]",1,0,1,0,"[""Invasive Aspergillosis"", ""Mucormycosis""]",0,0,,,,,,,,0,0,1
mcr,mcr_v2,231,urachal cyst,,,0,0,0,0,0,,52,5,Intussusception,,0,0,52,0,0,0,0,5,0,0,other,0.0,0,0,0,0,0,other,0,0,0,0,0,0,"[""Intussusception"", ""Appendicitis""]",0,0,0,0,"[""Intussusception"", ""Mesenteric cyst""]",0,0,,,,,,,,0,0,0
mcr,mcr_v2,232,eccrine chromhidrosis,,,0,0,0,0,0,,52,5,Cholestasis,,0,0,52,0,0,0,0,5,0,0,other,0.0,0,0,0,0,0,other,0,0,0,0,0,0,"[""Cholestasis-induced pruritus"", ""Pityriasis rubra pilaris""]",0,0,0,0,"[""Primary Biliary Cirrhosis"", ""Pigmented Purpuric Eruptions""]",0,0,,,,,,,,0,0,0
mcr,mcr_v2,233,double-outlet right ventricle,,,1,1,1,0,0,,42,5,Double Outlet Right Ventricle,,0,8,34,0,1,0,2,3,0,1,near,1.0,0,1,0,0,0,near,0,1,0,0,1,0,"[""Double Outlet Right Ventricle"", ""Tricuspid Atresia""]",0,0,0,0,"[""Hypoplastic Left Heart Syndrome (HLHS)"", ""Tricuspid Atresia with Complex Congenital Heart Defects""]",0,0,,,,,,,,0,0,0
mcr,mcr_v2,234,SpindleCellHemangioma,,,0,0,0,0,0,,48,5,Hemangioma of the bone,,0,0,48,0,0,0,0,5,0,0,other,0.0,0,0,0,0,0,other,0,0,0,0,0,0,"[""Giant Cell Tumor"", ""Osteoma""]",0,0,0,0,"[""Aneurysmal Bone Cyst (ABC)"", ""Giant Cell Tumor""]",0,0,,,,,,,,0,0,0
mcr,mcr_v2,235,Nonketotic hyperglycemia hemichorea,,,0,0,1,0,1,,48,5,Diabetic striatal disease,,0,1,47,0,1,0,1,4,0,1,other,0.0,0,1,0,0,0,other,0,1,0,0,1,0,"[""Hemichorea-Hemiballismus"", ""Diabetic Striatopathy""]",0,1,0,1,"[""Diabetic Chorea"", ""Hemichorea-Hemiballismus""]",0,1,,,,,,,,0,0,0
mcr,mcr_v2,236,Eosinophilic mastitis,,,1,1,1,1,0,,46,5,Eosinophilic mastitis,2,1,10,35,1,1,1,2,2,1,1,gold,1.0,0,1,0,0,1,gold,1,1,3,1,0,1,"[""Idiopathic eosinophilic mastitis"", ""Diabetic mastopathy""]",1,1,1,1,"[""Eosinophilic Mastitis"", ""Idiopathic Granulomatous Mastitis""]",1,1,,,,,,,,0,0,1
mcr,mcr_v2,237,Peripheral odontoma,all_miss_but_recalled,,0,0,0,0,0,,43,5,Maxillary exostosis,1,1,2,40,1,1,1,0,4,1,0,other,0.0,1,0,0,1,0,other,1,1,3,1,0,1,"[""Maxillary Exostosis"", ""Odontoma""]",0,0,0,0,"[""Maxillary Exostosis"", ""Dens Evaginatus""]",0,0,,,,,,,,0,0,1
mcr,mcr_v2,240,IgG4-related disease,,,0,0,0,0,0,,50,5,Lymphoma,,0,3,47,0,1,0,0,5,0,0,other,0.0,0,0,0,0,0,other,0,0,0,0,0,0,"[""Myositis"", ""Sarcoma""]",0,0,0,0,"[""Myositis with lymphoid hyperplasia"", ""Malignancy of the left maxilla""]",0,0,,,,,,,,0,0,0
mcr,mcr_v2,241,Perianal mucinous adenocarcinoma,,,1,1,1,1,1,,43,5,Mucinous adenocarcinoma,1,1,14,28,1,1,1,3,1,1,1,gold,0.667,0,1,0,0,0,near,1,1,3,1,0,1,"[""Mucinous adenocarcinoma"", ""Anorectal cancer""]",0,1,0,1,"[""Mucinous Adenocarcinoma of the Anus"", ""Anorectal Cancer with Lymph Node Involvement""]",0,1,,,,,,,,0,0,1
mcr,mcr_v2,242,Intraventricular hemorrhage,,,0,0,0,0,0,,48,5,Congenital Cytomegalovirus Infection,,0,0,48,0,0,0,0,5,0,0,other,0.0,0,0,0,0,0,other,0,0,0,0,0,0,"[""Fetal Brain Anomaly"", ""Congenital Infection""]",0,0,0,0,"[""Congenital Fetal Ventriculomegaly"", ""Obstructive Hydrocephalus""]",0,0,,,,,,,,0,0,0
mcr,mcr_v2,243,spermatocytic seminoma,all_miss_but_recalled,,0,0,0,0,1,,50,5,Mixed germ cell tumor,1,1,1,48,1,1,1,1,3,1,1,other,0.0,1,1,0,1,1,other,0,0,0,0,0,0,"[""Germ Cell Tumor"", ""Embryonal Carcinoma""]",0,0,0,0,"[""Mixed Germ Cell Tumor"", ""Non-Seminomatous Germ Cell Tumor""]",1,0,,,,,,,,0,0,1
mcr,mcr_v2,244,Hydranencephaly,,,0,0,0,0,0,,48,5,Walker-Warburg syndrome,,0,0,48,0,0,0,0,5,0,0,other,0.0,0,0,0,0,0,other,0,0,0,0,0,0,"[""Prenatal brain disruption sequence"", ""Hydrocephalus""]",0,0,0,0,"[""Cerebro-Oculo-Facio-Skeletal (COFS) Syndrome"", ""Primary Microcephaly-10 (MCPH10)""]",0,0,,,,,,,,0,0,0
mcr,mcr_v2,245,ovarian cyst adenofibroma,all_miss_but_recalled,,0,0,0,0,0,,47,5,Mesenteric cyst,,0,3,44,0,1,0,1,4,0,1,other,0.25,0,1,0,0,0,other,1,0,3,0,0,0,"[""Mesenteric cyst"", ""Mucinous cystadenoma""]",1,0,1,0,"[""Mesenteric Cyst"", ""Ovarian Cyst""]",1,0,,,,,,,,0,0,1
mcr,mcr_v2,246,Liponeurocytoma,all_miss_but_recalled,,0,0,0,0,0,,52,5,Pilocytic astrocytoma,11,1,0,51,1,0,0,0,5,0,0,other,0.0,0,0,0,0,0,other,0,0,0,0,0,0,"[""Medulloblastoma"", ""Pilocytic astrocytoma""]",0,0,0,0,"[""Hemangioblastoma"", ""Pilocytic Astrocytoma""]",0,0,,,,,,,,0,0,0
mcr,mcr_v2,247,Diffuse large B-cell lymphoma of the central nervous system,,,0,0,0,0,0,,48,5,Brain Metastasis from Breast Cancer,,0,3,45,0,1,0,1,4,0,1,other,0.0,0,1,0,0,0,other,0,0,0,0,0,0,"[""Brain metastasis"", ""Primary brain tumor""]",0,0,0,0,"[""Brain Metastasis from Breast Cancer"", ""Primary Brain Tumor""]",0,0,,,,,,,,0,0,0
mcr,mcr_200b,249,Organizing pneumonia,base_win_recall,,0,0,0,1,0,,54,5,Pneumocystis jirovecii pneumonia,,0,21,33,0,1,0,3,2,0,1,near,0.25,0,1,0,0,0,near,0,1,0,0,0,0,"[""Bronchiolitis obliterans syndrome"", ""Acute rejection""]",1,1,1,1,"[""Bronchiolitis Obliterans Organizing Pneumonia (BOOP)"", ""Pneumocystis jirovecii Pneumonia (PCP)""]",0,1,,,,,,,,0,1,1
mcr,mcr_200b,250,Toxocariasis,base_win_recall,,0,0,1,0,0,,51,5,Eosinophilic pericarditis,,0,0,51,0,0,0,0,5,0,0,other,0.0,0,0,0,0,0,other,0,0,0,0,0,0,"[""Toxocara infection"", ""Eosinophilic pneumonia""]",1,0,1,0,"[""Loeffler syndrome"", ""Toxocariasis""]",0,0,,,,,,,,0,1,1
mcr,mcr_200b,251,twin anemia polycythemia sequence,,,1,1,1,1,1,,51,5,Twin anemia-polycythemia sequence,9,1,4,46,1,1,0,1,4,0,1,near,1.0,0,0,0,0,0,near,0,1,0,0,1,0,"[""Twin Anemia-Polycythemia Sequence (TAPS)"", ""Selective Intrauterine Growth Restriction (sIUGR)""]",0,1,0,1,"[""Twin Anemia-Polycythemia Sequence (TAPS)"", ""Selective Intrauterine Growth Restriction (sIUGR)""]",0,1,,,,,,,,0,0,0
mcr,mcr_200b,252,Visceral leishmaniasis,,,1,1,1,1,1,,57,5,Visceral Leishmaniasis,1,1,1,55,1,1,1,0,4,1,0,gold,1.0,0,0,0,0,1,gold,1,0,3,1,0,1,"[""Visceral Leishmaniasis"", ""Malaria""]",1,0,1,0,"[""Visceral Leishmaniasis"", ""Lymphoma or Histiocytosis""]",0,1,,,,,,,,0,0,1
mcr,mcr_200b,254,Intimal sarcoma of the pulmonary artery,,,0,0,0,0,1,,52,5,Chronic Thromboembolic Pulmonary Hypertension,,0,39,13,0,1,0,5,0,0,1,near,0.125,0,1,0,0,0,near,0,1,0,0,1,0,"[""Chronic Thromboembolic Pulmonary Hypertension"", ""Pulmonary Embolism""]",0,1,0,1,"[""Pulmonary Embolism"", ""Pulmonary Artery Sarcoma""]",0,1,,,,,,,,0,0,0
mcr,mcr_200b,257,collar button abscess,all_miss_but_recalled,,0,0,0,0,0,,48,5,Pyogenic flexor tenosynovitis,5,1,0,47,1,0,1,0,4,1,0,other,0.0,1,0,0,1,1,other,1,0,3,1,0,1,"[""Pyogenic Flexor Tenosynovitis"", ""Abscess""]",0,0,0,0,"[""Pyogenic Flexor Tenosynovitis"", ""Hand Deep Space Infection""]",0,0,,,,,,,,0,0,1
mcr,mcr_200b,258,Tuberculous hemorrhagic meningoencephalitis,,,0,0,0,0,0,,53,5,Miliary tuberculosis,,0,0,53,0,0,0,0,5,0,0,other,0.0,0,0,0,0,0,other,0,0,0,0,0,0,"[""Tuberculosis"", ""Histoplasmosis""]",0,0,0,0,"[""Tuberculosis"", ""Histoplasmosis""]",0,0,,,,,,,,0,0,0
mcr,mcr_200b,259,Klippel-Trenaunay syndrome,,,1,0,1,1,0,,46,5,Klippel-Trenaunay syndrome,5,1,18,27,1,1,1,4,0,1,1,gold,1.0,0,1,0,0,0,near,1,1,3,1,1,1,"[""Klippel-Trenaunay syndrome"", ""CLOVES syndrome""]",1,1,1,1,"[""Klippel-Trenaunay syndrome"", ""Parkes-Weber syndrome""]",0,1,,,,,,,,0,0,1
mcr,mcr_200b,260,syphilitic aortitis,e7_win_recall,,1,1,0,0,0,,51,5,Syphilitic aortitis,4,1,17,33,1,1,1,2,2,1,1,gold,1.0,0,1,0,0,1,gold,0,1,0,0,1,0,"[""Aortic insufficiency due to infective endocarditis"", ""Aortitis due to syphilis (Treponema pallidum infection)""]",0,1,0,1,"[""Infectious Aortitis"", ""Aortic Valve Disease""]",0,1,,,,,,,,1,0,0
mcr,mcr_200b,261,Granulomatous pneumonitis,,,0,0,0,0,0,,49,5,Etanercept-induced interstitial lung disease,,0,2,47,0,1,0,0,5,0,0,other,0.0,0,0,0,0,0,other,0,1,0,0,0,0,"[""Etanercept-induced interstitial lung disease"", ""Interstitial lung disease associated with seronegative spondyloarthropathy""]",0,0,0,0,"[""Etanercept-induced interstitial lung disease"", ""Interstitial lung disease associated with seronegative spondyloarthropathy""]",0,0,,,,,,,,0,0,0
mcr,mcr_200b,262,Schwannoma,,,0,0,0,0,0,,46,5,Mucinous Cystic Neoplasm,,0,0,46,0,0,0,0,5,0,0,other,0.0,0,0,0,0,0,other,0,0,0,0,0,0,"[""Intraductal Papillary Mucinous Neoplasm (IPMN)"", ""Mucinous Cystic Neoplasm (MCN)""]",0,0,0,0,"[""Mucinous Cystic Neoplasm (MCN)"", ""Intraductal Papillary Mucinous Neoplasm (IPMN)""]",0,0,,,,,,,,0,0,0
mcr,mcr_200b,263,sarcoidosis,,,1,1,1,0,1,,50,5,Sarcoidosis,5,1,0,49,1,0,1,0,4,1,0,gold,1.0,0,0,0,0,1,gold,1,0,3,1,0,1,"[""Sarcoidosis"", ""Lymphoma""]",1,0,1,0,"[""Multiple Myeloma"", ""Sarcoidosis""]",1,0,,,,,,,,0,0,1
mcr,mcr_200b,264,Benign cystic mesothelioma,,,0,0,0,0,0,,49,5,Ovarian serous cystadenocarcinoma,,0,0,49,0,0,0,0,5,0,0,other,0.0,0,0,0,0,0,other,0,0,0,0,0,0,"[""Ovarian Cancer"", ""Ovarian Cystadenoma""]",0,1,0,1,"[""Ovarian Cancer"", ""Benign Ovarian Cyst""]",0,0,,,,,,,,0,0,0
mcr,mcr_200b,265,Intestinal T-cell lymphoma not otherwise specified,base_win_recall,,0,0,1,1,0,,49,5,Crohn's disease,,0,10,39,0,1,0,2,3,0,1,other,0.0,0,1,0,0,0,other,1,1,3,1,1,1,"[""Lymphoma"", ""Gastrointestinal lymphoma""]",1,0,1,0,"[""Lymphoma"", ""Inflammatory Bowel Disease (IBD)""]",1,0,,,,,,,,0,1,1
mcr,mcr_200b,266,Aortic Dissection,all_miss_but_recalled,,0,0,0,0,0,,51,5,Hypertensive Emergency,11,1,1,49,1,1,0,0,5,0,0,other,0.0,0,0,0,0,0,other,0,0,0,0,0,0,"[""Pericarditis"", ""Hypertensive Emergency""]",0,0,0,0,"[""Hypertensive Emergency"", ""Pericarditis""]",0,0,,,,,,,,0,0,0
mcr,mcr_200b,267,T-cell lymphoma,all_miss_but_recalled,,0,0,0,0,0,,48,5,Abscess,3,1,0,47,1,0,1,0,4,1,0,other,0.0,1,0,0,1,1,other,0,0,0,0,0,0,"[""Abscess"", ""Neoplasm""]",0,0,0,0,"[""Soft tissue mass (e.g., abscess or tumor) causing external compression of the trachea"", ""Infectious or inflammatory process (e.g., cellulitis or abscess) in the cervical region""]",0,0,,,,,,,,0,0,0
mcr,mcr_200b,268,pustular psoriasis,all_miss_but_recalled,,0,0,0,0,0,,49,5,Acute Generalized Exanthematous Pustulosis,3,1,2,46,1,1,0,0,5,0,0,other,0.0,0,0,0,0,0,other,1,0,3,0,0,0,"[""Acute Generalized Exanthematous Pustulosis"", ""Drug Reaction with Eosinophilia and Systemic Symptoms (DRESS)""]",0,0,0,0,"[""Drug Reaction with Eosinophilia and Systemic Symptoms (DRESS) syndrome"", ""Acute Generalized Exanthematous Pustulosis (AGEP)""]",0,0,,,,,,,,0,0,0
mcr,mcr_200b,269,Osteoid osteoma,all_miss_but_recalled,,0,0,0,0,0,,51,5,Chronic osteomyelitis,24,1,0,50,1,0,0,0,5,0,0,other,0.0,0,0,0,0,0,other,0,0,0,0,0,0,"[""Chronic Osteomyelitis"", ""Bone Tumor""]",0,1,0,1,"[""Chronic Osteomyelitis"", ""Bone Tumor (such as Osteoid Osteoma or Osteoblastoma)""]",0,0,,,,,,,,0,0,0
mcr,mcr_200b,270,epidermal inclusion cyst,,,0,0,0,0,0,,53,5,Tarlov cyst,,0,0,53,0,0,0,0,5,0,0,other,0.25,0,0,0,0,0,other,0,0,0,0,0,0,"[""Tarlov cyst"", ""Perineural cyst""]",0,0,0,0,"[""Tarlov cyst"", ""Perineural cyst""]",0,0,,,,,,,,0,0,0
mcr,mcr_200b,271,solid persistent facial edema,,,0,0,0,0,0,,44,5,Angiolymphoid Hyperplasia with Eosinophilia,,0,0,44,0,0,0,0,5,0,0,other,0.0,0,0,0,0,0,other,0,0,0,0,0,0,"[""Blepharochalasis"", ""Lymphedema""]",0,0,0,0,"[""Lymphatic Malformation"", ""Vascular Anomaly""]",0,0,,,,,,,,0,0,0
mcr,mcr_200b,272,sclerosing hemangioma,all_miss_but_recalled,,0,0,0,0,0,,46,5,Hepatocellular carcinoma,4,2,1,43,1,1,1,0,4,1,0,other,0.0,1,0,0,1,1,gold,1,0,3,0,0,0,"[""Hepatocellular adenoma"", ""Focal nodular hyperplasia""]",1,0,1,0,"[""Hepatocellular Adenoma"", ""Hemangioma""]",0,0,,,,,,,,0,0,1
mcr,mcr_200b,274,tricuspid valve aneurysm,,,0,0,0,0,0,,42,5,Papillary fibroelastoma,,0,21,21,0,1,0,0,5,0,0,other,0.0,0,0,0,0,0,other,0,0,0,0,0,0,"[""Papillary Fibroelastoma"", ""Lambl's Excrescences""]",0,1,0,1,"[""Papillary fibroelastoma"", ""Tricuspid valve vegetation""]",0,0,,,,,,,,0,0,0
mcr,mcr_200b,275,Ischemic colitis,all_miss_but_recalled,,0,0,0,0,0,,47,5,Crohn's Disease,4,1,27,19,1,1,1,3,1,1,1,other,0.0,1,1,0,1,1,near,1,1,3,0,1,0,"[""Ulcerative Colitis"", ""Crohn's Disease""]",0,1,0,1,"[""Microscopic Colitis"", ""Segmental Colitis""]",0,1,,,,,,,,0,0,0
mcr,mcr_200b,276,Inflammatory cap polyp,,,0,0,0,0,0,,46,5,Intussusception of the colon,,0,4,42,0,1,0,1,4,0,1,other,0.0,0,1,0,0,0,other,0,1,0,0,0,0,"[""Intussusception"", ""Colorectal cancer""]",0,0,0,0,"[""Colorectal cancer with intussusception"", ""Colonic lipoma with intussusception""]",0,0,,,,,,,,0,0,0
mcr,mcr_200b,277,Wilms tumor,all_miss_but_recalled,,0,0,0,0,0,,44,5,Renal cell carcinoma,3,1,5,38,1,1,1,0,4,1,0,other,0.0,1,0,0,1,0,other,0,0,0,0,0,0,"[""Renal Cell Carcinoma"", ""Angiomyolipoma""]",0,0,0,0,"[""Renal Cell Carcinoma"", ""Oncocytoma""]",1,0,,,,,,,,0,0,1
mcr,mcr_200b,278,Refeeding syndrome,,,1,1,1,1,1,,45,5,Refeeding syndrome,3,1,9,35,1,1,1,1,3,1,1,gold,1.0,0,1,0,0,1,gold,1,0,3,1,0,1,"[""Refeeding syndrome"", ""Hypophosphatemia""]",1,0,1,0,"[""Refeeding Syndrome"", ""Hypophosphatemia""]",1,0,,,,,,,,0,0,1
mcr,mcr_200b,279,Leiomyosarcoma,,,0,0,0,0,0,,44,5,Bartholin's gland cyst,,0,0,44,0,0,0,0,5,0,0,other,0.0,0,0,0,0,0,other,0,0,0,0,0,0,"[""Bartholin's gland carcinoma"", ""Bartholin's gland cyst""]",0,0,0,0,"[""Bartholin's gland cyst"", ""Bartholin's gland carcinoma""]",0,0,,,,,,,,0,0,0
mcr,mcr_200b,280,Invasive papillary carcinoma,all_miss_but_recalled,,0,0,0,0,0,,47,5,Inflammatory breast cancer,5,1,30,16,1,1,1,3,1,1,1,other,0.0,1,1,0,1,1,other,1,1,3,1,1,1,"[""Invasive Ductal Carcinoma"", ""Papillary Carcinoma""]",0,1,0,1,"[""Papillary Carcinoma of the Breast"", ""Invasive Ductal Carcinoma of the Breast""]",0,1,,,,,,,,0,0,1
mcr,mcr_200b,283,dermoid cyst,,,1,1,1,1,1,,48,5,Dermoid cyst,1,2,0,46,1,0,2,0,3,1,0,gold,1.0,1,0,0,0,1,gold,1,0,6,1,0,2,"[""Dermoid cyst"", ""Epidermoid cyst""]",1,0,1,0,"[""Dermoid cyst"", ""Epidermoid cyst""]",1,0,,,,,,,,0,0,1
mcr,mcr_200b,284,hibernoma,all_miss_but_recalled,,0,0,0,0,0,,42,5,Lipoma,23,2,0,40,1,0,0,0,5,0,0,other,0.0,0,0,0,0,0,other,0,0,0,0,0,0,"[""Lipoma"", ""Gastrointestinal Stromal Tumor (GIST)""]",0,0,0,0,"[""Gastric Lipoma"", ""Gastric Adenocarcinoma""]",0,0,,,,,,,,0,0,0
mcr,mcr_200b,285,Pycnodysostosis,,,1,1,1,1,1,,45,5,Pycnodysostosis,1,1,0,44,1,0,1,0,4,1,0,gold,1.0,0,0,0,0,1,gold,1,0,3,1,0,1,"[""Pyknodysostosis"", ""Pycnodysostosis""]",0,0,0,0,"[""Pyknodysostosis"", ""Skeletal dysplasia""]",0,0,,,,,,,,0,0,1
mcr,mcr_200b,287,Autoimmune hepatitis,all_miss_but_recalled,,0,0,0,0,0,,51,5,Idiopathic acute liver failure,1,1,14,36,1,1,1,2,2,1,1,other,0.0,1,1,0,1,1,other,1,1,3,1,1,1,"[""Relapsing Hepatitis A"", ""Autoimmune Hepatitis""]",0,1,0,1,"[""Acute Liver Failure"", ""Hepatitis E Virus (HEV) Infection""]",0,1,,,,,,,,0,0,1
mcr,mcr_200b,288,cystic lymphangioma,,,0,0,0,0,0,,50,5,Mucinous cystic neoplasm,,0,10,40,0,1,0,1,4,0,1,near,0.25,0,0,0,0,0,near,0,1,0,0,1,0,"[""Mucinous cystic neoplasm of the pancreas"", ""Serous cystadenoma of the pancreas""]",0,1,0,1,"[""Serous Cystadenoma of the Pancreas"", ""Mucinous Cystic Neoplasm of the Pancreas""]",0,1,,,,,,,,0,0,0
mcr,mcr_200b,289,Takayasu arteritis,,,1,1,1,1,1,,50,5,Takayasu arteritis,1,1,2,47,1,1,1,1,3,1,1,gold,1.0,0,1,0,0,1,gold,1,1,3,1,1,1,"[""Takayasu Arteritis"", ""Giant Cell Arteritis""]",1,1,1,1,"[""Takayasu arteritis"", ""Giant cell arteritis""]",1,0,,,,,,,,0,0,1
mcr,mcr_200b,290,functional neurological disorder,,,0,0,0,0,0,,52,5,Multiple System Atrophy,,0,1,51,0,1,0,0,5,0,0,other,0.0,0,0,0,0,0,other,0,1,0,0,0,0,"[""Small vessel disease"", ""Vascular vertigo""]",0,1,0,1,"[""Vertebrobasilar Insufficiency"", ""Peripheral Vestibular Disorder""]",0,0,,,,,,,,0,0,0
mcr,mcr_200b,291,Necrolytic acral erythema,,,0,0,0,0,0,,47,5,Psoriasis,,0,3,44,0,1,0,0,5,0,0,other,0.0,0,0,0,0,0,other,0,0,0,0,0,0,"[""Psoriasis"", ""Hypothyroidism-associated dermatitis""]",0,0,0,0,"[""Psoriasis"", ""Hypothyroidism-associated skin changes""]",0,0,,,,,,,,0,0,0
mcr,mcr_200b,292,Anaplastic large-cell lymphoma,,,1,1,1,0,0,,46,5,Anaplastic large cell lymphoma,,0,37,9,0,1,0,5,0,0,1,near,1.0,0,1,0,0,0,near,0,1,0,0,1,0,"[""Anaplastic large cell lymphoma"", ""Hodgkin lymphoma""]",0,1,0,1,"[""Hodgkin lymphoma"", ""Non-Hodgkin lymphoma""]",0,1,,,,,,,,0,0,0
mcr,mcr_200b,293,Hemangiosarcoma,,,0,0,0,0,0,,51,5,hepatocellular carcinoma,,0,0,51,0,0,0,0,5,0,0,other,0.0,0,0,0,0,0,other,0,0,0,0,0,0,"[""Hepatocellular carcinoma"", ""Hepatoblastoma""]",0,0,0,0,"[""Hepatocellular Carcinoma (HCC)"", ""Hepatic Adenoma""]",0,0,,,,,,,,0,0,0
mcr,mcr_200b,294,Undifferentiated embryonal sarcoma of the liver,all_miss_but_recalled,,0,0,0,0,0,,46,5,Hepatoblastoma,3,2,6,38,1,1,2,0,3,1,0,other,0.0,1,0,0,1,1,other,1,0,3,1,0,1,"[""Hepatoblastoma"", ""Undifferentiated embryonal sarcoma of the liver""]",0,0,0,0,"[""Hepatoblastoma"", ""Hepatocellular carcinoma""]",0,0,,,,,,,,0,0,1
mcr,mcr_200b,295,gallbladder carcinoma,,,1,1,1,1,1,,48,5,Gallbladder cancer,,0,20,28,0,1,0,2,3,0,1,near,0.333,0,1,0,0,0,near,0,1,0,0,1,0,"[""Gallbladder cancer"", ""Cholangiocarcinoma""]",1,1,1,1,"[""Gallbladder Carcinoma"", ""Heterotopic Gastric Mucosa in Gallbladder""]",1,1,,,,,,,,0,0,1
mcr,mcr_200b,296,Sweet’s syndrome,,,1,1,1,1,1,,49,5,Sweet syndrome,,0,7,42,0,1,0,1,4,0,1,near,1.0,0,0,0,0,0,near,0,1,0,0,1,0,"[""Sweet syndrome"", ""Pyoderma gangrenosum""]",0,1,0,1,"[""Sweet Syndrome"", ""Neutrophilic Urticarial Dermatosis""]",0,1,,,,,,,,0,0,0
mcr,mcr_200b,297,puffy hand syndrome,,,0,0,0,0,0,,53,5,Eosinophilic Fasciitis,,0,6,47,0,1,0,1,4,0,1,other,0.0,0,1,0,0,0,other,0,1,0,0,0,0,"[""Scleroderma-like disorder"", ""Chronic venous insufficiency""]",0,0,0,0,"[""Scleroderma"", ""Systemic Lupus Erythematosus (SLE)""]",0,0,,,,,,,,0,0,0
mcr,mcr_200b,298,Warthin tumor,all_miss_but_recalled,,0,0,0,0,0,,48,5,Squamous cell carcinoma of the oropharynx,3,1,6,41,1,1,0,1,4,0,1,other,0.0,0,1,0,0,0,other,1,0,3,0,0,0,"[""Squamous cell carcinoma"", ""Salivary gland malignancy""]",0,0,0,0,"[""Oropharyngeal cancer"", ""Metastatic disease from a previous head and neck cancer""]",1,0,,,,,,,,0,0,1
mcr,mcr_200b,299,Pancreatic adenocarcinoma,,,1,1,0,1,0,,51,5,Pancreatic ductal adenocarcinoma,,0,14,37,0,1,0,2,3,0,1,near,0.667,0,1,0,0,1,gold,0,1,0,0,1,0,"[""Autoimmune Pancreatitis"", ""Pancreatic Cancer""]",0,1,0,1,"[""Pancreatic Cancer"", ""Autoimmune Pancreatitis (AIP)""]",0,1,,,,,,,,0,0,0
mcr,mcr_200b,300,Perniosis,,,0,0,0,0,0,,49,5,Raynaud's Disease,,0,0,49,0,0,0,0,5,0,0,other,0.0,0,0,0,0,0,other,0,0,0,0,0,0,"[""Chilblain lupus"", ""Lupus erythematosus""]",0,0,0,0,"[""Systemic Sclerosis (SSc)"", ""Mixed Connective Tissue Disease (MCTD)""]",0,0,,,,,,,,0,0,0
mcr,mcr_200b,301,water reflex epilepsy,,,0,1,0,0,0,,54,5,Reflex anoxic seizure,,0,4,50,0,1,0,2,3,0,1,near,0.2,0,1,0,0,0,near,0,0,0,0,0,0,"[""Breath-holding spell"", ""Autonomic dysfunction""]",0,1,0,1,"[""Breath-Holding Spells"", ""Epilepsy Syndrome with Water-Induced Seizures""]",0,0,,,,,,,,0,0,0
mcr,mcr_200b,302,septic arthritis,all_miss_but_recalled,,0,0,0,0,0,,52,5,Methotrexate-induced rheumatologic reaction,4,6,9,37,1,1,1,2,2,1,1,other,0.0,1,1,0,1,1,other,1,1,3,0,1,0,"[""Ectopic pregnancy with methotrexate-induced rheumatologic reaction"", ""Reactive arthritis""]",1,0,1,0,"[""Methotrexate-induced rheumatologic reaction"", ""Septic arthritis""]",1,1,,,,,,,,0,0,1
mcr,mcr_200b,303,GastricSchwannoma,all_miss_but_recalled,,0,0,0,0,0,,43,5,Gastrointestinal stromal tumor,5,1,0,42,1,0,0,0,5,0,0,other,0.0,0,0,0,0,1,other,1,0,3,0,0,0,"[""Gastrointestinal Stromal Tumor (GIST)"", ""Leiomyoma""]",0,0,0,0,"[""Gastrointestinal Stromal Tumor (GIST)"", ""Plexiform Fibromyxoma""]",0,0,,,,,,,,0,0,0
mcr,mcr_200b,305,amitraz poisoning,,,1,1,1,1,1,,48,5,Amitraz poisoning,1,1,11,36,1,1,1,1,3,1,1,gold,1.0,0,1,0,0,1,gold,1,1,3,1,0,1,"[""Amitraz poisoning"", ""Cholinergic toxicity""]",1,1,1,1,"[""Amitraz poisoning"", ""Organophosphate or cholinesterase inhibitor poisoning""]",1,0,,,,,,,,0,0,1
mcr,mcr_200b,306,Disseminated strongyloidiasis,,,0,0,0,0,0,,56,5,Enterococcal meningitis,,0,1,55,0,1,0,0,5,0,0,other,0.0,0,0,0,0,0,other,0,0,0,0,0,0,"[""Purpura fulminans"", ""Infectious endocarditis""]",0,0,0,0,"[""Enterococcus gallinarum meningitis"", ""Diffuse alveolar hemorrhage secondary to systemic lupus erythematosus (SLE) flare""]",0,0,,,,,,,,0,0,0
mcr,mcr_200b,307,Leiomyoma,,,0,0,0,0,0,,49,5,Incarcerated inguinal hernia,,0,0,49,0,0,0,0,5,0,0,other,0.0,0,0,0,0,0,other,0,0,0,0,0,0,"[""Incarcerated Inguinal Hernia"", ""Inguinal Hernia""]",0,0,0,0,"[""Incarcerated Inguinal Hernia"", ""Inguinal Hernia""]",0,0,,,,,,,,0,0,0
mcr,mcr_200b,308,Metastatic breast carcinoma,,,0,0,0,0,0,,54,5,Spheno-orbital Aspergillosis,,0,1,53,0,1,0,0,5,0,0,other,0.0,0,0,0,0,0,other,0,0,0,0,0,0,"[""Invasive Fungal Sinusitis"", ""Cavernous Sinus Thrombosis""]",0,0,0,0,"[""Invasive Fungal Sinusitis"", ""Orbital Cellulitis with Cavernous Sinus Thrombosis""]",0,0,,,,,,,,0,0,0
mcr,mcr_200b,309,Graves disease,,,1,1,0,1,0,,50,5,Graves' disease,,0,1,49,0,1,0,1,4,0,1,near,1.0,0,0,0,0,0,near,0,0,0,0,0,0,"[""Thyroid Storm"", ""Hyperthyroidism""]",0,1,0,1,"[""Graves' disease"", ""Toxic multinodular goitre""]",0,0,,,,,,,,0,0,0
mcr,mcr_200b,310,ExtraskeletalMyxoidChondrosarcoma,,,0,0,0,1,1,,47,5,Metastatic disease,2,1,0,46,1,0,1,0,4,1,0,other,0.0,1,0,0,1,1,other,1,0,3,0,0,0,"[""Metastatic extraskeletal myxoid chondrosarcoma"", ""Osteosarcoma""]",0,0,0,0,"[""Metastatic extraskeletal myxoid chondrosarcoma"", ""Primary bone tumor (e.g. chondrosarcoma or osteosarcoma)""]",1,0,,,,,,,,0,0,1
mcr,mcr_200b,311,Pulmonary syphilis,,,0,0,0,0,0,,54,5,Empyema,,0,1,53,0,1,0,0,5,0,0,other,0.0,0,0,0,0,0,other,0,1,0,0,0,0,"[""Empyema"", ""Pleurisy""]",0,0,0,0,"[""Empyema"", ""Parapneumonic effusion""]",0,0,,,,,,,,0,0,0
mcr,mcr_200b,312,Hepatic cystadenoma,,,0,0,0,1,0,,49,5,Biliary cystadenocarcinoma,,0,10,39,0,1,0,1,4,0,1,other,0.0,0,1,0,0,0,other,0,1,0,0,0,0,"[""Biliary cystadenocarcinoma"", ""Intraductal papillary mucinous neoplasm of the bile duct""]",0,1,0,1,"[""Biliary cystadenoma"", ""Hydatid cyst with secondary infection or rupture""]",0,0,,,,,,,,0,0,0
mcr,mcr_200b,313,Syphilis,,,1,1,1,1,1,,52,5,Secondary syphilis,1,1,0,51,1,0,1,0,4,1,0,gold,0.5,0,0,0,0,1,gold,1,0,3,1,0,1,"[""Secondary syphilis"", ""Infectious mononucleosis""]",1,0,1,0,"[""Secondary Syphilis"", ""Other Sexually Transmitted Infections (e.g. Monkeypox)""]",1,0,,,,,,,,0,0,1
mcr,mcr_200b,314,invasive fungal rhinosinusitis,,,0,0,0,0,1,,54,5,Sphenoid sinus pyocele,,0,3,51,0,1,0,1,4,0,1,other,0.0,0,1,0,0,0,other,0,1,0,0,1,0,"[""Sphenoid sinusitis"", ""Invasive fungal sinusitis""]",0,1,0,1,"[""Skull base osteomyelitis"", ""Chronic invasive fungal sinusitis""]",0,1,,,,,,,,0,0,0
mcr,mcr_200b,315,Large cell neuroendocrine carcinoma,all_miss_but_recalled,,0,0,0,0,0,,55,5,Ovarian serous carcinoma,20,1,20,34,1,1,0,4,1,0,1,near,0.167,0,1,0,0,0,near,0,1,0,0,1,0,"[""High-Grade Serous Carcinoma"", ""Poorly Differentiated Carcinoma""]",0,1,0,1,"[""High-grade serous ovarian carcinoma"", ""Poorly differentiated ovarian carcinoma""]",0,1,,,,,,,,0,0,0
mcr,mcr_200b,316,Cerebrospinal fluid hypovolemia syndrome,,,0,0,0,0,0,,44,5,Mitochondrial Myopathies,,0,17,27,0,1,0,2,3,0,1,other,0.0,0,1,0,0,0,other,0,1,0,0,0,0,"[""Third cranial nerve palsy"", ""Cranial nerve VI palsy""]",0,0,0,0,"[""Third Cranial Nerve Palsy"", ""Traumatic Cranial Nerve Injury""]",0,0,,,,,,,,0,0,0
mcr,mcr_200b,317,Cryptococcal meningitis,,,1,1,1,1,1,,47,5,Cryptococcal meningitis,1,1,1,45,1,1,1,0,4,1,0,gold,1.0,0,0,0,0,1,gold,1,0,3,1,0,1,"[""Cryptococcal meningitis"", ""Cerebral toxoplasmosis""]",1,0,1,0,"[""Cryptococcal meningitis"", ""CNS cryptococcoma""]",1,0,,,,,,,,0,0,1
mcr,mcr_200b,318,Multiple endocrine neoplasia type 2A,,,1,1,1,1,1,,48,5,Multiple endocrine neoplasia type 2A,3,1,1,46,1,1,1,1,3,1,1,gold,1.0,0,1,0,0,1,gold,1,0,3,1,0,1,"[""Multiple Endocrine Neoplasia type 2A (MEN2A)"", ""Medullary Thyroid Carcinoma (MTC)""]",1,0,1,0,"[""Multiple Endocrine Neoplasia Type 2 (MEN2)"", ""Medullary Thyroid Carcinoma""]",1,1,,,,,,,,0,0,1
mcr,mcr_200b,319,Osteosarcoma,,,0,0,0,0,0,,49,5,Pseudotumor,,0,0,49,0,0,0,0,5,0,0,other,0.0,0,0,0,0,0,other,0,0,0,0,0,0,"[""Adverse local tissue reaction (ALTR) associated with metal-on-metal hip arthroplasty"", ""Periprosthetic infection""]",0,0,0,0,"[""Adverse Local Tissue Reaction (ALTR)"", ""Aseptic Lymphocytic Vasculitis-Associated Lesion (ALVAL)""]",0,0,,,,,,,,0,0,0
mcr,mcr_200b,320,May-Thurner syndrome,,,1,1,0,1,1,,51,5,May-Thurner syndrome,2,1,17,33,1,1,1,2,2,1,1,gold,1.0,0,1,0,0,1,gold,1,1,3,1,0,1,"[""Deep Vein Thrombosis (DVT)"", ""May-Thurner Syndrome""]",1,0,1,0,"[""May-Thurner syndrome"", ""Deep vein thrombosis (DVT)""]",1,0,,,,,,,,0,0,1
mcr,mcr_200b,321,Myofibromatosis,all_miss_but_recalled,,0,0,0,0,0,,53,5,Fibromatosis,2,2,0,51,1,0,1,0,4,1,0,gold,0.0,0,0,0,0,1,gold,1,0,3,1,0,1,"[""Fibromatosis"", ""Dermatofibrosarcoma protuberans""]",1,0,1,0,"[""Fibromatosis"", ""Neurofibroma""]",1,0,,,,,,,,0,0,1
mcr,mcr_200b,322,Factitious disorder,base_win_recall,,0,1,1,1,1,,51,5,Vocal Cord Dysfunction,,0,0,51,0,0,0,0,5,0,0,other,0.0,0,0,0,0,1,gold,1,1,3,1,1,1,"[""Factitious disorder"", ""Somatoform disorder""]",1,1,1,1,"[""Factitious Disorder Imposed on Self"", ""Somatoform Disorder""]",1,0,,,,,,,,0,1,1
mcr,mcr_200b,323,diffuse large B-cell lymphoma,all_miss_but_recalled,,0,0,0,0,0,,53,5,Cervical cancer recurrence,4,1,0,52,1,0,1,0,4,1,0,other,0.0,1,0,0,1,1,other,1,0,3,0,0,0,"[""Recurrent cervical cancer"", ""Vaginal cancer""]",0,0,0,0,"[""Primary Vaginal Cancer"", ""Recurrent Cervical Cancer""]",0,0,,,,,,,,0,0,0
mcr,mcr_200b,324,COVID-19-associated acute and transient psychotic disorder,,,1,1,1,1,0,,51,5,COVID-19 Psychosis,,0,7,44,0,1,0,1,4,0,1,near,0.125,0,0,0,0,0,near,0,1,0,0,1,0,"[""COVID-19 psychosis"", ""Schizophrenia""]",0,1,0,1,"[""COVID-19 associated psychosis"", ""Mercury exposure related psychiatric symptoms""]",0,1,,,,,,,,0,0,0
mcr,mcr_200b,326,Brucellosis,,,0,1,0,0,1,,52,5,Spinal epidural abscess,3,1,0,51,1,0,1,0,4,1,0,other,0.0,1,0,0,1,1,gold,1,0,3,0,0,0,"[""Spinal epidural abscess"", ""Vertebral osteomyelitis""]",1,0,1,0,"[""Spinal Epidural Abscess"", ""Brucellosis""]",1,0,,,,,,,,1,0,1
mcr,mcr_200b,327,dermatofibrosarcoma protuberans,all_miss_but_recalled,,0,0,0,0,0,,48,5,Dermatofibrosarcoma protuberans metastasis to thyroid,5,1,0,47,1,0,1,0,4,1,0,gold,0.5,0,0,0,0,1,gold,1,0,3,0,0,0,"[""Metastatic thyroid tumor"", ""Anaplastic thyroid cancer""]",0,0,0,0,"[""Metastatic cancer to the thyroid gland"", ""Primary thyroid cancer""]",0,0,,,,,,,,0,0,0
mcr,mcr_200b,328,Necrotizing fasciitis,,,1,0,1,1,1,,51,5,Necrotizing fasciitis,1,2,0,49,1,0,2,0,3,1,0,gold,1.0,1,0,0,0,1,other,1,0,3,1,0,1,"[""Necrotizing Fasciitis"", ""Sepsis""]",1,0,1,0,"[""Necrotizing Fasciitis"", ""Sepsis""]",1,0,,,,,,,,0,0,1
mcr,mcr_200b,329,urachal cyst,base_win_rank,,0,1,1,0,0,,54,5,Urachal adenocarcinoma,12,1,3,50,1,1,1,2,2,1,1,near,0.333,1,1,1,0,1,gold,1,1,3,1,1,1,"[""Urachal cyst"", ""Malignant urachal remnant""]",1,1,1,1,"[""Urachal cyst"", ""Urachal remnant anomaly with possible malignancy""]",1,1,,,,,,,,1,0,1
mcr,mcr_200b,330,Squamous cell carcinoma,,,0,0,0,0,0,,51,5,Pancoast tumor,,0,0,51,0,0,0,0,5,0,0,other,0.0,0,0,0,0,0,other,0,0,0,0,0,0,"[""Pancoast tumor"", ""Complex regional pain syndrome""]",0,0,0,0,"[""Pancoast tumor"", ""Apical lung disease""]",0,0,,,,,,,,0,0,0
mcr,mcr_200b,331,tumoral calcinosis,,,0,0,0,0,0,,46,5,Giant Cell Tumor of the Tendon Sheath,,0,0,46,0,0,0,0,5,0,0,other,0.0,0,0,0,0,0,other,0,0,0,0,0,0,"[""Giant Cell Tumor of the Tendon Sheath"", ""Ganglion Cyst""]",0,0,0,0,"[""Giant-cell tumor of the tendon sheath"", ""Other benign tumor of the tendon or soft tissue""]",0,0,,,,,,,,0,0,0
mcr,mcr_200b,332,cesarean scar ectopic pregnancy,,,1,1,1,1,1,,46,5,Cesarean scar ectopic pregnancy,1,1,16,29,1,1,1,3,1,1,1,gold,1.0,0,1,0,0,1,gold,1,1,3,0,1,0,"[""Cesarean-section scar ectopic pregnancy"", ""Intrauterine pregnancy with placenta accreta""]",1,1,1,1,"[""Cesarean-section scar ectopic pregnancy"", ""Ectopic pregnancy""]",1,0,,,,,,,,0,0,1
mcr,mcr_200b,333,Pilomatrixoma,,,0,0,0,0,0,,50,5,Phyllodes Tumor,,0,0,50,0,0,0,0,5,0,0,other,0.0,0,0,0,0,0,other,0,0,0,0,0,0,"[""Breast Cancer"", ""Phyllodes Tumor""]",0,0,0,0,"[""Breast Cancer"", ""Fibroadenoma""]",0,0,,,,,,,,0,0,0
mcr,mcr_200b,334,Posterior reversible encephalopathy syndrome,,,1,1,1,1,1,,48,5,Posterior reversible encephalopathy syndrome (PRES),2,1,16,31,1,1,1,3,1,1,1,gold,0.8,0,1,0,0,1,gold,1,1,3,1,1,1,"[""Posterior Reversible Encephalopathy Syndrome (PRES)"", ""Hypertensive Encephalopathy""]",1,1,1,1,"[""Posterior Reversible Encephalopathy Syndrome (PRES)"", ""Hypertensive Encephalopathy""]",1,1,,,,,,,,0,0,1
mcr,mcr_200b,335,Drug-induced lupus,,,1,1,0,1,0,,51,5,Drug-induced lupus erythematosus,15,1,5,45,1,1,1,1,3,1,1,gold,0.75,0,1,0,0,1,gold,0,1,0,0,1,0,"[""Systemic Lupus Erythematosus"", ""Paradoxical Tuberculous Effusion""]",1,1,1,1,"[""Drug-induced lupus"", ""Systemic lupus erythematosus (SLE)""]",0,1,,,,,,,,0,0,1
mcr,mcr_200b,336,Subacute thyroiditis,,,1,1,1,1,1,,54,5,Subacute thyroiditis,1,1,6,47,1,1,1,4,0,1,1,gold,1.0,0,1,0,0,1,gold,1,1,3,1,1,1,"[""Subacute thyroiditis"", ""Thyroiditis due to COVID-19 vaccine""]",1,1,1,1,"[""Subacute Thyroiditis"", ""Vaccine-Induced Thyroiditis""]",1,1,,,,,,,,0,0,1
mcr,mcr_200b,337,Tubo-ovarian complex torsion,,,0,0,0,0,0,,50,5,Ovarian torsion,,0,18,32,0,1,0,4,1,0,1,near,0.5,0,1,0,0,0,near,0,1,0,0,1,0,"[""Ovarian Torsion"", ""Ruptured Ovarian Cyst""]",0,1,0,1,"[""Ovarian Torsion"", ""Ruptured Ovarian Cyst""]",0,1,,,,,,,,0,0,0
mcr,mcr_200b,338,filariasis,,,0,0,0,0,0,,53,5,Retroperitoneal lymphangioma,,0,0,53,0,0,0,0,5,0,0,other,0.0,0,0,0,0,0,other,0,0,0,0,0,0,"[""Lymphatic malformation"", ""Mesenteric cyst""]",0,0,0,0,"[""Mesenteric cyst"", ""Lymphatic malformation""]",0,0,,,,,,,,0,0,0
mcr,mcr_200b,339,lingual thyroid gland,,,1,1,1,1,1,,48,5,Lingual thyroid gland,1,1,17,30,1,1,1,1,3,1,1,gold,1.0,0,1,0,0,1,gold,1,1,3,1,1,1,"[""Lingual Thyroid"", ""Ectopic Thyroid Tissue""]",0,1,0,1,"[""Ectopic Thyroid Tissue"", ""Thyroid Dysgenesis""]",0,1,,,,,,,,0,0,1
mcr,mcr_200b,340,retropharyngeal calcific tendinitis,,,1,1,1,1,1,,46,5,Calcific Tendinitis of the Longus Colli Muscle,,0,9,37,0,1,0,3,2,0,1,near,0.286,0,1,0,0,0,near,1,1,3,1,1,1,"[""Calcific Tendinitis"", ""Longus Colli Tendinitis""]",1,1,1,1,"[""Calcific Tendinitis"", ""Retropharyngeal Abscess""]",0,1,,,,,,,,0,0,1
mcr,mcr_200b,341,acute motor axonal neuropathy,,,0,0,0,0,0,,50,5,Acute Inflammatory Demyelinating Polyneuropathy,,0,14,36,0,1,0,1,4,0,1,near,0.143,0,0,0,0,0,other,0,1,0,0,0,0,"[""Guillain-Barré Syndrome"", ""Amyotrophic Lateral Sclerosis (ALS)""]",0,0,0,0,"[""Guillain-Barre syndrome"", ""Botulism""]",0,1,,,,,,,,0,0,0
mcr,mcr_200b,342,Brown bowel syndrome,,,0,0,0,0,0,,45,5,Chronic intestinal pseudo-obstruction,,0,9,36,0,1,0,0,5,0,0,other,0.0,0,0,0,0,0,other,0,1,0,0,0,0,"[""Intestinal pseudo-obstruction"", ""Chronic intestinal obstruction""]",0,1,0,1,"[""Chronic Intestinal Pseudo-Obstruction"", ""Small Bowel Obstruction""]",0,0,,,,,,,,0,0,0
mcr,mcr_200b,343,CardiacSarcoidosis,,,0,0,0,0,0,,52,5,Arrhythmogenic right ventricular dysplasia,,0,0,52,0,0,0,0,5,0,0,other,0.0,0,0,0,0,0,other,0,0,0,0,0,0,"[""Arrhythmogenic Right Ventricular Dysplasia"", ""Cardiac Sarcoidosis""]",0,0,0,0,"[""Arrhythmogenic Right Ventricular Dysplasia (ARVD)"", ""Cardiac Sarcoidosis""]",0,0,,,,,,,,0,0,0
mcr,mcr_200b,344,sarcoidosis,base_win_rank,,0,1,1,1,1,,50,5,Interferon-induced pulmonary sarcoid-like reaction,1,1,0,49,1,0,1,0,4,1,0,other,0.0,1,0,0,1,1,gold,1,0,3,1,0,1,"[""Sarcoidosis"", ""Lymphoma""]",1,0,1,0,"[""Sarcoidosis"", ""Pulmonary lymphangitic carcinomatosis""]",1,0,,,,,,,,1,0,1
mcr,mcr_200b,345,Hereditary hypophosphatemic rickets with hypercalciuria,all_miss_but_recalled,,0,0,0,0,0,,49,5,Hypophosphatemic rickets with nephrocalcinosis,4,1,6,42,1,1,1,2,2,1,1,near,0.5,1,1,1,0,1,other,1,0,5,1,0,2,"[""Hypophosphatemic rickets"", ""Hereditary hypophosphatemic rickets with hypercalciuria""]",1,1,1,1,"[""Hereditary Hypophosphatemic Rickets"", ""Familial Hypomagnesemia with Hypercalciuria and Nephrocalcinosis (FHHNC)""]",1,1,,,,,,,,0,0,1
mcr,mcr_200b,346,myxoinflammatory fibroblastic sarcoma,e7_win_recall,,1,1,0,0,0,,44,5,Acral myxoinflammatory fibroblastic sarcoma,17,2,7,35,1,1,2,0,3,1,0,gold,0.75,1,0,0,0,1,gold,0,0,0,0,0,0,"[""Myxoid liposarcoma"", ""Lipoblastoma""]",0,0,0,0,"[""Hodgkin lymphoma"", ""Myxoid liposarcoma""]",0,0,,,,,,,,0,0,0
mcr,mcr_200b,347,sellar cavernous hemangioma,,,0,0,0,0,0,,49,5,Pituitary macroadenoma,,0,14,35,0,1,0,0,5,0,0,other,0.0,0,0,0,0,0,other,0,0,0,0,0,0,"[""Pituitary Macroadenoma"", ""Meningioma""]",0,0,0,0,"[""Nonfunctioning Pituitary Macroadenoma"", ""Pituitary Neuroendocrine Tumor (PitNET)""]",0,0,,,,,,,,0,0,0
mcr,mcr_200b,348,complex odontoma,,,1,1,1,1,0,,47,5,Complex odontoma,1,1,1,45,1,1,1,0,4,1,0,gold,1.0,0,0,0,0,1,gold,1,1,3,1,0,1,"[""Complex odontoma"", ""Odontogenic keratocyst""]",1,0,1,0,"[""Complex Odontoma"", ""Adenomatoid Odontogenic Tumor (AOT)""]",0,0,,,,,,,,0,0,1
mcr,mcr_200b,349,phaeohyphomycosis,,,0,0,0,0,0,,49,5,Dermatofibroma,,0,0,49,0,0,0,0,5,0,0,other,0.0,0,0,0,0,0,other,0,0,0,0,0,0,"[""Giant Cell Tumor"", ""Soft Tissue Sarcoma""]",0,0,0,0,"[""Ganglion cyst"", ""Dermatofibroma""]",0,0,,,,,,,,0,0,0
mcr,mcr_200b,352,mucoepidermoid carcinoma,,,0,0,0,0,0,,49,5,Squamous cell carcinoma,,0,11,38,0,1,0,4,1,0,1,near,0.25,0,1,0,0,0,near,0,1,0,0,1,0,"[""Squamous Cell Carcinoma"", ""Angiosarcoma""]",0,1,0,1,"[""Squamous cell carcinoma"", ""Basal cell carcinoma""]",0,1,,,,,,,,0,0,0
mcr,mcr_200b,353,squamous cell carcinoma,all_miss_but_recalled,,0,0,0,0,0,,50,5,Granulomatosis with polyangiitis,5,1,1,48,1,1,0,0,5,0,0,other,0.0,0,0,0,0,0,other,1,0,3,0,0,0,"[""Wegener's granulomatosis"", ""Necrotizing pneumonia""]",0,0,0,0,"[""Granulomatosis with Polyangiitis (Wegener's Granulomatosis)"", ""Eosinophilic Granulomatosis with Polyangiitis (Churg-Strauss Syndrome)""]",0,0,,,,,,,,0,0,0
mcr,mcr_200b,354,Posterior Nutcracker Syndrome,,,0,0,0,0,0,,50,5,Medullary sponge kidney,,0,11,39,0,1,0,1,4,0,1,other,0.0,0,1,0,0,0,other,0,1,0,0,0,0,"[""Medullary sponge kidney"", ""Nephrolithiasis""]",0,0,0,0,"[""Glomerulonephritis"", ""Nephrolithiasis (Kidney Stones)""]",0,0,,,,,,,,0,0,0
mcr,mcr_200b,355,Dedifferentiated chondrosarcoma,all_miss_but_recalled,,0,0,0,0,0,,46,5,Osteosarcoma,2,1,0,45,1,0,1,0,4,1,0,other,0.0,1,0,0,1,1,other,1,0,3,1,0,1,"[""Osteosarcoma"", ""Chondrosarcoma""]",1,0,1,0,"[""Osteosarcoma"", ""Chondrosarcoma""]",1,0,,,,,,,,0,0,1
mcr,mcr_200b,356,Synovial sarcoma,,,0,0,0,0,0,,45,5,Malignant solitary fibrous tumor of the spine,,0,11,34,0,1,0,1,4,0,1,other,0.0,0,1,0,0,0,near,0,1,0,0,1,0,"[""Ewing's Sarcoma"", ""Lymphoma""]",0,1,0,1,"[""Ewing's Sarcoma"", ""Gastrointestinal Stromal Tumor (GIST)""]",1,1,,,,,,,,0,0,1
mcr,mcr_200b,357,melanocytoma,,,0,0,0,0,0,,46,5,Orbital metastasis from choroidal melanoma,,0,0,46,0,0,0,0,5,0,0,other,0.0,0,0,0,0,0,other,0,0,0,0,0,0,"[""Cavernous Hemangioma"", ""Hemangiopericytoma""]",0,0,0,0,"[""Metastatic choroidal melanoma"", ""Primary orbital tumor""]",0,0,,,,,,,,0,0,0
mcr,mcr_200b,358,Foreign body granuloma,all_miss_but_recalled,,0,0,0,0,0,,51,5,Tenosynovial Giant Cell Tumor,40,1,0,50,1,0,0,0,5,0,0,other,0.0,0,0,0,0,0,other,0,0,0,0,0,0,"[""Tenosynovial Giant Cell Tumor"", ""Degenerative Arthritis""]",0,0,0,0,"[""Tenosynovial Giant Cell Tumor"", ""Synovitis/Tenosynovitis""]",0,0,,,,,,,,0,0,0
mcr,mcr_200b,359,basal cell carcinoma,all_miss_but_recalled,,0,0,0,0,0,,46,5,Squamous cell carcinoma,13,1,4,41,1,1,0,1,4,0,1,near,0.5,0,0,0,0,0,near,0,1,0,0,1,0,"[""Squamous cell carcinoma"", ""Infected perianal cyst""]",0,1,0,1,"[""Squamous cell carcinoma"", ""Perianal cyst or abscess""]",0,1,,,,,,,,0,0,0
mcr,mcr_200b,361,Anaplastic thyroid carcinoma,all_miss_but_recalled,,0,0,0,0,0,,52,5,Hypopharyngeal squamous cell carcinoma,12,1,16,35,1,1,1,3,1,1,1,near,0.167,1,1,1,0,0,other,0,1,0,0,1,0,"[""Hypopharyngeal cancer"", ""Squamous cell carcinoma""]",0,1,0,1,"[""Hypopharyngeal carcinoma"", ""Poorly differentiated squamous cell carcinoma""]",0,1,,,,,,,,0,0,0
mcr,mcr_200b,362,Cryptococcal osteomyelitis,all_miss_but_recalled,,0,0,0,0,0,,51,5,Tuberculous osteomyelitis,,0,21,30,0,1,0,4,1,0,1,near,0.333,0,1,0,0,0,near,1,1,3,1,0,1,"[""Multidrug-resistant tuberculosis"", ""Osteomyelitis""]",0,1,0,1,"[""Osteomyelitis due to tuberculosis"", ""Multidrug-resistant tuberculosis""]",0,1,,,,,,,,0,0,1
mcr,mcr_200b,363,Symmetrical peripheral gangrene,,,0,0,0,0,0,,51,5,Purpura fulminans,,0,1,50,0,1,0,0,5,0,0,other,0.0,0,0,0,0,0,other,0,0,0,0,0,0,"[""Purpura Fulminans"", ""Disseminated Intravascular Coagulation (DIC)""]",0,0,0,0,"[""Purpura Fulminans"", ""Disseminated Intravascular Coagulation (DIC) with limb ischemia""]",0,0,,,,,,,,0,0,0
mcr,mcr_200b,364,acute interstitial nephritis,base_win_rank,,0,0,1,0,0,,47,5,Nephrotic Syndrome due to Sildenafil,13,2,1,44,1,1,1,0,4,1,0,other,0.0,1,0,0,1,0,other,1,0,3,1,0,1,"[""Acute Interstitial Nephritis"", ""Minimal Change Disease""]",0,0,0,0,"[""Sildenafil-induced nephrotic syndrome"", ""Minimal change disease""]",1,0,,,,,,,,1,0,1
mcr,mcr_200b,365,thyroglossal duct cyst,e7_win_recall,,1,1,0,0,0,,45,5,Thyroglossal duct cyst,1,1,0,44,1,0,1,0,4,1,0,gold,1.0,0,0,0,0,1,gold,0,0,0,0,0,0,"[""Base of tongue cyst"", ""Obstructive sleep apnea""]",0,0,0,0,"[""Vallecular cyst"", ""Obstructive sleep apnea due to other base of tongue lesions""]",0,0,,,,,,,,0,0,0
mcr,mcr_200b,367,Cicatricial conjunctivitis,base_win_recall,,0,0,1,1,0,,51,5,Atopic Keratoconjunctivitis,,0,4,47,0,1,0,1,4,0,1,other,0.0,0,1,0,0,0,near,1,0,3,1,0,1,"[""Chronic Cicatricial Conjunctivitis"", ""Atopic Keratoconjunctivitis""]",1,0,1,0,"[""Chronic Cicatricial Conjunctivitis"", ""Blepharitis""]",0,1,,,,,,,,0,1,1
mcr,mcr_200b,368,LeukemiaCutis,,,0,0,0,0,0,,48,5,Blastic plasmacytoid dendritic cell neoplasm,,0,0,48,0,0,0,0,5,0,0,other,0.0,0,0,0,0,0,other,0,0,0,0,0,0,"[""Cutaneous lymphoma"", ""Leukemia cutis""]",0,0,0,0,"[""Cutaneous Lymphoma"", ""Leukemia Cutis""]",0,0,,,,,,,,0,0,0
mcr,mcr_200b,369,Bilateral adrenal hemorrhage,all_miss_but_recalled,,0,0,0,0,0,,48,5,Adrenal Hemorrhage,2,1,6,41,1,1,1,1,3,1,1,gold,0.667,0,1,0,0,1,gold,1,1,3,1,1,1,"[""Adrenal Hemorrhage"", ""Adrenal Infarction""]",1,1,1,1,"[""Adrenal Hemorrhage"", ""Bilateral Adrenal Metastases""]",0,1,,,,,,,,0,0,1
mcr,mcr_200b,370,osteochondroma,,,1,1,1,1,1,,54,5,Osteochondroma,1,3,0,51,1,0,2,0,3,1,0,gold,1.0,1,0,0,0,1,gold,1,0,6,1,0,2,"[""Osteochondroma"", ""Chondroma""]",1,0,1,0,"[""Osteochondroma"", ""Costal Exostosis""]",1,0,,,,,,,,0,0,1
mcr,mcr_200b,371,Brucellosis,,,0,0,0,0,0,,50,5,Pseudogout,,0,0,50,0,0,0,0,5,0,0,other,0.0,0,0,0,0,0,other,1,0,3,0,0,0,"[""septic arthritis"", ""hematoma""]",0,0,0,0,"[""Septic Arthritis"", ""Brucellar Spondylodiscitis or Osteomyelitis""]",0,0,,,,,,,,0,0,0
mcr,mcr_200b,372,Sporotrichosis,all_miss_but_recalled,,0,0,0,0,0,,50,5,Lupus miliaris disseminatus faciei,15,1,0,49,1,0,0,0,5,0,0,other,0.0,0,0,0,0,0,other,0,0,0,0,0,0,"[""Lupus miliaris disseminatus faciei"", ""Rosacea""]",0,0,0,0,"[""Lupus pernio (cutaneous sarcoidosis)"", ""Discoid lupus erythematosus""]",0,0,,,,,,,,0,0,0
mcr,mcr_200b,373,amyloidosis,,,1,1,1,0,0,,47,5,Conjunctival Amyloidosis,3,1,0,46,1,0,1,0,4,1,0,gold,0.5,0,0,0,0,1,gold,1,0,3,1,0,1,"[""Conjunctival Amyloidosis"", ""Conjunctival Lipogranuloma""]",0,0,0,0,"[""Conjunctival cyst"", ""Pinguecula""]",0,0,,,,,,,,0,0,1
mcr,mcr_200b,374,cryptogenic organizing pneumonia,e7_win_recall,,1,1,0,0,0,,53,5,organizing pneumonia,15,1,8,44,1,1,1,0,4,1,0,gold,0.667,0,0,0,0,1,gold,1,0,3,0,0,0,"[""Lung Cancer"", ""Sarcoidosis""]",0,0,0,0,"[""Lung Cancer"", ""Sarcoidosis""]",0,1,,,,,,,,0,0,0
mcr,mcr_200b,375,gliomatosis cerebri,,,0,0,0,0,0,,45,5,Progressive Supranuclear Palsy,,0,0,45,0,0,0,0,5,0,0,other,0.0,0,0,0,0,0,other,0,0,0,0,0,0,"[""Progressive Supranuclear Palsy"", ""Frontotemporal Dementia""]",0,0,0,0,"[""Normal Pressure Hydrocephalus (NPH)"", ""Progressive Supranuclear Palsy (PSP)""]",0,0,,,,,,,,0,0,0
mcr,mcr_200b,376,Sacrococcygeal teratoma,,,1,1,1,1,1,,43,5,Sacrooccygeal Teratoma,,0,2,41,0,1,0,2,3,0,1,near,0.333,0,1,0,0,0,near,1,0,3,1,0,1,"[""Sacrococcygeal Teratoma"", ""Hypovolemic Shock""]",1,0,1,0,"[""Sacrococcygeal Teratoma"", ""Neonatal Tumor with Hemorrhage and Metabolic Acidosis""]",1,0,,,,,,,,0,0,1
mcr,mcr_200b,377,hemorrhagic synovial cyst,,,0,0,0,0,0,,49,5,Meningioma,,0,0,49,0,0,0,0,5,0,0,other,0.0,0,0,0,0,0,other,0,0,0,0,0,0,"[""Meningioma"", ""Schwannoma""]",0,0,0,0,"[""Meningioma"", ""Neurofibroma""]",0,0,,,,,,,,0,0,0
mcr,mcr_200b,378,Visual conversion disorder,,,1,1,1,1,1,,48,5,Conversion disorder,11,1,7,40,1,1,1,0,4,1,0,gold,0.667,0,0,0,0,1,gold,1,0,3,1,0,1,"[""Conversion Disorder"", ""Traumatic Optic Neuropathy""]",1,0,1,0,"[""Conversion Disorder"", ""Traumatic Optic Neuropathy""]",1,0,,,,,,,,0,0,1
mcr,mcr_200b,379,Hemangiopericytoma,,,0,0,0,0,0,,45,5,Uterine leiomyoma,,0,0,45,0,0,0,0,5,0,0,other,0.0,0,0,0,0,0,other,0,0,0,0,0,0,"[""Uterine Fibroid"", ""Ovarian Tumor""]",0,0,0,0,"[""Subserosal uterine fibroid"", ""Ovarian tumor""]",0,0,,,,,,,,0,0,0
mcr,mcr_200b,381,lipoma,base_win_rank,,0,0,1,1,1,,48,5,Hamartoma of the Breast,1,14,0,34,1,0,1,0,4,1,0,other,0.0,1,0,0,1,1,other,1,0,3,1,0,1,"[""Lipoma"", ""Hamartoma""]",1,0,1,0,"[""Lipoma"", ""Fibroadenoma""]",1,0,,,,,,,,1,0,1
mcr,mcr_200b,382,Brown-McLean syndrome,,,0,0,0,0,0,,47,5,Aphakic bullous keratopathy,,0,12,35,0,1,0,1,4,0,1,other,0.0,0,1,0,0,0,other,0,1,0,0,0,0,"[""Fuchs’ endothelial dystrophy"", ""Chronic corneal edema secondary to aphakia""]",0,0,0,0,"[""Fuchs' endothelial dystrophy"", ""Corneal edema secondary to endothelial dysfunction""]",0,0,,,,,,,,0,0,0
mcr,mcr_200b,383,Idiopathic granulomatous mastitis,all_miss_but_recalled,,0,0,0,0,0,,49,5,Inflammatory breast cancer,3,3,8,38,1,1,2,1,2,1,1,other,0.0,1,1,0,1,1,other,1,0,3,0,0,0,"[""Inflammatory Breast Cancer"", ""Breast Abscess""]",1,0,1,0,"[""Inflammatory Breast Cancer"", ""Granulomatous Mastitis""]",0,0,,,,,,,,0,0,1
mcr,mcr_200b,384,juvenile ossifying fibroma,all_miss_but_recalled,,0,0,0,0,0,,48,5,Cherubism,3,1,2,45,1,1,1,0,4,1,0,other,0.0,1,0,0,1,0,other,1,1,3,0,1,0,"[""Juvenile nasopharyngeal angiofibroma"", ""Cherubism""]",0,1,0,1,"[""Juvenile Nasopharyngeal Angiofibroma"", ""Odontogenic Myxoma""]",0,1,,,,,,,,0,0,0
mcr,mcr_200b,385,olaparib-induced purpuric drug eruption,,,0,0,0,0,0,,48,5,Olaparib-induced thrombocytopenia,,0,3,45,0,1,0,2,3,0,1,near,0.333,0,1,0,0,0,near,0,1,0,0,1,0,"[""Olaparib-induced thrombocytopenia"", ""Thrombocytopenia""]",0,1,0,1,"[""Thrombocytopenia"", ""Drug-induced purpura""]",0,1,,,,,,,,0,0,0
mcr,mcr_200b,386,chondrosarcoma,,,1,1,0,1,1,,50,5,Laryngeal chondrosarcoma,1,1,0,49,1,0,1,0,4,1,0,gold,0.5,0,0,0,0,1,gold,1,0,3,1,0,1,"[""Recurrent chondrosarcoma"", ""Laryngeal carcinoma""]",1,0,1,0,"[""Chondrosarcoma"", ""Laryngeal mucoepidermoid carcinoma""]",1,0,,,,,,,,0,0,1
mcr,mcr_200b,387,Langerhans cell histiocytosis,all_miss_but_recalled,,0,0,0,0,0,,50,5,Rhabdomyosarcoma,2,1,1,48,1,1,1,0,4,1,0,other,0.0,1,0,0,1,1,other,1,0,3,0,0,0,"[""Rhabdomyosarcoma"", ""Ewing's sarcoma""]",0,0,0,0,"[""Rhabdomyosarcoma"", ""Orbital cellulitis or abscess""]",0,0,,,,,,,,0,0,0
mcr,mcr_200b,388,ClearCellMeningioma,all_miss_but_recalled,,0,0,0,0,0,,50,5,Myxopapillary ependymoma,2,1,0,49,1,0,1,0,4,1,0,other,0.0,1,0,0,1,1,gold,1,0,3,1,0,1,"[""Meningioma"", ""Schwannoma""]",1,0,1,0,"[""Meningioma"", ""Schwannoma""]",0,0,,,,,,,,0,0,1
mcr,mcr_200b,389,Fusarium pneumonia,,,0,0,0,0,0,,52,5,invasive aspergillosis,,0,3,49,0,1,0,0,5,0,0,other,0.0,0,0,0,0,0,other,0,0,0,0,0,0,"[""Invasive pulmonary aspergillosis"", ""Histoplasmosis""]",0,0,0,0,"[""Invasive Aspergillosis"", ""Granulomatosis with Polyangiitis (GPA)""]",0,0,,,,,,,,0,0,0
mcr,mcr_200b,390,Intraductal carcinoma,,,0,0,0,0,0,,45,5,Mucoepidermoid carcinoma,,0,14,31,0,1,0,3,2,0,1,near,0.333,0,1,0,0,0,near,0,1,0,0,1,0,"[""Salivary duct carcinoma"", ""Warthin tumor""]",0,1,0,1,"[""Salivary Duct Carcinoma"", ""Pleomorphic Adenoma""]",0,1,,,,,,,,0,0,0
mcr,mcr_200b,391,foreign body granuloma,,,0,0,0,0,0,,45,5,Cholesteatoma,,0,1,44,0,1,0,0,5,0,0,other,0.0,0,0,0,0,0,other,0,0,0,0,0,0,"[""Cholesteatoma"", ""Aggressive chronic otitis media""]",0,0,0,0,"[""Middle Ear Adenocarcinoma"", ""Aggressive Middle Ear Cholesteatoma""]",0,0,,,,,,,,0,0,0
mcr,mcr_200b,392,Pial arteriovenous fistula,,,0,0,0,0,0,,49,5,Arteriovenous malformation,,0,2,47,0,1,0,1,4,0,1,near,0.25,0,0,0,0,0,near,0,1,0,0,1,0,"[""Acute Ischemic Stroke"", ""Arteriovenous Malformation (AVM)""]",0,0,0,0,"[""Arterial Ischemic Stroke (AIS)"", ""Hemiconvulsive-Hemiplegic Syndrome""]",0,0,,,,,,,,0,0,0
mcr,mcr_200b,393,mucormycosis,all_miss_but_recalled,,0,0,0,0,1,,53,5,Phycomycosis,30,1,0,52,1,0,0,0,5,0,0,other,0.0,0,0,0,0,0,other,0,0,0,0,0,0,"[""Fungal gastroenteritis"", ""Gastric ulcer disease""]",0,0,0,0,"[""Gastrointestinal fungal infection"", ""Gastric phytobezoars or other gastric foreign bodies""]",1,0,,,,,,,,0,0,1
mcr,mcr_200b,394,Isolated ACTH deficiency,,,0,0,0,0,0,,51,5,SIADH due to malignancy,,0,0,51,0,0,0,0,5,0,0,other,0.0,0,0,0,0,0,other,0,0,0,0,0,0,"[""SIADH"", ""Cancer Cachexia""]",0,0,0,0,"[""Syndrome of Inappropriate Antidiuretic Hormone Secretion (SIADH)"", ""Paraneoplastic Syndrome""]",0,0,,,,,,,,0,0,0
mcr,mcr_200b,395,Kummell disease,base_win_rank,,0,1,1,0,0,,49,5,Vertebral osteonecrosis,6,1,7,41,1,1,1,0,4,1,0,other,0.0,1,0,0,1,1,gold,1,0,3,1,0,1,"[""Kummell disease"", ""Osteoporotic compression fracture""]",0,0,0,0,"[""Osteoporotic Vertebral Compression Fractures"", ""Vertebral Osteonecrosis""]",1,0,,,,,,,,1,0,1
mcr,mcr_200b,396,rheumatoid arthritis,,,1,1,1,1,1,,50,5,Rheumatoid Arthritis,1,2,4,44,1,1,1,1,3,1,1,gold,1.0,0,1,0,0,1,gold,1,0,3,1,0,1,"[""Rheumatoid Arthritis"", ""Familial Hypercholesterolemia-related Tendinopathy""]",1,0,1,0,"[""Rheumatoid Arthritis"", ""Tendinosis/Tendinitis""]",1,1,,,,,,,,0,0,1
mcr,mcr_200b,397,Cancer associated microangiopathic hemolytic anemia,e7_win_recall,,1,0,0,0,1,,52,5,Thrombotic microangiopathy associated with cancer,16,1,20,31,1,1,1,2,2,1,1,near,0.25,1,1,1,0,0,other,1,1,3,0,0,0,"[""Thrombotic Thrombocytopenic Purpura (TTP)"", ""Disseminated Intravascular Coagulation (DIC)""]",0,1,0,1,"[""Thrombotic Thrombocytopenic Purpura (TTP)"", ""Atypical Hemolytic Uremic Syndrome (aHUS)""]",1,0,,,,,,,,0,0,1
mcr,mcr_200b,399,FournierGangrene,,,0,0,0,0,0,,51,5,Neonatal testicular torsion,,0,0,51,0,0,0,0,5,0,0,other,0.0,0,0,0,0,0,other,0,0,0,0,0,0,"[""Testicular torsion"", ""Scrotal abscess""]",0,0,0,0,"[""Neonatal testicular torsion"", ""Scrotal abscess""]",0,0,,,,,,,,0,0,0
mcr,mcr_200b,401,Chronic invasive fungal rhinosinusitis,,,0,0,1,0,0,,55,5,Sinonasal lymphoma,,0,1,54,0,1,0,0,5,0,0,other,0.0,0,0,0,0,0,other,0,1,0,0,1,0,"[""Invasive fungal sinusitis"", ""Lymphoma""]",0,1,0,1,"[""Malignant Neoplasm of the Sinus with Orbital Extension"", ""Chronic Fibrosing Inflammation of the Sinus with Orbital Extension""]",0,0,,,,,,,,0,0,0
mcr,mcr_200b,402,Primary pleuropulmonary synovial sarcoma,all_miss_but_recalled,,0,0,0,0,0,,49,5,Non-small cell lung cancer,11,1,8,40,1,1,0,0,5,0,0,other,0.0,0,0,0,0,0,other,0,0,0,0,0,0,"[""Lung Cancer"", ""Malignant Pleural Effusion""]",0,0,0,0,"[""Malignant Pleural Effusion"", ""Lymphoma""]",0,0,,,,,,,,0,0,0
mcr,mcr_200b,403,Primary angiitis of the central nervous system,all_miss_but_recalled,,0,0,0,0,0,,48,5,Cardioembolic stroke,22,1,3,44,1,1,0,1,4,0,1,other,0.0,0,1,0,0,0,other,0,0,0,0,0,0,"[""Ischemic Stroke"", ""Atrial Fibrillation""]",0,0,0,0,"[""Cardioembolic Stroke"", ""Atherosclerotic-Thrombotic Stroke""]",0,0,,,,,,,,0,0,0
mcr,mcr_200b,405,Synovial sarcoma,,,0,0,0,0,0,,57,5,Budd-Chiari syndrome,,0,0,57,0,0,0,0,5,0,0,other,0.0,0,0,0,0,0,other,0,0,0,0,0,0,"[""Budd-Chiari syndrome"", ""pericardial malignancy""]",0,0,0,0,"[""Budd-Chiari syndrome due to hepatic vein thrombosis"", ""Cardiac angiosarcoma with hepatic vein thrombosis and tumor thrombus""]",0,0,,,,,,,,0,0,0
mcr,mcr_200b,406,Sturge-Weber syndrome,,,1,1,1,1,1,,48,5,Sturge-Weber syndrome,1,1,8,39,1,1,1,0,4,1,0,gold,1.0,0,0,0,0,1,gold,1,1,3,1,0,1,"[""Sturge-Weber Syndrome"", ""Ocular Melanocytosis""]",1,0,1,0,"[""Sturge-Weber syndrome"", ""Glaucoma""]",1,0,,,,,,,,0,0,1
mcr,mcr_200b,407,Adrenal myelolipoma,,,1,1,1,1,1,,52,5,Adrenal myelolipoma,1,2,1,49,1,1,2,0,3,1,0,gold,1.0,1,0,0,0,1,gold,1,1,6,1,0,2,"[""Myelolipoma"", ""Lipoma""]",1,0,1,0,"[""Adrenal myelolipoma"", ""Retroperitoneal liposarcoma""]",1,0,,,,,,,,0,0,1
mcr,mcr_200b,408,sebaceous carcinoma,all_miss_but_recalled,,0,0,0,0,0,,43,5,Primary clear-cell adenocarcinoma of the penis,23,1,23,19,1,1,0,2,3,0,1,other,0.0,0,1,0,0,0,near,0,1,0,0,1,0,"[""clear-cell squamous cell carcinoma"", ""metastatic clear-cell carcinoma""]",0,1,0,1,"[""Primary Clear-Cell Squamous Cell Carcinoma of the Penis"", ""Metastatic Clear-Cell Carcinoma to the Penis""]",0,1,,,,,,,,0,0,0
mcr,mcr_200b,409,Chronic necrotizing pancreatitis,,,0,0,0,0,0,,49,5,Pseudochylothorax,,0,0,49,0,0,0,0,5,0,0,other,0.0,0,0,0,0,0,other,0,0,0,0,0,0,"[""Pancreaticopleural Fistula"", ""Pleural Effusion""]",0,1,0,1,"[""Pancreaticopleural fistula"", ""Exudative pleural effusion due to pancreatitis""]",0,1,,,,,,,,0,0,0
mcr,mcr_200b,410,Intraductal papillary neoplasm of the bile duct,,,1,1,1,1,1,,48,5,Intraductal papillary neoplasm of the bile duct,22,1,5,42,1,1,1,2,2,1,1,gold,1.0,0,1,0,0,1,gold,1,1,3,1,0,1,"[""Intraductal Papillary Neoplasm of the Bile Duct (IPNB)"", ""Biliary Cystadenocarcinoma""]",1,1,1,1,"[""Intraductal Papillary Neoplasm of the Bile Duct (IPNB)"", ""Mucinous Cystic Neoplasm of the Liver""]",1,1,,,,,,,,0,0,1
mcr,mcr_200b,411,PlexiformSchwannoma,,,1,0,1,1,1,,51,5,plexiform schwannoma,4,1,0,50,1,0,1,0,4,1,0,other,0.0,1,0,0,1,1,gold,1,0,3,0,0,0,"[""Plexiform Schwannoma"", ""Glomus Tumor""]",0,0,0,0,"[""Plexiform Schwannoma"", ""Glomus Tumor""]",0,0,,,,,,,,0,0,0
mcr,mcr_200b,412,External cervical resorption,e7_win_rank,,1,1,0,0,0,,54,5,External Cervical Resorption,1,1,1,52,1,1,1,1,3,1,1,gold,1.0,0,1,0,0,1,gold,1,0,3,1,0,1,"[""Asymptomatic Irreversible Pulpitis"", ""External Cervical Resorption""]",1,0,1,0,"[""Asymptomatic Irreversible Pulpitis with Normal Apical Tissues"", ""External Cervical Resorption""]",1,0,,,,,,,,1,0,1
mcr,mcr_200b,413,schwannoma,,,0,0,0,0,0,,50,5,Esthesioneuroblastoma,,0,0,50,0,0,0,0,5,0,0,other,0.0,0,0,0,0,0,other,0,0,0,0,0,0,"[""Inverted Papilloma"", ""Esthesioneuroblastoma""]",0,0,0,0,"[""Inverted Papilloma"", ""Mucocoele""]",0,0,,,,,,,,0,0,0
mcr,mcr_200b,414,Primary spontaneous pneumothorax,,,0,0,0,0,0,,49,5,Precordial catch syndrome,,0,1,48,0,1,0,0,5,0,0,other,0.0,0,0,0,0,0,other,0,0,0,0,0,0,"[""Precordial Catch Syndrome"", ""Mitral Valve Prolapse""]",0,0,0,0,"[""Mitral Valve Prolapse"", ""Costochondritis""]",0,0,,,,,,,,0,0,0
mcr,mcr_200b,415,Schwannoma,,,0,0,0,0,0,,49,5,Metastatic papillary thyroid carcinoma,,0,0,49,0,0,0,0,5,0,0,other,0.0,0,0,0,0,0,other,0,0,0,0,0,0,"[""metastatic thyroid carcinoma"", ""primary high-grade glioma""]",0,0,0,0,"[""Metastatic thyroid carcinoma"", ""Primary high-grade glioma""]",0,0,,,,,,,,0,0,0
mcr,mcr_200b,416,Schistosomiasis,,,1,0,1,1,1,,49,5,Schistosomiasis,6,1,0,48,1,0,1,0,4,1,0,gold,1.0,0,0,0,0,1,other,1,0,3,1,0,1,"[""Schistosomiasis"", ""Spinal cord tumor""]",0,0,0,0,"[""Spinal cord infection (e.g., parasitic infection)"", ""Intramedullary spinal cord tumor (e.g., lymphoma)""]",1,0,,,,,,,,0,0,1
mcr,mcr_200b,418,Sarcoidosis,,,1,0,1,0,1,,52,5,Cardiac sarcoidosis,9,1,0,51,1,0,1,0,4,1,0,gold,0.5,0,0,0,0,1,gold,1,0,3,1,0,1,"[""Sarcoidosis"", ""Cardiac amyloidosis""]",1,0,1,0,"[""Cardiac Sarcoidosis"", ""Arrhythmogenic Right Ventricular Cardiomyopathy (ARVC)""]",1,0,,,,,,,,0,0,1
mcr,mcr_200b,419,Inflammatory pseudotumor-like follicular dendritic cell sarcoma,,,0,0,0,0,0,,53,5,Lymphoma with splenic involvement,,0,1,52,0,1,0,0,5,0,0,other,0.0,0,0,0,0,0,other,0,0,0,0,0,0,"[""Splenic hamartoma"", ""Lymphoma""]",0,0,0,0,"[""Splenic Hamartoma"", ""Lymphoma""]",0,0,,,,,,,,0,0,0
mcr,mcr_200b,420,Osteochondroma,,,0,0,0,0,0,,49,5,Calcaneal spur,,0,0,49,0,0,0,0,5,0,0,other,0.0,0,0,0,0,0,other,0,0,0,0,0,0,"[""Heel spur"", ""Haglund's deformity""]",0,0,0,0,"[""Calcaneus secundarius"", ""Haglund's deformity""]",0,0,,,,,,,,0,0,0
mcr,mcr_200b,423,schwannoma,all_miss_but_recalled,,0,0,0,0,0,,48,5,Liposarcoma,19,1,0,47,1,0,0,0,5,0,0,other,0.0,0,0,0,0,0,other,0,0,0,0,0,0,"[""Sarcoma"", ""Lymphoma""]",0,0,0,0,"[""Soft tissue sarcoma"", ""Lymphoma""]",0,0,,,,,,,,0,0,0
mcr,mcr_200b,424,Nonbacterial thrombotic endocarditis,all_miss_but_recalled,,0,0,0,0,1,,50,5,Systemic Lupus Erythematosus,,0,2,48,0,1,0,1,4,0,1,other,0.0,0,1,0,0,1,other,1,1,3,0,0,0,"[""Systemic Lupus Erythematosus (SLE)"", ""Antiphospholipid Syndrome (APS)""]",1,0,1,0,"[""Nonbacterial thrombotic endocarditis (NBTE)"", ""Antiphospholipid syndrome (APS)""]",1,0,,,,,,,,0,1,1
mcr,mcr_200b,426,cystoid macular oedema,,,1,1,1,1,1,,49,5,Cystoid Macular Edema,,0,6,43,0,1,0,2,3,0,1,near,0.5,0,1,0,0,0,near,0,1,0,0,1,0,"[""Cystoid Macular Edema"", ""Diabetic Macular Edema""]",0,1,0,1,"[""Cystoid Macular Edema"", ""Diabetic Macular Edema""]",0,1,,,,,,,,0,0,0
mcr,mcr_200b,428,Hairy cell leukemia,,,0,0,0,0,0,,57,5,Evans Syndrome,,0,1,56,0,1,0,0,5,0,0,other,0.0,0,0,0,0,0,other,0,0,0,0,0,0,"[""Myelodysplastic syndrome"", ""Felty's syndrome""]",0,0,0,0,"[""Felty's Syndrome"", ""Systemic Lupus Erythematosus (SLE)""]",0,0,,,,,,,,0,0,0
mcr,mcr_200b,430,Atrial tachycardia,all_miss_but_recalled,,0,0,0,0,0,,39,5,Vein of Marshall Epicardial Tachycardia,5,12,27,0,1,1,2,3,0,1,1,near,0.2,1,1,1,0,1,near,1,1,3,1,1,1,"[""Epicardial Accessory Pathway Mediated Tachycardia"", ""Atrial Tachycardia""]",0,1,0,1,"[""Mitral Isthmus Dependent Flutter"", ""Atrial Fibrillation with Epicardial Pathway""]",1,0,,,,,,,,0,0,1
mcr,mcr_200b,431,congenital cytomegalovirus infection,all_miss_but_recalled,,0,0,0,0,1,,52,5,Porencephaly,8,1,11,40,1,1,1,1,3,1,1,other,0.0,1,1,0,1,1,other,0,1,0,0,0,0,"[""Intracranial hemorrhage"", ""Porencephaly""]",0,0,0,0,"[""Porencephaly"", ""Schizencephaly""]",1,0,,,,,,,,0,0,1
mcr,mcr_200b,432,Rapidly involuting congenital hemangioma,,,1,1,1,1,1,,46,5,Rapidly involuting congenital hemangioma,1,2,5,39,1,1,1,1,3,1,1,gold,1.0,0,1,0,0,1,gold,1,0,6,1,0,1,"[""Rapidly Involuting Congenital Hemangioma (RICH)"", ""Smooth Muscle Hamartoma""]",1,0,1,0,"[""Rapidly Involuting Congenital Hemangioma (RICH)"", ""Smooth Muscle Hamartoma""]",1,1,,,,,,,,0,0,1
mcr,mcr_200b,434,multifocal diverticulitis,all_miss_but_recalled,,0,0,0,0,0,,52,5,Colorectal cancer,4,1,0,51,1,0,1,0,4,1,0,other,0.0,1,0,0,1,1,other,1,0,3,0,0,0,"[""Colorectal Cancer"", ""Inflammatory Bowel Disease""]",0,0,0,0,"[""Inflammatory Bowel Disease (IBD)"", ""Colorectal Cancer""]",0,0,,,,,,,,0,0,0
mcr,mcr_200b,435,cryptococcoma,,,0,0,0,0,0,,51,5,Metastatic brain tumor,,0,0,51,0,0,0,0,5,0,0,other,0.0,0,0,0,0,0,other,0,0,0,0,0,0,"[""Metastatic Brain Tumor"", ""Primary Brain Tumor""]",0,0,0,0,"[""Metastatic brain tumor"", ""Primary brain tumor""]",0,0,,,,,,,,0,0,0
mcr,mcr_200b,436,Renal artery aneurysm,all_miss_but_recalled,,0,0,0,0,0,,47,5,Spontaneous renal hemorrhage,3,1,30,16,1,1,1,2,2,1,1,near,0.2,1,1,1,0,1,near,1,1,3,1,0,1,"[""Retroperitoneal hemorrhage"", ""Renal artery aneurysm rupture""]",0,1,0,1,"[""Spontaneous renal hemorrhage"", ""Retroperitoneal hemorrhage due to renovascular cause""]",1,1,,,,,,,,0,0,1
mcr,mcr_200b,437,Hepatopulmonary syndrome,,,0,0,0,0,0,,51,5,Severe prosthesis-patient mismatch,,0,6,45,0,1,0,0,5,0,0,other,0.0,0,0,0,0,0,other,0,0,0,0,0,0,"[""Severe prosthesis–patient mismatch"", ""Heart failure with preserved ejection fraction""]",0,0,0,0,"[""Heart Failure with Preserved Ejection Fraction (HFpEF)"", ""Prosthetic Valve Dysfunction due to Patient-Prosthesis Mismatch""]",0,0,,,,,,,,0,0,0
mcr,mcr_200b,438,chemotherapy induced sclerosing cholangitis,,,1,1,0,1,0,,46,5,Sclerosing cholangitis due to paclitaxel,,0,20,26,0,1,0,4,1,0,1,near,0.333,0,1,0,0,0,near,1,1,3,1,1,1,"[""Drug-induced cholestasis"", ""Sclerosing cholangitis""]",0,1,0,1,"[""Chemotherapy-induced sclerosing cholangitis"", ""Drug-induced liver injury (paclitaxel and bevacizumab associated)""]",0,1,,,,,,,,0,0,1
mcr,mcr_200b,441,Dengue encephalitis,,,1,1,1,1,1,,51,5,Dengue encephalitis,4,1,9,41,1,1,1,3,1,1,1,gold,1.0,0,1,0,0,1,gold,1,1,3,1,0,1,"[""Dengue Encephalitis"", ""Acute Disseminated Encephalomyelitis""]",1,1,1,1,"[""Dengue Encephalitis"", ""Dengue Hemorrhagic Fever with Neurological Complications""]",1,0,,,,,,,,0,0,1
mcr,mcr_200b,442,Topical corticosteroid withdrawal,,,0,0,0,1,0,,50,5,Steroid-induced rosacea-like dermatitis,,0,0,50,0,0,0,0,5,0,0,other,0.0,0,0,0,0,0,other,0,0,0,0,0,0,"[""Perioral dermatitis"", ""Steroid-induced rosacea-like dermatitis""]",0,1,0,1,"[""Perioral Dermatitis"", ""Topical Steroid Withdrawal""]",0,1,,,,,,,,0,0,0
mcr,mcr_200b,443,Thymoma,all_miss_but_recalled,,0,0,0,0,0,,47,5,Non-Hodgkin lymphoma,33,1,0,46,1,0,0,0,5,0,0,other,0.0,0,0,0,0,0,other,0,0,0,0,0,0,"[""Malignant Lymphoma"", ""Metastatic Lymph Node""]",0,0,0,0,"[""Metastatic lymph node"", ""Malignant lymphoma""]",0,0,,,,,,,,0,0,0
mcr,mcr_200b,444,Langerhans cell histiocytosis,,,1,1,1,1,1,,47,5,Langerhans cell histiocytosis,1,1,2,44,1,1,1,1,3,1,1,gold,1.0,0,1,0,0,1,gold,1,0,6,1,0,1,"[""Langerhans cell histiocytosis"", ""Myeloproliferative disorder""]",1,0,1,0,"[""Langerhans cell histiocytosis"", ""Infectious or inflammatory condition""]",1,0,,,,,,,,0,0,1
mcr,mcr_200b,445,Actinomycosis,,,0,0,0,0,0,,49,5,Chronic invasive fungal sinusitis,,0,0,49,0,0,0,0,5,0,0,other,0.0,0,0,0,0,0,other,0,0,0,0,0,0,"[""Fungal sinusitis"", ""Allergic fungal sinusitis""]",0,0,0,0,"[""Invasive Fungal Sinusitis"", ""Chronic Rhinosinusitis""]",0,0,,,,,,,,0,0,0
mcr,mcr_200b,448,thrombotic thrombocytopenic purpura,,,1,1,1,1,1,,59,5,Thrombotic Thrombocytopenic Purpura,1,1,3,55,1,1,1,1,3,1,1,gold,1.0,0,1,0,0,1,gold,1,0,3,1,0,1,"[""Thrombotic Thrombocytopenic Purpura (TTP)"", ""Ischemic Stroke""]",1,0,1,0,"[""Thrombotic Thrombocytopenic Purpura (TTP)"", ""Hemolytic Uremic Syndrome (HUS)""]",1,0,,,,,,,,0,0,1
mcr,mcr_200b,450,lupus pneumonitis,,,0,0,0,0,0,,51,5,Neonatal Lupus,,0,2,49,0,1,0,1,4,0,1,near,0.333,0,0,0,0,0,near,0,1,0,0,1,0,"[""Neonatal Lupus"", ""Congenital Heart Block""]",0,1,0,1,"[""Neonatal Lupus Syndrome"", ""Congenital Heart Disease""]",0,1,,,,,,,,0,0,0
mcr,mcr_200b,451,Spontaneous pneumoperitoneum,,,0,1,1,1,0,,43,5,Idiopathic pneumoperitoneum,1,1,2,40,1,1,1,1,3,1,1,near,0.333,1,0,1,0,1,near,0,1,0,0,1,0,"[""Pneumoperitoneum of uncertain origin"", ""Perforated viscus""]",0,1,0,1,"[""Recurrent pneumoperitoneum of unclear etiology"", ""Perforated viscus""]",0,1,,,,,,,,1,0,0
mcr,mcr_200b,452,fibroadenoma,,,0,0,0,0,0,,50,5,Leiomyosarcoma,,0,0,50,0,0,0,0,5,0,0,other,0.0,0,0,0,0,0,other,0,0,0,0,0,0,"[""Leiomyoma"", ""Anal fibroma""]",0,0,0,0,"[""Leiomyoma"", ""Fibrokeratoma""]",0,0,,,,,,,,0,0,0
mcr,mcr_200b,453,osteoblastoma,,,0,0,0,0,0,,49,5,Cemento-ossifying fibroma,,0,0,49,0,0,0,0,5,0,0,other,0.0,0,0,0,0,0,other,0,0,0,0,0,0,"[""Cemento-ossifying fibroma"", ""Ossifying fibroma""]",0,0,0,0,"[""Cemento-ossifying fibroma"", ""Other benign bone tumors""]",0,0,,,,,,,,0,0,0
mcr,mcr_200b,454,Gastrointestinal stromal tumor,,,1,1,1,1,1,,43,5,Gastrointestinal Stromal Tumor (GIST),1,1,5,37,1,1,1,2,2,1,1,gold,0.75,0,1,0,0,1,gold,1,1,3,1,0,1,"[""Gastrointestinal Stromal Tumor (GIST)"", ""Gastric Leiomyoma""]",1,0,1,0,"[""Gastrointestinal Stromal Tumor (GIST)"", ""Leiomyoma""]",1,0,,,,,,,,0,0,1
mcr,mcr_200b,455,uterine inversion,,,0,0,0,0,0,,48,5,Vaginal leiomyoma,,0,4,44,0,1,0,1,4,0,1,other,0.0,0,1,0,0,0,other,0,1,0,0,1,0,"[""Cervical Cancer"", ""Uterine Cancer""]",0,0,0,0,"[""Vaginal or Cervical Tumor"", ""Uterovaginal Anomaly with Hematocolpos or Hematometra""]",0,1,,,,,,,,0,0,0
mcr,mcr_200b,456,Ureteroarterial fistula,base_win_recall,,0,0,1,0,0,,48,5,Radiation cystitis,,0,3,45,0,1,0,2,3,0,1,other,0.0,0,1,0,0,0,other,1,1,3,1,1,1,"[""Ureteroarterial fistula"", ""Ureteroileal fistula""]",0,1,0,1,"[""Radiation-induced ureteral damage"", ""Ureteroileal fistula with recurrent hematuria""]",0,1,,,,,,,,0,1,1
mcr,mcr_200b,457,Ewing sarcoma,,,0,0,0,0,0,,45,5,Hemangiopericytoma,,0,4,41,0,1,0,0,5,0,0,other,0.0,0,0,0,0,0,other,0,1,0,0,0,0,"[""Hemangiopericytoma"", ""Meningioma""]",0,0,0,0,"[""Hemangiopericytoma"", ""Meningioma""]",0,0,,,,,,,,0,0,0
mcr,mcr_200b,458,Lymphangioleiomyomatosis,base_win_rank,,0,0,0,1,1,,46,5,Birt-Hogg-Dube syndrome,1,1,0,45,1,0,1,0,4,1,0,other,0.0,1,0,0,1,1,other,1,0,3,1,0,1,"[""Birt-Hogg-Dube syndrome"", ""lymphangioleiomyomatosis""]",1,0,1,0,"[""Lymphangioleiomyomatosis (LAM)"", ""Birt-Hogg-Dube syndrome""]",1,0,,,,,,,,1,0,1
mcr,mcr_200b,459,Cavernous hemangioma,,,0,0,0,0,0,,48,5,Monostotic fibrous dysplasia,,0,2,46,0,1,0,0,5,0,0,other,0.0,0,0,0,0,0,other,0,0,0,0,0,0,"[""Fibrous dysplasia"", ""Ossifying fibroma""]",0,0,0,0,"[""Fibrous Dysplasia"", ""Other Bone Lesions (e.g. Osteoma, Osteoblastoma)""]",0,0,,,,,,,,0,0,0
mcr,mcr_200b,460,Schistosomiasis,,,0,0,0,0,0,,60,5,empyema,,0,0,60,0,0,0,0,5,0,0,other,0.0,0,0,0,0,0,other,0,0,0,0,0,0,"[""Empyema"", ""Tuberculous pleurisy""]",0,0,0,0,"[""Empyema"", ""Tuberculosis""]",0,0,,,,,,,,0,0,0
mcr,mcr_200b,461,dengue viral myositis,all_miss_but_recalled,,0,0,0,0,0,,55,5,Rhabdomyolysis,51,1,4,50,1,1,0,0,5,0,0,other,0.0,0,0,0,0,0,other,1,0,3,0,0,0,"[""Rhabdomyolysis"", ""Acute Kidney Injury""]",0,0,0,0,"[""Rhabdomyolysis"", ""Acute Kidney Injury (AKI)""]",0,0,,,,,,,,0,0,0
mcr,mcr_200b,463,Femoral–facial syndrome,,,0,0,1,1,0,,51,5,Thanatophoric dysplasia,,0,26,25,0,1,0,0,5,0,0,other,0.0,0,0,0,0,0,near,0,1,0,0,1,0,"[""Femoral hypoplasia-unusual facies syndrome"", ""Thanatophoric dysplasia""]",0,1,0,1,"[""Femoral Hypoplasia-Unusual Facies Syndrome"", ""Skeletal Dysplasia (possibly Perinatal Hypophosphatasia)""]",0,1,,,,,,,,0,0,0
mcr,mcr_200b,464,ruptured popliteal artery aneurysm,base_win_rank,,0,0,1,1,1,,47,5,Popliteal artery aneurysm,1,1,5,41,1,1,1,1,3,1,1,gold,0.75,0,1,0,0,1,gold,1,0,3,1,0,1,"[""Ruptured popliteal artery aneurysm"", ""Hematoma""]",1,0,1,0,"[""Ruptured Popliteal Artery Aneurysm"", ""Deep Vein Thrombosis""]",1,1,,,,,,,,1,0,1
mcr,mcr_200b,465,congenital granular cell epulis,,,1,1,1,1,1,,48,5,Congenital epulis,,0,5,43,0,1,0,2,3,0,1,near,0.5,0,1,0,0,0,near,0,1,0,0,1,0,"[""Congenital Epulis"", ""Congenital Granular Cell Tumor""]",0,1,0,1,"[""Congenital Epulis"", ""Gingival Granular Cell Tumor""]",0,1,,,,,,,,0,0,0
mcr,mcr_200b,466,Basaloid squamous cell carcinoma,all_miss_but_recalled,,0,0,0,0,0,,51,5,Pilonidal sinus,5,1,3,47,1,1,1,0,4,1,0,other,0.0,1,0,0,1,1,other,1,1,3,0,0,0,"[""Pilonidal sinus"", ""Chronic wound""]",0,0,0,0,"[""Pilonidal Disease"", ""Chronic Dermatological Condition (e.g., Psoriasis)""]",0,0,,,,,,,,0,0,0
mcr,mcr_200b,467,spinal epidural lipomatosis,,,1,1,1,1,1,,53,5,Spinal epidural lipomatosis,1,1,23,29,1,1,1,4,0,1,1,gold,1.0,0,1,0,0,1,gold,1,1,3,1,1,1,"[""Spinal epidural lipomatosis"", ""Lipomatous spinal epidural hematoma""]",1,1,1,1,"[""Spinal Epidural Lipomatosis"", ""Epidural Abscess""]",1,1,,,,,,,,0,0,1
mcr,mcr_200b,468,cryoglobulinemic vasculitis,,,0,0,0,0,0,,51,5,Primary Angiitis of the Central Nervous System,,0,1,50,0,1,0,1,4,0,1,other,0.0,0,1,0,0,0,near,0,1,0,0,1,0,"[""Cerebral Vasculitis"", ""Systemic Sclerosis with Central Nervous System Involvement""]",0,1,0,1,"[""Central Nervous System (CNS) Vasculitis"", ""Neurosarcoidosis""]",0,1,,,,,,,,0,0,0
mcr,mcr_200b,469,mantle cell lymphoma,all_miss_but_recalled,,0,0,0,0,0,,53,5,Intraocular lymphoma,1,2,13,38,1,1,1,2,2,1,1,near,0.25,1,1,1,0,1,near,1,1,3,1,1,1,"[""Intraocular lymphoma"", ""Lymphoma""]",1,0,1,0,"[""Lymphoma"", ""Vogt-Koyanagi-Harada disease""]",1,0,,,,,,,,0,0,1
mcr,mcr_200b,470,cone-rod dystrophy,all_miss_but_recalled,,0,0,0,0,0,,46,5,Stargardt disease,7,1,13,32,1,1,1,3,1,1,1,other,0.0,1,1,0,1,1,other,1,1,3,1,0,1,"[""Stargardt disease"", ""Cone-rod dystrophy""]",1,0,1,0,"[""Stargardt disease"", ""Cone-rod dystrophy""]",0,0,,,,,,,,0,0,1
mcr,mcr_200b,471,stress-induced gastric ulcer,,,0,0,0,0,0,,50,5,Meckel's diverticulum,,0,8,42,0,1,0,2,3,0,1,other,0.0,0,1,0,0,0,other,0,1,0,0,1,0,"[""Peptic ulcer disease"", ""Mallory-Weiss syndrome""]",0,1,0,1,"[""Peptic Ulcer Disease"", ""Gastroesophageal Varices""]",0,1,,,,,,,,0,0,0
mcr,mcr_200b,473,keratoameloblastoma,all_miss_but_recalled,,0,0,0,0,0,,45,5,Unicystic Ameloblastoma,12,1,0,44,1,0,1,0,4,1,0,other,0.0,1,0,0,1,0,other,0,0,0,0,0,0,"[""unicystic ameloblastoma"", ""odontogenic keratocyst""]",0,0,0,0,"[""Unicystic Ameloblastoma"", ""Odontogenic Keratocyst""]",0,0,,,,,,,,0,0,0
mcr,mcr_200b,474,Neurenteric cyst,,,0,0,0,0,0,,52,5,Hemangioblastoma,,0,0,52,0,0,0,0,5,0,0,other,0.0,0,0,0,0,0,other,0,0,0,0,0,0,"[""Hemangioblastoma"", ""Meningioma""]",0,0,0,0,"[""Hemangioblastoma"", ""Meningioma""]",0,0,,,,,,,,0,0,0
mcr,mcr_200b,475,Parsonage Turner Syndrome,,,0,0,0,0,0,,47,5,Anterior Interosseous Nerve Syndrome,,0,7,40,0,1,0,2,3,0,1,near,0.167,0,1,0,0,0,near,0,0,0,0,0,0,"[""Neuropathy of the anterior interosseous nerve"", ""Mononeuritis multiplex""]",0,1,0,1,"[""Anterior Interosseous Nerve Syndrome"", ""Mononeuropathy""]",0,1,,,,,,,,0,0,0
mcr,mcr_200b,477,Burkitt lymphoma,all_miss_but_recalled,,0,0,0,0,0,,50,5,Intussusception,3,2,0,48,1,0,1,0,4,1,0,other,0.0,1,0,0,1,0,other,0,0,0,0,0,0,"[""Intussusception"", ""Inflammatory bowel disease""]",0,0,0,0,"[""Intussusception"", ""Appendicitis""]",0,0,,,,,,,,0,0,0
mcr,mcr_200b,478,toxic megacolon,,,0,0,0,0,0,,50,5,Campylobacter jejuni enteritis,,0,0,50,0,0,0,0,5,0,0,other,0.0,0,0,0,0,0,other,0,0,0,0,0,0,"[""Campylobacter jejuni infection"", ""Infectious colitis""]",0,0,0,0,"[""Campylobacter jejuni infection"", ""Infectious colitis""]",0,0,,,,,,,,0,0,0
mcr,mcr_200b,479,Extraskeletal myxoid chondrosarcoma,all_miss_but_recalled,,0,0,0,0,0,,44,5,Myxoid liposarcoma,11,2,28,14,1,1,1,1,3,1,1,near,0.25,1,0,1,0,1,near,0,1,0,0,1,0,"[""Myxoid Liposarcoma"", ""Myxofibrosarcoma""]",0,1,0,1,"[""Myxoid Liposarcoma"", ""Myxofibrosarcoma""]",0,1,,,,,,,,0,0,0
mcr,mcr_200b,480,Myasthenia gravis,all_miss_but_recalled,,0,0,0,0,0,,53,5,Transient Ischemic Attack,3,1,0,52,1,0,0,0,5,0,0,other,0.0,0,0,0,0,0,other,1,0,3,1,0,1,"[""Transient Ischemic Attack (TIA) of the vertebrobasilar system"", ""Myasthenia Gravis""]",0,0,0,0,"[""Transient Ischemic Attack of the Vertebrobasilar System"", ""Neurodegenerative Disease (e.g. Multiple System Atrophy)""]",0,0,,,,,,,,0,0,1
