experiment_id,left_arm,right_arm,label,multiplicity_family,scope,endpoint,n,both,left_only,right_only,neither,left_rate_ita,right_rate_ita,delta_right_minus_left,exact_mcnemar_p,paired_bootstrap_delta_ci95,gain_case_keys,loss_case_keys,holm_adjusted_p
E1,ab02_flat__clean_fixed,ab02_flat__options_fixed,options_vs_clean_fixed__ab02_flat,primary,ALL,clinical_complete,200,41,9,87,63,0.25,0.64,0.39,3.640258907444359e-17,"[0.31, 0.47]","[""DA_d2_heldout100/261"", ""DA_d2_heldout100/262"", ""DA_d2_heldout100/276"", ""DA_d2_heldout100/299"", ""DA_d2_heldout100/308"", ""DA_d2_heldout100/352"", ""DA_d2_heldout100/359"", ""DA_d2_heldout100/364"", ""DA_d2_heldout100/368"", ""DA_d2_heldout100/398"", ""DA_d2_heldout100/424"", ""DA_d2_heldout100/429"", ""DA_d2_heldout100/449"", ""DA_d2_heldout200b/455"", ""DA_d2_heldout200b/461"", ""DA_d2_heldout200b/487"", ""DA_d2_heldout200b/493"", ""DA_d2_heldout200b/501"", ""DA_d2_heldout200b/523"", ""DA_d2_heldout200b/540"", ""DA_d2_heldout200b/553"", ""DA_d2_heldout200b/565"", ""DA_d2_heldout200b/568"", ""DA_d2_heldout200b/575"", ""DA_d2_heldout200b/604"", ""DA_d2_heldout200b/608"", ""DA_d2_heldout200b/620"", ""DA_d2_heldout200b/642"", ""DA_d2_heldout200b/649"", ""DA_d2_heldout200b/703"", ""DA_d2_heldout200b/738"", ""DA_d2_heldout200b/740"", ""DA_d2_heldout200b/743"", ""DA_d2_heldout200b/775"", ""DA_d2_seq100/100"", ""DA_d2_seq100/122"", ""DA_d2_seq100/125"", ""DA_d2_seq100/134"", ""DA_d2_seq100/158"", ""DA_d2_seq100/187"", ""DA_d2_seq100/202"", ""DA_d2_seq100/214"", ""DA_d2_seq100/219"", ""DA_d2_seq100/226"", ""DA_d2_seq100/233"", ""DA_d2_seq100/27"", ""DA_d2_seq100/76"", ""DA_d2_seq100/81"", ""DA_d2_seq100/83"", ""DA_d2_seq100/89"", ""DA_d2_seq100/95"", ""MCR_seq200b/249"", ""MCR_seq200b/272"", ""MCR_seq200b/274"", ""MCR_seq200b/294"", ""MCR_seq200b/302"", ""MCR_seq200b/306"", ""MCR_seq200b/307"", ""MCR_seq200b/316"", ""MCR_seq200b/324"", ""MCR_seq200b/346"", ""MCR_seq200b/355"", ""MCR_seq200b/394"", ""MCR_seq200b/408"", ""MCR_seq200b/416"", ""MCR_v1_seq100/100"", ""MCR_v1_seq100/109"", ""MCR_v1_seq100/111"", ""MCR_v1_seq100/114"", ""MCR_v1_seq100/126"", ""MCR_v1_seq100/27"", ""MCR_v1_seq100/47"", ""MCR_v1_seq100/6"", ""MCR_v1_seq100/60"", ""MCR_v1_seq100/87"", ""MCR_v2_seq100/138"", ""MCR_v2_seq100/168"", ""MCR_v2_seq100/170"", ""MCR_v2_seq100/183"", ""MCR_v2_seq100/188"", ""MCR_v2_seq100/196"", ""MCR_v2_seq100/197"", ""MCR_v2_seq100/206"", ""MCR_v2_seq100/230"", ""MCR_v2_seq100/231"", ""MCR_v2_seq100/232"", ""MCR_v2_seq100/244""]","[""DA_d2_heldout100/301"", ""DA_d2_heldout100/440"", ""DA_d2_heldout200b/555"", ""DA_d2_heldout200b/600"", ""DA_d2_heldout200b/631"", ""DA_d2_heldout200b/734"", ""DA_d2_seq100/237"", ""MCR_v1_seq100/90"", ""MCR_v1_seq100/95""]",2.548181235211051e-16
E1,aphhm_hierarchical__clean_fixed,aphhm_hierarchical__options_fixed,options_vs_clean_fixed__aphhm_hierarchical,primary,ALL,clinical_complete,200,32,6,90,72,0.19,0.61,0.42,2.5032559976926476e-20,"[0.345, 0.495]","[""DA_d2_heldout100/261"", ""DA_d2_heldout100/306"", ""DA_d2_heldout100/308"", ""DA_d2_heldout100/352"", ""DA_d2_heldout100/359"", ""DA_d2_heldout100/375"", ""DA_d2_heldout100/398"", ""DA_d2_heldout100/420"", ""DA_d2_heldout100/424"", ""DA_d2_heldout100/449"", ""DA_d2_heldout200b/455"", ""DA_d2_heldout200b/461"", ""DA_d2_heldout200b/464"", ""DA_d2_heldout200b/487"", ""DA_d2_heldout200b/523"", ""DA_d2_heldout200b/540"", ""DA_d2_heldout200b/555"", ""DA_d2_heldout200b/565"", ""DA_d2_heldout200b/574"", ""DA_d2_heldout200b/575"", ""DA_d2_heldout200b/586"", ""DA_d2_heldout200b/604"", ""DA_d2_heldout200b/608"", ""DA_d2_heldout200b/620"", ""DA_d2_heldout200b/642"", ""DA_d2_heldout200b/649"", ""DA_d2_heldout200b/702"", ""DA_d2_heldout200b/703"", ""DA_d2_heldout200b/734"", ""DA_d2_heldout200b/738"", ""DA_d2_heldout200b/740"", ""DA_d2_heldout200b/743"", ""DA_d2_seq100/100"", ""DA_d2_seq100/120"", ""DA_d2_seq100/122"", ""DA_d2_seq100/125"", ""DA_d2_seq100/134"", ""DA_d2_seq100/158"", ""DA_d2_seq100/182"", ""DA_d2_seq100/187"", ""DA_d2_seq100/202"", ""DA_d2_seq100/214"", ""DA_d2_seq100/219"", ""DA_d2_seq100/226"", ""DA_d2_seq100/233"", ""DA_d2_seq100/27"", ""DA_d2_seq100/3"", ""DA_d2_seq100/76"", ""DA_d2_seq100/81"", ""DA_d2_seq100/89"", ""DA_d2_seq100/95"", ""DA_d2_seq100/99"", ""MCR_seq200b/249"", ""MCR_seq200b/272"", ""MCR_seq200b/274"", ""MCR_seq200b/275"", ""MCR_seq200b/291"", ""MCR_seq200b/294"", ""MCR_seq200b/306"", ""MCR_seq200b/307"", ""MCR_seq200b/316"", ""MCR_seq200b/321"", ""MCR_seq200b/352"", ""MCR_seq200b/355"", ""MCR_seq200b/371"", ""MCR_seq200b/386"", ""MCR_seq200b/394"", ""MCR_seq200b/401"", ""MCR_seq200b/408"", ""MCR_seq200b/413"", ""MCR_seq200b/416"", ""MCR_v1_seq100/100"", ""MCR_v1_seq100/109"", ""MCR_v1_seq100/111"", ""MCR_v1_seq100/114"", ""MCR_v1_seq100/27"", ""MCR_v1_seq100/30"", ""MCR_v1_seq100/47"", ""MCR_v1_seq100/6"", ""MCR_v1_seq100/60"", ""MCR_v1_seq100/76"", ""MCR_v1_seq100/95"", ""MCR_v2_seq100/138"", ""MCR_v2_seq100/168"", ""MCR_v2_seq100/170"", ""MCR_v2_seq100/188"", ""MCR_v2_seq100/230"", ""MCR_v2_seq100/231"", ""MCR_v2_seq100/232"", ""MCR_v2_seq100/244""]","[""DA_d2_heldout200b/631"", ""DA_d2_seq100/228"", ""MCR_seq200b/295"", ""MCR_seq200b/320"", ""MCR_v2_seq100/220"", ""MCR_v2_seq100/236""]",2.002604798154118e-19
E1,ab02_flat__clean_shuffled_blocks,ab02_flat__options_shuffled_blocks,options_vs_clean_shuffled__ab02_flat,primary,ALL,clinical_complete,200,48,9,72,71,0.285,0.6,0.315,2.455743883347923e-13,"[0.24, 0.395]","[""DA_d2_heldout100/262"", ""DA_d2_heldout100/276"", ""DA_d2_heldout100/364"", ""DA_d2_heldout100/368"", ""DA_d2_heldout100/398"", ""DA_d2_heldout100/399"", ""DA_d2_heldout100/424"", ""DA_d2_heldout100/429"", ""DA_d2_heldout100/449"", ""DA_d2_heldout200b/455"", ""DA_d2_heldout200b/461"", ""DA_d2_heldout200b/493"", ""DA_d2_heldout200b/523"", ""DA_d2_heldout200b/540"", ""DA_d2_heldout200b/555"", ""DA_d2_heldout200b/565"", ""DA_d2_heldout200b/574"", ""DA_d2_heldout200b/620"", ""DA_d2_heldout200b/629"", ""DA_d2_heldout200b/642"", ""DA_d2_heldout200b/649"", ""DA_d2_heldout200b/684"", ""DA_d2_heldout200b/703"", ""DA_d2_heldout200b/740"", ""DA_d2_heldout200b/743"", ""DA_d2_seq100/100"", ""DA_d2_seq100/120"", ""DA_d2_seq100/122"", ""DA_d2_seq100/125"", ""DA_d2_seq100/134"", ""DA_d2_seq100/158"", ""DA_d2_seq100/161"", ""DA_d2_seq100/202"", ""DA_d2_seq100/219"", ""DA_d2_seq100/226"", ""DA_d2_seq100/228"", ""DA_d2_seq100/233"", ""DA_d2_seq100/27"", ""DA_d2_seq100/83"", ""DA_d2_seq100/89"", ""DA_d2_seq100/95"", ""DA_d2_seq100/99"", ""MCR_seq200b/249"", ""MCR_seq200b/272"", ""MCR_seq200b/274"", ""MCR_seq200b/275"", ""MCR_seq200b/277"", ""MCR_seq200b/291"", ""MCR_seq200b/293"", ""MCR_seq200b/306"", ""MCR_seq200b/307"", ""MCR_seq200b/316"", ""MCR_seq200b/324"", ""MCR_seq200b/346"", ""MCR_seq200b/355"", ""MCR_seq200b/394"", ""MCR_seq200b/408"", ""MCR_v1_seq100/100"", ""MCR_v1_seq100/109"", ""MCR_v1_seq100/114"", ""MCR_v1_seq100/27"", ""MCR_v1_seq100/6"", ""MCR_v1_seq100/87"", ""MCR_v1_seq100/95"", ""MCR_v2_seq100/138"", ""MCR_v2_seq100/152"", ""MCR_v2_seq100/170"", ""MCR_v2_seq100/175"", ""MCR_v2_seq100/196"", ""MCR_v2_seq100/197"", ""MCR_v2_seq100/230"", ""MCR_v2_seq100/231""]","[""DA_d2_heldout100/301"", ""DA_d2_heldout100/352"", ""DA_d2_heldout200b/600"", ""DA_d2_heldout200b/738"", ""DA_d2_seq100/237"", ""MCR_seq200b/344"", ""MCR_seq200b/416"", ""MCR_v2_seq100/183"", ""MCR_v2_seq100/220""]",1.4734463300087537e-12
E1,aphhm_hierarchical__clean_shuffled_blocks,aphhm_hierarchical__options_shuffled_blocks,options_vs_clean_shuffled__aphhm_hierarchical,primary,ALL,clinical_complete,200,32,11,68,89,0.215,0.5,0.285,3.544560973532992e-11,"[0.205, 0.365]","[""DA_d2_heldout100/261"", ""DA_d2_heldout100/308"", ""DA_d2_heldout100/349"", ""DA_d2_heldout100/368"", ""DA_d2_heldout100/398"", ""DA_d2_heldout100/399"", ""DA_d2_heldout100/429"", ""DA_d2_heldout100/449"", ""DA_d2_heldout200b/461"", ""DA_d2_heldout200b/487"", ""DA_d2_heldout200b/493"", ""DA_d2_heldout200b/540"", ""DA_d2_heldout200b/555"", ""DA_d2_heldout200b/568"", ""DA_d2_heldout200b/575"", ""DA_d2_heldout200b/608"", ""DA_d2_heldout200b/620"", ""DA_d2_heldout200b/629"", ""DA_d2_heldout200b/631"", ""DA_d2_heldout200b/649"", ""DA_d2_heldout200b/650"", ""DA_d2_heldout200b/681"", ""DA_d2_heldout200b/702"", ""DA_d2_heldout200b/703"", ""DA_d2_heldout200b/743"", ""DA_d2_seq100/100"", ""DA_d2_seq100/120"", ""DA_d2_seq100/125"", ""DA_d2_seq100/158"", ""DA_d2_seq100/161"", ""DA_d2_seq100/182"", ""DA_d2_seq100/214"", ""DA_d2_seq100/3"", ""DA_d2_seq100/83"", ""DA_d2_seq100/89"", ""DA_d2_seq100/95"", ""MCR_seq200b/272"", ""MCR_seq200b/278"", ""MCR_seq200b/291"", ""MCR_seq200b/294"", ""MCR_seq200b/302"", ""MCR_seq200b/306"", ""MCR_seq200b/307"", ""MCR_seq200b/316"", ""MCR_seq200b/324"", ""MCR_seq200b/330"", ""MCR_seq200b/346"", ""MCR_seq200b/355"", ""MCR_seq200b/386"", ""MCR_seq200b/394"", ""MCR_seq200b/416"", ""MCR_v1_seq100/100"", ""MCR_v1_seq100/109"", ""MCR_v1_seq100/111"", ""MCR_v1_seq100/114"", ""MCR_v1_seq100/27"", ""MCR_v1_seq100/28"", ""MCR_v1_seq100/6"", ""MCR_v2_seq100/138"", ""MCR_v2_seq100/152"", ""MCR_v2_seq100/170"", ""MCR_v2_seq100/183"", ""MCR_v2_seq100/196"", ""MCR_v2_seq100/222"", ""MCR_v2_seq100/230"", ""MCR_v2_seq100/231"", ""MCR_v2_seq100/232"", ""MCR_v2_seq100/244""]","[""DA_d2_heldout100/306"", ""DA_d2_heldout100/375"", ""DA_d2_heldout200b/464"", ""DA_d2_seq100/228"", ""MCR_seq200b/275"", ""MCR_seq200b/332"", ""MCR_seq200b/413"", ""MCR_seq200b/436"", ""MCR_v1_seq100/21"", ""MCR_v1_seq100/47"", ""MCR_v1_seq100/52""]",1.772280486766496e-10
E1,ab02_flat__clean_fixed,ab02_flat__clean_shuffled_blocks,shuffle_vs_fixed_clean__ab02_flat,primary,ALL,clinical_complete,200,37,13,20,130,0.25,0.285,0.035,0.296206368599087,"[-0.02, 0.09]","[""DA_d2_heldout100/261"", ""DA_d2_heldout100/299"", ""DA_d2_heldout100/308"", ""DA_d2_heldout100/352"", ""DA_d2_heldout200b/568"", ""DA_d2_heldout200b/575"", ""DA_d2_heldout200b/608"", ""DA_d2_heldout200b/650"", ""DA_d2_heldout200b/702"", ""DA_d2_heldout200b/738"", ""DA_d2_seq100/187"", ""DA_d2_seq100/81"", ""MCR_seq200b/294"", ""MCR_seq200b/416"", ""MCR_seq200b/436"", ""MCR_v1_seq100/111"", ""MCR_v1_seq100/47"", ""MCR_v2_seq100/183"", ""MCR_v2_seq100/206"", ""MCR_v2_seq100/220""]","[""DA_d2_heldout100/399"", ""DA_d2_heldout100/440"", ""DA_d2_heldout200b/555"", ""DA_d2_heldout200b/631"", ""DA_d2_heldout200b/734"", ""DA_d2_seq100/120"", ""DA_d2_seq100/161"", ""DA_d2_seq100/228"", ""DA_d2_seq100/99"", ""MCR_seq200b/291"", ""MCR_seq200b/293"", ""MCR_v1_seq100/21"", ""MCR_v1_seq100/95""]",0.6884430390782654
E1,aphhm_hierarchical__clean_fixed,aphhm_hierarchical__clean_shuffled_blocks,shuffle_vs_fixed_clean__aphhm_hierarchical,primary,ALL,clinical_complete,200,25,13,18,144,0.19,0.215,0.025,0.47312965989112854,"[-0.03, 0.08]","[""DA_d2_heldout100/306"", ""DA_d2_heldout100/375"", ""DA_d2_heldout100/420"", ""DA_d2_heldout200b/464"", ""DA_d2_heldout200b/586"", ""DA_d2_heldout200b/684"", ""DA_d2_seq100/134"", ""DA_d2_seq100/187"", ""DA_d2_seq100/99"", ""MCR_seq200b/275"", ""MCR_seq200b/321"", ""MCR_seq200b/408"", ""MCR_seq200b/413"", ""MCR_seq200b/436"", ""MCR_v1_seq100/21"", ""MCR_v1_seq100/30"", ""MCR_v1_seq100/47"", ""MCR_v1_seq100/95""]","[""DA_d2_heldout100/290"", ""DA_d2_heldout100/399"", ""DA_d2_heldout200b/493"", ""DA_d2_heldout200b/568"", ""DA_d2_heldout200b/631"", ""DA_d2_heldout200b/650"", ""DA_d2_seq100/161"", ""DA_d2_seq100/83"", ""MCR_seq200b/278"", ""MCR_seq200b/293"", ""MCR_v2_seq100/152"", ""MCR_v2_seq100/220"", ""MCR_v2_seq100/236""]",0.6884430390782654
E1,ab02_flat__options_fixed,ab02_flat__options_shuffled_blocks,shuffle_vs_fixed_options__ab02_flat,primary,ALL,clinical_complete,200,107,21,13,59,0.64,0.6,-0.04,0.22948101302608848,"[-0.095, 0.015]","[""DA_d2_heldout200b/555"", ""DA_d2_heldout200b/574"", ""DA_d2_heldout200b/629"", ""DA_d2_heldout200b/650"", ""DA_d2_heldout200b/684"", ""DA_d2_heldout200b/702"", ""MCR_seq200b/275"", ""MCR_seq200b/277"", ""MCR_seq200b/436"", ""MCR_v1_seq100/90"", ""MCR_v1_seq100/95"", ""MCR_v2_seq100/152"", ""MCR_v2_seq100/175""]","[""DA_d2_heldout100/352"", ""DA_d2_heldout100/359"", ""DA_d2_heldout200b/487"", ""DA_d2_heldout200b/501"", ""DA_d2_heldout200b/553"", ""DA_d2_heldout200b/604"", ""DA_d2_heldout200b/738"", ""DA_d2_heldout200b/775"", ""DA_d2_seq100/214"", ""DA_d2_seq100/76"", ""MCR_seq200b/302"", ""MCR_seq200b/344"", ""MCR_seq200b/416"", ""MCR_v1_seq100/126"", ""MCR_v1_seq100/21"", ""MCR_v1_seq100/60"", ""MCR_v2_seq100/168"", ""MCR_v2_seq100/183"", ""MCR_v2_seq100/188"", ""MCR_v2_seq100/232"", ""MCR_v2_seq100/244""]",0.6884430390782654
E1,aphhm_hierarchical__options_fixed,aphhm_hierarchical__options_shuffled_blocks,shuffle_vs_fixed_options__aphhm_hierarchical,primary,ALL,clinical_complete,200,83,39,17,61,0.61,0.5,-0.11,0.00456153274640822,"[-0.18, -0.04]","[""DA_d2_heldout100/349"", ""DA_d2_heldout100/368"", ""DA_d2_heldout100/429"", ""DA_d2_heldout200b/629"", ""DA_d2_heldout200b/631"", ""DA_d2_heldout200b/681"", ""DA_d2_heldout200b/684"", ""MCR_seq200b/295"", ""MCR_seq200b/302"", ""MCR_seq200b/320"", ""MCR_seq200b/324"", ""MCR_seq200b/330"", ""MCR_seq200b/346"", ""MCR_v1_seq100/28"", ""MCR_v2_seq100/183"", ""MCR_v2_seq100/196"", ""MCR_v2_seq100/222""]","[""DA_d2_heldout100/290"", ""DA_d2_heldout100/306"", ""DA_d2_heldout100/352"", ""DA_d2_heldout100/359"", ""DA_d2_heldout100/375"", ""DA_d2_heldout100/424"", ""DA_d2_heldout200b/455"", ""DA_d2_heldout200b/464"", ""DA_d2_heldout200b/523"", ""DA_d2_heldout200b/565"", ""DA_d2_heldout200b/574"", ""DA_d2_heldout200b/604"", ""DA_d2_heldout200b/642"", ""DA_d2_heldout200b/734"", ""DA_d2_heldout200b/738"", ""DA_d2_heldout200b/740"", ""DA_d2_seq100/122"", ""DA_d2_seq100/202"", ""DA_d2_seq100/219"", ""DA_d2_seq100/226"", ""DA_d2_seq100/233"", ""DA_d2_seq100/27"", ""DA_d2_seq100/76"", ""DA_d2_seq100/81"", ""MCR_seq200b/249"", ""MCR_seq200b/274"", ""MCR_seq200b/275"", ""MCR_seq200b/293"", ""MCR_seq200b/332"", ""MCR_seq200b/352"", ""MCR_seq200b/371"", ""MCR_seq200b/401"", ""MCR_seq200b/413"", ""MCR_v1_seq100/47"", ""MCR_v1_seq100/52"", ""MCR_v1_seq100/60"", ""MCR_v1_seq100/76"", ""MCR_v2_seq100/168"", ""MCR_v2_seq100/188""]",0.01824613098563288
E1,ab02_flat__clean_fixed,ab02_flat__options_fixed,options_vs_clean_fixed__ab02_flat,primary,ALL,compatible_partial,200,17,39,15,129,0.28,0.16,-0.12,0.0014962588853935088,"[-0.19, -0.05]","[""DA_d2_heldout100/301"", ""DA_d2_heldout100/402"", ""DA_d2_heldout200b/600"", ""DA_d2_heldout200b/629"", ""DA_d2_heldout200b/631"", ""DA_d2_heldout200b/681"", ""DA_d2_heldout200b/684"", ""DA_d2_heldout200b/698"", ""DA_d2_heldout200b/762"", ""DA_d2_seq100/21"", ""DA_d2_seq100/237"", ""MCR_seq200b/371"", ""MCR_v1_seq100/124"", ""MCR_v1_seq100/90"", ""MCR_v1_seq100/95""]","[""DA_d2_heldout100/261"", ""DA_d2_heldout100/262"", ""DA_d2_heldout100/276"", ""DA_d2_heldout100/299"", ""DA_d2_heldout100/308"", ""DA_d2_heldout100/359"", ""DA_d2_heldout100/368"", ""DA_d2_heldout200b/523"", ""DA_d2_heldout200b/568"", ""DA_d2_heldout200b/575"", ""DA_d2_heldout200b/608"", ""DA_d2_heldout200b/642"", ""DA_d2_heldout200b/649"", ""DA_d2_heldout200b/650"", ""DA_d2_heldout200b/703"", ""DA_d2_heldout200b/738"", ""DA_d2_heldout200b/740"", ""DA_d2_heldout200b/747"", ""DA_d2_heldout200b/775"", ""DA_d2_seq100/100"", ""DA_d2_seq100/134"", ""DA_d2_seq100/158"", ""DA_d2_seq100/202"", ""DA_d2_seq100/219"", ""DA_d2_seq100/226"", ""DA_d2_seq100/233"", ""DA_d2_seq100/76"", ""DA_d2_seq100/81"", ""DA_d2_seq100/89"", ""MCR_seq200b/272"", ""MCR_seq200b/324"", ""MCR_seq200b/330"", ""MCR_seq200b/355"", ""MCR_seq200b/430"", ""MCR_v1_seq100/28"", ""MCR_v1_seq100/47"", ""MCR_v2_seq100/170"", ""MCR_v2_seq100/183"", ""MCR_v2_seq100/244""]",0.010473812197754562
E1,aphhm_hierarchical__clean_fixed,aphhm_hierarchical__options_fixed,options_vs_clean_fixed__aphhm_hierarchical,primary,ALL,compatible_partial,200,21,44,14,121,0.325,0.175,-0.15,0.00010049669926914806,"[-0.22, -0.08]","[""DA_d2_heldout100/301"", ""DA_d2_heldout100/312"", ""DA_d2_heldout200b/501"", ""DA_d2_heldout200b/553"", ""DA_d2_heldout200b/629"", ""DA_d2_heldout200b/681"", ""DA_d2_heldout200b/698"", ""DA_d2_heldout200b/762"", ""DA_d2_seq100/21"", ""DA_d2_seq100/228"", ""MCR_seq200b/337"", ""MCR_seq200b/384"", ""MCR_seq200b/436"", ""MCR_v1_seq100/124""]","[""DA_d2_heldout100/306"", ""DA_d2_heldout100/308"", ""DA_d2_heldout100/359"", ""DA_d2_heldout100/368"", ""DA_d2_heldout100/375"", ""DA_d2_heldout100/420"", ""DA_d2_heldout100/440"", ""DA_d2_heldout100/449"", ""DA_d2_heldout200b/487"", ""DA_d2_heldout200b/523"", ""DA_d2_heldout200b/565"", ""DA_d2_heldout200b/574"", ""DA_d2_heldout200b/575"", ""DA_d2_heldout200b/584"", ""DA_d2_heldout200b/608"", ""DA_d2_heldout200b/642"", ""DA_d2_heldout200b/649"", ""DA_d2_heldout200b/702"", ""DA_d2_heldout200b/703"", ""DA_d2_heldout200b/715"", ""DA_d2_heldout200b/738"", ""DA_d2_heldout200b/740"", ""DA_d2_seq100/120"", ""DA_d2_seq100/122"", ""DA_d2_seq100/134"", ""DA_d2_seq100/158"", ""DA_d2_seq100/202"", ""DA_d2_seq100/219"", ""DA_d2_seq100/3"", ""DA_d2_seq100/81"", ""DA_d2_seq100/89"", ""MCR_seq200b/272"", ""MCR_seq200b/316"", ""MCR_seq200b/319"", ""MCR_seq200b/330"", ""MCR_seq200b/355"", ""MCR_seq200b/371"", ""MCR_seq200b/386"", ""MCR_seq200b/394"", ""MCR_seq200b/401"", ""MCR_v1_seq100/6"", ""MCR_v2_seq100/138"", ""MCR_v2_seq100/183"", ""MCR_v2_seq100/240""]",0.0008039735941531845
E1,ab02_flat__clean_shuffled_blocks,ab02_flat__options_shuffled_blocks,options_vs_clean_shuffled__ab02_flat,primary,ALL,compatible_partial,200,18,31,13,138,0.245,0.155,-0.09,0.009559878856634896,"[-0.155, -0.025]","[""DA_d2_heldout100/301"", ""DA_d2_heldout100/318"", ""DA_d2_heldout200b/487"", ""DA_d2_heldout200b/553"", ""DA_d2_heldout200b/600"", ""DA_d2_heldout200b/681"", ""DA_d2_heldout200b/738"", ""DA_d2_heldout200b/762"", ""DA_d2_seq100/237"", ""MCR_seq200b/344"", ""MCR_seq200b/384"", ""MCR_v1_seq100/124"", ""MCR_v1_seq100/28""]","[""DA_d2_heldout100/262"", ""DA_d2_heldout100/368"", ""DA_d2_heldout100/402"", ""DA_d2_heldout100/429"", ""DA_d2_heldout100/440"", ""DA_d2_heldout200b/455"", ""DA_d2_heldout200b/482"", ""DA_d2_heldout200b/493"", ""DA_d2_heldout200b/565"", ""DA_d2_heldout200b/574"", ""DA_d2_heldout200b/584"", ""DA_d2_heldout200b/642"", ""DA_d2_heldout200b/649"", ""DA_d2_heldout200b/703"", ""DA_d2_heldout200b/715"", ""DA_d2_heldout200b/740"", ""DA_d2_heldout200b/775"", ""DA_d2_seq100/100"", ""DA_d2_seq100/122"", ""DA_d2_seq100/134"", ""DA_d2_seq100/158"", ""DA_d2_seq100/219"", ""DA_d2_seq100/233"", ""DA_d2_seq100/89"", ""MCR_seq200b/316"", ""MCR_seq200b/324"", ""MCR_seq200b/355"", ""MCR_seq200b/394"", ""MCR_seq200b/466"", ""MCR_v2_seq100/152"", ""MCR_v2_seq100/188""]",0.057359273139809375
E1,aphhm_hierarchical__clean_shuffled_blocks,aphhm_hierarchical__options_shuffled_blocks,options_vs_clean_shuffled__aphhm_hierarchical,primary,ALL,compatible_partial,200,23,35,19,123,0.29,0.21,-0.08,0.0402235640957167,"[-0.15, -0.01]","[""DA_d2_heldout100/301"", ""DA_d2_heldout100/306"", ""DA_d2_heldout100/312"", ""DA_d2_heldout100/318"", ""DA_d2_heldout100/424"", ""DA_d2_heldout200b/553"", ""DA_d2_heldout200b/740"", ""DA_d2_heldout200b/762"", ""DA_d2_seq100/21"", ""DA_d2_seq100/226"", ""DA_d2_seq100/237"", ""DA_d2_seq100/76"", ""MCR_seq200b/337"", ""MCR_seq200b/371"", ""MCR_seq200b/384"", ""MCR_seq200b/401"", ""MCR_seq200b/436"", ""MCR_v1_seq100/124"", ""MCR_v1_seq100/126""]","[""DA_d2_heldout100/261"", ""DA_d2_heldout100/308"", ""DA_d2_heldout100/368"", ""DA_d2_heldout100/402"", ""DA_d2_heldout100/440"", ""DA_d2_heldout200b/493"", ""DA_d2_heldout200b/523"", ""DA_d2_heldout200b/565"", ""DA_d2_heldout200b/575"", ""DA_d2_heldout200b/584"", ""DA_d2_heldout200b/608"", ""DA_d2_heldout200b/631"", ""DA_d2_heldout200b/649"", ""DA_d2_heldout200b/650"", ""DA_d2_heldout200b/702"", ""DA_d2_heldout200b/703"", ""DA_d2_heldout200b/738"", ""DA_d2_seq100/100"", ""DA_d2_seq100/158"", ""DA_d2_seq100/219"", ""DA_d2_seq100/233"", ""DA_d2_seq100/3"", ""DA_d2_seq100/89"", ""MCR_seq200b/278"", ""MCR_seq200b/316"", ""MCR_seq200b/324"", ""MCR_seq200b/330"", ""MCR_seq200b/386"", ""MCR_seq200b/394"", ""MCR_seq200b/416"", ""MCR_seq200b/430"", ""MCR_v1_seq100/76"", ""MCR_v2_seq100/152"", ""MCR_v2_seq100/170"", ""MCR_v2_seq100/183""]",0.2011178204785835
E1,ab02_flat__clean_fixed,ab02_flat__clean_shuffled_blocks,shuffle_vs_fixed_clean__ab02_flat,primary,ALL,compatible_partial,200,32,24,17,127,0.28,0.245,-0.035,0.34888887944907765,"[-0.1, 0.025]","[""DA_d2_heldout100/402"", ""DA_d2_heldout100/429"", ""DA_d2_heldout100/440"", ""DA_d2_heldout200b/455"", ""DA_d2_heldout200b/482"", ""DA_d2_heldout200b/493"", ""DA_d2_heldout200b/565"", ""DA_d2_heldout200b/584"", ""DA_d2_heldout200b/631"", ""DA_d2_heldout200b/715"", ""DA_d2_heldout200b/734"", ""DA_d2_seq100/122"", ""DA_d2_seq100/21"", ""MCR_seq200b/316"", ""MCR_seq200b/371"", ""MCR_seq200b/394"", ""MCR_v2_seq100/188""]","[""DA_d2_heldout100/261"", ""DA_d2_heldout100/276"", ""DA_d2_heldout100/299"", ""DA_d2_heldout100/308"", ""DA_d2_heldout100/318"", ""DA_d2_heldout200b/523"", ""DA_d2_heldout200b/568"", ""DA_d2_heldout200b/575"", ""DA_d2_heldout200b/608"", ""DA_d2_heldout200b/650"", ""DA_d2_heldout200b/702"", ""DA_d2_heldout200b/738"", ""DA_d2_seq100/202"", ""DA_d2_seq100/226"", ""DA_d2_seq100/76"", ""DA_d2_seq100/81"", ""MCR_seq200b/272"", ""MCR_seq200b/330"", ""MCR_seq200b/384"", ""MCR_v1_seq100/28"", ""MCR_v1_seq100/47"", ""MCR_v2_seq100/170"", ""MCR_v2_seq100/183"", ""MCR_v2_seq100/244""]",0.9315139772370458
E1,aphhm_hierarchical__clean_fixed,aphhm_hierarchical__clean_shuffled_blocks,shuffle_vs_fixed_clean__aphhm_hierarchical,primary,ALL,compatible_partial,200,44,21,14,121,0.325,0.29,-0.035,0.31050465907901525,"[-0.095, 0.02]","[""DA_d2_heldout100/261"", ""DA_d2_heldout100/290"", ""DA_d2_heldout100/402"", ""DA_d2_heldout200b/493"", ""DA_d2_heldout200b/631"", ""DA_d2_heldout200b/650"", ""DA_d2_heldout200b/734"", ""DA_d2_seq100/100"", ""DA_d2_seq100/233"", ""MCR_seq200b/278"", ""MCR_seq200b/416"", ""MCR_v1_seq100/76"", ""MCR_v2_seq100/152"", ""MCR_v2_seq100/170""]","[""DA_d2_heldout100/306"", ""DA_d2_heldout100/318"", ""DA_d2_heldout100/375"", ""DA_d2_heldout100/420"", ""DA_d2_heldout100/449"", ""DA_d2_heldout200b/487"", ""DA_d2_heldout200b/684"", ""DA_d2_heldout200b/715"", ""DA_d2_heldout200b/740"", ""DA_d2_seq100/120"", ""DA_d2_seq100/122"", ""DA_d2_seq100/134"", ""DA_d2_seq100/237"", ""MCR_seq200b/272"", ""MCR_seq200b/319"", ""MCR_seq200b/355"", ""MCR_seq200b/371"", ""MCR_seq200b/401"", ""MCR_v1_seq100/6"", ""MCR_v2_seq100/138"", ""MCR_v2_seq100/240""]",0.9315139772370458
E1,ab02_flat__options_fixed,ab02_flat__options_shuffled_blocks,shuffle_vs_fixed_options__ab02_flat,primary,ALL,compatible_partial,200,22,10,9,159,0.16,0.155,-0.005,1.0,"[-0.045, 0.04]","[""DA_d2_heldout100/359"", ""DA_d2_heldout200b/487"", ""DA_d2_heldout200b/553"", ""DA_d2_heldout200b/734"", ""DA_d2_heldout200b/738"", ""DA_d2_heldout200b/747"", ""MCR_seq200b/344"", ""MCR_seq200b/430"", ""MCR_v1_seq100/28""]","[""DA_d2_heldout100/402"", ""DA_d2_heldout200b/574"", ""DA_d2_heldout200b/629"", ""DA_d2_heldout200b/684"", ""DA_d2_heldout200b/698"", ""DA_d2_heldout200b/702"", ""MCR_seq200b/466"", ""MCR_v1_seq100/90"", ""MCR_v1_seq100/95"", ""MCR_v2_seq100/152""]",1.0
E1,aphhm_hierarchical__options_fixed,aphhm_hierarchical__options_shuffled_blocks,shuffle_vs_fixed_options__aphhm_hierarchical,primary,ALL,compatible_partial,200,27,8,15,150,0.175,0.21,0.035,0.21003961563110352,"[-0.01, 0.08]","[""DA_d2_heldout100/290"", ""DA_d2_heldout100/306"", ""DA_d2_heldout100/359"", ""DA_d2_heldout100/424"", ""DA_d2_heldout200b/574"", ""DA_d2_heldout200b/642"", ""DA_d2_heldout200b/734"", ""DA_d2_heldout200b/740"", ""DA_d2_seq100/202"", ""DA_d2_seq100/226"", ""DA_d2_seq100/76"", ""DA_d2_seq100/81"", ""MCR_seq200b/371"", ""MCR_seq200b/401"", ""MCR_v1_seq100/126""]","[""DA_d2_heldout200b/501"", ""DA_d2_heldout200b/629"", ""DA_d2_heldout200b/681"", ""DA_d2_heldout200b/684"", ""DA_d2_heldout200b/698"", ""DA_d2_seq100/228"", ""MCR_seq200b/324"", ""MCR_seq200b/430""]",0.8401584625244141
E1,ab02_flat__clean_fixed,ab02_flat__options_fixed,options_vs_clean_fixed__ab02_flat,primary,ALL,complete_or_compatible_partial,200,98,8,62,32,0.53,0.8,0.27,1.8267652540930775e-11,"[0.195, 0.345]","[""DA_d2_heldout100/352"", ""DA_d2_heldout100/364"", ""DA_d2_heldout100/398"", ""DA_d2_heldout100/402"", ""DA_d2_heldout100/424"", ""DA_d2_heldout100/429"", ""DA_d2_heldout100/449"", ""DA_d2_heldout200b/455"", ""DA_d2_heldout200b/461"", ""DA_d2_heldout200b/487"", ""DA_d2_heldout200b/493"", ""DA_d2_heldout200b/501"", ""DA_d2_heldout200b/540"", ""DA_d2_heldout200b/553"", ""DA_d2_heldout200b/565"", ""DA_d2_heldout200b/604"", ""DA_d2_heldout200b/620"", ""DA_d2_heldout200b/629"", ""DA_d2_heldout200b/681"", ""DA_d2_heldout200b/684"", ""DA_d2_heldout200b/698"", ""DA_d2_heldout200b/743"", ""DA_d2_heldout200b/762"", ""DA_d2_seq100/122"", ""DA_d2_seq100/125"", ""DA_d2_seq100/187"", ""DA_d2_seq100/21"", ""DA_d2_seq100/214"", ""DA_d2_seq100/27"", ""DA_d2_seq100/83"", ""DA_d2_seq100/95"", ""MCR_seq200b/249"", ""MCR_seq200b/274"", ""MCR_seq200b/294"", ""MCR_seq200b/302"", ""MCR_seq200b/306"", ""MCR_seq200b/307"", ""MCR_seq200b/316"", ""MCR_seq200b/346"", ""MCR_seq200b/371"", ""MCR_seq200b/394"", ""MCR_seq200b/408"", ""MCR_seq200b/416"", ""MCR_v1_seq100/100"", ""MCR_v1_seq100/109"", ""MCR_v1_seq100/111"", ""MCR_v1_seq100/114"", ""MCR_v1_seq100/124"", ""MCR_v1_seq100/126"", ""MCR_v1_seq100/27"", ""MCR_v1_seq100/6"", ""MCR_v1_seq100/60"", ""MCR_v1_seq100/87"", ""MCR_v2_seq100/138"", ""MCR_v2_seq100/168"", ""MCR_v2_seq100/188"", ""MCR_v2_seq100/196"", ""MCR_v2_seq100/197"", ""MCR_v2_seq100/206"", ""MCR_v2_seq100/230"", ""MCR_v2_seq100/231"", ""MCR_v2_seq100/232""]","[""DA_d2_heldout100/440"", ""DA_d2_heldout200b/555"", ""DA_d2_heldout200b/650"", ""DA_d2_heldout200b/734"", ""DA_d2_heldout200b/747"", ""MCR_seq200b/330"", ""MCR_seq200b/430"", ""MCR_v1_seq100/28""]",1.461412203274462e-10
E1,aphhm_hierarchical__clean_fixed,aphhm_hierarchical__options_fixed,options_vs_clean_fixed__aphhm_hierarchical,primary,ALL,complete_or_compatible_partial,200,90,13,67,30,0.515,0.785,0.27,6.415141174951122e-10,"[0.19, 0.35]","[""DA_d2_heldout100/261"", ""DA_d2_heldout100/301"", ""DA_d2_heldout100/312"", ""DA_d2_heldout100/352"", ""DA_d2_heldout100/398"", ""DA_d2_heldout100/424"", ""DA_d2_heldout200b/455"", ""DA_d2_heldout200b/461"", ""DA_d2_heldout200b/464"", ""DA_d2_heldout200b/501"", ""DA_d2_heldout200b/540"", ""DA_d2_heldout200b/553"", ""DA_d2_heldout200b/555"", ""DA_d2_heldout200b/586"", ""DA_d2_heldout200b/604"", ""DA_d2_heldout200b/620"", ""DA_d2_heldout200b/629"", ""DA_d2_heldout200b/681"", ""DA_d2_heldout200b/698"", ""DA_d2_heldout200b/734"", ""DA_d2_heldout200b/743"", ""DA_d2_heldout200b/762"", ""DA_d2_seq100/100"", ""DA_d2_seq100/125"", ""DA_d2_seq100/182"", ""DA_d2_seq100/187"", ""DA_d2_seq100/21"", ""DA_d2_seq100/214"", ""DA_d2_seq100/226"", ""DA_d2_seq100/233"", ""DA_d2_seq100/27"", ""DA_d2_seq100/76"", ""DA_d2_seq100/95"", ""DA_d2_seq100/99"", ""MCR_seq200b/249"", ""MCR_seq200b/274"", ""MCR_seq200b/275"", ""MCR_seq200b/291"", ""MCR_seq200b/294"", ""MCR_seq200b/306"", ""MCR_seq200b/307"", ""MCR_seq200b/321"", ""MCR_seq200b/337"", ""MCR_seq200b/352"", ""MCR_seq200b/384"", ""MCR_seq200b/408"", ""MCR_seq200b/413"", ""MCR_seq200b/416"", ""MCR_seq200b/436"", ""MCR_v1_seq100/100"", ""MCR_v1_seq100/109"", ""MCR_v1_seq100/111"", ""MCR_v1_seq100/114"", ""MCR_v1_seq100/124"", ""MCR_v1_seq100/27"", ""MCR_v1_seq100/30"", ""MCR_v1_seq100/47"", ""MCR_v1_seq100/60"", ""MCR_v1_seq100/76"", ""MCR_v1_seq100/95"", ""MCR_v2_seq100/168"", ""MCR_v2_seq100/170"", ""MCR_v2_seq100/188"", ""MCR_v2_seq100/230"", ""MCR_v2_seq100/231"", ""MCR_v2_seq100/232"", ""MCR_v2_seq100/244""]","[""DA_d2_heldout100/368"", ""DA_d2_heldout100/440"", ""DA_d2_heldout200b/584"", ""DA_d2_heldout200b/631"", ""DA_d2_heldout200b/715"", ""MCR_seq200b/295"", ""MCR_seq200b/319"", ""MCR_seq200b/320"", ""MCR_seq200b/330"", ""MCR_v2_seq100/183"", ""MCR_v2_seq100/220"", ""MCR_v2_seq100/236"", ""MCR_v2_seq100/240""]",4.490598822465785e-09
E1,ab02_flat__clean_shuffled_blocks,ab02_flat__options_shuffled_blocks,options_vs_clean_shuffled__ab02_flat,primary,ALL,complete_or_compatible_partial,200,94,12,57,37,0.53,0.755,0.225,3.7422494875036195e-08,"[0.15, 0.3]","[""DA_d2_heldout100/276"", ""DA_d2_heldout100/318"", ""DA_d2_heldout100/364"", ""DA_d2_heldout100/398"", ""DA_d2_heldout100/399"", ""DA_d2_heldout100/424"", ""DA_d2_heldout100/449"", ""DA_d2_heldout200b/461"", ""DA_d2_heldout200b/487"", ""DA_d2_heldout200b/523"", ""DA_d2_heldout200b/540"", ""DA_d2_heldout200b/553"", ""DA_d2_heldout200b/555"", ""DA_d2_heldout200b/620"", ""DA_d2_heldout200b/629"", ""DA_d2_heldout200b/681"", ""DA_d2_heldout200b/684"", ""DA_d2_heldout200b/743"", ""DA_d2_heldout200b/762"", ""DA_d2_seq100/120"", ""DA_d2_seq100/125"", ""DA_d2_seq100/161"", ""DA_d2_seq100/202"", ""DA_d2_seq100/226"", ""DA_d2_seq100/228"", ""DA_d2_seq100/27"", ""DA_d2_seq100/83"", ""DA_d2_seq100/95"", ""DA_d2_seq100/99"", ""MCR_seq200b/249"", ""MCR_seq200b/272"", ""MCR_seq200b/274"", ""MCR_seq200b/275"", ""MCR_seq200b/277"", ""MCR_seq200b/291"", ""MCR_seq200b/293"", ""MCR_seq200b/306"", ""MCR_seq200b/307"", ""MCR_seq200b/346"", ""MCR_seq200b/384"", ""MCR_seq200b/408"", ""MCR_v1_seq100/100"", ""MCR_v1_seq100/109"", ""MCR_v1_seq100/114"", ""MCR_v1_seq100/124"", ""MCR_v1_seq100/27"", ""MCR_v1_seq100/28"", ""MCR_v1_seq100/6"", ""MCR_v1_seq100/87"", ""MCR_v1_seq100/95"", ""MCR_v2_seq100/138"", ""MCR_v2_seq100/170"", ""MCR_v2_seq100/175"", ""MCR_v2_seq100/196"", ""MCR_v2_seq100/197"", ""MCR_v2_seq100/230"", ""MCR_v2_seq100/231""]","[""DA_d2_heldout100/352"", ""DA_d2_heldout100/402"", ""DA_d2_heldout100/440"", ""DA_d2_heldout200b/482"", ""DA_d2_heldout200b/584"", ""DA_d2_heldout200b/715"", ""DA_d2_heldout200b/775"", ""MCR_seq200b/416"", ""MCR_seq200b/466"", ""MCR_v2_seq100/183"", ""MCR_v2_seq100/188"", ""MCR_v2_seq100/220""]",2.2453496925021717e-07
E1,aphhm_hierarchical__clean_shuffled_blocks,aphhm_hierarchical__options_shuffled_blocks,options_vs_clean_shuffled__aphhm_hierarchical,primary,ALL,complete_or_compatible_partial,200,82,19,60,39,0.505,0.71,0.205,4.194042408924102e-06,"[0.12, 0.285]","[""DA_d2_heldout100/301"", ""DA_d2_heldout100/312"", ""DA_d2_heldout100/318"", ""DA_d2_heldout100/349"", ""DA_d2_heldout100/398"", ""DA_d2_heldout100/399"", ""DA_d2_heldout100/424"", ""DA_d2_heldout100/429"", ""DA_d2_heldout100/449"", ""DA_d2_heldout200b/461"", ""DA_d2_heldout200b/487"", ""DA_d2_heldout200b/540"", ""DA_d2_heldout200b/553"", ""DA_d2_heldout200b/555"", ""DA_d2_heldout200b/568"", ""DA_d2_heldout200b/620"", ""DA_d2_heldout200b/629"", ""DA_d2_heldout200b/681"", ""DA_d2_heldout200b/740"", ""DA_d2_heldout200b/743"", ""DA_d2_heldout200b/762"", ""DA_d2_seq100/120"", ""DA_d2_seq100/125"", ""DA_d2_seq100/161"", ""DA_d2_seq100/182"", ""DA_d2_seq100/21"", ""DA_d2_seq100/214"", ""DA_d2_seq100/226"", ""DA_d2_seq100/237"", ""DA_d2_seq100/76"", ""DA_d2_seq100/83"", ""DA_d2_seq100/95"", ""MCR_seq200b/272"", ""MCR_seq200b/291"", ""MCR_seq200b/294"", ""MCR_seq200b/302"", ""MCR_seq200b/306"", ""MCR_seq200b/307"", ""MCR_seq200b/337"", ""MCR_seq200b/346"", ""MCR_seq200b/355"", ""MCR_seq200b/371"", ""MCR_seq200b/384"", ""MCR_seq200b/401"", ""MCR_v1_seq100/100"", ""MCR_v1_seq100/109"", ""MCR_v1_seq100/111"", ""MCR_v1_seq100/114"", ""MCR_v1_seq100/124"", ""MCR_v1_seq100/126"", ""MCR_v1_seq100/27"", ""MCR_v1_seq100/28"", ""MCR_v1_seq100/6"", ""MCR_v2_seq100/138"", ""MCR_v2_seq100/196"", ""MCR_v2_seq100/222"", ""MCR_v2_seq100/230"", ""MCR_v2_seq100/231"", ""MCR_v2_seq100/232"", ""MCR_v2_seq100/244""]","[""DA_d2_heldout100/375"", ""DA_d2_heldout100/402"", ""DA_d2_heldout100/440"", ""DA_d2_heldout200b/464"", ""DA_d2_heldout200b/523"", ""DA_d2_heldout200b/565"", ""DA_d2_heldout200b/584"", ""DA_d2_heldout200b/738"", ""DA_d2_seq100/219"", ""DA_d2_seq100/228"", ""DA_d2_seq100/233"", ""MCR_seq200b/275"", ""MCR_seq200b/332"", ""MCR_seq200b/413"", ""MCR_seq200b/430"", ""MCR_v1_seq100/21"", ""MCR_v1_seq100/47"", ""MCR_v1_seq100/52"", ""MCR_v1_seq100/76""]",2.0970212044620507e-05
E1,ab02_flat__clean_fixed,ab02_flat__clean_shuffled_blocks,shuffle_vs_fixed_clean__ab02_flat,primary,ALL,complete_or_compatible_partial,200,84,22,22,72,0.53,0.53,0.0,1.0,"[-0.065, 0.065]","[""DA_d2_heldout100/352"", ""DA_d2_heldout100/402"", ""DA_d2_heldout100/429"", ""DA_d2_heldout200b/455"", ""DA_d2_heldout200b/482"", ""DA_d2_heldout200b/493"", ""DA_d2_heldout200b/565"", ""DA_d2_heldout200b/584"", ""DA_d2_heldout200b/715"", ""DA_d2_seq100/122"", ""DA_d2_seq100/187"", ""DA_d2_seq100/21"", ""MCR_seq200b/294"", ""MCR_seq200b/316"", ""MCR_seq200b/371"", ""MCR_seq200b/394"", ""MCR_seq200b/416"", ""MCR_seq200b/436"", ""MCR_v1_seq100/111"", ""MCR_v2_seq100/188"", ""MCR_v2_seq100/206"", ""MCR_v2_seq100/220""]","[""DA_d2_heldout100/276"", ""DA_d2_heldout100/318"", ""DA_d2_heldout100/399"", ""DA_d2_heldout200b/523"", ""DA_d2_heldout200b/555"", ""DA_d2_seq100/120"", ""DA_d2_seq100/161"", ""DA_d2_seq100/202"", ""DA_d2_seq100/226"", ""DA_d2_seq100/228"", ""DA_d2_seq100/76"", ""DA_d2_seq100/99"", ""MCR_seq200b/272"", ""MCR_seq200b/291"", ""MCR_seq200b/293"", ""MCR_seq200b/330"", ""MCR_seq200b/384"", ""MCR_v1_seq100/21"", ""MCR_v1_seq100/28"", ""MCR_v1_seq100/95"", ""MCR_v2_seq100/170"", ""MCR_v2_seq100/244""]",1.0
E1,aphhm_hierarchical__clean_fixed,aphhm_hierarchical__clean_shuffled_blocks,shuffle_vs_fixed_clean__aphhm_hierarchical,primary,ALL,complete_or_compatible_partial,200,80,23,21,76,0.515,0.505,-0.01,0.880395821280672,"[-0.075, 0.055]","[""DA_d2_heldout100/261"", ""DA_d2_heldout100/402"", ""DA_d2_heldout200b/464"", ""DA_d2_heldout200b/586"", ""DA_d2_heldout200b/734"", ""DA_d2_seq100/100"", ""DA_d2_seq100/187"", ""DA_d2_seq100/233"", ""DA_d2_seq100/99"", ""MCR_seq200b/275"", ""MCR_seq200b/321"", ""MCR_seq200b/408"", ""MCR_seq200b/413"", ""MCR_seq200b/416"", ""MCR_seq200b/436"", ""MCR_v1_seq100/21"", ""MCR_v1_seq100/30"", ""MCR_v1_seq100/47"", ""MCR_v1_seq100/76"", ""MCR_v1_seq100/95"", ""MCR_v2_seq100/170""]","[""DA_d2_heldout100/318"", ""DA_d2_heldout100/399"", ""DA_d2_heldout100/449"", ""DA_d2_heldout200b/487"", ""DA_d2_heldout200b/568"", ""DA_d2_heldout200b/715"", ""DA_d2_heldout200b/740"", ""DA_d2_seq100/120"", ""DA_d2_seq100/122"", ""DA_d2_seq100/161"", ""DA_d2_seq100/237"", ""DA_d2_seq100/83"", ""MCR_seq200b/272"", ""MCR_seq200b/293"", ""MCR_seq200b/319"", ""MCR_seq200b/355"", ""MCR_seq200b/371"", ""MCR_seq200b/401"", ""MCR_v1_seq100/6"", ""MCR_v2_seq100/138"", ""MCR_v2_seq100/220"", ""MCR_v2_seq100/236"", ""MCR_v2_seq100/240""]",1.0
E1,ab02_flat__options_fixed,ab02_flat__options_shuffled_blocks,shuffle_vs_fixed_options__ab02_flat,primary,ALL,complete_or_compatible_partial,200,141,19,10,30,0.8,0.755,-0.045,0.13604594767093658,"[-0.095, 0.005]","[""DA_d2_heldout200b/555"", ""DA_d2_heldout200b/650"", ""DA_d2_heldout200b/734"", ""DA_d2_heldout200b/747"", ""MCR_seq200b/275"", ""MCR_seq200b/277"", ""MCR_seq200b/430"", ""MCR_seq200b/436"", ""MCR_v1_seq100/28"", ""MCR_v2_seq100/175""]","[""DA_d2_heldout100/352"", ""DA_d2_heldout100/402"", ""DA_d2_heldout200b/501"", ""DA_d2_heldout200b/604"", ""DA_d2_heldout200b/698"", ""DA_d2_heldout200b/775"", ""DA_d2_seq100/214"", ""DA_d2_seq100/76"", ""MCR_seq200b/302"", ""MCR_seq200b/416"", ""MCR_seq200b/466"", ""MCR_v1_seq100/126"", ""MCR_v1_seq100/21"", ""MCR_v1_seq100/60"", ""MCR_v2_seq100/168"", ""MCR_v2_seq100/183"", ""MCR_v2_seq100/188"", ""MCR_v2_seq100/232"", ""MCR_v2_seq100/244""]",0.40813784301280975
E1,aphhm_hierarchical__options_fixed,aphhm_hierarchical__options_shuffled_blocks,shuffle_vs_fixed_options__aphhm_hierarchical,primary,ALL,complete_or_compatible_partial,200,128,29,14,29,0.785,0.71,-0.075,0.03153949735315109,"[-0.14, -0.01]","[""DA_d2_heldout100/349"", ""DA_d2_heldout100/368"", ""DA_d2_heldout100/429"", ""DA_d2_heldout200b/631"", ""MCR_seq200b/295"", ""MCR_seq200b/302"", ""MCR_seq200b/320"", ""MCR_seq200b/330"", ""MCR_seq200b/346"", ""MCR_v1_seq100/126"", ""MCR_v1_seq100/28"", ""MCR_v2_seq100/183"", ""MCR_v2_seq100/196"", ""MCR_v2_seq100/222""]","[""DA_d2_heldout100/352"", ""DA_d2_heldout100/375"", ""DA_d2_heldout200b/455"", ""DA_d2_heldout200b/464"", ""DA_d2_heldout200b/501"", ""DA_d2_heldout200b/523"", ""DA_d2_heldout200b/565"", ""DA_d2_heldout200b/604"", ""DA_d2_heldout200b/698"", ""DA_d2_heldout200b/738"", ""DA_d2_seq100/122"", ""DA_d2_seq100/219"", ""DA_d2_seq100/228"", ""DA_d2_seq100/233"", ""DA_d2_seq100/27"", ""MCR_seq200b/249"", ""MCR_seq200b/274"", ""MCR_seq200b/275"", ""MCR_seq200b/293"", ""MCR_seq200b/332"", ""MCR_seq200b/352"", ""MCR_seq200b/413"", ""MCR_seq200b/430"", ""MCR_v1_seq100/47"", ""MCR_v1_seq100/52"", ""MCR_v1_seq100/60"", ""MCR_v1_seq100/76"", ""MCR_v2_seq100/168"", ""MCR_v2_seq100/188""]",0.12615798941260437
E1,ab02_flat__clean_fixed,ab02_flat__options_fixed,options_vs_clean_fixed__ab02_flat,primary,ALL,legacy_chain,200,38,8,87,67,0.23,0.625,0.395,6.741612423029947e-18,"[0.315, 0.47]","[""DA_d2_heldout100/262"", ""DA_d2_heldout100/276"", ""DA_d2_heldout100/299"", ""DA_d2_heldout100/308"", ""DA_d2_heldout100/352"", ""DA_d2_heldout100/359"", ""DA_d2_heldout100/364"", ""DA_d2_heldout100/368"", ""DA_d2_heldout100/375"", ""DA_d2_heldout100/398"", ""DA_d2_heldout100/399"", ""DA_d2_heldout100/424"", ""DA_d2_heldout100/429"", ""DA_d2_heldout200b/455"", ""DA_d2_heldout200b/461"", ""DA_d2_heldout200b/487"", ""DA_d2_heldout200b/493"", ""DA_d2_heldout200b/501"", ""DA_d2_heldout200b/506"", ""DA_d2_heldout200b/540"", ""DA_d2_heldout200b/553"", ""DA_d2_heldout200b/565"", ""DA_d2_heldout200b/568"", ""DA_d2_heldout200b/575"", ""DA_d2_heldout200b/600"", ""DA_d2_heldout200b/604"", ""DA_d2_heldout200b/615"", ""DA_d2_heldout200b/620"", ""DA_d2_heldout200b/649"", ""DA_d2_heldout200b/703"", ""DA_d2_heldout200b/738"", ""DA_d2_heldout200b/743"", ""DA_d2_heldout200b/762"", ""DA_d2_heldout200b/775"", ""DA_d2_seq100/100"", ""DA_d2_seq100/120"", ""DA_d2_seq100/122"", ""DA_d2_seq100/134"", ""DA_d2_seq100/187"", ""DA_d2_seq100/202"", ""DA_d2_seq100/214"", ""DA_d2_seq100/219"", ""DA_d2_seq100/226"", ""DA_d2_seq100/27"", ""DA_d2_seq100/3"", ""DA_d2_seq100/81"", ""DA_d2_seq100/83"", ""DA_d2_seq100/89"", ""DA_d2_seq100/95"", ""DA_d2_seq100/99"", ""MCR_seq200b/272"", ""MCR_seq200b/274"", ""MCR_seq200b/294"", ""MCR_seq200b/295"", ""MCR_seq200b/302"", ""MCR_seq200b/306"", ""MCR_seq200b/307"", ""MCR_seq200b/316"", ""MCR_seq200b/324"", ""MCR_seq200b/346"", ""MCR_seq200b/355"", ""MCR_seq200b/384"", ""MCR_seq200b/386"", ""MCR_seq200b/394"", ""MCR_seq200b/401"", ""MCR_seq200b/408"", ""MCR_v1_seq100/100"", ""MCR_v1_seq100/109"", ""MCR_v1_seq100/111"", ""MCR_v1_seq100/114"", ""MCR_v1_seq100/27"", ""MCR_v1_seq100/47"", ""MCR_v1_seq100/6"", ""MCR_v1_seq100/60"", ""MCR_v1_seq100/87"", ""MCR_v2_seq100/138"", ""MCR_v2_seq100/168"", ""MCR_v2_seq100/170"", ""MCR_v2_seq100/183"", ""MCR_v2_seq100/188"", ""MCR_v2_seq100/196"", ""MCR_v2_seq100/197"", ""MCR_v2_seq100/206"", ""MCR_v2_seq100/230"", ""MCR_v2_seq100/231"", ""MCR_v2_seq100/232"", ""MCR_v2_seq100/244""]","[""DA_d2_heldout100/301"", ""DA_d2_heldout200b/555"", ""DA_d2_heldout200b/631"", ""DA_d2_heldout200b/650"", ""MCR_seq200b/430"", ""MCR_seq200b/466"", ""MCR_v1_seq100/28"", ""MCR_v1_seq100/90""]",5.3932899384239574e-17
E1,aphhm_hierarchical__clean_fixed,aphhm_hierarchical__options_fixed,options_vs_clean_fixed__aphhm_hierarchical,primary,ALL,legacy_chain,200,34,10,83,73,0.22,0.585,0.365,1.848512223084717e-15,"[0.28, 0.445]","[""DA_d2_heldout100/261"", ""DA_d2_heldout100/276"", ""DA_d2_heldout100/306"", ""DA_d2_heldout100/308"", ""DA_d2_heldout100/312"", ""DA_d2_heldout100/352"", ""DA_d2_heldout100/359"", ""DA_d2_heldout100/375"", ""DA_d2_heldout100/398"", ""DA_d2_heldout100/399"", ""DA_d2_heldout100/420"", ""DA_d2_heldout100/424"", ""DA_d2_heldout200b/455"", ""DA_d2_heldout200b/461"", ""DA_d2_heldout200b/464"", ""DA_d2_heldout200b/487"", ""DA_d2_heldout200b/540"", ""DA_d2_heldout200b/555"", ""DA_d2_heldout200b/575"", ""DA_d2_heldout200b/604"", ""DA_d2_heldout200b/615"", ""DA_d2_heldout200b/620"", ""DA_d2_heldout200b/642"", ""DA_d2_heldout200b/650"", ""DA_d2_heldout200b/703"", ""DA_d2_heldout200b/734"", ""DA_d2_heldout200b/743"", ""DA_d2_heldout200b/762"", ""DA_d2_seq100/100"", ""DA_d2_seq100/120"", ""DA_d2_seq100/122"", ""DA_d2_seq100/125"", ""DA_d2_seq100/134"", ""DA_d2_seq100/182"", ""DA_d2_seq100/187"", ""DA_d2_seq100/214"", ""DA_d2_seq100/219"", ""DA_d2_seq100/228"", ""DA_d2_seq100/233"", ""DA_d2_seq100/27"", ""DA_d2_seq100/3"", ""DA_d2_seq100/76"", ""DA_d2_seq100/81"", ""DA_d2_seq100/89"", ""DA_d2_seq100/95"", ""DA_d2_seq100/99"", ""MCR_seq200b/272"", ""MCR_seq200b/274"", ""MCR_seq200b/275"", ""MCR_seq200b/294"", ""MCR_seq200b/306"", ""MCR_seq200b/307"", ""MCR_seq200b/316"", ""MCR_seq200b/321"", ""MCR_seq200b/336"", ""MCR_seq200b/352"", ""MCR_seq200b/371"", ""MCR_seq200b/384"", ""MCR_seq200b/394"", ""MCR_seq200b/408"", ""MCR_seq200b/413"", ""MCR_seq200b/416"", ""MCR_seq200b/430"", ""MCR_v1_seq100/100"", ""MCR_v1_seq100/109"", ""MCR_v1_seq100/111"", ""MCR_v1_seq100/122"", ""MCR_v1_seq100/21"", ""MCR_v1_seq100/27"", ""MCR_v1_seq100/47"", ""MCR_v1_seq100/6"", ""MCR_v1_seq100/60"", ""MCR_v1_seq100/76"", ""MCR_v1_seq100/95"", ""MCR_v2_seq100/138"", ""MCR_v2_seq100/168"", ""MCR_v2_seq100/170"", ""MCR_v2_seq100/184"", ""MCR_v2_seq100/208"", ""MCR_v2_seq100/230"", ""MCR_v2_seq100/231"", ""MCR_v2_seq100/232"", ""MCR_v2_seq100/244""]","[""DA_d2_heldout100/290"", ""DA_d2_heldout200b/579"", ""DA_d2_heldout200b/584"", ""DA_d2_heldout200b/631"", ""DA_d2_heldout200b/645"", ""DA_d2_heldout200b/649"", ""MCR_seq200b/466"", ""MCR_v1_seq100/125"", ""MCR_v2_seq100/220"", ""MCR_v2_seq100/236""]",1.1091073338508301e-14
E1,ab02_flat__clean_shuffled_blocks,ab02_flat__options_shuffled_blocks,options_vs_clean_shuffled__ab02_flat,primary,ALL,legacy_chain,200,31,8,81,80,0.195,0.56,0.365,2.5248620379419315e-16,"[0.29, 0.445]","[""DA_d2_heldout100/261"", ""DA_d2_heldout100/262"", ""DA_d2_heldout100/299"", ""DA_d2_heldout100/364"", ""DA_d2_heldout100/368"", ""DA_d2_heldout100/398"", ""DA_d2_heldout100/399"", ""DA_d2_heldout100/420"", ""DA_d2_heldout100/424"", ""DA_d2_heldout100/429"", ""DA_d2_heldout200b/455"", ""DA_d2_heldout200b/461"", ""DA_d2_heldout200b/493"", ""DA_d2_heldout200b/506"", ""DA_d2_heldout200b/523"", ""DA_d2_heldout200b/540"", ""DA_d2_heldout200b/555"", ""DA_d2_heldout200b/565"", ""DA_d2_heldout200b/575"", ""DA_d2_heldout200b/620"", ""DA_d2_heldout200b/629"", ""DA_d2_heldout200b/642"", ""DA_d2_heldout200b/650"", ""DA_d2_heldout200b/684"", ""DA_d2_heldout200b/702"", ""DA_d2_heldout200b/703"", ""DA_d2_heldout200b/734"", ""DA_d2_heldout200b/738"", ""DA_d2_heldout200b/743"", ""DA_d2_heldout200b/762"", ""DA_d2_seq100/100"", ""DA_d2_seq100/120"", ""DA_d2_seq100/122"", ""DA_d2_seq100/134"", ""DA_d2_seq100/161"", ""DA_d2_seq100/219"", ""DA_d2_seq100/27"", ""DA_d2_seq100/81"", ""DA_d2_seq100/83"", ""DA_d2_seq100/89"", ""DA_d2_seq100/95"", ""DA_d2_seq100/99"", ""MCR_seq200b/249"", ""MCR_seq200b/272"", ""MCR_seq200b/274"", ""MCR_seq200b/275"", ""MCR_seq200b/277"", ""MCR_seq200b/291"", ""MCR_seq200b/293"", ""MCR_seq200b/306"", ""MCR_seq200b/307"", ""MCR_seq200b/316"", ""MCR_seq200b/318"", ""MCR_seq200b/321"", ""MCR_seq200b/324"", ""MCR_seq200b/336"", ""MCR_seq200b/346"", ""MCR_seq200b/355"", ""MCR_seq200b/384"", ""MCR_seq200b/394"", ""MCR_seq200b/401"", ""MCR_seq200b/408"", ""MCR_seq200b/416"", ""MCR_v1_seq100/100"", ""MCR_v1_seq100/109"", ""MCR_v1_seq100/114"", ""MCR_v1_seq100/21"", ""MCR_v1_seq100/27"", ""MCR_v1_seq100/28"", ""MCR_v1_seq100/47"", ""MCR_v1_seq100/6"", ""MCR_v1_seq100/87"", ""MCR_v1_seq100/95"", ""MCR_v2_seq100/138"", ""MCR_v2_seq100/152"", ""MCR_v2_seq100/175"", ""MCR_v2_seq100/183"", ""MCR_v2_seq100/196"", ""MCR_v2_seq100/197"", ""MCR_v2_seq100/230"", ""MCR_v2_seq100/231""]","[""DA_d2_heldout100/290"", ""DA_d2_heldout100/301"", ""DA_d2_heldout100/352"", ""DA_d2_heldout200b/584"", ""DA_d2_heldout200b/649"", ""MCR_v1_seq100/76"", ""MCR_v2_seq100/206"", ""MCR_v2_seq100/220""]",1.767403426559352e-15
E1,aphhm_hierarchical__clean_shuffled_blocks,aphhm_hierarchical__options_shuffled_blocks,options_vs_clean_shuffled__aphhm_hierarchical,primary,ALL,legacy_chain,200,32,17,59,92,0.245,0.455,0.21,1.3968718113140024e-06,"[0.13, 0.29]","[""DA_d2_heldout100/276"", ""DA_d2_heldout100/290"", ""DA_d2_heldout100/299"", ""DA_d2_heldout100/308"", ""DA_d2_heldout100/312"", ""DA_d2_heldout100/318"", ""DA_d2_heldout100/349"", ""DA_d2_heldout100/398"", ""DA_d2_heldout100/424"", ""DA_d2_heldout200b/461"", ""DA_d2_heldout200b/493"", ""DA_d2_heldout200b/540"", ""DA_d2_heldout200b/555"", ""DA_d2_heldout200b/568"", ""DA_d2_heldout200b/575"", ""DA_d2_heldout200b/615"", ""DA_d2_heldout200b/620"", ""DA_d2_heldout200b/642"", ""DA_d2_heldout200b/702"", ""DA_d2_heldout200b/703"", ""DA_d2_heldout200b/734"", ""DA_d2_heldout200b/762"", ""DA_d2_seq100/100"", ""DA_d2_seq100/120"", ""DA_d2_seq100/125"", ""DA_d2_seq100/161"", ""DA_d2_seq100/182"", ""DA_d2_seq100/214"", ""DA_d2_seq100/226"", ""DA_d2_seq100/3"", ""DA_d2_seq100/83"", ""DA_d2_seq100/95"", ""MCR_seq200b/278"", ""MCR_seq200b/291"", ""MCR_seq200b/293"", ""MCR_seq200b/294"", ""MCR_seq200b/302"", ""MCR_seq200b/306"", ""MCR_seq200b/307"", ""MCR_seq200b/316"", ""MCR_seq200b/324"", ""MCR_seq200b/330"", ""MCR_seq200b/346"", ""MCR_seq200b/384"", ""MCR_seq200b/394"", ""MCR_v1_seq100/100"", ""MCR_v1_seq100/111"", ""MCR_v1_seq100/114"", ""MCR_v1_seq100/27"", ""MCR_v1_seq100/6"", ""MCR_v2_seq100/138"", ""MCR_v2_seq100/152"", ""MCR_v2_seq100/169"", ""MCR_v2_seq100/183"", ""MCR_v2_seq100/222"", ""MCR_v2_seq100/230"", ""MCR_v2_seq100/231"", ""MCR_v2_seq100/232"", ""MCR_v2_seq100/244""]","[""DA_d2_heldout200b/506"", ""DA_d2_heldout200b/523"", ""DA_d2_heldout200b/579"", ""DA_d2_heldout200b/600"", ""DA_d2_heldout200b/649"", ""DA_d2_heldout200b/684"", ""DA_d2_seq100/173"", ""DA_d2_seq100/228"", ""DA_d2_seq100/233"", ""MCR_seq200b/275"", ""MCR_seq200b/332"", ""MCR_seq200b/408"", ""MCR_seq200b/413"", ""MCR_seq200b/436"", ""MCR_seq200b/466"", ""MCR_v1_seq100/30"", ""MCR_v1_seq100/52""]",6.984359056570012e-06
E1,ab02_flat__clean_fixed,ab02_flat__clean_shuffled_blocks,shuffle_vs_fixed_clean__ab02_flat,primary,ALL,legacy_chain,200,27,19,12,142,0.23,0.195,-0.035,0.28104151505976915,"[-0.09, 0.02]","[""DA_d2_heldout100/308"", ""DA_d2_heldout100/352"", ""DA_d2_heldout200b/568"", ""DA_d2_heldout200b/584"", ""DA_d2_heldout200b/649"", ""DA_d2_seq100/187"", ""MCR_seq200b/294"", ""MCR_seq200b/386"", ""MCR_seq200b/436"", ""MCR_v2_seq100/188"", ""MCR_v2_seq100/206"", ""MCR_v2_seq100/220""]","[""DA_d2_heldout100/261"", ""DA_d2_heldout100/420"", ""DA_d2_heldout200b/523"", ""DA_d2_heldout200b/555"", ""DA_d2_heldout200b/631"", ""DA_d2_heldout200b/650"", ""DA_d2_seq100/161"", ""DA_d2_seq100/228"", ""MCR_seq200b/249"", ""MCR_seq200b/291"", ""MCR_seq200b/293"", ""MCR_seq200b/318"", ""MCR_seq200b/321"", ""MCR_seq200b/416"", ""MCR_seq200b/430"", ""MCR_seq200b/466"", ""MCR_v1_seq100/21"", ""MCR_v1_seq100/28"", ""MCR_v1_seq100/95""]",0.5620830301195383
E1,aphhm_hierarchical__clean_fixed,aphhm_hierarchical__clean_shuffled_blocks,shuffle_vs_fixed_clean__aphhm_hierarchical,primary,ALL,legacy_chain,200,26,18,23,133,0.22,0.245,0.025,0.5327092552361137,"[-0.035, 0.09]","[""DA_d2_heldout100/261"", ""DA_d2_heldout100/420"", ""DA_d2_heldout200b/600"", ""DA_d2_heldout200b/650"", ""DA_d2_heldout200b/684"", ""DA_d2_seq100/134"", ""DA_d2_seq100/187"", ""DA_d2_seq100/228"", ""DA_d2_seq100/233"", ""DA_d2_seq100/89"", ""DA_d2_seq100/99"", ""MCR_seq200b/275"", ""MCR_seq200b/320"", ""MCR_seq200b/321"", ""MCR_seq200b/408"", ""MCR_seq200b/413"", ""MCR_seq200b/416"", ""MCR_seq200b/436"", ""MCR_v1_seq100/21"", ""MCR_v1_seq100/30"", ""MCR_v1_seq100/95"", ""MCR_v2_seq100/184"", ""MCR_v2_seq100/208""]","[""DA_d2_heldout100/290"", ""DA_d2_heldout200b/493"", ""DA_d2_heldout200b/565"", ""DA_d2_heldout200b/568"", ""DA_d2_heldout200b/584"", ""DA_d2_heldout200b/645"", ""DA_d2_heldout200b/702"", ""DA_d2_heldout200b/738"", ""DA_d2_seq100/161"", ""DA_d2_seq100/202"", ""DA_d2_seq100/83"", ""MCR_seq200b/249"", ""MCR_seq200b/278"", ""MCR_seq200b/293"", ""MCR_v2_seq100/152"", ""MCR_v2_seq100/169"", ""MCR_v2_seq100/220"", ""MCR_v2_seq100/236""]",0.5620830301195383
E1,ab02_flat__options_fixed,ab02_flat__options_shuffled_blocks,shuffle_vs_fixed_options__ab02_flat,primary,ALL,legacy_chain,200,97,28,15,60,0.625,0.56,-0.065,0.0659940344557981,"[-0.13, 0.0]","[""DA_d2_heldout200b/555"", ""DA_d2_heldout200b/629"", ""DA_d2_heldout200b/642"", ""DA_d2_heldout200b/650"", ""DA_d2_heldout200b/684"", ""DA_d2_heldout200b/702"", ""DA_d2_heldout200b/734"", ""MCR_seq200b/275"", ""MCR_seq200b/277"", ""MCR_seq200b/336"", ""MCR_seq200b/436"", ""MCR_v1_seq100/28"", ""MCR_v1_seq100/90"", ""MCR_v2_seq100/152"", ""MCR_v2_seq100/175""]","[""DA_d2_heldout100/276"", ""DA_d2_heldout100/290"", ""DA_d2_heldout100/352"", ""DA_d2_heldout100/359"", ""DA_d2_heldout100/375"", ""DA_d2_heldout200b/487"", ""DA_d2_heldout200b/501"", ""DA_d2_heldout200b/553"", ""DA_d2_heldout200b/600"", ""DA_d2_heldout200b/604"", ""DA_d2_heldout200b/615"", ""DA_d2_heldout200b/649"", ""DA_d2_heldout200b/775"", ""DA_d2_seq100/202"", ""DA_d2_seq100/214"", ""DA_d2_seq100/226"", ""DA_d2_seq100/228"", ""DA_d2_seq100/3"", ""MCR_seq200b/295"", ""MCR_seq200b/302"", ""MCR_v1_seq100/111"", ""MCR_v1_seq100/60"", ""MCR_v1_seq100/76"", ""MCR_v2_seq100/168"", ""MCR_v2_seq100/170"", ""MCR_v2_seq100/206"", ""MCR_v2_seq100/232"", ""MCR_v2_seq100/244""]",0.1979821033673943
E1,aphhm_hierarchical__options_fixed,aphhm_hierarchical__options_shuffled_blocks,shuffle_vs_fixed_options__aphhm_hierarchical,primary,ALL,legacy_chain,200,75,42,16,67,0.585,0.455,-0.13,0.0008617822405421263,"[-0.2, -0.06]","[""DA_d2_heldout100/290"", ""DA_d2_heldout100/299"", ""DA_d2_heldout100/318"", ""DA_d2_heldout100/349"", ""DA_d2_heldout200b/631"", ""DA_d2_seq100/226"", ""MCR_seq200b/291"", ""MCR_seq200b/302"", ""MCR_seq200b/320"", ""MCR_seq200b/324"", ""MCR_seq200b/330"", ""MCR_seq200b/346"", ""MCR_v1_seq100/114"", ""MCR_v1_seq100/125"", ""MCR_v2_seq100/183"", ""MCR_v2_seq100/222""]","[""DA_d2_heldout100/306"", ""DA_d2_heldout100/352"", ""DA_d2_heldout100/359"", ""DA_d2_heldout100/375"", ""DA_d2_heldout100/399"", ""DA_d2_heldout200b/455"", ""DA_d2_heldout200b/464"", ""DA_d2_heldout200b/487"", ""DA_d2_heldout200b/506"", ""DA_d2_heldout200b/523"", ""DA_d2_heldout200b/565"", ""DA_d2_heldout200b/604"", ""DA_d2_heldout200b/738"", ""DA_d2_heldout200b/743"", ""DA_d2_seq100/122"", ""DA_d2_seq100/173"", ""DA_d2_seq100/202"", ""DA_d2_seq100/219"", ""DA_d2_seq100/228"", ""DA_d2_seq100/233"", ""DA_d2_seq100/27"", ""DA_d2_seq100/76"", ""DA_d2_seq100/81"", ""MCR_seq200b/249"", ""MCR_seq200b/272"", ""MCR_seq200b/274"", ""MCR_seq200b/275"", ""MCR_seq200b/332"", ""MCR_seq200b/336"", ""MCR_seq200b/352"", ""MCR_seq200b/371"", ""MCR_seq200b/408"", ""MCR_seq200b/413"", ""MCR_seq200b/430"", ""MCR_v1_seq100/109"", ""MCR_v1_seq100/122"", ""MCR_v1_seq100/47"", ""MCR_v1_seq100/52"", ""MCR_v1_seq100/60"", ""MCR_v1_seq100/76"", ""MCR_v2_seq100/168"", ""MCR_v2_seq100/170""]",0.0034471289621685053
E1,ab02_flat__clean_fixed,ab02_flat__options_fixed,options_vs_clean_fixed__ab02_flat,primary,ALL,safe_exact,200,11,2,82,105,0.065,0.465,0.4,3.6923274592835773e-22,"[0.33, 0.47]","[""DA_d2_heldout100/261"", ""DA_d2_heldout100/262"", ""DA_d2_heldout100/276"", ""DA_d2_heldout100/290"", ""DA_d2_heldout100/299"", ""DA_d2_heldout100/308"", ""DA_d2_heldout100/352"", ""DA_d2_heldout100/364"", ""DA_d2_heldout100/368"", ""DA_d2_heldout100/375"", ""DA_d2_heldout100/399"", ""DA_d2_heldout100/420"", ""DA_d2_heldout100/424"", ""DA_d2_heldout100/429"", ""DA_d2_heldout200b/455"", ""DA_d2_heldout200b/461"", ""DA_d2_heldout200b/487"", ""DA_d2_heldout200b/493"", ""DA_d2_heldout200b/501"", ""DA_d2_heldout200b/506"", ""DA_d2_heldout200b/523"", ""DA_d2_heldout200b/540"", ""DA_d2_heldout200b/553"", ""DA_d2_heldout200b/575"", ""DA_d2_heldout200b/604"", ""DA_d2_heldout200b/608"", ""DA_d2_heldout200b/615"", ""DA_d2_heldout200b/620"", ""DA_d2_heldout200b/649"", ""DA_d2_heldout200b/703"", ""DA_d2_heldout200b/738"", ""DA_d2_heldout200b/743"", ""DA_d2_heldout200b/775"", ""DA_d2_seq100/100"", ""DA_d2_seq100/120"", ""DA_d2_seq100/122"", ""DA_d2_seq100/134"", ""DA_d2_seq100/158"", ""DA_d2_seq100/161"", ""DA_d2_seq100/187"", ""DA_d2_seq100/202"", ""DA_d2_seq100/214"", ""DA_d2_seq100/219"", ""DA_d2_seq100/226"", ""DA_d2_seq100/228"", ""DA_d2_seq100/233"", ""DA_d2_seq100/27"", ""DA_d2_seq100/81"", ""DA_d2_seq100/83"", ""DA_d2_seq100/89"", ""DA_d2_seq100/95"", ""DA_d2_seq100/99"", ""MCR_seq200b/274"", ""MCR_seq200b/278"", ""MCR_seq200b/294"", ""MCR_seq200b/295"", ""MCR_seq200b/306"", ""MCR_seq200b/320"", ""MCR_seq200b/321"", ""MCR_seq200b/324"", ""MCR_seq200b/346"", ""MCR_seq200b/386"", ""MCR_seq200b/394"", ""MCR_seq200b/408"", ""MCR_v1_seq100/100"", ""MCR_v1_seq100/104"", ""MCR_v1_seq100/111"", ""MCR_v1_seq100/12"", ""MCR_v1_seq100/126"", ""MCR_v1_seq100/27"", ""MCR_v1_seq100/47"", ""MCR_v1_seq100/6"", ""MCR_v1_seq100/60"", ""MCR_v1_seq100/87"", ""MCR_v2_seq100/168"", ""MCR_v2_seq100/170"", ""MCR_v2_seq100/183"", ""MCR_v2_seq100/184"", ""MCR_v2_seq100/206"", ""MCR_v2_seq100/232"", ""MCR_v2_seq100/236"", ""MCR_v2_seq100/244""]","[""DA_d2_heldout200b/555"", ""MCR_v1_seq100/21""]",2.953861967426862e-21
E1,aphhm_hierarchical__clean_fixed,aphhm_hierarchical__options_fixed,options_vs_clean_fixed__aphhm_hierarchical,primary,ALL,safe_exact,200,14,2,80,104,0.08,0.47,0.39,1.4078614025652531e-21,"[0.32, 0.46]","[""DA_d2_heldout100/261"", ""DA_d2_heldout100/306"", ""DA_d2_heldout100/308"", ""DA_d2_heldout100/352"", ""DA_d2_heldout100/375"", ""DA_d2_heldout100/398"", ""DA_d2_heldout100/399"", ""DA_d2_heldout100/420"", ""DA_d2_heldout100/424"", ""DA_d2_heldout200b/455"", ""DA_d2_heldout200b/461"", ""DA_d2_heldout200b/464"", ""DA_d2_heldout200b/487"", ""DA_d2_heldout200b/523"", ""DA_d2_heldout200b/540"", ""DA_d2_heldout200b/555"", ""DA_d2_heldout200b/568"", ""DA_d2_heldout200b/574"", ""DA_d2_heldout200b/575"", ""DA_d2_heldout200b/604"", ""DA_d2_heldout200b/608"", ""DA_d2_heldout200b/620"", ""DA_d2_heldout200b/642"", ""DA_d2_heldout200b/650"", ""DA_d2_heldout200b/702"", ""DA_d2_heldout200b/703"", ""DA_d2_heldout200b/734"", ""DA_d2_heldout200b/738"", ""DA_d2_heldout200b/743"", ""DA_d2_seq100/100"", ""DA_d2_seq100/120"", ""DA_d2_seq100/122"", ""DA_d2_seq100/125"", ""DA_d2_seq100/134"", ""DA_d2_seq100/158"", ""DA_d2_seq100/161"", ""DA_d2_seq100/182"", ""DA_d2_seq100/187"", ""DA_d2_seq100/202"", ""DA_d2_seq100/214"", ""DA_d2_seq100/219"", ""DA_d2_seq100/233"", ""DA_d2_seq100/27"", ""DA_d2_seq100/3"", ""DA_d2_seq100/76"", ""DA_d2_seq100/81"", ""DA_d2_seq100/89"", ""DA_d2_seq100/95"", ""DA_d2_seq100/99"", ""MCR_seq200b/274"", ""MCR_seq200b/275"", ""MCR_seq200b/294"", ""MCR_seq200b/306"", ""MCR_seq200b/321"", ""MCR_seq200b/336"", ""MCR_seq200b/344"", ""MCR_seq200b/352"", ""MCR_seq200b/355"", ""MCR_seq200b/386"", ""MCR_seq200b/394"", ""MCR_seq200b/408"", ""MCR_seq200b/413"", ""MCR_v1_seq100/100"", ""MCR_v1_seq100/109"", ""MCR_v1_seq100/111"", ""MCR_v1_seq100/122"", ""MCR_v1_seq100/27"", ""MCR_v1_seq100/47"", ""MCR_v1_seq100/6"", ""MCR_v1_seq100/60"", ""MCR_v1_seq100/95"", ""MCR_v2_seq100/138"", ""MCR_v2_seq100/152"", ""MCR_v2_seq100/168"", ""MCR_v2_seq100/169"", ""MCR_v2_seq100/170"", ""MCR_v2_seq100/206"", ""MCR_v2_seq100/208"", ""MCR_v2_seq100/232"", ""MCR_v2_seq100/244""]","[""MCR_v1_seq100/125"", ""MCR_v2_seq100/220""]",9.855029817956772e-21
E1,ab02_flat__clean_shuffled_blocks,ab02_flat__options_shuffled_blocks,options_vs_clean_shuffled__ab02_flat,primary,ALL,safe_exact,200,10,1,64,125,0.055,0.37,0.315,3.577867169202165e-18,"[0.25, 0.38]","[""DA_d2_heldout100/261"", ""DA_d2_heldout100/262"", ""DA_d2_heldout100/299"", ""DA_d2_heldout100/364"", ""DA_d2_heldout100/368"", ""DA_d2_heldout100/398"", ""DA_d2_heldout100/399"", ""DA_d2_heldout100/420"", ""DA_d2_heldout100/424"", ""DA_d2_heldout100/429"", ""DA_d2_heldout200b/455"", ""DA_d2_heldout200b/493"", ""DA_d2_heldout200b/506"", ""DA_d2_heldout200b/523"", ""DA_d2_heldout200b/540"", ""DA_d2_heldout200b/555"", ""DA_d2_heldout200b/565"", ""DA_d2_heldout200b/568"", ""DA_d2_heldout200b/574"", ""DA_d2_heldout200b/575"", ""DA_d2_heldout200b/608"", ""DA_d2_heldout200b/620"", ""DA_d2_heldout200b/629"", ""DA_d2_heldout200b/642"", ""DA_d2_heldout200b/650"", ""DA_d2_heldout200b/684"", ""DA_d2_heldout200b/702"", ""DA_d2_heldout200b/703"", ""DA_d2_heldout200b/743"", ""DA_d2_seq100/100"", ""DA_d2_seq100/120"", ""DA_d2_seq100/122"", ""DA_d2_seq100/134"", ""DA_d2_seq100/158"", ""DA_d2_seq100/161"", ""DA_d2_seq100/219"", ""DA_d2_seq100/233"", ""DA_d2_seq100/27"", ""DA_d2_seq100/81"", ""DA_d2_seq100/83"", ""DA_d2_seq100/89"", ""DA_d2_seq100/95"", ""DA_d2_seq100/99"", ""MCR_seq200b/274"", ""MCR_seq200b/275"", ""MCR_seq200b/291"", ""MCR_seq200b/306"", ""MCR_seq200b/318"", ""MCR_seq200b/324"", ""MCR_seq200b/346"", ""MCR_seq200b/355"", ""MCR_seq200b/394"", ""MCR_seq200b/470"", ""MCR_v1_seq100/100"", ""MCR_v1_seq100/104"", ""MCR_v1_seq100/27"", ""MCR_v1_seq100/47"", ""MCR_v1_seq100/6"", ""MCR_v1_seq100/87"", ""MCR_v2_seq100/152"", ""MCR_v2_seq100/169"", ""MCR_v2_seq100/175"", ""MCR_v2_seq100/208"", ""MCR_v2_seq100/236""]","[""DA_d2_heldout100/352""]",2.1467203015212988e-17
E1,aphhm_hierarchical__clean_shuffled_blocks,aphhm_hierarchical__options_shuffled_blocks,options_vs_clean_shuffled__aphhm_hierarchical,primary,ALL,safe_exact,200,7,10,51,132,0.085,0.29,0.205,9.624425087798039e-08,"[0.135, 0.275]","[""DA_d2_heldout100/261"", ""DA_d2_heldout100/299"", ""DA_d2_heldout100/308"", ""DA_d2_heldout100/349"", ""DA_d2_heldout100/364"", ""DA_d2_heldout100/368"", ""DA_d2_heldout100/398"", ""DA_d2_heldout200b/493"", ""DA_d2_heldout200b/540"", ""DA_d2_heldout200b/555"", ""DA_d2_heldout200b/568"", ""DA_d2_heldout200b/575"", ""DA_d2_heldout200b/620"", ""DA_d2_heldout200b/631"", ""DA_d2_heldout200b/650"", ""DA_d2_heldout200b/702"", ""DA_d2_heldout200b/703"", ""DA_d2_seq100/100"", ""DA_d2_seq100/120"", ""DA_d2_seq100/125"", ""DA_d2_seq100/134"", ""DA_d2_seq100/158"", ""DA_d2_seq100/161"", ""DA_d2_seq100/182"", ""DA_d2_seq100/214"", ""DA_d2_seq100/83"", ""DA_d2_seq100/89"", ""DA_d2_seq100/95"", ""MCR_seq200b/278"", ""MCR_seq200b/291"", ""MCR_seq200b/294"", ""MCR_seq200b/306"", ""MCR_seq200b/321"", ""MCR_seq200b/324"", ""MCR_seq200b/346"", ""MCR_seq200b/355"", ""MCR_seq200b/386"", ""MCR_seq200b/394"", ""MCR_v1_seq100/100"", ""MCR_v1_seq100/104"", ""MCR_v1_seq100/111"", ""MCR_v1_seq100/27"", ""MCR_v1_seq100/6"", ""MCR_v2_seq100/152"", ""MCR_v2_seq100/169"", ""MCR_v2_seq100/183"", ""MCR_v2_seq100/184"", ""MCR_v2_seq100/206"", ""MCR_v2_seq100/222"", ""MCR_v2_seq100/232"", ""MCR_v2_seq100/244""]","[""DA_d2_heldout200b/506"", ""DA_d2_seq100/173"", ""DA_d2_seq100/99"", ""MCR_seq200b/275"", ""MCR_seq200b/320"", ""MCR_seq200b/332"", ""MCR_seq200b/408"", ""MCR_v1_seq100/21"", ""MCR_v1_seq100/30"", ""MCR_v1_seq100/52""]",4.812212543899019e-07
E1,ab02_flat__clean_fixed,ab02_flat__clean_shuffled_blocks,shuffle_vs_fixed_clean__ab02_flat,primary,ALL,safe_exact,200,7,6,4,183,0.065,0.055,-0.01,0.75390625,"[-0.04, 0.02]","[""DA_d2_heldout100/352"", ""DA_d2_seq100/187"", ""MCR_seq200b/294"", ""MCR_v1_seq100/12""]","[""DA_d2_heldout200b/555"", ""MCR_seq200b/291"", ""MCR_seq200b/318"", ""MCR_seq200b/470"", ""MCR_v1_seq100/21"", ""MCR_v2_seq100/208""]",1.0
E1,aphhm_hierarchical__clean_fixed,aphhm_hierarchical__clean_shuffled_blocks,shuffle_vs_fixed_clean__aphhm_hierarchical,primary,ALL,safe_exact,200,8,8,9,175,0.08,0.085,0.005,1.0,"[-0.035, 0.045]","[""DA_d2_heldout100/420"", ""DA_d2_seq100/187"", ""DA_d2_seq100/99"", ""MCR_seq200b/275"", ""MCR_seq200b/320"", ""MCR_seq200b/408"", ""MCR_v1_seq100/21"", ""MCR_v1_seq100/30"", ""MCR_v2_seq100/208""]","[""DA_d2_heldout100/364"", ""DA_d2_heldout200b/493"", ""DA_d2_seq100/83"", ""MCR_seq200b/278"", ""MCR_seq200b/293"", ""MCR_seq200b/318"", ""MCR_v1_seq100/104"", ""MCR_v2_seq100/220""]",1.0
E1,ab02_flat__options_fixed,ab02_flat__options_shuffled_blocks,shuffle_vs_fixed_options__ab02_flat,primary,ALL,safe_exact,200,59,34,15,92,0.465,0.37,-0.095,0.009399241523873059,"[-0.165, -0.03]","[""DA_d2_heldout100/398"", ""DA_d2_heldout200b/555"", ""DA_d2_heldout200b/565"", ""DA_d2_heldout200b/568"", ""DA_d2_heldout200b/574"", ""DA_d2_heldout200b/629"", ""DA_d2_heldout200b/642"", ""DA_d2_heldout200b/650"", ""DA_d2_heldout200b/684"", ""DA_d2_heldout200b/702"", ""MCR_seq200b/275"", ""MCR_seq200b/355"", ""MCR_v2_seq100/152"", ""MCR_v2_seq100/169"", ""MCR_v2_seq100/175""]","[""DA_d2_heldout100/276"", ""DA_d2_heldout100/290"", ""DA_d2_heldout100/308"", ""DA_d2_heldout100/352"", ""DA_d2_heldout100/375"", ""DA_d2_heldout200b/461"", ""DA_d2_heldout200b/487"", ""DA_d2_heldout200b/501"", ""DA_d2_heldout200b/553"", ""DA_d2_heldout200b/604"", ""DA_d2_heldout200b/615"", ""DA_d2_heldout200b/649"", ""DA_d2_heldout200b/738"", ""DA_d2_heldout200b/775"", ""DA_d2_seq100/202"", ""DA_d2_seq100/214"", ""DA_d2_seq100/226"", ""DA_d2_seq100/228"", ""MCR_seq200b/278"", ""MCR_seq200b/295"", ""MCR_seq200b/320"", ""MCR_seq200b/321"", ""MCR_seq200b/386"", ""MCR_seq200b/408"", ""MCR_v1_seq100/111"", ""MCR_v1_seq100/126"", ""MCR_v1_seq100/60"", ""MCR_v2_seq100/168"", ""MCR_v2_seq100/170"", ""MCR_v2_seq100/183"", ""MCR_v2_seq100/184"", ""MCR_v2_seq100/206"", ""MCR_v2_seq100/232"", ""MCR_v2_seq100/244""]",0.028197724571619176
E1,aphhm_hierarchical__options_fixed,aphhm_hierarchical__options_shuffled_blocks,shuffle_vs_fixed_options__aphhm_hierarchical,primary,ALL,safe_exact,200,47,47,11,95,0.47,0.29,-0.18,2.031594536044956e-06,"[-0.25, -0.11]","[""DA_d2_heldout100/299"", ""DA_d2_heldout100/349"", ""DA_d2_heldout100/368"", ""DA_d2_heldout200b/631"", ""MCR_seq200b/291"", ""MCR_seq200b/324"", ""MCR_seq200b/346"", ""MCR_v1_seq100/125"", ""MCR_v2_seq100/183"", ""MCR_v2_seq100/184"", ""MCR_v2_seq100/222""]","[""DA_d2_heldout100/306"", ""DA_d2_heldout100/352"", ""DA_d2_heldout100/375"", ""DA_d2_heldout100/399"", ""DA_d2_heldout100/424"", ""DA_d2_heldout200b/455"", ""DA_d2_heldout200b/461"", ""DA_d2_heldout200b/464"", ""DA_d2_heldout200b/487"", ""DA_d2_heldout200b/506"", ""DA_d2_heldout200b/523"", ""DA_d2_heldout200b/574"", ""DA_d2_heldout200b/604"", ""DA_d2_heldout200b/608"", ""DA_d2_heldout200b/642"", ""DA_d2_heldout200b/734"", ""DA_d2_heldout200b/738"", ""DA_d2_heldout200b/743"", ""DA_d2_seq100/122"", ""DA_d2_seq100/173"", ""DA_d2_seq100/202"", ""DA_d2_seq100/219"", ""DA_d2_seq100/233"", ""DA_d2_seq100/27"", ""DA_d2_seq100/3"", ""DA_d2_seq100/76"", ""DA_d2_seq100/81"", ""DA_d2_seq100/99"", ""MCR_seq200b/274"", ""MCR_seq200b/275"", ""MCR_seq200b/293"", ""MCR_seq200b/318"", ""MCR_seq200b/332"", ""MCR_seq200b/336"", ""MCR_seq200b/344"", ""MCR_seq200b/352"", ""MCR_seq200b/408"", ""MCR_seq200b/413"", ""MCR_v1_seq100/109"", ""MCR_v1_seq100/122"", ""MCR_v1_seq100/47"", ""MCR_v1_seq100/52"", ""MCR_v1_seq100/60"", ""MCR_v1_seq100/95"", ""MCR_v2_seq100/138"", ""MCR_v2_seq100/168"", ""MCR_v2_seq100/170""]",8.126378144179824e-06
E1,ab02_flat__clean_fixed,ab02_flat__options_fixed,options_vs_clean_fixed__ab02_flat,primary,DA,clinical_complete,100,15,7,51,27,0.22,0.66,0.44,2.402164578363397e-09,"[0.32, 0.56]","[""DA_d2_heldout100/261"", ""DA_d2_heldout100/262"", ""DA_d2_heldout100/276"", ""DA_d2_heldout100/299"", ""DA_d2_heldout100/308"", ""DA_d2_heldout100/352"", ""DA_d2_heldout100/359"", ""DA_d2_heldout100/364"", ""DA_d2_heldout100/368"", ""DA_d2_heldout100/398"", ""DA_d2_heldout100/424"", ""DA_d2_heldout100/429"", ""DA_d2_heldout100/449"", ""DA_d2_heldout200b/455"", ""DA_d2_heldout200b/461"", ""DA_d2_heldout200b/487"", ""DA_d2_heldout200b/493"", ""DA_d2_heldout200b/501"", ""DA_d2_heldout200b/523"", ""DA_d2_heldout200b/540"", ""DA_d2_heldout200b/553"", ""DA_d2_heldout200b/565"", ""DA_d2_heldout200b/568"", ""DA_d2_heldout200b/575"", ""DA_d2_heldout200b/604"", ""DA_d2_heldout200b/608"", ""DA_d2_heldout200b/620"", ""DA_d2_heldout200b/642"", ""DA_d2_heldout200b/649"", ""DA_d2_heldout200b/703"", ""DA_d2_heldout200b/738"", ""DA_d2_heldout200b/740"", ""DA_d2_heldout200b/743"", ""DA_d2_heldout200b/775"", ""DA_d2_seq100/100"", ""DA_d2_seq100/122"", ""DA_d2_seq100/125"", ""DA_d2_seq100/134"", ""DA_d2_seq100/158"", ""DA_d2_seq100/187"", ""DA_d2_seq100/202"", ""DA_d2_seq100/214"", ""DA_d2_seq100/219"", ""DA_d2_seq100/226"", ""DA_d2_seq100/233"", ""DA_d2_seq100/27"", ""DA_d2_seq100/76"", ""DA_d2_seq100/81"", ""DA_d2_seq100/83"", ""DA_d2_seq100/89"", ""DA_d2_seq100/95""]","[""DA_d2_heldout100/301"", ""DA_d2_heldout100/440"", ""DA_d2_heldout200b/555"", ""DA_d2_heldout200b/600"", ""DA_d2_heldout200b/631"", ""DA_d2_heldout200b/734"", ""DA_d2_seq100/237""]",1.681515204854378e-08
E1,aphhm_hierarchical__clean_fixed,aphhm_hierarchical__options_fixed,options_vs_clean_fixed__aphhm_hierarchical,primary,DA,clinical_complete,100,12,2,52,34,0.14,0.64,0.5,1.6497914145929826e-13,"[0.39, 0.6]","[""DA_d2_heldout100/261"", ""DA_d2_heldout100/306"", ""DA_d2_heldout100/308"", ""DA_d2_heldout100/352"", ""DA_d2_heldout100/359"", ""DA_d2_heldout100/375"", ""DA_d2_heldout100/398"", ""DA_d2_heldout100/420"", ""DA_d2_heldout100/424"", ""DA_d2_heldout100/449"", ""DA_d2_heldout200b/455"", ""DA_d2_heldout200b/461"", ""DA_d2_heldout200b/464"", ""DA_d2_heldout200b/487"", ""DA_d2_heldout200b/523"", ""DA_d2_heldout200b/540"", ""DA_d2_heldout200b/555"", ""DA_d2_heldout200b/565"", ""DA_d2_heldout200b/574"", ""DA_d2_heldout200b/575"", ""DA_d2_heldout200b/586"", ""DA_d2_heldout200b/604"", ""DA_d2_heldout200b/608"", ""DA_d2_heldout200b/620"", ""DA_d2_heldout200b/642"", ""DA_d2_heldout200b/649"", ""DA_d2_heldout200b/702"", ""DA_d2_heldout200b/703"", ""DA_d2_heldout200b/734"", ""DA_d2_heldout200b/738"", ""DA_d2_heldout200b/740"", ""DA_d2_heldout200b/743"", ""DA_d2_seq100/100"", ""DA_d2_seq100/120"", ""DA_d2_seq100/122"", ""DA_d2_seq100/125"", ""DA_d2_seq100/134"", ""DA_d2_seq100/158"", ""DA_d2_seq100/182"", ""DA_d2_seq100/187"", ""DA_d2_seq100/202"", ""DA_d2_seq100/214"", ""DA_d2_seq100/219"", ""DA_d2_seq100/226"", ""DA_d2_seq100/233"", ""DA_d2_seq100/27"", ""DA_d2_seq100/3"", ""DA_d2_seq100/76"", ""DA_d2_seq100/81"", ""DA_d2_seq100/89"", ""DA_d2_seq100/95"", ""DA_d2_seq100/99""]","[""DA_d2_heldout200b/631"", ""DA_d2_seq100/228""]",1.319833131674386e-12
E1,ab02_flat__clean_shuffled_blocks,ab02_flat__options_shuffled_blocks,options_vs_clean_shuffled__ab02_flat,primary,DA,clinical_complete,100,20,5,42,33,0.25,0.62,0.37,2.4579776436439715e-08,"[0.26, 0.48]","[""DA_d2_heldout100/262"", ""DA_d2_heldout100/276"", ""DA_d2_heldout100/364"", ""DA_d2_heldout100/368"", ""DA_d2_heldout100/398"", ""DA_d2_heldout100/399"", ""DA_d2_heldout100/424"", ""DA_d2_heldout100/429"", ""DA_d2_heldout100/449"", ""DA_d2_heldout200b/455"", ""DA_d2_heldout200b/461"", ""DA_d2_heldout200b/493"", ""DA_d2_heldout200b/523"", ""DA_d2_heldout200b/540"", ""DA_d2_heldout200b/555"", ""DA_d2_heldout200b/565"", ""DA_d2_heldout200b/574"", ""DA_d2_heldout200b/620"", ""DA_d2_heldout200b/629"", ""DA_d2_heldout200b/642"", ""DA_d2_heldout200b/649"", ""DA_d2_heldout200b/684"", ""DA_d2_heldout200b/703"", ""DA_d2_heldout200b/740"", ""DA_d2_heldout200b/743"", ""DA_d2_seq100/100"", ""DA_d2_seq100/120"", ""DA_d2_seq100/122"", ""DA_d2_seq100/125"", ""DA_d2_seq100/134"", ""DA_d2_seq100/158"", ""DA_d2_seq100/161"", ""DA_d2_seq100/202"", ""DA_d2_seq100/219"", ""DA_d2_seq100/226"", ""DA_d2_seq100/228"", ""DA_d2_seq100/233"", ""DA_d2_seq100/27"", ""DA_d2_seq100/83"", ""DA_d2_seq100/89"", ""DA_d2_seq100/95"", ""DA_d2_seq100/99""]","[""DA_d2_heldout100/301"", ""DA_d2_heldout100/352"", ""DA_d2_heldout200b/600"", ""DA_d2_heldout200b/738"", ""DA_d2_seq100/237""]",1.474786586186383e-07
E1,aphhm_hierarchical__clean_shuffled_blocks,aphhm_hierarchical__options_shuffled_blocks,options_vs_clean_shuffled__aphhm_hierarchical,primary,DA,clinical_complete,100,11,4,36,49,0.15,0.47,0.32,1.8570244719740003e-07,"[0.21, 0.42]","[""DA_d2_heldout100/261"", ""DA_d2_heldout100/308"", ""DA_d2_heldout100/349"", ""DA_d2_heldout100/368"", ""DA_d2_heldout100/398"", ""DA_d2_heldout100/399"", ""DA_d2_heldout100/429"", ""DA_d2_heldout100/449"", ""DA_d2_heldout200b/461"", ""DA_d2_heldout200b/487"", ""DA_d2_heldout200b/493"", ""DA_d2_heldout200b/540"", ""DA_d2_heldout200b/555"", ""DA_d2_heldout200b/568"", ""DA_d2_heldout200b/575"", ""DA_d2_heldout200b/608"", ""DA_d2_heldout200b/620"", ""DA_d2_heldout200b/629"", ""DA_d2_heldout200b/631"", ""DA_d2_heldout200b/649"", ""DA_d2_heldout200b/650"", ""DA_d2_heldout200b/681"", ""DA_d2_heldout200b/702"", ""DA_d2_heldout200b/703"", ""DA_d2_heldout200b/743"", ""DA_d2_seq100/100"", ""DA_d2_seq100/120"", ""DA_d2_seq100/125"", ""DA_d2_seq100/158"", ""DA_d2_seq100/161"", ""DA_d2_seq100/182"", ""DA_d2_seq100/214"", ""DA_d2_seq100/3"", ""DA_d2_seq100/83"", ""DA_d2_seq100/89"", ""DA_d2_seq100/95""]","[""DA_d2_heldout100/306"", ""DA_d2_heldout100/375"", ""DA_d2_heldout200b/464"", ""DA_d2_seq100/228""]",9.285122359870002e-07
E1,ab02_flat__clean_fixed,ab02_flat__clean_shuffled_blocks,shuffle_vs_fixed_clean__ab02_flat,primary,DA,clinical_complete,100,13,9,12,66,0.22,0.25,0.03,0.6636238098144531,"[-0.06, 0.12]","[""DA_d2_heldout100/261"", ""DA_d2_heldout100/299"", ""DA_d2_heldout100/308"", ""DA_d2_heldout100/352"", ""DA_d2_heldout200b/568"", ""DA_d2_heldout200b/575"", ""DA_d2_heldout200b/608"", ""DA_d2_heldout200b/650"", ""DA_d2_heldout200b/702"", ""DA_d2_heldout200b/738"", ""DA_d2_seq100/187"", ""DA_d2_seq100/81""]","[""DA_d2_heldout100/399"", ""DA_d2_heldout100/440"", ""DA_d2_heldout200b/555"", ""DA_d2_heldout200b/631"", ""DA_d2_heldout200b/734"", ""DA_d2_seq100/120"", ""DA_d2_seq100/161"", ""DA_d2_seq100/228"", ""DA_d2_seq100/99""]",1.0
E1,aphhm_hierarchical__clean_fixed,aphhm_hierarchical__clean_shuffled_blocks,shuffle_vs_fixed_clean__aphhm_hierarchical,primary,DA,clinical_complete,100,6,8,9,77,0.14,0.15,0.01,1.0,"[-0.07, 0.09]","[""DA_d2_heldout100/306"", ""DA_d2_heldout100/375"", ""DA_d2_heldout100/420"", ""DA_d2_heldout200b/464"", ""DA_d2_heldout200b/586"", ""DA_d2_heldout200b/684"", ""DA_d2_seq100/134"", ""DA_d2_seq100/187"", ""DA_d2_seq100/99""]","[""DA_d2_heldout100/290"", ""DA_d2_heldout100/399"", ""DA_d2_heldout200b/493"", ""DA_d2_heldout200b/568"", ""DA_d2_heldout200b/631"", ""DA_d2_heldout200b/650"", ""DA_d2_seq100/161"", ""DA_d2_seq100/83""]",1.0
E1,ab02_flat__options_fixed,ab02_flat__options_shuffled_blocks,shuffle_vs_fixed_options__ab02_flat,primary,DA,clinical_complete,100,56,10,6,28,0.66,0.62,-0.04,0.454498291015625,"[-0.12, 0.04]","[""DA_d2_heldout200b/555"", ""DA_d2_heldout200b/574"", ""DA_d2_heldout200b/629"", ""DA_d2_heldout200b/650"", ""DA_d2_heldout200b/684"", ""DA_d2_heldout200b/702""]","[""DA_d2_heldout100/352"", ""DA_d2_heldout100/359"", ""DA_d2_heldout200b/487"", ""DA_d2_heldout200b/501"", ""DA_d2_heldout200b/553"", ""DA_d2_heldout200b/604"", ""DA_d2_heldout200b/738"", ""DA_d2_heldout200b/775"", ""DA_d2_seq100/214"", ""DA_d2_seq100/76""]",1.0
E1,aphhm_hierarchical__options_fixed,aphhm_hierarchical__options_shuffled_blocks,shuffle_vs_fixed_options__aphhm_hierarchical,primary,DA,clinical_complete,100,40,24,7,29,0.64,0.47,-0.17,0.003326892852783203,"[-0.27, -0.07]","[""DA_d2_heldout100/349"", ""DA_d2_heldout100/368"", ""DA_d2_heldout100/429"", ""DA_d2_heldout200b/629"", ""DA_d2_heldout200b/631"", ""DA_d2_heldout200b/681"", ""DA_d2_heldout200b/684""]","[""DA_d2_heldout100/290"", ""DA_d2_heldout100/306"", ""DA_d2_heldout100/352"", ""DA_d2_heldout100/359"", ""DA_d2_heldout100/375"", ""DA_d2_heldout100/424"", ""DA_d2_heldout200b/455"", ""DA_d2_heldout200b/464"", ""DA_d2_heldout200b/523"", ""DA_d2_heldout200b/565"", ""DA_d2_heldout200b/574"", ""DA_d2_heldout200b/604"", ""DA_d2_heldout200b/642"", ""DA_d2_heldout200b/734"", ""DA_d2_heldout200b/738"", ""DA_d2_heldout200b/740"", ""DA_d2_seq100/122"", ""DA_d2_seq100/202"", ""DA_d2_seq100/219"", ""DA_d2_seq100/226"", ""DA_d2_seq100/233"", ""DA_d2_seq100/27"", ""DA_d2_seq100/76"", ""DA_d2_seq100/81""]",0.013307571411132812
E1,ab02_flat__clean_fixed,ab02_flat__options_fixed,options_vs_clean_fixed__ab02_flat,primary,DA,compatible_partial,100,9,29,11,51,0.38,0.2,-0.18,0.006426576095691416,"[-0.3, -0.06]","[""DA_d2_heldout100/301"", ""DA_d2_heldout100/402"", ""DA_d2_heldout200b/600"", ""DA_d2_heldout200b/629"", ""DA_d2_heldout200b/631"", ""DA_d2_heldout200b/681"", ""DA_d2_heldout200b/684"", ""DA_d2_heldout200b/698"", ""DA_d2_heldout200b/762"", ""DA_d2_seq100/21"", ""DA_d2_seq100/237""]","[""DA_d2_heldout100/261"", ""DA_d2_heldout100/262"", ""DA_d2_heldout100/276"", ""DA_d2_heldout100/299"", ""DA_d2_heldout100/308"", ""DA_d2_heldout100/359"", ""DA_d2_heldout100/368"", ""DA_d2_heldout200b/523"", ""DA_d2_heldout200b/568"", ""DA_d2_heldout200b/575"", ""DA_d2_heldout200b/608"", ""DA_d2_heldout200b/642"", ""DA_d2_heldout200b/649"", ""DA_d2_heldout200b/650"", ""DA_d2_heldout200b/703"", ""DA_d2_heldout200b/738"", ""DA_d2_heldout200b/740"", ""DA_d2_heldout200b/747"", ""DA_d2_heldout200b/775"", ""DA_d2_seq100/100"", ""DA_d2_seq100/134"", ""DA_d2_seq100/158"", ""DA_d2_seq100/202"", ""DA_d2_seq100/219"", ""DA_d2_seq100/226"", ""DA_d2_seq100/233"", ""DA_d2_seq100/76"", ""DA_d2_seq100/81"", ""DA_d2_seq100/89""]",0.044986032669839915
E1,aphhm_hierarchical__clean_fixed,aphhm_hierarchical__options_fixed,options_vs_clean_fixed__aphhm_hierarchical,primary,DA,compatible_partial,100,15,31,10,44,0.46,0.25,-0.21,0.0014504910141113214,"[-0.33, -0.09]","[""DA_d2_heldout100/301"", ""DA_d2_heldout100/312"", ""DA_d2_heldout200b/501"", ""DA_d2_heldout200b/553"", ""DA_d2_heldout200b/629"", ""DA_d2_heldout200b/681"", ""DA_d2_heldout200b/698"", ""DA_d2_heldout200b/762"", ""DA_d2_seq100/21"", ""DA_d2_seq100/228""]","[""DA_d2_heldout100/306"", ""DA_d2_heldout100/308"", ""DA_d2_heldout100/359"", ""DA_d2_heldout100/368"", ""DA_d2_heldout100/375"", ""DA_d2_heldout100/420"", ""DA_d2_heldout100/440"", ""DA_d2_heldout100/449"", ""DA_d2_heldout200b/487"", ""DA_d2_heldout200b/523"", ""DA_d2_heldout200b/565"", ""DA_d2_heldout200b/574"", ""DA_d2_heldout200b/575"", ""DA_d2_heldout200b/584"", ""DA_d2_heldout200b/608"", ""DA_d2_heldout200b/642"", ""DA_d2_heldout200b/649"", ""DA_d2_heldout200b/702"", ""DA_d2_heldout200b/703"", ""DA_d2_heldout200b/715"", ""DA_d2_heldout200b/738"", ""DA_d2_heldout200b/740"", ""DA_d2_seq100/120"", ""DA_d2_seq100/122"", ""DA_d2_seq100/134"", ""DA_d2_seq100/158"", ""DA_d2_seq100/202"", ""DA_d2_seq100/219"", ""DA_d2_seq100/3"", ""DA_d2_seq100/81"", ""DA_d2_seq100/89""]",0.011603928112890571
E1,ab02_flat__clean_shuffled_blocks,ab02_flat__options_shuffled_blocks,options_vs_clean_shuffled__ab02_flat,primary,DA,compatible_partial,100,11,24,9,56,0.35,0.2,-0.15,0.013530986849218607,"[-0.26, -0.04]","[""DA_d2_heldout100/301"", ""DA_d2_heldout100/318"", ""DA_d2_heldout200b/487"", ""DA_d2_heldout200b/553"", ""DA_d2_heldout200b/600"", ""DA_d2_heldout200b/681"", ""DA_d2_heldout200b/738"", ""DA_d2_heldout200b/762"", ""DA_d2_seq100/237""]","[""DA_d2_heldout100/262"", ""DA_d2_heldout100/368"", ""DA_d2_heldout100/402"", ""DA_d2_heldout100/429"", ""DA_d2_heldout100/440"", ""DA_d2_heldout200b/455"", ""DA_d2_heldout200b/482"", ""DA_d2_heldout200b/493"", ""DA_d2_heldout200b/565"", ""DA_d2_heldout200b/574"", ""DA_d2_heldout200b/584"", ""DA_d2_heldout200b/642"", ""DA_d2_heldout200b/649"", ""DA_d2_heldout200b/703"", ""DA_d2_heldout200b/715"", ""DA_d2_heldout200b/740"", ""DA_d2_heldout200b/775"", ""DA_d2_seq100/100"", ""DA_d2_seq100/122"", ""DA_d2_seq100/134"", ""DA_d2_seq100/158"", ""DA_d2_seq100/219"", ""DA_d2_seq100/233"", ""DA_d2_seq100/89""]",0.08118592109531164
E1,aphhm_hierarchical__clean_shuffled_blocks,aphhm_hierarchical__options_shuffled_blocks,options_vs_clean_shuffled__aphhm_hierarchical,primary,DA,compatible_partial,100,19,23,12,46,0.42,0.31,-0.11,0.0895310789346695,"[-0.22, 0.01]","[""DA_d2_heldout100/301"", ""DA_d2_heldout100/306"", ""DA_d2_heldout100/312"", ""DA_d2_heldout100/318"", ""DA_d2_heldout100/424"", ""DA_d2_heldout200b/553"", ""DA_d2_heldout200b/740"", ""DA_d2_heldout200b/762"", ""DA_d2_seq100/21"", ""DA_d2_seq100/226"", ""DA_d2_seq100/237"", ""DA_d2_seq100/76""]","[""DA_d2_heldout100/261"", ""DA_d2_heldout100/308"", ""DA_d2_heldout100/368"", ""DA_d2_heldout100/402"", ""DA_d2_heldout100/440"", ""DA_d2_heldout200b/493"", ""DA_d2_heldout200b/523"", ""DA_d2_heldout200b/565"", ""DA_d2_heldout200b/575"", ""DA_d2_heldout200b/584"", ""DA_d2_heldout200b/608"", ""DA_d2_heldout200b/631"", ""DA_d2_heldout200b/649"", ""DA_d2_heldout200b/650"", ""DA_d2_heldout200b/702"", ""DA_d2_heldout200b/703"", ""DA_d2_heldout200b/738"", ""DA_d2_seq100/100"", ""DA_d2_seq100/158"", ""DA_d2_seq100/219"", ""DA_d2_seq100/233"", ""DA_d2_seq100/3"", ""DA_d2_seq100/89""]",0.4476553946733475
E1,ab02_flat__clean_fixed,ab02_flat__clean_shuffled_blocks,shuffle_vs_fixed_clean__ab02_flat,primary,DA,compatible_partial,100,22,16,13,49,0.38,0.35,-0.03,0.711071103811264,"[-0.13, 0.07]","[""DA_d2_heldout100/402"", ""DA_d2_heldout100/429"", ""DA_d2_heldout100/440"", ""DA_d2_heldout200b/455"", ""DA_d2_heldout200b/482"", ""DA_d2_heldout200b/493"", ""DA_d2_heldout200b/565"", ""DA_d2_heldout200b/584"", ""DA_d2_heldout200b/631"", ""DA_d2_heldout200b/715"", ""DA_d2_heldout200b/734"", ""DA_d2_seq100/122"", ""DA_d2_seq100/21""]","[""DA_d2_heldout100/261"", ""DA_d2_heldout100/276"", ""DA_d2_heldout100/299"", ""DA_d2_heldout100/308"", ""DA_d2_heldout100/318"", ""DA_d2_heldout200b/523"", ""DA_d2_heldout200b/568"", ""DA_d2_heldout200b/575"", ""DA_d2_heldout200b/608"", ""DA_d2_heldout200b/650"", ""DA_d2_heldout200b/702"", ""DA_d2_heldout200b/738"", ""DA_d2_seq100/202"", ""DA_d2_seq100/226"", ""DA_d2_seq100/76"", ""DA_d2_seq100/81""]",1.0
E1,aphhm_hierarchical__clean_fixed,aphhm_hierarchical__clean_shuffled_blocks,shuffle_vs_fixed_clean__aphhm_hierarchical,primary,DA,compatible_partial,100,33,13,9,45,0.46,0.42,-0.04,0.5234670639038086,"[-0.13, 0.05]","[""DA_d2_heldout100/261"", ""DA_d2_heldout100/290"", ""DA_d2_heldout100/402"", ""DA_d2_heldout200b/493"", ""DA_d2_heldout200b/631"", ""DA_d2_heldout200b/650"", ""DA_d2_heldout200b/734"", ""DA_d2_seq100/100"", ""DA_d2_seq100/233""]","[""DA_d2_heldout100/306"", ""DA_d2_heldout100/318"", ""DA_d2_heldout100/375"", ""DA_d2_heldout100/420"", ""DA_d2_heldout100/449"", ""DA_d2_heldout200b/487"", ""DA_d2_heldout200b/684"", ""DA_d2_heldout200b/715"", ""DA_d2_heldout200b/740"", ""DA_d2_seq100/120"", ""DA_d2_seq100/122"", ""DA_d2_seq100/134"", ""DA_d2_seq100/237""]",1.0
E1,ab02_flat__options_fixed,ab02_flat__options_shuffled_blocks,shuffle_vs_fixed_options__ab02_flat,primary,DA,compatible_partial,100,14,6,6,74,0.2,0.2,0.0,1.0,"[-0.07, 0.07]","[""DA_d2_heldout100/359"", ""DA_d2_heldout200b/487"", ""DA_d2_heldout200b/553"", ""DA_d2_heldout200b/734"", ""DA_d2_heldout200b/738"", ""DA_d2_heldout200b/747""]","[""DA_d2_heldout100/402"", ""DA_d2_heldout200b/574"", ""DA_d2_heldout200b/629"", ""DA_d2_heldout200b/684"", ""DA_d2_heldout200b/698"", ""DA_d2_heldout200b/702""]",1.0
E1,aphhm_hierarchical__options_fixed,aphhm_hierarchical__options_shuffled_blocks,shuffle_vs_fixed_options__aphhm_hierarchical,primary,DA,compatible_partial,100,19,6,12,63,0.25,0.31,0.06,0.237884521484375,"[-0.02, 0.14]","[""DA_d2_heldout100/290"", ""DA_d2_heldout100/306"", ""DA_d2_heldout100/359"", ""DA_d2_heldout100/424"", ""DA_d2_heldout200b/574"", ""DA_d2_heldout200b/642"", ""DA_d2_heldout200b/734"", ""DA_d2_heldout200b/740"", ""DA_d2_seq100/202"", ""DA_d2_seq100/226"", ""DA_d2_seq100/76"", ""DA_d2_seq100/81""]","[""DA_d2_heldout200b/501"", ""DA_d2_heldout200b/629"", ""DA_d2_heldout200b/681"", ""DA_d2_heldout200b/684"", ""DA_d2_heldout200b/698"", ""DA_d2_seq100/228""]",0.9515380859375
E1,ab02_flat__clean_fixed,ab02_flat__options_fixed,options_vs_clean_fixed__ab02_flat,primary,DA,complete_or_compatible_partial,100,55,5,31,9,0.6,0.86,0.26,1.2913485988974571e-05,"[0.15, 0.37]","[""DA_d2_heldout100/352"", ""DA_d2_heldout100/364"", ""DA_d2_heldout100/398"", ""DA_d2_heldout100/402"", ""DA_d2_heldout100/424"", ""DA_d2_heldout100/429"", ""DA_d2_heldout100/449"", ""DA_d2_heldout200b/455"", ""DA_d2_heldout200b/461"", ""DA_d2_heldout200b/487"", ""DA_d2_heldout200b/493"", ""DA_d2_heldout200b/501"", ""DA_d2_heldout200b/540"", ""DA_d2_heldout200b/553"", ""DA_d2_heldout200b/565"", ""DA_d2_heldout200b/604"", ""DA_d2_heldout200b/620"", ""DA_d2_heldout200b/629"", ""DA_d2_heldout200b/681"", ""DA_d2_heldout200b/684"", ""DA_d2_heldout200b/698"", ""DA_d2_heldout200b/743"", ""DA_d2_heldout200b/762"", ""DA_d2_seq100/122"", ""DA_d2_seq100/125"", ""DA_d2_seq100/187"", ""DA_d2_seq100/21"", ""DA_d2_seq100/214"", ""DA_d2_seq100/27"", ""DA_d2_seq100/83"", ""DA_d2_seq100/95""]","[""DA_d2_heldout100/440"", ""DA_d2_heldout200b/555"", ""DA_d2_heldout200b/650"", ""DA_d2_heldout200b/734"", ""DA_d2_heldout200b/747""]",9.0394401922822e-05
E1,aphhm_hierarchical__clean_fixed,aphhm_hierarchical__options_fixed,options_vs_clean_fixed__aphhm_hierarchical,primary,DA,complete_or_compatible_partial,100,55,5,34,6,0.6,0.89,0.29,2.4299079086631536e-06,"[0.18, 0.4]","[""DA_d2_heldout100/261"", ""DA_d2_heldout100/301"", ""DA_d2_heldout100/312"", ""DA_d2_heldout100/352"", ""DA_d2_heldout100/398"", ""DA_d2_heldout100/424"", ""DA_d2_heldout200b/455"", ""DA_d2_heldout200b/461"", ""DA_d2_heldout200b/464"", ""DA_d2_heldout200b/501"", ""DA_d2_heldout200b/540"", ""DA_d2_heldout200b/553"", ""DA_d2_heldout200b/555"", ""DA_d2_heldout200b/586"", ""DA_d2_heldout200b/604"", ""DA_d2_heldout200b/620"", ""DA_d2_heldout200b/629"", ""DA_d2_heldout200b/681"", ""DA_d2_heldout200b/698"", ""DA_d2_heldout200b/734"", ""DA_d2_heldout200b/743"", ""DA_d2_heldout200b/762"", ""DA_d2_seq100/100"", ""DA_d2_seq100/125"", ""DA_d2_seq100/182"", ""DA_d2_seq100/187"", ""DA_d2_seq100/21"", ""DA_d2_seq100/214"", ""DA_d2_seq100/226"", ""DA_d2_seq100/233"", ""DA_d2_seq100/27"", ""DA_d2_seq100/76"", ""DA_d2_seq100/95"", ""DA_d2_seq100/99""]","[""DA_d2_heldout100/368"", ""DA_d2_heldout100/440"", ""DA_d2_heldout200b/584"", ""DA_d2_heldout200b/631"", ""DA_d2_heldout200b/715""]",1.943926326930523e-05
E1,ab02_flat__clean_shuffled_blocks,ab02_flat__options_shuffled_blocks,options_vs_clean_shuffled__ab02_flat,primary,DA,complete_or_compatible_partial,100,53,7,29,11,0.6,0.82,0.22,0.00031255115754902363,"[0.11, 0.33]","[""DA_d2_heldout100/276"", ""DA_d2_heldout100/318"", ""DA_d2_heldout100/364"", ""DA_d2_heldout100/398"", ""DA_d2_heldout100/399"", ""DA_d2_heldout100/424"", ""DA_d2_heldout100/449"", ""DA_d2_heldout200b/461"", ""DA_d2_heldout200b/487"", ""DA_d2_heldout200b/523"", ""DA_d2_heldout200b/540"", ""DA_d2_heldout200b/553"", ""DA_d2_heldout200b/555"", ""DA_d2_heldout200b/620"", ""DA_d2_heldout200b/629"", ""DA_d2_heldout200b/681"", ""DA_d2_heldout200b/684"", ""DA_d2_heldout200b/743"", ""DA_d2_heldout200b/762"", ""DA_d2_seq100/120"", ""DA_d2_seq100/125"", ""DA_d2_seq100/161"", ""DA_d2_seq100/202"", ""DA_d2_seq100/226"", ""DA_d2_seq100/228"", ""DA_d2_seq100/27"", ""DA_d2_seq100/83"", ""DA_d2_seq100/95"", ""DA_d2_seq100/99""]","[""DA_d2_heldout100/352"", ""DA_d2_heldout100/402"", ""DA_d2_heldout100/440"", ""DA_d2_heldout200b/482"", ""DA_d2_heldout200b/584"", ""DA_d2_heldout200b/715"", ""DA_d2_heldout200b/775""]",0.0018753069452941418
E1,aphhm_hierarchical__clean_shuffled_blocks,aphhm_hierarchical__options_shuffled_blocks,options_vs_clean_shuffled__aphhm_hierarchical,primary,DA,complete_or_compatible_partial,100,46,11,32,11,0.57,0.78,0.21,0.001913961001264397,"[0.09, 0.33]","[""DA_d2_heldout100/301"", ""DA_d2_heldout100/312"", ""DA_d2_heldout100/318"", ""DA_d2_heldout100/349"", ""DA_d2_heldout100/398"", ""DA_d2_heldout100/399"", ""DA_d2_heldout100/424"", ""DA_d2_heldout100/429"", ""DA_d2_heldout100/449"", ""DA_d2_heldout200b/461"", ""DA_d2_heldout200b/487"", ""DA_d2_heldout200b/540"", ""DA_d2_heldout200b/553"", ""DA_d2_heldout200b/555"", ""DA_d2_heldout200b/568"", ""DA_d2_heldout200b/620"", ""DA_d2_heldout200b/629"", ""DA_d2_heldout200b/681"", ""DA_d2_heldout200b/740"", ""DA_d2_heldout200b/743"", ""DA_d2_heldout200b/762"", ""DA_d2_seq100/120"", ""DA_d2_seq100/125"", ""DA_d2_seq100/161"", ""DA_d2_seq100/182"", ""DA_d2_seq100/21"", ""DA_d2_seq100/214"", ""DA_d2_seq100/226"", ""DA_d2_seq100/237"", ""DA_d2_seq100/76"", ""DA_d2_seq100/83"", ""DA_d2_seq100/95""]","[""DA_d2_heldout100/375"", ""DA_d2_heldout100/402"", ""DA_d2_heldout100/440"", ""DA_d2_heldout200b/464"", ""DA_d2_heldout200b/523"", ""DA_d2_heldout200b/565"", ""DA_d2_heldout200b/584"", ""DA_d2_heldout200b/738"", ""DA_d2_seq100/219"", ""DA_d2_seq100/228"", ""DA_d2_seq100/233""]",0.009569805006321985
E1,ab02_flat__clean_fixed,ab02_flat__clean_shuffled_blocks,shuffle_vs_fixed_clean__ab02_flat,primary,DA,complete_or_compatible_partial,100,48,12,12,28,0.6,0.6,0.0,1.0,"[-0.1, 0.09]","[""DA_d2_heldout100/352"", ""DA_d2_heldout100/402"", ""DA_d2_heldout100/429"", ""DA_d2_heldout200b/455"", ""DA_d2_heldout200b/482"", ""DA_d2_heldout200b/493"", ""DA_d2_heldout200b/565"", ""DA_d2_heldout200b/584"", ""DA_d2_heldout200b/715"", ""DA_d2_seq100/122"", ""DA_d2_seq100/187"", ""DA_d2_seq100/21""]","[""DA_d2_heldout100/276"", ""DA_d2_heldout100/318"", ""DA_d2_heldout100/399"", ""DA_d2_heldout200b/523"", ""DA_d2_heldout200b/555"", ""DA_d2_seq100/120"", ""DA_d2_seq100/161"", ""DA_d2_seq100/202"", ""DA_d2_seq100/226"", ""DA_d2_seq100/228"", ""DA_d2_seq100/76"", ""DA_d2_seq100/99""]",1.0
E1,aphhm_hierarchical__clean_fixed,aphhm_hierarchical__clean_shuffled_blocks,shuffle_vs_fixed_clean__aphhm_hierarchical,primary,DA,complete_or_compatible_partial,100,48,12,9,31,0.6,0.57,-0.03,0.6636238098144531,"[-0.12, 0.06]","[""DA_d2_heldout100/261"", ""DA_d2_heldout100/402"", ""DA_d2_heldout200b/464"", ""DA_d2_heldout200b/586"", ""DA_d2_heldout200b/734"", ""DA_d2_seq100/100"", ""DA_d2_seq100/187"", ""DA_d2_seq100/233"", ""DA_d2_seq100/99""]","[""DA_d2_heldout100/318"", ""DA_d2_heldout100/399"", ""DA_d2_heldout100/449"", ""DA_d2_heldout200b/487"", ""DA_d2_heldout200b/568"", ""DA_d2_heldout200b/715"", ""DA_d2_heldout200b/740"", ""DA_d2_seq100/120"", ""DA_d2_seq100/122"", ""DA_d2_seq100/161"", ""DA_d2_seq100/237"", ""DA_d2_seq100/83""]",1.0
E1,ab02_flat__options_fixed,ab02_flat__options_shuffled_blocks,shuffle_vs_fixed_options__ab02_flat,primary,DA,complete_or_compatible_partial,100,78,8,4,10,0.86,0.82,-0.04,0.3876953125,"[-0.11, 0.03]","[""DA_d2_heldout200b/555"", ""DA_d2_heldout200b/650"", ""DA_d2_heldout200b/734"", ""DA_d2_heldout200b/747""]","[""DA_d2_heldout100/352"", ""DA_d2_heldout100/402"", ""DA_d2_heldout200b/501"", ""DA_d2_heldout200b/604"", ""DA_d2_heldout200b/698"", ""DA_d2_heldout200b/775"", ""DA_d2_seq100/214"", ""DA_d2_seq100/76""]",1.0
E1,aphhm_hierarchical__options_fixed,aphhm_hierarchical__options_shuffled_blocks,shuffle_vs_fixed_options__aphhm_hierarchical,primary,DA,complete_or_compatible_partial,100,74,15,4,7,0.89,0.78,-0.11,0.0192108154296875,"[-0.19, -0.03]","[""DA_d2_heldout100/349"", ""DA_d2_heldout100/368"", ""DA_d2_heldout100/429"", ""DA_d2_heldout200b/631""]","[""DA_d2_heldout100/352"", ""DA_d2_heldout100/375"", ""DA_d2_heldout200b/455"", ""DA_d2_heldout200b/464"", ""DA_d2_heldout200b/501"", ""DA_d2_heldout200b/523"", ""DA_d2_heldout200b/565"", ""DA_d2_heldout200b/604"", ""DA_d2_heldout200b/698"", ""DA_d2_heldout200b/738"", ""DA_d2_seq100/122"", ""DA_d2_seq100/219"", ""DA_d2_seq100/228"", ""DA_d2_seq100/233"", ""DA_d2_seq100/27""]",0.07684326171875
E1,ab02_flat__clean_fixed,ab02_flat__options_fixed,options_vs_clean_fixed__ab02_flat,primary,DA,legacy_chain,100,13,4,50,33,0.17,0.63,0.46,3.8029690507812575e-11,"[0.35, 0.57]","[""DA_d2_heldout100/262"", ""DA_d2_heldout100/276"", ""DA_d2_heldout100/299"", ""DA_d2_heldout100/308"", ""DA_d2_heldout100/352"", ""DA_d2_heldout100/359"", ""DA_d2_heldout100/364"", ""DA_d2_heldout100/368"", ""DA_d2_heldout100/375"", ""DA_d2_heldout100/398"", ""DA_d2_heldout100/399"", ""DA_d2_heldout100/424"", ""DA_d2_heldout100/429"", ""DA_d2_heldout200b/455"", ""DA_d2_heldout200b/461"", ""DA_d2_heldout200b/487"", ""DA_d2_heldout200b/493"", ""DA_d2_heldout200b/501"", ""DA_d2_heldout200b/506"", ""DA_d2_heldout200b/540"", ""DA_d2_heldout200b/553"", ""DA_d2_heldout200b/565"", ""DA_d2_heldout200b/568"", ""DA_d2_heldout200b/575"", ""DA_d2_heldout200b/600"", ""DA_d2_heldout200b/604"", ""DA_d2_heldout200b/615"", ""DA_d2_heldout200b/620"", ""DA_d2_heldout200b/649"", ""DA_d2_heldout200b/703"", ""DA_d2_heldout200b/738"", ""DA_d2_heldout200b/743"", ""DA_d2_heldout200b/762"", ""DA_d2_heldout200b/775"", ""DA_d2_seq100/100"", ""DA_d2_seq100/120"", ""DA_d2_seq100/122"", ""DA_d2_seq100/134"", ""DA_d2_seq100/187"", ""DA_d2_seq100/202"", ""DA_d2_seq100/214"", ""DA_d2_seq100/219"", ""DA_d2_seq100/226"", ""DA_d2_seq100/27"", ""DA_d2_seq100/3"", ""DA_d2_seq100/81"", ""DA_d2_seq100/83"", ""DA_d2_seq100/89"", ""DA_d2_seq100/95"", ""DA_d2_seq100/99""]","[""DA_d2_heldout100/301"", ""DA_d2_heldout200b/555"", ""DA_d2_heldout200b/631"", ""DA_d2_heldout200b/650""]",3.042375240625006e-10
E1,aphhm_hierarchical__clean_fixed,aphhm_hierarchical__options_fixed,options_vs_clean_fixed__aphhm_hierarchical,primary,DA,legacy_chain,100,17,6,46,31,0.23,0.63,0.4,1.0325821975243343e-08,"[0.28, 0.52]","[""DA_d2_heldout100/261"", ""DA_d2_heldout100/276"", ""DA_d2_heldout100/306"", ""DA_d2_heldout100/308"", ""DA_d2_heldout100/312"", ""DA_d2_heldout100/352"", ""DA_d2_heldout100/359"", ""DA_d2_heldout100/375"", ""DA_d2_heldout100/398"", ""DA_d2_heldout100/399"", ""DA_d2_heldout100/420"", ""DA_d2_heldout100/424"", ""DA_d2_heldout200b/455"", ""DA_d2_heldout200b/461"", ""DA_d2_heldout200b/464"", ""DA_d2_heldout200b/487"", ""DA_d2_heldout200b/540"", ""DA_d2_heldout200b/555"", ""DA_d2_heldout200b/575"", ""DA_d2_heldout200b/604"", ""DA_d2_heldout200b/615"", ""DA_d2_heldout200b/620"", ""DA_d2_heldout200b/642"", ""DA_d2_heldout200b/650"", ""DA_d2_heldout200b/703"", ""DA_d2_heldout200b/734"", ""DA_d2_heldout200b/743"", ""DA_d2_heldout200b/762"", ""DA_d2_seq100/100"", ""DA_d2_seq100/120"", ""DA_d2_seq100/122"", ""DA_d2_seq100/125"", ""DA_d2_seq100/134"", ""DA_d2_seq100/182"", ""DA_d2_seq100/187"", ""DA_d2_seq100/214"", ""DA_d2_seq100/219"", ""DA_d2_seq100/228"", ""DA_d2_seq100/233"", ""DA_d2_seq100/27"", ""DA_d2_seq100/3"", ""DA_d2_seq100/76"", ""DA_d2_seq100/81"", ""DA_d2_seq100/89"", ""DA_d2_seq100/95"", ""DA_d2_seq100/99""]","[""DA_d2_heldout100/290"", ""DA_d2_heldout200b/579"", ""DA_d2_heldout200b/584"", ""DA_d2_heldout200b/631"", ""DA_d2_heldout200b/645"", ""DA_d2_heldout200b/649""]",7.22807538267034e-08
E1,ab02_flat__clean_shuffled_blocks,ab02_flat__options_shuffled_blocks,options_vs_clean_shuffled__ab02_flat,primary,DA,legacy_chain,100,10,5,42,43,0.15,0.52,0.37,2.4579776436439715e-08,"[0.26, 0.48]","[""DA_d2_heldout100/261"", ""DA_d2_heldout100/262"", ""DA_d2_heldout100/299"", ""DA_d2_heldout100/364"", ""DA_d2_heldout100/368"", ""DA_d2_heldout100/398"", ""DA_d2_heldout100/399"", ""DA_d2_heldout100/420"", ""DA_d2_heldout100/424"", ""DA_d2_heldout100/429"", ""DA_d2_heldout200b/455"", ""DA_d2_heldout200b/461"", ""DA_d2_heldout200b/493"", ""DA_d2_heldout200b/506"", ""DA_d2_heldout200b/523"", ""DA_d2_heldout200b/540"", ""DA_d2_heldout200b/555"", ""DA_d2_heldout200b/565"", ""DA_d2_heldout200b/575"", ""DA_d2_heldout200b/620"", ""DA_d2_heldout200b/629"", ""DA_d2_heldout200b/642"", ""DA_d2_heldout200b/650"", ""DA_d2_heldout200b/684"", ""DA_d2_heldout200b/702"", ""DA_d2_heldout200b/703"", ""DA_d2_heldout200b/734"", ""DA_d2_heldout200b/738"", ""DA_d2_heldout200b/743"", ""DA_d2_heldout200b/762"", ""DA_d2_seq100/100"", ""DA_d2_seq100/120"", ""DA_d2_seq100/122"", ""DA_d2_seq100/134"", ""DA_d2_seq100/161"", ""DA_d2_seq100/219"", ""DA_d2_seq100/27"", ""DA_d2_seq100/81"", ""DA_d2_seq100/83"", ""DA_d2_seq100/89"", ""DA_d2_seq100/95"", ""DA_d2_seq100/99""]","[""DA_d2_heldout100/290"", ""DA_d2_heldout100/301"", ""DA_d2_heldout100/352"", ""DA_d2_heldout200b/584"", ""DA_d2_heldout200b/649""]",1.474786586186383e-07
E1,aphhm_hierarchical__clean_shuffled_blocks,aphhm_hierarchical__options_shuffled_blocks,options_vs_clean_shuffled__aphhm_hierarchical,primary,DA,legacy_chain,100,14,9,32,45,0.23,0.46,0.23,0.000430857042374555,"[0.11, 0.35]","[""DA_d2_heldout100/276"", ""DA_d2_heldout100/290"", ""DA_d2_heldout100/299"", ""DA_d2_heldout100/308"", ""DA_d2_heldout100/312"", ""DA_d2_heldout100/318"", ""DA_d2_heldout100/349"", ""DA_d2_heldout100/398"", ""DA_d2_heldout100/424"", ""DA_d2_heldout200b/461"", ""DA_d2_heldout200b/493"", ""DA_d2_heldout200b/540"", ""DA_d2_heldout200b/555"", ""DA_d2_heldout200b/568"", ""DA_d2_heldout200b/575"", ""DA_d2_heldout200b/615"", ""DA_d2_heldout200b/620"", ""DA_d2_heldout200b/642"", ""DA_d2_heldout200b/702"", ""DA_d2_heldout200b/703"", ""DA_d2_heldout200b/734"", ""DA_d2_heldout200b/762"", ""DA_d2_seq100/100"", ""DA_d2_seq100/120"", ""DA_d2_seq100/125"", ""DA_d2_seq100/161"", ""DA_d2_seq100/182"", ""DA_d2_seq100/214"", ""DA_d2_seq100/226"", ""DA_d2_seq100/3"", ""DA_d2_seq100/83"", ""DA_d2_seq100/95""]","[""DA_d2_heldout200b/506"", ""DA_d2_heldout200b/523"", ""DA_d2_heldout200b/579"", ""DA_d2_heldout200b/600"", ""DA_d2_heldout200b/649"", ""DA_d2_heldout200b/684"", ""DA_d2_seq100/173"", ""DA_d2_seq100/228"", ""DA_d2_seq100/233""]",0.002154285211872775
E1,ab02_flat__clean_fixed,ab02_flat__clean_shuffled_blocks,shuffle_vs_fixed_clean__ab02_flat,primary,DA,legacy_chain,100,9,8,6,77,0.17,0.15,-0.02,0.79052734375,"[-0.09, 0.05]","[""DA_d2_heldout100/308"", ""DA_d2_heldout100/352"", ""DA_d2_heldout200b/568"", ""DA_d2_heldout200b/584"", ""DA_d2_heldout200b/649"", ""DA_d2_seq100/187""]","[""DA_d2_heldout100/261"", ""DA_d2_heldout100/420"", ""DA_d2_heldout200b/523"", ""DA_d2_heldout200b/555"", ""DA_d2_heldout200b/631"", ""DA_d2_heldout200b/650"", ""DA_d2_seq100/161"", ""DA_d2_seq100/228""]",1.0
E1,aphhm_hierarchical__clean_fixed,aphhm_hierarchical__clean_shuffled_blocks,shuffle_vs_fixed_clean__aphhm_hierarchical,primary,DA,legacy_chain,100,12,11,11,66,0.23,0.23,0.0,1.0,"[-0.09, 0.09]","[""DA_d2_heldout100/261"", ""DA_d2_heldout100/420"", ""DA_d2_heldout200b/600"", ""DA_d2_heldout200b/650"", ""DA_d2_heldout200b/684"", ""DA_d2_seq100/134"", ""DA_d2_seq100/187"", ""DA_d2_seq100/228"", ""DA_d2_seq100/233"", ""DA_d2_seq100/89"", ""DA_d2_seq100/99""]","[""DA_d2_heldout100/290"", ""DA_d2_heldout200b/493"", ""DA_d2_heldout200b/565"", ""DA_d2_heldout200b/568"", ""DA_d2_heldout200b/584"", ""DA_d2_heldout200b/645"", ""DA_d2_heldout200b/702"", ""DA_d2_heldout200b/738"", ""DA_d2_seq100/161"", ""DA_d2_seq100/202"", ""DA_d2_seq100/83""]",1.0
E1,ab02_flat__options_fixed,ab02_flat__options_shuffled_blocks,shuffle_vs_fixed_options__ab02_flat,primary,DA,legacy_chain,100,45,18,7,30,0.63,0.52,-0.11,0.043285250663757324,"[-0.21, -0.01]","[""DA_d2_heldout200b/555"", ""DA_d2_heldout200b/629"", ""DA_d2_heldout200b/642"", ""DA_d2_heldout200b/650"", ""DA_d2_heldout200b/684"", ""DA_d2_heldout200b/702"", ""DA_d2_heldout200b/734""]","[""DA_d2_heldout100/276"", ""DA_d2_heldout100/290"", ""DA_d2_heldout100/352"", ""DA_d2_heldout100/359"", ""DA_d2_heldout100/375"", ""DA_d2_heldout200b/487"", ""DA_d2_heldout200b/501"", ""DA_d2_heldout200b/553"", ""DA_d2_heldout200b/600"", ""DA_d2_heldout200b/604"", ""DA_d2_heldout200b/615"", ""DA_d2_heldout200b/649"", ""DA_d2_heldout200b/775"", ""DA_d2_seq100/202"", ""DA_d2_seq100/214"", ""DA_d2_seq100/226"", ""DA_d2_seq100/228"", ""DA_d2_seq100/3""]",0.12985575199127197
E1,aphhm_hierarchical__options_fixed,aphhm_hierarchical__options_shuffled_blocks,shuffle_vs_fixed_options__aphhm_hierarchical,primary,DA,legacy_chain,100,40,23,6,31,0.63,0.46,-0.17,0.002315700054168701,"[-0.27, -0.07]","[""DA_d2_heldout100/290"", ""DA_d2_heldout100/299"", ""DA_d2_heldout100/318"", ""DA_d2_heldout100/349"", ""DA_d2_heldout200b/631"", ""DA_d2_seq100/226""]","[""DA_d2_heldout100/306"", ""DA_d2_heldout100/352"", ""DA_d2_heldout100/359"", ""DA_d2_heldout100/375"", ""DA_d2_heldout100/399"", ""DA_d2_heldout200b/455"", ""DA_d2_heldout200b/464"", ""DA_d2_heldout200b/487"", ""DA_d2_heldout200b/506"", ""DA_d2_heldout200b/523"", ""DA_d2_heldout200b/565"", ""DA_d2_heldout200b/604"", ""DA_d2_heldout200b/738"", ""DA_d2_heldout200b/743"", ""DA_d2_seq100/122"", ""DA_d2_seq100/173"", ""DA_d2_seq100/202"", ""DA_d2_seq100/219"", ""DA_d2_seq100/228"", ""DA_d2_seq100/233"", ""DA_d2_seq100/27"", ""DA_d2_seq100/76"", ""DA_d2_seq100/81""]",0.009262800216674805
E1,ab02_flat__clean_fixed,ab02_flat__options_fixed,options_vs_clean_fixed__ab02_flat,primary,DA,safe_exact,100,2,1,52,45,0.03,0.54,0.51,1.199040866595169e-14,"[0.41, 0.61]","[""DA_d2_heldout100/261"", ""DA_d2_heldout100/262"", ""DA_d2_heldout100/276"", ""DA_d2_heldout100/290"", ""DA_d2_heldout100/299"", ""DA_d2_heldout100/308"", ""DA_d2_heldout100/352"", ""DA_d2_heldout100/364"", ""DA_d2_heldout100/368"", ""DA_d2_heldout100/375"", ""DA_d2_heldout100/399"", ""DA_d2_heldout100/420"", ""DA_d2_heldout100/424"", ""DA_d2_heldout100/429"", ""DA_d2_heldout200b/455"", ""DA_d2_heldout200b/461"", ""DA_d2_heldout200b/487"", ""DA_d2_heldout200b/493"", ""DA_d2_heldout200b/501"", ""DA_d2_heldout200b/506"", ""DA_d2_heldout200b/523"", ""DA_d2_heldout200b/540"", ""DA_d2_heldout200b/553"", ""DA_d2_heldout200b/575"", ""DA_d2_heldout200b/604"", ""DA_d2_heldout200b/608"", ""DA_d2_heldout200b/615"", ""DA_d2_heldout200b/620"", ""DA_d2_heldout200b/649"", ""DA_d2_heldout200b/703"", ""DA_d2_heldout200b/738"", ""DA_d2_heldout200b/743"", ""DA_d2_heldout200b/775"", ""DA_d2_seq100/100"", ""DA_d2_seq100/120"", ""DA_d2_seq100/122"", ""DA_d2_seq100/134"", ""DA_d2_seq100/158"", ""DA_d2_seq100/161"", ""DA_d2_seq100/187"", ""DA_d2_seq100/202"", ""DA_d2_seq100/214"", ""DA_d2_seq100/219"", ""DA_d2_seq100/226"", ""DA_d2_seq100/228"", ""DA_d2_seq100/233"", ""DA_d2_seq100/27"", ""DA_d2_seq100/81"", ""DA_d2_seq100/83"", ""DA_d2_seq100/89"", ""DA_d2_seq100/95"", ""DA_d2_seq100/99""]","[""DA_d2_heldout200b/555""]",8.393286066166183e-14
E1,aphhm_hierarchical__clean_fixed,aphhm_hierarchical__options_fixed,options_vs_clean_fixed__aphhm_hierarchical,primary,DA,safe_exact,100,5,0,49,46,0.05,0.54,0.49,3.552713678800501e-15,"[0.39, 0.59]","[""DA_d2_heldout100/261"", ""DA_d2_heldout100/306"", ""DA_d2_heldout100/308"", ""DA_d2_heldout100/352"", ""DA_d2_heldout100/375"", ""DA_d2_heldout100/398"", ""DA_d2_heldout100/399"", ""DA_d2_heldout100/420"", ""DA_d2_heldout100/424"", ""DA_d2_heldout200b/455"", ""DA_d2_heldout200b/461"", ""DA_d2_heldout200b/464"", ""DA_d2_heldout200b/487"", ""DA_d2_heldout200b/523"", ""DA_d2_heldout200b/540"", ""DA_d2_heldout200b/555"", ""DA_d2_heldout200b/568"", ""DA_d2_heldout200b/574"", ""DA_d2_heldout200b/575"", ""DA_d2_heldout200b/604"", ""DA_d2_heldout200b/608"", ""DA_d2_heldout200b/620"", ""DA_d2_heldout200b/642"", ""DA_d2_heldout200b/650"", ""DA_d2_heldout200b/702"", ""DA_d2_heldout200b/703"", ""DA_d2_heldout200b/734"", ""DA_d2_heldout200b/738"", ""DA_d2_heldout200b/743"", ""DA_d2_seq100/100"", ""DA_d2_seq100/120"", ""DA_d2_seq100/122"", ""DA_d2_seq100/125"", ""DA_d2_seq100/134"", ""DA_d2_seq100/158"", ""DA_d2_seq100/161"", ""DA_d2_seq100/182"", ""DA_d2_seq100/187"", ""DA_d2_seq100/202"", ""DA_d2_seq100/214"", ""DA_d2_seq100/219"", ""DA_d2_seq100/233"", ""DA_d2_seq100/27"", ""DA_d2_seq100/3"", ""DA_d2_seq100/76"", ""DA_d2_seq100/81"", ""DA_d2_seq100/89"", ""DA_d2_seq100/95"", ""DA_d2_seq100/99""]",[],2.842170943040401e-14
E1,ab02_flat__clean_shuffled_blocks,ab02_flat__options_shuffled_blocks,options_vs_clean_shuffled__ab02_flat,primary,DA,safe_exact,100,3,1,43,53,0.04,0.46,0.42,5.115907697472721e-12,"[0.32, 0.52]","[""DA_d2_heldout100/261"", ""DA_d2_heldout100/262"", ""DA_d2_heldout100/299"", ""DA_d2_heldout100/364"", ""DA_d2_heldout100/368"", ""DA_d2_heldout100/398"", ""DA_d2_heldout100/399"", ""DA_d2_heldout100/420"", ""DA_d2_heldout100/424"", ""DA_d2_heldout100/429"", ""DA_d2_heldout200b/455"", ""DA_d2_heldout200b/493"", ""DA_d2_heldout200b/506"", ""DA_d2_heldout200b/523"", ""DA_d2_heldout200b/540"", ""DA_d2_heldout200b/555"", ""DA_d2_heldout200b/565"", ""DA_d2_heldout200b/568"", ""DA_d2_heldout200b/574"", ""DA_d2_heldout200b/575"", ""DA_d2_heldout200b/608"", ""DA_d2_heldout200b/620"", ""DA_d2_heldout200b/629"", ""DA_d2_heldout200b/642"", ""DA_d2_heldout200b/650"", ""DA_d2_heldout200b/684"", ""DA_d2_heldout200b/702"", ""DA_d2_heldout200b/703"", ""DA_d2_heldout200b/743"", ""DA_d2_seq100/100"", ""DA_d2_seq100/120"", ""DA_d2_seq100/122"", ""DA_d2_seq100/134"", ""DA_d2_seq100/158"", ""DA_d2_seq100/161"", ""DA_d2_seq100/219"", ""DA_d2_seq100/233"", ""DA_d2_seq100/27"", ""DA_d2_seq100/81"", ""DA_d2_seq100/83"", ""DA_d2_seq100/89"", ""DA_d2_seq100/95"", ""DA_d2_seq100/99""]","[""DA_d2_heldout100/352""]",3.069544618483633e-11
E1,aphhm_hierarchical__clean_shuffled_blocks,aphhm_hierarchical__options_shuffled_blocks,options_vs_clean_shuffled__aphhm_hierarchical,primary,DA,safe_exact,100,2,3,28,67,0.05,0.3,0.25,4.649162292480469e-06,"[0.15, 0.35]","[""DA_d2_heldout100/261"", ""DA_d2_heldout100/299"", ""DA_d2_heldout100/308"", ""DA_d2_heldout100/349"", ""DA_d2_heldout100/364"", ""DA_d2_heldout100/368"", ""DA_d2_heldout100/398"", ""DA_d2_heldout200b/493"", ""DA_d2_heldout200b/540"", ""DA_d2_heldout200b/555"", ""DA_d2_heldout200b/568"", ""DA_d2_heldout200b/575"", ""DA_d2_heldout200b/620"", ""DA_d2_heldout200b/631"", ""DA_d2_heldout200b/650"", ""DA_d2_heldout200b/702"", ""DA_d2_heldout200b/703"", ""DA_d2_seq100/100"", ""DA_d2_seq100/120"", ""DA_d2_seq100/125"", ""DA_d2_seq100/134"", ""DA_d2_seq100/158"", ""DA_d2_seq100/161"", ""DA_d2_seq100/182"", ""DA_d2_seq100/214"", ""DA_d2_seq100/83"", ""DA_d2_seq100/89"", ""DA_d2_seq100/95""]","[""DA_d2_heldout200b/506"", ""DA_d2_seq100/173"", ""DA_d2_seq100/99""]",2.3245811462402344e-05
E1,ab02_flat__clean_fixed,ab02_flat__clean_shuffled_blocks,shuffle_vs_fixed_clean__ab02_flat,primary,DA,safe_exact,100,2,1,2,95,0.03,0.04,0.01,1.0,"[-0.02, 0.05]","[""DA_d2_heldout100/352"", ""DA_d2_seq100/187""]","[""DA_d2_heldout200b/555""]",1.0
E1,aphhm_hierarchical__clean_fixed,aphhm_hierarchical__clean_shuffled_blocks,shuffle_vs_fixed_clean__aphhm_hierarchical,primary,DA,safe_exact,100,2,3,3,92,0.05,0.05,0.0,1.0,"[-0.05, 0.05]","[""DA_d2_heldout100/420"", ""DA_d2_seq100/187"", ""DA_d2_seq100/99""]","[""DA_d2_heldout100/364"", ""DA_d2_heldout200b/493"", ""DA_d2_seq100/83""]",1.0
E1,ab02_flat__options_fixed,ab02_flat__options_shuffled_blocks,shuffle_vs_fixed_options__ab02_flat,primary,DA,safe_exact,100,36,18,10,36,0.54,0.46,-0.08,0.1849333420395851,"[-0.18, 0.02]","[""DA_d2_heldout100/398"", ""DA_d2_heldout200b/555"", ""DA_d2_heldout200b/565"", ""DA_d2_heldout200b/568"", ""DA_d2_heldout200b/574"", ""DA_d2_heldout200b/629"", ""DA_d2_heldout200b/642"", ""DA_d2_heldout200b/650"", ""DA_d2_heldout200b/684"", ""DA_d2_heldout200b/702""]","[""DA_d2_heldout100/276"", ""DA_d2_heldout100/290"", ""DA_d2_heldout100/308"", ""DA_d2_heldout100/352"", ""DA_d2_heldout100/375"", ""DA_d2_heldout200b/461"", ""DA_d2_heldout200b/487"", ""DA_d2_heldout200b/501"", ""DA_d2_heldout200b/553"", ""DA_d2_heldout200b/604"", ""DA_d2_heldout200b/615"", ""DA_d2_heldout200b/649"", ""DA_d2_heldout200b/738"", ""DA_d2_heldout200b/775"", ""DA_d2_seq100/202"", ""DA_d2_seq100/214"", ""DA_d2_seq100/226"", ""DA_d2_seq100/228""]",0.5548000261187553
E1,aphhm_hierarchical__options_fixed,aphhm_hierarchical__options_shuffled_blocks,shuffle_vs_fixed_options__aphhm_hierarchical,primary,DA,safe_exact,100,26,28,4,42,0.54,0.3,-0.24,1.9301194697618484e-05,"[-0.34, -0.14]","[""DA_d2_heldout100/299"", ""DA_d2_heldout100/349"", ""DA_d2_heldout100/368"", ""DA_d2_heldout200b/631""]","[""DA_d2_heldout100/306"", ""DA_d2_heldout100/352"", ""DA_d2_heldout100/375"", ""DA_d2_heldout100/399"", ""DA_d2_heldout100/424"", ""DA_d2_heldout200b/455"", ""DA_d2_heldout200b/461"", ""DA_d2_heldout200b/464"", ""DA_d2_heldout200b/487"", ""DA_d2_heldout200b/506"", ""DA_d2_heldout200b/523"", ""DA_d2_heldout200b/574"", ""DA_d2_heldout200b/604"", ""DA_d2_heldout200b/608"", ""DA_d2_heldout200b/642"", ""DA_d2_heldout200b/734"", ""DA_d2_heldout200b/738"", ""DA_d2_heldout200b/743"", ""DA_d2_seq100/122"", ""DA_d2_seq100/173"", ""DA_d2_seq100/202"", ""DA_d2_seq100/219"", ""DA_d2_seq100/233"", ""DA_d2_seq100/27"", ""DA_d2_seq100/3"", ""DA_d2_seq100/76"", ""DA_d2_seq100/81"", ""DA_d2_seq100/99""]",7.720477879047394e-05
E1,ab02_flat__clean_fixed,ab02_flat__options_fixed,options_vs_clean_fixed__ab02_flat,primary,MCR,clinical_complete,100,26,2,36,36,0.28,0.62,0.34,5.398760549724102e-09,"[0.24, 0.44]","[""MCR_seq200b/249"", ""MCR_seq200b/272"", ""MCR_seq200b/274"", ""MCR_seq200b/294"", ""MCR_seq200b/302"", ""MCR_seq200b/306"", ""MCR_seq200b/307"", ""MCR_seq200b/316"", ""MCR_seq200b/324"", ""MCR_seq200b/346"", ""MCR_seq200b/355"", ""MCR_seq200b/394"", ""MCR_seq200b/408"", ""MCR_seq200b/416"", ""MCR_v1_seq100/100"", ""MCR_v1_seq100/109"", ""MCR_v1_seq100/111"", ""MCR_v1_seq100/114"", ""MCR_v1_seq100/126"", ""MCR_v1_seq100/27"", ""MCR_v1_seq100/47"", ""MCR_v1_seq100/6"", ""MCR_v1_seq100/60"", ""MCR_v1_seq100/87"", ""MCR_v2_seq100/138"", ""MCR_v2_seq100/168"", ""MCR_v2_seq100/170"", ""MCR_v2_seq100/183"", ""MCR_v2_seq100/188"", ""MCR_v2_seq100/196"", ""MCR_v2_seq100/197"", ""MCR_v2_seq100/206"", ""MCR_v2_seq100/230"", ""MCR_v2_seq100/231"", ""MCR_v2_seq100/232"", ""MCR_v2_seq100/244""]","[""MCR_v1_seq100/90"", ""MCR_v1_seq100/95""]",4.3190084397792816e-08
E1,aphhm_hierarchical__clean_fixed,aphhm_hierarchical__options_fixed,options_vs_clean_fixed__aphhm_hierarchical,primary,MCR,clinical_complete,100,20,4,38,38,0.24,0.58,0.34,5.65314621780999e-08,"[0.23, 0.45]","[""MCR_seq200b/249"", ""MCR_seq200b/272"", ""MCR_seq200b/274"", ""MCR_seq200b/275"", ""MCR_seq200b/291"", ""MCR_seq200b/294"", ""MCR_seq200b/306"", ""MCR_seq200b/307"", ""MCR_seq200b/316"", ""MCR_seq200b/321"", ""MCR_seq200b/352"", ""MCR_seq200b/355"", ""MCR_seq200b/371"", ""MCR_seq200b/386"", ""MCR_seq200b/394"", ""MCR_seq200b/401"", ""MCR_seq200b/408"", ""MCR_seq200b/413"", ""MCR_seq200b/416"", ""MCR_v1_seq100/100"", ""MCR_v1_seq100/109"", ""MCR_v1_seq100/111"", ""MCR_v1_seq100/114"", ""MCR_v1_seq100/27"", ""MCR_v1_seq100/30"", ""MCR_v1_seq100/47"", ""MCR_v1_seq100/6"", ""MCR_v1_seq100/60"", ""MCR_v1_seq100/76"", ""MCR_v1_seq100/95"", ""MCR_v2_seq100/138"", ""MCR_v2_seq100/168"", ""MCR_v2_seq100/170"", ""MCR_v2_seq100/188"", ""MCR_v2_seq100/230"", ""MCR_v2_seq100/231"", ""MCR_v2_seq100/232"", ""MCR_v2_seq100/244""]","[""MCR_seq200b/295"", ""MCR_seq200b/320"", ""MCR_v2_seq100/220"", ""MCR_v2_seq100/236""]",3.957202352466993e-07
E1,ab02_flat__clean_shuffled_blocks,ab02_flat__options_shuffled_blocks,options_vs_clean_shuffled__ab02_flat,primary,MCR,clinical_complete,100,28,4,30,38,0.32,0.58,0.26,6.16488978266716e-06,"[0.16, 0.36]","[""MCR_seq200b/249"", ""MCR_seq200b/272"", ""MCR_seq200b/274"", ""MCR_seq200b/275"", ""MCR_seq200b/277"", ""MCR_seq200b/291"", ""MCR_seq200b/293"", ""MCR_seq200b/306"", ""MCR_seq200b/307"", ""MCR_seq200b/316"", ""MCR_seq200b/324"", ""MCR_seq200b/346"", ""MCR_seq200b/355"", ""MCR_seq200b/394"", ""MCR_seq200b/408"", ""MCR_v1_seq100/100"", ""MCR_v1_seq100/109"", ""MCR_v1_seq100/114"", ""MCR_v1_seq100/27"", ""MCR_v1_seq100/6"", ""MCR_v1_seq100/87"", ""MCR_v1_seq100/95"", ""MCR_v2_seq100/138"", ""MCR_v2_seq100/152"", ""MCR_v2_seq100/170"", ""MCR_v2_seq100/175"", ""MCR_v2_seq100/196"", ""MCR_v2_seq100/197"", ""MCR_v2_seq100/230"", ""MCR_v2_seq100/231""]","[""MCR_seq200b/344"", ""MCR_seq200b/416"", ""MCR_v2_seq100/183"", ""MCR_v2_seq100/220""]",3.698933869600296e-05
E1,aphhm_hierarchical__clean_shuffled_blocks,aphhm_hierarchical__options_shuffled_blocks,options_vs_clean_shuffled__aphhm_hierarchical,primary,MCR,clinical_complete,100,21,7,32,40,0.28,0.53,0.25,7.025478407740593e-05,"[0.14, 0.36]","[""MCR_seq200b/272"", ""MCR_seq200b/278"", ""MCR_seq200b/291"", ""MCR_seq200b/294"", ""MCR_seq200b/302"", ""MCR_seq200b/306"", ""MCR_seq200b/307"", ""MCR_seq200b/316"", ""MCR_seq200b/324"", ""MCR_seq200b/330"", ""MCR_seq200b/346"", ""MCR_seq200b/355"", ""MCR_seq200b/386"", ""MCR_seq200b/394"", ""MCR_seq200b/416"", ""MCR_v1_seq100/100"", ""MCR_v1_seq100/109"", ""MCR_v1_seq100/111"", ""MCR_v1_seq100/114"", ""MCR_v1_seq100/27"", ""MCR_v1_seq100/28"", ""MCR_v1_seq100/6"", ""MCR_v2_seq100/138"", ""MCR_v2_seq100/152"", ""MCR_v2_seq100/170"", ""MCR_v2_seq100/183"", ""MCR_v2_seq100/196"", ""MCR_v2_seq100/222"", ""MCR_v2_seq100/230"", ""MCR_v2_seq100/231"", ""MCR_v2_seq100/232"", ""MCR_v2_seq100/244""]","[""MCR_seq200b/275"", ""MCR_seq200b/332"", ""MCR_seq200b/413"", ""MCR_seq200b/436"", ""MCR_v1_seq100/21"", ""MCR_v1_seq100/47"", ""MCR_v1_seq100/52""]",0.00035127392038702965
E1,ab02_flat__clean_fixed,ab02_flat__clean_shuffled_blocks,shuffle_vs_fixed_clean__ab02_flat,primary,MCR,clinical_complete,100,24,4,8,64,0.28,0.32,0.04,0.3876953125,"[-0.02, 0.11]","[""MCR_seq200b/294"", ""MCR_seq200b/416"", ""MCR_seq200b/436"", ""MCR_v1_seq100/111"", ""MCR_v1_seq100/47"", ""MCR_v2_seq100/183"", ""MCR_v2_seq100/206"", ""MCR_v2_seq100/220""]","[""MCR_seq200b/291"", ""MCR_seq200b/293"", ""MCR_v1_seq100/21"", ""MCR_v1_seq100/95""]",1.0
E1,aphhm_hierarchical__clean_fixed,aphhm_hierarchical__clean_shuffled_blocks,shuffle_vs_fixed_clean__aphhm_hierarchical,primary,MCR,clinical_complete,100,19,5,9,67,0.24,0.28,0.04,0.4239501953125,"[-0.03, 0.11]","[""MCR_seq200b/275"", ""MCR_seq200b/321"", ""MCR_seq200b/408"", ""MCR_seq200b/413"", ""MCR_seq200b/436"", ""MCR_v1_seq100/21"", ""MCR_v1_seq100/30"", ""MCR_v1_seq100/47"", ""MCR_v1_seq100/95""]","[""MCR_seq200b/278"", ""MCR_seq200b/293"", ""MCR_v2_seq100/152"", ""MCR_v2_seq100/220"", ""MCR_v2_seq100/236""]",1.0
E1,ab02_flat__options_fixed,ab02_flat__options_shuffled_blocks,shuffle_vs_fixed_options__ab02_flat,primary,MCR,clinical_complete,100,51,11,7,31,0.62,0.58,-0.04,0.480682373046875,"[-0.12, 0.04]","[""MCR_seq200b/275"", ""MCR_seq200b/277"", ""MCR_seq200b/436"", ""MCR_v1_seq100/90"", ""MCR_v1_seq100/95"", ""MCR_v2_seq100/152"", ""MCR_v2_seq100/175""]","[""MCR_seq200b/302"", ""MCR_seq200b/344"", ""MCR_seq200b/416"", ""MCR_v1_seq100/126"", ""MCR_v1_seq100/21"", ""MCR_v1_seq100/60"", ""MCR_v2_seq100/168"", ""MCR_v2_seq100/183"", ""MCR_v2_seq100/188"", ""MCR_v2_seq100/232"", ""MCR_v2_seq100/244""]",1.0
E1,aphhm_hierarchical__options_fixed,aphhm_hierarchical__options_shuffled_blocks,shuffle_vs_fixed_options__aphhm_hierarchical,primary,MCR,clinical_complete,100,43,15,10,32,0.58,0.53,-0.05,0.42435622215270996,"[-0.15, 0.05]","[""MCR_seq200b/295"", ""MCR_seq200b/302"", ""MCR_seq200b/320"", ""MCR_seq200b/324"", ""MCR_seq200b/330"", ""MCR_seq200b/346"", ""MCR_v1_seq100/28"", ""MCR_v2_seq100/183"", ""MCR_v2_seq100/196"", ""MCR_v2_seq100/222""]","[""MCR_seq200b/249"", ""MCR_seq200b/274"", ""MCR_seq200b/275"", ""MCR_seq200b/293"", ""MCR_seq200b/332"", ""MCR_seq200b/352"", ""MCR_seq200b/371"", ""MCR_seq200b/401"", ""MCR_seq200b/413"", ""MCR_v1_seq100/47"", ""MCR_v1_seq100/52"", ""MCR_v1_seq100/60"", ""MCR_v1_seq100/76"", ""MCR_v2_seq100/168"", ""MCR_v2_seq100/188""]",1.0
E1,ab02_flat__clean_fixed,ab02_flat__options_fixed,options_vs_clean_fixed__ab02_flat,primary,MCR,compatible_partial,100,8,10,4,78,0.18,0.12,-0.06,0.1795654296875,"[-0.13, 0.01]","[""MCR_seq200b/371"", ""MCR_v1_seq100/124"", ""MCR_v1_seq100/90"", ""MCR_v1_seq100/95""]","[""MCR_seq200b/272"", ""MCR_seq200b/324"", ""MCR_seq200b/330"", ""MCR_seq200b/355"", ""MCR_seq200b/430"", ""MCR_v1_seq100/28"", ""MCR_v1_seq100/47"", ""MCR_v2_seq100/170"", ""MCR_v2_seq100/183"", ""MCR_v2_seq100/244""]",1.0
E1,aphhm_hierarchical__clean_fixed,aphhm_hierarchical__options_fixed,options_vs_clean_fixed__aphhm_hierarchical,primary,MCR,compatible_partial,100,6,13,4,77,0.19,0.1,-0.09,0.049041748046875,"[-0.17, -0.01]","[""MCR_seq200b/337"", ""MCR_seq200b/384"", ""MCR_seq200b/436"", ""MCR_v1_seq100/124""]","[""MCR_seq200b/272"", ""MCR_seq200b/316"", ""MCR_seq200b/319"", ""MCR_seq200b/330"", ""MCR_seq200b/355"", ""MCR_seq200b/371"", ""MCR_seq200b/386"", ""MCR_seq200b/394"", ""MCR_seq200b/401"", ""MCR_v1_seq100/6"", ""MCR_v2_seq100/138"", ""MCR_v2_seq100/183"", ""MCR_v2_seq100/240""]",0.392333984375
E1,ab02_flat__clean_shuffled_blocks,ab02_flat__options_shuffled_blocks,options_vs_clean_shuffled__ab02_flat,primary,MCR,compatible_partial,100,7,7,4,82,0.14,0.11,-0.03,0.548828125,"[-0.1, 0.03]","[""MCR_seq200b/344"", ""MCR_seq200b/384"", ""MCR_v1_seq100/124"", ""MCR_v1_seq100/28""]","[""MCR_seq200b/316"", ""MCR_seq200b/324"", ""MCR_seq200b/355"", ""MCR_seq200b/394"", ""MCR_seq200b/466"", ""MCR_v2_seq100/152"", ""MCR_v2_seq100/188""]",1.0
E1,aphhm_hierarchical__clean_shuffled_blocks,aphhm_hierarchical__options_shuffled_blocks,options_vs_clean_shuffled__aphhm_hierarchical,primary,MCR,compatible_partial,100,4,12,7,77,0.16,0.11,-0.05,0.359283447265625,"[-0.13, 0.03]","[""MCR_seq200b/337"", ""MCR_seq200b/371"", ""MCR_seq200b/384"", ""MCR_seq200b/401"", ""MCR_seq200b/436"", ""MCR_v1_seq100/124"", ""MCR_v1_seq100/126""]","[""MCR_seq200b/278"", ""MCR_seq200b/316"", ""MCR_seq200b/324"", ""MCR_seq200b/330"", ""MCR_seq200b/386"", ""MCR_seq200b/394"", ""MCR_seq200b/416"", ""MCR_seq200b/430"", ""MCR_v1_seq100/76"", ""MCR_v2_seq100/152"", ""MCR_v2_seq100/170"", ""MCR_v2_seq100/183""]",1.0
E1,ab02_flat__clean_fixed,ab02_flat__clean_shuffled_blocks,shuffle_vs_fixed_clean__ab02_flat,primary,MCR,compatible_partial,100,10,8,4,78,0.18,0.14,-0.04,0.3876953125,"[-0.11, 0.03]","[""MCR_seq200b/316"", ""MCR_seq200b/371"", ""MCR_seq200b/394"", ""MCR_v2_seq100/188""]","[""MCR_seq200b/272"", ""MCR_seq200b/330"", ""MCR_seq200b/384"", ""MCR_v1_seq100/28"", ""MCR_v1_seq100/47"", ""MCR_v2_seq100/170"", ""MCR_v2_seq100/183"", ""MCR_v2_seq100/244""]",1.0
E1,aphhm_hierarchical__clean_fixed,aphhm_hierarchical__clean_shuffled_blocks,shuffle_vs_fixed_clean__aphhm_hierarchical,primary,MCR,compatible_partial,100,11,8,5,76,0.19,0.16,-0.03,0.5810546875,"[-0.1, 0.04]","[""MCR_seq200b/278"", ""MCR_seq200b/416"", ""MCR_v1_seq100/76"", ""MCR_v2_seq100/152"", ""MCR_v2_seq100/170""]","[""MCR_seq200b/272"", ""MCR_seq200b/319"", ""MCR_seq200b/355"", ""MCR_seq200b/371"", ""MCR_seq200b/401"", ""MCR_v1_seq100/6"", ""MCR_v2_seq100/138"", ""MCR_v2_seq100/240""]",1.0
E1,ab02_flat__options_fixed,ab02_flat__options_shuffled_blocks,shuffle_vs_fixed_options__ab02_flat,primary,MCR,compatible_partial,100,8,4,3,85,0.12,0.11,-0.01,1.0,"[-0.06, 0.04]","[""MCR_seq200b/344"", ""MCR_seq200b/430"", ""MCR_v1_seq100/28""]","[""MCR_seq200b/466"", ""MCR_v1_seq100/90"", ""MCR_v1_seq100/95"", ""MCR_v2_seq100/152""]",1.0
E1,aphhm_hierarchical__options_fixed,aphhm_hierarchical__options_shuffled_blocks,shuffle_vs_fixed_options__aphhm_hierarchical,primary,MCR,compatible_partial,100,8,2,3,87,0.1,0.11,0.01,1.0,"[-0.03, 0.05]","[""MCR_seq200b/371"", ""MCR_seq200b/401"", ""MCR_v1_seq100/126""]","[""MCR_seq200b/324"", ""MCR_seq200b/430""]",1.0
E1,ab02_flat__clean_fixed,ab02_flat__options_fixed,options_vs_clean_fixed__ab02_flat,primary,MCR,complete_or_compatible_partial,100,43,3,31,23,0.46,0.74,0.28,7.660128176212311e-07,"[0.18, 0.38]","[""MCR_seq200b/249"", ""MCR_seq200b/274"", ""MCR_seq200b/294"", ""MCR_seq200b/302"", ""MCR_seq200b/306"", ""MCR_seq200b/307"", ""MCR_seq200b/316"", ""MCR_seq200b/346"", ""MCR_seq200b/371"", ""MCR_seq200b/394"", ""MCR_seq200b/408"", ""MCR_seq200b/416"", ""MCR_v1_seq100/100"", ""MCR_v1_seq100/109"", ""MCR_v1_seq100/111"", ""MCR_v1_seq100/114"", ""MCR_v1_seq100/124"", ""MCR_v1_seq100/126"", ""MCR_v1_seq100/27"", ""MCR_v1_seq100/6"", ""MCR_v1_seq100/60"", ""MCR_v1_seq100/87"", ""MCR_v2_seq100/138"", ""MCR_v2_seq100/168"", ""MCR_v2_seq100/188"", ""MCR_v2_seq100/196"", ""MCR_v2_seq100/197"", ""MCR_v2_seq100/206"", ""MCR_v2_seq100/230"", ""MCR_v2_seq100/231"", ""MCR_v2_seq100/232""]","[""MCR_seq200b/330"", ""MCR_seq200b/430"", ""MCR_v1_seq100/28""]",6.128102540969849e-06
E1,aphhm_hierarchical__clean_fixed,aphhm_hierarchical__options_fixed,options_vs_clean_fixed__aphhm_hierarchical,primary,MCR,complete_or_compatible_partial,100,35,8,33,24,0.43,0.68,0.25,0.00011222142620681552,"[0.13, 0.36]","[""MCR_seq200b/249"", ""MCR_seq200b/274"", ""MCR_seq200b/275"", ""MCR_seq200b/291"", ""MCR_seq200b/294"", ""MCR_seq200b/306"", ""MCR_seq200b/307"", ""MCR_seq200b/321"", ""MCR_seq200b/337"", ""MCR_seq200b/352"", ""MCR_seq200b/384"", ""MCR_seq200b/408"", ""MCR_seq200b/413"", ""MCR_seq200b/416"", ""MCR_seq200b/436"", ""MCR_v1_seq100/100"", ""MCR_v1_seq100/109"", ""MCR_v1_seq100/111"", ""MCR_v1_seq100/114"", ""MCR_v1_seq100/124"", ""MCR_v1_seq100/27"", ""MCR_v1_seq100/30"", ""MCR_v1_seq100/47"", ""MCR_v1_seq100/60"", ""MCR_v1_seq100/76"", ""MCR_v1_seq100/95"", ""MCR_v2_seq100/168"", ""MCR_v2_seq100/170"", ""MCR_v2_seq100/188"", ""MCR_v2_seq100/230"", ""MCR_v2_seq100/231"", ""MCR_v2_seq100/232"", ""MCR_v2_seq100/244""]","[""MCR_seq200b/295"", ""MCR_seq200b/319"", ""MCR_seq200b/320"", ""MCR_seq200b/330"", ""MCR_v2_seq100/183"", ""MCR_v2_seq100/220"", ""MCR_v2_seq100/236"", ""MCR_v2_seq100/240""]",0.0006733285572408931
E1,ab02_flat__clean_shuffled_blocks,ab02_flat__options_shuffled_blocks,options_vs_clean_shuffled__ab02_flat,primary,MCR,complete_or_compatible_partial,100,41,5,28,26,0.46,0.69,0.23,6.618769839406013e-05,"[0.13, 0.33]","[""MCR_seq200b/249"", ""MCR_seq200b/272"", ""MCR_seq200b/274"", ""MCR_seq200b/275"", ""MCR_seq200b/277"", ""MCR_seq200b/291"", ""MCR_seq200b/293"", ""MCR_seq200b/306"", ""MCR_seq200b/307"", ""MCR_seq200b/346"", ""MCR_seq200b/384"", ""MCR_seq200b/408"", ""MCR_v1_seq100/100"", ""MCR_v1_seq100/109"", ""MCR_v1_seq100/114"", ""MCR_v1_seq100/124"", ""MCR_v1_seq100/27"", ""MCR_v1_seq100/28"", ""MCR_v1_seq100/6"", ""MCR_v1_seq100/87"", ""MCR_v1_seq100/95"", ""MCR_v2_seq100/138"", ""MCR_v2_seq100/170"", ""MCR_v2_seq100/175"", ""MCR_v2_seq100/196"", ""MCR_v2_seq100/197"", ""MCR_v2_seq100/230"", ""MCR_v2_seq100/231""]","[""MCR_seq200b/416"", ""MCR_seq200b/466"", ""MCR_v2_seq100/183"", ""MCR_v2_seq100/188"", ""MCR_v2_seq100/220""]",0.00046331388875842094
E1,aphhm_hierarchical__clean_shuffled_blocks,aphhm_hierarchical__options_shuffled_blocks,options_vs_clean_shuffled__aphhm_hierarchical,primary,MCR,complete_or_compatible_partial,100,36,8,28,28,0.44,0.64,0.2,0.0011932429624721408,"[0.09, 0.31]","[""MCR_seq200b/272"", ""MCR_seq200b/291"", ""MCR_seq200b/294"", ""MCR_seq200b/302"", ""MCR_seq200b/306"", ""MCR_seq200b/307"", ""MCR_seq200b/337"", ""MCR_seq200b/346"", ""MCR_seq200b/355"", ""MCR_seq200b/371"", ""MCR_seq200b/384"", ""MCR_seq200b/401"", ""MCR_v1_seq100/100"", ""MCR_v1_seq100/109"", ""MCR_v1_seq100/111"", ""MCR_v1_seq100/114"", ""MCR_v1_seq100/124"", ""MCR_v1_seq100/126"", ""MCR_v1_seq100/27"", ""MCR_v1_seq100/28"", ""MCR_v1_seq100/6"", ""MCR_v2_seq100/138"", ""MCR_v2_seq100/196"", ""MCR_v2_seq100/222"", ""MCR_v2_seq100/230"", ""MCR_v2_seq100/231"", ""MCR_v2_seq100/232"", ""MCR_v2_seq100/244""]","[""MCR_seq200b/275"", ""MCR_seq200b/332"", ""MCR_seq200b/413"", ""MCR_seq200b/430"", ""MCR_v1_seq100/21"", ""MCR_v1_seq100/47"", ""MCR_v1_seq100/52"", ""MCR_v1_seq100/76""]",0.005966214812360704
E1,ab02_flat__clean_fixed,ab02_flat__clean_shuffled_blocks,shuffle_vs_fixed_clean__ab02_flat,primary,MCR,complete_or_compatible_partial,100,36,10,10,44,0.46,0.46,0.0,1.0,"[-0.09, 0.09]","[""MCR_seq200b/294"", ""MCR_seq200b/316"", ""MCR_seq200b/371"", ""MCR_seq200b/394"", ""MCR_seq200b/416"", ""MCR_seq200b/436"", ""MCR_v1_seq100/111"", ""MCR_v2_seq100/188"", ""MCR_v2_seq100/206"", ""MCR_v2_seq100/220""]","[""MCR_seq200b/272"", ""MCR_seq200b/291"", ""MCR_seq200b/293"", ""MCR_seq200b/330"", ""MCR_seq200b/384"", ""MCR_v1_seq100/21"", ""MCR_v1_seq100/28"", ""MCR_v1_seq100/95"", ""MCR_v2_seq100/170"", ""MCR_v2_seq100/244""]",1.0
E1,aphhm_hierarchical__clean_fixed,aphhm_hierarchical__clean_shuffled_blocks,shuffle_vs_fixed_clean__aphhm_hierarchical,primary,MCR,complete_or_compatible_partial,100,32,11,12,45,0.43,0.44,0.01,1.0,"[-0.08, 0.1]","[""MCR_seq200b/275"", ""MCR_seq200b/321"", ""MCR_seq200b/408"", ""MCR_seq200b/413"", ""MCR_seq200b/416"", ""MCR_seq200b/436"", ""MCR_v1_seq100/21"", ""MCR_v1_seq100/30"", ""MCR_v1_seq100/47"", ""MCR_v1_seq100/76"", ""MCR_v1_seq100/95"", ""MCR_v2_seq100/170""]","[""MCR_seq200b/272"", ""MCR_seq200b/293"", ""MCR_seq200b/319"", ""MCR_seq200b/355"", ""MCR_seq200b/371"", ""MCR_seq200b/401"", ""MCR_v1_seq100/6"", ""MCR_v2_seq100/138"", ""MCR_v2_seq100/220"", ""MCR_v2_seq100/236"", ""MCR_v2_seq100/240""]",1.0
E1,ab02_flat__options_fixed,ab02_flat__options_shuffled_blocks,shuffle_vs_fixed_options__ab02_flat,primary,MCR,complete_or_compatible_partial,100,63,11,6,20,0.74,0.69,-0.05,0.332305908203125,"[-0.13, 0.03]","[""MCR_seq200b/275"", ""MCR_seq200b/277"", ""MCR_seq200b/430"", ""MCR_seq200b/436"", ""MCR_v1_seq100/28"", ""MCR_v2_seq100/175""]","[""MCR_seq200b/302"", ""MCR_seq200b/416"", ""MCR_seq200b/466"", ""MCR_v1_seq100/126"", ""MCR_v1_seq100/21"", ""MCR_v1_seq100/60"", ""MCR_v2_seq100/168"", ""MCR_v2_seq100/183"", ""MCR_v2_seq100/188"", ""MCR_v2_seq100/232"", ""MCR_v2_seq100/244""]",1.0
E1,aphhm_hierarchical__options_fixed,aphhm_hierarchical__options_shuffled_blocks,shuffle_vs_fixed_options__aphhm_hierarchical,primary,MCR,complete_or_compatible_partial,100,54,14,10,22,0.68,0.64,-0.04,0.5412561893463135,"[-0.14, 0.06]","[""MCR_seq200b/295"", ""MCR_seq200b/302"", ""MCR_seq200b/320"", ""MCR_seq200b/330"", ""MCR_seq200b/346"", ""MCR_v1_seq100/126"", ""MCR_v1_seq100/28"", ""MCR_v2_seq100/183"", ""MCR_v2_seq100/196"", ""MCR_v2_seq100/222""]","[""MCR_seq200b/249"", ""MCR_seq200b/274"", ""MCR_seq200b/275"", ""MCR_seq200b/293"", ""MCR_seq200b/332"", ""MCR_seq200b/352"", ""MCR_seq200b/413"", ""MCR_seq200b/430"", ""MCR_v1_seq100/47"", ""MCR_v1_seq100/52"", ""MCR_v1_seq100/60"", ""MCR_v1_seq100/76"", ""MCR_v2_seq100/168"", ""MCR_v2_seq100/188""]",1.0
E1,ab02_flat__clean_fixed,ab02_flat__options_fixed,options_vs_clean_fixed__ab02_flat,primary,MCR,legacy_chain,100,25,4,37,34,0.29,0.62,0.33,1.0258372640237212e-07,"[0.22, 0.44]","[""MCR_seq200b/272"", ""MCR_seq200b/274"", ""MCR_seq200b/294"", ""MCR_seq200b/295"", ""MCR_seq200b/302"", ""MCR_seq200b/306"", ""MCR_seq200b/307"", ""MCR_seq200b/316"", ""MCR_seq200b/324"", ""MCR_seq200b/346"", ""MCR_seq200b/355"", ""MCR_seq200b/384"", ""MCR_seq200b/386"", ""MCR_seq200b/394"", ""MCR_seq200b/401"", ""MCR_seq200b/408"", ""MCR_v1_seq100/100"", ""MCR_v1_seq100/109"", ""MCR_v1_seq100/111"", ""MCR_v1_seq100/114"", ""MCR_v1_seq100/27"", ""MCR_v1_seq100/47"", ""MCR_v1_seq100/6"", ""MCR_v1_seq100/60"", ""MCR_v1_seq100/87"", ""MCR_v2_seq100/138"", ""MCR_v2_seq100/168"", ""MCR_v2_seq100/170"", ""MCR_v2_seq100/183"", ""MCR_v2_seq100/188"", ""MCR_v2_seq100/196"", ""MCR_v2_seq100/197"", ""MCR_v2_seq100/206"", ""MCR_v2_seq100/230"", ""MCR_v2_seq100/231"", ""MCR_v2_seq100/232"", ""MCR_v2_seq100/244""]","[""MCR_seq200b/430"", ""MCR_seq200b/466"", ""MCR_v1_seq100/28"", ""MCR_v1_seq100/90""]",7.180860848166049e-07
E1,aphhm_hierarchical__clean_fixed,aphhm_hierarchical__options_fixed,options_vs_clean_fixed__aphhm_hierarchical,primary,MCR,legacy_chain,100,17,4,37,42,0.21,0.54,0.33,1.0258372640237212e-07,"[0.22, 0.44]","[""MCR_seq200b/272"", ""MCR_seq200b/274"", ""MCR_seq200b/275"", ""MCR_seq200b/294"", ""MCR_seq200b/306"", ""MCR_seq200b/307"", ""MCR_seq200b/316"", ""MCR_seq200b/321"", ""MCR_seq200b/336"", ""MCR_seq200b/352"", ""MCR_seq200b/371"", ""MCR_seq200b/384"", ""MCR_seq200b/394"", ""MCR_seq200b/408"", ""MCR_seq200b/413"", ""MCR_seq200b/416"", ""MCR_seq200b/430"", ""MCR_v1_seq100/100"", ""MCR_v1_seq100/109"", ""MCR_v1_seq100/111"", ""MCR_v1_seq100/122"", ""MCR_v1_seq100/21"", ""MCR_v1_seq100/27"", ""MCR_v1_seq100/47"", ""MCR_v1_seq100/6"", ""MCR_v1_seq100/60"", ""MCR_v1_seq100/76"", ""MCR_v1_seq100/95"", ""MCR_v2_seq100/138"", ""MCR_v2_seq100/168"", ""MCR_v2_seq100/170"", ""MCR_v2_seq100/184"", ""MCR_v2_seq100/208"", ""MCR_v2_seq100/230"", ""MCR_v2_seq100/231"", ""MCR_v2_seq100/232"", ""MCR_v2_seq100/244""]","[""MCR_seq200b/466"", ""MCR_v1_seq100/125"", ""MCR_v2_seq100/220"", ""MCR_v2_seq100/236""]",7.180860848166049e-07
E1,ab02_flat__clean_shuffled_blocks,ab02_flat__options_shuffled_blocks,options_vs_clean_shuffled__ab02_flat,primary,MCR,legacy_chain,100,21,3,39,37,0.24,0.6,0.36,5.631591193377972e-09,"[0.25, 0.47]","[""MCR_seq200b/249"", ""MCR_seq200b/272"", ""MCR_seq200b/274"", ""MCR_seq200b/275"", ""MCR_seq200b/277"", ""MCR_seq200b/291"", ""MCR_seq200b/293"", ""MCR_seq200b/306"", ""MCR_seq200b/307"", ""MCR_seq200b/316"", ""MCR_seq200b/318"", ""MCR_seq200b/321"", ""MCR_seq200b/324"", ""MCR_seq200b/336"", ""MCR_seq200b/346"", ""MCR_seq200b/355"", ""MCR_seq200b/384"", ""MCR_seq200b/394"", ""MCR_seq200b/401"", ""MCR_seq200b/408"", ""MCR_seq200b/416"", ""MCR_v1_seq100/100"", ""MCR_v1_seq100/109"", ""MCR_v1_seq100/114"", ""MCR_v1_seq100/21"", ""MCR_v1_seq100/27"", ""MCR_v1_seq100/28"", ""MCR_v1_seq100/47"", ""MCR_v1_seq100/6"", ""MCR_v1_seq100/87"", ""MCR_v1_seq100/95"", ""MCR_v2_seq100/138"", ""MCR_v2_seq100/152"", ""MCR_v2_seq100/175"", ""MCR_v2_seq100/183"", ""MCR_v2_seq100/196"", ""MCR_v2_seq100/197"", ""MCR_v2_seq100/230"", ""MCR_v2_seq100/231""]","[""MCR_v1_seq100/76"", ""MCR_v2_seq100/206"", ""MCR_v2_seq100/220""]",4.505272954702377e-08
E1,aphhm_hierarchical__clean_shuffled_blocks,aphhm_hierarchical__options_shuffled_blocks,options_vs_clean_shuffled__aphhm_hierarchical,primary,MCR,legacy_chain,100,18,8,27,47,0.26,0.45,0.19,0.001878225477412343,"[0.08, 0.3]","[""MCR_seq200b/278"", ""MCR_seq200b/291"", ""MCR_seq200b/293"", ""MCR_seq200b/294"", ""MCR_seq200b/302"", ""MCR_seq200b/306"", ""MCR_seq200b/307"", ""MCR_seq200b/316"", ""MCR_seq200b/324"", ""MCR_seq200b/330"", ""MCR_seq200b/346"", ""MCR_seq200b/384"", ""MCR_seq200b/394"", ""MCR_v1_seq100/100"", ""MCR_v1_seq100/111"", ""MCR_v1_seq100/114"", ""MCR_v1_seq100/27"", ""MCR_v1_seq100/6"", ""MCR_v2_seq100/138"", ""MCR_v2_seq100/152"", ""MCR_v2_seq100/169"", ""MCR_v2_seq100/183"", ""MCR_v2_seq100/222"", ""MCR_v2_seq100/230"", ""MCR_v2_seq100/231"", ""MCR_v2_seq100/232"", ""MCR_v2_seq100/244""]","[""MCR_seq200b/275"", ""MCR_seq200b/332"", ""MCR_seq200b/408"", ""MCR_seq200b/413"", ""MCR_seq200b/436"", ""MCR_seq200b/466"", ""MCR_v1_seq100/30"", ""MCR_v1_seq100/52""]",0.009391127387061715
E1,ab02_flat__clean_fixed,ab02_flat__clean_shuffled_blocks,shuffle_vs_fixed_clean__ab02_flat,primary,MCR,legacy_chain,100,18,11,6,65,0.29,0.24,-0.05,0.332305908203125,"[-0.13, 0.03]","[""MCR_seq200b/294"", ""MCR_seq200b/386"", ""MCR_seq200b/436"", ""MCR_v2_seq100/188"", ""MCR_v2_seq100/206"", ""MCR_v2_seq100/220""]","[""MCR_seq200b/249"", ""MCR_seq200b/291"", ""MCR_seq200b/293"", ""MCR_seq200b/318"", ""MCR_seq200b/321"", ""MCR_seq200b/416"", ""MCR_seq200b/430"", ""MCR_seq200b/466"", ""MCR_v1_seq100/21"", ""MCR_v1_seq100/28"", ""MCR_v1_seq100/95""]",0.996917724609375
E1,aphhm_hierarchical__clean_fixed,aphhm_hierarchical__clean_shuffled_blocks,shuffle_vs_fixed_clean__aphhm_hierarchical,primary,MCR,legacy_chain,100,14,7,12,67,0.21,0.26,0.05,0.359283447265625,"[-0.03, 0.14]","[""MCR_seq200b/275"", ""MCR_seq200b/320"", ""MCR_seq200b/321"", ""MCR_seq200b/408"", ""MCR_seq200b/413"", ""MCR_seq200b/416"", ""MCR_seq200b/436"", ""MCR_v1_seq100/21"", ""MCR_v1_seq100/30"", ""MCR_v1_seq100/95"", ""MCR_v2_seq100/184"", ""MCR_v2_seq100/208""]","[""MCR_seq200b/249"", ""MCR_seq200b/278"", ""MCR_seq200b/293"", ""MCR_v2_seq100/152"", ""MCR_v2_seq100/169"", ""MCR_v2_seq100/220"", ""MCR_v2_seq100/236""]",0.996917724609375
E1,ab02_flat__options_fixed,ab02_flat__options_shuffled_blocks,shuffle_vs_fixed_options__ab02_flat,primary,MCR,legacy_chain,100,52,10,8,30,0.62,0.6,-0.02,0.8145294189453125,"[-0.1, 0.06]","[""MCR_seq200b/275"", ""MCR_seq200b/277"", ""MCR_seq200b/336"", ""MCR_seq200b/436"", ""MCR_v1_seq100/28"", ""MCR_v1_seq100/90"", ""MCR_v2_seq100/152"", ""MCR_v2_seq100/175""]","[""MCR_seq200b/295"", ""MCR_seq200b/302"", ""MCR_v1_seq100/111"", ""MCR_v1_seq100/60"", ""MCR_v1_seq100/76"", ""MCR_v2_seq100/168"", ""MCR_v2_seq100/170"", ""MCR_v2_seq100/206"", ""MCR_v2_seq100/232"", ""MCR_v2_seq100/244""]",0.996917724609375
E1,aphhm_hierarchical__options_fixed,aphhm_hierarchical__options_shuffled_blocks,shuffle_vs_fixed_options__aphhm_hierarchical,primary,MCR,legacy_chain,100,35,19,10,36,0.54,0.45,-0.09,0.13604594767093658,"[-0.2, 0.01]","[""MCR_seq200b/291"", ""MCR_seq200b/302"", ""MCR_seq200b/320"", ""MCR_seq200b/324"", ""MCR_seq200b/330"", ""MCR_seq200b/346"", ""MCR_v1_seq100/114"", ""MCR_v1_seq100/125"", ""MCR_v2_seq100/183"", ""MCR_v2_seq100/222""]","[""MCR_seq200b/249"", ""MCR_seq200b/272"", ""MCR_seq200b/274"", ""MCR_seq200b/275"", ""MCR_seq200b/332"", ""MCR_seq200b/336"", ""MCR_seq200b/352"", ""MCR_seq200b/371"", ""MCR_seq200b/408"", ""MCR_seq200b/413"", ""MCR_seq200b/430"", ""MCR_v1_seq100/109"", ""MCR_v1_seq100/122"", ""MCR_v1_seq100/47"", ""MCR_v1_seq100/52"", ""MCR_v1_seq100/60"", ""MCR_v1_seq100/76"", ""MCR_v2_seq100/168"", ""MCR_v2_seq100/170""]",0.5441837906837463
E1,ab02_flat__clean_fixed,ab02_flat__options_fixed,options_vs_clean_fixed__ab02_flat,primary,MCR,safe_exact,100,9,1,30,60,0.1,0.39,0.29,2.9802322387695312e-08,"[0.2, 0.38]","[""MCR_seq200b/274"", ""MCR_seq200b/278"", ""MCR_seq200b/294"", ""MCR_seq200b/295"", ""MCR_seq200b/306"", ""MCR_seq200b/320"", ""MCR_seq200b/321"", ""MCR_seq200b/324"", ""MCR_seq200b/346"", ""MCR_seq200b/386"", ""MCR_seq200b/394"", ""MCR_seq200b/408"", ""MCR_v1_seq100/100"", ""MCR_v1_seq100/104"", ""MCR_v1_seq100/111"", ""MCR_v1_seq100/12"", ""MCR_v1_seq100/126"", ""MCR_v1_seq100/27"", ""MCR_v1_seq100/47"", ""MCR_v1_seq100/6"", ""MCR_v1_seq100/60"", ""MCR_v1_seq100/87"", ""MCR_v2_seq100/168"", ""MCR_v2_seq100/170"", ""MCR_v2_seq100/183"", ""MCR_v2_seq100/184"", ""MCR_v2_seq100/206"", ""MCR_v2_seq100/232"", ""MCR_v2_seq100/236"", ""MCR_v2_seq100/244""]","[""MCR_v1_seq100/21""]",2.384185791015625e-07
E1,aphhm_hierarchical__clean_fixed,aphhm_hierarchical__options_fixed,options_vs_clean_fixed__aphhm_hierarchical,primary,MCR,safe_exact,100,9,2,31,58,0.11,0.4,0.29,1.3085082173347473e-07,"[0.19975, 0.39]","[""MCR_seq200b/274"", ""MCR_seq200b/275"", ""MCR_seq200b/294"", ""MCR_seq200b/306"", ""MCR_seq200b/321"", ""MCR_seq200b/336"", ""MCR_seq200b/344"", ""MCR_seq200b/352"", ""MCR_seq200b/355"", ""MCR_seq200b/386"", ""MCR_seq200b/394"", ""MCR_seq200b/408"", ""MCR_seq200b/413"", ""MCR_v1_seq100/100"", ""MCR_v1_seq100/109"", ""MCR_v1_seq100/111"", ""MCR_v1_seq100/122"", ""MCR_v1_seq100/27"", ""MCR_v1_seq100/47"", ""MCR_v1_seq100/6"", ""MCR_v1_seq100/60"", ""MCR_v1_seq100/95"", ""MCR_v2_seq100/138"", ""MCR_v2_seq100/152"", ""MCR_v2_seq100/168"", ""MCR_v2_seq100/169"", ""MCR_v2_seq100/170"", ""MCR_v2_seq100/206"", ""MCR_v2_seq100/208"", ""MCR_v2_seq100/232"", ""MCR_v2_seq100/244""]","[""MCR_v1_seq100/125"", ""MCR_v2_seq100/220""]",9.159557521343231e-07
E1,ab02_flat__clean_shuffled_blocks,ab02_flat__options_shuffled_blocks,options_vs_clean_shuffled__ab02_flat,primary,MCR,safe_exact,100,7,0,21,72,0.07,0.28,0.21,9.5367431640625e-07,"[0.13, 0.29]","[""MCR_seq200b/274"", ""MCR_seq200b/275"", ""MCR_seq200b/291"", ""MCR_seq200b/306"", ""MCR_seq200b/318"", ""MCR_seq200b/324"", ""MCR_seq200b/346"", ""MCR_seq200b/355"", ""MCR_seq200b/394"", ""MCR_seq200b/470"", ""MCR_v1_seq100/100"", ""MCR_v1_seq100/104"", ""MCR_v1_seq100/27"", ""MCR_v1_seq100/47"", ""MCR_v1_seq100/6"", ""MCR_v1_seq100/87"", ""MCR_v2_seq100/152"", ""MCR_v2_seq100/169"", ""MCR_v2_seq100/175"", ""MCR_v2_seq100/208"", ""MCR_v2_seq100/236""]",[],5.7220458984375e-06
E1,aphhm_hierarchical__clean_shuffled_blocks,aphhm_hierarchical__options_shuffled_blocks,options_vs_clean_shuffled__aphhm_hierarchical,primary,MCR,safe_exact,100,5,7,23,65,0.12,0.28,0.16,0.005222879350185394,"[0.06, 0.26]","[""MCR_seq200b/278"", ""MCR_seq200b/291"", ""MCR_seq200b/294"", ""MCR_seq200b/306"", ""MCR_seq200b/321"", ""MCR_seq200b/324"", ""MCR_seq200b/346"", ""MCR_seq200b/355"", ""MCR_seq200b/386"", ""MCR_seq200b/394"", ""MCR_v1_seq100/100"", ""MCR_v1_seq100/104"", ""MCR_v1_seq100/111"", ""MCR_v1_seq100/27"", ""MCR_v1_seq100/6"", ""MCR_v2_seq100/152"", ""MCR_v2_seq100/169"", ""MCR_v2_seq100/183"", ""MCR_v2_seq100/184"", ""MCR_v2_seq100/206"", ""MCR_v2_seq100/222"", ""MCR_v2_seq100/232"", ""MCR_v2_seq100/244""]","[""MCR_seq200b/275"", ""MCR_seq200b/320"", ""MCR_seq200b/332"", ""MCR_seq200b/408"", ""MCR_v1_seq100/21"", ""MCR_v1_seq100/30"", ""MCR_v1_seq100/52""]",0.02611439675092697
E1,ab02_flat__clean_fixed,ab02_flat__clean_shuffled_blocks,shuffle_vs_fixed_clean__ab02_flat,primary,MCR,safe_exact,100,5,5,2,88,0.1,0.07,-0.03,0.453125,"[-0.08, 0.02]","[""MCR_seq200b/294"", ""MCR_v1_seq100/12""]","[""MCR_seq200b/291"", ""MCR_seq200b/318"", ""MCR_seq200b/470"", ""MCR_v1_seq100/21"", ""MCR_v2_seq100/208""]",0.90625
E1,aphhm_hierarchical__clean_fixed,aphhm_hierarchical__clean_shuffled_blocks,shuffle_vs_fixed_clean__aphhm_hierarchical,primary,MCR,safe_exact,100,6,5,6,83,0.11,0.12,0.01,1.0,"[-0.05, 0.07]","[""MCR_seq200b/275"", ""MCR_seq200b/320"", ""MCR_seq200b/408"", ""MCR_v1_seq100/21"", ""MCR_v1_seq100/30"", ""MCR_v2_seq100/208""]","[""MCR_seq200b/278"", ""MCR_seq200b/293"", ""MCR_seq200b/318"", ""MCR_v1_seq100/104"", ""MCR_v2_seq100/220""]",1.0
E1,ab02_flat__options_fixed,ab02_flat__options_shuffled_blocks,shuffle_vs_fixed_options__ab02_flat,primary,MCR,safe_exact,100,23,16,5,56,0.39,0.28,-0.11,0.02660369873046875,"[-0.2, -0.02]","[""MCR_seq200b/275"", ""MCR_seq200b/355"", ""MCR_v2_seq100/152"", ""MCR_v2_seq100/169"", ""MCR_v2_seq100/175""]","[""MCR_seq200b/278"", ""MCR_seq200b/295"", ""MCR_seq200b/320"", ""MCR_seq200b/321"", ""MCR_seq200b/386"", ""MCR_seq200b/408"", ""MCR_v1_seq100/111"", ""MCR_v1_seq100/126"", ""MCR_v1_seq100/60"", ""MCR_v2_seq100/168"", ""MCR_v2_seq100/170"", ""MCR_v2_seq100/183"", ""MCR_v2_seq100/184"", ""MCR_v2_seq100/206"", ""MCR_v2_seq100/232"", ""MCR_v2_seq100/244""]",0.106414794921875
E1,aphhm_hierarchical__options_fixed,aphhm_hierarchical__options_shuffled_blocks,shuffle_vs_fixed_options__aphhm_hierarchical,primary,MCR,safe_exact,100,21,19,7,53,0.4,0.28,-0.12,0.028959274291992188,"[-0.22, -0.02]","[""MCR_seq200b/291"", ""MCR_seq200b/324"", ""MCR_seq200b/346"", ""MCR_v1_seq100/125"", ""MCR_v2_seq100/183"", ""MCR_v2_seq100/184"", ""MCR_v2_seq100/222""]","[""MCR_seq200b/274"", ""MCR_seq200b/275"", ""MCR_seq200b/293"", ""MCR_seq200b/318"", ""MCR_seq200b/332"", ""MCR_seq200b/336"", ""MCR_seq200b/344"", ""MCR_seq200b/352"", ""MCR_seq200b/408"", ""MCR_seq200b/413"", ""MCR_v1_seq100/109"", ""MCR_v1_seq100/122"", ""MCR_v1_seq100/47"", ""MCR_v1_seq100/52"", ""MCR_v1_seq100/60"", ""MCR_v1_seq100/95"", ""MCR_v2_seq100/138"", ""MCR_v2_seq100/168"", ""MCR_v2_seq100/170""]",0.106414794921875
E10,isolated_rrf,sequential_rrf,history_effect_rrf,primary,ALL,clinical_complete,400,33,3,8,356,0.09,0.1025,0.0125,0.2265625,"[-0.0025, 0.03]","[""DA_d2_heldout200b/653"", ""DA_d2_seq100/194"", ""MCR_seq200b/326"", ""MCR_seq200b/334"", ""MCR_seq200b/339"", ""MCR_seq200b/412"", ""MCR_v1_seq100/30"", ""MCR_v1_seq100/74""]","[""DA_d2_seq100/150"", ""MCR_seq200b/312"", ""MCR_v2_seq100/205""]",0.6796875
E10,isolated_supervisor,sequential_supervisor,history_effect_supervisor,primary,ALL,clinical_complete,400,33,4,11,352,0.0925,0.11,0.0175,0.11846923828125,"[0.0, 0.0375]","[""DA_d2_heldout200b/490"", ""DA_d2_heldout200b/653"", ""DA_d2_seq100/186"", ""MCR_seq200b/292"", ""MCR_seq200b/334"", ""MCR_seq200b/339"", ""MCR_seq200b/345"", ""MCR_seq200b/412"", ""MCR_v1_seq100/22"", ""MCR_v1_seq100/30"", ""MCR_v1_seq100/74""]","[""DA_d2_seq100/150"", ""MCR_seq200b/430"", ""MCR_seq200b/455"", ""MCR_v2_seq100/205""]",0.473876953125
E10,isolated_rrf,isolated_supervisor,supervisor_effect_isolated,primary,ALL,clinical_complete,400,35,1,2,362,0.09,0.0925,0.0025,1.0,"[-0.005, 0.0125]","[""DA_d2_seq100/194"", ""MCR_seq200b/455""]","[""MCR_seq200b/312""]",1.0
E10,sequential_rrf,sequential_supervisor,supervisor_effect_sequential,primary,ALL,clinical_complete,400,39,2,5,354,0.1025,0.11,0.0075,0.453125,"[-0.005, 0.02]","[""DA_d2_heldout200b/490"", ""DA_d2_seq100/186"", ""MCR_seq200b/292"", ""MCR_seq200b/345"", ""MCR_v1_seq100/22""]","[""MCR_seq200b/326"", ""MCR_seq200b/430""]",0.90625
E10,isolated_rrf,sequential_rrf,history_effect_rrf,primary,ALL,compatible_partial,400,105,10,29,256,0.2875,0.335,0.0475,0.0033778479119064286,"[0.0175, 0.0775]","[""DA_d2_heldout100/259"", ""DA_d2_heldout100/353"", ""DA_d2_heldout100/379"", ""DA_d2_heldout100/434"", ""DA_d2_heldout200b/489"", ""DA_d2_heldout200b/500"", ""DA_d2_heldout200b/508"", ""DA_d2_heldout200b/553"", ""DA_d2_heldout200b/563"", ""DA_d2_heldout200b/615"", ""DA_d2_heldout200b/652"", ""DA_d2_heldout200b/713"", ""DA_d2_heldout200b/721"", ""DA_d2_seq100/111"", ""DA_d2_seq100/140"", ""DA_d2_seq100/177"", ""DA_d2_seq100/21"", ""DA_d2_seq100/57"", ""DA_d2_seq100/87"", ""DA_d2_seq100/89"", ""MCR_seq200b/258"", ""MCR_seq200b/341"", ""MCR_seq200b/418"", ""MCR_seq200b/471"", ""MCR_v1_seq100/19"", ""MCR_v1_seq100/40"", ""MCR_v1_seq100/58"", ""MCR_v1_seq100/73"", ""MCR_v2_seq100/204""]","[""DA_d2_heldout200b/459"", ""DA_d2_seq100/194"", ""DA_d2_seq100/67"", ""DA_d2_seq100/95"", ""MCR_seq200b/290"", ""MCR_seq200b/334"", ""MCR_seq200b/339"", ""MCR_v1_seq100/123"", ""MCR_v1_seq100/86"", ""MCR_v2_seq100/173""]",0.010133543735719286
E10,isolated_supervisor,sequential_supervisor,history_effect_supervisor,primary,ALL,compatible_partial,400,120,11,14,255,0.3275,0.335,0.0075,0.6900379657745361,"[-0.0175, 0.0325]","[""DA_d2_heldout200b/485"", ""DA_d2_heldout200b/489"", ""DA_d2_heldout200b/500"", ""DA_d2_heldout200b/553"", ""DA_d2_heldout200b/563"", ""DA_d2_heldout200b/644"", ""DA_d2_heldout200b/713"", ""DA_d2_seq100/111"", ""DA_d2_seq100/132"", ""DA_d2_seq100/243"", ""MCR_seq200b/309"", ""MCR_seq200b/341"", ""MCR_seq200b/402"", ""MCR_seq200b/471""]","[""DA_d2_heldout200b/650"", ""DA_d2_heldout200b/685"", ""DA_d2_seq100/186"", ""DA_d2_seq100/202"", ""DA_d2_seq100/74"", ""MCR_seq200b/290"", ""MCR_seq200b/334"", ""MCR_seq200b/339"", ""MCR_v1_seq100/123"", ""MCR_v1_seq100/86"", ""MCR_v2_seq100/173""]",1.0
E10,isolated_rrf,isolated_supervisor,supervisor_effect_isolated,primary,ALL,compatible_partial,400,110,5,21,264,0.2875,0.3275,0.04,0.002493917942047119,"[0.015, 0.065]","[""DA_d2_heldout100/353"", ""DA_d2_heldout100/379"", ""DA_d2_heldout100/434"", ""DA_d2_heldout200b/508"", ""DA_d2_heldout200b/615"", ""DA_d2_heldout200b/650"", ""DA_d2_heldout200b/652"", ""DA_d2_heldout200b/721"", ""DA_d2_heldout200b/738"", ""DA_d2_seq100/140"", ""DA_d2_seq100/177"", ""DA_d2_seq100/21"", ""DA_d2_seq100/57"", ""DA_d2_seq100/87"", ""DA_d2_seq100/89"", ""MCR_seq200b/258"", ""MCR_seq200b/418"", ""MCR_v1_seq100/40"", ""MCR_v1_seq100/58"", ""MCR_v1_seq100/73"", ""MCR_v2_seq100/204""]","[""DA_d2_heldout200b/459"", ""DA_d2_seq100/194"", ""DA_d2_seq100/67"", ""DA_d2_seq100/95"", ""MCR_seq200b/309""]",0.009975671768188477
E10,sequential_rrf,sequential_supervisor,supervisor_effect_sequential,primary,ALL,compatible_partial,400,128,6,6,260,0.335,0.335,0.0,1.0,"[-0.0175, 0.0175]","[""DA_d2_heldout200b/485"", ""DA_d2_heldout200b/644"", ""DA_d2_heldout200b/738"", ""DA_d2_seq100/132"", ""DA_d2_seq100/243"", ""MCR_seq200b/402""]","[""DA_d2_heldout100/259"", ""DA_d2_heldout200b/685"", ""DA_d2_seq100/186"", ""DA_d2_seq100/202"", ""DA_d2_seq100/74"", ""MCR_v1_seq100/19""]",1.0
E10,isolated_rrf,sequential_rrf,history_effect_rrf,primary,ALL,complete_or_compatible_partial,400,141,10,34,215,0.3775,0.4375,0.06,0.00038813090293388086,"[0.0275, 0.0925]","[""DA_d2_heldout100/259"", ""DA_d2_heldout100/353"", ""DA_d2_heldout100/379"", ""DA_d2_heldout100/434"", ""DA_d2_heldout200b/489"", ""DA_d2_heldout200b/500"", ""DA_d2_heldout200b/508"", ""DA_d2_heldout200b/553"", ""DA_d2_heldout200b/563"", ""DA_d2_heldout200b/615"", ""DA_d2_heldout200b/652"", ""DA_d2_heldout200b/653"", ""DA_d2_heldout200b/713"", ""DA_d2_heldout200b/721"", ""DA_d2_seq100/111"", ""DA_d2_seq100/140"", ""DA_d2_seq100/177"", ""DA_d2_seq100/21"", ""DA_d2_seq100/57"", ""DA_d2_seq100/87"", ""DA_d2_seq100/89"", ""MCR_seq200b/258"", ""MCR_seq200b/326"", ""MCR_seq200b/341"", ""MCR_seq200b/412"", ""MCR_seq200b/418"", ""MCR_seq200b/471"", ""MCR_v1_seq100/19"", ""MCR_v1_seq100/30"", ""MCR_v1_seq100/40"", ""MCR_v1_seq100/58"", ""MCR_v1_seq100/73"", ""MCR_v1_seq100/74"", ""MCR_v2_seq100/204""]","[""DA_d2_heldout200b/459"", ""DA_d2_seq100/150"", ""DA_d2_seq100/67"", ""DA_d2_seq100/95"", ""MCR_seq200b/290"", ""MCR_seq200b/312"", ""MCR_v1_seq100/123"", ""MCR_v1_seq100/86"", ""MCR_v2_seq100/173"", ""MCR_v2_seq100/205""]",0.0015525236117355234
E10,isolated_supervisor,sequential_supervisor,history_effect_supervisor,primary,ALL,complete_or_compatible_partial,400,156,12,22,210,0.42,0.445,0.025,0.12144948495551944,"[-0.0025, 0.055]","[""DA_d2_heldout200b/485"", ""DA_d2_heldout200b/489"", ""DA_d2_heldout200b/490"", ""DA_d2_heldout200b/500"", ""DA_d2_heldout200b/553"", ""DA_d2_heldout200b/563"", ""DA_d2_heldout200b/644"", ""DA_d2_heldout200b/653"", ""DA_d2_heldout200b/713"", ""DA_d2_seq100/111"", ""DA_d2_seq100/132"", ""DA_d2_seq100/243"", ""MCR_seq200b/292"", ""MCR_seq200b/309"", ""MCR_seq200b/341"", ""MCR_seq200b/345"", ""MCR_seq200b/402"", ""MCR_seq200b/412"", ""MCR_seq200b/471"", ""MCR_v1_seq100/22"", ""MCR_v1_seq100/30"", ""MCR_v1_seq100/74""]","[""DA_d2_heldout200b/650"", ""DA_d2_heldout200b/685"", ""DA_d2_seq100/150"", ""DA_d2_seq100/202"", ""DA_d2_seq100/74"", ""MCR_seq200b/290"", ""MCR_seq200b/430"", ""MCR_seq200b/455"", ""MCR_v1_seq100/123"", ""MCR_v1_seq100/86"", ""MCR_v2_seq100/173"", ""MCR_v2_seq100/205""]",0.24289896991103888
E10,isolated_rrf,isolated_supervisor,supervisor_effect_isolated,primary,ALL,complete_or_compatible_partial,400,146,5,22,227,0.3775,0.42,0.0425,0.0015137195587158203,"[0.0175, 0.0675]","[""DA_d2_heldout100/353"", ""DA_d2_heldout100/379"", ""DA_d2_heldout100/434"", ""DA_d2_heldout200b/508"", ""DA_d2_heldout200b/615"", ""DA_d2_heldout200b/650"", ""DA_d2_heldout200b/652"", ""DA_d2_heldout200b/721"", ""DA_d2_heldout200b/738"", ""DA_d2_seq100/140"", ""DA_d2_seq100/177"", ""DA_d2_seq100/21"", ""DA_d2_seq100/57"", ""DA_d2_seq100/87"", ""DA_d2_seq100/89"", ""MCR_seq200b/258"", ""MCR_seq200b/418"", ""MCR_seq200b/455"", ""MCR_v1_seq100/40"", ""MCR_v1_seq100/58"", ""MCR_v1_seq100/73"", ""MCR_v2_seq100/204""]","[""DA_d2_heldout200b/459"", ""DA_d2_seq100/67"", ""DA_d2_seq100/95"", ""MCR_seq200b/309"", ""MCR_seq200b/312""]",0.004541158676147461
E10,sequential_rrf,sequential_supervisor,supervisor_effect_sequential,primary,ALL,complete_or_compatible_partial,400,168,7,10,215,0.4375,0.445,0.0075,0.629058837890625,"[-0.0125, 0.0275]","[""DA_d2_heldout200b/485"", ""DA_d2_heldout200b/490"", ""DA_d2_heldout200b/644"", ""DA_d2_heldout200b/738"", ""DA_d2_seq100/132"", ""DA_d2_seq100/243"", ""MCR_seq200b/292"", ""MCR_seq200b/345"", ""MCR_seq200b/402"", ""MCR_v1_seq100/22""]","[""DA_d2_heldout100/259"", ""DA_d2_heldout200b/685"", ""DA_d2_seq100/202"", ""DA_d2_seq100/74"", ""MCR_seq200b/326"", ""MCR_seq200b/430"", ""MCR_v1_seq100/19""]",0.629058837890625
E10,isolated_rrf,sequential_rrf,history_effect_rrf,primary,ALL,legacy_chain,400,73,7,17,303,0.2,0.225,0.025,0.06391465663909912,"[0.0025, 0.05]","[""DA_d2_heldout200b/500"", ""DA_d2_heldout200b/508"", ""DA_d2_heldout200b/553"", ""DA_d2_heldout200b/653"", ""DA_d2_heldout200b/713"", ""DA_d2_heldout200b/766"", ""DA_d2_seq100/111"", ""MCR_seq200b/285"", ""MCR_seq200b/326"", ""MCR_seq200b/334"", ""MCR_seq200b/339"", ""MCR_seq200b/412"", ""MCR_seq200b/418"", ""MCR_v1_seq100/19"", ""MCR_v1_seq100/30"", ""MCR_v1_seq100/40"", ""MCR_v1_seq100/74""]","[""DA_d2_heldout200b/636"", ""DA_d2_seq100/150"", ""DA_d2_seq100/194"", ""MCR_seq200b/469"", ""MCR_v1_seq100/123"", ""MCR_v2_seq100/173"", ""MCR_v2_seq100/205""]",0.2556586265563965
E10,isolated_supervisor,sequential_supervisor,history_effect_supervisor,primary,ALL,legacy_chain,400,74,12,14,300,0.215,0.22,0.005,0.8450189828872681,"[-0.02, 0.03]","[""DA_d2_heldout200b/500"", ""DA_d2_heldout200b/553"", ""DA_d2_heldout200b/653"", ""DA_d2_heldout200b/713"", ""DA_d2_heldout200b/766"", ""DA_d2_seq100/111"", ""MCR_seq200b/285"", ""MCR_seq200b/334"", ""MCR_seq200b/339"", ""MCR_seq200b/345"", ""MCR_seq200b/412"", ""MCR_v1_seq100/22"", ""MCR_v1_seq100/30"", ""MCR_v1_seq100/74""]","[""DA_d2_heldout200b/636"", ""DA_d2_heldout200b/650"", ""DA_d2_seq100/150"", ""DA_d2_seq100/186"", ""DA_d2_seq100/74"", ""MCR_seq200b/309"", ""MCR_seq200b/430"", ""MCR_seq200b/455"", ""MCR_seq200b/469"", ""MCR_v1_seq100/123"", ""MCR_v2_seq100/173"", ""MCR_v2_seq100/205""]",1.0
E10,isolated_rrf,isolated_supervisor,supervisor_effect_isolated,primary,ALL,legacy_chain,400,79,1,7,313,0.2,0.215,0.015,0.0703125,"[0.0025, 0.03]","[""DA_d2_heldout200b/508"", ""DA_d2_heldout200b/650"", ""DA_d2_heldout200b/738"", ""MCR_seq200b/309"", ""MCR_seq200b/418"", ""MCR_seq200b/455"", ""MCR_v1_seq100/40""]","[""DA_d2_seq100/194""]",0.2556586265563965
E10,sequential_rrf,sequential_supervisor,supervisor_effect_sequential,primary,ALL,legacy_chain,400,85,5,3,307,0.225,0.22,-0.005,0.7265625,"[-0.0175, 0.0075]","[""DA_d2_heldout200b/738"", ""MCR_seq200b/345"", ""MCR_v1_seq100/22""]","[""DA_d2_seq100/186"", ""DA_d2_seq100/74"", ""MCR_seq200b/326"", ""MCR_seq200b/430"", ""MCR_v1_seq100/19""]",1.0
E10,isolated_rrf,sequential_rrf,history_effect_rrf,primary,ALL,safe_exact,400,20,1,6,373,0.0525,0.065,0.0125,0.125,"[0.0, 0.025]","[""MCR_seq200b/285"", ""MCR_seq200b/326"", ""MCR_seq200b/334"", ""MCR_seq200b/412"", ""MCR_v1_seq100/30"", ""MCR_v1_seq100/74""]","[""MCR_v2_seq100/205""]",0.5
E10,isolated_supervisor,sequential_supervisor,history_effect_supervisor,primary,ALL,safe_exact,400,19,3,7,371,0.055,0.065,0.01,0.34375,"[-0.005, 0.025]","[""MCR_seq200b/285"", ""MCR_seq200b/334"", ""MCR_seq200b/345"", ""MCR_seq200b/412"", ""MCR_v1_seq100/22"", ""MCR_v1_seq100/30"", ""MCR_v1_seq100/74""]","[""MCR_seq200b/430"", ""MCR_seq200b/455"", ""MCR_v2_seq100/205""]",1.0
E10,isolated_rrf,isolated_supervisor,supervisor_effect_isolated,primary,ALL,safe_exact,400,21,0,1,378,0.0525,0.055,0.0025,1.0,"[0.0, 0.0075]","[""MCR_seq200b/455""]",[],1.0
E10,sequential_rrf,sequential_supervisor,supervisor_effect_sequential,primary,ALL,safe_exact,400,24,2,2,372,0.065,0.065,0.0,1.0,"[-0.01, 0.01]","[""MCR_seq200b/345"", ""MCR_v1_seq100/22""]","[""MCR_seq200b/326"", ""MCR_seq200b/430""]",1.0
E10,isolated_rrf,sequential_rrf,history_effect_rrf,primary,DA,clinical_complete,200,1,1,2,196,0.01,0.015,0.005,1.0,"[-0.01, 0.025]","[""DA_d2_heldout200b/653"", ""DA_d2_seq100/194""]","[""DA_d2_seq100/150""]",1.0
E10,isolated_supervisor,sequential_supervisor,history_effect_supervisor,primary,DA,clinical_complete,200,2,1,3,194,0.015,0.025,0.01,0.625,"[-0.01, 0.03]","[""DA_d2_heldout200b/490"", ""DA_d2_heldout200b/653"", ""DA_d2_seq100/186""]","[""DA_d2_seq100/150""]",1.0
E10,isolated_rrf,isolated_supervisor,supervisor_effect_isolated,primary,DA,clinical_complete,200,2,0,1,197,0.01,0.015,0.005,1.0,"[0.0, 0.015]","[""DA_d2_seq100/194""]",[],1.0
E10,sequential_rrf,sequential_supervisor,supervisor_effect_sequential,primary,DA,clinical_complete,200,3,0,2,195,0.015,0.025,0.01,0.5,"[0.0, 0.025]","[""DA_d2_heldout200b/490"", ""DA_d2_seq100/186""]",[],1.0
E10,isolated_rrf,sequential_rrf,history_effect_rrf,primary,DA,compatible_partial,200,81,4,20,95,0.425,0.505,0.08,0.001543879508972168,"[0.035, 0.13]","[""DA_d2_heldout100/259"", ""DA_d2_heldout100/353"", ""DA_d2_heldout100/379"", ""DA_d2_heldout100/434"", ""DA_d2_heldout200b/489"", ""DA_d2_heldout200b/500"", ""DA_d2_heldout200b/508"", ""DA_d2_heldout200b/553"", ""DA_d2_heldout200b/563"", ""DA_d2_heldout200b/615"", ""DA_d2_heldout200b/652"", ""DA_d2_heldout200b/713"", ""DA_d2_heldout200b/721"", ""DA_d2_seq100/111"", ""DA_d2_seq100/140"", ""DA_d2_seq100/177"", ""DA_d2_seq100/21"", ""DA_d2_seq100/57"", ""DA_d2_seq100/87"", ""DA_d2_seq100/89""]","[""DA_d2_heldout200b/459"", ""DA_d2_seq100/194"", ""DA_d2_seq100/67"", ""DA_d2_seq100/95""]",0.006175518035888672
E10,isolated_supervisor,sequential_supervisor,history_effect_supervisor,primary,DA,compatible_partial,200,91,5,10,94,0.48,0.505,0.025,0.3017578125,"[-0.01, 0.065]","[""DA_d2_heldout200b/485"", ""DA_d2_heldout200b/489"", ""DA_d2_heldout200b/500"", ""DA_d2_heldout200b/553"", ""DA_d2_heldout200b/563"", ""DA_d2_heldout200b/644"", ""DA_d2_heldout200b/713"", ""DA_d2_seq100/111"", ""DA_d2_seq100/132"", ""DA_d2_seq100/243""]","[""DA_d2_heldout200b/650"", ""DA_d2_heldout200b/685"", ""DA_d2_seq100/186"", ""DA_d2_seq100/202"", ""DA_d2_seq100/74""]",0.603515625
E10,isolated_rrf,isolated_supervisor,supervisor_effect_isolated,primary,DA,compatible_partial,200,81,4,15,100,0.425,0.48,0.055,0.0192108154296875,"[0.015, 0.1]","[""DA_d2_heldout100/353"", ""DA_d2_heldout100/379"", ""DA_d2_heldout100/434"", ""DA_d2_heldout200b/508"", ""DA_d2_heldout200b/615"", ""DA_d2_heldout200b/650"", ""DA_d2_heldout200b/652"", ""DA_d2_heldout200b/721"", ""DA_d2_heldout200b/738"", ""DA_d2_seq100/140"", ""DA_d2_seq100/177"", ""DA_d2_seq100/21"", ""DA_d2_seq100/57"", ""DA_d2_seq100/87"", ""DA_d2_seq100/89""]","[""DA_d2_heldout200b/459"", ""DA_d2_seq100/194"", ""DA_d2_seq100/67"", ""DA_d2_seq100/95""]",0.0576324462890625
E10,sequential_rrf,sequential_supervisor,supervisor_effect_sequential,primary,DA,compatible_partial,200,96,5,5,94,0.505,0.505,0.0,1.0,"[-0.03, 0.03]","[""DA_d2_heldout200b/485"", ""DA_d2_heldout200b/644"", ""DA_d2_heldout200b/738"", ""DA_d2_seq100/132"", ""DA_d2_seq100/243""]","[""DA_d2_heldout100/259"", ""DA_d2_heldout200b/685"", ""DA_d2_seq100/186"", ""DA_d2_seq100/202"", ""DA_d2_seq100/74""]",1.0
E10,isolated_rrf,sequential_rrf,history_effect_rrf,primary,DA,complete_or_compatible_partial,200,83,4,21,92,0.435,0.52,0.085,0.0009105205535888672,"[0.04, 0.135]","[""DA_d2_heldout100/259"", ""DA_d2_heldout100/353"", ""DA_d2_heldout100/379"", ""DA_d2_heldout100/434"", ""DA_d2_heldout200b/489"", ""DA_d2_heldout200b/500"", ""DA_d2_heldout200b/508"", ""DA_d2_heldout200b/553"", ""DA_d2_heldout200b/563"", ""DA_d2_heldout200b/615"", ""DA_d2_heldout200b/652"", ""DA_d2_heldout200b/653"", ""DA_d2_heldout200b/713"", ""DA_d2_heldout200b/721"", ""DA_d2_seq100/111"", ""DA_d2_seq100/140"", ""DA_d2_seq100/177"", ""DA_d2_seq100/21"", ""DA_d2_seq100/57"", ""DA_d2_seq100/87"", ""DA_d2_seq100/89""]","[""DA_d2_heldout200b/459"", ""DA_d2_seq100/150"", ""DA_d2_seq100/67"", ""DA_d2_seq100/95""]",0.0036420822143554688
E10,isolated_supervisor,sequential_supervisor,history_effect_supervisor,primary,DA,complete_or_compatible_partial,200,94,5,12,89,0.495,0.53,0.035,0.143463134765625,"[-0.005, 0.075]","[""DA_d2_heldout200b/485"", ""DA_d2_heldout200b/489"", ""DA_d2_heldout200b/490"", ""DA_d2_heldout200b/500"", ""DA_d2_heldout200b/553"", ""DA_d2_heldout200b/563"", ""DA_d2_heldout200b/644"", ""DA_d2_heldout200b/653"", ""DA_d2_heldout200b/713"", ""DA_d2_seq100/111"", ""DA_d2_seq100/132"", ""DA_d2_seq100/243""]","[""DA_d2_heldout200b/650"", ""DA_d2_heldout200b/685"", ""DA_d2_seq100/150"", ""DA_d2_seq100/202"", ""DA_d2_seq100/74""]",0.28692626953125
E10,isolated_rrf,isolated_supervisor,supervisor_effect_isolated,primary,DA,complete_or_compatible_partial,200,84,3,15,98,0.435,0.495,0.06,0.007537841796875,"[0.02, 0.1]","[""DA_d2_heldout100/353"", ""DA_d2_heldout100/379"", ""DA_d2_heldout100/434"", ""DA_d2_heldout200b/508"", ""DA_d2_heldout200b/615"", ""DA_d2_heldout200b/650"", ""DA_d2_heldout200b/652"", ""DA_d2_heldout200b/721"", ""DA_d2_heldout200b/738"", ""DA_d2_seq100/140"", ""DA_d2_seq100/177"", ""DA_d2_seq100/21"", ""DA_d2_seq100/57"", ""DA_d2_seq100/87"", ""DA_d2_seq100/89""]","[""DA_d2_heldout200b/459"", ""DA_d2_seq100/67"", ""DA_d2_seq100/95""]",0.022613525390625
E10,sequential_rrf,sequential_supervisor,supervisor_effect_sequential,primary,DA,complete_or_compatible_partial,200,100,4,6,90,0.52,0.53,0.01,0.75390625,"[-0.02, 0.04]","[""DA_d2_heldout200b/485"", ""DA_d2_heldout200b/490"", ""DA_d2_heldout200b/644"", ""DA_d2_heldout200b/738"", ""DA_d2_seq100/132"", ""DA_d2_seq100/243""]","[""DA_d2_heldout100/259"", ""DA_d2_heldout200b/685"", ""DA_d2_seq100/202"", ""DA_d2_seq100/74""]",0.75390625
E10,isolated_rrf,sequential_rrf,history_effect_rrf,primary,DA,legacy_chain,200,42,3,7,148,0.225,0.245,0.02,0.34375,"[-0.01, 0.05]","[""DA_d2_heldout200b/500"", ""DA_d2_heldout200b/508"", ""DA_d2_heldout200b/553"", ""DA_d2_heldout200b/653"", ""DA_d2_heldout200b/713"", ""DA_d2_heldout200b/766"", ""DA_d2_seq100/111""]","[""DA_d2_heldout200b/636"", ""DA_d2_seq100/150"", ""DA_d2_seq100/194""]",1.0
E10,isolated_supervisor,sequential_supervisor,history_effect_supervisor,primary,DA,legacy_chain,200,42,5,6,147,0.235,0.24,0.005,1.0,"[-0.025, 0.04]","[""DA_d2_heldout200b/500"", ""DA_d2_heldout200b/553"", ""DA_d2_heldout200b/653"", ""DA_d2_heldout200b/713"", ""DA_d2_heldout200b/766"", ""DA_d2_seq100/111""]","[""DA_d2_heldout200b/636"", ""DA_d2_heldout200b/650"", ""DA_d2_seq100/150"", ""DA_d2_seq100/186"", ""DA_d2_seq100/74""]",1.0
E10,isolated_rrf,isolated_supervisor,supervisor_effect_isolated,primary,DA,legacy_chain,200,44,1,3,152,0.225,0.235,0.01,0.625,"[-0.01, 0.03]","[""DA_d2_heldout200b/508"", ""DA_d2_heldout200b/650"", ""DA_d2_heldout200b/738""]","[""DA_d2_seq100/194""]",1.0
E10,sequential_rrf,sequential_supervisor,supervisor_effect_sequential,primary,DA,legacy_chain,200,47,2,1,150,0.245,0.24,-0.005,1.0,"[-0.025, 0.01]","[""DA_d2_heldout200b/738""]","[""DA_d2_seq100/186"", ""DA_d2_seq100/74""]",1.0
E10,isolated_rrf,sequential_rrf,history_effect_rrf,primary,DA,safe_exact,200,0,0,0,200,0.0,0.0,0.0,1.0,"[0.0, 0.0]",[],[],1.0
E10,isolated_supervisor,sequential_supervisor,history_effect_supervisor,primary,DA,safe_exact,200,0,0,0,200,0.0,0.0,0.0,1.0,"[0.0, 0.0]",[],[],1.0
E10,isolated_rrf,isolated_supervisor,supervisor_effect_isolated,primary,DA,safe_exact,200,0,0,0,200,0.0,0.0,0.0,1.0,"[0.0, 0.0]",[],[],1.0
E10,sequential_rrf,sequential_supervisor,supervisor_effect_sequential,primary,DA,safe_exact,200,0,0,0,200,0.0,0.0,0.0,1.0,"[0.0, 0.0]",[],[],1.0
E10,isolated_rrf,sequential_rrf,history_effect_rrf,primary,MCR,clinical_complete,200,32,2,6,160,0.17,0.19,0.02,0.2890625,"[-0.005, 0.05]","[""MCR_seq200b/326"", ""MCR_seq200b/334"", ""MCR_seq200b/339"", ""MCR_seq200b/412"", ""MCR_v1_seq100/30"", ""MCR_v1_seq100/74""]","[""MCR_seq200b/312"", ""MCR_v2_seq100/205""]",0.90625
E10,isolated_supervisor,sequential_supervisor,history_effect_supervisor,primary,MCR,clinical_complete,200,31,3,8,158,0.17,0.195,0.025,0.2265625,"[-0.005, 0.06]","[""MCR_seq200b/292"", ""MCR_seq200b/334"", ""MCR_seq200b/339"", ""MCR_seq200b/345"", ""MCR_seq200b/412"", ""MCR_v1_seq100/22"", ""MCR_v1_seq100/30"", ""MCR_v1_seq100/74""]","[""MCR_seq200b/430"", ""MCR_seq200b/455"", ""MCR_v2_seq100/205""]",0.90625
E10,isolated_rrf,isolated_supervisor,supervisor_effect_isolated,primary,MCR,clinical_complete,200,33,1,1,165,0.17,0.17,0.0,1.0,"[-0.015, 0.015]","[""MCR_seq200b/455""]","[""MCR_seq200b/312""]",1.0
E10,sequential_rrf,sequential_supervisor,supervisor_effect_sequential,primary,MCR,clinical_complete,200,36,2,3,159,0.19,0.195,0.005,1.0,"[-0.015, 0.025]","[""MCR_seq200b/292"", ""MCR_seq200b/345"", ""MCR_v1_seq100/22""]","[""MCR_seq200b/326"", ""MCR_seq200b/430""]",1.0
E10,isolated_rrf,sequential_rrf,history_effect_rrf,primary,MCR,compatible_partial,200,24,6,9,161,0.15,0.165,0.015,0.60723876953125,"[-0.02, 0.055]","[""MCR_seq200b/258"", ""MCR_seq200b/341"", ""MCR_seq200b/418"", ""MCR_seq200b/471"", ""MCR_v1_seq100/19"", ""MCR_v1_seq100/40"", ""MCR_v1_seq100/58"", ""MCR_v1_seq100/73"", ""MCR_v2_seq100/204""]","[""MCR_seq200b/290"", ""MCR_seq200b/334"", ""MCR_seq200b/339"", ""MCR_v1_seq100/123"", ""MCR_v1_seq100/86"", ""MCR_v2_seq100/173""]",1.0
E10,isolated_supervisor,sequential_supervisor,history_effect_supervisor,primary,MCR,compatible_partial,200,29,6,4,161,0.175,0.165,-0.01,0.75390625,"[-0.04, 0.02]","[""MCR_seq200b/309"", ""MCR_seq200b/341"", ""MCR_seq200b/402"", ""MCR_seq200b/471""]","[""MCR_seq200b/290"", ""MCR_seq200b/334"", ""MCR_seq200b/339"", ""MCR_v1_seq100/123"", ""MCR_v1_seq100/86"", ""MCR_v2_seq100/173""]",1.0
E10,isolated_rrf,isolated_supervisor,supervisor_effect_isolated,primary,MCR,compatible_partial,200,29,1,6,164,0.15,0.175,0.025,0.125,"[0.0, 0.05]","[""MCR_seq200b/258"", ""MCR_seq200b/418"", ""MCR_v1_seq100/40"", ""MCR_v1_seq100/58"", ""MCR_v1_seq100/73"", ""MCR_v2_seq100/204""]","[""MCR_seq200b/309""]",0.5
E10,sequential_rrf,sequential_supervisor,supervisor_effect_sequential,primary,MCR,compatible_partial,200,32,1,1,166,0.165,0.165,0.0,1.0,"[-0.015, 0.015]","[""MCR_seq200b/402""]","[""MCR_v1_seq100/19""]",1.0
E10,isolated_rrf,sequential_rrf,history_effect_rrf,primary,MCR,complete_or_compatible_partial,200,58,6,13,123,0.32,0.355,0.035,0.1670684814453125,"[-0.005, 0.08]","[""MCR_seq200b/258"", ""MCR_seq200b/326"", ""MCR_seq200b/341"", ""MCR_seq200b/412"", ""MCR_seq200b/418"", ""MCR_seq200b/471"", ""MCR_v1_seq100/19"", ""MCR_v1_seq100/30"", ""MCR_v1_seq100/40"", ""MCR_v1_seq100/58"", ""MCR_v1_seq100/73"", ""MCR_v1_seq100/74"", ""MCR_v2_seq100/204""]","[""MCR_seq200b/290"", ""MCR_seq200b/312"", ""MCR_v1_seq100/123"", ""MCR_v1_seq100/86"", ""MCR_v2_seq100/173"", ""MCR_v2_seq100/205""]",0.66827392578125
E10,isolated_supervisor,sequential_supervisor,history_effect_supervisor,primary,MCR,complete_or_compatible_partial,200,62,7,10,121,0.345,0.36,0.015,0.629058837890625,"[-0.025, 0.055]","[""MCR_seq200b/292"", ""MCR_seq200b/309"", ""MCR_seq200b/341"", ""MCR_seq200b/345"", ""MCR_seq200b/402"", ""MCR_seq200b/412"", ""MCR_seq200b/471"", ""MCR_v1_seq100/22"", ""MCR_v1_seq100/30"", ""MCR_v1_seq100/74""]","[""MCR_seq200b/290"", ""MCR_seq200b/430"", ""MCR_seq200b/455"", ""MCR_v1_seq100/123"", ""MCR_v1_seq100/86"", ""MCR_v2_seq100/173"", ""MCR_v2_seq100/205""]",1.0
E10,isolated_rrf,isolated_supervisor,supervisor_effect_isolated,primary,MCR,complete_or_compatible_partial,200,62,2,7,129,0.32,0.345,0.025,0.1796875,"[-0.005, 0.055]","[""MCR_seq200b/258"", ""MCR_seq200b/418"", ""MCR_seq200b/455"", ""MCR_v1_seq100/40"", ""MCR_v1_seq100/58"", ""MCR_v1_seq100/73"", ""MCR_v2_seq100/204""]","[""MCR_seq200b/309"", ""MCR_seq200b/312""]",0.66827392578125
E10,sequential_rrf,sequential_supervisor,supervisor_effect_sequential,primary,MCR,complete_or_compatible_partial,200,68,3,4,125,0.355,0.36,0.005,1.0,"[-0.02, 0.03]","[""MCR_seq200b/292"", ""MCR_seq200b/345"", ""MCR_seq200b/402"", ""MCR_v1_seq100/22""]","[""MCR_seq200b/326"", ""MCR_seq200b/430"", ""MCR_v1_seq100/19""]",1.0
E10,isolated_rrf,sequential_rrf,history_effect_rrf,primary,MCR,legacy_chain,200,31,4,10,155,0.175,0.205,0.03,0.1795654296875,"[-0.005, 0.065]","[""MCR_seq200b/285"", ""MCR_seq200b/326"", ""MCR_seq200b/334"", ""MCR_seq200b/339"", ""MCR_seq200b/412"", ""MCR_seq200b/418"", ""MCR_v1_seq100/19"", ""MCR_v1_seq100/30"", ""MCR_v1_seq100/40"", ""MCR_v1_seq100/74""]","[""MCR_seq200b/469"", ""MCR_v1_seq100/123"", ""MCR_v2_seq100/173"", ""MCR_v2_seq100/205""]",0.5386962890625
E10,isolated_supervisor,sequential_supervisor,history_effect_supervisor,primary,MCR,legacy_chain,200,32,7,8,153,0.195,0.2,0.005,1.0,"[-0.03, 0.045]","[""MCR_seq200b/285"", ""MCR_seq200b/334"", ""MCR_seq200b/339"", ""MCR_seq200b/345"", ""MCR_seq200b/412"", ""MCR_v1_seq100/22"", ""MCR_v1_seq100/30"", ""MCR_v1_seq100/74""]","[""MCR_seq200b/309"", ""MCR_seq200b/430"", ""MCR_seq200b/455"", ""MCR_seq200b/469"", ""MCR_v1_seq100/123"", ""MCR_v2_seq100/173"", ""MCR_v2_seq100/205""]",1.0
E10,isolated_rrf,isolated_supervisor,supervisor_effect_isolated,primary,MCR,legacy_chain,200,35,0,4,161,0.175,0.195,0.02,0.125,"[0.005, 0.04]","[""MCR_seq200b/309"", ""MCR_seq200b/418"", ""MCR_seq200b/455"", ""MCR_v1_seq100/40""]",[],0.5
E10,sequential_rrf,sequential_supervisor,supervisor_effect_sequential,primary,MCR,legacy_chain,200,38,3,2,157,0.205,0.2,-0.005,1.0,"[-0.03, 0.015]","[""MCR_seq200b/345"", ""MCR_v1_seq100/22""]","[""MCR_seq200b/326"", ""MCR_seq200b/430"", ""MCR_v1_seq100/19""]",1.0
E10,isolated_rrf,sequential_rrf,history_effect_rrf,primary,MCR,safe_exact,200,20,1,6,173,0.105,0.13,0.025,0.125,"[0.0, 0.05]","[""MCR_seq200b/285"", ""MCR_seq200b/326"", ""MCR_seq200b/334"", ""MCR_seq200b/412"", ""MCR_v1_seq100/30"", ""MCR_v1_seq100/74""]","[""MCR_v2_seq100/205""]",0.5
E10,isolated_supervisor,sequential_supervisor,history_effect_supervisor,primary,MCR,safe_exact,200,19,3,7,171,0.11,0.13,0.02,0.34375,"[-0.01, 0.05]","[""MCR_seq200b/285"", ""MCR_seq200b/334"", ""MCR_seq200b/345"", ""MCR_seq200b/412"", ""MCR_v1_seq100/22"", ""MCR_v1_seq100/30"", ""MCR_v1_seq100/74""]","[""MCR_seq200b/430"", ""MCR_seq200b/455"", ""MCR_v2_seq100/205""]",1.0
E10,isolated_rrf,isolated_supervisor,supervisor_effect_isolated,primary,MCR,safe_exact,200,21,0,1,178,0.105,0.11,0.005,1.0,"[0.0, 0.015]","[""MCR_seq200b/455""]",[],1.0
E10,sequential_rrf,sequential_supervisor,supervisor_effect_sequential,primary,MCR,safe_exact,200,24,2,2,172,0.13,0.13,0.0,1.0,"[-0.02, 0.02]","[""MCR_seq200b/345"", ""MCR_v1_seq100/22""]","[""MCR_seq200b/326"", ""MCR_seq200b/430""]",1.0
E11,hard_negative_refine_off,hard_negative_refine_on,refine_effect_with_hard_negative_context,primary,ALL,clinical_complete,400,48,1,3,348,0.1225,0.1275,0.005,0.625,"[-0.005, 0.015]","[""DA_d2_heldout200b/653"", ""MCR_seq200b/292"", ""MCR_v1_seq100/69""]","[""MCR_seq200b/252""]",1.0
E11,random_refine_off,random_refine_on,refine_effect_with_random_context,primary,ALL,clinical_complete,400,48,0,3,349,0.12,0.1275,0.0075,0.25,"[0.0, 0.0175]","[""MCR_seq200b/292"", ""MCR_seq200b/442"", ""MCR_v1_seq100/69""]",[],1.0
E11,relevant_refine_off,relevant_refine_on,refine_effect_with_relevant_retrieval,primary,ALL,clinical_complete,400,46,2,3,349,0.12,0.1225,0.0025,1.0,"[-0.0075, 0.015]","[""MCR_seq200b/292"", ""MCR_seq200b/345"", ""MCR_v1_seq100/69""]","[""MCR_seq200b/326"", ""MCR_seq200b/441""]",1.0
E11,off_refine_off,off_refine_on,refine_effect_with_retrieval_off,primary,ALL,clinical_complete,400,50,3,3,344,0.1325,0.1325,0.0,1.0,"[-0.0125, 0.0125]","[""DA_d2_heldout100/452"", ""MCR_seq200b/292"", ""MCR_v1_seq100/69""]","[""MCR_seq200b/317"", ""MCR_seq200b/441"", ""MCR_seq200b/480""]",1.0
E11,hard_negative_refine_off,relevant_refine_off,relevant_vs_hard_negative_without_refine,primary,ALL,clinical_complete,400,44,5,4,347,0.1225,0.12,-0.0025,1.0,"[-0.0175, 0.0125]","[""DA_d2_heldout200b/653"", ""DA_d2_heldout200b/738"", ""MCR_v1_seq100/93"", ""MCR_v2_seq100/173""]","[""DA_d2_heldout200b/746"", ""MCR_seq200b/263"", ""MCR_seq200b/345"", ""MCR_v1_seq100/11"", ""MCR_v1_seq100/73""]",1.0
E11,off_refine_off,relevant_refine_off,relevant_vs_off_without_refine,primary,ALL,clinical_complete,400,46,7,2,345,0.1325,0.12,-0.0125,0.1796875,"[-0.0275, 0.0025]","[""DA_d2_heldout200b/653"", ""MCR_v1_seq100/93""]","[""DA_d2_heldout100/254"", ""DA_d2_heldout200b/568"", ""MCR_seq200b/263"", ""MCR_seq200b/345"", ""MCR_seq200b/442"", ""MCR_seq200b/480"", ""MCR_v1_seq100/11""]",1.0
E11,random_refine_off,relevant_refine_off,relevant_vs_random_without_refine,primary,ALL,clinical_complete,400,45,3,3,349,0.12,0.12,0.0,1.0,"[-0.0125, 0.0125]","[""DA_d2_heldout200b/738"", ""MCR_v1_seq100/93"", ""MCR_v2_seq100/173""]","[""MCR_seq200b/263"", ""MCR_seq200b/345"", ""MCR_seq200b/451""]",1.0
E11,hard_negative_refine_off,hard_negative_refine_on,refine_effect_with_hard_negative_context,primary,ALL,compatible_partial,400,123,2,14,261,0.3125,0.3425,0.03,0.004180908203125,"[0.0125, 0.05]","[""DA_d2_heldout100/375"", ""DA_d2_heldout100/451"", ""DA_d2_heldout200b/459"", ""DA_d2_heldout200b/553"", ""DA_d2_heldout200b/634"", ""DA_d2_heldout200b/703"", ""DA_d2_heldout200b/719"", ""DA_d2_seq100/183"", ""DA_d2_seq100/59"", ""MCR_seq200b/420"", ""MCR_v1_seq100/6"", ""MCR_v2_seq100/196"", ""MCR_v2_seq100/203"", ""MCR_v2_seq100/242""]","[""DA_d2_heldout200b/698"", ""DA_d2_heldout200b/766""]",0.02508544921875
E11,random_refine_off,random_refine_on,refine_effect_with_random_context,primary,ALL,compatible_partial,400,128,1,6,265,0.3225,0.335,0.0125,0.125,"[0.0, 0.025]","[""DA_d2_heldout100/261"", ""DA_d2_heldout200b/634"", ""DA_d2_seq100/183"", ""DA_d2_seq100/67"", ""MCR_v1_seq100/6"", ""MCR_v2_seq100/242""]","[""DA_d2_heldout200b/488""]",0.625
E11,relevant_refine_off,relevant_refine_on,refine_effect_with_relevant_retrieval,primary,ALL,compatible_partial,400,123,4,10,263,0.3175,0.3325,0.015,0.1795654296875,"[-0.0025, 0.035]","[""DA_d2_heldout100/261"", ""DA_d2_heldout200b/459"", ""DA_d2_heldout200b/553"", ""DA_d2_heldout200b/568"", ""DA_d2_heldout200b/703"", ""DA_d2_heldout200b/719"", ""DA_d2_seq100/183"", ""MCR_v2_seq100/196"", ""MCR_v2_seq100/203"", ""MCR_v2_seq100/242""]","[""DA_d2_heldout100/361"", ""DA_d2_heldout200b/488"", ""DA_d2_seq100/67"", ""MCR_seq200b/345""]",0.71826171875
E11,off_refine_off,off_refine_on,refine_effect_with_retrieval_off,primary,ALL,compatible_partial,400,122,0,17,261,0.305,0.3475,0.0425,1.52587890625e-05,"[0.025, 0.0625]","[""DA_d2_heldout100/261"", ""DA_d2_heldout100/375"", ""DA_d2_heldout200b/553"", ""DA_d2_heldout200b/634"", ""DA_d2_heldout200b/650"", ""DA_d2_heldout200b/703"", ""DA_d2_heldout200b/719"", ""DA_d2_seq100/183"", ""DA_d2_seq100/21"", ""DA_d2_seq100/29"", ""DA_d2_seq100/67"", ""MCR_seq200b/317"", ""MCR_seq200b/385"", ""MCR_seq200b/420"", ""MCR_v1_seq100/6"", ""MCR_v2_seq100/196"", ""MCR_v2_seq100/203""]",[],0.0001068115234375
E11,hard_negative_refine_off,relevant_refine_off,relevant_vs_hard_negative_without_refine,primary,ALL,compatible_partial,400,112,13,15,260,0.3125,0.3175,0.005,0.8505540192127228,"[-0.02, 0.03]","[""DA_d2_heldout100/289"", ""DA_d2_heldout100/365"", ""DA_d2_heldout100/451"", ""DA_d2_heldout200b/488"", ""DA_d2_heldout200b/634"", ""DA_d2_heldout200b/746"", ""DA_d2_seq100/21"", ""DA_d2_seq100/28"", ""DA_d2_seq100/59"", ""DA_d2_seq100/67"", ""DA_d2_seq100/89"", ""MCR_seq200b/345"", ""MCR_seq200b/420"", ""MCR_seq200b/452"", ""MCR_v1_seq100/73""]","[""DA_d2_heldout100/434"", ""DA_d2_heldout200b/496"", ""DA_d2_heldout200b/636"", ""DA_d2_heldout200b/685"", ""DA_d2_heldout200b/698"", ""DA_d2_heldout200b/738"", ""DA_d2_seq100/114"", ""DA_d2_seq100/246"", ""MCR_v1_seq100/106"", ""MCR_v2_seq100/173"", ""MCR_v2_seq100/179"", ""MCR_v2_seq100/186"", ""MCR_v2_seq100/223""]",1.0
E11,off_refine_off,relevant_refine_off,relevant_vs_off_without_refine,primary,ALL,compatible_partial,400,111,11,16,262,0.305,0.3175,0.0125,0.44206833839416504,"[-0.0125, 0.0375]","[""DA_d2_heldout100/254"", ""DA_d2_heldout100/289"", ""DA_d2_heldout100/365"", ""DA_d2_heldout100/451"", ""DA_d2_heldout200b/488"", ""DA_d2_heldout200b/563"", ""DA_d2_heldout200b/634"", ""DA_d2_heldout200b/687"", ""DA_d2_heldout200b/741"", ""DA_d2_seq100/21"", ""DA_d2_seq100/67"", ""MCR_seq200b/345"", ""MCR_seq200b/420"", ""MCR_seq200b/452"", ""MCR_v1_seq100/58"", ""MCR_v2_seq100/139""]","[""DA_d2_heldout100/434"", ""DA_d2_heldout200b/459"", ""DA_d2_heldout200b/496"", ""DA_d2_heldout200b/636"", ""DA_d2_heldout200b/645"", ""DA_d2_heldout200b/685"", ""DA_d2_heldout200b/760"", ""DA_d2_seq100/114"", ""MCR_v1_seq100/106"", ""MCR_v2_seq100/179"", ""MCR_v2_seq100/186""]",1.0
E11,random_refine_off,relevant_refine_off,relevant_vs_random_without_refine,primary,ALL,compatible_partial,400,120,9,7,264,0.3225,0.3175,-0.005,0.803619384765625,"[-0.025, 0.015]","[""DA_d2_heldout100/289"", ""DA_d2_heldout200b/563"", ""DA_d2_heldout200b/634"", ""DA_d2_seq100/67"", ""MCR_seq200b/345"", ""MCR_seq200b/451"", ""MCR_v2_seq100/244""]","[""DA_d2_heldout100/434"", ""DA_d2_heldout200b/496"", ""DA_d2_heldout200b/636"", ""DA_d2_heldout200b/685"", ""DA_d2_heldout200b/738"", ""DA_d2_seq100/114"", ""MCR_v2_seq100/173"", ""MCR_v2_seq100/179"", ""MCR_v2_seq100/186""]",1.0
E11,hard_negative_refine_off,hard_negative_refine_on,refine_effect_with_hard_negative_context,primary,ALL,complete_or_compatible_partial,400,171,3,17,209,0.435,0.47,0.035,0.0025768280029296875,"[0.015, 0.0575]","[""DA_d2_heldout100/375"", ""DA_d2_heldout100/451"", ""DA_d2_heldout200b/459"", ""DA_d2_heldout200b/553"", ""DA_d2_heldout200b/634"", ""DA_d2_heldout200b/653"", ""DA_d2_heldout200b/703"", ""DA_d2_heldout200b/719"", ""DA_d2_seq100/183"", ""DA_d2_seq100/59"", ""MCR_seq200b/292"", ""MCR_seq200b/420"", ""MCR_v1_seq100/6"", ""MCR_v1_seq100/69"", ""MCR_v2_seq100/196"", ""MCR_v2_seq100/203"", ""MCR_v2_seq100/242""]","[""DA_d2_heldout200b/698"", ""DA_d2_heldout200b/766"", ""MCR_seq200b/252""]",0.015460968017578125
E11,random_refine_off,random_refine_on,refine_effect_with_random_context,primary,ALL,complete_or_compatible_partial,400,176,1,9,214,0.4425,0.4625,0.02,0.021484375,"[0.005, 0.0375]","[""DA_d2_heldout100/261"", ""DA_d2_heldout200b/634"", ""DA_d2_seq100/183"", ""DA_d2_seq100/67"", ""MCR_seq200b/292"", ""MCR_seq200b/442"", ""MCR_v1_seq100/6"", ""MCR_v1_seq100/69"", ""MCR_v2_seq100/242""]","[""DA_d2_heldout200b/488""]",0.107421875
E11,relevant_refine_off,relevant_refine_on,refine_effect_with_relevant_retrieval,primary,ALL,complete_or_compatible_partial,400,170,5,12,213,0.4375,0.455,0.0175,0.143463134765625,"[-0.0025, 0.0375]","[""DA_d2_heldout100/261"", ""DA_d2_heldout200b/459"", ""DA_d2_heldout200b/553"", ""DA_d2_heldout200b/568"", ""DA_d2_heldout200b/703"", ""DA_d2_heldout200b/719"", ""DA_d2_seq100/183"", ""MCR_seq200b/292"", ""MCR_v1_seq100/69"", ""MCR_v2_seq100/196"", ""MCR_v2_seq100/203"", ""MCR_v2_seq100/242""]","[""DA_d2_heldout100/361"", ""DA_d2_heldout200b/488"", ""DA_d2_seq100/67"", ""MCR_seq200b/326"", ""MCR_seq200b/441""]",0.5738525390625
E11,off_refine_off,off_refine_on,refine_effect_with_retrieval_off,primary,ALL,complete_or_compatible_partial,400,173,2,19,206,0.4375,0.48,0.0425,0.00022125244140625,"[0.0225, 0.065]","[""DA_d2_heldout100/261"", ""DA_d2_heldout100/375"", ""DA_d2_heldout100/452"", ""DA_d2_heldout200b/553"", ""DA_d2_heldout200b/634"", ""DA_d2_heldout200b/650"", ""DA_d2_heldout200b/703"", ""DA_d2_heldout200b/719"", ""DA_d2_seq100/183"", ""DA_d2_seq100/21"", ""DA_d2_seq100/29"", ""DA_d2_seq100/67"", ""MCR_seq200b/292"", ""MCR_seq200b/385"", ""MCR_seq200b/420"", ""MCR_v1_seq100/6"", ""MCR_v1_seq100/69"", ""MCR_v2_seq100/196"", ""MCR_v2_seq100/203""]","[""MCR_seq200b/441"", ""MCR_seq200b/480""]",0.00154876708984375
E11,hard_negative_refine_off,relevant_refine_off,relevant_vs_hard_negative_without_refine,primary,ALL,complete_or_compatible_partial,400,161,13,14,212,0.435,0.4375,0.0025,1.0,"[-0.0225, 0.0275]","[""DA_d2_heldout100/289"", ""DA_d2_heldout100/365"", ""DA_d2_heldout100/451"", ""DA_d2_heldout200b/488"", ""DA_d2_heldout200b/634"", ""DA_d2_heldout200b/653"", ""DA_d2_seq100/21"", ""DA_d2_seq100/28"", ""DA_d2_seq100/59"", ""DA_d2_seq100/67"", ""DA_d2_seq100/89"", ""MCR_seq200b/420"", ""MCR_seq200b/452"", ""MCR_v1_seq100/93""]","[""DA_d2_heldout100/434"", ""DA_d2_heldout200b/496"", ""DA_d2_heldout200b/636"", ""DA_d2_heldout200b/685"", ""DA_d2_heldout200b/698"", ""DA_d2_seq100/114"", ""DA_d2_seq100/246"", ""MCR_seq200b/263"", ""MCR_v1_seq100/106"", ""MCR_v1_seq100/11"", ""MCR_v2_seq100/179"", ""MCR_v2_seq100/186"", ""MCR_v2_seq100/223""]",1.0
E11,off_refine_off,relevant_refine_off,relevant_vs_off_without_refine,primary,ALL,complete_or_compatible_partial,400,159,16,16,209,0.4375,0.4375,0.0,1.0,"[-0.0275, 0.0275]","[""DA_d2_heldout100/289"", ""DA_d2_heldout100/365"", ""DA_d2_heldout100/451"", ""DA_d2_heldout200b/488"", ""DA_d2_heldout200b/563"", ""DA_d2_heldout200b/634"", ""DA_d2_heldout200b/653"", ""DA_d2_heldout200b/687"", ""DA_d2_heldout200b/741"", ""DA_d2_seq100/21"", ""DA_d2_seq100/67"", ""MCR_seq200b/420"", ""MCR_seq200b/452"", ""MCR_v1_seq100/58"", ""MCR_v1_seq100/93"", ""MCR_v2_seq100/139""]","[""DA_d2_heldout100/434"", ""DA_d2_heldout200b/459"", ""DA_d2_heldout200b/496"", ""DA_d2_heldout200b/568"", ""DA_d2_heldout200b/636"", ""DA_d2_heldout200b/645"", ""DA_d2_heldout200b/685"", ""DA_d2_heldout200b/760"", ""DA_d2_seq100/114"", ""MCR_seq200b/263"", ""MCR_seq200b/442"", ""MCR_seq200b/480"", ""MCR_v1_seq100/106"", ""MCR_v1_seq100/11"", ""MCR_v2_seq100/179"", ""MCR_v2_seq100/186""]",1.0
E11,random_refine_off,relevant_refine_off,relevant_vs_random_without_refine,primary,ALL,complete_or_compatible_partial,400,169,8,6,217,0.4425,0.4375,-0.005,0.79052734375,"[-0.0225, 0.0125]","[""DA_d2_heldout100/289"", ""DA_d2_heldout200b/563"", ""DA_d2_heldout200b/634"", ""DA_d2_seq100/67"", ""MCR_v1_seq100/93"", ""MCR_v2_seq100/244""]","[""DA_d2_heldout100/434"", ""DA_d2_heldout200b/496"", ""DA_d2_heldout200b/636"", ""DA_d2_heldout200b/685"", ""DA_d2_seq100/114"", ""MCR_seq200b/263"", ""MCR_v2_seq100/179"", ""MCR_v2_seq100/186""]",1.0
E11,hard_negative_refine_off,hard_negative_refine_on,refine_effect_with_hard_negative_context,primary,ALL,legacy_chain,400,72,6,2,320,0.195,0.185,-0.01,0.2890625,"[-0.025, 0.0025]","[""DA_d2_heldout200b/653"", ""MCR_v1_seq100/69""]","[""DA_d2_heldout100/268"", ""DA_d2_heldout200b/644"", ""DA_d2_heldout200b/698"", ""DA_d2_seq100/27"", ""MCR_seq200b/252"", ""MCR_seq200b/469""]",1.0
E11,random_refine_off,random_refine_on,refine_effect_with_random_context,primary,ALL,legacy_chain,400,73,4,2,321,0.1925,0.1875,-0.005,0.6875,"[-0.0175, 0.0075]","[""DA_d2_heldout100/261"", ""MCR_v1_seq100/69""]","[""DA_d2_heldout200b/488"", ""DA_d2_heldout200b/738"", ""DA_d2_seq100/27"", ""MCR_seq200b/469""]",1.0
E11,relevant_refine_off,relevant_refine_on,refine_effect_with_relevant_retrieval,primary,ALL,legacy_chain,400,72,6,5,317,0.195,0.1925,-0.0025,1.0,"[-0.0175, 0.012562]","[""DA_d2_heldout100/261"", ""DA_d2_heldout200b/568"", ""DA_d2_heldout200b/766"", ""MCR_v1_seq100/69"", ""MCR_v2_seq100/196""]","[""DA_d2_heldout200b/488"", ""DA_d2_heldout200b/523"", ""DA_d2_heldout200b/644"", ""MCR_seq200b/252"", ""MCR_seq200b/326"", ""MCR_seq200b/469""]",1.0
E11,off_refine_off,off_refine_on,refine_effect_with_retrieval_off,primary,ALL,legacy_chain,400,72,4,4,320,0.19,0.19,0.0,1.0,"[-0.015, 0.0125]","[""DA_d2_heldout100/261"", ""DA_d2_heldout200b/650"", ""MCR_v1_seq100/69"", ""MCR_v2_seq100/196""]","[""DA_d2_seq100/27"", ""MCR_seq200b/317"", ""MCR_seq200b/469"", ""MCR_seq200b/480""]",1.0
E11,hard_negative_refine_off,relevant_refine_off,relevant_vs_hard_negative_without_refine,primary,ALL,legacy_chain,400,72,6,6,316,0.195,0.195,0.0,1.0,"[-0.0175, 0.0175]","[""DA_d2_heldout100/415"", ""DA_d2_heldout200b/488"", ""DA_d2_heldout200b/574"", ""DA_d2_heldout200b/615"", ""DA_d2_heldout200b/713"", ""MCR_v1_seq100/93""]","[""DA_d2_heldout100/268"", ""DA_d2_heldout100/314"", ""DA_d2_heldout200b/698"", ""MCR_seq200b/263"", ""MCR_seq200b/285"", ""MCR_v1_seq100/11""]",1.0
E11,off_refine_off,relevant_refine_off,relevant_vs_off_without_refine,primary,ALL,legacy_chain,400,70,6,8,316,0.19,0.195,0.005,0.79052734375,"[-0.0125, 0.0225]","[""DA_d2_heldout100/415"", ""DA_d2_heldout200b/488"", ""DA_d2_heldout200b/574"", ""DA_d2_heldout200b/615"", ""DA_d2_heldout200b/713"", ""DA_d2_seq100/237"", ""MCR_v1_seq100/93"", ""MCR_v2_seq100/139""]","[""DA_d2_heldout200b/568"", ""DA_d2_heldout200b/766"", ""MCR_seq200b/263"", ""MCR_seq200b/480"", ""MCR_v1_seq100/11"", ""MCR_v2_seq100/186""]",1.0
E11,random_refine_off,relevant_refine_off,relevant_vs_random_without_refine,primary,ALL,legacy_chain,400,74,3,4,319,0.1925,0.195,0.0025,1.0,"[-0.01, 0.015]","[""DA_d2_heldout200b/574"", ""DA_d2_heldout200b/577"", ""DA_d2_heldout200b/615"", ""MCR_v1_seq100/93""]","[""DA_d2_heldout200b/653"", ""DA_d2_heldout200b/738"", ""MCR_seq200b/263""]",1.0
E11,hard_negative_refine_off,hard_negative_refine_on,refine_effect_with_hard_negative_context,primary,ALL,safe_exact,400,26,1,1,372,0.0675,0.0675,0.0,1.0,"[-0.0075, 0.0075]","[""MCR_v1_seq100/69""]","[""MCR_seq200b/252""]",1.0
E11,random_refine_off,random_refine_on,refine_effect_with_random_context,primary,ALL,safe_exact,400,24,0,1,375,0.06,0.0625,0.0025,1.0,"[0.0, 0.0075]","[""MCR_v1_seq100/69""]",[],1.0
E11,relevant_refine_off,relevant_refine_on,refine_effect_with_relevant_retrieval,primary,ALL,safe_exact,400,21,3,2,374,0.06,0.0575,-0.0025,1.0,"[-0.0125, 0.0075]","[""MCR_seq200b/345"", ""MCR_v1_seq100/69""]","[""MCR_seq200b/252"", ""MCR_seq200b/326"", ""MCR_seq200b/441""]",1.0
E11,off_refine_off,off_refine_on,refine_effect_with_retrieval_off,primary,ALL,safe_exact,400,26,3,1,370,0.0725,0.0675,-0.005,0.625,"[-0.015, 0.005]","[""MCR_v1_seq100/69""]","[""MCR_seq200b/317"", ""MCR_seq200b/441"", ""MCR_seq200b/480""]",1.0
E11,hard_negative_refine_off,relevant_refine_off,relevant_vs_hard_negative_without_refine,primary,ALL,safe_exact,400,23,4,1,372,0.0675,0.06,-0.0075,0.375,"[-0.02, 0.0025]","[""MCR_v2_seq100/173""]","[""DA_d2_heldout100/314"", ""MCR_seq200b/263"", ""MCR_seq200b/285"", ""MCR_seq200b/345""]",1.0
E11,off_refine_off,relevant_refine_off,relevant_vs_off_without_refine,primary,ALL,safe_exact,400,24,5,0,371,0.0725,0.06,-0.0125,0.0625,"[-0.025, -0.0025]",[],"[""DA_d2_heldout200b/568"", ""MCR_seq200b/263"", ""MCR_seq200b/345"", ""MCR_seq200b/480"", ""MCR_v1_seq100/22""]",0.4375
E11,random_refine_off,relevant_refine_off,relevant_vs_random_without_refine,primary,ALL,safe_exact,400,22,2,2,374,0.06,0.06,0.0,1.0,"[-0.01, 0.01]","[""MCR_seq200b/309"", ""MCR_v2_seq100/173""]","[""MCR_seq200b/263"", ""MCR_seq200b/345""]",1.0
E11,hard_negative_refine_off,hard_negative_refine_on,refine_effect_with_hard_negative_context,primary,DA,clinical_complete,200,6,0,1,193,0.03,0.035,0.005,1.0,"[0.0, 0.015]","[""DA_d2_heldout200b/653""]",[],1.0
E11,random_refine_off,random_refine_on,refine_effect_with_random_context,primary,DA,clinical_complete,200,6,0,0,194,0.03,0.03,0.0,1.0,"[0.0, 0.0]",[],[],1.0
E11,relevant_refine_off,relevant_refine_on,refine_effect_with_relevant_retrieval,primary,DA,clinical_complete,200,7,0,0,193,0.035,0.035,0.0,1.0,"[0.0, 0.0]",[],[],1.0
E11,off_refine_off,off_refine_on,refine_effect_with_retrieval_off,primary,DA,clinical_complete,200,8,0,1,191,0.04,0.045,0.005,1.0,"[0.0, 0.015]","[""DA_d2_heldout100/452""]",[],1.0
E11,hard_negative_refine_off,relevant_refine_off,relevant_vs_hard_negative_without_refine,primary,DA,clinical_complete,200,5,1,2,192,0.03,0.035,0.005,1.0,"[-0.01, 0.025]","[""DA_d2_heldout200b/653"", ""DA_d2_heldout200b/738""]","[""DA_d2_heldout200b/746""]",1.0
E11,off_refine_off,relevant_refine_off,relevant_vs_off_without_refine,primary,DA,clinical_complete,200,6,2,1,191,0.04,0.035,-0.005,1.0,"[-0.025, 0.01]","[""DA_d2_heldout200b/653""]","[""DA_d2_heldout100/254"", ""DA_d2_heldout200b/568""]",1.0
E11,random_refine_off,relevant_refine_off,relevant_vs_random_without_refine,primary,DA,clinical_complete,200,6,0,1,193,0.03,0.035,0.005,1.0,"[0.0, 0.015]","[""DA_d2_heldout200b/738""]",[],1.0
E11,hard_negative_refine_off,hard_negative_refine_on,refine_effect_with_hard_negative_context,primary,DA,compatible_partial,200,93,2,9,96,0.475,0.51,0.035,0.0654296875,"[0.005, 0.07]","[""DA_d2_heldout100/375"", ""DA_d2_heldout100/451"", ""DA_d2_heldout200b/459"", ""DA_d2_heldout200b/553"", ""DA_d2_heldout200b/634"", ""DA_d2_heldout200b/703"", ""DA_d2_heldout200b/719"", ""DA_d2_seq100/183"", ""DA_d2_seq100/59""]","[""DA_d2_heldout200b/698"", ""DA_d2_heldout200b/766""]",0.392578125
E11,random_refine_off,random_refine_on,refine_effect_with_random_context,primary,DA,compatible_partial,200,99,1,4,96,0.5,0.515,0.015,0.375,"[-0.005, 0.04]","[""DA_d2_heldout100/261"", ""DA_d2_heldout200b/634"", ""DA_d2_seq100/183"", ""DA_d2_seq100/67""]","[""DA_d2_heldout200b/488""]",1.0
E11,relevant_refine_off,relevant_refine_on,refine_effect_with_relevant_retrieval,primary,DA,compatible_partial,200,95,3,7,95,0.49,0.51,0.02,0.34375,"[-0.01, 0.05]","[""DA_d2_heldout100/261"", ""DA_d2_heldout200b/459"", ""DA_d2_heldout200b/553"", ""DA_d2_heldout200b/568"", ""DA_d2_heldout200b/703"", ""DA_d2_heldout200b/719"", ""DA_d2_seq100/183""]","[""DA_d2_heldout100/361"", ""DA_d2_heldout200b/488"", ""DA_d2_seq100/67""]",1.0
E11,off_refine_off,off_refine_on,refine_effect_with_retrieval_off,primary,DA,compatible_partial,200,95,0,11,94,0.475,0.53,0.055,0.0009765625,"[0.025, 0.09]","[""DA_d2_heldout100/261"", ""DA_d2_heldout100/375"", ""DA_d2_heldout200b/553"", ""DA_d2_heldout200b/634"", ""DA_d2_heldout200b/650"", ""DA_d2_heldout200b/703"", ""DA_d2_heldout200b/719"", ""DA_d2_seq100/183"", ""DA_d2_seq100/21"", ""DA_d2_seq100/29"", ""DA_d2_seq100/67""]",[],0.0068359375
E11,hard_negative_refine_off,relevant_refine_off,relevant_vs_hard_negative_without_refine,primary,DA,compatible_partial,200,87,8,11,94,0.475,0.49,0.015,0.6476058959960938,"[-0.03, 0.055]","[""DA_d2_heldout100/289"", ""DA_d2_heldout100/365"", ""DA_d2_heldout100/451"", ""DA_d2_heldout200b/488"", ""DA_d2_heldout200b/634"", ""DA_d2_heldout200b/746"", ""DA_d2_seq100/21"", ""DA_d2_seq100/28"", ""DA_d2_seq100/59"", ""DA_d2_seq100/67"", ""DA_d2_seq100/89""]","[""DA_d2_heldout100/434"", ""DA_d2_heldout200b/496"", ""DA_d2_heldout200b/636"", ""DA_d2_heldout200b/685"", ""DA_d2_heldout200b/698"", ""DA_d2_heldout200b/738"", ""DA_d2_seq100/114"", ""DA_d2_seq100/246""]",1.0
E11,off_refine_off,relevant_refine_off,relevant_vs_off_without_refine,primary,DA,compatible_partial,200,87,8,11,94,0.475,0.49,0.015,0.6476058959960938,"[-0.03, 0.06]","[""DA_d2_heldout100/254"", ""DA_d2_heldout100/289"", ""DA_d2_heldout100/365"", ""DA_d2_heldout100/451"", ""DA_d2_heldout200b/488"", ""DA_d2_heldout200b/563"", ""DA_d2_heldout200b/634"", ""DA_d2_heldout200b/687"", ""DA_d2_heldout200b/741"", ""DA_d2_seq100/21"", ""DA_d2_seq100/67""]","[""DA_d2_heldout100/434"", ""DA_d2_heldout200b/459"", ""DA_d2_heldout200b/496"", ""DA_d2_heldout200b/636"", ""DA_d2_heldout200b/645"", ""DA_d2_heldout200b/685"", ""DA_d2_heldout200b/760"", ""DA_d2_seq100/114""]",1.0
E11,random_refine_off,relevant_refine_off,relevant_vs_random_without_refine,primary,DA,compatible_partial,200,94,6,4,96,0.5,0.49,-0.01,0.75390625,"[-0.04, 0.02]","[""DA_d2_heldout100/289"", ""DA_d2_heldout200b/563"", ""DA_d2_heldout200b/634"", ""DA_d2_seq100/67""]","[""DA_d2_heldout100/434"", ""DA_d2_heldout200b/496"", ""DA_d2_heldout200b/636"", ""DA_d2_heldout200b/685"", ""DA_d2_heldout200b/738"", ""DA_d2_seq100/114""]",1.0
E11,hard_negative_refine_off,hard_negative_refine_on,refine_effect_with_hard_negative_context,primary,DA,complete_or_compatible_partial,200,99,2,10,89,0.505,0.545,0.04,0.03857421875,"[0.01, 0.075]","[""DA_d2_heldout100/375"", ""DA_d2_heldout100/451"", ""DA_d2_heldout200b/459"", ""DA_d2_heldout200b/553"", ""DA_d2_heldout200b/634"", ""DA_d2_heldout200b/653"", ""DA_d2_heldout200b/703"", ""DA_d2_heldout200b/719"", ""DA_d2_seq100/183"", ""DA_d2_seq100/59""]","[""DA_d2_heldout200b/698"", ""DA_d2_heldout200b/766""]",0.2314453125
E11,random_refine_off,random_refine_on,refine_effect_with_random_context,primary,DA,complete_or_compatible_partial,200,105,1,4,90,0.53,0.545,0.015,0.375,"[-0.005, 0.04]","[""DA_d2_heldout100/261"", ""DA_d2_heldout200b/634"", ""DA_d2_seq100/183"", ""DA_d2_seq100/67""]","[""DA_d2_heldout200b/488""]",1.0
E11,relevant_refine_off,relevant_refine_on,refine_effect_with_relevant_retrieval,primary,DA,complete_or_compatible_partial,200,102,3,7,88,0.525,0.545,0.02,0.34375,"[-0.01, 0.05]","[""DA_d2_heldout100/261"", ""DA_d2_heldout200b/459"", ""DA_d2_heldout200b/553"", ""DA_d2_heldout200b/568"", ""DA_d2_heldout200b/703"", ""DA_d2_heldout200b/719"", ""DA_d2_seq100/183""]","[""DA_d2_heldout100/361"", ""DA_d2_heldout200b/488"", ""DA_d2_seq100/67""]",1.0
E11,off_refine_off,off_refine_on,refine_effect_with_retrieval_off,primary,DA,complete_or_compatible_partial,200,103,0,12,85,0.515,0.575,0.06,0.00048828125,"[0.03, 0.095]","[""DA_d2_heldout100/261"", ""DA_d2_heldout100/375"", ""DA_d2_heldout100/452"", ""DA_d2_heldout200b/553"", ""DA_d2_heldout200b/634"", ""DA_d2_heldout200b/650"", ""DA_d2_heldout200b/703"", ""DA_d2_heldout200b/719"", ""DA_d2_seq100/183"", ""DA_d2_seq100/21"", ""DA_d2_seq100/29"", ""DA_d2_seq100/67""]",[],0.00341796875
E11,hard_negative_refine_off,relevant_refine_off,relevant_vs_hard_negative_without_refine,primary,DA,complete_or_compatible_partial,200,94,7,11,88,0.505,0.525,0.02,0.480682373046875,"[-0.02, 0.06]","[""DA_d2_heldout100/289"", ""DA_d2_heldout100/365"", ""DA_d2_heldout100/451"", ""DA_d2_heldout200b/488"", ""DA_d2_heldout200b/634"", ""DA_d2_heldout200b/653"", ""DA_d2_seq100/21"", ""DA_d2_seq100/28"", ""DA_d2_seq100/59"", ""DA_d2_seq100/67"", ""DA_d2_seq100/89""]","[""DA_d2_heldout100/434"", ""DA_d2_heldout200b/496"", ""DA_d2_heldout200b/636"", ""DA_d2_heldout200b/685"", ""DA_d2_heldout200b/698"", ""DA_d2_seq100/114"", ""DA_d2_seq100/246""]",1.0
E11,off_refine_off,relevant_refine_off,relevant_vs_off_without_refine,primary,DA,complete_or_compatible_partial,200,94,9,11,86,0.515,0.525,0.01,0.8238029479980469,"[-0.035, 0.055]","[""DA_d2_heldout100/289"", ""DA_d2_heldout100/365"", ""DA_d2_heldout100/451"", ""DA_d2_heldout200b/488"", ""DA_d2_heldout200b/563"", ""DA_d2_heldout200b/634"", ""DA_d2_heldout200b/653"", ""DA_d2_heldout200b/687"", ""DA_d2_heldout200b/741"", ""DA_d2_seq100/21"", ""DA_d2_seq100/67""]","[""DA_d2_heldout100/434"", ""DA_d2_heldout200b/459"", ""DA_d2_heldout200b/496"", ""DA_d2_heldout200b/568"", ""DA_d2_heldout200b/636"", ""DA_d2_heldout200b/645"", ""DA_d2_heldout200b/685"", ""DA_d2_heldout200b/760"", ""DA_d2_seq100/114""]",1.0
E11,random_refine_off,relevant_refine_off,relevant_vs_random_without_refine,primary,DA,complete_or_compatible_partial,200,101,5,4,90,0.53,0.525,-0.005,1.0,"[-0.035, 0.025]","[""DA_d2_heldout100/289"", ""DA_d2_heldout200b/563"", ""DA_d2_heldout200b/634"", ""DA_d2_seq100/67""]","[""DA_d2_heldout100/434"", ""DA_d2_heldout200b/496"", ""DA_d2_heldout200b/636"", ""DA_d2_heldout200b/685"", ""DA_d2_seq100/114""]",1.0
E11,hard_negative_refine_off,hard_negative_refine_on,refine_effect_with_hard_negative_context,primary,DA,legacy_chain,200,33,4,1,162,0.185,0.17,-0.015,0.375,"[-0.04, 0.005]","[""DA_d2_heldout200b/653""]","[""DA_d2_heldout100/268"", ""DA_d2_heldout200b/644"", ""DA_d2_heldout200b/698"", ""DA_d2_seq100/27""]",1.0
E11,random_refine_off,random_refine_on,refine_effect_with_random_context,primary,DA,legacy_chain,200,35,3,1,161,0.19,0.18,-0.01,0.625,"[-0.03, 0.01]","[""DA_d2_heldout100/261""]","[""DA_d2_heldout200b/488"", ""DA_d2_heldout200b/738"", ""DA_d2_seq100/27""]",1.0
E11,relevant_refine_off,relevant_refine_on,refine_effect_with_relevant_retrieval,primary,DA,legacy_chain,200,36,3,3,158,0.195,0.195,0.0,1.0,"[-0.025, 0.025]","[""DA_d2_heldout100/261"", ""DA_d2_heldout200b/568"", ""DA_d2_heldout200b/766""]","[""DA_d2_heldout200b/488"", ""DA_d2_heldout200b/523"", ""DA_d2_heldout200b/644""]",1.0
E11,off_refine_off,off_refine_on,refine_effect_with_retrieval_off,primary,DA,legacy_chain,200,34,1,2,163,0.175,0.18,0.005,1.0,"[-0.01, 0.025]","[""DA_d2_heldout100/261"", ""DA_d2_heldout200b/650""]","[""DA_d2_seq100/27""]",1.0
E11,hard_negative_refine_off,relevant_refine_off,relevant_vs_hard_negative_without_refine,primary,DA,legacy_chain,200,34,3,5,158,0.185,0.195,0.01,0.7265625,"[-0.015, 0.04]","[""DA_d2_heldout100/415"", ""DA_d2_heldout200b/488"", ""DA_d2_heldout200b/574"", ""DA_d2_heldout200b/615"", ""DA_d2_heldout200b/713""]","[""DA_d2_heldout100/268"", ""DA_d2_heldout100/314"", ""DA_d2_heldout200b/698""]",1.0
E11,off_refine_off,relevant_refine_off,relevant_vs_off_without_refine,primary,DA,legacy_chain,200,33,2,6,159,0.175,0.195,0.02,0.2890625,"[-0.005, 0.05]","[""DA_d2_heldout100/415"", ""DA_d2_heldout200b/488"", ""DA_d2_heldout200b/574"", ""DA_d2_heldout200b/615"", ""DA_d2_heldout200b/713"", ""DA_d2_seq100/237""]","[""DA_d2_heldout200b/568"", ""DA_d2_heldout200b/766""]",1.0
E11,random_refine_off,relevant_refine_off,relevant_vs_random_without_refine,primary,DA,legacy_chain,200,36,2,3,159,0.19,0.195,0.005,1.0,"[-0.015, 0.025]","[""DA_d2_heldout200b/574"", ""DA_d2_heldout200b/577"", ""DA_d2_heldout200b/615""]","[""DA_d2_heldout200b/653"", ""DA_d2_heldout200b/738""]",1.0
E11,hard_negative_refine_off,hard_negative_refine_on,refine_effect_with_hard_negative_context,primary,DA,safe_exact,200,2,0,0,198,0.01,0.01,0.0,1.0,"[0.0, 0.0]",[],[],1.0
E11,random_refine_off,random_refine_on,refine_effect_with_random_context,primary,DA,safe_exact,200,1,0,0,199,0.005,0.005,0.0,1.0,"[0.0, 0.0]",[],[],1.0
E11,relevant_refine_off,relevant_refine_on,refine_effect_with_relevant_retrieval,primary,DA,safe_exact,200,1,0,0,199,0.005,0.005,0.0,1.0,"[0.0, 0.0]",[],[],1.0
E11,off_refine_off,off_refine_on,refine_effect_with_retrieval_off,primary,DA,safe_exact,200,2,0,0,198,0.01,0.01,0.0,1.0,"[0.0, 0.0]",[],[],1.0
E11,hard_negative_refine_off,relevant_refine_off,relevant_vs_hard_negative_without_refine,primary,DA,safe_exact,200,1,1,0,198,0.01,0.005,-0.005,1.0,"[-0.015, 0.0]",[],"[""DA_d2_heldout100/314""]",1.0
E11,off_refine_off,relevant_refine_off,relevant_vs_off_without_refine,primary,DA,safe_exact,200,1,1,0,198,0.01,0.005,-0.005,1.0,"[-0.015, 0.0]",[],"[""DA_d2_heldout200b/568""]",1.0
E11,random_refine_off,relevant_refine_off,relevant_vs_random_without_refine,primary,DA,safe_exact,200,1,0,0,199,0.005,0.005,0.0,1.0,"[0.0, 0.0]",[],[],1.0
E11,hard_negative_refine_off,hard_negative_refine_on,refine_effect_with_hard_negative_context,primary,MCR,clinical_complete,200,42,1,2,155,0.215,0.22,0.005,1.0,"[-0.01, 0.025]","[""MCR_seq200b/292"", ""MCR_v1_seq100/69""]","[""MCR_seq200b/252""]",1.0
E11,random_refine_off,random_refine_on,refine_effect_with_random_context,primary,MCR,clinical_complete,200,42,0,3,155,0.21,0.225,0.015,0.25,"[0.0, 0.035]","[""MCR_seq200b/292"", ""MCR_seq200b/442"", ""MCR_v1_seq100/69""]",[],1.0
E11,relevant_refine_off,relevant_refine_on,refine_effect_with_relevant_retrieval,primary,MCR,clinical_complete,200,39,2,3,156,0.205,0.21,0.005,1.0,"[-0.015, 0.03]","[""MCR_seq200b/292"", ""MCR_seq200b/345"", ""MCR_v1_seq100/69""]","[""MCR_seq200b/326"", ""MCR_seq200b/441""]",1.0
E11,off_refine_off,off_refine_on,refine_effect_with_retrieval_off,primary,MCR,clinical_complete,200,42,3,2,153,0.225,0.22,-0.005,1.0,"[-0.025, 0.015]","[""MCR_seq200b/292"", ""MCR_v1_seq100/69""]","[""MCR_seq200b/317"", ""MCR_seq200b/441"", ""MCR_seq200b/480""]",1.0
E11,hard_negative_refine_off,relevant_refine_off,relevant_vs_hard_negative_without_refine,primary,MCR,clinical_complete,200,39,4,2,155,0.215,0.205,-0.01,0.6875,"[-0.035, 0.015]","[""MCR_v1_seq100/93"", ""MCR_v2_seq100/173""]","[""MCR_seq200b/263"", ""MCR_seq200b/345"", ""MCR_v1_seq100/11"", ""MCR_v1_seq100/73""]",1.0
E11,off_refine_off,relevant_refine_off,relevant_vs_off_without_refine,primary,MCR,clinical_complete,200,40,5,1,154,0.225,0.205,-0.02,0.21875,"[-0.045, 0.0]","[""MCR_v1_seq100/93""]","[""MCR_seq200b/263"", ""MCR_seq200b/345"", ""MCR_seq200b/442"", ""MCR_seq200b/480"", ""MCR_v1_seq100/11""]",1.0
E11,random_refine_off,relevant_refine_off,relevant_vs_random_without_refine,primary,MCR,clinical_complete,200,39,3,2,156,0.21,0.205,-0.005,1.0,"[-0.025, 0.015]","[""MCR_v1_seq100/93"", ""MCR_v2_seq100/173""]","[""MCR_seq200b/263"", ""MCR_seq200b/345"", ""MCR_seq200b/451""]",1.0
E11,hard_negative_refine_off,hard_negative_refine_on,refine_effect_with_hard_negative_context,primary,MCR,compatible_partial,200,30,0,5,165,0.15,0.175,0.025,0.0625,"[0.005, 0.05]","[""MCR_seq200b/420"", ""MCR_v1_seq100/6"", ""MCR_v2_seq100/196"", ""MCR_v2_seq100/203"", ""MCR_v2_seq100/242""]",[],0.375
E11,random_refine_off,random_refine_on,refine_effect_with_random_context,primary,MCR,compatible_partial,200,29,0,2,169,0.145,0.155,0.01,0.5,"[0.0, 0.025]","[""MCR_v1_seq100/6"", ""MCR_v2_seq100/242""]",[],1.0
E11,relevant_refine_off,relevant_refine_on,refine_effect_with_relevant_retrieval,primary,MCR,compatible_partial,200,28,1,3,168,0.145,0.155,0.01,0.625,"[-0.01, 0.03]","[""MCR_v2_seq100/196"", ""MCR_v2_seq100/203"", ""MCR_v2_seq100/242""]","[""MCR_seq200b/345""]",1.0
E11,off_refine_off,off_refine_on,refine_effect_with_retrieval_off,primary,MCR,compatible_partial,200,27,0,6,167,0.135,0.165,0.03,0.03125,"[0.01, 0.055]","[""MCR_seq200b/317"", ""MCR_seq200b/385"", ""MCR_seq200b/420"", ""MCR_v1_seq100/6"", ""MCR_v2_seq100/196"", ""MCR_v2_seq100/203""]",[],0.21875
E11,hard_negative_refine_off,relevant_refine_off,relevant_vs_hard_negative_without_refine,primary,MCR,compatible_partial,200,25,5,4,166,0.15,0.145,-0.005,1.0,"[-0.035, 0.025]","[""MCR_seq200b/345"", ""MCR_seq200b/420"", ""MCR_seq200b/452"", ""MCR_v1_seq100/73""]","[""MCR_v1_seq100/106"", ""MCR_v2_seq100/173"", ""MCR_v2_seq100/179"", ""MCR_v2_seq100/186"", ""MCR_v2_seq100/223""]",1.0
E11,off_refine_off,relevant_refine_off,relevant_vs_off_without_refine,primary,MCR,compatible_partial,200,24,3,5,168,0.135,0.145,0.01,0.7265625,"[-0.015, 0.04]","[""MCR_seq200b/345"", ""MCR_seq200b/420"", ""MCR_seq200b/452"", ""MCR_v1_seq100/58"", ""MCR_v2_seq100/139""]","[""MCR_v1_seq100/106"", ""MCR_v2_seq100/179"", ""MCR_v2_seq100/186""]",1.0
E11,random_refine_off,relevant_refine_off,relevant_vs_random_without_refine,primary,MCR,compatible_partial,200,26,3,3,168,0.145,0.145,0.0,1.0,"[-0.025, 0.025]","[""MCR_seq200b/345"", ""MCR_seq200b/451"", ""MCR_v2_seq100/244""]","[""MCR_v2_seq100/173"", ""MCR_v2_seq100/179"", ""MCR_v2_seq100/186""]",1.0
E11,hard_negative_refine_off,hard_negative_refine_on,refine_effect_with_hard_negative_context,primary,MCR,complete_or_compatible_partial,200,72,1,7,120,0.365,0.395,0.03,0.0703125,"[0.005, 0.06]","[""MCR_seq200b/292"", ""MCR_seq200b/420"", ""MCR_v1_seq100/6"", ""MCR_v1_seq100/69"", ""MCR_v2_seq100/196"", ""MCR_v2_seq100/203"", ""MCR_v2_seq100/242""]","[""MCR_seq200b/252""]",0.4375
E11,random_refine_off,random_refine_on,refine_effect_with_random_context,primary,MCR,complete_or_compatible_partial,200,71,0,5,124,0.355,0.38,0.025,0.0625,"[0.005, 0.05]","[""MCR_seq200b/292"", ""MCR_seq200b/442"", ""MCR_v1_seq100/6"", ""MCR_v1_seq100/69"", ""MCR_v2_seq100/242""]",[],0.4375
E11,relevant_refine_off,relevant_refine_on,refine_effect_with_relevant_retrieval,primary,MCR,complete_or_compatible_partial,200,68,2,5,125,0.35,0.365,0.015,0.453125,"[-0.01, 0.04]","[""MCR_seq200b/292"", ""MCR_v1_seq100/69"", ""MCR_v2_seq100/196"", ""MCR_v2_seq100/203"", ""MCR_v2_seq100/242""]","[""MCR_seq200b/326"", ""MCR_seq200b/441""]",1.0
E11,off_refine_off,off_refine_on,refine_effect_with_retrieval_off,primary,MCR,complete_or_compatible_partial,200,70,2,7,121,0.36,0.385,0.025,0.1796875,"[0.0, 0.055]","[""MCR_seq200b/292"", ""MCR_seq200b/385"", ""MCR_seq200b/420"", ""MCR_v1_seq100/6"", ""MCR_v1_seq100/69"", ""MCR_v2_seq100/196"", ""MCR_v2_seq100/203""]","[""MCR_seq200b/441"", ""MCR_seq200b/480""]",0.8984375
E11,hard_negative_refine_off,relevant_refine_off,relevant_vs_hard_negative_without_refine,primary,MCR,complete_or_compatible_partial,200,67,6,3,124,0.365,0.35,-0.015,0.5078125,"[-0.045, 0.015]","[""MCR_seq200b/420"", ""MCR_seq200b/452"", ""MCR_v1_seq100/93""]","[""MCR_seq200b/263"", ""MCR_v1_seq100/106"", ""MCR_v1_seq100/11"", ""MCR_v2_seq100/179"", ""MCR_v2_seq100/186"", ""MCR_v2_seq100/223""]",1.0
E11,off_refine_off,relevant_refine_off,relevant_vs_off_without_refine,primary,MCR,complete_or_compatible_partial,200,65,7,5,123,0.36,0.35,-0.01,0.7744140625,"[-0.045, 0.025]","[""MCR_seq200b/420"", ""MCR_seq200b/452"", ""MCR_v1_seq100/58"", ""MCR_v1_seq100/93"", ""MCR_v2_seq100/139""]","[""MCR_seq200b/263"", ""MCR_seq200b/442"", ""MCR_seq200b/480"", ""MCR_v1_seq100/106"", ""MCR_v1_seq100/11"", ""MCR_v2_seq100/179"", ""MCR_v2_seq100/186""]",1.0
E11,random_refine_off,relevant_refine_off,relevant_vs_random_without_refine,primary,MCR,complete_or_compatible_partial,200,68,3,2,127,0.355,0.35,-0.005,1.0,"[-0.025, 0.015]","[""MCR_v1_seq100/93"", ""MCR_v2_seq100/244""]","[""MCR_seq200b/263"", ""MCR_v2_seq100/179"", ""MCR_v2_seq100/186""]",1.0
E11,hard_negative_refine_off,hard_negative_refine_on,refine_effect_with_hard_negative_context,primary,MCR,legacy_chain,200,39,2,1,158,0.205,0.2,-0.005,1.0,"[-0.025, 0.01]","[""MCR_v1_seq100/69""]","[""MCR_seq200b/252"", ""MCR_seq200b/469""]",1.0
E11,random_refine_off,random_refine_on,refine_effect_with_random_context,primary,MCR,legacy_chain,200,38,1,1,160,0.195,0.195,0.0,1.0,"[-0.015, 0.015]","[""MCR_v1_seq100/69""]","[""MCR_seq200b/469""]",1.0
E11,relevant_refine_off,relevant_refine_on,refine_effect_with_relevant_retrieval,primary,MCR,legacy_chain,200,36,3,2,159,0.195,0.19,-0.005,1.0,"[-0.025, 0.015]","[""MCR_v1_seq100/69"", ""MCR_v2_seq100/196""]","[""MCR_seq200b/252"", ""MCR_seq200b/326"", ""MCR_seq200b/469""]",1.0
E11,off_refine_off,off_refine_on,refine_effect_with_retrieval_off,primary,MCR,legacy_chain,200,38,3,2,157,0.205,0.2,-0.005,1.0,"[-0.03, 0.015]","[""MCR_v1_seq100/69"", ""MCR_v2_seq100/196""]","[""MCR_seq200b/317"", ""MCR_seq200b/469"", ""MCR_seq200b/480""]",1.0
E11,hard_negative_refine_off,relevant_refine_off,relevant_vs_hard_negative_without_refine,primary,MCR,legacy_chain,200,38,3,1,158,0.205,0.195,-0.01,0.625,"[-0.03, 0.01]","[""MCR_v1_seq100/93""]","[""MCR_seq200b/263"", ""MCR_seq200b/285"", ""MCR_v1_seq100/11""]",1.0
E11,off_refine_off,relevant_refine_off,relevant_vs_off_without_refine,primary,MCR,legacy_chain,200,37,4,2,157,0.205,0.195,-0.01,0.6875,"[-0.035, 0.015]","[""MCR_v1_seq100/93"", ""MCR_v2_seq100/139""]","[""MCR_seq200b/263"", ""MCR_seq200b/480"", ""MCR_v1_seq100/11"", ""MCR_v2_seq100/186""]",1.0
E11,random_refine_off,relevant_refine_off,relevant_vs_random_without_refine,primary,MCR,legacy_chain,200,38,1,1,160,0.195,0.195,0.0,1.0,"[-0.015, 0.015]","[""MCR_v1_seq100/93""]","[""MCR_seq200b/263""]",1.0
E11,hard_negative_refine_off,hard_negative_refine_on,refine_effect_with_hard_negative_context,primary,MCR,safe_exact,200,24,1,1,174,0.125,0.125,0.0,1.0,"[-0.015, 0.015]","[""MCR_v1_seq100/69""]","[""MCR_seq200b/252""]",1.0
E11,random_refine_off,random_refine_on,refine_effect_with_random_context,primary,MCR,safe_exact,200,23,0,1,176,0.115,0.12,0.005,1.0,"[0.0, 0.015]","[""MCR_v1_seq100/69""]",[],1.0
E11,relevant_refine_off,relevant_refine_on,refine_effect_with_relevant_retrieval,primary,MCR,safe_exact,200,20,3,2,175,0.115,0.11,-0.005,1.0,"[-0.025, 0.015]","[""MCR_seq200b/345"", ""MCR_v1_seq100/69""]","[""MCR_seq200b/252"", ""MCR_seq200b/326"", ""MCR_seq200b/441""]",1.0
E11,off_refine_off,off_refine_on,refine_effect_with_retrieval_off,primary,MCR,safe_exact,200,24,3,1,172,0.135,0.125,-0.01,0.625,"[-0.03, 0.01]","[""MCR_v1_seq100/69""]","[""MCR_seq200b/317"", ""MCR_seq200b/441"", ""MCR_seq200b/480""]",1.0
E11,hard_negative_refine_off,relevant_refine_off,relevant_vs_hard_negative_without_refine,primary,MCR,safe_exact,200,22,3,1,174,0.125,0.115,-0.01,0.625,"[-0.03, 0.01]","[""MCR_v2_seq100/173""]","[""MCR_seq200b/263"", ""MCR_seq200b/285"", ""MCR_seq200b/345""]",1.0
E11,off_refine_off,relevant_refine_off,relevant_vs_off_without_refine,primary,MCR,safe_exact,200,23,4,0,173,0.135,0.115,-0.02,0.125,"[-0.04, -0.005]",[],"[""MCR_seq200b/263"", ""MCR_seq200b/345"", ""MCR_seq200b/480"", ""MCR_v1_seq100/22""]",0.875
E11,random_refine_off,relevant_refine_off,relevant_vs_random_without_refine,primary,MCR,safe_exact,200,21,2,2,175,0.115,0.115,0.0,1.0,"[-0.02, 0.02]","[""MCR_seq200b/309"", ""MCR_v2_seq100/173""]","[""MCR_seq200b/263"", ""MCR_seq200b/345""]",1.0
E12,s1_k10_first,graph_k10_first,graph_vs_s1_k10_first,factorial39,ALL,clinical_complete,300,29,0,0,271,0.09666666666666666,0.09666666666666666,0.0,1.0,"[0.0, 0.0]",[],[],1.0
E12,s1_k10_pairwise,graph_k10_pairwise,graph_vs_s1_k10_pairwise,factorial39,ALL,clinical_complete,300,24,9,6,261,0.11,0.1,-0.01,0.60723876953125,"[-0.036667, 0.016667]","[""DA_d2_heldout200b/540"", ""MCR_seq200b/251"", ""MCR_seq200b/320"", ""MCR_seq200b/411"", ""MCR_seq200b/458"", ""MCR_v1_seq100/78""]","[""MCR_seq200b/263"", ""MCR_seq200b/296"", ""MCR_seq200b/329"", ""MCR_seq200b/335"", ""MCR_seq200b/376"", ""MCR_v1_seq100/47"", ""MCR_v1_seq100/60"", ""MCR_v1_seq100/76"", ""MCR_v1_seq100/99""]",1.0
E12,s1_k10_pointwise,graph_k10_pointwise,graph_vs_s1_k10_pointwise,factorial39,ALL,clinical_complete,300,20,8,8,264,0.09333333333333334,0.09333333333333334,0.0,1.0,"[-0.026667, 0.026667]","[""DA_d2_heldout200b/540"", ""DA_d2_seq100/103"", ""MCR_seq200b/320"", ""MCR_seq200b/328"", ""MCR_seq200b/396"", ""MCR_seq200b/411"", ""MCR_seq200b/458"", ""MCR_v1_seq100/78""]","[""MCR_seq200b/263"", ""MCR_seq200b/283"", ""MCR_seq200b/296"", ""MCR_seq200b/329"", ""MCR_seq200b/376"", ""MCR_v1_seq100/76"", ""MCR_v1_seq100/99"", ""MCR_v2_seq100/209""]",1.0
E12,s1_k5_first,graph_k5_first,graph_vs_s1_k5_first,factorial39,ALL,clinical_complete,300,29,0,0,271,0.09666666666666666,0.09666666666666666,0.0,1.0,"[0.0, 0.0]",[],[],1.0
E12,s1_k5_pairwise,graph_k5_pairwise,graph_vs_s1_k5_pairwise,factorial39,ALL,clinical_complete,300,25,7,4,264,0.10666666666666667,0.09666666666666666,-0.01,0.548828125,"[-0.03, 0.01]","[""MCR_seq200b/345"", ""MCR_seq200b/411"", ""MCR_v1_seq100/46"", ""MCR_v1_seq100/74""]","[""MCR_seq200b/328"", ""MCR_seq200b/329"", ""MCR_seq200b/376"", ""MCR_v1_seq100/12"", ""MCR_v1_seq100/45"", ""MCR_v1_seq100/76"", ""MCR_v1_seq100/95""]",1.0
E12,s1_k5_pointwise,graph_k5_pointwise,graph_vs_s1_k5_pointwise,factorial39,ALL,clinical_complete,300,23,6,8,263,0.09666666666666666,0.10333333333333333,0.006666666666666667,0.79052734375,"[-0.016667, 0.03]","[""MCR_seq200b/320"", ""MCR_seq200b/411"", ""MCR_seq200b/458"", ""MCR_v1_seq100/46"", ""MCR_v1_seq100/74"", ""MCR_v1_seq100/78"", ""MCR_v1_seq100/99"", ""MCR_v2_seq100/174""]","[""MCR_seq200b/328"", ""MCR_seq200b/329"", ""MCR_seq200b/376"", ""MCR_v1_seq100/47"", ""MCR_v1_seq100/60"", ""MCR_v1_seq100/76""]",1.0
E12,graph_k5_first,graph_k10_first,k10_vs_k5_graph_first,factorial39,ALL,clinical_complete,300,29,0,0,271,0.09666666666666666,0.09666666666666666,0.0,1.0,"[0.0, 0.0]",[],[],1.0
E12,graph_k5_pairwise,graph_k10_pairwise,k10_vs_k5_graph_pairwise,factorial39,ALL,clinical_complete,300,25,4,5,266,0.09666666666666666,0.1,0.0033333333333333335,1.0,"[-0.016667, 0.023333]","[""DA_d2_heldout200b/540"", ""MCR_seq200b/251"", ""MCR_seq200b/320"", ""MCR_v1_seq100/45"", ""MCR_v2_seq100/209""]","[""MCR_seq200b/263"", ""MCR_seq200b/335"", ""MCR_v1_seq100/74"", ""MCR_v1_seq100/99""]",1.0
E12,graph_k5_pointwise,graph_k10_pointwise,k10_vs_k5_graph_pointwise,factorial39,ALL,clinical_complete,300,24,7,4,265,0.10333333333333333,0.09333333333333334,-0.01,0.548828125,"[-0.033333, 0.01]","[""DA_d2_heldout200b/540"", ""MCR_seq200b/328"", ""MCR_seq200b/345"", ""MCR_v1_seq100/47""]","[""MCR_seq200b/263"", ""MCR_seq200b/296"", ""MCR_seq200b/335"", ""MCR_v1_seq100/46"", ""MCR_v1_seq100/74"", ""MCR_v1_seq100/99"", ""MCR_v2_seq100/174""]",1.0
E12,raw_k5_first,raw_k10_first,k10_vs_k5_raw_first,factorial39,ALL,clinical_complete,300,29,0,0,271,0.09666666666666666,0.09666666666666666,0.0,1.0,"[0.0, 0.0]",[],[],1.0
E12,raw_k5_pairwise,raw_k10_pairwise,k10_vs_k5_raw_pairwise,factorial39,ALL,clinical_complete,300,39,2,2,257,0.13666666666666666,0.13666666666666666,0.0,1.0,"[-0.013333, 0.013333]","[""DA_d2_heldout200b/540"", ""MCR_v1_seq100/99""]","[""MCR_v1_seq100/47"", ""MCR_v1_seq100/74""]",1.0
E12,raw_k5_pointwise,raw_k10_pointwise,k10_vs_k5_raw_pointwise,factorial39,ALL,clinical_complete,300,35,5,4,256,0.13333333333333333,0.13,-0.0033333333333333335,1.0,"[-0.023333, 0.016667]","[""DA_d2_heldout200b/540"", ""MCR_seq200b/329"", ""MCR_seq200b/396"", ""MCR_seq200b/458""]","[""DA_d2_heldout200b/633"", ""MCR_seq200b/283"", ""MCR_seq200b/296"", ""MCR_seq200b/345"", ""MCR_v1_seq100/74""]",1.0
E12,s1_k5_first,s1_k10_first,k10_vs_k5_s1_first,factorial39,ALL,clinical_complete,300,29,0,0,271,0.09666666666666666,0.09666666666666666,0.0,1.0,"[0.0, 0.0]",[],[],1.0
E12,s1_k5_pairwise,s1_k10_pairwise,k10_vs_k5_s1_pairwise,factorial39,ALL,clinical_complete,300,27,5,6,262,0.10666666666666667,0.11,0.0033333333333333335,1.0,"[-0.02, 0.026667]","[""MCR_seq200b/296"", ""MCR_seq200b/345"", ""MCR_v1_seq100/46"", ""MCR_v1_seq100/47"", ""MCR_v1_seq100/60"", ""MCR_v2_seq100/209""]","[""MCR_seq200b/328"", ""MCR_seq200b/458"", ""MCR_v1_seq100/12"", ""MCR_v1_seq100/78"", ""MCR_v1_seq100/95""]",1.0
E12,s1_k5_pointwise,s1_k10_pointwise,k10_vs_k5_s1_pointwise,factorial39,ALL,clinical_complete,300,24,5,4,267,0.09666666666666666,0.09333333333333334,-0.0033333333333333335,1.0,"[-0.023333, 0.016667]","[""MCR_seq200b/283"", ""MCR_seq200b/345"", ""MCR_v1_seq100/99"", ""MCR_v2_seq100/209""]","[""DA_d2_seq100/103"", ""MCR_seq200b/328"", ""MCR_seq200b/335"", ""MCR_seq200b/396"", ""MCR_v1_seq100/60""]",1.0
E12,graph_k10_first,graph_k10_pairwise,pairwise_vs_first_graph_k10,factorial39,ALL,clinical_complete,300,19,10,11,260,0.09666666666666666,0.1,0.0033333333333333335,1.0,"[-0.026667, 0.033333]","[""DA_d2_heldout200b/540"", ""DA_d2_seq100/103"", ""DA_d2_seq100/186"", ""MCR_seq200b/320"", ""MCR_seq200b/345"", ""MCR_seq200b/384"", ""MCR_v1_seq100/112"", ""MCR_v1_seq100/45"", ""MCR_v2_seq100/197"", ""MCR_v2_seq100/209"", ""MCR_v2_seq100/227""]","[""DA_d2_heldout200b/633"", ""MCR_seq200b/263"", ""MCR_seq200b/283"", ""MCR_seq200b/296"", ""MCR_seq200b/328"", ""MCR_seq200b/376"", ""MCR_v1_seq100/12"", ""MCR_v1_seq100/76"", ""MCR_v1_seq100/95"", ""MCR_v2_seq100/208""]",1.0
E12,graph_k5_first,graph_k5_pairwise,pairwise_vs_first_graph_k5,factorial39,ALL,clinical_complete,300,19,10,10,261,0.09666666666666666,0.09666666666666666,0.0,1.0,"[-0.03, 0.03]","[""DA_d2_seq100/103"", ""DA_d2_seq100/186"", ""MCR_seq200b/335"", ""MCR_seq200b/345"", ""MCR_seq200b/384"", ""MCR_v1_seq100/112"", ""MCR_v1_seq100/74"", ""MCR_v1_seq100/99"", ""MCR_v2_seq100/197"", ""MCR_v2_seq100/227""]","[""DA_d2_heldout200b/633"", ""MCR_seq200b/251"", ""MCR_seq200b/283"", ""MCR_seq200b/296"", ""MCR_seq200b/328"", ""MCR_seq200b/376"", ""MCR_v1_seq100/12"", ""MCR_v1_seq100/76"", ""MCR_v1_seq100/95"", ""MCR_v2_seq100/208""]",1.0
E12,raw_k10_first,raw_k10_pairwise,pairwise_vs_first_raw_k10,factorial39,ALL,clinical_complete,300,27,2,14,257,0.09666666666666666,0.13666666666666666,0.04,0.004180908203125,"[0.016667, 0.066667]","[""DA_d2_heldout200b/540"", ""DA_d2_seq100/103"", ""DA_d2_seq100/186"", ""MCR_seq200b/320"", ""MCR_seq200b/329"", ""MCR_seq200b/335"", ""MCR_seq200b/345"", ""MCR_seq200b/384"", ""MCR_seq200b/431"", ""MCR_v1_seq100/112"", ""MCR_v1_seq100/45"", ""MCR_v1_seq100/99"", ""MCR_v2_seq100/197"", ""MCR_v2_seq100/227""]","[""DA_d2_heldout200b/633"", ""MCR_seq200b/458""]",0.163055419921875
E12,raw_k5_first,raw_k5_pairwise,pairwise_vs_first_raw_k5,factorial39,ALL,clinical_complete,300,27,2,14,257,0.09666666666666666,0.13666666666666666,0.04,0.004180908203125,"[0.016667, 0.066667]","[""DA_d2_seq100/103"", ""DA_d2_seq100/186"", ""MCR_seq200b/320"", ""MCR_seq200b/329"", ""MCR_seq200b/335"", ""MCR_seq200b/345"", ""MCR_seq200b/384"", ""MCR_seq200b/431"", ""MCR_v1_seq100/112"", ""MCR_v1_seq100/45"", ""MCR_v1_seq100/47"", ""MCR_v1_seq100/74"", ""MCR_v2_seq100/197"", ""MCR_v2_seq100/227""]","[""DA_d2_heldout200b/633"", ""MCR_seq200b/458""]",0.163055419921875
E12,s1_k10_first,s1_k10_pairwise,pairwise_vs_first_s1_k10,factorial39,ALL,clinical_complete,300,19,10,14,257,0.09666666666666666,0.11,0.013333333333333334,0.5412561893463135,"[-0.02, 0.046667]","[""DA_d2_seq100/103"", ""DA_d2_seq100/186"", ""MCR_seq200b/329"", ""MCR_seq200b/335"", ""MCR_seq200b/345"", ""MCR_seq200b/384"", ""MCR_v1_seq100/112"", ""MCR_v1_seq100/45"", ""MCR_v1_seq100/47"", ""MCR_v1_seq100/60"", ""MCR_v1_seq100/99"", ""MCR_v2_seq100/197"", ""MCR_v2_seq100/209"", ""MCR_v2_seq100/227""]","[""DA_d2_heldout200b/633"", ""MCR_seq200b/251"", ""MCR_seq200b/283"", ""MCR_seq200b/328"", ""MCR_seq200b/411"", ""MCR_seq200b/458"", ""MCR_v1_seq100/12"", ""MCR_v1_seq100/78"", ""MCR_v1_seq100/95"", ""MCR_v2_seq100/208""]",1.0
E12,s1_k5_first,s1_k5_pairwise,pairwise_vs_first_s1_k5,factorial39,ALL,clinical_complete,300,22,7,10,261,0.09666666666666666,0.10666666666666667,0.01,0.629058837890625,"[-0.016667, 0.036667]","[""DA_d2_seq100/103"", ""DA_d2_seq100/186"", ""MCR_seq200b/329"", ""MCR_seq200b/335"", ""MCR_seq200b/384"", ""MCR_v1_seq100/112"", ""MCR_v1_seq100/45"", ""MCR_v1_seq100/99"", ""MCR_v2_seq100/197"", ""MCR_v2_seq100/227""]","[""DA_d2_heldout200b/633"", ""MCR_seq200b/251"", ""MCR_seq200b/283"", ""MCR_seq200b/296"", ""MCR_seq200b/411"", ""MCR_v1_seq100/46"", ""MCR_v2_seq100/208""]",1.0
E12,graph_k10_pointwise,graph_k10_pairwise,pairwise_vs_pointwise_graph_k10,factorial39,ALL,clinical_complete,300,26,2,4,268,0.09333333333333334,0.1,0.006666666666666667,0.6875,"[-0.01, 0.023333]","[""MCR_seq200b/251"", ""MCR_v1_seq100/46"", ""MCR_v2_seq100/174"", ""MCR_v2_seq100/209""]","[""MCR_seq200b/328"", ""MCR_v1_seq100/47""]",1.0
E12,graph_k5_pointwise,graph_k5_pairwise,pairwise_vs_pointwise_graph_k5,factorial39,ALL,clinical_complete,300,28,3,1,268,0.10333333333333333,0.09666666666666666,-0.006666666666666667,0.625,"[-0.02, 0.006667]","[""MCR_seq200b/345""]","[""MCR_seq200b/296"", ""MCR_seq200b/320"", ""MCR_v1_seq100/45""]",1.0
E12,raw_k10_pointwise,raw_k10_pairwise,pairwise_vs_pointwise_raw_k10,factorial39,ALL,clinical_complete,300,36,3,5,256,0.13,0.13666666666666666,0.006666666666666667,0.7265625,"[-0.01, 0.026667]","[""MCR_seq200b/283"", ""MCR_seq200b/296"", ""MCR_seq200b/335"", ""MCR_seq200b/345"", ""MCR_v1_seq100/95""]","[""MCR_seq200b/301"", ""MCR_seq200b/458"", ""MCR_v1_seq100/47""]",1.0
E12,raw_k5_pointwise,raw_k5_pairwise,pairwise_vs_pointwise_raw_k5,factorial39,ALL,clinical_complete,300,37,3,4,256,0.13333333333333333,0.13666666666666666,0.0033333333333333335,1.0,"[-0.013333, 0.02]","[""MCR_seq200b/329"", ""MCR_seq200b/335"", ""MCR_seq200b/396"", ""MCR_v1_seq100/95""]","[""DA_d2_heldout200b/633"", ""MCR_seq200b/301"", ""MCR_v1_seq100/99""]",1.0
E12,s1_k10_pointwise,s1_k10_pairwise,pairwise_vs_pointwise_s1_k10,factorial39,ALL,clinical_complete,300,27,1,6,266,0.09333333333333334,0.11,0.016666666666666666,0.125,"[0.0, 0.033417]","[""DA_d2_seq100/103"", ""MCR_seq200b/335"", ""MCR_seq200b/396"", ""MCR_v1_seq100/46"", ""MCR_v1_seq100/60"", ""MCR_v2_seq100/174""]","[""MCR_seq200b/283""]",1.0
E12,s1_k5_pointwise,s1_k5_pairwise,pairwise_vs_pointwise_s1_k5,factorial39,ALL,clinical_complete,300,26,3,6,265,0.09666666666666666,0.10666666666666667,0.01,0.5078125,"[-0.01, 0.03]","[""MCR_seq200b/458"", ""MCR_v1_seq100/12"", ""MCR_v1_seq100/78"", ""MCR_v1_seq100/95"", ""MCR_v1_seq100/99"", ""MCR_v2_seq100/174""]","[""MCR_seq200b/296"", ""MCR_v1_seq100/47"", ""MCR_v1_seq100/60""]",1.0
E12,graph_k10_first,graph_k10_pointwise,pointwise_vs_first_graph_k10,factorial39,ALL,clinical_complete,300,17,12,11,260,0.09666666666666666,0.09333333333333334,-0.0033333333333333335,1.0,"[-0.036667, 0.026667]","[""DA_d2_heldout200b/540"", ""DA_d2_seq100/103"", ""DA_d2_seq100/186"", ""MCR_seq200b/320"", ""MCR_seq200b/345"", ""MCR_seq200b/384"", ""MCR_v1_seq100/112"", ""MCR_v1_seq100/45"", ""MCR_v1_seq100/47"", ""MCR_v2_seq100/197"", ""MCR_v2_seq100/227""]","[""DA_d2_heldout200b/633"", ""MCR_seq200b/251"", ""MCR_seq200b/263"", ""MCR_seq200b/283"", ""MCR_seq200b/296"", ""MCR_seq200b/376"", ""MCR_v1_seq100/12"", ""MCR_v1_seq100/46"", ""MCR_v1_seq100/76"", ""MCR_v1_seq100/95"", ""MCR_v2_seq100/174"", ""MCR_v2_seq100/208""]",1.0
E12,graph_k5_first,graph_k5_pointwise,pointwise_vs_first_graph_k5,factorial39,ALL,clinical_complete,300,20,9,11,260,0.09666666666666666,0.10333333333333333,0.006666666666666667,0.8238029479980469,"[-0.023333, 0.036667]","[""DA_d2_seq100/103"", ""DA_d2_seq100/186"", ""MCR_seq200b/320"", ""MCR_seq200b/335"", ""MCR_seq200b/384"", ""MCR_v1_seq100/112"", ""MCR_v1_seq100/45"", ""MCR_v1_seq100/74"", ""MCR_v1_seq100/99"", ""MCR_v2_seq100/197"", ""MCR_v2_seq100/227""]","[""DA_d2_heldout200b/633"", ""MCR_seq200b/251"", ""MCR_seq200b/283"", ""MCR_seq200b/328"", ""MCR_seq200b/376"", ""MCR_v1_seq100/12"", ""MCR_v1_seq100/76"", ""MCR_v1_seq100/95"", ""MCR_v2_seq100/208""]",1.0
E12,raw_k10_first,raw_k10_pointwise,pointwise_vs_first_raw_k10,factorial39,ALL,clinical_complete,300,25,4,14,257,0.09666666666666666,0.13,0.03333333333333333,0.0308837890625,"[0.006667, 0.06]","[""DA_d2_heldout200b/540"", ""DA_d2_seq100/103"", ""DA_d2_seq100/186"", ""MCR_seq200b/301"", ""MCR_seq200b/320"", ""MCR_seq200b/329"", ""MCR_seq200b/384"", ""MCR_seq200b/431"", ""MCR_v1_seq100/112"", ""MCR_v1_seq100/45"", ""MCR_v1_seq100/47"", ""MCR_v1_seq100/99"", ""MCR_v2_seq100/197"", ""MCR_v2_seq100/227""]","[""DA_d2_heldout200b/633"", ""MCR_seq200b/283"", ""MCR_seq200b/296"", ""MCR_v1_seq100/95""]",1.0
E12,raw_k5_first,raw_k5_pointwise,pointwise_vs_first_raw_k5,factorial39,ALL,clinical_complete,300,26,3,14,257,0.09666666666666666,0.13333333333333333,0.03666666666666667,0.012725830078125,"[0.01, 0.063333]","[""DA_d2_seq100/103"", ""DA_d2_seq100/186"", ""MCR_seq200b/301"", ""MCR_seq200b/320"", ""MCR_seq200b/345"", ""MCR_seq200b/384"", ""MCR_seq200b/431"", ""MCR_v1_seq100/112"", ""MCR_v1_seq100/45"", ""MCR_v1_seq100/47"", ""MCR_v1_seq100/74"", ""MCR_v1_seq100/99"", ""MCR_v2_seq100/197"", ""MCR_v2_seq100/227""]","[""MCR_seq200b/396"", ""MCR_seq200b/458"", ""MCR_v1_seq100/95""]",0.470855712890625
E12,s1_k10_first,s1_k10_pointwise,pointwise_vs_first_s1_k10,factorial39,ALL,clinical_complete,300,17,12,11,260,0.09666666666666666,0.09333333333333334,-0.0033333333333333335,1.0,"[-0.036667, 0.026667]","[""DA_d2_seq100/186"", ""MCR_seq200b/329"", ""MCR_seq200b/345"", ""MCR_seq200b/384"", ""MCR_v1_seq100/112"", ""MCR_v1_seq100/45"", ""MCR_v1_seq100/47"", ""MCR_v1_seq100/99"", ""MCR_v2_seq100/197"", ""MCR_v2_seq100/209"", ""MCR_v2_seq100/227""]","[""DA_d2_heldout200b/633"", ""MCR_seq200b/251"", ""MCR_seq200b/328"", ""MCR_seq200b/396"", ""MCR_seq200b/411"", ""MCR_seq200b/458"", ""MCR_v1_seq100/12"", ""MCR_v1_seq100/46"", ""MCR_v1_seq100/78"", ""MCR_v1_seq100/95"", ""MCR_v2_seq100/174"", ""MCR_v2_seq100/208""]",1.0
E12,s1_k5_first,s1_k5_pointwise,pointwise_vs_first_s1_k5,factorial39,ALL,clinical_complete,300,18,11,11,260,0.09666666666666666,0.09666666666666666,0.0,1.0,"[-0.03, 0.03]","[""DA_d2_seq100/103"", ""DA_d2_seq100/186"", ""MCR_seq200b/329"", ""MCR_seq200b/335"", ""MCR_seq200b/384"", ""MCR_v1_seq100/112"", ""MCR_v1_seq100/45"", ""MCR_v1_seq100/47"", ""MCR_v1_seq100/60"", ""MCR_v2_seq100/197"", ""MCR_v2_seq100/227""]","[""DA_d2_heldout200b/633"", ""MCR_seq200b/251"", ""MCR_seq200b/283"", ""MCR_seq200b/411"", ""MCR_seq200b/458"", ""MCR_v1_seq100/12"", ""MCR_v1_seq100/46"", ""MCR_v1_seq100/78"", ""MCR_v1_seq100/95"", ""MCR_v2_seq100/174"", ""MCR_v2_seq100/208""]",1.0
E12,s1_k10_first,raw_k10_first,raw_vs_s1_k10_first,factorial39,ALL,clinical_complete,300,29,0,0,271,0.09666666666666666,0.09666666666666666,0.0,1.0,"[0.0, 0.0]",[],[],1.0
E12,s1_k10_pairwise,raw_k10_pairwise,raw_vs_s1_k10_pairwise,factorial39,ALL,clinical_complete,300,30,3,11,256,0.11,0.13666666666666666,0.02666666666666667,0.057373046875,"[0.003333, 0.050083]","[""DA_d2_heldout200b/540"", ""MCR_seq200b/251"", ""MCR_seq200b/283"", ""MCR_seq200b/320"", ""MCR_seq200b/328"", ""MCR_seq200b/411"", ""MCR_seq200b/431"", ""MCR_v1_seq100/12"", ""MCR_v1_seq100/78"", ""MCR_v1_seq100/95"", ""MCR_v2_seq100/208""]","[""MCR_v1_seq100/47"", ""MCR_v1_seq100/60"", ""MCR_v2_seq100/209""]",1.0
E12,s1_k10_pointwise,raw_k10_pointwise,raw_vs_s1_k10_pointwise,factorial39,ALL,clinical_complete,300,24,4,15,257,0.09333333333333334,0.13,0.03666666666666667,0.0192108154296875,"[0.01, 0.066667]","[""DA_d2_heldout200b/540"", ""DA_d2_seq100/103"", ""MCR_seq200b/251"", ""MCR_seq200b/301"", ""MCR_seq200b/320"", ""MCR_seq200b/328"", ""MCR_seq200b/396"", ""MCR_seq200b/411"", ""MCR_seq200b/431"", ""MCR_seq200b/458"", ""MCR_v1_seq100/12"", ""MCR_v1_seq100/46"", ""MCR_v1_seq100/78"", ""MCR_v2_seq100/174"", ""MCR_v2_seq100/208""]","[""MCR_seq200b/283"", ""MCR_seq200b/296"", ""MCR_seq200b/345"", ""MCR_v2_seq100/209""]",0.69158935546875
E12,s1_k5_first,raw_k5_first,raw_vs_s1_k5_first,factorial39,ALL,clinical_complete,300,29,0,0,271,0.09666666666666666,0.09666666666666666,0.0,1.0,"[0.0, 0.0]",[],[],1.0
E12,s1_k5_pairwise,raw_k5_pairwise,raw_vs_s1_k5_pairwise,factorial39,ALL,clinical_complete,300,30,2,11,257,0.10666666666666667,0.13666666666666666,0.03,0.0224609375,"[0.006667, 0.053333]","[""MCR_seq200b/251"", ""MCR_seq200b/283"", ""MCR_seq200b/296"", ""MCR_seq200b/320"", ""MCR_seq200b/345"", ""MCR_seq200b/411"", ""MCR_seq200b/431"", ""MCR_v1_seq100/46"", ""MCR_v1_seq100/47"", ""MCR_v1_seq100/74"", ""MCR_v2_seq100/208""]","[""MCR_seq200b/458"", ""MCR_v1_seq100/99""]",0.763671875
E12,s1_k5_pointwise,raw_k5_pointwise,raw_vs_s1_k5_pointwise,factorial39,ALL,clinical_complete,300,25,4,15,256,0.09666666666666666,0.13333333333333333,0.03666666666666667,0.0192108154296875,"[0.01, 0.066667]","[""DA_d2_heldout200b/633"", ""MCR_seq200b/251"", ""MCR_seq200b/283"", ""MCR_seq200b/301"", ""MCR_seq200b/320"", ""MCR_seq200b/345"", ""MCR_seq200b/411"", ""MCR_seq200b/431"", ""MCR_v1_seq100/12"", ""MCR_v1_seq100/46"", ""MCR_v1_seq100/74"", ""MCR_v1_seq100/78"", ""MCR_v1_seq100/99"", ""MCR_v2_seq100/174"", ""MCR_v2_seq100/208""]","[""MCR_seq200b/329"", ""MCR_seq200b/335"", ""MCR_seq200b/396"", ""MCR_v1_seq100/60""]",0.69158935546875
E12,s1_k10_first,graph_k10_first,graph_vs_s1_k10_first,factorial39,ALL,compatible_partial,300,88,0,0,212,0.29333333333333333,0.29333333333333333,0.0,1.0,"[0.0, 0.0]",[],[],1.0
E12,s1_k10_pairwise,graph_k10_pairwise,graph_vs_s1_k10_pairwise,factorial39,ALL,compatible_partial,300,62,33,25,180,0.31666666666666665,0.29,-0.02666666666666667,0.3581433018061379,"[-0.076667, 0.023333]","[""DA_d2_heldout100/330"", ""DA_d2_heldout100/437"", ""DA_d2_heldout100/451"", ""DA_d2_heldout200b/477"", ""DA_d2_heldout200b/548"", ""DA_d2_heldout200b/549"", ""DA_d2_heldout200b/560"", ""DA_d2_heldout200b/566"", ""DA_d2_heldout200b/618"", ""DA_d2_heldout200b/621"", ""DA_d2_heldout200b/622"", ""DA_d2_heldout200b/627"", ""DA_d2_heldout200b/676"", ""DA_d2_heldout200b/706"", ""DA_d2_heldout200b/719"", ""DA_d2_heldout200b/757"", ""DA_d2_seq100/156"", ""DA_d2_seq100/243"", ""DA_d2_seq100/59"", ""MCR_seq200b/263"", ""MCR_seq200b/265"", ""MCR_seq200b/337"", ""MCR_v1_seq100/47"", ""MCR_v2_seq100/139"", ""MCR_v2_seq100/201""]","[""DA_d2_heldout100/259"", ""DA_d2_heldout100/262"", ""DA_d2_heldout100/290"", ""DA_d2_heldout100/321"", ""DA_d2_heldout100/379"", ""DA_d2_heldout100/415"", ""DA_d2_heldout200b/485"", ""DA_d2_heldout200b/497"", ""DA_d2_heldout200b/523"", ""DA_d2_heldout200b/611"", ""DA_d2_heldout200b/619"", ""DA_d2_heldout200b/687"", ""DA_d2_heldout200b/746"", ""DA_d2_heldout200b/756"", ""DA_d2_heldout200b/771"", ""DA_d2_heldout200b/774"", ""DA_d2_seq100/11"", ""DA_d2_seq100/118"", ""DA_d2_seq100/134"", ""DA_d2_seq100/164"", ""DA_d2_seq100/214"", ""DA_d2_seq100/28"", ""DA_d2_seq100/33"", ""MCR_seq200b/251"", ""MCR_seq200b/363"", ""MCR_seq200b/369"", ""MCR_seq200b/378"", ""MCR_seq200b/411"", ""MCR_seq200b/478"", ""MCR_v1_seq100/12"", ""MCR_v1_seq100/123"", ""MCR_v1_seq100/26"", ""MCR_v2_seq100/214""]",1.0
E12,s1_k10_pointwise,graph_k10_pointwise,graph_vs_s1_k10_pointwise,factorial39,ALL,compatible_partial,300,65,31,17,187,0.32,0.2733333333333333,-0.04666666666666667,0.05946337525377032,"[-0.09, -0.003333]","[""DA_d2_heldout100/262"", ""DA_d2_heldout100/330"", ""DA_d2_heldout100/420"", ""DA_d2_heldout100/451"", ""DA_d2_heldout200b/518"", ""DA_d2_heldout200b/611"", ""DA_d2_heldout200b/618"", ""DA_d2_heldout200b/622"", ""DA_d2_heldout200b/627"", ""DA_d2_seq100/134"", ""DA_d2_seq100/139"", ""DA_d2_seq100/156"", ""DA_d2_seq100/29"", ""MCR_seq200b/263"", ""MCR_seq200b/363"", ""MCR_seq200b/374"", ""MCR_v1_seq100/41""]","[""DA_d2_heldout100/259"", ""DA_d2_heldout100/266"", ""DA_d2_heldout100/290"", ""DA_d2_heldout100/321"", ""DA_d2_heldout100/379"", ""DA_d2_heldout100/415"", ""DA_d2_heldout200b/497"", ""DA_d2_heldout200b/523"", ""DA_d2_heldout200b/578"", ""DA_d2_heldout200b/619"", ""DA_d2_heldout200b/687"", ""DA_d2_heldout200b/706"", ""DA_d2_heldout200b/745"", ""DA_d2_heldout200b/746"", ""DA_d2_heldout200b/753"", ""DA_d2_heldout200b/766"", ""DA_d2_heldout200b/774"", ""DA_d2_heldout200b/778"", ""DA_d2_seq100/117"", ""DA_d2_seq100/118"", ""DA_d2_seq100/164"", ""DA_d2_seq100/188"", ""DA_d2_seq100/214"", ""MCR_seq200b/251"", ""MCR_seq200b/328"", ""MCR_seq200b/478"", ""MCR_v1_seq100/12"", ""MCR_v1_seq100/26"", ""MCR_v1_seq100/6"", ""MCR_v2_seq100/208"", ""MCR_v2_seq100/221""]",1.0
E12,s1_k5_first,graph_k5_first,graph_vs_s1_k5_first,factorial39,ALL,compatible_partial,300,88,0,0,212,0.29333333333333333,0.29333333333333333,0.0,1.0,"[0.0, 0.0]",[],[],1.0
E12,s1_k5_pairwise,graph_k5_pairwise,graph_vs_s1_k5_pairwise,factorial39,ALL,compatible_partial,300,71,28,19,182,0.33,0.3,-0.03,0.24296021728332562,"[-0.073333, 0.013333]","[""DA_d2_heldout100/262"", ""DA_d2_heldout100/281"", ""DA_d2_heldout200b/540"", ""DA_d2_heldout200b/549"", ""DA_d2_heldout200b/560"", ""DA_d2_heldout200b/566"", ""DA_d2_heldout200b/601"", ""DA_d2_heldout200b/627"", ""DA_d2_heldout200b/660"", ""DA_d2_heldout200b/719"", ""DA_d2_heldout200b/723"", ""DA_d2_heldout200b/724"", ""DA_d2_heldout200b/771"", ""DA_d2_seq100/134"", ""DA_d2_seq100/156"", ""MCR_seq200b/251"", ""MCR_seq200b/328"", ""MCR_v2_seq100/139"", ""MCR_v2_seq100/230""]","[""DA_d2_heldout100/318"", ""DA_d2_heldout100/321"", ""DA_d2_heldout100/379"", ""DA_d2_heldout100/415"", ""DA_d2_heldout200b/485"", ""DA_d2_heldout200b/497"", ""DA_d2_heldout200b/523"", ""DA_d2_heldout200b/591"", ""DA_d2_heldout200b/619"", ""DA_d2_heldout200b/630"", ""DA_d2_heldout200b/687"", ""DA_d2_heldout200b/736"", ""DA_d2_heldout200b/745"", ""DA_d2_heldout200b/746"", ""DA_d2_heldout200b/756"", ""DA_d2_heldout200b/757"", ""DA_d2_heldout200b/774"", ""DA_d2_seq100/11"", ""DA_d2_seq100/118"", ""DA_d2_seq100/214"", ""DA_d2_seq100/63"", ""MCR_seq200b/345"", ""MCR_seq200b/369"", ""MCR_seq200b/378"", ""MCR_seq200b/411"", ""MCR_seq200b/478"", ""MCR_v1_seq100/86"", ""MCR_v2_seq100/208""]",1.0
E12,s1_k5_pointwise,graph_k5_pointwise,graph_vs_s1_k5_pointwise,factorial39,ALL,compatible_partial,300,68,31,17,184,0.33,0.2833333333333333,-0.04666666666666667,0.05946337525377032,"[-0.093333, -0.003333]","[""DA_d2_heldout100/262"", ""DA_d2_heldout200b/518"", ""DA_d2_heldout200b/540"", ""DA_d2_heldout200b/549"", ""DA_d2_heldout200b/589"", ""DA_d2_heldout200b/601"", ""DA_d2_heldout200b/627"", ""DA_d2_heldout200b/719"", ""DA_d2_heldout200b/757"", ""DA_d2_seq100/156"", ""DA_d2_seq100/243"", ""MCR_seq200b/270"", ""MCR_seq200b/328"", ""MCR_seq200b/355"", ""MCR_seq200b/363"", ""MCR_v1_seq100/41"", ""MCR_v1_seq100/47""]","[""DA_d2_heldout100/290"", ""DA_d2_heldout100/321"", ""DA_d2_heldout100/379"", ""DA_d2_heldout100/415"", ""DA_d2_heldout100/437"", ""DA_d2_heldout200b/485"", ""DA_d2_heldout200b/497"", ""DA_d2_heldout200b/523"", ""DA_d2_heldout200b/536"", ""DA_d2_heldout200b/560"", ""DA_d2_heldout200b/578"", ""DA_d2_heldout200b/619"", ""DA_d2_heldout200b/630"", ""DA_d2_heldout200b/662"", ""DA_d2_heldout200b/687"", ""DA_d2_heldout200b/706"", ""DA_d2_heldout200b/746"", ""DA_d2_heldout200b/758"", ""DA_d2_heldout200b/774"", ""DA_d2_seq100/118"", ""DA_d2_seq100/164"", ""DA_d2_seq100/19"", ""DA_d2_seq100/242"", ""DA_d2_seq100/57"", ""MCR_seq200b/411"", ""MCR_seq200b/478"", ""MCR_v1_seq100/12"", ""MCR_v1_seq100/26"", ""MCR_v2_seq100/201"", ""MCR_v2_seq100/208"", ""MCR_v2_seq100/214""]",1.0
E12,graph_k5_first,graph_k10_first,k10_vs_k5_graph_first,factorial39,ALL,compatible_partial,300,88,0,0,212,0.29333333333333333,0.29333333333333333,0.0,1.0,"[0.0, 0.0]",[],[],1.0
E12,graph_k5_pairwise,graph_k10_pairwise,k10_vs_k5_graph_pairwise,factorial39,ALL,compatible_partial,300,76,14,11,199,0.3,0.29,-0.01,0.6900379657745361,"[-0.043333, 0.023333]","[""DA_d2_heldout100/451"", ""DA_d2_heldout200b/477"", ""DA_d2_heldout200b/591"", ""DA_d2_heldout200b/622"", ""DA_d2_heldout200b/630"", ""DA_d2_heldout200b/676"", ""DA_d2_heldout200b/757"", ""DA_d2_seq100/63"", ""MCR_seq200b/263"", ""MCR_seq200b/265"", ""MCR_v1_seq100/86""]","[""DA_d2_heldout100/259"", ""DA_d2_heldout100/262"", ""DA_d2_heldout100/290"", ""DA_d2_heldout200b/540"", ""DA_d2_heldout200b/662"", ""DA_d2_heldout200b/723"", ""DA_d2_heldout200b/771"", ""DA_d2_seq100/134"", ""DA_d2_seq100/164"", ""DA_d2_seq100/33"", ""MCR_seq200b/251"", ""MCR_v1_seq100/123"", ""MCR_v1_seq100/26"", ""MCR_v2_seq100/230""]",1.0
E12,graph_k5_pointwise,graph_k10_pointwise,k10_vs_k5_graph_pointwise,factorial39,ALL,compatible_partial,300,67,18,15,200,0.2833333333333333,0.2733333333333333,-0.01,0.7283324808813632,"[-0.046667, 0.026667]","[""DA_d2_heldout100/451"", ""DA_d2_heldout200b/485"", ""DA_d2_heldout200b/536"", ""DA_d2_heldout200b/560"", ""DA_d2_heldout200b/611"", ""DA_d2_heldout200b/622"", ""DA_d2_heldout200b/630"", ""DA_d2_heldout200b/662"", ""DA_d2_heldout200b/724"", ""DA_d2_seq100/139"", ""DA_d2_seq100/19"", ""DA_d2_seq100/242"", ""DA_d2_seq100/57"", ""MCR_seq200b/263"", ""MCR_v2_seq100/201""]","[""DA_d2_heldout100/259"", ""DA_d2_heldout200b/540"", ""DA_d2_heldout200b/548"", ""DA_d2_heldout200b/549"", ""DA_d2_heldout200b/676"", ""DA_d2_heldout200b/719"", ""DA_d2_heldout200b/723"", ""DA_d2_heldout200b/753"", ""DA_d2_heldout200b/757"", ""DA_d2_heldout200b/766"", ""DA_d2_heldout200b/771"", ""DA_d2_seq100/188"", ""MCR_seq200b/251"", ""MCR_seq200b/328"", ""MCR_seq200b/345"", ""MCR_seq200b/355"", ""MCR_v1_seq100/47"", ""MCR_v1_seq100/6""]",1.0
E12,raw_k5_first,raw_k10_first,k10_vs_k5_raw_first,factorial39,ALL,compatible_partial,300,88,0,0,212,0.29333333333333333,0.29333333333333333,0.0,1.0,"[0.0, 0.0]",[],[],1.0
E12,raw_k5_pairwise,raw_k10_pairwise,k10_vs_k5_raw_pairwise,factorial39,ALL,compatible_partial,300,97,8,16,179,0.35,0.37666666666666665,0.02666666666666667,0.15158963203430176,"[-0.003333, 0.06]","[""DA_d2_heldout100/262"", ""DA_d2_heldout200b/485"", ""DA_d2_heldout200b/549"", ""DA_d2_heldout200b/619"", ""DA_d2_heldout200b/622"", ""DA_d2_heldout200b/649"", ""DA_d2_heldout200b/676"", ""DA_d2_heldout200b/736"", ""DA_d2_heldout200b/738"", ""DA_d2_seq100/242"", ""DA_d2_seq100/28"", ""MCR_v1_seq100/41"", ""MCR_v1_seq100/47"", ""MCR_v1_seq100/86"", ""MCR_v2_seq100/143"", ""MCR_v2_seq100/214""]","[""DA_d2_heldout100/290"", ""DA_d2_heldout100/372"", ""DA_d2_heldout100/437"", ""DA_d2_heldout200b/527"", ""DA_d2_heldout200b/548"", ""DA_d2_heldout200b/746"", ""DA_d2_seq100/76"", ""MCR_v1_seq100/26""]",1.0
E12,raw_k5_pointwise,raw_k10_pointwise,k10_vs_k5_raw_pointwise,factorial39,ALL,compatible_partial,300,88,14,15,183,0.34,0.3433333333333333,0.0033333333333333335,1.0,"[-0.033333, 0.04]","[""DA_d2_heldout100/273"", ""DA_d2_heldout100/451"", ""DA_d2_heldout200b/523"", ""DA_d2_heldout200b/549"", ""DA_d2_heldout200b/566"", ""DA_d2_heldout200b/601"", ""DA_d2_heldout200b/622"", ""DA_d2_heldout200b/649"", ""DA_d2_seq100/134"", ""DA_d2_seq100/28"", ""DA_d2_seq100/76"", ""DA_d2_seq100/95"", ""MCR_seq200b/355"", ""MCR_v2_seq100/143"", ""MCR_v2_seq100/245""]","[""DA_d2_heldout100/318"", ""DA_d2_heldout100/437"", ""DA_d2_heldout200b/485"", ""DA_d2_heldout200b/518"", ""DA_d2_heldout200b/527"", ""DA_d2_heldout200b/724"", ""DA_d2_seq100/243"", ""DA_d2_seq100/29"", ""MCR_seq200b/369"", ""MCR_seq200b/378"", ""MCR_seq200b/394"", ""MCR_v1_seq100/123"", ""MCR_v1_seq100/41"", ""MCR_v2_seq100/214""]",1.0
E12,s1_k5_first,s1_k10_first,k10_vs_k5_s1_first,factorial39,ALL,compatible_partial,300,88,0,0,212,0.29333333333333333,0.29333333333333333,0.0,1.0,"[0.0, 0.0]",[],[],1.0
E12,s1_k5_pairwise,s1_k10_pairwise,k10_vs_k5_s1_pairwise,factorial39,ALL,compatible_partial,300,81,18,14,187,0.33,0.31666666666666665,-0.013333333333333334,0.5966148958541453,"[-0.05, 0.023333]","[""DA_d2_heldout100/262"", ""DA_d2_heldout100/281"", ""DA_d2_heldout200b/601"", ""DA_d2_heldout200b/611"", ""DA_d2_heldout200b/660"", ""DA_d2_heldout200b/724"", ""DA_d2_heldout200b/771"", ""DA_d2_seq100/134"", ""DA_d2_seq100/28"", ""MCR_seq200b/251"", ""MCR_seq200b/328"", ""MCR_seq200b/363"", ""MCR_v1_seq100/12"", ""MCR_v2_seq100/214""]","[""DA_d2_heldout100/318"", ""DA_d2_heldout100/330"", ""DA_d2_heldout100/437"", ""DA_d2_heldout200b/548"", ""DA_d2_heldout200b/618"", ""DA_d2_heldout200b/621"", ""DA_d2_heldout200b/662"", ""DA_d2_heldout200b/706"", ""DA_d2_heldout200b/736"", ""DA_d2_heldout200b/745"", ""DA_d2_heldout200b/757"", ""DA_d2_seq100/243"", ""DA_d2_seq100/59"", ""MCR_seq200b/337"", ""MCR_seq200b/345"", ""MCR_v1_seq100/47"", ""MCR_v2_seq100/201"", ""MCR_v2_seq100/208""]",1.0
E12,s1_k5_pointwise,s1_k10_pointwise,k10_vs_k5_s1_pointwise,factorial39,ALL,compatible_partial,300,84,15,12,189,0.33,0.32,-0.01,0.7011080384254456,"[-0.043333, 0.023333]","[""DA_d2_heldout100/266"", ""DA_d2_heldout200b/589"", ""DA_d2_heldout200b/601"", ""DA_d2_heldout200b/724"", ""DA_d2_heldout200b/745"", ""DA_d2_heldout200b/778"", ""DA_d2_seq100/117"", ""DA_d2_seq100/214"", ""DA_d2_seq100/243"", ""MCR_seq200b/270"", ""MCR_seq200b/328"", ""MCR_v2_seq100/221""]","[""DA_d2_heldout100/330"", ""DA_d2_heldout100/420"", ""DA_d2_heldout100/437"", ""DA_d2_heldout200b/548"", ""DA_d2_heldout200b/618"", ""DA_d2_heldout200b/676"", ""DA_d2_heldout200b/723"", ""DA_d2_heldout200b/758"", ""DA_d2_heldout200b/771"", ""DA_d2_seq100/134"", ""DA_d2_seq100/29"", ""MCR_seq200b/345"", ""MCR_seq200b/374"", ""MCR_seq200b/411"", ""MCR_v2_seq100/214""]",1.0
E12,graph_k10_first,graph_k10_pairwise,pairwise_vs_first_graph_k10,factorial39,ALL,compatible_partial,300,57,31,30,182,0.29333333333333333,0.29,-0.0033333333333333335,1.0,"[-0.053333, 0.046667]","[""DA_d2_heldout100/330"", ""DA_d2_heldout100/414"", ""DA_d2_heldout100/439"", ""DA_d2_heldout100/451"", ""DA_d2_heldout200b/477"", ""DA_d2_heldout200b/489"", ""DA_d2_heldout200b/566"", ""DA_d2_heldout200b/589"", ""DA_d2_heldout200b/618"", ""DA_d2_heldout200b/622"", ""DA_d2_heldout200b/627"", ""DA_d2_heldout200b/630"", ""DA_d2_heldout200b/636"", ""DA_d2_heldout200b/676"", ""DA_d2_heldout200b/698"", ""DA_d2_heldout200b/719"", ""DA_d2_heldout200b/753"", ""DA_d2_heldout200b/757"", ""DA_d2_seq100/156"", ""DA_d2_seq100/188"", ""DA_d2_seq100/242"", ""DA_d2_seq100/57"", ""DA_d2_seq100/59"", ""DA_d2_seq100/63"", ""MCR_seq200b/263"", ""MCR_seq200b/265"", ""MCR_seq200b/270"", ""MCR_seq200b/328"", ""MCR_seq200b/374"", ""MCR_v2_seq100/143""]","[""DA_d2_heldout100/259"", ""DA_d2_heldout100/262"", ""DA_d2_heldout100/266"", ""DA_d2_heldout100/290"", ""DA_d2_heldout100/379"", ""DA_d2_heldout100/415"", ""DA_d2_heldout200b/485"", ""DA_d2_heldout200b/497"", ""DA_d2_heldout200b/523"", ""DA_d2_heldout200b/578"", ""DA_d2_heldout200b/611"", ""DA_d2_heldout200b/619"", ""DA_d2_heldout200b/687"", ""DA_d2_heldout200b/736"", ""DA_d2_heldout200b/756"", ""DA_d2_heldout200b/766"", ""DA_d2_heldout200b/774"", ""DA_d2_heldout200b/778"", ""DA_d2_seq100/11"", ""DA_d2_seq100/118"", ""DA_d2_seq100/134"", ""DA_d2_seq100/186"", ""DA_d2_seq100/214"", ""DA_d2_seq100/28"", ""DA_d2_seq100/74"", ""MCR_seq200b/345"", ""MCR_seq200b/369"", ""MCR_seq200b/471"", ""MCR_seq200b/478"", ""MCR_v1_seq100/112"", ""MCR_v2_seq100/245""]",1.0
E12,graph_k5_first,graph_k5_pairwise,pairwise_vs_first_graph_k5,factorial39,ALL,compatible_partial,300,59,29,31,181,0.29333333333333333,0.3,0.006666666666666667,0.8974218269914305,"[-0.043333, 0.056667]","[""DA_d2_heldout100/330"", ""DA_d2_heldout100/414"", ""DA_d2_heldout100/439"", ""DA_d2_heldout200b/489"", ""DA_d2_heldout200b/540"", ""DA_d2_heldout200b/566"", ""DA_d2_heldout200b/589"", ""DA_d2_heldout200b/618"", ""DA_d2_heldout200b/627"", ""DA_d2_heldout200b/636"", ""DA_d2_heldout200b/662"", ""DA_d2_heldout200b/698"", ""DA_d2_heldout200b/719"", ""DA_d2_heldout200b/723"", ""DA_d2_heldout200b/753"", ""DA_d2_heldout200b/771"", ""DA_d2_seq100/156"", ""DA_d2_seq100/164"", ""DA_d2_seq100/188"", ""DA_d2_seq100/242"", ""DA_d2_seq100/33"", ""DA_d2_seq100/57"", ""DA_d2_seq100/59"", ""MCR_seq200b/251"", ""MCR_seq200b/270"", ""MCR_seq200b/328"", ""MCR_seq200b/374"", ""MCR_v1_seq100/123"", ""MCR_v1_seq100/26"", ""MCR_v2_seq100/143"", ""MCR_v2_seq100/230""]","[""DA_d2_heldout100/266"", ""DA_d2_heldout100/379"", ""DA_d2_heldout100/415"", ""DA_d2_heldout200b/485"", ""DA_d2_heldout200b/497"", ""DA_d2_heldout200b/523"", ""DA_d2_heldout200b/578"", ""DA_d2_heldout200b/591"", ""DA_d2_heldout200b/611"", ""DA_d2_heldout200b/619"", ""DA_d2_heldout200b/687"", ""DA_d2_heldout200b/736"", ""DA_d2_heldout200b/756"", ""DA_d2_heldout200b/766"", ""DA_d2_heldout200b/774"", ""DA_d2_heldout200b/778"", ""DA_d2_seq100/11"", ""DA_d2_seq100/118"", ""DA_d2_seq100/186"", ""DA_d2_seq100/214"", ""DA_d2_seq100/28"", ""DA_d2_seq100/74"", ""MCR_seq200b/345"", ""MCR_seq200b/369"", ""MCR_seq200b/471"", ""MCR_seq200b/478"", ""MCR_v1_seq100/112"", ""MCR_v1_seq100/86"", ""MCR_v2_seq100/245""]",1.0
E12,raw_k10_first,raw_k10_pairwise,pairwise_vs_first_raw_k10,factorial39,ALL,compatible_partial,300,73,15,40,172,0.29333333333333333,0.37666666666666665,0.08333333333333333,0.0010158471941252856,"[0.036667, 0.133333]","[""DA_d2_heldout100/318"", ""DA_d2_heldout100/321"", ""DA_d2_heldout100/330"", ""DA_d2_heldout100/392"", ""DA_d2_heldout100/414"", ""DA_d2_heldout100/439"", ""DA_d2_heldout200b/566"", ""DA_d2_heldout200b/589"", ""DA_d2_heldout200b/618"", ""DA_d2_heldout200b/622"", ""DA_d2_heldout200b/627"", ""DA_d2_heldout200b/630"", ""DA_d2_heldout200b/636"", ""DA_d2_heldout200b/649"", ""DA_d2_heldout200b/662"", ""DA_d2_heldout200b/676"", ""DA_d2_heldout200b/698"", ""DA_d2_heldout200b/719"", ""DA_d2_heldout200b/723"", ""DA_d2_heldout200b/745"", ""DA_d2_heldout200b/753"", ""DA_d2_heldout200b/757"", ""DA_d2_seq100/156"", ""DA_d2_seq100/164"", ""DA_d2_seq100/188"", ""DA_d2_seq100/242"", ""DA_d2_seq100/33"", ""DA_d2_seq100/57"", ""DA_d2_seq100/59"", ""DA_d2_seq100/63"", ""DA_d2_seq100/95"", ""MCR_seq200b/270"", ""MCR_seq200b/374"", ""MCR_seq200b/378"", ""MCR_seq200b/394"", ""MCR_v1_seq100/123"", ""MCR_v1_seq100/41"", ""MCR_v2_seq100/143"", ""MCR_v2_seq100/214"", ""MCR_v2_seq100/230""]","[""DA_d2_heldout100/259"", ""DA_d2_heldout100/290"", ""DA_d2_heldout100/437"", ""DA_d2_heldout200b/548"", ""DA_d2_heldout200b/611"", ""DA_d2_heldout200b/724"", ""DA_d2_heldout200b/756"", ""DA_d2_heldout200b/778"", ""DA_d2_seq100/186"", ""DA_d2_seq100/243"", ""DA_d2_seq100/74"", ""MCR_seq200b/345"", ""MCR_seq200b/471"", ""MCR_v1_seq100/112"", ""MCR_v2_seq100/245""]",0.03961804057088614
E12,raw_k5_first,raw_k5_pairwise,pairwise_vs_first_raw_k5,factorial39,ALL,compatible_partial,300,67,21,38,174,0.29333333333333333,0.35,0.056666666666666664,0.036343179957053884,"[0.006667, 0.106667]","[""DA_d2_heldout100/318"", ""DA_d2_heldout100/321"", ""DA_d2_heldout100/330"", ""DA_d2_heldout100/372"", ""DA_d2_heldout100/392"", ""DA_d2_heldout100/414"", ""DA_d2_heldout100/439"", ""DA_d2_heldout200b/527"", ""DA_d2_heldout200b/566"", ""DA_d2_heldout200b/589"", ""DA_d2_heldout200b/618"", ""DA_d2_heldout200b/627"", ""DA_d2_heldout200b/630"", ""DA_d2_heldout200b/636"", ""DA_d2_heldout200b/662"", ""DA_d2_heldout200b/698"", ""DA_d2_heldout200b/719"", ""DA_d2_heldout200b/723"", ""DA_d2_heldout200b/745"", ""DA_d2_heldout200b/746"", ""DA_d2_heldout200b/753"", ""DA_d2_heldout200b/757"", ""DA_d2_seq100/156"", ""DA_d2_seq100/164"", ""DA_d2_seq100/188"", ""DA_d2_seq100/33"", ""DA_d2_seq100/57"", ""DA_d2_seq100/59"", ""DA_d2_seq100/63"", ""DA_d2_seq100/76"", ""DA_d2_seq100/95"", ""MCR_seq200b/270"", ""MCR_seq200b/374"", ""MCR_seq200b/378"", ""MCR_seq200b/394"", ""MCR_v1_seq100/123"", ""MCR_v1_seq100/26"", ""MCR_v2_seq100/230""]","[""DA_d2_heldout100/259"", ""DA_d2_heldout100/262"", ""DA_d2_heldout200b/485"", ""DA_d2_heldout200b/549"", ""DA_d2_heldout200b/611"", ""DA_d2_heldout200b/619"", ""DA_d2_heldout200b/724"", ""DA_d2_heldout200b/736"", ""DA_d2_heldout200b/738"", ""DA_d2_heldout200b/756"", ""DA_d2_heldout200b/778"", ""DA_d2_seq100/186"", ""DA_d2_seq100/243"", ""DA_d2_seq100/28"", ""DA_d2_seq100/74"", ""MCR_seq200b/345"", ""MCR_seq200b/471"", ""MCR_v1_seq100/112"", ""MCR_v1_seq100/47"", ""MCR_v1_seq100/86"", ""MCR_v2_seq100/245""]",1.0
E12,s1_k10_first,s1_k10_pairwise,pairwise_vs_first_s1_k10,factorial39,ALL,compatible_partial,300,66,22,29,183,0.29333333333333333,0.31666666666666665,0.023333333333333334,0.4010619910279374,"[-0.023333, 0.07]","[""DA_d2_heldout100/321"", ""DA_d2_heldout100/414"", ""DA_d2_heldout100/439"", ""DA_d2_heldout200b/489"", ""DA_d2_heldout200b/589"", ""DA_d2_heldout200b/630"", ""DA_d2_heldout200b/636"", ""DA_d2_heldout200b/698"", ""DA_d2_heldout200b/746"", ""DA_d2_heldout200b/753"", ""DA_d2_heldout200b/771"", ""DA_d2_seq100/164"", ""DA_d2_seq100/188"", ""DA_d2_seq100/242"", ""DA_d2_seq100/33"", ""DA_d2_seq100/57"", ""DA_d2_seq100/63"", ""MCR_seq200b/251"", ""MCR_seq200b/270"", ""MCR_seq200b/328"", ""MCR_seq200b/363"", ""MCR_seq200b/374"", ""MCR_seq200b/378"", ""MCR_seq200b/411"", ""MCR_v1_seq100/12"", ""MCR_v1_seq100/123"", ""MCR_v1_seq100/26"", ""MCR_v2_seq100/143"", ""MCR_v2_seq100/214""]","[""DA_d2_heldout100/266"", ""DA_d2_heldout100/437"", ""DA_d2_heldout200b/548"", ""DA_d2_heldout200b/549"", ""DA_d2_heldout200b/560"", ""DA_d2_heldout200b/578"", ""DA_d2_heldout200b/621"", ""DA_d2_heldout200b/706"", ""DA_d2_heldout200b/736"", ""DA_d2_heldout200b/766"", ""DA_d2_heldout200b/778"", ""DA_d2_seq100/186"", ""DA_d2_seq100/243"", ""DA_d2_seq100/74"", ""MCR_seq200b/337"", ""MCR_seq200b/345"", ""MCR_seq200b/471"", ""MCR_v1_seq100/112"", ""MCR_v1_seq100/47"", ""MCR_v2_seq100/139"", ""MCR_v2_seq100/201"", ""MCR_v2_seq100/245""]",1.0
E12,s1_k5_first,s1_k5_pairwise,pairwise_vs_first_s1_k5,factorial39,ALL,compatible_partial,300,68,20,31,181,0.29333333333333333,0.33,0.03666666666666667,0.16077960181198847,"[-0.01, 0.083333]","[""DA_d2_heldout100/318"", ""DA_d2_heldout100/321"", ""DA_d2_heldout100/330"", ""DA_d2_heldout100/414"", ""DA_d2_heldout100/439"", ""DA_d2_heldout200b/489"", ""DA_d2_heldout200b/589"", ""DA_d2_heldout200b/618"", ""DA_d2_heldout200b/630"", ""DA_d2_heldout200b/636"", ""DA_d2_heldout200b/662"", ""DA_d2_heldout200b/698"", ""DA_d2_heldout200b/745"", ""DA_d2_heldout200b/746"", ""DA_d2_heldout200b/753"", ""DA_d2_heldout200b/757"", ""DA_d2_seq100/164"", ""DA_d2_seq100/188"", ""DA_d2_seq100/242"", ""DA_d2_seq100/33"", ""DA_d2_seq100/57"", ""DA_d2_seq100/59"", ""DA_d2_seq100/63"", ""MCR_seq200b/270"", ""MCR_seq200b/374"", ""MCR_seq200b/378"", ""MCR_seq200b/411"", ""MCR_v1_seq100/123"", ""MCR_v1_seq100/26"", ""MCR_v2_seq100/143"", ""MCR_v2_seq100/208""]","[""DA_d2_heldout100/262"", ""DA_d2_heldout100/266"", ""DA_d2_heldout100/281"", ""DA_d2_heldout200b/549"", ""DA_d2_heldout200b/560"", ""DA_d2_heldout200b/578"", ""DA_d2_heldout200b/601"", ""DA_d2_heldout200b/611"", ""DA_d2_heldout200b/660"", ""DA_d2_heldout200b/724"", ""DA_d2_heldout200b/766"", ""DA_d2_heldout200b/778"", ""DA_d2_seq100/134"", ""DA_d2_seq100/186"", ""DA_d2_seq100/28"", ""DA_d2_seq100/74"", ""MCR_seq200b/471"", ""MCR_v1_seq100/112"", ""MCR_v2_seq100/139"", ""MCR_v2_seq100/245""]",1.0
E12,graph_k10_pointwise,graph_k10_pairwise,pairwise_vs_pointwise_graph_k10,factorial39,ALL,compatible_partial,300,72,10,15,203,0.2733333333333333,0.29,0.016666666666666666,0.42435622215270996,"[-0.016667, 0.05]","[""DA_d2_heldout100/437"", ""DA_d2_heldout200b/477"", ""DA_d2_heldout200b/548"", ""DA_d2_heldout200b/549"", ""DA_d2_heldout200b/676"", ""DA_d2_heldout200b/706"", ""DA_d2_heldout200b/719"", ""DA_d2_heldout200b/753"", ""DA_d2_heldout200b/757"", ""DA_d2_seq100/188"", ""MCR_seq200b/265"", ""MCR_seq200b/328"", ""MCR_v1_seq100/47"", ""MCR_v1_seq100/6"", ""MCR_v2_seq100/139""]","[""DA_d2_heldout100/262"", ""DA_d2_heldout200b/485"", ""DA_d2_heldout200b/611"", ""DA_d2_heldout200b/662"", ""DA_d2_seq100/134"", ""DA_d2_seq100/139"", ""DA_d2_seq100/33"", ""MCR_seq200b/363"", ""MCR_seq200b/378"", ""MCR_v1_seq100/41""]",1.0
E12,graph_k5_pointwise,graph_k5_pairwise,pairwise_vs_pointwise_graph_k5,factorial39,ALL,compatible_partial,300,74,11,16,199,0.2833333333333333,0.3,0.016666666666666666,0.44206833839416504,"[-0.016667, 0.05]","[""DA_d2_heldout100/290"", ""DA_d2_heldout100/437"", ""DA_d2_heldout200b/536"", ""DA_d2_heldout200b/560"", ""DA_d2_heldout200b/662"", ""DA_d2_heldout200b/706"", ""DA_d2_heldout200b/724"", ""DA_d2_seq100/164"", ""DA_d2_seq100/19"", ""DA_d2_seq100/242"", ""DA_d2_seq100/57"", ""MCR_v1_seq100/123"", ""MCR_v1_seq100/26"", ""MCR_v2_seq100/139"", ""MCR_v2_seq100/201"", ""MCR_v2_seq100/230""]","[""DA_d2_heldout200b/591"", ""DA_d2_heldout200b/676"", ""DA_d2_heldout200b/757"", ""DA_d2_heldout200b/766"", ""DA_d2_seq100/63"", ""MCR_seq200b/345"", ""MCR_seq200b/355"", ""MCR_seq200b/363"", ""MCR_seq200b/378"", ""MCR_v1_seq100/41"", ""MCR_v1_seq100/86""]",1.0
E12,raw_k10_pointwise,raw_k10_pairwise,pairwise_vs_pointwise_raw_k10,factorial39,ALL,compatible_partial,300,97,6,16,181,0.3433333333333333,0.37666666666666665,0.03333333333333333,0.052478790283203125,"[0.003333, 0.063333]","[""DA_d2_heldout100/318"", ""DA_d2_heldout200b/485"", ""DA_d2_heldout200b/518"", ""DA_d2_heldout200b/719"", ""DA_d2_seq100/11"", ""DA_d2_seq100/29"", ""DA_d2_seq100/45"", ""MCR_seq200b/369"", ""MCR_seq200b/378"", ""MCR_seq200b/394"", ""MCR_v1_seq100/123"", ""MCR_v1_seq100/41"", ""MCR_v1_seq100/47"", ""MCR_v1_seq100/8"", ""MCR_v2_seq100/139"", ""MCR_v2_seq100/214""]","[""DA_d2_heldout100/451"", ""DA_d2_heldout200b/489"", ""DA_d2_heldout200b/746"", ""DA_d2_seq100/76"", ""MCR_seq200b/355"", ""MCR_v2_seq100/245""]",1.0
E12,raw_k5_pointwise,raw_k5_pairwise,pairwise_vs_pointwise_raw_k5,factorial39,ALL,compatible_partial,300,89,13,16,182,0.34,0.35,0.01,0.711071103811264,"[-0.023333, 0.043333]","[""DA_d2_heldout100/273"", ""DA_d2_heldout100/290"", ""DA_d2_heldout100/372"", ""DA_d2_heldout200b/523"", ""DA_d2_heldout200b/548"", ""DA_d2_heldout200b/566"", ""DA_d2_heldout200b/601"", ""DA_d2_heldout200b/719"", ""DA_d2_seq100/11"", ""DA_d2_seq100/134"", ""DA_d2_seq100/45"", ""DA_d2_seq100/76"", ""DA_d2_seq100/95"", ""MCR_v1_seq100/26"", ""MCR_v1_seq100/8"", ""MCR_v2_seq100/139""]","[""DA_d2_heldout100/262"", ""DA_d2_heldout200b/485"", ""DA_d2_heldout200b/489"", ""DA_d2_heldout200b/619"", ""DA_d2_heldout200b/676"", ""DA_d2_heldout200b/724"", ""DA_d2_heldout200b/736"", ""DA_d2_heldout200b/738"", ""DA_d2_seq100/242"", ""DA_d2_seq100/243"", ""MCR_v1_seq100/41"", ""MCR_v1_seq100/86"", ""MCR_v2_seq100/214""]",1.0
E12,s1_k10_pointwise,s1_k10_pairwise,pairwise_vs_pointwise_s1_k10,factorial39,ALL,compatible_partial,300,79,17,16,188,0.32,0.31666666666666665,-0.0033333333333333335,1.0,"[-0.04, 0.033333]","[""DA_d2_heldout100/262"", ""DA_d2_heldout100/420"", ""DA_d2_heldout200b/518"", ""DA_d2_heldout200b/611"", ""DA_d2_heldout200b/756"", ""DA_d2_heldout200b/771"", ""DA_d2_seq100/11"", ""DA_d2_seq100/134"", ""DA_d2_seq100/28"", ""DA_d2_seq100/29"", ""MCR_seq200b/363"", ""MCR_seq200b/369"", ""MCR_seq200b/374"", ""MCR_seq200b/411"", ""MCR_v1_seq100/123"", ""MCR_v2_seq100/214""]","[""DA_d2_heldout100/266"", ""DA_d2_heldout200b/560"", ""DA_d2_heldout200b/566"", ""DA_d2_heldout200b/578"", ""DA_d2_heldout200b/621"", ""DA_d2_heldout200b/662"", ""DA_d2_heldout200b/706"", ""DA_d2_heldout200b/745"", ""DA_d2_heldout200b/766"", ""DA_d2_heldout200b/778"", ""DA_d2_seq100/117"", ""DA_d2_seq100/243"", ""DA_d2_seq100/59"", ""MCR_seq200b/337"", ""MCR_v2_seq100/201"", ""MCR_v2_seq100/208"", ""MCR_v2_seq100/221""]",1.0
E12,s1_k5_pointwise,s1_k5_pairwise,pairwise_vs_pointwise_s1_k5,factorial39,ALL,compatible_partial,300,85,14,14,187,0.33,0.33,0.0,1.0,"[-0.033333, 0.033333]","[""DA_d2_heldout100/318"", ""DA_d2_heldout200b/518"", ""DA_d2_heldout200b/589"", ""DA_d2_heldout200b/736"", ""DA_d2_heldout200b/745"", ""DA_d2_heldout200b/756"", ""DA_d2_heldout200b/757"", ""DA_d2_seq100/11"", ""DA_d2_seq100/214"", ""DA_d2_seq100/243"", ""MCR_seq200b/270"", ""MCR_seq200b/369"", ""MCR_v1_seq100/123"", ""MCR_v1_seq100/47""]","[""DA_d2_heldout100/281"", ""DA_d2_heldout200b/560"", ""DA_d2_heldout200b/566"", ""DA_d2_heldout200b/578"", ""DA_d2_heldout200b/660"", ""DA_d2_heldout200b/676"", ""DA_d2_heldout200b/723"", ""DA_d2_heldout200b/758"", ""DA_d2_heldout200b/766"", ""DA_d2_heldout200b/771"", ""DA_d2_seq100/134"", ""MCR_seq200b/251"", ""MCR_v1_seq100/12"", ""MCR_v2_seq100/214""]",1.0
E12,graph_k10_first,graph_k10_pointwise,pointwise_vs_first_graph_k10,factorial39,ALL,compatible_partial,300,54,34,28,184,0.29333333333333333,0.2733333333333333,-0.02,0.5257733601756501,"[-0.07, 0.033333]","[""DA_d2_heldout100/330"", ""DA_d2_heldout100/414"", ""DA_d2_heldout100/439"", ""DA_d2_heldout100/451"", ""DA_d2_heldout200b/489"", ""DA_d2_heldout200b/566"", ""DA_d2_heldout200b/589"", ""DA_d2_heldout200b/618"", ""DA_d2_heldout200b/622"", ""DA_d2_heldout200b/627"", ""DA_d2_heldout200b/630"", ""DA_d2_heldout200b/636"", ""DA_d2_heldout200b/662"", ""DA_d2_heldout200b/698"", ""DA_d2_seq100/139"", ""DA_d2_seq100/156"", ""DA_d2_seq100/242"", ""DA_d2_seq100/33"", ""DA_d2_seq100/57"", ""DA_d2_seq100/59"", ""DA_d2_seq100/63"", ""MCR_seq200b/263"", ""MCR_seq200b/270"", ""MCR_seq200b/363"", ""MCR_seq200b/374"", ""MCR_seq200b/378"", ""MCR_v1_seq100/41"", ""MCR_v2_seq100/143""]","[""DA_d2_heldout100/259"", ""DA_d2_heldout100/266"", ""DA_d2_heldout100/290"", ""DA_d2_heldout100/379"", ""DA_d2_heldout100/415"", ""DA_d2_heldout100/437"", ""DA_d2_heldout200b/497"", ""DA_d2_heldout200b/523"", ""DA_d2_heldout200b/548"", ""DA_d2_heldout200b/549"", ""DA_d2_heldout200b/578"", ""DA_d2_heldout200b/619"", ""DA_d2_heldout200b/687"", ""DA_d2_heldout200b/706"", ""DA_d2_heldout200b/736"", ""DA_d2_heldout200b/756"", ""DA_d2_heldout200b/766"", ""DA_d2_heldout200b/774"", ""DA_d2_heldout200b/778"", ""DA_d2_seq100/11"", ""DA_d2_seq100/118"", ""DA_d2_seq100/186"", ""DA_d2_seq100/214"", ""DA_d2_seq100/28"", ""DA_d2_seq100/74"", ""MCR_seq200b/345"", ""MCR_seq200b/369"", ""MCR_seq200b/471"", ""MCR_seq200b/478"", ""MCR_v1_seq100/112"", ""MCR_v1_seq100/47"", ""MCR_v1_seq100/6"", ""MCR_v2_seq100/139"", ""MCR_v2_seq100/245""]",1.0
E12,graph_k5_first,graph_k5_pointwise,pointwise_vs_first_graph_k5,factorial39,ALL,compatible_partial,300,54,34,31,181,0.29333333333333333,0.2833333333333333,-0.01,0.8043170001933986,"[-0.06, 0.043333]","[""DA_d2_heldout100/330"", ""DA_d2_heldout100/414"", ""DA_d2_heldout100/439"", ""DA_d2_heldout200b/489"", ""DA_d2_heldout200b/540"", ""DA_d2_heldout200b/566"", ""DA_d2_heldout200b/589"", ""DA_d2_heldout200b/618"", ""DA_d2_heldout200b/627"", ""DA_d2_heldout200b/636"", ""DA_d2_heldout200b/676"", ""DA_d2_heldout200b/698"", ""DA_d2_heldout200b/719"", ""DA_d2_heldout200b/723"", ""DA_d2_heldout200b/753"", ""DA_d2_heldout200b/757"", ""DA_d2_heldout200b/771"", ""DA_d2_seq100/156"", ""DA_d2_seq100/188"", ""DA_d2_seq100/33"", ""DA_d2_seq100/59"", ""DA_d2_seq100/63"", ""MCR_seq200b/251"", ""MCR_seq200b/270"", ""MCR_seq200b/328"", ""MCR_seq200b/355"", ""MCR_seq200b/363"", ""MCR_seq200b/374"", ""MCR_seq200b/378"", ""MCR_v1_seq100/41"", ""MCR_v2_seq100/143""]","[""DA_d2_heldout100/266"", ""DA_d2_heldout100/290"", ""DA_d2_heldout100/379"", ""DA_d2_heldout100/415"", ""DA_d2_heldout100/437"", ""DA_d2_heldout200b/485"", ""DA_d2_heldout200b/497"", ""DA_d2_heldout200b/523"", ""DA_d2_heldout200b/536"", ""DA_d2_heldout200b/560"", ""DA_d2_heldout200b/578"", ""DA_d2_heldout200b/611"", ""DA_d2_heldout200b/619"", ""DA_d2_heldout200b/687"", ""DA_d2_heldout200b/706"", ""DA_d2_heldout200b/724"", ""DA_d2_heldout200b/736"", ""DA_d2_heldout200b/756"", ""DA_d2_heldout200b/774"", ""DA_d2_heldout200b/778"", ""DA_d2_seq100/11"", ""DA_d2_seq100/118"", ""DA_d2_seq100/186"", ""DA_d2_seq100/19"", ""DA_d2_seq100/214"", ""DA_d2_seq100/28"", ""DA_d2_seq100/74"", ""MCR_seq200b/369"", ""MCR_seq200b/471"", ""MCR_seq200b/478"", ""MCR_v1_seq100/112"", ""MCR_v2_seq100/139"", ""MCR_v2_seq100/201"", ""MCR_v2_seq100/245""]",1.0
E12,raw_k10_first,raw_k10_pointwise,pointwise_vs_first_raw_k10,factorial39,ALL,compatible_partial,300,65,23,38,174,0.29333333333333333,0.3433333333333333,0.05,0.07217743850092258,"[0.0, 0.1]","[""DA_d2_heldout100/321"", ""DA_d2_heldout100/330"", ""DA_d2_heldout100/392"", ""DA_d2_heldout100/414"", ""DA_d2_heldout100/439"", ""DA_d2_heldout100/451"", ""DA_d2_heldout200b/489"", ""DA_d2_heldout200b/566"", ""DA_d2_heldout200b/589"", ""DA_d2_heldout200b/618"", ""DA_d2_heldout200b/622"", ""DA_d2_heldout200b/627"", ""DA_d2_heldout200b/630"", ""DA_d2_heldout200b/636"", ""DA_d2_heldout200b/649"", ""DA_d2_heldout200b/662"", ""DA_d2_heldout200b/676"", ""DA_d2_heldout200b/698"", ""DA_d2_heldout200b/723"", ""DA_d2_heldout200b/745"", ""DA_d2_heldout200b/746"", ""DA_d2_heldout200b/753"", ""DA_d2_heldout200b/757"", ""DA_d2_seq100/156"", ""DA_d2_seq100/164"", ""DA_d2_seq100/188"", ""DA_d2_seq100/242"", ""DA_d2_seq100/33"", ""DA_d2_seq100/57"", ""DA_d2_seq100/59"", ""DA_d2_seq100/63"", ""DA_d2_seq100/76"", ""DA_d2_seq100/95"", ""MCR_seq200b/270"", ""MCR_seq200b/355"", ""MCR_seq200b/374"", ""MCR_v2_seq100/143"", ""MCR_v2_seq100/230""]","[""DA_d2_heldout100/259"", ""DA_d2_heldout100/290"", ""DA_d2_heldout100/437"", ""DA_d2_heldout200b/485"", ""DA_d2_heldout200b/518"", ""DA_d2_heldout200b/548"", ""DA_d2_heldout200b/611"", ""DA_d2_heldout200b/724"", ""DA_d2_heldout200b/756"", ""DA_d2_heldout200b/778"", ""DA_d2_seq100/11"", ""DA_d2_seq100/186"", ""DA_d2_seq100/243"", ""DA_d2_seq100/29"", ""DA_d2_seq100/45"", ""DA_d2_seq100/74"", ""MCR_seq200b/345"", ""MCR_seq200b/369"", ""MCR_seq200b/471"", ""MCR_v1_seq100/112"", ""MCR_v1_seq100/47"", ""MCR_v1_seq100/8"", ""MCR_v2_seq100/139""]",1.0
E12,raw_k5_first,raw_k5_pointwise,pointwise_vs_first_raw_k5,factorial39,ALL,compatible_partial,300,65,23,37,175,0.29333333333333333,0.34,0.04666666666666667,0.09246098107292373,"[-0.003333, 0.1]","[""DA_d2_heldout100/318"", ""DA_d2_heldout100/321"", ""DA_d2_heldout100/330"", ""DA_d2_heldout100/392"", ""DA_d2_heldout100/414"", ""DA_d2_heldout100/439"", ""DA_d2_heldout200b/489"", ""DA_d2_heldout200b/527"", ""DA_d2_heldout200b/589"", ""DA_d2_heldout200b/618"", ""DA_d2_heldout200b/627"", ""DA_d2_heldout200b/630"", ""DA_d2_heldout200b/636"", ""DA_d2_heldout200b/662"", ""DA_d2_heldout200b/676"", ""DA_d2_heldout200b/698"", ""DA_d2_heldout200b/723"", ""DA_d2_heldout200b/745"", ""DA_d2_heldout200b/746"", ""DA_d2_heldout200b/753"", ""DA_d2_heldout200b/757"", ""DA_d2_seq100/156"", ""DA_d2_seq100/164"", ""DA_d2_seq100/188"", ""DA_d2_seq100/242"", ""DA_d2_seq100/33"", ""DA_d2_seq100/57"", ""DA_d2_seq100/59"", ""DA_d2_seq100/63"", ""MCR_seq200b/270"", ""MCR_seq200b/374"", ""MCR_seq200b/378"", ""MCR_seq200b/394"", ""MCR_v1_seq100/123"", ""MCR_v1_seq100/41"", ""MCR_v2_seq100/214"", ""MCR_v2_seq100/230""]","[""DA_d2_heldout100/259"", ""DA_d2_heldout100/273"", ""DA_d2_heldout100/290"", ""DA_d2_heldout200b/523"", ""DA_d2_heldout200b/548"", ""DA_d2_heldout200b/549"", ""DA_d2_heldout200b/601"", ""DA_d2_heldout200b/611"", ""DA_d2_heldout200b/756"", ""DA_d2_heldout200b/778"", ""DA_d2_seq100/11"", ""DA_d2_seq100/134"", ""DA_d2_seq100/186"", ""DA_d2_seq100/28"", ""DA_d2_seq100/45"", ""DA_d2_seq100/74"", ""MCR_seq200b/345"", ""MCR_seq200b/471"", ""MCR_v1_seq100/112"", ""MCR_v1_seq100/47"", ""MCR_v1_seq100/8"", ""MCR_v2_seq100/139"", ""MCR_v2_seq100/245""]",1.0
E12,s1_k10_first,s1_k10_pointwise,pointwise_vs_first_s1_k10,factorial39,ALL,compatible_partial,300,66,22,30,182,0.29333333333333333,0.32,0.02666666666666667,0.3317497633694906,"[-0.02, 0.073333]","[""DA_d2_heldout100/321"", ""DA_d2_heldout100/414"", ""DA_d2_heldout100/439"", ""DA_d2_heldout200b/489"", ""DA_d2_heldout200b/566"", ""DA_d2_heldout200b/589"", ""DA_d2_heldout200b/630"", ""DA_d2_heldout200b/636"", ""DA_d2_heldout200b/662"", ""DA_d2_heldout200b/698"", ""DA_d2_heldout200b/745"", ""DA_d2_heldout200b/746"", ""DA_d2_heldout200b/753"", ""DA_d2_seq100/117"", ""DA_d2_seq100/164"", ""DA_d2_seq100/188"", ""DA_d2_seq100/242"", ""DA_d2_seq100/33"", ""DA_d2_seq100/57"", ""DA_d2_seq100/59"", ""DA_d2_seq100/63"", ""MCR_seq200b/251"", ""MCR_seq200b/270"", ""MCR_seq200b/328"", ""MCR_seq200b/378"", ""MCR_v1_seq100/12"", ""MCR_v1_seq100/26"", ""MCR_v2_seq100/143"", ""MCR_v2_seq100/208"", ""MCR_v2_seq100/221""]","[""DA_d2_heldout100/262"", ""DA_d2_heldout100/420"", ""DA_d2_heldout100/437"", ""DA_d2_heldout200b/518"", ""DA_d2_heldout200b/548"", ""DA_d2_heldout200b/549"", ""DA_d2_heldout200b/611"", ""DA_d2_heldout200b/736"", ""DA_d2_heldout200b/756"", ""DA_d2_seq100/11"", ""DA_d2_seq100/134"", ""DA_d2_seq100/186"", ""DA_d2_seq100/28"", ""DA_d2_seq100/29"", ""DA_d2_seq100/74"", ""MCR_seq200b/345"", ""MCR_seq200b/369"", ""MCR_seq200b/471"", ""MCR_v1_seq100/112"", ""MCR_v1_seq100/47"", ""MCR_v2_seq100/139"", ""MCR_v2_seq100/245""]",1.0
E12,s1_k5_first,s1_k5_pointwise,pointwise_vs_first_s1_k5,factorial39,ALL,compatible_partial,300,66,22,33,179,0.29333333333333333,0.33,0.03666666666666667,0.17700136477035816,"[-0.01, 0.086667]","[""DA_d2_heldout100/321"", ""DA_d2_heldout100/330"", ""DA_d2_heldout100/414"", ""DA_d2_heldout100/439"", ""DA_d2_heldout200b/489"", ""DA_d2_heldout200b/566"", ""DA_d2_heldout200b/618"", ""DA_d2_heldout200b/630"", ""DA_d2_heldout200b/636"", ""DA_d2_heldout200b/662"", ""DA_d2_heldout200b/676"", ""DA_d2_heldout200b/698"", ""DA_d2_heldout200b/723"", ""DA_d2_heldout200b/746"", ""DA_d2_heldout200b/753"", ""DA_d2_heldout200b/758"", ""DA_d2_heldout200b/771"", ""DA_d2_seq100/164"", ""DA_d2_seq100/188"", ""DA_d2_seq100/242"", ""DA_d2_seq100/33"", ""DA_d2_seq100/57"", ""DA_d2_seq100/59"", ""DA_d2_seq100/63"", ""MCR_seq200b/251"", ""MCR_seq200b/374"", ""MCR_seq200b/378"", ""MCR_seq200b/411"", ""MCR_v1_seq100/12"", ""MCR_v1_seq100/26"", ""MCR_v2_seq100/143"", ""MCR_v2_seq100/208"", ""MCR_v2_seq100/214""]","[""DA_d2_heldout100/262"", ""DA_d2_heldout100/266"", ""DA_d2_heldout200b/518"", ""DA_d2_heldout200b/549"", ""DA_d2_heldout200b/601"", ""DA_d2_heldout200b/611"", ""DA_d2_heldout200b/724"", ""DA_d2_heldout200b/736"", ""DA_d2_heldout200b/756"", ""DA_d2_heldout200b/778"", ""DA_d2_seq100/11"", ""DA_d2_seq100/186"", ""DA_d2_seq100/214"", ""DA_d2_seq100/243"", ""DA_d2_seq100/28"", ""DA_d2_seq100/74"", ""MCR_seq200b/369"", ""MCR_seq200b/471"", ""MCR_v1_seq100/112"", ""MCR_v1_seq100/47"", ""MCR_v2_seq100/139"", ""MCR_v2_seq100/245""]",1.0
E12,s1_k10_first,raw_k10_first,raw_vs_s1_k10_first,factorial39,ALL,compatible_partial,300,88,0,0,212,0.29333333333333333,0.29333333333333333,0.0,1.0,"[0.0, 0.0]",[],[],1.0
E12,s1_k10_pairwise,raw_k10_pairwise,raw_vs_s1_k10_pairwise,factorial39,ALL,compatible_partial,300,81,14,32,173,0.31666666666666665,0.37666666666666665,0.06,0.011351591436778108,"[0.016667, 0.103333]","[""DA_d2_heldout100/266"", ""DA_d2_heldout100/318"", ""DA_d2_heldout100/330"", ""DA_d2_heldout100/392"", ""DA_d2_heldout200b/549"", ""DA_d2_heldout200b/560"", ""DA_d2_heldout200b/566"", ""DA_d2_heldout200b/578"", ""DA_d2_heldout200b/618"", ""DA_d2_heldout200b/621"", ""DA_d2_heldout200b/622"", ""DA_d2_heldout200b/627"", ""DA_d2_heldout200b/649"", ""DA_d2_heldout200b/662"", ""DA_d2_heldout200b/676"", ""DA_d2_heldout200b/706"", ""DA_d2_heldout200b/719"", ""DA_d2_heldout200b/723"", ""DA_d2_heldout200b/736"", ""DA_d2_heldout200b/745"", ""DA_d2_heldout200b/757"", ""DA_d2_heldout200b/766"", ""DA_d2_seq100/156"", ""DA_d2_seq100/59"", ""DA_d2_seq100/95"", ""MCR_seq200b/337"", ""MCR_seq200b/394"", ""MCR_v1_seq100/41"", ""MCR_v1_seq100/47"", ""MCR_v2_seq100/139"", ""MCR_v2_seq100/201"", ""MCR_v2_seq100/230""]","[""DA_d2_heldout100/259"", ""DA_d2_heldout100/290"", ""DA_d2_heldout200b/489"", ""DA_d2_heldout200b/611"", ""DA_d2_heldout200b/724"", ""DA_d2_heldout200b/746"", ""DA_d2_heldout200b/756"", ""DA_d2_heldout200b/771"", ""MCR_seq200b/251"", ""MCR_seq200b/328"", ""MCR_seq200b/363"", ""MCR_seq200b/411"", ""MCR_v1_seq100/12"", ""MCR_v1_seq100/26""]",0.4313604745975681
E12,s1_k10_pointwise,raw_k10_pointwise,raw_vs_s1_k10_pointwise,factorial39,ALL,compatible_partial,300,80,16,23,181,0.32,0.3433333333333333,0.023333333333333334,0.3367836351899314,"[-0.016667, 0.063333]","[""DA_d2_heldout100/262"", ""DA_d2_heldout100/330"", ""DA_d2_heldout100/392"", ""DA_d2_heldout100/420"", ""DA_d2_heldout100/451"", ""DA_d2_heldout200b/549"", ""DA_d2_heldout200b/618"", ""DA_d2_heldout200b/622"", ""DA_d2_heldout200b/627"", ""DA_d2_heldout200b/649"", ""DA_d2_heldout200b/676"", ""DA_d2_heldout200b/723"", ""DA_d2_heldout200b/736"", ""DA_d2_heldout200b/757"", ""DA_d2_seq100/134"", ""DA_d2_seq100/156"", ""DA_d2_seq100/28"", ""DA_d2_seq100/76"", ""DA_d2_seq100/95"", ""MCR_seq200b/355"", ""MCR_seq200b/374"", ""MCR_v2_seq100/230"", ""MCR_v2_seq100/245""]","[""DA_d2_heldout100/259"", ""DA_d2_heldout100/290"", ""DA_d2_heldout200b/485"", ""DA_d2_heldout200b/724"", ""DA_d2_heldout200b/778"", ""DA_d2_seq100/117"", ""DA_d2_seq100/243"", ""DA_d2_seq100/45"", ""MCR_seq200b/251"", ""MCR_seq200b/328"", ""MCR_seq200b/378"", ""MCR_v1_seq100/12"", ""MCR_v1_seq100/26"", ""MCR_v1_seq100/8"", ""MCR_v2_seq100/208"", ""MCR_v2_seq100/221""]",1.0
E12,s1_k5_first,raw_k5_first,raw_vs_s1_k5_first,factorial39,ALL,compatible_partial,300,88,0,0,212,0.29333333333333333,0.29333333333333333,0.0,1.0,"[0.0, 0.0]",[],[],1.0
E12,s1_k5_pairwise,raw_k5_pairwise,raw_vs_s1_k5_pairwise,factorial39,ALL,compatible_partial,300,84,15,21,180,0.33,0.35,0.02,0.40503224614076316,"[-0.02, 0.06]","[""DA_d2_heldout100/266"", ""DA_d2_heldout100/281"", ""DA_d2_heldout100/372"", ""DA_d2_heldout100/392"", ""DA_d2_heldout200b/527"", ""DA_d2_heldout200b/560"", ""DA_d2_heldout200b/566"", ""DA_d2_heldout200b/578"", ""DA_d2_heldout200b/601"", ""DA_d2_heldout200b/627"", ""DA_d2_heldout200b/660"", ""DA_d2_heldout200b/719"", ""DA_d2_heldout200b/723"", ""DA_d2_heldout200b/766"", ""DA_d2_seq100/134"", ""DA_d2_seq100/156"", ""DA_d2_seq100/76"", ""DA_d2_seq100/95"", ""MCR_seq200b/394"", ""MCR_v2_seq100/139"", ""MCR_v2_seq100/230""]","[""DA_d2_heldout100/259"", ""DA_d2_heldout200b/485"", ""DA_d2_heldout200b/489"", ""DA_d2_heldout200b/619"", ""DA_d2_heldout200b/736"", ""DA_d2_heldout200b/738"", ""DA_d2_heldout200b/756"", ""DA_d2_seq100/242"", ""DA_d2_seq100/243"", ""MCR_seq200b/345"", ""MCR_seq200b/411"", ""MCR_v1_seq100/47"", ""MCR_v1_seq100/86"", ""MCR_v2_seq100/143"", ""MCR_v2_seq100/208""]",1.0
E12,s1_k5_pointwise,raw_k5_pointwise,raw_vs_s1_k5_pointwise,factorial39,ALL,compatible_partial,300,81,18,21,180,0.33,0.34,0.01,0.7492586247608415,"[-0.03, 0.05]","[""DA_d2_heldout100/262"", ""DA_d2_heldout100/266"", ""DA_d2_heldout100/318"", ""DA_d2_heldout100/392"", ""DA_d2_heldout200b/518"", ""DA_d2_heldout200b/527"", ""DA_d2_heldout200b/589"", ""DA_d2_heldout200b/627"", ""DA_d2_heldout200b/724"", ""DA_d2_heldout200b/736"", ""DA_d2_heldout200b/745"", ""DA_d2_heldout200b/757"", ""DA_d2_seq100/156"", ""DA_d2_seq100/214"", ""DA_d2_seq100/243"", ""MCR_seq200b/270"", ""MCR_seq200b/369"", ""MCR_seq200b/394"", ""MCR_v1_seq100/123"", ""MCR_v1_seq100/41"", ""MCR_v2_seq100/230""]","[""DA_d2_heldout100/259"", ""DA_d2_heldout100/273"", ""DA_d2_heldout100/290"", ""DA_d2_heldout200b/523"", ""DA_d2_heldout200b/548"", ""DA_d2_heldout200b/566"", ""DA_d2_heldout200b/758"", ""DA_d2_heldout200b/771"", ""DA_d2_seq100/134"", ""DA_d2_seq100/45"", ""MCR_seq200b/251"", ""MCR_seq200b/345"", ""MCR_seq200b/411"", ""MCR_v1_seq100/12"", ""MCR_v1_seq100/26"", ""MCR_v1_seq100/8"", ""MCR_v2_seq100/143"", ""MCR_v2_seq100/208""]",1.0
E12,s1_k10_first,graph_k10_first,graph_vs_s1_k10_first,factorial39,ALL,complete_or_compatible_partial,300,117,0,0,183,0.39,0.39,0.0,1.0,"[0.0, 0.0]",[],[],1.0
E12,s1_k10_pairwise,graph_k10_pairwise,graph_vs_s1_k10_pairwise,factorial39,ALL,complete_or_compatible_partial,300,90,38,27,145,0.4266666666666667,0.39,-0.03666666666666667,0.21453919400817845,"[-0.09, 0.016667]","[""DA_d2_heldout100/330"", ""DA_d2_heldout100/437"", ""DA_d2_heldout100/451"", ""DA_d2_heldout200b/477"", ""DA_d2_heldout200b/540"", ""DA_d2_heldout200b/548"", ""DA_d2_heldout200b/549"", ""DA_d2_heldout200b/560"", ""DA_d2_heldout200b/566"", ""DA_d2_heldout200b/618"", ""DA_d2_heldout200b/621"", ""DA_d2_heldout200b/622"", ""DA_d2_heldout200b/627"", ""DA_d2_heldout200b/676"", ""DA_d2_heldout200b/706"", ""DA_d2_heldout200b/719"", ""DA_d2_heldout200b/757"", ""DA_d2_seq100/156"", ""DA_d2_seq100/243"", ""DA_d2_seq100/59"", ""MCR_seq200b/265"", ""MCR_seq200b/320"", ""MCR_seq200b/337"", ""MCR_seq200b/458"", ""MCR_v1_seq100/78"", ""MCR_v2_seq100/139"", ""MCR_v2_seq100/201""]","[""DA_d2_heldout100/259"", ""DA_d2_heldout100/262"", ""DA_d2_heldout100/290"", ""DA_d2_heldout100/321"", ""DA_d2_heldout100/379"", ""DA_d2_heldout100/415"", ""DA_d2_heldout200b/485"", ""DA_d2_heldout200b/497"", ""DA_d2_heldout200b/523"", ""DA_d2_heldout200b/611"", ""DA_d2_heldout200b/619"", ""DA_d2_heldout200b/687"", ""DA_d2_heldout200b/746"", ""DA_d2_heldout200b/756"", ""DA_d2_heldout200b/771"", ""DA_d2_heldout200b/774"", ""DA_d2_seq100/11"", ""DA_d2_seq100/118"", ""DA_d2_seq100/134"", ""DA_d2_seq100/164"", ""DA_d2_seq100/214"", ""DA_d2_seq100/28"", ""DA_d2_seq100/33"", ""MCR_seq200b/296"", ""MCR_seq200b/329"", ""MCR_seq200b/335"", ""MCR_seq200b/363"", ""MCR_seq200b/369"", ""MCR_seq200b/376"", ""MCR_seq200b/378"", ""MCR_seq200b/478"", ""MCR_v1_seq100/12"", ""MCR_v1_seq100/123"", ""MCR_v1_seq100/26"", ""MCR_v1_seq100/60"", ""MCR_v1_seq100/76"", ""MCR_v1_seq100/99"", ""MCR_v2_seq100/214""]",1.0
E12,s1_k10_pointwise,graph_k10_pointwise,graph_vs_s1_k10_pointwise,factorial39,ALL,complete_or_compatible_partial,300,87,37,23,153,0.41333333333333333,0.36666666666666664,-0.04666666666666667,0.09246098107292373,"[-0.096667, 0.003333]","[""DA_d2_heldout100/262"", ""DA_d2_heldout100/330"", ""DA_d2_heldout100/420"", ""DA_d2_heldout100/451"", ""DA_d2_heldout200b/518"", ""DA_d2_heldout200b/540"", ""DA_d2_heldout200b/611"", ""DA_d2_heldout200b/618"", ""DA_d2_heldout200b/622"", ""DA_d2_heldout200b/627"", ""DA_d2_seq100/103"", ""DA_d2_seq100/134"", ""DA_d2_seq100/139"", ""DA_d2_seq100/156"", ""DA_d2_seq100/29"", ""MCR_seq200b/320"", ""MCR_seq200b/363"", ""MCR_seq200b/374"", ""MCR_seq200b/396"", ""MCR_seq200b/411"", ""MCR_seq200b/458"", ""MCR_v1_seq100/41"", ""MCR_v1_seq100/78""]","[""DA_d2_heldout100/259"", ""DA_d2_heldout100/266"", ""DA_d2_heldout100/290"", ""DA_d2_heldout100/321"", ""DA_d2_heldout100/379"", ""DA_d2_heldout100/415"", ""DA_d2_heldout200b/497"", ""DA_d2_heldout200b/523"", ""DA_d2_heldout200b/578"", ""DA_d2_heldout200b/619"", ""DA_d2_heldout200b/687"", ""DA_d2_heldout200b/706"", ""DA_d2_heldout200b/745"", ""DA_d2_heldout200b/746"", ""DA_d2_heldout200b/753"", ""DA_d2_heldout200b/766"", ""DA_d2_heldout200b/774"", ""DA_d2_heldout200b/778"", ""DA_d2_seq100/117"", ""DA_d2_seq100/118"", ""DA_d2_seq100/164"", ""DA_d2_seq100/188"", ""DA_d2_seq100/214"", ""MCR_seq200b/251"", ""MCR_seq200b/283"", ""MCR_seq200b/296"", ""MCR_seq200b/329"", ""MCR_seq200b/376"", ""MCR_seq200b/478"", ""MCR_v1_seq100/12"", ""MCR_v1_seq100/26"", ""MCR_v1_seq100/6"", ""MCR_v1_seq100/76"", ""MCR_v1_seq100/99"", ""MCR_v2_seq100/208"", ""MCR_v2_seq100/209"", ""MCR_v2_seq100/221""]",1.0
E12,s1_k5_first,graph_k5_first,graph_vs_s1_k5_first,factorial39,ALL,complete_or_compatible_partial,300,117,0,0,183,0.39,0.39,0.0,1.0,"[0.0, 0.0]",[],[],1.0
E12,s1_k5_pairwise,graph_k5_pairwise,graph_vs_s1_k5_pairwise,factorial39,ALL,complete_or_compatible_partial,300,99,32,20,149,0.43666666666666665,0.39666666666666667,-0.04,0.12634707581392135,"[-0.086667, 0.006667]","[""DA_d2_heldout100/262"", ""DA_d2_heldout100/281"", ""DA_d2_heldout200b/540"", ""DA_d2_heldout200b/549"", ""DA_d2_heldout200b/560"", ""DA_d2_heldout200b/566"", ""DA_d2_heldout200b/601"", ""DA_d2_heldout200b/627"", ""DA_d2_heldout200b/660"", ""DA_d2_heldout200b/719"", ""DA_d2_heldout200b/723"", ""DA_d2_heldout200b/724"", ""DA_d2_heldout200b/771"", ""DA_d2_seq100/134"", ""DA_d2_seq100/156"", ""MCR_seq200b/251"", ""MCR_v1_seq100/46"", ""MCR_v1_seq100/74"", ""MCR_v2_seq100/139"", ""MCR_v2_seq100/230""]","[""DA_d2_heldout100/318"", ""DA_d2_heldout100/321"", ""DA_d2_heldout100/379"", ""DA_d2_heldout100/415"", ""DA_d2_heldout200b/485"", ""DA_d2_heldout200b/497"", ""DA_d2_heldout200b/523"", ""DA_d2_heldout200b/591"", ""DA_d2_heldout200b/619"", ""DA_d2_heldout200b/630"", ""DA_d2_heldout200b/687"", ""DA_d2_heldout200b/736"", ""DA_d2_heldout200b/745"", ""DA_d2_heldout200b/746"", ""DA_d2_heldout200b/756"", ""DA_d2_heldout200b/757"", ""DA_d2_heldout200b/774"", ""DA_d2_seq100/11"", ""DA_d2_seq100/118"", ""DA_d2_seq100/214"", ""DA_d2_seq100/63"", ""MCR_seq200b/329"", ""MCR_seq200b/369"", ""MCR_seq200b/376"", ""MCR_seq200b/378"", ""MCR_seq200b/478"", ""MCR_v1_seq100/12"", ""MCR_v1_seq100/45"", ""MCR_v1_seq100/76"", ""MCR_v1_seq100/86"", ""MCR_v1_seq100/95"", ""MCR_v2_seq100/208""]",1.0
E12,s1_k5_pointwise,graph_k5_pointwise,graph_vs_s1_k5_pointwise,factorial39,ALL,complete_or_compatible_partial,300,94,34,22,150,0.4266666666666667,0.38666666666666666,-0.04,0.14089542359848076,"[-0.09, 0.01]","[""DA_d2_heldout100/262"", ""DA_d2_heldout200b/518"", ""DA_d2_heldout200b/540"", ""DA_d2_heldout200b/549"", ""DA_d2_heldout200b/589"", ""DA_d2_heldout200b/601"", ""DA_d2_heldout200b/627"", ""DA_d2_heldout200b/719"", ""DA_d2_heldout200b/757"", ""DA_d2_seq100/156"", ""DA_d2_seq100/243"", ""MCR_seq200b/270"", ""MCR_seq200b/320"", ""MCR_seq200b/355"", ""MCR_seq200b/363"", ""MCR_seq200b/458"", ""MCR_v1_seq100/41"", ""MCR_v1_seq100/46"", ""MCR_v1_seq100/74"", ""MCR_v1_seq100/78"", ""MCR_v1_seq100/99"", ""MCR_v2_seq100/174""]","[""DA_d2_heldout100/290"", ""DA_d2_heldout100/321"", ""DA_d2_heldout100/379"", ""DA_d2_heldout100/415"", ""DA_d2_heldout100/437"", ""DA_d2_heldout200b/485"", ""DA_d2_heldout200b/497"", ""DA_d2_heldout200b/523"", ""DA_d2_heldout200b/536"", ""DA_d2_heldout200b/560"", ""DA_d2_heldout200b/578"", ""DA_d2_heldout200b/619"", ""DA_d2_heldout200b/630"", ""DA_d2_heldout200b/662"", ""DA_d2_heldout200b/687"", ""DA_d2_heldout200b/706"", ""DA_d2_heldout200b/746"", ""DA_d2_heldout200b/758"", ""DA_d2_heldout200b/774"", ""DA_d2_seq100/118"", ""DA_d2_seq100/164"", ""DA_d2_seq100/19"", ""DA_d2_seq100/242"", ""DA_d2_seq100/57"", ""MCR_seq200b/329"", ""MCR_seq200b/376"", ""MCR_seq200b/478"", ""MCR_v1_seq100/12"", ""MCR_v1_seq100/26"", ""MCR_v1_seq100/60"", ""MCR_v1_seq100/76"", ""MCR_v2_seq100/201"", ""MCR_v2_seq100/208"", ""MCR_v2_seq100/214""]",1.0
E12,graph_k5_first,graph_k10_first,k10_vs_k5_graph_first,factorial39,ALL,complete_or_compatible_partial,300,117,0,0,183,0.39,0.39,0.0,1.0,"[0.0, 0.0]",[],[],1.0
E12,graph_k5_pairwise,graph_k10_pairwise,k10_vs_k5_graph_pairwise,factorial39,ALL,complete_or_compatible_partial,300,104,15,13,168,0.39666666666666667,0.39,-0.006666666666666667,0.8505540192127228,"[-0.04, 0.026667]","[""DA_d2_heldout100/451"", ""DA_d2_heldout200b/477"", ""DA_d2_heldout200b/591"", ""DA_d2_heldout200b/622"", ""DA_d2_heldout200b/630"", ""DA_d2_heldout200b/676"", ""DA_d2_heldout200b/757"", ""DA_d2_seq100/63"", ""MCR_seq200b/265"", ""MCR_seq200b/320"", ""MCR_v1_seq100/45"", ""MCR_v1_seq100/86"", ""MCR_v2_seq100/209""]","[""DA_d2_heldout100/259"", ""DA_d2_heldout100/262"", ""DA_d2_heldout100/290"", ""DA_d2_heldout200b/662"", ""DA_d2_heldout200b/723"", ""DA_d2_heldout200b/771"", ""DA_d2_seq100/134"", ""DA_d2_seq100/164"", ""DA_d2_seq100/33"", ""MCR_seq200b/335"", ""MCR_v1_seq100/123"", ""MCR_v1_seq100/26"", ""MCR_v1_seq100/74"", ""MCR_v1_seq100/99"", ""MCR_v2_seq100/230""]",1.0
E12,graph_k5_pointwise,graph_k10_pointwise,k10_vs_k5_graph_pointwise,factorial39,ALL,complete_or_compatible_partial,300,96,20,14,170,0.38666666666666666,0.36666666666666664,-0.02,0.39152830513194203,"[-0.056667, 0.016667]","[""DA_d2_heldout100/451"", ""DA_d2_heldout200b/485"", ""DA_d2_heldout200b/536"", ""DA_d2_heldout200b/560"", ""DA_d2_heldout200b/611"", ""DA_d2_heldout200b/622"", ""DA_d2_heldout200b/630"", ""DA_d2_heldout200b/662"", ""DA_d2_heldout200b/724"", ""DA_d2_seq100/139"", ""DA_d2_seq100/19"", ""DA_d2_seq100/242"", ""DA_d2_seq100/57"", ""MCR_v2_seq100/201""]","[""DA_d2_heldout100/259"", ""DA_d2_heldout200b/548"", ""DA_d2_heldout200b/549"", ""DA_d2_heldout200b/676"", ""DA_d2_heldout200b/719"", ""DA_d2_heldout200b/723"", ""DA_d2_heldout200b/753"", ""DA_d2_heldout200b/757"", ""DA_d2_heldout200b/766"", ""DA_d2_heldout200b/771"", ""DA_d2_seq100/188"", ""MCR_seq200b/251"", ""MCR_seq200b/296"", ""MCR_seq200b/335"", ""MCR_seq200b/355"", ""MCR_v1_seq100/46"", ""MCR_v1_seq100/6"", ""MCR_v1_seq100/74"", ""MCR_v1_seq100/99"", ""MCR_v2_seq100/174""]",1.0
E12,raw_k5_first,raw_k10_first,k10_vs_k5_raw_first,factorial39,ALL,complete_or_compatible_partial,300,117,0,0,183,0.39,0.39,0.0,1.0,"[0.0, 0.0]",[],[],1.0
E12,raw_k5_pairwise,raw_k10_pairwise,k10_vs_k5_raw_pairwise,factorial39,ALL,complete_or_compatible_partial,300,137,9,17,137,0.4866666666666667,0.5133333333333333,0.02666666666666667,0.16863754391670227,"[-0.006667, 0.06]","[""DA_d2_heldout100/262"", ""DA_d2_heldout200b/485"", ""DA_d2_heldout200b/540"", ""DA_d2_heldout200b/549"", ""DA_d2_heldout200b/619"", ""DA_d2_heldout200b/622"", ""DA_d2_heldout200b/649"", ""DA_d2_heldout200b/676"", ""DA_d2_heldout200b/736"", ""DA_d2_heldout200b/738"", ""DA_d2_seq100/242"", ""DA_d2_seq100/28"", ""MCR_v1_seq100/41"", ""MCR_v1_seq100/86"", ""MCR_v1_seq100/99"", ""MCR_v2_seq100/143"", ""MCR_v2_seq100/214""]","[""DA_d2_heldout100/290"", ""DA_d2_heldout100/372"", ""DA_d2_heldout100/437"", ""DA_d2_heldout200b/527"", ""DA_d2_heldout200b/548"", ""DA_d2_heldout200b/746"", ""DA_d2_seq100/76"", ""MCR_v1_seq100/26"", ""MCR_v1_seq100/74""]",1.0
E12,raw_k5_pointwise,raw_k10_pointwise,k10_vs_k5_raw_pointwise,factorial39,ALL,complete_or_compatible_partial,300,123,19,19,139,0.47333333333333333,0.47333333333333333,0.0,1.0,"[-0.04, 0.04]","[""DA_d2_heldout100/273"", ""DA_d2_heldout100/451"", ""DA_d2_heldout200b/523"", ""DA_d2_heldout200b/540"", ""DA_d2_heldout200b/549"", ""DA_d2_heldout200b/566"", ""DA_d2_heldout200b/601"", ""DA_d2_heldout200b/622"", ""DA_d2_heldout200b/649"", ""DA_d2_seq100/134"", ""DA_d2_seq100/28"", ""DA_d2_seq100/76"", ""DA_d2_seq100/95"", ""MCR_seq200b/329"", ""MCR_seq200b/355"", ""MCR_seq200b/396"", ""MCR_seq200b/458"", ""MCR_v2_seq100/143"", ""MCR_v2_seq100/245""]","[""DA_d2_heldout100/318"", ""DA_d2_heldout100/437"", ""DA_d2_heldout200b/485"", ""DA_d2_heldout200b/518"", ""DA_d2_heldout200b/527"", ""DA_d2_heldout200b/633"", ""DA_d2_heldout200b/724"", ""DA_d2_seq100/243"", ""DA_d2_seq100/29"", ""MCR_seq200b/283"", ""MCR_seq200b/296"", ""MCR_seq200b/345"", ""MCR_seq200b/369"", ""MCR_seq200b/378"", ""MCR_seq200b/394"", ""MCR_v1_seq100/123"", ""MCR_v1_seq100/41"", ""MCR_v1_seq100/74"", ""MCR_v2_seq100/214""]",1.0
E12,s1_k5_first,s1_k10_first,k10_vs_k5_s1_first,factorial39,ALL,complete_or_compatible_partial,300,117,0,0,183,0.39,0.39,0.0,1.0,"[0.0, 0.0]",[],[],1.0
E12,s1_k5_pairwise,s1_k10_pairwise,k10_vs_k5_s1_pairwise,factorial39,ALL,complete_or_compatible_partial,300,112,19,16,153,0.43666666666666665,0.4266666666666667,-0.01,0.7358788008568808,"[-0.05, 0.03]","[""DA_d2_heldout100/262"", ""DA_d2_heldout100/281"", ""DA_d2_heldout200b/601"", ""DA_d2_heldout200b/611"", ""DA_d2_heldout200b/660"", ""DA_d2_heldout200b/724"", ""DA_d2_heldout200b/771"", ""DA_d2_seq100/134"", ""DA_d2_seq100/28"", ""MCR_seq200b/251"", ""MCR_seq200b/296"", ""MCR_seq200b/363"", ""MCR_v1_seq100/46"", ""MCR_v1_seq100/60"", ""MCR_v2_seq100/209"", ""MCR_v2_seq100/214""]","[""DA_d2_heldout100/318"", ""DA_d2_heldout100/330"", ""DA_d2_heldout100/437"", ""DA_d2_heldout200b/548"", ""DA_d2_heldout200b/618"", ""DA_d2_heldout200b/621"", ""DA_d2_heldout200b/662"", ""DA_d2_heldout200b/706"", ""DA_d2_heldout200b/736"", ""DA_d2_heldout200b/745"", ""DA_d2_heldout200b/757"", ""DA_d2_seq100/243"", ""DA_d2_seq100/59"", ""MCR_seq200b/337"", ""MCR_seq200b/458"", ""MCR_v1_seq100/78"", ""MCR_v1_seq100/95"", ""MCR_v2_seq100/201"", ""MCR_v2_seq100/208""]",1.0
E12,s1_k5_pointwise,s1_k10_pointwise,k10_vs_k5_s1_pointwise,factorial39,ALL,complete_or_compatible_partial,300,110,18,14,158,0.4266666666666667,0.41333333333333333,-0.013333333333333334,0.5966148958541453,"[-0.05, 0.023333]","[""DA_d2_heldout100/266"", ""DA_d2_heldout200b/589"", ""DA_d2_heldout200b/601"", ""DA_d2_heldout200b/724"", ""DA_d2_heldout200b/745"", ""DA_d2_heldout200b/778"", ""DA_d2_seq100/117"", ""DA_d2_seq100/214"", ""DA_d2_seq100/243"", ""MCR_seq200b/270"", ""MCR_seq200b/283"", ""MCR_v1_seq100/99"", ""MCR_v2_seq100/209"", ""MCR_v2_seq100/221""]","[""DA_d2_heldout100/330"", ""DA_d2_heldout100/420"", ""DA_d2_heldout100/437"", ""DA_d2_heldout200b/548"", ""DA_d2_heldout200b/618"", ""DA_d2_heldout200b/676"", ""DA_d2_heldout200b/723"", ""DA_d2_heldout200b/758"", ""DA_d2_heldout200b/771"", ""DA_d2_seq100/103"", ""DA_d2_seq100/134"", ""DA_d2_seq100/29"", ""MCR_seq200b/335"", ""MCR_seq200b/374"", ""MCR_seq200b/396"", ""MCR_seq200b/411"", ""MCR_v1_seq100/60"", ""MCR_v2_seq100/214""]",1.0
E12,graph_k10_first,graph_k10_pairwise,pairwise_vs_first_graph_k10,factorial39,ALL,complete_or_compatible_partial,300,81,36,36,147,0.39,0.39,0.0,1.0,"[-0.053333, 0.056667]","[""DA_d2_heldout100/330"", ""DA_d2_heldout100/414"", ""DA_d2_heldout100/439"", ""DA_d2_heldout100/451"", ""DA_d2_heldout200b/477"", ""DA_d2_heldout200b/489"", ""DA_d2_heldout200b/540"", ""DA_d2_heldout200b/566"", ""DA_d2_heldout200b/589"", ""DA_d2_heldout200b/618"", ""DA_d2_heldout200b/622"", ""DA_d2_heldout200b/627"", ""DA_d2_heldout200b/630"", ""DA_d2_heldout200b/636"", ""DA_d2_heldout200b/676"", ""DA_d2_heldout200b/698"", ""DA_d2_heldout200b/719"", ""DA_d2_heldout200b/753"", ""DA_d2_heldout200b/757"", ""DA_d2_seq100/103"", ""DA_d2_seq100/156"", ""DA_d2_seq100/188"", ""DA_d2_seq100/242"", ""DA_d2_seq100/57"", ""DA_d2_seq100/59"", ""DA_d2_seq100/63"", ""MCR_seq200b/265"", ""MCR_seq200b/270"", ""MCR_seq200b/320"", ""MCR_seq200b/374"", ""MCR_seq200b/384"", ""MCR_v1_seq100/45"", ""MCR_v2_seq100/143"", ""MCR_v2_seq100/197"", ""MCR_v2_seq100/209"", ""MCR_v2_seq100/227""]","[""DA_d2_heldout100/259"", ""DA_d2_heldout100/262"", ""DA_d2_heldout100/266"", ""DA_d2_heldout100/290"", ""DA_d2_heldout100/379"", ""DA_d2_heldout100/415"", ""DA_d2_heldout200b/485"", ""DA_d2_heldout200b/497"", ""DA_d2_heldout200b/523"", ""DA_d2_heldout200b/578"", ""DA_d2_heldout200b/611"", ""DA_d2_heldout200b/619"", ""DA_d2_heldout200b/633"", ""DA_d2_heldout200b/687"", ""DA_d2_heldout200b/736"", ""DA_d2_heldout200b/756"", ""DA_d2_heldout200b/766"", ""DA_d2_heldout200b/774"", ""DA_d2_heldout200b/778"", ""DA_d2_seq100/11"", ""DA_d2_seq100/118"", ""DA_d2_seq100/134"", ""DA_d2_seq100/214"", ""DA_d2_seq100/28"", ""DA_d2_seq100/74"", ""MCR_seq200b/283"", ""MCR_seq200b/296"", ""MCR_seq200b/369"", ""MCR_seq200b/376"", ""MCR_seq200b/471"", ""MCR_seq200b/478"", ""MCR_v1_seq100/12"", ""MCR_v1_seq100/76"", ""MCR_v1_seq100/95"", ""MCR_v2_seq100/208"", ""MCR_v2_seq100/245""]",1.0
E12,graph_k5_first,graph_k5_pairwise,pairwise_vs_first_graph_k5,factorial39,ALL,complete_or_compatible_partial,300,83,34,36,147,0.39,0.39666666666666667,0.006666666666666667,0.9049745264594623,"[-0.046667, 0.06]","[""DA_d2_heldout100/330"", ""DA_d2_heldout100/414"", ""DA_d2_heldout100/439"", ""DA_d2_heldout200b/489"", ""DA_d2_heldout200b/540"", ""DA_d2_heldout200b/566"", ""DA_d2_heldout200b/589"", ""DA_d2_heldout200b/618"", ""DA_d2_heldout200b/627"", ""DA_d2_heldout200b/636"", ""DA_d2_heldout200b/662"", ""DA_d2_heldout200b/698"", ""DA_d2_heldout200b/719"", ""DA_d2_heldout200b/723"", ""DA_d2_heldout200b/753"", ""DA_d2_heldout200b/771"", ""DA_d2_seq100/103"", ""DA_d2_seq100/156"", ""DA_d2_seq100/164"", ""DA_d2_seq100/188"", ""DA_d2_seq100/242"", ""DA_d2_seq100/33"", ""DA_d2_seq100/57"", ""DA_d2_seq100/59"", ""MCR_seq200b/270"", ""MCR_seq200b/335"", ""MCR_seq200b/374"", ""MCR_seq200b/384"", ""MCR_v1_seq100/123"", ""MCR_v1_seq100/26"", ""MCR_v1_seq100/74"", ""MCR_v1_seq100/99"", ""MCR_v2_seq100/143"", ""MCR_v2_seq100/197"", ""MCR_v2_seq100/227"", ""MCR_v2_seq100/230""]","[""DA_d2_heldout100/266"", ""DA_d2_heldout100/379"", ""DA_d2_heldout100/415"", ""DA_d2_heldout200b/485"", ""DA_d2_heldout200b/497"", ""DA_d2_heldout200b/523"", ""DA_d2_heldout200b/578"", ""DA_d2_heldout200b/591"", ""DA_d2_heldout200b/611"", ""DA_d2_heldout200b/619"", ""DA_d2_heldout200b/633"", ""DA_d2_heldout200b/687"", ""DA_d2_heldout200b/736"", ""DA_d2_heldout200b/756"", ""DA_d2_heldout200b/766"", ""DA_d2_heldout200b/774"", ""DA_d2_heldout200b/778"", ""DA_d2_seq100/11"", ""DA_d2_seq100/118"", ""DA_d2_seq100/214"", ""DA_d2_seq100/28"", ""DA_d2_seq100/74"", ""MCR_seq200b/283"", ""MCR_seq200b/296"", ""MCR_seq200b/369"", ""MCR_seq200b/376"", ""MCR_seq200b/471"", ""MCR_seq200b/478"", ""MCR_v1_seq100/12"", ""MCR_v1_seq100/76"", ""MCR_v1_seq100/86"", ""MCR_v1_seq100/95"", ""MCR_v2_seq100/208"", ""MCR_v2_seq100/245""]",1.0
E12,raw_k10_first,raw_k10_pairwise,pairwise_vs_first_raw_k10,factorial39,ALL,complete_or_compatible_partial,300,103,14,51,132,0.39,0.5133333333333333,0.12333333333333334,4.47522484948754e-06,"[0.073333, 0.173333]","[""DA_d2_heldout100/318"", ""DA_d2_heldout100/321"", ""DA_d2_heldout100/330"", ""DA_d2_heldout100/392"", ""DA_d2_heldout100/414"", ""DA_d2_heldout100/439"", ""DA_d2_heldout200b/540"", ""DA_d2_heldout200b/566"", ""DA_d2_heldout200b/589"", ""DA_d2_heldout200b/618"", ""DA_d2_heldout200b/622"", ""DA_d2_heldout200b/627"", ""DA_d2_heldout200b/630"", ""DA_d2_heldout200b/636"", ""DA_d2_heldout200b/649"", ""DA_d2_heldout200b/662"", ""DA_d2_heldout200b/676"", ""DA_d2_heldout200b/698"", ""DA_d2_heldout200b/719"", ""DA_d2_heldout200b/723"", ""DA_d2_heldout200b/745"", ""DA_d2_heldout200b/753"", ""DA_d2_heldout200b/757"", ""DA_d2_seq100/103"", ""DA_d2_seq100/156"", ""DA_d2_seq100/164"", ""DA_d2_seq100/188"", ""DA_d2_seq100/242"", ""DA_d2_seq100/33"", ""DA_d2_seq100/57"", ""DA_d2_seq100/59"", ""DA_d2_seq100/63"", ""DA_d2_seq100/95"", ""MCR_seq200b/270"", ""MCR_seq200b/320"", ""MCR_seq200b/329"", ""MCR_seq200b/335"", ""MCR_seq200b/374"", ""MCR_seq200b/378"", ""MCR_seq200b/384"", ""MCR_seq200b/394"", ""MCR_seq200b/431"", ""MCR_v1_seq100/123"", ""MCR_v1_seq100/41"", ""MCR_v1_seq100/45"", ""MCR_v1_seq100/99"", ""MCR_v2_seq100/143"", ""MCR_v2_seq100/197"", ""MCR_v2_seq100/214"", ""MCR_v2_seq100/227"", ""MCR_v2_seq100/230""]","[""DA_d2_heldout100/259"", ""DA_d2_heldout100/290"", ""DA_d2_heldout100/437"", ""DA_d2_heldout200b/548"", ""DA_d2_heldout200b/611"", ""DA_d2_heldout200b/633"", ""DA_d2_heldout200b/724"", ""DA_d2_heldout200b/756"", ""DA_d2_heldout200b/778"", ""DA_d2_seq100/243"", ""DA_d2_seq100/74"", ""MCR_seq200b/458"", ""MCR_seq200b/471"", ""MCR_v2_seq100/245""]",0.00017453376913001406
E12,raw_k5_first,raw_k5_pairwise,pairwise_vs_first_raw_k5,factorial39,ALL,complete_or_compatible_partial,300,98,19,48,135,0.39,0.4866666666666667,0.09666666666666666,0.0005216127568115162,"[0.043333, 0.15]","[""DA_d2_heldout100/318"", ""DA_d2_heldout100/321"", ""DA_d2_heldout100/330"", ""DA_d2_heldout100/372"", ""DA_d2_heldout100/392"", ""DA_d2_heldout100/414"", ""DA_d2_heldout100/439"", ""DA_d2_heldout200b/527"", ""DA_d2_heldout200b/566"", ""DA_d2_heldout200b/589"", ""DA_d2_heldout200b/618"", ""DA_d2_heldout200b/627"", ""DA_d2_heldout200b/630"", ""DA_d2_heldout200b/636"", ""DA_d2_heldout200b/662"", ""DA_d2_heldout200b/698"", ""DA_d2_heldout200b/719"", ""DA_d2_heldout200b/723"", ""DA_d2_heldout200b/745"", ""DA_d2_heldout200b/746"", ""DA_d2_heldout200b/753"", ""DA_d2_heldout200b/757"", ""DA_d2_seq100/103"", ""DA_d2_seq100/156"", ""DA_d2_seq100/164"", ""DA_d2_seq100/188"", ""DA_d2_seq100/33"", ""DA_d2_seq100/57"", ""DA_d2_seq100/59"", ""DA_d2_seq100/63"", ""DA_d2_seq100/76"", ""DA_d2_seq100/95"", ""MCR_seq200b/270"", ""MCR_seq200b/320"", ""MCR_seq200b/329"", ""MCR_seq200b/335"", ""MCR_seq200b/374"", ""MCR_seq200b/378"", ""MCR_seq200b/384"", ""MCR_seq200b/394"", ""MCR_seq200b/431"", ""MCR_v1_seq100/123"", ""MCR_v1_seq100/26"", ""MCR_v1_seq100/45"", ""MCR_v1_seq100/74"", ""MCR_v2_seq100/197"", ""MCR_v2_seq100/227"", ""MCR_v2_seq100/230""]","[""DA_d2_heldout100/259"", ""DA_d2_heldout100/262"", ""DA_d2_heldout200b/485"", ""DA_d2_heldout200b/549"", ""DA_d2_heldout200b/611"", ""DA_d2_heldout200b/619"", ""DA_d2_heldout200b/633"", ""DA_d2_heldout200b/724"", ""DA_d2_heldout200b/736"", ""DA_d2_heldout200b/738"", ""DA_d2_heldout200b/756"", ""DA_d2_heldout200b/778"", ""DA_d2_seq100/243"", ""DA_d2_seq100/28"", ""DA_d2_seq100/74"", ""MCR_seq200b/458"", ""MCR_seq200b/471"", ""MCR_v1_seq100/86"", ""MCR_v2_seq100/245""]",0.0192996720020261
E12,s1_k10_first,s1_k10_pairwise,pairwise_vs_first_s1_k10,factorial39,ALL,complete_or_compatible_partial,300,93,24,35,148,0.39,0.4266666666666667,0.03666666666666667,0.19252645776146274,"[-0.013333, 0.086667]","[""DA_d2_heldout100/321"", ""DA_d2_heldout100/414"", ""DA_d2_heldout100/439"", ""DA_d2_heldout200b/489"", ""DA_d2_heldout200b/589"", ""DA_d2_heldout200b/630"", ""DA_d2_heldout200b/636"", ""DA_d2_heldout200b/698"", ""DA_d2_heldout200b/746"", ""DA_d2_heldout200b/753"", ""DA_d2_heldout200b/771"", ""DA_d2_seq100/103"", ""DA_d2_seq100/164"", ""DA_d2_seq100/188"", ""DA_d2_seq100/242"", ""DA_d2_seq100/33"", ""DA_d2_seq100/57"", ""DA_d2_seq100/63"", ""MCR_seq200b/270"", ""MCR_seq200b/329"", ""MCR_seq200b/335"", ""MCR_seq200b/363"", ""MCR_seq200b/374"", ""MCR_seq200b/378"", ""MCR_seq200b/384"", ""MCR_v1_seq100/123"", ""MCR_v1_seq100/26"", ""MCR_v1_seq100/45"", ""MCR_v1_seq100/60"", ""MCR_v1_seq100/99"", ""MCR_v2_seq100/143"", ""MCR_v2_seq100/197"", ""MCR_v2_seq100/209"", ""MCR_v2_seq100/214"", ""MCR_v2_seq100/227""]","[""DA_d2_heldout100/266"", ""DA_d2_heldout100/437"", ""DA_d2_heldout200b/548"", ""DA_d2_heldout200b/549"", ""DA_d2_heldout200b/560"", ""DA_d2_heldout200b/578"", ""DA_d2_heldout200b/621"", ""DA_d2_heldout200b/633"", ""DA_d2_heldout200b/706"", ""DA_d2_heldout200b/736"", ""DA_d2_heldout200b/766"", ""DA_d2_heldout200b/778"", ""DA_d2_seq100/243"", ""DA_d2_seq100/74"", ""MCR_seq200b/283"", ""MCR_seq200b/337"", ""MCR_seq200b/458"", ""MCR_seq200b/471"", ""MCR_v1_seq100/78"", ""MCR_v1_seq100/95"", ""MCR_v2_seq100/139"", ""MCR_v2_seq100/201"", ""MCR_v2_seq100/208"", ""MCR_v2_seq100/245""]",1.0
E12,s1_k5_first,s1_k5_pairwise,pairwise_vs_first_s1_k5,factorial39,ALL,complete_or_compatible_partial,300,94,23,37,146,0.39,0.43666666666666665,0.04666666666666667,0.09246098107292373,"[-0.003333, 0.096667]","[""DA_d2_heldout100/318"", ""DA_d2_heldout100/321"", ""DA_d2_heldout100/330"", ""DA_d2_heldout100/414"", ""DA_d2_heldout100/439"", ""DA_d2_heldout200b/489"", ""DA_d2_heldout200b/589"", ""DA_d2_heldout200b/618"", ""DA_d2_heldout200b/630"", ""DA_d2_heldout200b/636"", ""DA_d2_heldout200b/662"", ""DA_d2_heldout200b/698"", ""DA_d2_heldout200b/745"", ""DA_d2_heldout200b/746"", ""DA_d2_heldout200b/753"", ""DA_d2_heldout200b/757"", ""DA_d2_seq100/103"", ""DA_d2_seq100/164"", ""DA_d2_seq100/188"", ""DA_d2_seq100/242"", ""DA_d2_seq100/33"", ""DA_d2_seq100/57"", ""DA_d2_seq100/59"", ""DA_d2_seq100/63"", ""MCR_seq200b/270"", ""MCR_seq200b/329"", ""MCR_seq200b/335"", ""MCR_seq200b/374"", ""MCR_seq200b/378"", ""MCR_seq200b/384"", ""MCR_v1_seq100/123"", ""MCR_v1_seq100/26"", ""MCR_v1_seq100/45"", ""MCR_v1_seq100/99"", ""MCR_v2_seq100/143"", ""MCR_v2_seq100/197"", ""MCR_v2_seq100/227""]","[""DA_d2_heldout100/262"", ""DA_d2_heldout100/266"", ""DA_d2_heldout100/281"", ""DA_d2_heldout200b/549"", ""DA_d2_heldout200b/560"", ""DA_d2_heldout200b/578"", ""DA_d2_heldout200b/601"", ""DA_d2_heldout200b/611"", ""DA_d2_heldout200b/633"", ""DA_d2_heldout200b/660"", ""DA_d2_heldout200b/724"", ""DA_d2_heldout200b/766"", ""DA_d2_heldout200b/778"", ""DA_d2_seq100/134"", ""DA_d2_seq100/28"", ""DA_d2_seq100/74"", ""MCR_seq200b/251"", ""MCR_seq200b/283"", ""MCR_seq200b/296"", ""MCR_seq200b/471"", ""MCR_v1_seq100/46"", ""MCR_v2_seq100/139"", ""MCR_v2_seq100/245""]",1.0
E12,graph_k10_pointwise,graph_k10_pairwise,pairwise_vs_pointwise_graph_k10,factorial39,ALL,complete_or_compatible_partial,300,100,10,17,173,0.36666666666666664,0.39,0.023333333333333334,0.24778856337070465,"[-0.01, 0.056667]","[""DA_d2_heldout100/437"", ""DA_d2_heldout200b/477"", ""DA_d2_heldout200b/548"", ""DA_d2_heldout200b/549"", ""DA_d2_heldout200b/676"", ""DA_d2_heldout200b/706"", ""DA_d2_heldout200b/719"", ""DA_d2_heldout200b/753"", ""DA_d2_heldout200b/757"", ""DA_d2_seq100/188"", ""MCR_seq200b/251"", ""MCR_seq200b/265"", ""MCR_v1_seq100/46"", ""MCR_v1_seq100/6"", ""MCR_v2_seq100/139"", ""MCR_v2_seq100/174"", ""MCR_v2_seq100/209""]","[""DA_d2_heldout100/262"", ""DA_d2_heldout200b/485"", ""DA_d2_heldout200b/611"", ""DA_d2_heldout200b/662"", ""DA_d2_seq100/134"", ""DA_d2_seq100/139"", ""DA_d2_seq100/33"", ""MCR_seq200b/363"", ""MCR_seq200b/378"", ""MCR_v1_seq100/41""]",1.0
E12,graph_k5_pointwise,graph_k5_pairwise,pairwise_vs_pointwise_graph_k5,factorial39,ALL,complete_or_compatible_partial,300,103,13,16,168,0.38666666666666666,0.39666666666666667,0.01,0.711071103811264,"[-0.026667, 0.043333]","[""DA_d2_heldout100/290"", ""DA_d2_heldout100/437"", ""DA_d2_heldout200b/536"", ""DA_d2_heldout200b/560"", ""DA_d2_heldout200b/662"", ""DA_d2_heldout200b/706"", ""DA_d2_heldout200b/724"", ""DA_d2_seq100/164"", ""DA_d2_seq100/19"", ""DA_d2_seq100/242"", ""DA_d2_seq100/57"", ""MCR_v1_seq100/123"", ""MCR_v1_seq100/26"", ""MCR_v2_seq100/139"", ""MCR_v2_seq100/201"", ""MCR_v2_seq100/230""]","[""DA_d2_heldout200b/591"", ""DA_d2_heldout200b/676"", ""DA_d2_heldout200b/757"", ""DA_d2_heldout200b/766"", ""DA_d2_seq100/63"", ""MCR_seq200b/296"", ""MCR_seq200b/320"", ""MCR_seq200b/355"", ""MCR_seq200b/363"", ""MCR_seq200b/378"", ""MCR_v1_seq100/41"", ""MCR_v1_seq100/45"", ""MCR_v1_seq100/86""]",1.0
E12,raw_k10_pointwise,raw_k10_pairwise,pairwise_vs_pointwise_raw_k10,factorial39,ALL,complete_or_compatible_partial,300,134,8,20,138,0.47333333333333333,0.5133333333333333,0.04,0.03569813817739487,"[0.006667, 0.073333]","[""DA_d2_heldout100/318"", ""DA_d2_heldout200b/485"", ""DA_d2_heldout200b/518"", ""DA_d2_heldout200b/719"", ""DA_d2_seq100/11"", ""DA_d2_seq100/29"", ""DA_d2_seq100/45"", ""MCR_seq200b/283"", ""MCR_seq200b/296"", ""MCR_seq200b/335"", ""MCR_seq200b/345"", ""MCR_seq200b/369"", ""MCR_seq200b/378"", ""MCR_seq200b/394"", ""MCR_v1_seq100/123"", ""MCR_v1_seq100/41"", ""MCR_v1_seq100/8"", ""MCR_v1_seq100/95"", ""MCR_v2_seq100/139"", ""MCR_v2_seq100/214""]","[""DA_d2_heldout100/451"", ""DA_d2_heldout200b/489"", ""DA_d2_heldout200b/746"", ""DA_d2_seq100/76"", ""MCR_seq200b/301"", ""MCR_seq200b/355"", ""MCR_seq200b/458"", ""MCR_v2_seq100/245""]",1.0
E12,raw_k5_pointwise,raw_k5_pairwise,pairwise_vs_pointwise_raw_k5,factorial39,ALL,complete_or_compatible_partial,300,126,16,20,138,0.47333333333333333,0.4866666666666667,0.013333333333333334,0.617719317029696,"[-0.023333, 0.053333]","[""DA_d2_heldout100/273"", ""DA_d2_heldout100/290"", ""DA_d2_heldout100/372"", ""DA_d2_heldout200b/523"", ""DA_d2_heldout200b/548"", ""DA_d2_heldout200b/566"", ""DA_d2_heldout200b/601"", ""DA_d2_heldout200b/719"", ""DA_d2_seq100/11"", ""DA_d2_seq100/134"", ""DA_d2_seq100/45"", ""DA_d2_seq100/76"", ""DA_d2_seq100/95"", ""MCR_seq200b/329"", ""MCR_seq200b/335"", ""MCR_seq200b/396"", ""MCR_v1_seq100/26"", ""MCR_v1_seq100/8"", ""MCR_v1_seq100/95"", ""MCR_v2_seq100/139""]","[""DA_d2_heldout100/262"", ""DA_d2_heldout200b/485"", ""DA_d2_heldout200b/489"", ""DA_d2_heldout200b/619"", ""DA_d2_heldout200b/633"", ""DA_d2_heldout200b/676"", ""DA_d2_heldout200b/724"", ""DA_d2_heldout200b/736"", ""DA_d2_heldout200b/738"", ""DA_d2_seq100/242"", ""DA_d2_seq100/243"", ""MCR_seq200b/301"", ""MCR_v1_seq100/41"", ""MCR_v1_seq100/86"", ""MCR_v1_seq100/99"", ""MCR_v2_seq100/214""]",1.0
E12,s1_k10_pointwise,s1_k10_pairwise,pairwise_vs_pointwise_s1_k10,factorial39,ALL,complete_or_compatible_partial,300,106,18,22,154,0.41333333333333333,0.4266666666666667,0.013333333333333334,0.6358280026288412,"[-0.03, 0.053333]","[""DA_d2_heldout100/262"", ""DA_d2_heldout100/420"", ""DA_d2_heldout200b/518"", ""DA_d2_heldout200b/611"", ""DA_d2_heldout200b/756"", ""DA_d2_heldout200b/771"", ""DA_d2_seq100/103"", ""DA_d2_seq100/11"", ""DA_d2_seq100/134"", ""DA_d2_seq100/28"", ""DA_d2_seq100/29"", ""MCR_seq200b/335"", ""MCR_seq200b/363"", ""MCR_seq200b/369"", ""MCR_seq200b/374"", ""MCR_seq200b/396"", ""MCR_seq200b/411"", ""MCR_v1_seq100/123"", ""MCR_v1_seq100/46"", ""MCR_v1_seq100/60"", ""MCR_v2_seq100/174"", ""MCR_v2_seq100/214""]","[""DA_d2_heldout100/266"", ""DA_d2_heldout200b/560"", ""DA_d2_heldout200b/566"", ""DA_d2_heldout200b/578"", ""DA_d2_heldout200b/621"", ""DA_d2_heldout200b/662"", ""DA_d2_heldout200b/706"", ""DA_d2_heldout200b/745"", ""DA_d2_heldout200b/766"", ""DA_d2_heldout200b/778"", ""DA_d2_seq100/117"", ""DA_d2_seq100/243"", ""DA_d2_seq100/59"", ""MCR_seq200b/283"", ""MCR_seq200b/337"", ""MCR_v2_seq100/201"", ""MCR_v2_seq100/208"", ""MCR_v2_seq100/221""]",1.0
E12,s1_k5_pointwise,s1_k5_pairwise,pairwise_vs_pointwise_s1_k5,factorial39,ALL,complete_or_compatible_partial,300,113,15,18,154,0.4266666666666667,0.43666666666666665,0.01,0.7283324808813632,"[-0.026667, 0.046667]","[""DA_d2_heldout100/318"", ""DA_d2_heldout200b/518"", ""DA_d2_heldout200b/589"", ""DA_d2_heldout200b/736"", ""DA_d2_heldout200b/745"", ""DA_d2_heldout200b/756"", ""DA_d2_heldout200b/757"", ""DA_d2_seq100/11"", ""DA_d2_seq100/214"", ""DA_d2_seq100/243"", ""MCR_seq200b/270"", ""MCR_seq200b/369"", ""MCR_seq200b/458"", ""MCR_v1_seq100/123"", ""MCR_v1_seq100/78"", ""MCR_v1_seq100/95"", ""MCR_v1_seq100/99"", ""MCR_v2_seq100/174""]","[""DA_d2_heldout100/281"", ""DA_d2_heldout200b/560"", ""DA_d2_heldout200b/566"", ""DA_d2_heldout200b/578"", ""DA_d2_heldout200b/660"", ""DA_d2_heldout200b/676"", ""DA_d2_heldout200b/723"", ""DA_d2_heldout200b/758"", ""DA_d2_heldout200b/766"", ""DA_d2_heldout200b/771"", ""DA_d2_seq100/134"", ""MCR_seq200b/251"", ""MCR_seq200b/296"", ""MCR_v1_seq100/60"", ""MCR_v2_seq100/214""]",1.0
E12,graph_k10_first,graph_k10_pointwise,pointwise_vs_first_graph_k10,factorial39,ALL,complete_or_compatible_partial,300,76,41,34,149,0.39,0.36666666666666664,-0.023333333333333334,0.48868297090314333,"[-0.08, 0.033333]","[""DA_d2_heldout100/330"", ""DA_d2_heldout100/414"", ""DA_d2_heldout100/439"", ""DA_d2_heldout100/451"", ""DA_d2_heldout200b/489"", ""DA_d2_heldout200b/540"", ""DA_d2_heldout200b/566"", ""DA_d2_heldout200b/589"", ""DA_d2_heldout200b/618"", ""DA_d2_heldout200b/622"", ""DA_d2_heldout200b/627"", ""DA_d2_heldout200b/630"", ""DA_d2_heldout200b/636"", ""DA_d2_heldout200b/662"", ""DA_d2_heldout200b/698"", ""DA_d2_seq100/103"", ""DA_d2_seq100/139"", ""DA_d2_seq100/156"", ""DA_d2_seq100/242"", ""DA_d2_seq100/33"", ""DA_d2_seq100/57"", ""DA_d2_seq100/59"", ""DA_d2_seq100/63"", ""MCR_seq200b/270"", ""MCR_seq200b/320"", ""MCR_seq200b/363"", ""MCR_seq200b/374"", ""MCR_seq200b/378"", ""MCR_seq200b/384"", ""MCR_v1_seq100/41"", ""MCR_v1_seq100/45"", ""MCR_v2_seq100/143"", ""MCR_v2_seq100/197"", ""MCR_v2_seq100/227""]","[""DA_d2_heldout100/259"", ""DA_d2_heldout100/266"", ""DA_d2_heldout100/290"", ""DA_d2_heldout100/379"", ""DA_d2_heldout100/415"", ""DA_d2_heldout100/437"", ""DA_d2_heldout200b/497"", ""DA_d2_heldout200b/523"", ""DA_d2_heldout200b/548"", ""DA_d2_heldout200b/549"", ""DA_d2_heldout200b/578"", ""DA_d2_heldout200b/619"", ""DA_d2_heldout200b/633"", ""DA_d2_heldout200b/687"", ""DA_d2_heldout200b/706"", ""DA_d2_heldout200b/736"", ""DA_d2_heldout200b/756"", ""DA_d2_heldout200b/766"", ""DA_d2_heldout200b/774"", ""DA_d2_heldout200b/778"", ""DA_d2_seq100/11"", ""DA_d2_seq100/118"", ""DA_d2_seq100/214"", ""DA_d2_seq100/28"", ""DA_d2_seq100/74"", ""MCR_seq200b/251"", ""MCR_seq200b/283"", ""MCR_seq200b/296"", ""MCR_seq200b/369"", ""MCR_seq200b/376"", ""MCR_seq200b/471"", ""MCR_seq200b/478"", ""MCR_v1_seq100/12"", ""MCR_v1_seq100/46"", ""MCR_v1_seq100/6"", ""MCR_v1_seq100/76"", ""MCR_v1_seq100/95"", ""MCR_v2_seq100/139"", ""MCR_v2_seq100/174"", ""MCR_v2_seq100/208"", ""MCR_v2_seq100/245""]",1.0
E12,graph_k5_first,graph_k5_pointwise,pointwise_vs_first_graph_k5,factorial39,ALL,complete_or_compatible_partial,300,78,39,38,145,0.39,0.38666666666666666,-0.0033333333333333335,1.0,"[-0.06, 0.053333]","[""DA_d2_heldout100/330"", ""DA_d2_heldout100/414"", ""DA_d2_heldout100/439"", ""DA_d2_heldout200b/489"", ""DA_d2_heldout200b/540"", ""DA_d2_heldout200b/566"", ""DA_d2_heldout200b/589"", ""DA_d2_heldout200b/618"", ""DA_d2_heldout200b/627"", ""DA_d2_heldout200b/636"", ""DA_d2_heldout200b/676"", ""DA_d2_heldout200b/698"", ""DA_d2_heldout200b/719"", ""DA_d2_heldout200b/723"", ""DA_d2_heldout200b/753"", ""DA_d2_heldout200b/757"", ""DA_d2_heldout200b/771"", ""DA_d2_seq100/103"", ""DA_d2_seq100/156"", ""DA_d2_seq100/188"", ""DA_d2_seq100/33"", ""DA_d2_seq100/59"", ""DA_d2_seq100/63"", ""MCR_seq200b/270"", ""MCR_seq200b/320"", ""MCR_seq200b/335"", ""MCR_seq200b/355"", ""MCR_seq200b/363"", ""MCR_seq200b/374"", ""MCR_seq200b/378"", ""MCR_seq200b/384"", ""MCR_v1_seq100/41"", ""MCR_v1_seq100/45"", ""MCR_v1_seq100/74"", ""MCR_v1_seq100/99"", ""MCR_v2_seq100/143"", ""MCR_v2_seq100/197"", ""MCR_v2_seq100/227""]","[""DA_d2_heldout100/266"", ""DA_d2_heldout100/290"", ""DA_d2_heldout100/379"", ""DA_d2_heldout100/415"", ""DA_d2_heldout100/437"", ""DA_d2_heldout200b/485"", ""DA_d2_heldout200b/497"", ""DA_d2_heldout200b/523"", ""DA_d2_heldout200b/536"", ""DA_d2_heldout200b/560"", ""DA_d2_heldout200b/578"", ""DA_d2_heldout200b/611"", ""DA_d2_heldout200b/619"", ""DA_d2_heldout200b/633"", ""DA_d2_heldout200b/687"", ""DA_d2_heldout200b/706"", ""DA_d2_heldout200b/724"", ""DA_d2_heldout200b/736"", ""DA_d2_heldout200b/756"", ""DA_d2_heldout200b/774"", ""DA_d2_heldout200b/778"", ""DA_d2_seq100/11"", ""DA_d2_seq100/118"", ""DA_d2_seq100/19"", ""DA_d2_seq100/214"", ""DA_d2_seq100/28"", ""DA_d2_seq100/74"", ""MCR_seq200b/283"", ""MCR_seq200b/369"", ""MCR_seq200b/376"", ""MCR_seq200b/471"", ""MCR_seq200b/478"", ""MCR_v1_seq100/12"", ""MCR_v1_seq100/76"", ""MCR_v1_seq100/95"", ""MCR_v2_seq100/139"", ""MCR_v2_seq100/201"", ""MCR_v2_seq100/208"", ""MCR_v2_seq100/245""]",1.0
E12,raw_k10_first,raw_k10_pointwise,pointwise_vs_first_raw_k10,factorial39,ALL,complete_or_compatible_partial,300,93,24,49,134,0.39,0.47333333333333333,0.08333333333333333,0.004626293921895511,"[0.03, 0.14]","[""DA_d2_heldout100/321"", ""DA_d2_heldout100/330"", ""DA_d2_heldout100/392"", ""DA_d2_heldout100/414"", ""DA_d2_heldout100/439"", ""DA_d2_heldout100/451"", ""DA_d2_heldout200b/489"", ""DA_d2_heldout200b/540"", ""DA_d2_heldout200b/566"", ""DA_d2_heldout200b/589"", ""DA_d2_heldout200b/618"", ""DA_d2_heldout200b/622"", ""DA_d2_heldout200b/627"", ""DA_d2_heldout200b/630"", ""DA_d2_heldout200b/636"", ""DA_d2_heldout200b/649"", ""DA_d2_heldout200b/662"", ""DA_d2_heldout200b/676"", ""DA_d2_heldout200b/698"", ""DA_d2_heldout200b/723"", ""DA_d2_heldout200b/745"", ""DA_d2_heldout200b/746"", ""DA_d2_heldout200b/753"", ""DA_d2_heldout200b/757"", ""DA_d2_seq100/103"", ""DA_d2_seq100/156"", ""DA_d2_seq100/164"", ""DA_d2_seq100/188"", ""DA_d2_seq100/242"", ""DA_d2_seq100/33"", ""DA_d2_seq100/57"", ""DA_d2_seq100/59"", ""DA_d2_seq100/63"", ""DA_d2_seq100/76"", ""DA_d2_seq100/95"", ""MCR_seq200b/270"", ""MCR_seq200b/301"", ""MCR_seq200b/320"", ""MCR_seq200b/329"", ""MCR_seq200b/355"", ""MCR_seq200b/374"", ""MCR_seq200b/384"", ""MCR_seq200b/431"", ""MCR_v1_seq100/45"", ""MCR_v1_seq100/99"", ""MCR_v2_seq100/143"", ""MCR_v2_seq100/197"", ""MCR_v2_seq100/227"", ""MCR_v2_seq100/230""]","[""DA_d2_heldout100/259"", ""DA_d2_heldout100/290"", ""DA_d2_heldout100/437"", ""DA_d2_heldout200b/485"", ""DA_d2_heldout200b/518"", ""DA_d2_heldout200b/548"", ""DA_d2_heldout200b/611"", ""DA_d2_heldout200b/633"", ""DA_d2_heldout200b/724"", ""DA_d2_heldout200b/756"", ""DA_d2_heldout200b/778"", ""DA_d2_seq100/11"", ""DA_d2_seq100/243"", ""DA_d2_seq100/29"", ""DA_d2_seq100/45"", ""DA_d2_seq100/74"", ""MCR_seq200b/283"", ""MCR_seq200b/296"", ""MCR_seq200b/345"", ""MCR_seq200b/369"", ""MCR_seq200b/471"", ""MCR_v1_seq100/8"", ""MCR_v1_seq100/95"", ""MCR_v2_seq100/139""]",0.1619202872663429
E12,raw_k5_first,raw_k5_pointwise,pointwise_vs_first_raw_k5,factorial39,ALL,complete_or_compatible_partial,300,95,22,47,136,0.39,0.47333333333333333,0.08333333333333333,0.0035448128470210523,"[0.03, 0.136667]","[""DA_d2_heldout100/318"", ""DA_d2_heldout100/321"", ""DA_d2_heldout100/330"", ""DA_d2_heldout100/392"", ""DA_d2_heldout100/414"", ""DA_d2_heldout100/439"", ""DA_d2_heldout200b/489"", ""DA_d2_heldout200b/527"", ""DA_d2_heldout200b/589"", ""DA_d2_heldout200b/618"", ""DA_d2_heldout200b/627"", ""DA_d2_heldout200b/630"", ""DA_d2_heldout200b/636"", ""DA_d2_heldout200b/662"", ""DA_d2_heldout200b/676"", ""DA_d2_heldout200b/698"", ""DA_d2_heldout200b/723"", ""DA_d2_heldout200b/745"", ""DA_d2_heldout200b/746"", ""DA_d2_heldout200b/753"", ""DA_d2_heldout200b/757"", ""DA_d2_seq100/103"", ""DA_d2_seq100/156"", ""DA_d2_seq100/164"", ""DA_d2_seq100/188"", ""DA_d2_seq100/242"", ""DA_d2_seq100/33"", ""DA_d2_seq100/57"", ""DA_d2_seq100/59"", ""DA_d2_seq100/63"", ""MCR_seq200b/270"", ""MCR_seq200b/301"", ""MCR_seq200b/320"", ""MCR_seq200b/374"", ""MCR_seq200b/378"", ""MCR_seq200b/384"", ""MCR_seq200b/394"", ""MCR_seq200b/431"", ""MCR_v1_seq100/123"", ""MCR_v1_seq100/41"", ""MCR_v1_seq100/45"", ""MCR_v1_seq100/74"", ""MCR_v1_seq100/99"", ""MCR_v2_seq100/197"", ""MCR_v2_seq100/214"", ""MCR_v2_seq100/227"", ""MCR_v2_seq100/230""]","[""DA_d2_heldout100/259"", ""DA_d2_heldout100/273"", ""DA_d2_heldout100/290"", ""DA_d2_heldout200b/523"", ""DA_d2_heldout200b/548"", ""DA_d2_heldout200b/549"", ""DA_d2_heldout200b/601"", ""DA_d2_heldout200b/611"", ""DA_d2_heldout200b/756"", ""DA_d2_heldout200b/778"", ""DA_d2_seq100/11"", ""DA_d2_seq100/134"", ""DA_d2_seq100/28"", ""DA_d2_seq100/45"", ""DA_d2_seq100/74"", ""MCR_seq200b/396"", ""MCR_seq200b/458"", ""MCR_seq200b/471"", ""MCR_v1_seq100/8"", ""MCR_v1_seq100/95"", ""MCR_v2_seq100/139"", ""MCR_v2_seq100/245""]",0.1276132624927579
E12,s1_k10_first,s1_k10_pointwise,pointwise_vs_first_s1_k10,factorial39,ALL,complete_or_compatible_partial,300,91,26,33,150,0.39,0.41333333333333333,0.023333333333333334,0.4349928051221534,"[-0.026667, 0.073333]","[""DA_d2_heldout100/321"", ""DA_d2_heldout100/414"", ""DA_d2_heldout100/439"", ""DA_d2_heldout200b/489"", ""DA_d2_heldout200b/566"", ""DA_d2_heldout200b/589"", ""DA_d2_heldout200b/630"", ""DA_d2_heldout200b/636"", ""DA_d2_heldout200b/662"", ""DA_d2_heldout200b/698"", ""DA_d2_heldout200b/745"", ""DA_d2_heldout200b/746"", ""DA_d2_heldout200b/753"", ""DA_d2_seq100/117"", ""DA_d2_seq100/164"", ""DA_d2_seq100/188"", ""DA_d2_seq100/242"", ""DA_d2_seq100/33"", ""DA_d2_seq100/57"", ""DA_d2_seq100/59"", ""DA_d2_seq100/63"", ""MCR_seq200b/270"", ""MCR_seq200b/329"", ""MCR_seq200b/378"", ""MCR_seq200b/384"", ""MCR_v1_seq100/26"", ""MCR_v1_seq100/45"", ""MCR_v1_seq100/99"", ""MCR_v2_seq100/143"", ""MCR_v2_seq100/197"", ""MCR_v2_seq100/209"", ""MCR_v2_seq100/221"", ""MCR_v2_seq100/227""]","[""DA_d2_heldout100/262"", ""DA_d2_heldout100/420"", ""DA_d2_heldout100/437"", ""DA_d2_heldout200b/518"", ""DA_d2_heldout200b/548"", ""DA_d2_heldout200b/549"", ""DA_d2_heldout200b/611"", ""DA_d2_heldout200b/633"", ""DA_d2_heldout200b/736"", ""DA_d2_heldout200b/756"", ""DA_d2_seq100/11"", ""DA_d2_seq100/134"", ""DA_d2_seq100/28"", ""DA_d2_seq100/29"", ""DA_d2_seq100/74"", ""MCR_seq200b/369"", ""MCR_seq200b/396"", ""MCR_seq200b/411"", ""MCR_seq200b/458"", ""MCR_seq200b/471"", ""MCR_v1_seq100/46"", ""MCR_v1_seq100/78"", ""MCR_v1_seq100/95"", ""MCR_v2_seq100/139"", ""MCR_v2_seq100/174"", ""MCR_v2_seq100/245""]",1.0
E12,s1_k5_first,s1_k5_pointwise,pointwise_vs_first_s1_k5,factorial39,ALL,complete_or_compatible_partial,300,91,26,37,146,0.39,0.4266666666666667,0.03666666666666667,0.20736789985685422,"[-0.013333, 0.09]","[""DA_d2_heldout100/321"", ""DA_d2_heldout100/330"", ""DA_d2_heldout100/414"", ""DA_d2_heldout100/439"", ""DA_d2_heldout200b/489"", ""DA_d2_heldout200b/566"", ""DA_d2_heldout200b/618"", ""DA_d2_heldout200b/630"", ""DA_d2_heldout200b/636"", ""DA_d2_heldout200b/662"", ""DA_d2_heldout200b/676"", ""DA_d2_heldout200b/698"", ""DA_d2_heldout200b/723"", ""DA_d2_heldout200b/746"", ""DA_d2_heldout200b/753"", ""DA_d2_heldout200b/758"", ""DA_d2_heldout200b/771"", ""DA_d2_seq100/103"", ""DA_d2_seq100/164"", ""DA_d2_seq100/188"", ""DA_d2_seq100/242"", ""DA_d2_seq100/33"", ""DA_d2_seq100/57"", ""DA_d2_seq100/59"", ""DA_d2_seq100/63"", ""MCR_seq200b/329"", ""MCR_seq200b/335"", ""MCR_seq200b/374"", ""MCR_seq200b/378"", ""MCR_seq200b/384"", ""MCR_v1_seq100/26"", ""MCR_v1_seq100/45"", ""MCR_v1_seq100/60"", ""MCR_v2_seq100/143"", ""MCR_v2_seq100/197"", ""MCR_v2_seq100/214"", ""MCR_v2_seq100/227""]","[""DA_d2_heldout100/262"", ""DA_d2_heldout100/266"", ""DA_d2_heldout200b/518"", ""DA_d2_heldout200b/549"", ""DA_d2_heldout200b/601"", ""DA_d2_heldout200b/611"", ""DA_d2_heldout200b/633"", ""DA_d2_heldout200b/724"", ""DA_d2_heldout200b/736"", ""DA_d2_heldout200b/756"", ""DA_d2_heldout200b/778"", ""DA_d2_seq100/11"", ""DA_d2_seq100/214"", ""DA_d2_seq100/243"", ""DA_d2_seq100/28"", ""DA_d2_seq100/74"", ""MCR_seq200b/283"", ""MCR_seq200b/369"", ""MCR_seq200b/458"", ""MCR_seq200b/471"", ""MCR_v1_seq100/46"", ""MCR_v1_seq100/78"", ""MCR_v1_seq100/95"", ""MCR_v2_seq100/139"", ""MCR_v2_seq100/174"", ""MCR_v2_seq100/245""]",1.0
E12,s1_k10_first,raw_k10_first,raw_vs_s1_k10_first,factorial39,ALL,complete_or_compatible_partial,300,117,0,0,183,0.39,0.39,0.0,1.0,"[0.0, 0.0]",[],[],1.0
E12,s1_k10_pairwise,raw_k10_pairwise,raw_vs_s1_k10_pairwise,factorial39,ALL,complete_or_compatible_partial,300,116,12,38,134,0.4266666666666667,0.5133333333333333,0.08666666666666667,0.00030586400160359517,"[0.04, 0.133333]","[""DA_d2_heldout100/266"", ""DA_d2_heldout100/318"", ""DA_d2_heldout100/330"", ""DA_d2_heldout100/392"", ""DA_d2_heldout200b/540"", ""DA_d2_heldout200b/549"", ""DA_d2_heldout200b/560"", ""DA_d2_heldout200b/566"", ""DA_d2_heldout200b/578"", ""DA_d2_heldout200b/618"", ""DA_d2_heldout200b/621"", ""DA_d2_heldout200b/622"", ""DA_d2_heldout200b/627"", ""DA_d2_heldout200b/649"", ""DA_d2_heldout200b/662"", ""DA_d2_heldout200b/676"", ""DA_d2_heldout200b/706"", ""DA_d2_heldout200b/719"", ""DA_d2_heldout200b/723"", ""DA_d2_heldout200b/736"", ""DA_d2_heldout200b/745"", ""DA_d2_heldout200b/757"", ""DA_d2_heldout200b/766"", ""DA_d2_seq100/156"", ""DA_d2_seq100/59"", ""DA_d2_seq100/95"", ""MCR_seq200b/283"", ""MCR_seq200b/320"", ""MCR_seq200b/337"", ""MCR_seq200b/394"", ""MCR_seq200b/431"", ""MCR_v1_seq100/41"", ""MCR_v1_seq100/78"", ""MCR_v1_seq100/95"", ""MCR_v2_seq100/139"", ""MCR_v2_seq100/201"", ""MCR_v2_seq100/208"", ""MCR_v2_seq100/230""]","[""DA_d2_heldout100/259"", ""DA_d2_heldout100/290"", ""DA_d2_heldout200b/489"", ""DA_d2_heldout200b/611"", ""DA_d2_heldout200b/724"", ""DA_d2_heldout200b/746"", ""DA_d2_heldout200b/756"", ""DA_d2_heldout200b/771"", ""MCR_seq200b/363"", ""MCR_v1_seq100/26"", ""MCR_v1_seq100/60"", ""MCR_v2_seq100/209""]",0.011622832060936616
E12,s1_k10_pointwise,raw_k10_pointwise,raw_vs_s1_k10_pointwise,factorial39,ALL,complete_or_compatible_partial,300,108,16,34,142,0.41333333333333333,0.47333333333333333,0.06,0.015346677832630107,"[0.016667, 0.106667]","[""DA_d2_heldout100/262"", ""DA_d2_heldout100/330"", ""DA_d2_heldout100/392"", ""DA_d2_heldout100/420"", ""DA_d2_heldout100/451"", ""DA_d2_heldout200b/540"", ""DA_d2_heldout200b/549"", ""DA_d2_heldout200b/618"", ""DA_d2_heldout200b/622"", ""DA_d2_heldout200b/627"", ""DA_d2_heldout200b/649"", ""DA_d2_heldout200b/676"", ""DA_d2_heldout200b/723"", ""DA_d2_heldout200b/736"", ""DA_d2_heldout200b/757"", ""DA_d2_seq100/103"", ""DA_d2_seq100/134"", ""DA_d2_seq100/156"", ""DA_d2_seq100/28"", ""DA_d2_seq100/76"", ""DA_d2_seq100/95"", ""MCR_seq200b/301"", ""MCR_seq200b/320"", ""MCR_seq200b/355"", ""MCR_seq200b/374"", ""MCR_seq200b/396"", ""MCR_seq200b/411"", ""MCR_seq200b/431"", ""MCR_seq200b/458"", ""MCR_v1_seq100/46"", ""MCR_v1_seq100/78"", ""MCR_v2_seq100/174"", ""MCR_v2_seq100/230"", ""MCR_v2_seq100/245""]","[""DA_d2_heldout100/259"", ""DA_d2_heldout100/290"", ""DA_d2_heldout200b/485"", ""DA_d2_heldout200b/724"", ""DA_d2_heldout200b/778"", ""DA_d2_seq100/117"", ""DA_d2_seq100/243"", ""DA_d2_seq100/45"", ""MCR_seq200b/283"", ""MCR_seq200b/296"", ""MCR_seq200b/345"", ""MCR_seq200b/378"", ""MCR_v1_seq100/26"", ""MCR_v1_seq100/8"", ""MCR_v2_seq100/209"", ""MCR_v2_seq100/221""]",0.5217870463094236
E12,s1_k5_first,raw_k5_first,raw_vs_s1_k5_first,factorial39,ALL,complete_or_compatible_partial,300,117,0,0,183,0.39,0.39,0.0,1.0,"[0.0, 0.0]",[],[],1.0
E12,s1_k5_pairwise,raw_k5_pairwise,raw_vs_s1_k5_pairwise,factorial39,ALL,complete_or_compatible_partial,300,118,13,28,141,0.43666666666666665,0.4866666666666667,0.05,0.027533155829587486,"[0.01, 0.09]","[""DA_d2_heldout100/266"", ""DA_d2_heldout100/281"", ""DA_d2_heldout100/372"", ""DA_d2_heldout100/392"", ""DA_d2_heldout200b/527"", ""DA_d2_heldout200b/560"", ""DA_d2_heldout200b/566"", ""DA_d2_heldout200b/578"", ""DA_d2_heldout200b/601"", ""DA_d2_heldout200b/627"", ""DA_d2_heldout200b/660"", ""DA_d2_heldout200b/719"", ""DA_d2_heldout200b/723"", ""DA_d2_heldout200b/766"", ""DA_d2_seq100/134"", ""DA_d2_seq100/156"", ""DA_d2_seq100/76"", ""DA_d2_seq100/95"", ""MCR_seq200b/251"", ""MCR_seq200b/283"", ""MCR_seq200b/296"", ""MCR_seq200b/320"", ""MCR_seq200b/394"", ""MCR_seq200b/431"", ""MCR_v1_seq100/46"", ""MCR_v1_seq100/74"", ""MCR_v2_seq100/139"", ""MCR_v2_seq100/230""]","[""DA_d2_heldout100/259"", ""DA_d2_heldout200b/485"", ""DA_d2_heldout200b/489"", ""DA_d2_heldout200b/619"", ""DA_d2_heldout200b/736"", ""DA_d2_heldout200b/738"", ""DA_d2_heldout200b/756"", ""DA_d2_seq100/242"", ""DA_d2_seq100/243"", ""MCR_seq200b/458"", ""MCR_v1_seq100/86"", ""MCR_v1_seq100/99"", ""MCR_v2_seq100/143""]",0.908594142376387
E12,s1_k5_pointwise,raw_k5_pointwise,raw_vs_s1_k5_pointwise,factorial39,ALL,complete_or_compatible_partial,300,111,17,31,141,0.4266666666666667,0.47333333333333333,0.04666666666666667,0.05946337525377032,"[0.003333, 0.093333]","[""DA_d2_heldout100/262"", ""DA_d2_heldout100/266"", ""DA_d2_heldout100/318"", ""DA_d2_heldout100/392"", ""DA_d2_heldout200b/518"", ""DA_d2_heldout200b/527"", ""DA_d2_heldout200b/589"", ""DA_d2_heldout200b/627"", ""DA_d2_heldout200b/633"", ""DA_d2_heldout200b/724"", ""DA_d2_heldout200b/736"", ""DA_d2_heldout200b/745"", ""DA_d2_heldout200b/757"", ""DA_d2_seq100/156"", ""DA_d2_seq100/214"", ""DA_d2_seq100/243"", ""MCR_seq200b/270"", ""MCR_seq200b/283"", ""MCR_seq200b/301"", ""MCR_seq200b/320"", ""MCR_seq200b/369"", ""MCR_seq200b/394"", ""MCR_seq200b/431"", ""MCR_v1_seq100/123"", ""MCR_v1_seq100/41"", ""MCR_v1_seq100/46"", ""MCR_v1_seq100/74"", ""MCR_v1_seq100/78"", ""MCR_v1_seq100/99"", ""MCR_v2_seq100/174"", ""MCR_v2_seq100/230""]","[""DA_d2_heldout100/259"", ""DA_d2_heldout100/273"", ""DA_d2_heldout100/290"", ""DA_d2_heldout200b/523"", ""DA_d2_heldout200b/548"", ""DA_d2_heldout200b/566"", ""DA_d2_heldout200b/758"", ""DA_d2_heldout200b/771"", ""DA_d2_seq100/134"", ""DA_d2_seq100/45"", ""MCR_seq200b/329"", ""MCR_seq200b/335"", ""MCR_seq200b/396"", ""MCR_v1_seq100/26"", ""MCR_v1_seq100/60"", ""MCR_v1_seq100/8"", ""MCR_v2_seq100/143""]",1.0
E12,s1_k10_first,graph_k10_first,graph_vs_s1_k10_first,factorial39,ALL,legacy_chain,300,57,0,0,243,0.19,0.19,0.0,1.0,"[0.0, 0.0]",[],[],1.0
E12,s1_k10_pairwise,graph_k10_pairwise,graph_vs_s1_k10_pairwise,factorial39,ALL,legacy_chain,300,38,14,14,234,0.17333333333333334,0.17333333333333334,0.0,1.0,"[-0.036667, 0.033333]","[""DA_d2_heldout100/451"", ""DA_d2_heldout200b/540"", ""DA_d2_heldout200b/548"", ""DA_d2_heldout200b/549"", ""DA_d2_heldout200b/566"", ""DA_d2_heldout200b/589"", ""DA_d2_heldout200b/660"", ""DA_d2_heldout200b/706"", ""DA_d2_heldout200b/713"", ""DA_d2_heldout200b/743"", ""MCR_seq200b/320"", ""MCR_seq200b/458"", ""MCR_v1_seq100/78"", ""MCR_v2_seq100/139""]","[""DA_d2_heldout100/321"", ""DA_d2_heldout100/415"", ""DA_d2_heldout200b/497"", ""DA_d2_heldout200b/523"", ""DA_d2_heldout200b/619"", ""MCR_seq200b/263"", ""MCR_seq200b/283"", ""MCR_seq200b/329"", ""MCR_seq200b/335"", ""MCR_seq200b/369"", ""MCR_seq200b/378"", ""MCR_v1_seq100/123"", ""MCR_v1_seq100/60"", ""MCR_v1_seq100/99""]",1.0
E12,s1_k10_pointwise,graph_k10_pointwise,graph_vs_s1_k10_pointwise,factorial39,ALL,legacy_chain,300,33,13,16,238,0.15333333333333332,0.16333333333333333,0.01,0.711071103811264,"[-0.023333, 0.046667]","[""DA_d2_heldout100/420"", ""DA_d2_heldout100/451"", ""DA_d2_heldout200b/508"", ""DA_d2_heldout200b/540"", ""DA_d2_heldout200b/589"", ""DA_d2_heldout200b/660"", ""DA_d2_heldout200b/743"", ""DA_d2_seq100/103"", ""DA_d2_seq100/19"", ""MCR_seq200b/320"", ""MCR_seq200b/328"", ""MCR_seq200b/374"", ""MCR_seq200b/396"", ""MCR_seq200b/458"", ""MCR_v1_seq100/41"", ""MCR_v1_seq100/78""]","[""DA_d2_heldout100/321"", ""DA_d2_heldout100/415"", ""DA_d2_heldout200b/497"", ""DA_d2_heldout200b/578"", ""DA_d2_heldout200b/619"", ""DA_d2_heldout200b/706"", ""DA_d2_seq100/188"", ""DA_d2_seq100/214"", ""MCR_seq200b/263"", ""MCR_seq200b/283"", ""MCR_seq200b/329"", ""MCR_v1_seq100/99"", ""MCR_v2_seq100/209""]",1.0
E12,s1_k5_first,graph_k5_first,graph_vs_s1_k5_first,factorial39,ALL,legacy_chain,300,57,0,0,243,0.19,0.19,0.0,1.0,"[0.0, 0.0]",[],[],1.0
E12,s1_k5_pairwise,graph_k5_pairwise,graph_vs_s1_k5_pairwise,factorial39,ALL,legacy_chain,300,43,14,11,232,0.19,0.18,-0.01,0.6900379657745361,"[-0.043333, 0.023333]","[""DA_d2_heldout100/281"", ""DA_d2_heldout200b/518"", ""DA_d2_heldout200b/549"", ""DA_d2_heldout200b/566"", ""DA_d2_heldout200b/589"", ""DA_d2_heldout200b/660"", ""DA_d2_heldout200b/743"", ""MCR_seq200b/345"", ""MCR_v1_seq100/46"", ""MCR_v1_seq100/74"", ""MCR_v2_seq100/139""]","[""DA_d2_heldout100/321"", ""DA_d2_heldout100/415"", ""DA_d2_heldout200b/497"", ""DA_d2_heldout200b/523"", ""DA_d2_heldout200b/619"", ""DA_d2_heldout200b/713"", ""MCR_seq200b/283"", ""MCR_seq200b/328"", ""MCR_seq200b/329"", ""MCR_seq200b/369"", ""MCR_seq200b/378"", ""MCR_v1_seq100/12"", ""MCR_v1_seq100/45"", ""MCR_v1_seq100/95""]",1.0
E12,s1_k5_pointwise,graph_k5_pointwise,graph_vs_s1_k5_pointwise,factorial39,ALL,legacy_chain,300,39,14,14,233,0.17666666666666667,0.17666666666666667,0.0,1.0,"[-0.036667, 0.036667]","[""DA_d2_heldout200b/549"", ""DA_d2_heldout200b/589"", ""DA_d2_heldout200b/660"", ""DA_d2_heldout200b/743"", ""DA_d2_seq100/156"", ""MCR_seq200b/320"", ""MCR_seq200b/355"", ""MCR_seq200b/458"", ""MCR_v1_seq100/41"", ""MCR_v1_seq100/46"", ""MCR_v1_seq100/74"", ""MCR_v1_seq100/78"", ""MCR_v1_seq100/99"", ""MCR_v2_seq100/174""]","[""DA_d2_heldout100/321"", ""DA_d2_heldout100/391"", ""DA_d2_heldout100/415"", ""DA_d2_heldout200b/497"", ""DA_d2_heldout200b/578"", ""DA_d2_heldout200b/618"", ""DA_d2_heldout200b/619"", ""DA_d2_heldout200b/662"", ""DA_d2_heldout200b/706"", ""DA_d2_seq100/45"", ""MCR_seq200b/283"", ""MCR_seq200b/328"", ""MCR_seq200b/329"", ""MCR_v1_seq100/60""]",1.0
E12,graph_k5_first,graph_k10_first,k10_vs_k5_graph_first,factorial39,ALL,legacy_chain,300,57,0,0,243,0.19,0.19,0.0,1.0,"[0.0, 0.0]",[],[],1.0
E12,graph_k5_pairwise,graph_k10_pairwise,k10_vs_k5_graph_pairwise,factorial39,ALL,legacy_chain,300,46,8,6,240,0.18,0.17333333333333334,-0.006666666666666667,0.79052734375,"[-0.03, 0.016667]","[""DA_d2_heldout100/451"", ""DA_d2_heldout200b/540"", ""DA_d2_heldout200b/713"", ""MCR_seq200b/320"", ""MCR_v1_seq100/45"", ""MCR_v2_seq100/209""]","[""DA_d2_heldout200b/508"", ""DA_d2_heldout200b/518"", ""DA_d2_heldout200b/662"", ""MCR_seq200b/263"", ""MCR_seq200b/335"", ""MCR_v1_seq100/123"", ""MCR_v1_seq100/74"", ""MCR_v1_seq100/99""]",1.0
E12,graph_k5_pointwise,graph_k10_pointwise,k10_vs_k5_graph_pointwise,factorial39,ALL,legacy_chain,300,41,12,8,239,0.17666666666666667,0.16333333333333333,-0.013333333333333334,0.5034446716308594,"[-0.043333, 0.016667]","[""DA_d2_heldout100/391"", ""DA_d2_heldout100/451"", ""DA_d2_heldout200b/540"", ""DA_d2_heldout200b/662"", ""DA_d2_heldout200b/713"", ""DA_d2_seq100/19"", ""MCR_seq200b/328"", ""MCR_seq200b/345""]","[""DA_d2_heldout100/269"", ""DA_d2_heldout200b/548"", ""DA_d2_heldout200b/549"", ""DA_d2_seq100/156"", ""DA_d2_seq100/188"", ""MCR_seq200b/263"", ""MCR_seq200b/335"", ""MCR_seq200b/355"", ""MCR_v1_seq100/46"", ""MCR_v1_seq100/74"", ""MCR_v1_seq100/99"", ""MCR_v2_seq100/174""]",1.0
E12,raw_k5_first,raw_k10_first,k10_vs_k5_raw_first,factorial39,ALL,legacy_chain,300,57,0,0,243,0.19,0.19,0.0,1.0,"[0.0, 0.0]",[],[],1.0
E12,raw_k5_pairwise,raw_k10_pairwise,k10_vs_k5_raw_pairwise,factorial39,ALL,legacy_chain,300,62,5,9,224,0.22333333333333333,0.23666666666666666,0.013333333333333334,0.4239501953125,"[-0.01, 0.036667]","[""DA_d2_heldout200b/518"", ""DA_d2_heldout200b/540"", ""DA_d2_heldout200b/549"", ""DA_d2_heldout200b/589"", ""DA_d2_heldout200b/619"", ""DA_d2_heldout200b/649"", ""DA_d2_seq100/214"", ""MCR_v1_seq100/41"", ""MCR_v1_seq100/99""]","[""DA_d2_heldout200b/508"", ""DA_d2_heldout200b/536"", ""DA_d2_heldout200b/548"", ""DA_d2_seq100/76"", ""MCR_v1_seq100/74""]",1.0
E12,raw_k5_pointwise,raw_k10_pointwise,k10_vs_k5_raw_pointwise,factorial39,ALL,legacy_chain,300,54,6,16,224,0.2,0.23333333333333334,0.03333333333333333,0.052478790283203125,"[0.003333, 0.063333]","[""DA_d2_heldout100/273"", ""DA_d2_heldout100/451"", ""DA_d2_heldout200b/518"", ""DA_d2_heldout200b/523"", ""DA_d2_heldout200b/536"", ""DA_d2_heldout200b/540"", ""DA_d2_heldout200b/549"", ""DA_d2_heldout200b/566"", ""DA_d2_heldout200b/621"", ""DA_d2_heldout200b/649"", ""DA_d2_heldout200b/713"", ""DA_d2_seq100/76"", ""MCR_seq200b/329"", ""MCR_seq200b/355"", ""MCR_seq200b/396"", ""MCR_seq200b/458""]","[""MCR_seq200b/345"", ""MCR_seq200b/369"", ""MCR_seq200b/378"", ""MCR_v1_seq100/123"", ""MCR_v1_seq100/41"", ""MCR_v1_seq100/74""]",1.0
E12,s1_k5_first,s1_k10_first,k10_vs_k5_s1_first,factorial39,ALL,legacy_chain,300,57,0,0,243,0.19,0.19,0.0,1.0,"[0.0, 0.0]",[],[],1.0
E12,s1_k5_pairwise,s1_k10_pairwise,k10_vs_k5_s1_pairwise,factorial39,ALL,legacy_chain,300,47,10,5,238,0.19,0.17333333333333334,-0.016666666666666666,0.3017578125,"[-0.043333, 0.01]","[""DA_d2_heldout100/281"", ""MCR_seq200b/345"", ""MCR_v1_seq100/46"", ""MCR_v1_seq100/60"", ""MCR_v2_seq100/209""]","[""DA_d2_heldout200b/508"", ""DA_d2_heldout200b/548"", ""DA_d2_heldout200b/662"", ""DA_d2_heldout200b/706"", ""DA_d2_heldout200b/713"", ""MCR_seq200b/328"", ""MCR_seq200b/458"", ""MCR_v1_seq100/12"", ""MCR_v1_seq100/78"", ""MCR_v1_seq100/95""]",1.0
E12,s1_k5_pointwise,s1_k10_pointwise,k10_vs_k5_s1_pointwise,factorial39,ALL,legacy_chain,300,41,12,5,242,0.17666666666666667,0.15333333333333332,-0.023333333333333334,0.143463134765625,"[-0.05, 0.003333]","[""DA_d2_heldout200b/713"", ""DA_d2_seq100/214"", ""MCR_seq200b/345"", ""MCR_v1_seq100/99"", ""MCR_v2_seq100/209""]","[""DA_d2_heldout100/269"", ""DA_d2_heldout100/420"", ""DA_d2_heldout200b/508"", ""DA_d2_heldout200b/548"", ""DA_d2_heldout200b/618"", ""DA_d2_seq100/103"", ""DA_d2_seq100/45"", ""MCR_seq200b/328"", ""MCR_seq200b/335"", ""MCR_seq200b/374"", ""MCR_seq200b/396"", ""MCR_v1_seq100/60""]",1.0
E12,graph_k10_first,graph_k10_pairwise,pairwise_vs_first_graph_k10,factorial39,ALL,legacy_chain,300,36,21,16,227,0.19,0.17333333333333334,-0.016666666666666666,0.5113757815852296,"[-0.056667, 0.023333]","[""DA_d2_heldout100/451"", ""DA_d2_heldout200b/540"", ""DA_d2_heldout200b/549"", ""DA_d2_heldout200b/566"", ""DA_d2_heldout200b/589"", ""DA_d2_heldout200b/743"", ""DA_d2_seq100/103"", ""DA_d2_seq100/188"", ""DA_d2_seq100/206"", ""MCR_seq200b/320"", ""MCR_seq200b/345"", ""MCR_seq200b/374"", ""MCR_seq200b/384"", ""MCR_v1_seq100/45"", ""MCR_v2_seq100/209"", ""MCR_v2_seq100/227""]","[""DA_d2_heldout100/415"", ""DA_d2_heldout200b/497"", ""DA_d2_heldout200b/508"", ""DA_d2_heldout200b/523"", ""DA_d2_heldout200b/578"", ""DA_d2_heldout200b/619"", ""DA_d2_heldout200b/621"", ""DA_d2_seq100/186"", ""DA_d2_seq100/19"", ""DA_d2_seq100/214"", ""DA_d2_seq100/241"", ""DA_d2_seq100/45"", ""DA_d2_seq100/74"", ""MCR_seq200b/263"", ""MCR_seq200b/283"", ""MCR_seq200b/328"", ""MCR_seq200b/369"", ""MCR_v1_seq100/12"", ""MCR_v1_seq100/76"", ""MCR_v1_seq100/95"", ""MCR_v2_seq100/197""]",1.0
E12,graph_k5_first,graph_k5_pairwise,pairwise_vs_first_graph_k5,factorial39,ALL,legacy_chain,300,37,20,17,226,0.19,0.18,-0.01,0.7428293587290682,"[-0.05, 0.03]","[""DA_d2_heldout200b/518"", ""DA_d2_heldout200b/549"", ""DA_d2_heldout200b/566"", ""DA_d2_heldout200b/589"", ""DA_d2_heldout200b/662"", ""DA_d2_heldout200b/743"", ""DA_d2_seq100/103"", ""DA_d2_seq100/188"", ""DA_d2_seq100/206"", ""MCR_seq200b/335"", ""MCR_seq200b/345"", ""MCR_seq200b/374"", ""MCR_seq200b/384"", ""MCR_v1_seq100/123"", ""MCR_v1_seq100/74"", ""MCR_v1_seq100/99"", ""MCR_v2_seq100/227""]","[""DA_d2_heldout100/415"", ""DA_d2_heldout200b/497"", ""DA_d2_heldout200b/523"", ""DA_d2_heldout200b/578"", ""DA_d2_heldout200b/619"", ""DA_d2_heldout200b/621"", ""DA_d2_heldout200b/713"", ""DA_d2_seq100/186"", ""DA_d2_seq100/19"", ""DA_d2_seq100/214"", ""DA_d2_seq100/241"", ""DA_d2_seq100/45"", ""DA_d2_seq100/74"", ""MCR_seq200b/283"", ""MCR_seq200b/328"", ""MCR_seq200b/369"", ""MCR_v1_seq100/12"", ""MCR_v1_seq100/76"", ""MCR_v1_seq100/95"", ""MCR_v2_seq100/197""]",1.0
E12,raw_k10_first,raw_k10_pairwise,pairwise_vs_first_raw_k10,factorial39,ALL,legacy_chain,300,46,11,25,218,0.19,0.23666666666666666,0.04666666666666667,0.028816719655878842,"[0.006667, 0.086667]","[""DA_d2_heldout100/321"", ""DA_d2_heldout100/392"", ""DA_d2_heldout200b/518"", ""DA_d2_heldout200b/540"", ""DA_d2_heldout200b/549"", ""DA_d2_heldout200b/566"", ""DA_d2_heldout200b/589"", ""DA_d2_heldout200b/649"", ""DA_d2_heldout200b/662"", ""DA_d2_seq100/103"", ""DA_d2_seq100/188"", ""DA_d2_seq100/206"", ""MCR_seq200b/320"", ""MCR_seq200b/329"", ""MCR_seq200b/335"", ""MCR_seq200b/345"", ""MCR_seq200b/374"", ""MCR_seq200b/378"", ""MCR_seq200b/384"", ""MCR_seq200b/431"", ""MCR_v1_seq100/123"", ""MCR_v1_seq100/41"", ""MCR_v1_seq100/45"", ""MCR_v1_seq100/99"", ""MCR_v2_seq100/227""]","[""DA_d2_heldout200b/508"", ""DA_d2_heldout200b/548"", ""DA_d2_heldout200b/713"", ""DA_d2_seq100/186"", ""DA_d2_seq100/19"", ""DA_d2_seq100/241"", ""DA_d2_seq100/45"", ""DA_d2_seq100/74"", ""MCR_seq200b/458"", ""MCR_v1_seq100/76"", ""MCR_v2_seq100/197""]",1.0
E12,raw_k5_first,raw_k5_pairwise,pairwise_vs_first_raw_k5,factorial39,ALL,legacy_chain,300,46,11,21,222,0.19,0.22333333333333333,0.03333333333333333,0.11018416518345475,"[-0.003333, 0.07]","[""DA_d2_heldout100/321"", ""DA_d2_heldout100/392"", ""DA_d2_heldout200b/536"", ""DA_d2_heldout200b/566"", ""DA_d2_heldout200b/662"", ""DA_d2_seq100/103"", ""DA_d2_seq100/188"", ""DA_d2_seq100/206"", ""DA_d2_seq100/76"", ""MCR_seq200b/320"", ""MCR_seq200b/329"", ""MCR_seq200b/335"", ""MCR_seq200b/345"", ""MCR_seq200b/374"", ""MCR_seq200b/378"", ""MCR_seq200b/384"", ""MCR_seq200b/431"", ""MCR_v1_seq100/123"", ""MCR_v1_seq100/45"", ""MCR_v1_seq100/74"", ""MCR_v2_seq100/227""]","[""DA_d2_heldout200b/619"", ""DA_d2_heldout200b/713"", ""DA_d2_seq100/186"", ""DA_d2_seq100/19"", ""DA_d2_seq100/214"", ""DA_d2_seq100/241"", ""DA_d2_seq100/45"", ""DA_d2_seq100/74"", ""MCR_seq200b/458"", ""MCR_v1_seq100/76"", ""MCR_v2_seq100/197""]",1.0
E12,s1_k10_first,s1_k10_pairwise,pairwise_vs_first_s1_k10,factorial39,ALL,legacy_chain,300,36,21,16,227,0.19,0.17333333333333334,-0.016666666666666666,0.5113757815852296,"[-0.056667, 0.023333]","[""DA_d2_heldout100/321"", ""DA_d2_seq100/103"", ""DA_d2_seq100/188"", ""DA_d2_seq100/206"", ""MCR_seq200b/329"", ""MCR_seq200b/335"", ""MCR_seq200b/345"", ""MCR_seq200b/374"", ""MCR_seq200b/378"", ""MCR_seq200b/384"", ""MCR_v1_seq100/123"", ""MCR_v1_seq100/45"", ""MCR_v1_seq100/60"", ""MCR_v1_seq100/99"", ""MCR_v2_seq100/209"", ""MCR_v2_seq100/227""]","[""DA_d2_heldout200b/508"", ""DA_d2_heldout200b/548"", ""DA_d2_heldout200b/578"", ""DA_d2_heldout200b/621"", ""DA_d2_heldout200b/660"", ""DA_d2_heldout200b/706"", ""DA_d2_heldout200b/713"", ""DA_d2_seq100/186"", ""DA_d2_seq100/19"", ""DA_d2_seq100/214"", ""DA_d2_seq100/241"", ""DA_d2_seq100/45"", ""DA_d2_seq100/74"", ""MCR_seq200b/328"", ""MCR_seq200b/458"", ""MCR_v1_seq100/12"", ""MCR_v1_seq100/76"", ""MCR_v1_seq100/78"", ""MCR_v1_seq100/95"", ""MCR_v2_seq100/139"", ""MCR_v2_seq100/197""]",1.0
E12,s1_k5_first,s1_k5_pairwise,pairwise_vs_first_s1_k5,factorial39,ALL,legacy_chain,300,43,14,14,229,0.19,0.19,0.0,1.0,"[-0.033333, 0.033333]","[""DA_d2_heldout100/321"", ""DA_d2_heldout200b/662"", ""DA_d2_seq100/103"", ""DA_d2_seq100/188"", ""DA_d2_seq100/206"", ""MCR_seq200b/329"", ""MCR_seq200b/335"", ""MCR_seq200b/374"", ""MCR_seq200b/378"", ""MCR_seq200b/384"", ""MCR_v1_seq100/123"", ""MCR_v1_seq100/45"", ""MCR_v1_seq100/99"", ""MCR_v2_seq100/227""]","[""DA_d2_heldout100/281"", ""DA_d2_heldout200b/578"", ""DA_d2_heldout200b/621"", ""DA_d2_heldout200b/660"", ""DA_d2_seq100/186"", ""DA_d2_seq100/19"", ""DA_d2_seq100/214"", ""DA_d2_seq100/241"", ""DA_d2_seq100/45"", ""DA_d2_seq100/74"", ""MCR_v1_seq100/46"", ""MCR_v1_seq100/76"", ""MCR_v2_seq100/139"", ""MCR_v2_seq100/197""]",1.0
E12,graph_k10_pointwise,graph_k10_pairwise,pairwise_vs_pointwise_graph_k10,factorial39,ALL,legacy_chain,300,43,6,9,242,0.16333333333333333,0.17333333333333334,0.01,0.60723876953125,"[-0.013333, 0.036667]","[""DA_d2_heldout100/269"", ""DA_d2_heldout200b/548"", ""DA_d2_heldout200b/549"", ""DA_d2_heldout200b/706"", ""DA_d2_seq100/188"", ""MCR_v1_seq100/46"", ""MCR_v2_seq100/139"", ""MCR_v2_seq100/174"", ""MCR_v2_seq100/209""]","[""DA_d2_heldout200b/508"", ""DA_d2_heldout200b/662"", ""DA_d2_seq100/19"", ""MCR_seq200b/328"", ""MCR_seq200b/378"", ""MCR_v1_seq100/41""]",1.0
E12,graph_k5_pointwise,graph_k5_pairwise,pairwise_vs_pointwise_graph_k5,factorial39,ALL,legacy_chain,300,47,6,7,240,0.17666666666666667,0.18,0.0033333333333333335,1.0,"[-0.02, 0.026667]","[""DA_d2_heldout100/391"", ""DA_d2_heldout200b/518"", ""DA_d2_heldout200b/662"", ""DA_d2_heldout200b/706"", ""MCR_seq200b/345"", ""MCR_v1_seq100/123"", ""MCR_v2_seq100/139""]","[""DA_d2_seq100/156"", ""MCR_seq200b/320"", ""MCR_seq200b/355"", ""MCR_seq200b/378"", ""MCR_v1_seq100/41"", ""MCR_v1_seq100/45""]",1.0
E12,raw_k10_pointwise,raw_k10_pairwise,pairwise_vs_pointwise_raw_k10,factorial39,ALL,legacy_chain,300,63,7,8,222,0.23333333333333334,0.23666666666666666,0.0033333333333333335,1.0,"[-0.023333, 0.03]","[""MCR_seq200b/335"", ""MCR_seq200b/345"", ""MCR_seq200b/369"", ""MCR_seq200b/378"", ""MCR_v1_seq100/123"", ""MCR_v1_seq100/41"", ""MCR_v1_seq100/95"", ""MCR_v2_seq100/139""]","[""DA_d2_heldout100/451"", ""DA_d2_heldout200b/508"", ""DA_d2_heldout200b/536"", ""DA_d2_heldout200b/713"", ""DA_d2_seq100/76"", ""MCR_seq200b/355"", ""MCR_seq200b/458""]",1.0
E12,raw_k5_pointwise,raw_k5_pairwise,pairwise_vs_pointwise_raw_k5,factorial39,ALL,legacy_chain,300,55,5,12,228,0.2,0.22333333333333333,0.023333333333333334,0.143463134765625,"[-0.003333, 0.05]","[""DA_d2_heldout100/273"", ""DA_d2_heldout200b/523"", ""DA_d2_heldout200b/536"", ""DA_d2_heldout200b/548"", ""DA_d2_heldout200b/566"", ""DA_d2_heldout200b/621"", ""DA_d2_seq100/76"", ""MCR_seq200b/329"", ""MCR_seq200b/335"", ""MCR_seq200b/396"", ""MCR_v1_seq100/95"", ""MCR_v2_seq100/139""]","[""DA_d2_heldout200b/589"", ""DA_d2_heldout200b/619"", ""DA_d2_seq100/214"", ""MCR_v1_seq100/41"", ""MCR_v1_seq100/99""]",1.0
E12,s1_k10_pointwise,s1_k10_pairwise,pairwise_vs_pointwise_s1_k10,factorial39,ALL,legacy_chain,300,40,6,12,242,0.15333333333333332,0.17333333333333334,0.02,0.237884521484375,"[-0.006667, 0.046667]","[""DA_d2_heldout100/269"", ""DA_d2_heldout100/420"", ""DA_d2_heldout200b/523"", ""DA_d2_seq100/103"", ""MCR_seq200b/335"", ""MCR_seq200b/369"", ""MCR_seq200b/374"", ""MCR_seq200b/396"", ""MCR_v1_seq100/123"", ""MCR_v1_seq100/46"", ""MCR_v1_seq100/60"", ""MCR_v2_seq100/174""]","[""DA_d2_heldout200b/566"", ""DA_d2_heldout200b/578"", ""DA_d2_heldout200b/662"", ""DA_d2_heldout200b/706"", ""DA_d2_heldout200b/713"", ""DA_d2_seq100/214""]",1.0
E12,s1_k5_pointwise,s1_k5_pairwise,pairwise_vs_pointwise_s1_k5,factorial39,ALL,legacy_chain,300,47,6,10,237,0.17666666666666667,0.19,0.013333333333333334,0.454498291015625,"[-0.013333, 0.04]","[""DA_d2_heldout200b/523"", ""DA_d2_heldout200b/713"", ""MCR_seq200b/369"", ""MCR_seq200b/458"", ""MCR_v1_seq100/12"", ""MCR_v1_seq100/123"", ""MCR_v1_seq100/78"", ""MCR_v1_seq100/95"", ""MCR_v1_seq100/99"", ""MCR_v2_seq100/174""]","[""DA_d2_heldout100/281"", ""DA_d2_heldout200b/566"", ""DA_d2_heldout200b/578"", ""DA_d2_heldout200b/618"", ""DA_d2_seq100/45"", ""MCR_v1_seq100/60""]",1.0
E12,graph_k10_first,graph_k10_pointwise,pointwise_vs_first_graph_k10,factorial39,ALL,legacy_chain,300,33,24,16,227,0.19,0.16333333333333333,-0.02666666666666667,0.26818725105476915,"[-0.066667, 0.013333]","[""DA_d2_heldout100/451"", ""DA_d2_heldout200b/540"", ""DA_d2_heldout200b/566"", ""DA_d2_heldout200b/589"", ""DA_d2_heldout200b/662"", ""DA_d2_heldout200b/743"", ""DA_d2_seq100/103"", ""DA_d2_seq100/206"", ""MCR_seq200b/320"", ""MCR_seq200b/345"", ""MCR_seq200b/374"", ""MCR_seq200b/378"", ""MCR_seq200b/384"", ""MCR_v1_seq100/41"", ""MCR_v1_seq100/45"", ""MCR_v2_seq100/227""]","[""DA_d2_heldout100/269"", ""DA_d2_heldout100/415"", ""DA_d2_heldout200b/497"", ""DA_d2_heldout200b/523"", ""DA_d2_heldout200b/548"", ""DA_d2_heldout200b/578"", ""DA_d2_heldout200b/619"", ""DA_d2_heldout200b/621"", ""DA_d2_heldout200b/706"", ""DA_d2_seq100/186"", ""DA_d2_seq100/214"", ""DA_d2_seq100/241"", ""DA_d2_seq100/45"", ""DA_d2_seq100/74"", ""MCR_seq200b/263"", ""MCR_seq200b/283"", ""MCR_seq200b/369"", ""MCR_v1_seq100/12"", ""MCR_v1_seq100/46"", ""MCR_v1_seq100/76"", ""MCR_v1_seq100/95"", ""MCR_v2_seq100/139"", ""MCR_v2_seq100/174"", ""MCR_v2_seq100/197""]",1.0
E12,graph_k5_first,graph_k5_pointwise,pointwise_vs_first_graph_k5,factorial39,ALL,legacy_chain,300,34,23,19,224,0.19,0.17666666666666667,-0.013333333333333334,0.6439689563703723,"[-0.056667, 0.03]","[""DA_d2_heldout200b/549"", ""DA_d2_heldout200b/566"", ""DA_d2_heldout200b/589"", ""DA_d2_heldout200b/743"", ""DA_d2_seq100/103"", ""DA_d2_seq100/156"", ""DA_d2_seq100/188"", ""DA_d2_seq100/206"", ""MCR_seq200b/320"", ""MCR_seq200b/335"", ""MCR_seq200b/355"", ""MCR_seq200b/374"", ""MCR_seq200b/378"", ""MCR_seq200b/384"", ""MCR_v1_seq100/41"", ""MCR_v1_seq100/45"", ""MCR_v1_seq100/74"", ""MCR_v1_seq100/99"", ""MCR_v2_seq100/227""]","[""DA_d2_heldout100/391"", ""DA_d2_heldout100/415"", ""DA_d2_heldout200b/497"", ""DA_d2_heldout200b/523"", ""DA_d2_heldout200b/578"", ""DA_d2_heldout200b/619"", ""DA_d2_heldout200b/621"", ""DA_d2_heldout200b/706"", ""DA_d2_heldout200b/713"", ""DA_d2_seq100/186"", ""DA_d2_seq100/19"", ""DA_d2_seq100/214"", ""DA_d2_seq100/241"", ""DA_d2_seq100/45"", ""DA_d2_seq100/74"", ""MCR_seq200b/283"", ""MCR_seq200b/328"", ""MCR_seq200b/369"", ""MCR_v1_seq100/12"", ""MCR_v1_seq100/76"", ""MCR_v1_seq100/95"", ""MCR_v2_seq100/139"", ""MCR_v2_seq100/197""]",1.0
E12,raw_k10_first,raw_k10_pointwise,pointwise_vs_first_raw_k10,factorial39,ALL,legacy_chain,300,46,11,24,219,0.19,0.23333333333333334,0.043333333333333335,0.04095959151163697,"[0.006667, 0.083333]","[""DA_d2_heldout100/321"", ""DA_d2_heldout100/392"", ""DA_d2_heldout100/451"", ""DA_d2_heldout200b/518"", ""DA_d2_heldout200b/536"", ""DA_d2_heldout200b/540"", ""DA_d2_heldout200b/549"", ""DA_d2_heldout200b/566"", ""DA_d2_heldout200b/589"", ""DA_d2_heldout200b/649"", ""DA_d2_heldout200b/662"", ""DA_d2_seq100/103"", ""DA_d2_seq100/188"", ""DA_d2_seq100/206"", ""DA_d2_seq100/76"", ""MCR_seq200b/320"", ""MCR_seq200b/329"", ""MCR_seq200b/355"", ""MCR_seq200b/374"", ""MCR_seq200b/384"", ""MCR_seq200b/431"", ""MCR_v1_seq100/45"", ""MCR_v1_seq100/99"", ""MCR_v2_seq100/227""]","[""DA_d2_heldout200b/548"", ""DA_d2_seq100/186"", ""DA_d2_seq100/19"", ""DA_d2_seq100/241"", ""DA_d2_seq100/45"", ""DA_d2_seq100/74"", ""MCR_seq200b/369"", ""MCR_v1_seq100/76"", ""MCR_v1_seq100/95"", ""MCR_v2_seq100/139"", ""MCR_v2_seq100/197""]",1.0
E12,raw_k5_first,raw_k5_pointwise,pointwise_vs_first_raw_k5,factorial39,ALL,legacy_chain,300,41,16,19,224,0.19,0.2,0.01,0.7358788008568808,"[-0.03, 0.05]","[""DA_d2_heldout100/321"", ""DA_d2_heldout100/392"", ""DA_d2_heldout200b/589"", ""DA_d2_heldout200b/662"", ""DA_d2_seq100/103"", ""DA_d2_seq100/188"", ""DA_d2_seq100/206"", ""MCR_seq200b/320"", ""MCR_seq200b/345"", ""MCR_seq200b/374"", ""MCR_seq200b/378"", ""MCR_seq200b/384"", ""MCR_seq200b/431"", ""MCR_v1_seq100/123"", ""MCR_v1_seq100/41"", ""MCR_v1_seq100/45"", ""MCR_v1_seq100/74"", ""MCR_v1_seq100/99"", ""MCR_v2_seq100/227""]","[""DA_d2_heldout100/273"", ""DA_d2_heldout200b/523"", ""DA_d2_heldout200b/548"", ""DA_d2_heldout200b/621"", ""DA_d2_heldout200b/713"", ""DA_d2_seq100/186"", ""DA_d2_seq100/19"", ""DA_d2_seq100/241"", ""DA_d2_seq100/45"", ""DA_d2_seq100/74"", ""MCR_seq200b/396"", ""MCR_seq200b/458"", ""MCR_v1_seq100/76"", ""MCR_v1_seq100/95"", ""MCR_v2_seq100/139"", ""MCR_v2_seq100/197""]",1.0
E12,s1_k10_first,s1_k10_pointwise,pointwise_vs_first_s1_k10,factorial39,ALL,legacy_chain,300,33,24,13,230,0.19,0.15333333333333332,-0.03666666666666667,0.09887174959294498,"[-0.076667, 0.0]","[""DA_d2_heldout100/321"", ""DA_d2_heldout200b/566"", ""DA_d2_heldout200b/662"", ""DA_d2_seq100/188"", ""DA_d2_seq100/206"", ""MCR_seq200b/329"", ""MCR_seq200b/345"", ""MCR_seq200b/378"", ""MCR_seq200b/384"", ""MCR_v1_seq100/45"", ""MCR_v1_seq100/99"", ""MCR_v2_seq100/209"", ""MCR_v2_seq100/227""]","[""DA_d2_heldout100/269"", ""DA_d2_heldout100/420"", ""DA_d2_heldout200b/508"", ""DA_d2_heldout200b/523"", ""DA_d2_heldout200b/548"", ""DA_d2_heldout200b/621"", ""DA_d2_heldout200b/660"", ""DA_d2_seq100/186"", ""DA_d2_seq100/19"", ""DA_d2_seq100/241"", ""DA_d2_seq100/45"", ""DA_d2_seq100/74"", ""MCR_seq200b/328"", ""MCR_seq200b/369"", ""MCR_seq200b/396"", ""MCR_seq200b/458"", ""MCR_v1_seq100/12"", ""MCR_v1_seq100/46"", ""MCR_v1_seq100/76"", ""MCR_v1_seq100/78"", ""MCR_v1_seq100/95"", ""MCR_v2_seq100/139"", ""MCR_v2_seq100/174"", ""MCR_v2_seq100/197""]",1.0
E12,s1_k5_first,s1_k5_pointwise,pointwise_vs_first_s1_k5,factorial39,ALL,legacy_chain,300,38,19,15,228,0.19,0.17666666666666667,-0.013333333333333334,0.6075913612730801,"[-0.05, 0.023333]","[""DA_d2_heldout100/321"", ""DA_d2_heldout200b/566"", ""DA_d2_heldout200b/618"", ""DA_d2_heldout200b/662"", ""DA_d2_seq100/103"", ""DA_d2_seq100/188"", ""DA_d2_seq100/206"", ""MCR_seq200b/329"", ""MCR_seq200b/335"", ""MCR_seq200b/374"", ""MCR_seq200b/378"", ""MCR_seq200b/384"", ""MCR_v1_seq100/45"", ""MCR_v1_seq100/60"", ""MCR_v2_seq100/227""]","[""DA_d2_heldout200b/523"", ""DA_d2_heldout200b/621"", ""DA_d2_heldout200b/660"", ""DA_d2_heldout200b/713"", ""DA_d2_seq100/186"", ""DA_d2_seq100/19"", ""DA_d2_seq100/214"", ""DA_d2_seq100/241"", ""DA_d2_seq100/74"", ""MCR_seq200b/369"", ""MCR_seq200b/458"", ""MCR_v1_seq100/12"", ""MCR_v1_seq100/46"", ""MCR_v1_seq100/76"", ""MCR_v1_seq100/78"", ""MCR_v1_seq100/95"", ""MCR_v2_seq100/139"", ""MCR_v2_seq100/174"", ""MCR_v2_seq100/197""]",1.0
E12,s1_k10_first,raw_k10_first,raw_vs_s1_k10_first,factorial39,ALL,legacy_chain,300,57,0,0,243,0.19,0.19,0.0,1.0,"[0.0, 0.0]",[],[],1.0
E12,s1_k10_pairwise,raw_k10_pairwise,raw_vs_s1_k10_pairwise,factorial39,ALL,legacy_chain,300,50,2,21,227,0.17333333333333334,0.23666666666666666,0.06333333333333334,6.604194641113281e-05,"[0.033333, 0.093333]","[""DA_d2_heldout100/392"", ""DA_d2_heldout200b/518"", ""DA_d2_heldout200b/540"", ""DA_d2_heldout200b/549"", ""DA_d2_heldout200b/566"", ""DA_d2_heldout200b/578"", ""DA_d2_heldout200b/589"", ""DA_d2_heldout200b/621"", ""DA_d2_heldout200b/649"", ""DA_d2_heldout200b/660"", ""DA_d2_heldout200b/662"", ""DA_d2_heldout200b/706"", ""DA_d2_seq100/214"", ""MCR_seq200b/320"", ""MCR_seq200b/328"", ""MCR_seq200b/431"", ""MCR_v1_seq100/12"", ""MCR_v1_seq100/41"", ""MCR_v1_seq100/78"", ""MCR_v1_seq100/95"", ""MCR_v2_seq100/139""]","[""MCR_v1_seq100/60"", ""MCR_v2_seq100/209""]",0.002509593963623047
E12,s1_k10_pointwise,raw_k10_pointwise,raw_vs_s1_k10_pointwise,factorial39,ALL,legacy_chain,300,43,3,27,227,0.15333333333333332,0.23333333333333334,0.08,8.430331945419312e-06,"[0.046667, 0.116667]","[""DA_d2_heldout100/269"", ""DA_d2_heldout100/392"", ""DA_d2_heldout100/420"", ""DA_d2_heldout100/451"", ""DA_d2_heldout200b/508"", ""DA_d2_heldout200b/518"", ""DA_d2_heldout200b/523"", ""DA_d2_heldout200b/536"", ""DA_d2_heldout200b/540"", ""DA_d2_heldout200b/549"", ""DA_d2_heldout200b/589"", ""DA_d2_heldout200b/621"", ""DA_d2_heldout200b/649"", ""DA_d2_heldout200b/660"", ""DA_d2_seq100/103"", ""DA_d2_seq100/76"", ""MCR_seq200b/320"", ""MCR_seq200b/328"", ""MCR_seq200b/355"", ""MCR_seq200b/374"", ""MCR_seq200b/396"", ""MCR_seq200b/431"", ""MCR_seq200b/458"", ""MCR_v1_seq100/12"", ""MCR_v1_seq100/46"", ""MCR_v1_seq100/78"", ""MCR_v2_seq100/174""]","[""MCR_seq200b/345"", ""MCR_seq200b/378"", ""MCR_v2_seq100/209""]",0.00032878294587135315
E12,s1_k5_first,raw_k5_first,raw_vs_s1_k5_first,factorial39,ALL,legacy_chain,300,57,0,0,243,0.19,0.19,0.0,1.0,"[0.0, 0.0]",[],[],1.0
E12,s1_k5_pairwise,raw_k5_pairwise,raw_vs_s1_k5_pairwise,factorial39,ALL,legacy_chain,300,53,4,14,229,0.19,0.22333333333333333,0.03333333333333333,0.0308837890625,"[0.006667, 0.06]","[""DA_d2_heldout100/281"", ""DA_d2_heldout100/392"", ""DA_d2_heldout200b/536"", ""DA_d2_heldout200b/566"", ""DA_d2_heldout200b/578"", ""DA_d2_heldout200b/621"", ""DA_d2_heldout200b/660"", ""DA_d2_seq100/76"", ""MCR_seq200b/320"", ""MCR_seq200b/345"", ""MCR_seq200b/431"", ""MCR_v1_seq100/46"", ""MCR_v1_seq100/74"", ""MCR_v2_seq100/139""]","[""DA_d2_heldout200b/619"", ""DA_d2_heldout200b/713"", ""MCR_seq200b/458"", ""MCR_v1_seq100/99""]",1.0
E12,s1_k5_pointwise,raw_k5_pointwise,raw_vs_s1_k5_pointwise,factorial39,ALL,legacy_chain,300,44,9,16,231,0.17666666666666667,0.2,0.023333333333333334,0.2295229434967041,"[-0.01, 0.056667]","[""DA_d2_heldout100/392"", ""DA_d2_heldout200b/589"", ""DA_d2_heldout200b/660"", ""DA_d2_seq100/214"", ""MCR_seq200b/320"", ""MCR_seq200b/345"", ""MCR_seq200b/369"", ""MCR_seq200b/431"", ""MCR_v1_seq100/12"", ""MCR_v1_seq100/123"", ""MCR_v1_seq100/41"", ""MCR_v1_seq100/46"", ""MCR_v1_seq100/74"", ""MCR_v1_seq100/78"", ""MCR_v1_seq100/99"", ""MCR_v2_seq100/174""]","[""DA_d2_heldout100/273"", ""DA_d2_heldout200b/548"", ""DA_d2_heldout200b/566"", ""DA_d2_heldout200b/618"", ""DA_d2_seq100/45"", ""MCR_seq200b/329"", ""MCR_seq200b/335"", ""MCR_seq200b/396"", ""MCR_v1_seq100/60""]",1.0
E12,s1_k10_first,graph_k10_first,graph_vs_s1_k10_first,factorial39,ALL,safe_exact,300,21,0,0,279,0.07,0.07,0.0,1.0,"[0.0, 0.0]",[],[],1.0
E12,s1_k10_pairwise,graph_k10_pairwise,graph_vs_s1_k10_pairwise,factorial39,ALL,safe_exact,300,16,4,4,276,0.06666666666666667,0.06666666666666667,0.0,1.0,"[-0.02, 0.01675]","[""DA_d2_heldout200b/540"", ""MCR_seq200b/320"", ""MCR_seq200b/458"", ""MCR_v1_seq100/78""]","[""MCR_seq200b/263"", ""MCR_seq200b/329"", ""MCR_v1_seq100/60"", ""MCR_v1_seq100/99""]",1.0
E12,s1_k10_pointwise,graph_k10_pointwise,graph_vs_s1_k10_pointwise,factorial39,ALL,safe_exact,300,13,4,6,277,0.056666666666666664,0.06333333333333334,0.006666666666666667,0.75390625,"[-0.013333, 0.026667]","[""DA_d2_heldout200b/540"", ""MCR_seq200b/320"", ""MCR_seq200b/328"", ""MCR_seq200b/396"", ""MCR_seq200b/458"", ""MCR_v1_seq100/78""]","[""MCR_seq200b/263"", ""MCR_seq200b/283"", ""MCR_seq200b/329"", ""MCR_v1_seq100/99""]",1.0
E12,s1_k5_first,graph_k5_first,graph_vs_s1_k5_first,factorial39,ALL,safe_exact,300,21,0,0,279,0.07,0.07,0.0,1.0,"[0.0, 0.0]",[],[],1.0
E12,s1_k5_pairwise,graph_k5_pairwise,graph_vs_s1_k5_pairwise,factorial39,ALL,safe_exact,300,18,3,3,276,0.07,0.07,0.0,1.0,"[-0.016667, 0.016667]","[""MCR_seq200b/345"", ""MCR_v1_seq100/46"", ""MCR_v1_seq100/74""]","[""MCR_seq200b/328"", ""MCR_seq200b/329"", ""MCR_v1_seq100/12""]",1.0
E12,s1_k5_pointwise,graph_k5_pointwise,graph_vs_s1_k5_pointwise,factorial39,ALL,safe_exact,300,14,3,7,276,0.056666666666666664,0.07,0.013333333333333334,0.34375,"[-0.006667, 0.033333]","[""MCR_seq200b/320"", ""MCR_seq200b/458"", ""MCR_v1_seq100/46"", ""MCR_v1_seq100/74"", ""MCR_v1_seq100/78"", ""MCR_v1_seq100/99"", ""MCR_v2_seq100/174""]","[""MCR_seq200b/328"", ""MCR_seq200b/329"", ""MCR_v1_seq100/60""]",1.0
E12,graph_k5_first,graph_k10_first,k10_vs_k5_graph_first,factorial39,ALL,safe_exact,300,21,0,0,279,0.07,0.07,0.0,1.0,"[0.0, 0.0]",[],[],1.0
E12,graph_k5_pairwise,graph_k10_pairwise,k10_vs_k5_graph_pairwise,factorial39,ALL,safe_exact,300,18,3,2,277,0.07,0.06666666666666667,-0.0033333333333333335,1.0,"[-0.02, 0.01]","[""DA_d2_heldout200b/540"", ""MCR_seq200b/320""]","[""MCR_seq200b/263"", ""MCR_v1_seq100/74"", ""MCR_v1_seq100/99""]",1.0
E12,graph_k5_pointwise,graph_k10_pointwise,k10_vs_k5_graph_pointwise,factorial39,ALL,safe_exact,300,16,5,3,276,0.07,0.06333333333333334,-0.006666666666666667,0.7265625,"[-0.026667, 0.01]","[""DA_d2_heldout200b/540"", ""MCR_seq200b/328"", ""MCR_seq200b/345""]","[""MCR_seq200b/263"", ""MCR_v1_seq100/46"", ""MCR_v1_seq100/74"", ""MCR_v1_seq100/99"", ""MCR_v2_seq100/174""]",1.0
E12,raw_k5_first,raw_k10_first,k10_vs_k5_raw_first,factorial39,ALL,safe_exact,300,21,0,0,279,0.07,0.07,0.0,1.0,"[0.0, 0.0]",[],[],1.0
E12,raw_k5_pairwise,raw_k10_pairwise,k10_vs_k5_raw_pairwise,factorial39,ALL,safe_exact,300,24,1,2,273,0.08333333333333333,0.08666666666666667,0.0033333333333333335,1.0,"[-0.006667, 0.016667]","[""DA_d2_heldout200b/540"", ""MCR_v1_seq100/99""]","[""MCR_v1_seq100/74""]",1.0
E12,raw_k5_pointwise,raw_k10_pointwise,k10_vs_k5_raw_pointwise,factorial39,ALL,safe_exact,300,21,3,4,272,0.08,0.08333333333333333,0.0033333333333333335,1.0,"[-0.013333, 0.02]","[""DA_d2_heldout200b/540"", ""MCR_seq200b/329"", ""MCR_seq200b/396"", ""MCR_seq200b/458""]","[""MCR_seq200b/283"", ""MCR_seq200b/345"", ""MCR_v1_seq100/74""]",1.0
E12,s1_k5_first,s1_k10_first,k10_vs_k5_s1_first,factorial39,ALL,safe_exact,300,21,0,0,279,0.07,0.07,0.0,1.0,"[0.0, 0.0]",[],[],1.0
E12,s1_k5_pairwise,s1_k10_pairwise,k10_vs_k5_s1_pairwise,factorial39,ALL,safe_exact,300,17,4,3,276,0.07,0.06666666666666667,-0.0033333333333333335,1.0,"[-0.02, 0.013333]","[""MCR_seq200b/345"", ""MCR_v1_seq100/46"", ""MCR_v1_seq100/60""]","[""MCR_seq200b/328"", ""MCR_seq200b/458"", ""MCR_v1_seq100/12"", ""MCR_v1_seq100/78""]",1.0
E12,s1_k5_pointwise,s1_k10_pointwise,k10_vs_k5_s1_pointwise,factorial39,ALL,safe_exact,300,14,3,3,280,0.056666666666666664,0.056666666666666664,0.0,1.0,"[-0.016667, 0.016667]","[""MCR_seq200b/283"", ""MCR_seq200b/345"", ""MCR_v1_seq100/99""]","[""MCR_seq200b/328"", ""MCR_seq200b/396"", ""MCR_v1_seq100/60""]",1.0
E12,graph_k10_first,graph_k10_pairwise,pairwise_vs_first_graph_k10,factorial39,ALL,safe_exact,300,15,6,5,274,0.07,0.06666666666666667,-0.0033333333333333335,1.0,"[-0.026667, 0.016667]","[""DA_d2_heldout200b/540"", ""MCR_seq200b/320"", ""MCR_seq200b/345"", ""MCR_seq200b/384"", ""MCR_v2_seq100/227""]","[""MCR_seq200b/263"", ""MCR_seq200b/283"", ""MCR_seq200b/328"", ""MCR_v1_seq100/12"", ""MCR_v1_seq100/76"", ""MCR_v2_seq100/169""]",1.0
E12,graph_k5_first,graph_k5_pairwise,pairwise_vs_first_graph_k5,factorial39,ALL,safe_exact,300,16,5,5,274,0.07,0.07,0.0,1.0,"[-0.02, 0.02]","[""MCR_seq200b/345"", ""MCR_seq200b/384"", ""MCR_v1_seq100/74"", ""MCR_v1_seq100/99"", ""MCR_v2_seq100/227""]","[""MCR_seq200b/283"", ""MCR_seq200b/328"", ""MCR_v1_seq100/12"", ""MCR_v1_seq100/76"", ""MCR_v2_seq100/169""]",1.0
E12,raw_k10_first,raw_k10_pairwise,pairwise_vs_first_raw_k10,factorial39,ALL,safe_exact,300,18,3,8,271,0.07,0.08666666666666667,0.016666666666666666,0.2265625,"[-0.003333, 0.04]","[""DA_d2_heldout200b/540"", ""MCR_seq200b/320"", ""MCR_seq200b/329"", ""MCR_seq200b/345"", ""MCR_seq200b/384"", ""MCR_seq200b/431"", ""MCR_v1_seq100/99"", ""MCR_v2_seq100/227""]","[""MCR_seq200b/458"", ""MCR_v1_seq100/76"", ""MCR_v2_seq100/169""]",1.0
E12,raw_k5_first,raw_k5_pairwise,pairwise_vs_first_raw_k5,factorial39,ALL,safe_exact,300,18,3,7,272,0.07,0.08333333333333333,0.013333333333333334,0.34375,"[-0.006667, 0.033333]","[""MCR_seq200b/320"", ""MCR_seq200b/329"", ""MCR_seq200b/345"", ""MCR_seq200b/384"", ""MCR_seq200b/431"", ""MCR_v1_seq100/74"", ""MCR_v2_seq100/227""]","[""MCR_seq200b/458"", ""MCR_v1_seq100/76"", ""MCR_v2_seq100/169""]",1.0
E12,s1_k10_first,s1_k10_pairwise,pairwise_vs_first_s1_k10,factorial39,ALL,safe_exact,300,14,7,6,273,0.07,0.06666666666666667,-0.0033333333333333335,1.0,"[-0.026667, 0.02]","[""MCR_seq200b/329"", ""MCR_seq200b/345"", ""MCR_seq200b/384"", ""MCR_v1_seq100/60"", ""MCR_v1_seq100/99"", ""MCR_v2_seq100/227""]","[""MCR_seq200b/283"", ""MCR_seq200b/328"", ""MCR_seq200b/458"", ""MCR_v1_seq100/12"", ""MCR_v1_seq100/76"", ""MCR_v1_seq100/78"", ""MCR_v2_seq100/169""]",1.0
E12,s1_k5_first,s1_k5_pairwise,pairwise_vs_first_s1_k5,factorial39,ALL,safe_exact,300,17,4,4,275,0.07,0.07,0.0,1.0,"[-0.02, 0.02]","[""MCR_seq200b/329"", ""MCR_seq200b/384"", ""MCR_v1_seq100/99"", ""MCR_v2_seq100/227""]","[""MCR_seq200b/283"", ""MCR_v1_seq100/46"", ""MCR_v1_seq100/76"", ""MCR_v2_seq100/169""]",1.0
E12,graph_k10_pointwise,graph_k10_pairwise,pairwise_vs_pointwise_graph_k10,factorial39,ALL,safe_exact,300,18,1,2,279,0.06333333333333334,0.06666666666666667,0.0033333333333333335,1.0,"[-0.006667, 0.016667]","[""MCR_v1_seq100/46"", ""MCR_v2_seq100/174""]","[""MCR_seq200b/328""]",1.0
E12,graph_k5_pointwise,graph_k5_pairwise,pairwise_vs_pointwise_graph_k5,factorial39,ALL,safe_exact,300,20,1,1,278,0.07,0.07,0.0,1.0,"[-0.01, 0.01]","[""MCR_seq200b/345""]","[""MCR_seq200b/320""]",1.0
E12,raw_k10_pointwise,raw_k10_pairwise,pairwise_vs_pointwise_raw_k10,factorial39,ALL,safe_exact,300,24,1,2,273,0.08333333333333333,0.08666666666666667,0.0033333333333333335,1.0,"[-0.006667, 0.016667]","[""MCR_seq200b/283"", ""MCR_seq200b/345""]","[""MCR_seq200b/458""]",1.0
E12,raw_k5_pointwise,raw_k5_pairwise,pairwise_vs_pointwise_raw_k5,factorial39,ALL,safe_exact,300,23,1,2,274,0.08,0.08333333333333333,0.0033333333333333335,1.0,"[-0.006667, 0.016667]","[""MCR_seq200b/329"", ""MCR_seq200b/396""]","[""MCR_v1_seq100/99""]",1.0
E12,s1_k10_pointwise,s1_k10_pairwise,pairwise_vs_pointwise_s1_k10,factorial39,ALL,safe_exact,300,16,1,4,279,0.056666666666666664,0.06666666666666667,0.01,0.375,"[-0.003333, 0.026667]","[""MCR_seq200b/396"", ""MCR_v1_seq100/46"", ""MCR_v1_seq100/60"", ""MCR_v2_seq100/174""]","[""MCR_seq200b/283""]",1.0
E12,s1_k5_pointwise,s1_k5_pairwise,pairwise_vs_pointwise_s1_k5,factorial39,ALL,safe_exact,300,16,1,5,278,0.056666666666666664,0.07,0.013333333333333334,0.21875,"[-0.003333, 0.03]","[""MCR_seq200b/458"", ""MCR_v1_seq100/12"", ""MCR_v1_seq100/78"", ""MCR_v1_seq100/99"", ""MCR_v2_seq100/174""]","[""MCR_v1_seq100/60""]",1.0
E12,graph_k10_first,graph_k10_pointwise,pointwise_vs_first_graph_k10,factorial39,ALL,safe_exact,300,14,7,5,274,0.07,0.06333333333333334,-0.006666666666666667,0.7744140625,"[-0.03, 0.016667]","[""DA_d2_heldout200b/540"", ""MCR_seq200b/320"", ""MCR_seq200b/345"", ""MCR_seq200b/384"", ""MCR_v2_seq100/227""]","[""MCR_seq200b/263"", ""MCR_seq200b/283"", ""MCR_v1_seq100/12"", ""MCR_v1_seq100/46"", ""MCR_v1_seq100/76"", ""MCR_v2_seq100/169"", ""MCR_v2_seq100/174""]",1.0
E12,graph_k5_first,graph_k5_pointwise,pointwise_vs_first_graph_k5,factorial39,ALL,safe_exact,300,16,5,5,274,0.07,0.07,0.0,1.0,"[-0.02, 0.02]","[""MCR_seq200b/320"", ""MCR_seq200b/384"", ""MCR_v1_seq100/74"", ""MCR_v1_seq100/99"", ""MCR_v2_seq100/227""]","[""MCR_seq200b/283"", ""MCR_seq200b/328"", ""MCR_v1_seq100/12"", ""MCR_v1_seq100/76"", ""MCR_v2_seq100/169""]",1.0
E12,raw_k10_first,raw_k10_pointwise,pointwise_vs_first_raw_k10,factorial39,ALL,safe_exact,300,18,3,7,272,0.07,0.08333333333333333,0.013333333333333334,0.34375,"[-0.006667, 0.033333]","[""DA_d2_heldout200b/540"", ""MCR_seq200b/320"", ""MCR_seq200b/329"", ""MCR_seq200b/384"", ""MCR_seq200b/431"", ""MCR_v1_seq100/99"", ""MCR_v2_seq100/227""]","[""MCR_seq200b/283"", ""MCR_v1_seq100/76"", ""MCR_v2_seq100/169""]",1.0
E12,raw_k5_first,raw_k5_pointwise,pointwise_vs_first_raw_k5,factorial39,ALL,safe_exact,300,17,4,7,272,0.07,0.08,0.01,0.548828125,"[-0.01, 0.03]","[""MCR_seq200b/320"", ""MCR_seq200b/345"", ""MCR_seq200b/384"", ""MCR_seq200b/431"", ""MCR_v1_seq100/74"", ""MCR_v1_seq100/99"", ""MCR_v2_seq100/227""]","[""MCR_seq200b/396"", ""MCR_seq200b/458"", ""MCR_v1_seq100/76"", ""MCR_v2_seq100/169""]",1.0
E12,s1_k10_first,s1_k10_pointwise,pointwise_vs_first_s1_k10,factorial39,ALL,safe_exact,300,12,9,5,274,0.07,0.056666666666666664,-0.013333333333333334,0.4239501953125,"[-0.036667, 0.01]","[""MCR_seq200b/329"", ""MCR_seq200b/345"", ""MCR_seq200b/384"", ""MCR_v1_seq100/99"", ""MCR_v2_seq100/227""]","[""MCR_seq200b/328"", ""MCR_seq200b/396"", ""MCR_seq200b/458"", ""MCR_v1_seq100/12"", ""MCR_v1_seq100/46"", ""MCR_v1_seq100/76"", ""MCR_v1_seq100/78"", ""MCR_v2_seq100/169"", ""MCR_v2_seq100/174""]",1.0
E12,s1_k5_first,s1_k5_pointwise,pointwise_vs_first_s1_k5,factorial39,ALL,safe_exact,300,13,8,4,275,0.07,0.056666666666666664,-0.013333333333333334,0.3876953125,"[-0.036667, 0.01]","[""MCR_seq200b/329"", ""MCR_seq200b/384"", ""MCR_v1_seq100/60"", ""MCR_v2_seq100/227""]","[""MCR_seq200b/283"", ""MCR_seq200b/458"", ""MCR_v1_seq100/12"", ""MCR_v1_seq100/46"", ""MCR_v1_seq100/76"", ""MCR_v1_seq100/78"", ""MCR_v2_seq100/169"", ""MCR_v2_seq100/174""]",1.0
E12,s1_k10_first,raw_k10_first,raw_vs_s1_k10_first,factorial39,ALL,safe_exact,300,21,0,0,279,0.07,0.07,0.0,1.0,"[0.0, 0.0]",[],[],1.0
E12,s1_k10_pairwise,raw_k10_pairwise,raw_vs_s1_k10_pairwise,factorial39,ALL,safe_exact,300,19,1,7,273,0.06666666666666667,0.08666666666666667,0.02,0.0703125,"[0.003333, 0.04]","[""DA_d2_heldout200b/540"", ""MCR_seq200b/283"", ""MCR_seq200b/320"", ""MCR_seq200b/328"", ""MCR_seq200b/431"", ""MCR_v1_seq100/12"", ""MCR_v1_seq100/78""]","[""MCR_v1_seq100/60""]",1.0
E12,s1_k10_pointwise,raw_k10_pointwise,raw_vs_s1_k10_pointwise,factorial39,ALL,safe_exact,300,15,2,10,273,0.056666666666666664,0.08333333333333333,0.02666666666666667,0.03857421875,"[0.006667, 0.05]","[""DA_d2_heldout200b/540"", ""MCR_seq200b/320"", ""MCR_seq200b/328"", ""MCR_seq200b/396"", ""MCR_seq200b/431"", ""MCR_seq200b/458"", ""MCR_v1_seq100/12"", ""MCR_v1_seq100/46"", ""MCR_v1_seq100/78"", ""MCR_v2_seq100/174""]","[""MCR_seq200b/283"", ""MCR_seq200b/345""]",1.0
E12,s1_k5_first,raw_k5_first,raw_vs_s1_k5_first,factorial39,ALL,safe_exact,300,21,0,0,279,0.07,0.07,0.0,1.0,"[0.0, 0.0]",[],[],1.0
E12,s1_k5_pairwise,raw_k5_pairwise,raw_vs_s1_k5_pairwise,factorial39,ALL,safe_exact,300,19,2,6,273,0.07,0.08333333333333333,0.013333333333333334,0.2890625,"[-0.003333, 0.033333]","[""MCR_seq200b/283"", ""MCR_seq200b/320"", ""MCR_seq200b/345"", ""MCR_seq200b/431"", ""MCR_v1_seq100/46"", ""MCR_v1_seq100/74""]","[""MCR_seq200b/458"", ""MCR_v1_seq100/99""]",1.0
E12,s1_k5_pointwise,raw_k5_pointwise,raw_vs_s1_k5_pointwise,factorial39,ALL,safe_exact,300,14,3,10,273,0.056666666666666664,0.08,0.023333333333333334,0.09228515625,"[0.0, 0.046667]","[""MCR_seq200b/283"", ""MCR_seq200b/320"", ""MCR_seq200b/345"", ""MCR_seq200b/431"", ""MCR_v1_seq100/12"", ""MCR_v1_seq100/46"", ""MCR_v1_seq100/74"", ""MCR_v1_seq100/78"", ""MCR_v1_seq100/99"", ""MCR_v2_seq100/174""]","[""MCR_seq200b/329"", ""MCR_seq200b/396"", ""MCR_v1_seq100/60""]",1.0
E12,s1_k10_first,graph_k10_first,graph_vs_s1_k10_first,factorial39,DA,clinical_complete,150,1,0,0,149,0.006666666666666667,0.006666666666666667,0.0,1.0,"[0.0, 0.0]",[],[],1.0
E12,s1_k10_pairwise,graph_k10_pairwise,graph_vs_s1_k10_pairwise,factorial39,DA,clinical_complete,150,2,0,1,147,0.013333333333333334,0.02,0.006666666666666667,1.0,"[0.0, 0.02]","[""DA_d2_heldout200b/540""]",[],1.0
E12,s1_k10_pointwise,graph_k10_pointwise,graph_vs_s1_k10_pointwise,factorial39,DA,clinical_complete,150,1,0,2,147,0.006666666666666667,0.02,0.013333333333333334,0.5,"[0.0, 0.033333]","[""DA_d2_heldout200b/540"", ""DA_d2_seq100/103""]",[],1.0
E12,s1_k5_first,graph_k5_first,graph_vs_s1_k5_first,factorial39,DA,clinical_complete,150,1,0,0,149,0.006666666666666667,0.006666666666666667,0.0,1.0,"[0.0, 0.0]",[],[],1.0
E12,s1_k5_pairwise,graph_k5_pairwise,graph_vs_s1_k5_pairwise,factorial39,DA,clinical_complete,150,2,0,0,148,0.013333333333333334,0.013333333333333334,0.0,1.0,"[0.0, 0.0]",[],[],1.0
E12,s1_k5_pointwise,graph_k5_pointwise,graph_vs_s1_k5_pointwise,factorial39,DA,clinical_complete,150,2,0,0,148,0.013333333333333334,0.013333333333333334,0.0,1.0,"[0.0, 0.0]",[],[],1.0
E12,graph_k5_first,graph_k10_first,k10_vs_k5_graph_first,factorial39,DA,clinical_complete,150,1,0,0,149,0.006666666666666667,0.006666666666666667,0.0,1.0,"[0.0, 0.0]",[],[],1.0
E12,graph_k5_pairwise,graph_k10_pairwise,k10_vs_k5_graph_pairwise,factorial39,DA,clinical_complete,150,2,0,1,147,0.013333333333333334,0.02,0.006666666666666667,1.0,"[0.0, 0.02]","[""DA_d2_heldout200b/540""]",[],1.0
E12,graph_k5_pointwise,graph_k10_pointwise,k10_vs_k5_graph_pointwise,factorial39,DA,clinical_complete,150,2,0,1,147,0.013333333333333334,0.02,0.006666666666666667,1.0,"[0.0, 0.02]","[""DA_d2_heldout200b/540""]",[],1.0
E12,raw_k5_first,raw_k10_first,k10_vs_k5_raw_first,factorial39,DA,clinical_complete,150,1,0,0,149,0.006666666666666667,0.006666666666666667,0.0,1.0,"[0.0, 0.0]",[],[],1.0
E12,raw_k5_pairwise,raw_k10_pairwise,k10_vs_k5_raw_pairwise,factorial39,DA,clinical_complete,150,2,0,1,147,0.013333333333333334,0.02,0.006666666666666667,1.0,"[0.0, 0.02]","[""DA_d2_heldout200b/540""]",[],1.0
E12,raw_k5_pointwise,raw_k10_pointwise,k10_vs_k5_raw_pointwise,factorial39,DA,clinical_complete,150,2,1,1,146,0.02,0.02,0.0,1.0,"[-0.02, 0.02]","[""DA_d2_heldout200b/540""]","[""DA_d2_heldout200b/633""]",1.0
E12,s1_k5_first,s1_k10_first,k10_vs_k5_s1_first,factorial39,DA,clinical_complete,150,1,0,0,149,0.006666666666666667,0.006666666666666667,0.0,1.0,"[0.0, 0.0]",[],[],1.0
E12,s1_k5_pairwise,s1_k10_pairwise,k10_vs_k5_s1_pairwise,factorial39,DA,clinical_complete,150,2,0,0,148,0.013333333333333334,0.013333333333333334,0.0,1.0,"[0.0, 0.0]",[],[],1.0
E12,s1_k5_pointwise,s1_k10_pointwise,k10_vs_k5_s1_pointwise,factorial39,DA,clinical_complete,150,1,1,0,148,0.013333333333333334,0.006666666666666667,-0.006666666666666667,1.0,"[-0.02, 0.0]",[],"[""DA_d2_seq100/103""]",1.0
E12,graph_k10_first,graph_k10_pairwise,pairwise_vs_first_graph_k10,factorial39,DA,clinical_complete,150,0,1,3,146,0.006666666666666667,0.02,0.013333333333333334,0.625,"[-0.013333, 0.04]","[""DA_d2_heldout200b/540"", ""DA_d2_seq100/103"", ""DA_d2_seq100/186""]","[""DA_d2_heldout200b/633""]",1.0
E12,graph_k5_first,graph_k5_pairwise,pairwise_vs_first_graph_k5,factorial39,DA,clinical_complete,150,0,1,2,147,0.006666666666666667,0.013333333333333334,0.006666666666666667,1.0,"[-0.013333, 0.026833]","[""DA_d2_seq100/103"", ""DA_d2_seq100/186""]","[""DA_d2_heldout200b/633""]",1.0
E12,raw_k10_first,raw_k10_pairwise,pairwise_vs_first_raw_k10,factorial39,DA,clinical_complete,150,0,1,3,146,0.006666666666666667,0.02,0.013333333333333334,0.625,"[-0.013333, 0.04]","[""DA_d2_heldout200b/540"", ""DA_d2_seq100/103"", ""DA_d2_seq100/186""]","[""DA_d2_heldout200b/633""]",1.0
E12,raw_k5_first,raw_k5_pairwise,pairwise_vs_first_raw_k5,factorial39,DA,clinical_complete,150,0,1,2,147,0.006666666666666667,0.013333333333333334,0.006666666666666667,1.0,"[-0.013333, 0.033333]","[""DA_d2_seq100/103"", ""DA_d2_seq100/186""]","[""DA_d2_heldout200b/633""]",1.0
E12,s1_k10_first,s1_k10_pairwise,pairwise_vs_first_s1_k10,factorial39,DA,clinical_complete,150,0,1,2,147,0.006666666666666667,0.013333333333333334,0.006666666666666667,1.0,"[-0.013333, 0.026667]","[""DA_d2_seq100/103"", ""DA_d2_seq100/186""]","[""DA_d2_heldout200b/633""]",1.0
E12,s1_k5_first,s1_k5_pairwise,pairwise_vs_first_s1_k5,factorial39,DA,clinical_complete,150,0,1,2,147,0.006666666666666667,0.013333333333333334,0.006666666666666667,1.0,"[-0.013333, 0.026667]","[""DA_d2_seq100/103"", ""DA_d2_seq100/186""]","[""DA_d2_heldout200b/633""]",1.0
E12,graph_k10_pointwise,graph_k10_pairwise,pairwise_vs_pointwise_graph_k10,factorial39,DA,clinical_complete,150,3,0,0,147,0.02,0.02,0.0,1.0,"[0.0, 0.0]",[],[],1.0
E12,graph_k5_pointwise,graph_k5_pairwise,pairwise_vs_pointwise_graph_k5,factorial39,DA,clinical_complete,150,2,0,0,148,0.013333333333333334,0.013333333333333334,0.0,1.0,"[0.0, 0.0]",[],[],1.0
E12,raw_k10_pointwise,raw_k10_pairwise,pairwise_vs_pointwise_raw_k10,factorial39,DA,clinical_complete,150,3,0,0,147,0.02,0.02,0.0,1.0,"[0.0, 0.0]",[],[],1.0
E12,raw_k5_pointwise,raw_k5_pairwise,pairwise_vs_pointwise_raw_k5,factorial39,DA,clinical_complete,150,2,1,0,147,0.02,0.013333333333333334,-0.006666666666666667,1.0,"[-0.02, 0.0]",[],"[""DA_d2_heldout200b/633""]",1.0
E12,s1_k10_pointwise,s1_k10_pairwise,pairwise_vs_pointwise_s1_k10,factorial39,DA,clinical_complete,150,1,0,1,148,0.006666666666666667,0.013333333333333334,0.006666666666666667,1.0,"[0.0, 0.02]","[""DA_d2_seq100/103""]",[],1.0
E12,s1_k5_pointwise,s1_k5_pairwise,pairwise_vs_pointwise_s1_k5,factorial39,DA,clinical_complete,150,2,0,0,148,0.013333333333333334,0.013333333333333334,0.0,1.0,"[0.0, 0.0]",[],[],1.0
E12,graph_k10_first,graph_k10_pointwise,pointwise_vs_first_graph_k10,factorial39,DA,clinical_complete,150,0,1,3,146,0.006666666666666667,0.02,0.013333333333333334,0.625,"[-0.013333, 0.04]","[""DA_d2_heldout200b/540"", ""DA_d2_seq100/103"", ""DA_d2_seq100/186""]","[""DA_d2_heldout200b/633""]",1.0
E12,graph_k5_first,graph_k5_pointwise,pointwise_vs_first_graph_k5,factorial39,DA,clinical_complete,150,0,1,2,147,0.006666666666666667,0.013333333333333334,0.006666666666666667,1.0,"[-0.013333, 0.033333]","[""DA_d2_seq100/103"", ""DA_d2_seq100/186""]","[""DA_d2_heldout200b/633""]",1.0
E12,raw_k10_first,raw_k10_pointwise,pointwise_vs_first_raw_k10,factorial39,DA,clinical_complete,150,0,1,3,146,0.006666666666666667,0.02,0.013333333333333334,0.625,"[-0.013333, 0.04]","[""DA_d2_heldout200b/540"", ""DA_d2_seq100/103"", ""DA_d2_seq100/186""]","[""DA_d2_heldout200b/633""]",1.0
E12,raw_k5_first,raw_k5_pointwise,pointwise_vs_first_raw_k5,factorial39,DA,clinical_complete,150,1,0,2,147,0.006666666666666667,0.02,0.013333333333333334,0.5,"[0.0, 0.033333]","[""DA_d2_seq100/103"", ""DA_d2_seq100/186""]",[],1.0
E12,s1_k10_first,s1_k10_pointwise,pointwise_vs_first_s1_k10,factorial39,DA,clinical_complete,150,0,1,1,148,0.006666666666666667,0.006666666666666667,0.0,1.0,"[-0.02, 0.02]","[""DA_d2_seq100/186""]","[""DA_d2_heldout200b/633""]",1.0
E12,s1_k5_first,s1_k5_pointwise,pointwise_vs_first_s1_k5,factorial39,DA,clinical_complete,150,0,1,2,147,0.006666666666666667,0.013333333333333334,0.006666666666666667,1.0,"[-0.013333, 0.026667]","[""DA_d2_seq100/103"", ""DA_d2_seq100/186""]","[""DA_d2_heldout200b/633""]",1.0
E12,s1_k10_first,raw_k10_first,raw_vs_s1_k10_first,factorial39,DA,clinical_complete,150,1,0,0,149,0.006666666666666667,0.006666666666666667,0.0,1.0,"[0.0, 0.0]",[],[],1.0
E12,s1_k10_pairwise,raw_k10_pairwise,raw_vs_s1_k10_pairwise,factorial39,DA,clinical_complete,150,2,0,1,147,0.013333333333333334,0.02,0.006666666666666667,1.0,"[0.0, 0.02]","[""DA_d2_heldout200b/540""]",[],1.0
E12,s1_k10_pointwise,raw_k10_pointwise,raw_vs_s1_k10_pointwise,factorial39,DA,clinical_complete,150,1,0,2,147,0.006666666666666667,0.02,0.013333333333333334,0.5,"[0.0, 0.033333]","[""DA_d2_heldout200b/540"", ""DA_d2_seq100/103""]",[],1.0
E12,s1_k5_first,raw_k5_first,raw_vs_s1_k5_first,factorial39,DA,clinical_complete,150,1,0,0,149,0.006666666666666667,0.006666666666666667,0.0,1.0,"[0.0, 0.0]",[],[],1.0
E12,s1_k5_pairwise,raw_k5_pairwise,raw_vs_s1_k5_pairwise,factorial39,DA,clinical_complete,150,2,0,0,148,0.013333333333333334,0.013333333333333334,0.0,1.0,"[0.0, 0.0]",[],[],1.0
E12,s1_k5_pointwise,raw_k5_pointwise,raw_vs_s1_k5_pointwise,factorial39,DA,clinical_complete,150,2,0,1,147,0.013333333333333334,0.02,0.006666666666666667,1.0,"[0.0, 0.02]","[""DA_d2_heldout200b/633""]",[],1.0
E12,s1_k10_first,graph_k10_first,graph_vs_s1_k10_first,factorial39,DA,compatible_partial,150,70,0,0,80,0.4666666666666667,0.4666666666666667,0.0,1.0,"[0.0, 0.0]",[],[],1.0
E12,s1_k10_pairwise,graph_k10_pairwise,graph_vs_s1_k10_pairwise,factorial39,DA,compatible_partial,150,50,23,19,58,0.4866666666666667,0.46,-0.02666666666666667,0.6439689563703723,"[-0.113333, 0.06]","[""DA_d2_heldout100/330"", ""DA_d2_heldout100/437"", ""DA_d2_heldout100/451"", ""DA_d2_heldout200b/477"", ""DA_d2_heldout200b/548"", ""DA_d2_heldout200b/549"", ""DA_d2_heldout200b/560"", ""DA_d2_heldout200b/566"", ""DA_d2_heldout200b/618"", ""DA_d2_heldout200b/621"", ""DA_d2_heldout200b/622"", ""DA_d2_heldout200b/627"", ""DA_d2_heldout200b/676"", ""DA_d2_heldout200b/706"", ""DA_d2_heldout200b/719"", ""DA_d2_heldout200b/757"", ""DA_d2_seq100/156"", ""DA_d2_seq100/243"", ""DA_d2_seq100/59""]","[""DA_d2_heldout100/259"", ""DA_d2_heldout100/262"", ""DA_d2_heldout100/290"", ""DA_d2_heldout100/321"", ""DA_d2_heldout100/379"", ""DA_d2_heldout100/415"", ""DA_d2_heldout200b/485"", ""DA_d2_heldout200b/497"", ""DA_d2_heldout200b/523"", ""DA_d2_heldout200b/611"", ""DA_d2_heldout200b/619"", ""DA_d2_heldout200b/687"", ""DA_d2_heldout200b/746"", ""DA_d2_heldout200b/756"", ""DA_d2_heldout200b/771"", ""DA_d2_heldout200b/774"", ""DA_d2_seq100/11"", ""DA_d2_seq100/118"", ""DA_d2_seq100/134"", ""DA_d2_seq100/164"", ""DA_d2_seq100/214"", ""DA_d2_seq100/28"", ""DA_d2_seq100/33""]",1.0
E12,s1_k10_pointwise,graph_k10_pointwise,graph_vs_s1_k10_pointwise,factorial39,DA,compatible_partial,150,53,23,13,61,0.5066666666666667,0.44,-0.06666666666666667,0.13249816396273673,"[-0.14, 0.013333]","[""DA_d2_heldout100/262"", ""DA_d2_heldout100/330"", ""DA_d2_heldout100/420"", ""DA_d2_heldout100/451"", ""DA_d2_heldout200b/518"", ""DA_d2_heldout200b/611"", ""DA_d2_heldout200b/618"", ""DA_d2_heldout200b/622"", ""DA_d2_heldout200b/627"", ""DA_d2_seq100/134"", ""DA_d2_seq100/139"", ""DA_d2_seq100/156"", ""DA_d2_seq100/29""]","[""DA_d2_heldout100/259"", ""DA_d2_heldout100/266"", ""DA_d2_heldout100/290"", ""DA_d2_heldout100/321"", ""DA_d2_heldout100/379"", ""DA_d2_heldout100/415"", ""DA_d2_heldout200b/497"", ""DA_d2_heldout200b/523"", ""DA_d2_heldout200b/578"", ""DA_d2_heldout200b/619"", ""DA_d2_heldout200b/687"", ""DA_d2_heldout200b/706"", ""DA_d2_heldout200b/745"", ""DA_d2_heldout200b/746"", ""DA_d2_heldout200b/753"", ""DA_d2_heldout200b/766"", ""DA_d2_heldout200b/774"", ""DA_d2_heldout200b/778"", ""DA_d2_seq100/117"", ""DA_d2_seq100/118"", ""DA_d2_seq100/164"", ""DA_d2_seq100/188"", ""DA_d2_seq100/214""]",1.0
E12,s1_k5_first,graph_k5_first,graph_vs_s1_k5_first,factorial39,DA,compatible_partial,150,70,0,0,80,0.4666666666666667,0.4666666666666667,0.0,1.0,"[0.0, 0.0]",[],[],1.0
E12,s1_k5_pairwise,graph_k5_pairwise,graph_vs_s1_k5_pairwise,factorial39,DA,compatible_partial,150,56,21,15,58,0.5133333333333333,0.47333333333333333,-0.04,0.40503224614076316,"[-0.12, 0.04]","[""DA_d2_heldout100/262"", ""DA_d2_heldout100/281"", ""DA_d2_heldout200b/540"", ""DA_d2_heldout200b/549"", ""DA_d2_heldout200b/560"", ""DA_d2_heldout200b/566"", ""DA_d2_heldout200b/601"", ""DA_d2_heldout200b/627"", ""DA_d2_heldout200b/660"", ""DA_d2_heldout200b/719"", ""DA_d2_heldout200b/723"", ""DA_d2_heldout200b/724"", ""DA_d2_heldout200b/771"", ""DA_d2_seq100/134"", ""DA_d2_seq100/156""]","[""DA_d2_heldout100/318"", ""DA_d2_heldout100/321"", ""DA_d2_heldout100/379"", ""DA_d2_heldout100/415"", ""DA_d2_heldout200b/485"", ""DA_d2_heldout200b/497"", ""DA_d2_heldout200b/523"", ""DA_d2_heldout200b/591"", ""DA_d2_heldout200b/619"", ""DA_d2_heldout200b/630"", ""DA_d2_heldout200b/687"", ""DA_d2_heldout200b/736"", ""DA_d2_heldout200b/745"", ""DA_d2_heldout200b/746"", ""DA_d2_heldout200b/756"", ""DA_d2_heldout200b/757"", ""DA_d2_heldout200b/774"", ""DA_d2_seq100/11"", ""DA_d2_seq100/118"", ""DA_d2_seq100/214"", ""DA_d2_seq100/63""]",1.0
E12,s1_k5_pointwise,graph_k5_pointwise,graph_vs_s1_k5_pointwise,factorial39,DA,compatible_partial,150,54,24,11,61,0.52,0.43333333333333335,-0.08666666666666667,0.04095959151163697,"[-0.16, -0.013333]","[""DA_d2_heldout100/262"", ""DA_d2_heldout200b/518"", ""DA_d2_heldout200b/540"", ""DA_d2_heldout200b/549"", ""DA_d2_heldout200b/589"", ""DA_d2_heldout200b/601"", ""DA_d2_heldout200b/627"", ""DA_d2_heldout200b/719"", ""DA_d2_heldout200b/757"", ""DA_d2_seq100/156"", ""DA_d2_seq100/243""]","[""DA_d2_heldout100/290"", ""DA_d2_heldout100/321"", ""DA_d2_heldout100/379"", ""DA_d2_heldout100/415"", ""DA_d2_heldout100/437"", ""DA_d2_heldout200b/485"", ""DA_d2_heldout200b/497"", ""DA_d2_heldout200b/523"", ""DA_d2_heldout200b/536"", ""DA_d2_heldout200b/560"", ""DA_d2_heldout200b/578"", ""DA_d2_heldout200b/619"", ""DA_d2_heldout200b/630"", ""DA_d2_heldout200b/662"", ""DA_d2_heldout200b/687"", ""DA_d2_heldout200b/706"", ""DA_d2_heldout200b/746"", ""DA_d2_heldout200b/758"", ""DA_d2_heldout200b/774"", ""DA_d2_seq100/118"", ""DA_d2_seq100/164"", ""DA_d2_seq100/19"", ""DA_d2_seq100/242"", ""DA_d2_seq100/57""]",1.0
E12,graph_k5_first,graph_k10_first,k10_vs_k5_graph_first,factorial39,DA,compatible_partial,150,70,0,0,80,0.4666666666666667,0.4666666666666667,0.0,1.0,"[0.0, 0.0]",[],[],1.0
E12,graph_k5_pairwise,graph_k10_pairwise,k10_vs_k5_graph_pairwise,factorial39,DA,compatible_partial,150,61,10,8,71,0.47333333333333333,0.46,-0.013333333333333334,0.8145294189453125,"[-0.066667, 0.04]","[""DA_d2_heldout100/451"", ""DA_d2_heldout200b/477"", ""DA_d2_heldout200b/591"", ""DA_d2_heldout200b/622"", ""DA_d2_heldout200b/630"", ""DA_d2_heldout200b/676"", ""DA_d2_heldout200b/757"", ""DA_d2_seq100/63""]","[""DA_d2_heldout100/259"", ""DA_d2_heldout100/262"", ""DA_d2_heldout100/290"", ""DA_d2_heldout200b/540"", ""DA_d2_heldout200b/662"", ""DA_d2_heldout200b/723"", ""DA_d2_heldout200b/771"", ""DA_d2_seq100/134"", ""DA_d2_seq100/164"", ""DA_d2_seq100/33""]",1.0
E12,graph_k5_pointwise,graph_k10_pointwise,k10_vs_k5_graph_pointwise,factorial39,DA,compatible_partial,150,53,12,13,72,0.43333333333333335,0.44,0.006666666666666667,1.0,"[-0.06, 0.073333]","[""DA_d2_heldout100/451"", ""DA_d2_heldout200b/485"", ""DA_d2_heldout200b/536"", ""DA_d2_heldout200b/560"", ""DA_d2_heldout200b/611"", ""DA_d2_heldout200b/622"", ""DA_d2_heldout200b/630"", ""DA_d2_heldout200b/662"", ""DA_d2_heldout200b/724"", ""DA_d2_seq100/139"", ""DA_d2_seq100/19"", ""DA_d2_seq100/242"", ""DA_d2_seq100/57""]","[""DA_d2_heldout100/259"", ""DA_d2_heldout200b/540"", ""DA_d2_heldout200b/548"", ""DA_d2_heldout200b/549"", ""DA_d2_heldout200b/676"", ""DA_d2_heldout200b/719"", ""DA_d2_heldout200b/723"", ""DA_d2_heldout200b/753"", ""DA_d2_heldout200b/757"", ""DA_d2_heldout200b/766"", ""DA_d2_heldout200b/771"", ""DA_d2_seq100/188""]",1.0
E12,raw_k5_first,raw_k10_first,k10_vs_k5_raw_first,factorial39,DA,compatible_partial,150,70,0,0,80,0.4666666666666667,0.4666666666666667,0.0,1.0,"[0.0, 0.0]",[],[],1.0
E12,raw_k5_pairwise,raw_k10_pairwise,k10_vs_k5_raw_pairwise,factorial39,DA,compatible_partial,150,79,7,11,53,0.5733333333333334,0.6,0.02666666666666667,0.480682373046875,"[-0.026667, 0.08]","[""DA_d2_heldout100/262"", ""DA_d2_heldout200b/485"", ""DA_d2_heldout200b/549"", ""DA_d2_heldout200b/619"", ""DA_d2_heldout200b/622"", ""DA_d2_heldout200b/649"", ""DA_d2_heldout200b/676"", ""DA_d2_heldout200b/736"", ""DA_d2_heldout200b/738"", ""DA_d2_seq100/242"", ""DA_d2_seq100/28""]","[""DA_d2_heldout100/290"", ""DA_d2_heldout100/372"", ""DA_d2_heldout100/437"", ""DA_d2_heldout200b/527"", ""DA_d2_heldout200b/548"", ""DA_d2_heldout200b/746"", ""DA_d2_seq100/76""]",1.0
E12,raw_k5_pointwise,raw_k10_pointwise,k10_vs_k5_raw_pointwise,factorial39,DA,compatible_partial,150,75,8,12,55,0.5533333333333333,0.58,0.02666666666666667,0.5034446716308594,"[-0.033333, 0.086667]","[""DA_d2_heldout100/273"", ""DA_d2_heldout100/451"", ""DA_d2_heldout200b/523"", ""DA_d2_heldout200b/549"", ""DA_d2_heldout200b/566"", ""DA_d2_heldout200b/601"", ""DA_d2_heldout200b/622"", ""DA_d2_heldout200b/649"", ""DA_d2_seq100/134"", ""DA_d2_seq100/28"", ""DA_d2_seq100/76"", ""DA_d2_seq100/95""]","[""DA_d2_heldout100/318"", ""DA_d2_heldout100/437"", ""DA_d2_heldout200b/485"", ""DA_d2_heldout200b/518"", ""DA_d2_heldout200b/527"", ""DA_d2_heldout200b/724"", ""DA_d2_seq100/243"", ""DA_d2_seq100/29""]",1.0
E12,s1_k5_first,s1_k10_first,k10_vs_k5_s1_first,factorial39,DA,compatible_partial,150,70,0,0,80,0.4666666666666667,0.4666666666666667,0.0,1.0,"[0.0, 0.0]",[],[],1.0
E12,s1_k5_pairwise,s1_k10_pairwise,k10_vs_k5_s1_pairwise,factorial39,DA,compatible_partial,150,64,13,9,64,0.5133333333333333,0.4866666666666667,-0.02666666666666667,0.5234670639038086,"[-0.086667, 0.033333]","[""DA_d2_heldout100/262"", ""DA_d2_heldout100/281"", ""DA_d2_heldout200b/601"", ""DA_d2_heldout200b/611"", ""DA_d2_heldout200b/660"", ""DA_d2_heldout200b/724"", ""DA_d2_heldout200b/771"", ""DA_d2_seq100/134"", ""DA_d2_seq100/28""]","[""DA_d2_heldout100/318"", ""DA_d2_heldout100/330"", ""DA_d2_heldout100/437"", ""DA_d2_heldout200b/548"", ""DA_d2_heldout200b/618"", ""DA_d2_heldout200b/621"", ""DA_d2_heldout200b/662"", ""DA_d2_heldout200b/706"", ""DA_d2_heldout200b/736"", ""DA_d2_heldout200b/745"", ""DA_d2_heldout200b/757"", ""DA_d2_seq100/243"", ""DA_d2_seq100/59""]",1.0
E12,s1_k5_pointwise,s1_k10_pointwise,k10_vs_k5_s1_pointwise,factorial39,DA,compatible_partial,150,67,11,9,63,0.52,0.5066666666666667,-0.013333333333333334,0.8238029479980469,"[-0.073333, 0.046667]","[""DA_d2_heldout100/266"", ""DA_d2_heldout200b/589"", ""DA_d2_heldout200b/601"", ""DA_d2_heldout200b/724"", ""DA_d2_heldout200b/745"", ""DA_d2_heldout200b/778"", ""DA_d2_seq100/117"", ""DA_d2_seq100/214"", ""DA_d2_seq100/243""]","[""DA_d2_heldout100/330"", ""DA_d2_heldout100/420"", ""DA_d2_heldout100/437"", ""DA_d2_heldout200b/548"", ""DA_d2_heldout200b/618"", ""DA_d2_heldout200b/676"", ""DA_d2_heldout200b/723"", ""DA_d2_heldout200b/758"", ""DA_d2_heldout200b/771"", ""DA_d2_seq100/134"", ""DA_d2_seq100/29""]",1.0
E12,graph_k10_first,graph_k10_pairwise,pairwise_vs_first_graph_k10,factorial39,DA,compatible_partial,150,45,25,24,56,0.4666666666666667,0.46,-0.006666666666666667,1.0,"[-0.1, 0.086667]","[""DA_d2_heldout100/330"", ""DA_d2_heldout100/414"", ""DA_d2_heldout100/439"", ""DA_d2_heldout100/451"", ""DA_d2_heldout200b/477"", ""DA_d2_heldout200b/489"", ""DA_d2_heldout200b/566"", ""DA_d2_heldout200b/589"", ""DA_d2_heldout200b/618"", ""DA_d2_heldout200b/622"", ""DA_d2_heldout200b/627"", ""DA_d2_heldout200b/630"", ""DA_d2_heldout200b/636"", ""DA_d2_heldout200b/676"", ""DA_d2_heldout200b/698"", ""DA_d2_heldout200b/719"", ""DA_d2_heldout200b/753"", ""DA_d2_heldout200b/757"", ""DA_d2_seq100/156"", ""DA_d2_seq100/188"", ""DA_d2_seq100/242"", ""DA_d2_seq100/57"", ""DA_d2_seq100/59"", ""DA_d2_seq100/63""]","[""DA_d2_heldout100/259"", ""DA_d2_heldout100/262"", ""DA_d2_heldout100/266"", ""DA_d2_heldout100/290"", ""DA_d2_heldout100/379"", ""DA_d2_heldout100/415"", ""DA_d2_heldout200b/485"", ""DA_d2_heldout200b/497"", ""DA_d2_heldout200b/523"", ""DA_d2_heldout200b/578"", ""DA_d2_heldout200b/611"", ""DA_d2_heldout200b/619"", ""DA_d2_heldout200b/687"", ""DA_d2_heldout200b/736"", ""DA_d2_heldout200b/756"", ""DA_d2_heldout200b/766"", ""DA_d2_heldout200b/774"", ""DA_d2_heldout200b/778"", ""DA_d2_seq100/11"", ""DA_d2_seq100/118"", ""DA_d2_seq100/134"", ""DA_d2_seq100/186"", ""DA_d2_seq100/214"", ""DA_d2_seq100/28"", ""DA_d2_seq100/74""]",1.0
E12,graph_k5_first,graph_k5_pairwise,pairwise_vs_first_graph_k5,factorial39,DA,compatible_partial,150,48,22,23,57,0.4666666666666667,0.47333333333333333,0.006666666666666667,1.0,"[-0.08, 0.093333]","[""DA_d2_heldout100/330"", ""DA_d2_heldout100/414"", ""DA_d2_heldout100/439"", ""DA_d2_heldout200b/489"", ""DA_d2_heldout200b/540"", ""DA_d2_heldout200b/566"", ""DA_d2_heldout200b/589"", ""DA_d2_heldout200b/618"", ""DA_d2_heldout200b/627"", ""DA_d2_heldout200b/636"", ""DA_d2_heldout200b/662"", ""DA_d2_heldout200b/698"", ""DA_d2_heldout200b/719"", ""DA_d2_heldout200b/723"", ""DA_d2_heldout200b/753"", ""DA_d2_heldout200b/771"", ""DA_d2_seq100/156"", ""DA_d2_seq100/164"", ""DA_d2_seq100/188"", ""DA_d2_seq100/242"", ""DA_d2_seq100/33"", ""DA_d2_seq100/57"", ""DA_d2_seq100/59""]","[""DA_d2_heldout100/266"", ""DA_d2_heldout100/379"", ""DA_d2_heldout100/415"", ""DA_d2_heldout200b/485"", ""DA_d2_heldout200b/497"", ""DA_d2_heldout200b/523"", ""DA_d2_heldout200b/578"", ""DA_d2_heldout200b/591"", ""DA_d2_heldout200b/611"", ""DA_d2_heldout200b/619"", ""DA_d2_heldout200b/687"", ""DA_d2_heldout200b/736"", ""DA_d2_heldout200b/756"", ""DA_d2_heldout200b/766"", ""DA_d2_heldout200b/774"", ""DA_d2_heldout200b/778"", ""DA_d2_seq100/11"", ""DA_d2_seq100/118"", ""DA_d2_seq100/186"", ""DA_d2_seq100/214"", ""DA_d2_seq100/28"", ""DA_d2_seq100/74""]",1.0
E12,raw_k10_first,raw_k10_pairwise,pairwise_vs_first_raw_k10,factorial39,DA,compatible_partial,150,59,11,31,49,0.4666666666666667,0.6,0.13333333333333333,0.002887247974285856,"[0.053167, 0.213333]","[""DA_d2_heldout100/318"", ""DA_d2_heldout100/321"", ""DA_d2_heldout100/330"", ""DA_d2_heldout100/392"", ""DA_d2_heldout100/414"", ""DA_d2_heldout100/439"", ""DA_d2_heldout200b/566"", ""DA_d2_heldout200b/589"", ""DA_d2_heldout200b/618"", ""DA_d2_heldout200b/622"", ""DA_d2_heldout200b/627"", ""DA_d2_heldout200b/630"", ""DA_d2_heldout200b/636"", ""DA_d2_heldout200b/649"", ""DA_d2_heldout200b/662"", ""DA_d2_heldout200b/676"", ""DA_d2_heldout200b/698"", ""DA_d2_heldout200b/719"", ""DA_d2_heldout200b/723"", ""DA_d2_heldout200b/745"", ""DA_d2_heldout200b/753"", ""DA_d2_heldout200b/757"", ""DA_d2_seq100/156"", ""DA_d2_seq100/164"", ""DA_d2_seq100/188"", ""DA_d2_seq100/242"", ""DA_d2_seq100/33"", ""DA_d2_seq100/57"", ""DA_d2_seq100/59"", ""DA_d2_seq100/63"", ""DA_d2_seq100/95""]","[""DA_d2_heldout100/259"", ""DA_d2_heldout100/290"", ""DA_d2_heldout100/437"", ""DA_d2_heldout200b/548"", ""DA_d2_heldout200b/611"", ""DA_d2_heldout200b/724"", ""DA_d2_heldout200b/756"", ""DA_d2_heldout200b/778"", ""DA_d2_seq100/186"", ""DA_d2_seq100/243"", ""DA_d2_seq100/74""]",0.11260267099714838
E12,raw_k5_first,raw_k5_pairwise,pairwise_vs_first_raw_k5,factorial39,DA,compatible_partial,150,55,15,31,49,0.4666666666666667,0.5733333333333334,0.10666666666666667,0.02589608179323477,"[0.02, 0.193333]","[""DA_d2_heldout100/318"", ""DA_d2_heldout100/321"", ""DA_d2_heldout100/330"", ""DA_d2_heldout100/372"", ""DA_d2_heldout100/392"", ""DA_d2_heldout100/414"", ""DA_d2_heldout100/439"", ""DA_d2_heldout200b/527"", ""DA_d2_heldout200b/566"", ""DA_d2_heldout200b/589"", ""DA_d2_heldout200b/618"", ""DA_d2_heldout200b/627"", ""DA_d2_heldout200b/630"", ""DA_d2_heldout200b/636"", ""DA_d2_heldout200b/662"", ""DA_d2_heldout200b/698"", ""DA_d2_heldout200b/719"", ""DA_d2_heldout200b/723"", ""DA_d2_heldout200b/745"", ""DA_d2_heldout200b/746"", ""DA_d2_heldout200b/753"", ""DA_d2_heldout200b/757"", ""DA_d2_seq100/156"", ""DA_d2_seq100/164"", ""DA_d2_seq100/188"", ""DA_d2_seq100/33"", ""DA_d2_seq100/57"", ""DA_d2_seq100/59"", ""DA_d2_seq100/63"", ""DA_d2_seq100/76"", ""DA_d2_seq100/95""]","[""DA_d2_heldout100/259"", ""DA_d2_heldout100/262"", ""DA_d2_heldout200b/485"", ""DA_d2_heldout200b/549"", ""DA_d2_heldout200b/611"", ""DA_d2_heldout200b/619"", ""DA_d2_heldout200b/724"", ""DA_d2_heldout200b/736"", ""DA_d2_heldout200b/738"", ""DA_d2_heldout200b/756"", ""DA_d2_heldout200b/778"", ""DA_d2_seq100/186"", ""DA_d2_seq100/243"", ""DA_d2_seq100/28"", ""DA_d2_seq100/74""]",0.9322589445564518
E12,s1_k10_first,s1_k10_pairwise,pairwise_vs_first_s1_k10,factorial39,DA,compatible_partial,150,56,14,17,63,0.4666666666666667,0.4866666666666667,0.02,0.720100131817162,"[-0.053333, 0.093333]","[""DA_d2_heldout100/321"", ""DA_d2_heldout100/414"", ""DA_d2_heldout100/439"", ""DA_d2_heldout200b/489"", ""DA_d2_heldout200b/589"", ""DA_d2_heldout200b/630"", ""DA_d2_heldout200b/636"", ""DA_d2_heldout200b/698"", ""DA_d2_heldout200b/746"", ""DA_d2_heldout200b/753"", ""DA_d2_heldout200b/771"", ""DA_d2_seq100/164"", ""DA_d2_seq100/188"", ""DA_d2_seq100/242"", ""DA_d2_seq100/33"", ""DA_d2_seq100/57"", ""DA_d2_seq100/63""]","[""DA_d2_heldout100/266"", ""DA_d2_heldout100/437"", ""DA_d2_heldout200b/548"", ""DA_d2_heldout200b/549"", ""DA_d2_heldout200b/560"", ""DA_d2_heldout200b/578"", ""DA_d2_heldout200b/621"", ""DA_d2_heldout200b/706"", ""DA_d2_heldout200b/736"", ""DA_d2_heldout200b/766"", ""DA_d2_heldout200b/778"", ""DA_d2_seq100/186"", ""DA_d2_seq100/243"", ""DA_d2_seq100/74""]",1.0
E12,s1_k5_first,s1_k5_pairwise,pairwise_vs_first_s1_k5,factorial39,DA,compatible_partial,150,54,16,23,57,0.4666666666666667,0.5133333333333333,0.04666666666666667,0.3367836351899314,"[-0.033333, 0.126667]","[""DA_d2_heldout100/318"", ""DA_d2_heldout100/321"", ""DA_d2_heldout100/330"", ""DA_d2_heldout100/414"", ""DA_d2_heldout100/439"", ""DA_d2_heldout200b/489"", ""DA_d2_heldout200b/589"", ""DA_d2_heldout200b/618"", ""DA_d2_heldout200b/630"", ""DA_d2_heldout200b/636"", ""DA_d2_heldout200b/662"", ""DA_d2_heldout200b/698"", ""DA_d2_heldout200b/745"", ""DA_d2_heldout200b/746"", ""DA_d2_heldout200b/753"", ""DA_d2_heldout200b/757"", ""DA_d2_seq100/164"", ""DA_d2_seq100/188"", ""DA_d2_seq100/242"", ""DA_d2_seq100/33"", ""DA_d2_seq100/57"", ""DA_d2_seq100/59"", ""DA_d2_seq100/63""]","[""DA_d2_heldout100/262"", ""DA_d2_heldout100/266"", ""DA_d2_heldout100/281"", ""DA_d2_heldout200b/549"", ""DA_d2_heldout200b/560"", ""DA_d2_heldout200b/578"", ""DA_d2_heldout200b/601"", ""DA_d2_heldout200b/611"", ""DA_d2_heldout200b/660"", ""DA_d2_heldout200b/724"", ""DA_d2_heldout200b/766"", ""DA_d2_heldout200b/778"", ""DA_d2_seq100/134"", ""DA_d2_seq100/186"", ""DA_d2_seq100/28"", ""DA_d2_seq100/74""]",1.0
E12,graph_k10_pointwise,graph_k10_pairwise,pairwise_vs_pointwise_graph_k10,factorial39,DA,compatible_partial,150,59,7,10,74,0.44,0.46,0.02,0.629058837890625,"[-0.033333, 0.073333]","[""DA_d2_heldout100/437"", ""DA_d2_heldout200b/477"", ""DA_d2_heldout200b/548"", ""DA_d2_heldout200b/549"", ""DA_d2_heldout200b/676"", ""DA_d2_heldout200b/706"", ""DA_d2_heldout200b/719"", ""DA_d2_heldout200b/753"", ""DA_d2_heldout200b/757"", ""DA_d2_seq100/188""]","[""DA_d2_heldout100/262"", ""DA_d2_heldout200b/485"", ""DA_d2_heldout200b/611"", ""DA_d2_heldout200b/662"", ""DA_d2_seq100/134"", ""DA_d2_seq100/139"", ""DA_d2_seq100/33""]",1.0
E12,graph_k5_pointwise,graph_k5_pairwise,pairwise_vs_pointwise_graph_k5,factorial39,DA,compatible_partial,150,60,5,11,74,0.43333333333333335,0.47333333333333333,0.04,0.210113525390625,"[-0.013333, 0.093333]","[""DA_d2_heldout100/290"", ""DA_d2_heldout100/437"", ""DA_d2_heldout200b/536"", ""DA_d2_heldout200b/560"", ""DA_d2_heldout200b/662"", ""DA_d2_heldout200b/706"", ""DA_d2_heldout200b/724"", ""DA_d2_seq100/164"", ""DA_d2_seq100/19"", ""DA_d2_seq100/242"", ""DA_d2_seq100/57""]","[""DA_d2_heldout200b/591"", ""DA_d2_heldout200b/676"", ""DA_d2_heldout200b/757"", ""DA_d2_heldout200b/766"", ""DA_d2_seq100/63""]",1.0
E12,raw_k10_pointwise,raw_k10_pairwise,pairwise_vs_pointwise_raw_k10,factorial39,DA,compatible_partial,150,83,4,7,56,0.58,0.6,0.02,0.548828125,"[-0.02, 0.06]","[""DA_d2_heldout100/318"", ""DA_d2_heldout200b/485"", ""DA_d2_heldout200b/518"", ""DA_d2_heldout200b/719"", ""DA_d2_seq100/11"", ""DA_d2_seq100/29"", ""DA_d2_seq100/45""]","[""DA_d2_heldout100/451"", ""DA_d2_heldout200b/489"", ""DA_d2_heldout200b/746"", ""DA_d2_seq100/76""]",1.0
E12,raw_k5_pointwise,raw_k5_pairwise,pairwise_vs_pointwise_raw_k5,factorial39,DA,compatible_partial,150,73,10,13,54,0.5533333333333333,0.5733333333333334,0.02,0.6776394844055176,"[-0.04, 0.08]","[""DA_d2_heldout100/273"", ""DA_d2_heldout100/290"", ""DA_d2_heldout100/372"", ""DA_d2_heldout200b/523"", ""DA_d2_heldout200b/548"", ""DA_d2_heldout200b/566"", ""DA_d2_heldout200b/601"", ""DA_d2_heldout200b/719"", ""DA_d2_seq100/11"", ""DA_d2_seq100/134"", ""DA_d2_seq100/45"", ""DA_d2_seq100/76"", ""DA_d2_seq100/95""]","[""DA_d2_heldout100/262"", ""DA_d2_heldout200b/485"", ""DA_d2_heldout200b/489"", ""DA_d2_heldout200b/619"", ""DA_d2_heldout200b/676"", ""DA_d2_heldout200b/724"", ""DA_d2_heldout200b/736"", ""DA_d2_heldout200b/738"", ""DA_d2_seq100/242"", ""DA_d2_seq100/243""]",1.0
E12,s1_k10_pointwise,s1_k10_pairwise,pairwise_vs_pointwise_s1_k10,factorial39,DA,compatible_partial,150,63,13,10,64,0.5066666666666667,0.4866666666666667,-0.02,0.6776394844055176,"[-0.08, 0.04]","[""DA_d2_heldout100/262"", ""DA_d2_heldout100/420"", ""DA_d2_heldout200b/518"", ""DA_d2_heldout200b/611"", ""DA_d2_heldout200b/756"", ""DA_d2_heldout200b/771"", ""DA_d2_seq100/11"", ""DA_d2_seq100/134"", ""DA_d2_seq100/28"", ""DA_d2_seq100/29""]","[""DA_d2_heldout100/266"", ""DA_d2_heldout200b/560"", ""DA_d2_heldout200b/566"", ""DA_d2_heldout200b/578"", ""DA_d2_heldout200b/621"", ""DA_d2_heldout200b/662"", ""DA_d2_heldout200b/706"", ""DA_d2_heldout200b/745"", ""DA_d2_heldout200b/766"", ""DA_d2_heldout200b/778"", ""DA_d2_seq100/117"", ""DA_d2_seq100/243"", ""DA_d2_seq100/59""]",1.0
E12,s1_k5_pointwise,s1_k5_pairwise,pairwise_vs_pointwise_s1_k5,factorial39,DA,compatible_partial,150,67,11,10,62,0.52,0.5133333333333333,-0.006666666666666667,1.0,"[-0.066667, 0.053333]","[""DA_d2_heldout100/318"", ""DA_d2_heldout200b/518"", ""DA_d2_heldout200b/589"", ""DA_d2_heldout200b/736"", ""DA_d2_heldout200b/745"", ""DA_d2_heldout200b/756"", ""DA_d2_heldout200b/757"", ""DA_d2_seq100/11"", ""DA_d2_seq100/214"", ""DA_d2_seq100/243""]","[""DA_d2_heldout100/281"", ""DA_d2_heldout200b/560"", ""DA_d2_heldout200b/566"", ""DA_d2_heldout200b/578"", ""DA_d2_heldout200b/660"", ""DA_d2_heldout200b/676"", ""DA_d2_heldout200b/723"", ""DA_d2_heldout200b/758"", ""DA_d2_heldout200b/766"", ""DA_d2_heldout200b/771"", ""DA_d2_seq100/134""]",1.0
E12,graph_k10_first,graph_k10_pointwise,pointwise_vs_first_graph_k10,factorial39,DA,compatible_partial,150,45,25,21,59,0.4666666666666667,0.44,-0.02666666666666667,0.6587380770236564,"[-0.113333, 0.06]","[""DA_d2_heldout100/330"", ""DA_d2_heldout100/414"", ""DA_d2_heldout100/439"", ""DA_d2_heldout100/451"", ""DA_d2_heldout200b/489"", ""DA_d2_heldout200b/566"", ""DA_d2_heldout200b/589"", ""DA_d2_heldout200b/618"", ""DA_d2_heldout200b/622"", ""DA_d2_heldout200b/627"", ""DA_d2_heldout200b/630"", ""DA_d2_heldout200b/636"", ""DA_d2_heldout200b/662"", ""DA_d2_heldout200b/698"", ""DA_d2_seq100/139"", ""DA_d2_seq100/156"", ""DA_d2_seq100/242"", ""DA_d2_seq100/33"", ""DA_d2_seq100/57"", ""DA_d2_seq100/59"", ""DA_d2_seq100/63""]","[""DA_d2_heldout100/259"", ""DA_d2_heldout100/266"", ""DA_d2_heldout100/290"", ""DA_d2_heldout100/379"", ""DA_d2_heldout100/415"", ""DA_d2_heldout100/437"", ""DA_d2_heldout200b/497"", ""DA_d2_heldout200b/523"", ""DA_d2_heldout200b/548"", ""DA_d2_heldout200b/549"", ""DA_d2_heldout200b/578"", ""DA_d2_heldout200b/619"", ""DA_d2_heldout200b/687"", ""DA_d2_heldout200b/706"", ""DA_d2_heldout200b/736"", ""DA_d2_heldout200b/756"", ""DA_d2_heldout200b/766"", ""DA_d2_heldout200b/774"", ""DA_d2_heldout200b/778"", ""DA_d2_seq100/11"", ""DA_d2_seq100/118"", ""DA_d2_seq100/186"", ""DA_d2_seq100/214"", ""DA_d2_seq100/28"", ""DA_d2_seq100/74""]",1.0
E12,graph_k5_first,graph_k5_pointwise,pointwise_vs_first_graph_k5,factorial39,DA,compatible_partial,150,43,27,22,58,0.4666666666666667,0.43333333333333335,-0.03333333333333333,0.5681724128491652,"[-0.126667, 0.06]","[""DA_d2_heldout100/330"", ""DA_d2_heldout100/414"", ""DA_d2_heldout100/439"", ""DA_d2_heldout200b/489"", ""DA_d2_heldout200b/540"", ""DA_d2_heldout200b/566"", ""DA_d2_heldout200b/589"", ""DA_d2_heldout200b/618"", ""DA_d2_heldout200b/627"", ""DA_d2_heldout200b/636"", ""DA_d2_heldout200b/676"", ""DA_d2_heldout200b/698"", ""DA_d2_heldout200b/719"", ""DA_d2_heldout200b/723"", ""DA_d2_heldout200b/753"", ""DA_d2_heldout200b/757"", ""DA_d2_heldout200b/771"", ""DA_d2_seq100/156"", ""DA_d2_seq100/188"", ""DA_d2_seq100/33"", ""DA_d2_seq100/59"", ""DA_d2_seq100/63""]","[""DA_d2_heldout100/266"", ""DA_d2_heldout100/290"", ""DA_d2_heldout100/379"", ""DA_d2_heldout100/415"", ""DA_d2_heldout100/437"", ""DA_d2_heldout200b/485"", ""DA_d2_heldout200b/497"", ""DA_d2_heldout200b/523"", ""DA_d2_heldout200b/536"", ""DA_d2_heldout200b/560"", ""DA_d2_heldout200b/578"", ""DA_d2_heldout200b/611"", ""DA_d2_heldout200b/619"", ""DA_d2_heldout200b/687"", ""DA_d2_heldout200b/706"", ""DA_d2_heldout200b/724"", ""DA_d2_heldout200b/736"", ""DA_d2_heldout200b/756"", ""DA_d2_heldout200b/774"", ""DA_d2_heldout200b/778"", ""DA_d2_seq100/11"", ""DA_d2_seq100/118"", ""DA_d2_seq100/186"", ""DA_d2_seq100/19"", ""DA_d2_seq100/214"", ""DA_d2_seq100/28"", ""DA_d2_seq100/74""]",1.0
E12,raw_k10_first,raw_k10_pointwise,pointwise_vs_first_raw_k10,factorial39,DA,compatible_partial,150,54,16,33,47,0.4666666666666667,0.58,0.11333333333333333,0.021294114141387155,"[0.026667, 0.2]","[""DA_d2_heldout100/321"", ""DA_d2_heldout100/330"", ""DA_d2_heldout100/392"", ""DA_d2_heldout100/414"", ""DA_d2_heldout100/439"", ""DA_d2_heldout100/451"", ""DA_d2_heldout200b/489"", ""DA_d2_heldout200b/566"", ""DA_d2_heldout200b/589"", ""DA_d2_heldout200b/618"", ""DA_d2_heldout200b/622"", ""DA_d2_heldout200b/627"", ""DA_d2_heldout200b/630"", ""DA_d2_heldout200b/636"", ""DA_d2_heldout200b/649"", ""DA_d2_heldout200b/662"", ""DA_d2_heldout200b/676"", ""DA_d2_heldout200b/698"", ""DA_d2_heldout200b/723"", ""DA_d2_heldout200b/745"", ""DA_d2_heldout200b/746"", ""DA_d2_heldout200b/753"", ""DA_d2_heldout200b/757"", ""DA_d2_seq100/156"", ""DA_d2_seq100/164"", ""DA_d2_seq100/188"", ""DA_d2_seq100/242"", ""DA_d2_seq100/33"", ""DA_d2_seq100/57"", ""DA_d2_seq100/59"", ""DA_d2_seq100/63"", ""DA_d2_seq100/76"", ""DA_d2_seq100/95""]","[""DA_d2_heldout100/259"", ""DA_d2_heldout100/290"", ""DA_d2_heldout100/437"", ""DA_d2_heldout200b/485"", ""DA_d2_heldout200b/518"", ""DA_d2_heldout200b/548"", ""DA_d2_heldout200b/611"", ""DA_d2_heldout200b/724"", ""DA_d2_heldout200b/756"", ""DA_d2_heldout200b/778"", ""DA_d2_seq100/11"", ""DA_d2_seq100/186"", ""DA_d2_seq100/243"", ""DA_d2_seq100/29"", ""DA_d2_seq100/45"", ""DA_d2_seq100/74""]",0.7878822232313247
E12,raw_k5_first,raw_k5_pointwise,pointwise_vs_first_raw_k5,factorial39,DA,compatible_partial,150,54,16,29,51,0.4666666666666667,0.5533333333333333,0.08666666666666667,0.07245426016254441,"[0.0, 0.173333]","[""DA_d2_heldout100/318"", ""DA_d2_heldout100/321"", ""DA_d2_heldout100/330"", ""DA_d2_heldout100/392"", ""DA_d2_heldout100/414"", ""DA_d2_heldout100/439"", ""DA_d2_heldout200b/489"", ""DA_d2_heldout200b/527"", ""DA_d2_heldout200b/589"", ""DA_d2_heldout200b/618"", ""DA_d2_heldout200b/627"", ""DA_d2_heldout200b/630"", ""DA_d2_heldout200b/636"", ""DA_d2_heldout200b/662"", ""DA_d2_heldout200b/676"", ""DA_d2_heldout200b/698"", ""DA_d2_heldout200b/723"", ""DA_d2_heldout200b/745"", ""DA_d2_heldout200b/746"", ""DA_d2_heldout200b/753"", ""DA_d2_heldout200b/757"", ""DA_d2_seq100/156"", ""DA_d2_seq100/164"", ""DA_d2_seq100/188"", ""DA_d2_seq100/242"", ""DA_d2_seq100/33"", ""DA_d2_seq100/57"", ""DA_d2_seq100/59"", ""DA_d2_seq100/63""]","[""DA_d2_heldout100/259"", ""DA_d2_heldout100/273"", ""DA_d2_heldout100/290"", ""DA_d2_heldout200b/523"", ""DA_d2_heldout200b/548"", ""DA_d2_heldout200b/549"", ""DA_d2_heldout200b/601"", ""DA_d2_heldout200b/611"", ""DA_d2_heldout200b/756"", ""DA_d2_heldout200b/778"", ""DA_d2_seq100/11"", ""DA_d2_seq100/134"", ""DA_d2_seq100/186"", ""DA_d2_seq100/28"", ""DA_d2_seq100/45"", ""DA_d2_seq100/74""]",1.0
E12,s1_k10_first,s1_k10_pointwise,pointwise_vs_first_s1_k10,factorial39,DA,compatible_partial,150,55,15,21,59,0.4666666666666667,0.5066666666666667,0.04,0.40503224614076316,"[-0.04, 0.12]","[""DA_d2_heldout100/321"", ""DA_d2_heldout100/414"", ""DA_d2_heldout100/439"", ""DA_d2_heldout200b/489"", ""DA_d2_heldout200b/566"", ""DA_d2_heldout200b/589"", ""DA_d2_heldout200b/630"", ""DA_d2_heldout200b/636"", ""DA_d2_heldout200b/662"", ""DA_d2_heldout200b/698"", ""DA_d2_heldout200b/745"", ""DA_d2_heldout200b/746"", ""DA_d2_heldout200b/753"", ""DA_d2_seq100/117"", ""DA_d2_seq100/164"", ""DA_d2_seq100/188"", ""DA_d2_seq100/242"", ""DA_d2_seq100/33"", ""DA_d2_seq100/57"", ""DA_d2_seq100/59"", ""DA_d2_seq100/63""]","[""DA_d2_heldout100/262"", ""DA_d2_heldout100/420"", ""DA_d2_heldout100/437"", ""DA_d2_heldout200b/518"", ""DA_d2_heldout200b/548"", ""DA_d2_heldout200b/549"", ""DA_d2_heldout200b/611"", ""DA_d2_heldout200b/736"", ""DA_d2_heldout200b/756"", ""DA_d2_seq100/11"", ""DA_d2_seq100/134"", ""DA_d2_seq100/186"", ""DA_d2_seq100/28"", ""DA_d2_seq100/29"", ""DA_d2_seq100/74""]",1.0
E12,s1_k5_first,s1_k5_pointwise,pointwise_vs_first_s1_k5,factorial39,DA,compatible_partial,150,54,16,24,56,0.4666666666666667,0.52,0.05333333333333334,0.26818725105476915,"[-0.026667, 0.14]","[""DA_d2_heldout100/321"", ""DA_d2_heldout100/330"", ""DA_d2_heldout100/414"", ""DA_d2_heldout100/439"", ""DA_d2_heldout200b/489"", ""DA_d2_heldout200b/566"", ""DA_d2_heldout200b/618"", ""DA_d2_heldout200b/630"", ""DA_d2_heldout200b/636"", ""DA_d2_heldout200b/662"", ""DA_d2_heldout200b/676"", ""DA_d2_heldout200b/698"", ""DA_d2_heldout200b/723"", ""DA_d2_heldout200b/746"", ""DA_d2_heldout200b/753"", ""DA_d2_heldout200b/758"", ""DA_d2_heldout200b/771"", ""DA_d2_seq100/164"", ""DA_d2_seq100/188"", ""DA_d2_seq100/242"", ""DA_d2_seq100/33"", ""DA_d2_seq100/57"", ""DA_d2_seq100/59"", ""DA_d2_seq100/63""]","[""DA_d2_heldout100/262"", ""DA_d2_heldout100/266"", ""DA_d2_heldout200b/518"", ""DA_d2_heldout200b/549"", ""DA_d2_heldout200b/601"", ""DA_d2_heldout200b/611"", ""DA_d2_heldout200b/724"", ""DA_d2_heldout200b/736"", ""DA_d2_heldout200b/756"", ""DA_d2_heldout200b/778"", ""DA_d2_seq100/11"", ""DA_d2_seq100/186"", ""DA_d2_seq100/214"", ""DA_d2_seq100/243"", ""DA_d2_seq100/28"", ""DA_d2_seq100/74""]",1.0
E12,s1_k10_first,raw_k10_first,raw_vs_s1_k10_first,factorial39,DA,compatible_partial,150,70,0,0,80,0.4666666666666667,0.4666666666666667,0.0,1.0,"[0.0, 0.0]",[],[],1.0
E12,s1_k10_pairwise,raw_k10_pairwise,raw_vs_s1_k10_pairwise,factorial39,DA,compatible_partial,150,65,8,25,52,0.4866666666666667,0.6,0.11333333333333333,0.004551384132355452,"[0.04, 0.186667]","[""DA_d2_heldout100/266"", ""DA_d2_heldout100/318"", ""DA_d2_heldout100/330"", ""DA_d2_heldout100/392"", ""DA_d2_heldout200b/549"", ""DA_d2_heldout200b/560"", ""DA_d2_heldout200b/566"", ""DA_d2_heldout200b/578"", ""DA_d2_heldout200b/618"", ""DA_d2_heldout200b/621"", ""DA_d2_heldout200b/622"", ""DA_d2_heldout200b/627"", ""DA_d2_heldout200b/649"", ""DA_d2_heldout200b/662"", ""DA_d2_heldout200b/676"", ""DA_d2_heldout200b/706"", ""DA_d2_heldout200b/719"", ""DA_d2_heldout200b/723"", ""DA_d2_heldout200b/736"", ""DA_d2_heldout200b/745"", ""DA_d2_heldout200b/757"", ""DA_d2_heldout200b/766"", ""DA_d2_seq100/156"", ""DA_d2_seq100/59"", ""DA_d2_seq100/95""]","[""DA_d2_heldout100/259"", ""DA_d2_heldout100/290"", ""DA_d2_heldout200b/489"", ""DA_d2_heldout200b/611"", ""DA_d2_heldout200b/724"", ""DA_d2_heldout200b/746"", ""DA_d2_heldout200b/756"", ""DA_d2_heldout200b/771""]",0.17295259702950716
E12,s1_k10_pointwise,raw_k10_pointwise,raw_vs_s1_k10_pointwise,factorial39,DA,compatible_partial,150,68,8,19,55,0.5066666666666667,0.58,0.07333333333333333,0.052238985896110535,"[0.006667, 0.14]","[""DA_d2_heldout100/262"", ""DA_d2_heldout100/330"", ""DA_d2_heldout100/392"", ""DA_d2_heldout100/420"", ""DA_d2_heldout100/451"", ""DA_d2_heldout200b/549"", ""DA_d2_heldout200b/618"", ""DA_d2_heldout200b/622"", ""DA_d2_heldout200b/627"", ""DA_d2_heldout200b/649"", ""DA_d2_heldout200b/676"", ""DA_d2_heldout200b/723"", ""DA_d2_heldout200b/736"", ""DA_d2_heldout200b/757"", ""DA_d2_seq100/134"", ""DA_d2_seq100/156"", ""DA_d2_seq100/28"", ""DA_d2_seq100/76"", ""DA_d2_seq100/95""]","[""DA_d2_heldout100/259"", ""DA_d2_heldout100/290"", ""DA_d2_heldout200b/485"", ""DA_d2_heldout200b/724"", ""DA_d2_heldout200b/778"", ""DA_d2_seq100/117"", ""DA_d2_seq100/243"", ""DA_d2_seq100/45""]",1.0
E12,s1_k5_first,raw_k5_first,raw_vs_s1_k5_first,factorial39,DA,compatible_partial,150,70,0,0,80,0.4666666666666667,0.4666666666666667,0.0,1.0,"[0.0, 0.0]",[],[],1.0
E12,s1_k5_pairwise,raw_k5_pairwise,raw_vs_s1_k5_pairwise,factorial39,DA,compatible_partial,150,68,9,18,55,0.5133333333333333,0.5733333333333334,0.06,0.12207812070846558,"[-0.006667, 0.126667]","[""DA_d2_heldout100/266"", ""DA_d2_heldout100/281"", ""DA_d2_heldout100/372"", ""DA_d2_heldout100/392"", ""DA_d2_heldout200b/527"", ""DA_d2_heldout200b/560"", ""DA_d2_heldout200b/566"", ""DA_d2_heldout200b/578"", ""DA_d2_heldout200b/601"", ""DA_d2_heldout200b/627"", ""DA_d2_heldout200b/660"", ""DA_d2_heldout200b/719"", ""DA_d2_heldout200b/723"", ""DA_d2_heldout200b/766"", ""DA_d2_seq100/134"", ""DA_d2_seq100/156"", ""DA_d2_seq100/76"", ""DA_d2_seq100/95""]","[""DA_d2_heldout100/259"", ""DA_d2_heldout200b/485"", ""DA_d2_heldout200b/489"", ""DA_d2_heldout200b/619"", ""DA_d2_heldout200b/736"", ""DA_d2_heldout200b/738"", ""DA_d2_heldout200b/756"", ""DA_d2_seq100/242"", ""DA_d2_seq100/243""]",1.0
E12,s1_k5_pointwise,raw_k5_pointwise,raw_vs_s1_k5_pointwise,factorial39,DA,compatible_partial,150,68,10,15,57,0.52,0.5533333333333333,0.03333333333333333,0.42435622215270996,"[-0.033333, 0.1]","[""DA_d2_heldout100/262"", ""DA_d2_heldout100/266"", ""DA_d2_heldout100/318"", ""DA_d2_heldout100/392"", ""DA_d2_heldout200b/518"", ""DA_d2_heldout200b/527"", ""DA_d2_heldout200b/589"", ""DA_d2_heldout200b/627"", ""DA_d2_heldout200b/724"", ""DA_d2_heldout200b/736"", ""DA_d2_heldout200b/745"", ""DA_d2_heldout200b/757"", ""DA_d2_seq100/156"", ""DA_d2_seq100/214"", ""DA_d2_seq100/243""]","[""DA_d2_heldout100/259"", ""DA_d2_heldout100/273"", ""DA_d2_heldout100/290"", ""DA_d2_heldout200b/523"", ""DA_d2_heldout200b/548"", ""DA_d2_heldout200b/566"", ""DA_d2_heldout200b/758"", ""DA_d2_heldout200b/771"", ""DA_d2_seq100/134"", ""DA_d2_seq100/45""]",1.0
E12,s1_k10_first,graph_k10_first,graph_vs_s1_k10_first,factorial39,DA,complete_or_compatible_partial,150,71,0,0,79,0.47333333333333333,0.47333333333333333,0.0,1.0,"[0.0, 0.0]",[],[],1.0
E12,s1_k10_pairwise,graph_k10_pairwise,graph_vs_s1_k10_pairwise,factorial39,DA,complete_or_compatible_partial,150,52,23,20,55,0.5,0.48,-0.02,0.7607916425613439,"[-0.106667, 0.066667]","[""DA_d2_heldout100/330"", ""DA_d2_heldout100/437"", ""DA_d2_heldout100/451"", ""DA_d2_heldout200b/477"", ""DA_d2_heldout200b/540"", ""DA_d2_heldout200b/548"", ""DA_d2_heldout200b/549"", ""DA_d2_heldout200b/560"", ""DA_d2_heldout200b/566"", ""DA_d2_heldout200b/618"", ""DA_d2_heldout200b/621"", ""DA_d2_heldout200b/622"", ""DA_d2_heldout200b/627"", ""DA_d2_heldout200b/676"", ""DA_d2_heldout200b/706"", ""DA_d2_heldout200b/719"", ""DA_d2_heldout200b/757"", ""DA_d2_seq100/156"", ""DA_d2_seq100/243"", ""DA_d2_seq100/59""]","[""DA_d2_heldout100/259"", ""DA_d2_heldout100/262"", ""DA_d2_heldout100/290"", ""DA_d2_heldout100/321"", ""DA_d2_heldout100/379"", ""DA_d2_heldout100/415"", ""DA_d2_heldout200b/485"", ""DA_d2_heldout200b/497"", ""DA_d2_heldout200b/523"", ""DA_d2_heldout200b/611"", ""DA_d2_heldout200b/619"", ""DA_d2_heldout200b/687"", ""DA_d2_heldout200b/746"", ""DA_d2_heldout200b/756"", ""DA_d2_heldout200b/771"", ""DA_d2_heldout200b/774"", ""DA_d2_seq100/11"", ""DA_d2_seq100/118"", ""DA_d2_seq100/134"", ""DA_d2_seq100/164"", ""DA_d2_seq100/214"", ""DA_d2_seq100/28"", ""DA_d2_seq100/33""]",1.0
E12,s1_k10_pointwise,graph_k10_pointwise,graph_vs_s1_k10_pointwise,factorial39,DA,complete_or_compatible_partial,150,54,23,15,58,0.5133333333333333,0.46,-0.05333333333333334,0.2558750795433298,"[-0.133333, 0.026667]","[""DA_d2_heldout100/262"", ""DA_d2_heldout100/330"", ""DA_d2_heldout100/420"", ""DA_d2_heldout100/451"", ""DA_d2_heldout200b/518"", ""DA_d2_heldout200b/540"", ""DA_d2_heldout200b/611"", ""DA_d2_heldout200b/618"", ""DA_d2_heldout200b/622"", ""DA_d2_heldout200b/627"", ""DA_d2_seq100/103"", ""DA_d2_seq100/134"", ""DA_d2_seq100/139"", ""DA_d2_seq100/156"", ""DA_d2_seq100/29""]","[""DA_d2_heldout100/259"", ""DA_d2_heldout100/266"", ""DA_d2_heldout100/290"", ""DA_d2_heldout100/321"", ""DA_d2_heldout100/379"", ""DA_d2_heldout100/415"", ""DA_d2_heldout200b/497"", ""DA_d2_heldout200b/523"", ""DA_d2_heldout200b/578"", ""DA_d2_heldout200b/619"", ""DA_d2_heldout200b/687"", ""DA_d2_heldout200b/706"", ""DA_d2_heldout200b/745"", ""DA_d2_heldout200b/746"", ""DA_d2_heldout200b/753"", ""DA_d2_heldout200b/766"", ""DA_d2_heldout200b/774"", ""DA_d2_heldout200b/778"", ""DA_d2_seq100/117"", ""DA_d2_seq100/118"", ""DA_d2_seq100/164"", ""DA_d2_seq100/188"", ""DA_d2_seq100/214""]",1.0
E12,s1_k5_first,graph_k5_first,graph_vs_s1_k5_first,factorial39,DA,complete_or_compatible_partial,150,71,0,0,79,0.47333333333333333,0.47333333333333333,0.0,1.0,"[0.0, 0.0]",[],[],1.0
E12,s1_k5_pairwise,graph_k5_pairwise,graph_vs_s1_k5_pairwise,factorial39,DA,complete_or_compatible_partial,150,58,21,15,56,0.5266666666666666,0.4866666666666667,-0.04,0.40503224614076316,"[-0.12, 0.04]","[""DA_d2_heldout100/262"", ""DA_d2_heldout100/281"", ""DA_d2_heldout200b/540"", ""DA_d2_heldout200b/549"", ""DA_d2_heldout200b/560"", ""DA_d2_heldout200b/566"", ""DA_d2_heldout200b/601"", ""DA_d2_heldout200b/627"", ""DA_d2_heldout200b/660"", ""DA_d2_heldout200b/719"", ""DA_d2_heldout200b/723"", ""DA_d2_heldout200b/724"", ""DA_d2_heldout200b/771"", ""DA_d2_seq100/134"", ""DA_d2_seq100/156""]","[""DA_d2_heldout100/318"", ""DA_d2_heldout100/321"", ""DA_d2_heldout100/379"", ""DA_d2_heldout100/415"", ""DA_d2_heldout200b/485"", ""DA_d2_heldout200b/497"", ""DA_d2_heldout200b/523"", ""DA_d2_heldout200b/591"", ""DA_d2_heldout200b/619"", ""DA_d2_heldout200b/630"", ""DA_d2_heldout200b/687"", ""DA_d2_heldout200b/736"", ""DA_d2_heldout200b/745"", ""DA_d2_heldout200b/746"", ""DA_d2_heldout200b/756"", ""DA_d2_heldout200b/757"", ""DA_d2_heldout200b/774"", ""DA_d2_seq100/11"", ""DA_d2_seq100/118"", ""DA_d2_seq100/214"", ""DA_d2_seq100/63""]",1.0
E12,s1_k5_pointwise,graph_k5_pointwise,graph_vs_s1_k5_pointwise,factorial39,DA,complete_or_compatible_partial,150,56,24,11,59,0.5333333333333333,0.44666666666666666,-0.08666666666666667,0.04095959151163697,"[-0.166667, -0.013333]","[""DA_d2_heldout100/262"", ""DA_d2_heldout200b/518"", ""DA_d2_heldout200b/540"", ""DA_d2_heldout200b/549"", ""DA_d2_heldout200b/589"", ""DA_d2_heldout200b/601"", ""DA_d2_heldout200b/627"", ""DA_d2_heldout200b/719"", ""DA_d2_heldout200b/757"", ""DA_d2_seq100/156"", ""DA_d2_seq100/243""]","[""DA_d2_heldout100/290"", ""DA_d2_heldout100/321"", ""DA_d2_heldout100/379"", ""DA_d2_heldout100/415"", ""DA_d2_heldout100/437"", ""DA_d2_heldout200b/485"", ""DA_d2_heldout200b/497"", ""DA_d2_heldout200b/523"", ""DA_d2_heldout200b/536"", ""DA_d2_heldout200b/560"", ""DA_d2_heldout200b/578"", ""DA_d2_heldout200b/619"", ""DA_d2_heldout200b/630"", ""DA_d2_heldout200b/662"", ""DA_d2_heldout200b/687"", ""DA_d2_heldout200b/706"", ""DA_d2_heldout200b/746"", ""DA_d2_heldout200b/758"", ""DA_d2_heldout200b/774"", ""DA_d2_seq100/118"", ""DA_d2_seq100/164"", ""DA_d2_seq100/19"", ""DA_d2_seq100/242"", ""DA_d2_seq100/57""]",1.0
E12,graph_k5_first,graph_k10_first,k10_vs_k5_graph_first,factorial39,DA,complete_or_compatible_partial,150,71,0,0,79,0.47333333333333333,0.47333333333333333,0.0,1.0,"[0.0, 0.0]",[],[],1.0
E12,graph_k5_pairwise,graph_k10_pairwise,k10_vs_k5_graph_pairwise,factorial39,DA,complete_or_compatible_partial,150,64,9,8,69,0.4866666666666667,0.48,-0.006666666666666667,1.0,"[-0.06, 0.046667]","[""DA_d2_heldout100/451"", ""DA_d2_heldout200b/477"", ""DA_d2_heldout200b/591"", ""DA_d2_heldout200b/622"", ""DA_d2_heldout200b/630"", ""DA_d2_heldout200b/676"", ""DA_d2_heldout200b/757"", ""DA_d2_seq100/63""]","[""DA_d2_heldout100/259"", ""DA_d2_heldout100/262"", ""DA_d2_heldout100/290"", ""DA_d2_heldout200b/662"", ""DA_d2_heldout200b/723"", ""DA_d2_heldout200b/771"", ""DA_d2_seq100/134"", ""DA_d2_seq100/164"", ""DA_d2_seq100/33""]",1.0
E12,graph_k5_pointwise,graph_k10_pointwise,k10_vs_k5_graph_pointwise,factorial39,DA,complete_or_compatible_partial,150,56,11,13,70,0.44666666666666666,0.46,0.013333333333333334,0.8388197422027588,"[-0.053333, 0.08]","[""DA_d2_heldout100/451"", ""DA_d2_heldout200b/485"", ""DA_d2_heldout200b/536"", ""DA_d2_heldout200b/560"", ""DA_d2_heldout200b/611"", ""DA_d2_heldout200b/622"", ""DA_d2_heldout200b/630"", ""DA_d2_heldout200b/662"", ""DA_d2_heldout200b/724"", ""DA_d2_seq100/139"", ""DA_d2_seq100/19"", ""DA_d2_seq100/242"", ""DA_d2_seq100/57""]","[""DA_d2_heldout100/259"", ""DA_d2_heldout200b/548"", ""DA_d2_heldout200b/549"", ""DA_d2_heldout200b/676"", ""DA_d2_heldout200b/719"", ""DA_d2_heldout200b/723"", ""DA_d2_heldout200b/753"", ""DA_d2_heldout200b/757"", ""DA_d2_heldout200b/766"", ""DA_d2_heldout200b/771"", ""DA_d2_seq100/188""]",1.0
E12,raw_k5_first,raw_k10_first,k10_vs_k5_raw_first,factorial39,DA,complete_or_compatible_partial,150,71,0,0,79,0.47333333333333333,0.47333333333333333,0.0,1.0,"[0.0, 0.0]",[],[],1.0
E12,raw_k5_pairwise,raw_k10_pairwise,k10_vs_k5_raw_pairwise,factorial39,DA,complete_or_compatible_partial,150,81,7,12,50,0.5866666666666667,0.62,0.03333333333333333,0.359283447265625,"[-0.02, 0.086667]","[""DA_d2_heldout100/262"", ""DA_d2_heldout200b/485"", ""DA_d2_heldout200b/540"", ""DA_d2_heldout200b/549"", ""DA_d2_heldout200b/619"", ""DA_d2_heldout200b/622"", ""DA_d2_heldout200b/649"", ""DA_d2_heldout200b/676"", ""DA_d2_heldout200b/736"", ""DA_d2_heldout200b/738"", ""DA_d2_seq100/242"", ""DA_d2_seq100/28""]","[""DA_d2_heldout100/290"", ""DA_d2_heldout100/372"", ""DA_d2_heldout100/437"", ""DA_d2_heldout200b/527"", ""DA_d2_heldout200b/548"", ""DA_d2_heldout200b/746"", ""DA_d2_seq100/76""]",1.0
E12,raw_k5_pointwise,raw_k10_pointwise,k10_vs_k5_raw_pointwise,factorial39,DA,complete_or_compatible_partial,150,77,9,13,51,0.5733333333333334,0.6,0.02666666666666667,0.5234670639038086,"[-0.033333, 0.086667]","[""DA_d2_heldout100/273"", ""DA_d2_heldout100/451"", ""DA_d2_heldout200b/523"", ""DA_d2_heldout200b/540"", ""DA_d2_heldout200b/549"", ""DA_d2_heldout200b/566"", ""DA_d2_heldout200b/601"", ""DA_d2_heldout200b/622"", ""DA_d2_heldout200b/649"", ""DA_d2_seq100/134"", ""DA_d2_seq100/28"", ""DA_d2_seq100/76"", ""DA_d2_seq100/95""]","[""DA_d2_heldout100/318"", ""DA_d2_heldout100/437"", ""DA_d2_heldout200b/485"", ""DA_d2_heldout200b/518"", ""DA_d2_heldout200b/527"", ""DA_d2_heldout200b/633"", ""DA_d2_heldout200b/724"", ""DA_d2_seq100/243"", ""DA_d2_seq100/29""]",1.0
E12,s1_k5_first,s1_k10_first,k10_vs_k5_s1_first,factorial39,DA,complete_or_compatible_partial,150,71,0,0,79,0.47333333333333333,0.47333333333333333,0.0,1.0,"[0.0, 0.0]",[],[],1.0
E12,s1_k5_pairwise,s1_k10_pairwise,k10_vs_k5_s1_pairwise,factorial39,DA,complete_or_compatible_partial,150,66,13,9,62,0.5266666666666666,0.5,-0.02666666666666667,0.5234670639038086,"[-0.086667, 0.033333]","[""DA_d2_heldout100/262"", ""DA_d2_heldout100/281"", ""DA_d2_heldout200b/601"", ""DA_d2_heldout200b/611"", ""DA_d2_heldout200b/660"", ""DA_d2_heldout200b/724"", ""DA_d2_heldout200b/771"", ""DA_d2_seq100/134"", ""DA_d2_seq100/28""]","[""DA_d2_heldout100/318"", ""DA_d2_heldout100/330"", ""DA_d2_heldout100/437"", ""DA_d2_heldout200b/548"", ""DA_d2_heldout200b/618"", ""DA_d2_heldout200b/621"", ""DA_d2_heldout200b/662"", ""DA_d2_heldout200b/706"", ""DA_d2_heldout200b/736"", ""DA_d2_heldout200b/745"", ""DA_d2_heldout200b/757"", ""DA_d2_seq100/243"", ""DA_d2_seq100/59""]",1.0
E12,s1_k5_pointwise,s1_k10_pointwise,k10_vs_k5_s1_pointwise,factorial39,DA,complete_or_compatible_partial,150,68,12,9,61,0.5333333333333333,0.5133333333333333,-0.02,0.6636238098144531,"[-0.08, 0.04]","[""DA_d2_heldout100/266"", ""DA_d2_heldout200b/589"", ""DA_d2_heldout200b/601"", ""DA_d2_heldout200b/724"", ""DA_d2_heldout200b/745"", ""DA_d2_heldout200b/778"", ""DA_d2_seq100/117"", ""DA_d2_seq100/214"", ""DA_d2_seq100/243""]","[""DA_d2_heldout100/330"", ""DA_d2_heldout100/420"", ""DA_d2_heldout100/437"", ""DA_d2_heldout200b/548"", ""DA_d2_heldout200b/618"", ""DA_d2_heldout200b/676"", ""DA_d2_heldout200b/723"", ""DA_d2_heldout200b/758"", ""DA_d2_heldout200b/771"", ""DA_d2_seq100/103"", ""DA_d2_seq100/134"", ""DA_d2_seq100/29""]",1.0
E12,graph_k10_first,graph_k10_pairwise,pairwise_vs_first_graph_k10,factorial39,DA,complete_or_compatible_partial,150,46,25,26,53,0.47333333333333333,0.48,0.006666666666666667,1.0,"[-0.086667, 0.1]","[""DA_d2_heldout100/330"", ""DA_d2_heldout100/414"", ""DA_d2_heldout100/439"", ""DA_d2_heldout100/451"", ""DA_d2_heldout200b/477"", ""DA_d2_heldout200b/489"", ""DA_d2_heldout200b/540"", ""DA_d2_heldout200b/566"", ""DA_d2_heldout200b/589"", ""DA_d2_heldout200b/618"", ""DA_d2_heldout200b/622"", ""DA_d2_heldout200b/627"", ""DA_d2_heldout200b/630"", ""DA_d2_heldout200b/636"", ""DA_d2_heldout200b/676"", ""DA_d2_heldout200b/698"", ""DA_d2_heldout200b/719"", ""DA_d2_heldout200b/753"", ""DA_d2_heldout200b/757"", ""DA_d2_seq100/103"", ""DA_d2_seq100/156"", ""DA_d2_seq100/188"", ""DA_d2_seq100/242"", ""DA_d2_seq100/57"", ""DA_d2_seq100/59"", ""DA_d2_seq100/63""]","[""DA_d2_heldout100/259"", ""DA_d2_heldout100/262"", ""DA_d2_heldout100/266"", ""DA_d2_heldout100/290"", ""DA_d2_heldout100/379"", ""DA_d2_heldout100/415"", ""DA_d2_heldout200b/485"", ""DA_d2_heldout200b/497"", ""DA_d2_heldout200b/523"", ""DA_d2_heldout200b/578"", ""DA_d2_heldout200b/611"", ""DA_d2_heldout200b/619"", ""DA_d2_heldout200b/633"", ""DA_d2_heldout200b/687"", ""DA_d2_heldout200b/736"", ""DA_d2_heldout200b/756"", ""DA_d2_heldout200b/766"", ""DA_d2_heldout200b/774"", ""DA_d2_heldout200b/778"", ""DA_d2_seq100/11"", ""DA_d2_seq100/118"", ""DA_d2_seq100/134"", ""DA_d2_seq100/214"", ""DA_d2_seq100/28"", ""DA_d2_seq100/74""]",1.0
E12,graph_k5_first,graph_k5_pairwise,pairwise_vs_first_graph_k5,factorial39,DA,complete_or_compatible_partial,150,49,22,24,55,0.47333333333333333,0.4866666666666667,0.013333333333333334,0.8829959121223965,"[-0.073333, 0.1]","[""DA_d2_heldout100/330"", ""DA_d2_heldout100/414"", ""DA_d2_heldout100/439"", ""DA_d2_heldout200b/489"", ""DA_d2_heldout200b/540"", ""DA_d2_heldout200b/566"", ""DA_d2_heldout200b/589"", ""DA_d2_heldout200b/618"", ""DA_d2_heldout200b/627"", ""DA_d2_heldout200b/636"", ""DA_d2_heldout200b/662"", ""DA_d2_heldout200b/698"", ""DA_d2_heldout200b/719"", ""DA_d2_heldout200b/723"", ""DA_d2_heldout200b/753"", ""DA_d2_heldout200b/771"", ""DA_d2_seq100/103"", ""DA_d2_seq100/156"", ""DA_d2_seq100/164"", ""DA_d2_seq100/188"", ""DA_d2_seq100/242"", ""DA_d2_seq100/33"", ""DA_d2_seq100/57"", ""DA_d2_seq100/59""]","[""DA_d2_heldout100/266"", ""DA_d2_heldout100/379"", ""DA_d2_heldout100/415"", ""DA_d2_heldout200b/485"", ""DA_d2_heldout200b/497"", ""DA_d2_heldout200b/523"", ""DA_d2_heldout200b/578"", ""DA_d2_heldout200b/591"", ""DA_d2_heldout200b/611"", ""DA_d2_heldout200b/619"", ""DA_d2_heldout200b/633"", ""DA_d2_heldout200b/687"", ""DA_d2_heldout200b/736"", ""DA_d2_heldout200b/756"", ""DA_d2_heldout200b/766"", ""DA_d2_heldout200b/774"", ""DA_d2_heldout200b/778"", ""DA_d2_seq100/11"", ""DA_d2_seq100/118"", ""DA_d2_seq100/214"", ""DA_d2_seq100/28"", ""DA_d2_seq100/74""]",1.0
E12,raw_k10_first,raw_k10_pairwise,pairwise_vs_first_raw_k10,factorial39,DA,complete_or_compatible_partial,150,60,11,33,46,0.47333333333333333,0.62,0.14666666666666667,0.0012600338162656044,"[0.066667, 0.226667]","[""DA_d2_heldout100/318"", ""DA_d2_heldout100/321"", ""DA_d2_heldout100/330"", ""DA_d2_heldout100/392"", ""DA_d2_heldout100/414"", ""DA_d2_heldout100/439"", ""DA_d2_heldout200b/540"", ""DA_d2_heldout200b/566"", ""DA_d2_heldout200b/589"", ""DA_d2_heldout200b/618"", ""DA_d2_heldout200b/622"", ""DA_d2_heldout200b/627"", ""DA_d2_heldout200b/630"", ""DA_d2_heldout200b/636"", ""DA_d2_heldout200b/649"", ""DA_d2_heldout200b/662"", ""DA_d2_heldout200b/676"", ""DA_d2_heldout200b/698"", ""DA_d2_heldout200b/719"", ""DA_d2_heldout200b/723"", ""DA_d2_heldout200b/745"", ""DA_d2_heldout200b/753"", ""DA_d2_heldout200b/757"", ""DA_d2_seq100/103"", ""DA_d2_seq100/156"", ""DA_d2_seq100/164"", ""DA_d2_seq100/188"", ""DA_d2_seq100/242"", ""DA_d2_seq100/33"", ""DA_d2_seq100/57"", ""DA_d2_seq100/59"", ""DA_d2_seq100/63"", ""DA_d2_seq100/95""]","[""DA_d2_heldout100/259"", ""DA_d2_heldout100/290"", ""DA_d2_heldout100/437"", ""DA_d2_heldout200b/548"", ""DA_d2_heldout200b/611"", ""DA_d2_heldout200b/633"", ""DA_d2_heldout200b/724"", ""DA_d2_heldout200b/756"", ""DA_d2_heldout200b/778"", ""DA_d2_seq100/243"", ""DA_d2_seq100/74""]",0.04914131883435857
E12,raw_k5_first,raw_k5_pairwise,pairwise_vs_first_raw_k5,factorial39,DA,complete_or_compatible_partial,150,56,15,32,47,0.47333333333333333,0.5866666666666667,0.11333333333333333,0.01862383661500644,"[0.026667, 0.2]","[""DA_d2_heldout100/318"", ""DA_d2_heldout100/321"", ""DA_d2_heldout100/330"", ""DA_d2_heldout100/372"", ""DA_d2_heldout100/392"", ""DA_d2_heldout100/414"", ""DA_d2_heldout100/439"", ""DA_d2_heldout200b/527"", ""DA_d2_heldout200b/566"", ""DA_d2_heldout200b/589"", ""DA_d2_heldout200b/618"", ""DA_d2_heldout200b/627"", ""DA_d2_heldout200b/630"", ""DA_d2_heldout200b/636"", ""DA_d2_heldout200b/662"", ""DA_d2_heldout200b/698"", ""DA_d2_heldout200b/719"", ""DA_d2_heldout200b/723"", ""DA_d2_heldout200b/745"", ""DA_d2_heldout200b/746"", ""DA_d2_heldout200b/753"", ""DA_d2_heldout200b/757"", ""DA_d2_seq100/103"", ""DA_d2_seq100/156"", ""DA_d2_seq100/164"", ""DA_d2_seq100/188"", ""DA_d2_seq100/33"", ""DA_d2_seq100/57"", ""DA_d2_seq100/59"", ""DA_d2_seq100/63"", ""DA_d2_seq100/76"", ""DA_d2_seq100/95""]","[""DA_d2_heldout100/259"", ""DA_d2_heldout100/262"", ""DA_d2_heldout200b/485"", ""DA_d2_heldout200b/549"", ""DA_d2_heldout200b/611"", ""DA_d2_heldout200b/619"", ""DA_d2_heldout200b/633"", ""DA_d2_heldout200b/724"", ""DA_d2_heldout200b/736"", ""DA_d2_heldout200b/738"", ""DA_d2_heldout200b/756"", ""DA_d2_heldout200b/778"", ""DA_d2_seq100/243"", ""DA_d2_seq100/28"", ""DA_d2_seq100/74""]",0.6704581181402318
E12,s1_k10_first,s1_k10_pairwise,pairwise_vs_first_s1_k10,factorial39,DA,complete_or_compatible_partial,150,57,14,18,61,0.47333333333333333,0.5,0.02666666666666667,0.5966148958541453,"[-0.046667, 0.1]","[""DA_d2_heldout100/321"", ""DA_d2_heldout100/414"", ""DA_d2_heldout100/439"", ""DA_d2_heldout200b/489"", ""DA_d2_heldout200b/589"", ""DA_d2_heldout200b/630"", ""DA_d2_heldout200b/636"", ""DA_d2_heldout200b/698"", ""DA_d2_heldout200b/746"", ""DA_d2_heldout200b/753"", ""DA_d2_heldout200b/771"", ""DA_d2_seq100/103"", ""DA_d2_seq100/164"", ""DA_d2_seq100/188"", ""DA_d2_seq100/242"", ""DA_d2_seq100/33"", ""DA_d2_seq100/57"", ""DA_d2_seq100/63""]","[""DA_d2_heldout100/266"", ""DA_d2_heldout100/437"", ""DA_d2_heldout200b/548"", ""DA_d2_heldout200b/549"", ""DA_d2_heldout200b/560"", ""DA_d2_heldout200b/578"", ""DA_d2_heldout200b/621"", ""DA_d2_heldout200b/633"", ""DA_d2_heldout200b/706"", ""DA_d2_heldout200b/736"", ""DA_d2_heldout200b/766"", ""DA_d2_heldout200b/778"", ""DA_d2_seq100/243"", ""DA_d2_seq100/74""]",1.0
E12,s1_k5_first,s1_k5_pairwise,pairwise_vs_first_s1_k5,factorial39,DA,complete_or_compatible_partial,150,55,16,24,55,0.47333333333333333,0.5266666666666666,0.05333333333333334,0.26818725105476915,"[-0.026667, 0.133333]","[""DA_d2_heldout100/318"", ""DA_d2_heldout100/321"", ""DA_d2_heldout100/330"", ""DA_d2_heldout100/414"", ""DA_d2_heldout100/439"", ""DA_d2_heldout200b/489"", ""DA_d2_heldout200b/589"", ""DA_d2_heldout200b/618"", ""DA_d2_heldout200b/630"", ""DA_d2_heldout200b/636"", ""DA_d2_heldout200b/662"", ""DA_d2_heldout200b/698"", ""DA_d2_heldout200b/745"", ""DA_d2_heldout200b/746"", ""DA_d2_heldout200b/753"", ""DA_d2_heldout200b/757"", ""DA_d2_seq100/103"", ""DA_d2_seq100/164"", ""DA_d2_seq100/188"", ""DA_d2_seq100/242"", ""DA_d2_seq100/33"", ""DA_d2_seq100/57"", ""DA_d2_seq100/59"", ""DA_d2_seq100/63""]","[""DA_d2_heldout100/262"", ""DA_d2_heldout100/266"", ""DA_d2_heldout100/281"", ""DA_d2_heldout200b/549"", ""DA_d2_heldout200b/560"", ""DA_d2_heldout200b/578"", ""DA_d2_heldout200b/601"", ""DA_d2_heldout200b/611"", ""DA_d2_heldout200b/633"", ""DA_d2_heldout200b/660"", ""DA_d2_heldout200b/724"", ""DA_d2_heldout200b/766"", ""DA_d2_heldout200b/778"", ""DA_d2_seq100/134"", ""DA_d2_seq100/28"", ""DA_d2_seq100/74""]",1.0
E12,graph_k10_pointwise,graph_k10_pairwise,pairwise_vs_pointwise_graph_k10,factorial39,DA,complete_or_compatible_partial,150,62,7,10,71,0.46,0.48,0.02,0.629058837890625,"[-0.033333, 0.073333]","[""DA_d2_heldout100/437"", ""DA_d2_heldout200b/477"", ""DA_d2_heldout200b/548"", ""DA_d2_heldout200b/549"", ""DA_d2_heldout200b/676"", ""DA_d2_heldout200b/706"", ""DA_d2_heldout200b/719"", ""DA_d2_heldout200b/753"", ""DA_d2_heldout200b/757"", ""DA_d2_seq100/188""]","[""DA_d2_heldout100/262"", ""DA_d2_heldout200b/485"", ""DA_d2_heldout200b/611"", ""DA_d2_heldout200b/662"", ""DA_d2_seq100/134"", ""DA_d2_seq100/139"", ""DA_d2_seq100/33""]",1.0
E12,graph_k5_pointwise,graph_k5_pairwise,pairwise_vs_pointwise_graph_k5,factorial39,DA,complete_or_compatible_partial,150,62,5,11,72,0.44666666666666666,0.4866666666666667,0.04,0.210113525390625,"[-0.013333, 0.093333]","[""DA_d2_heldout100/290"", ""DA_d2_heldout100/437"", ""DA_d2_heldout200b/536"", ""DA_d2_heldout200b/560"", ""DA_d2_heldout200b/662"", ""DA_d2_heldout200b/706"", ""DA_d2_heldout200b/724"", ""DA_d2_seq100/164"", ""DA_d2_seq100/19"", ""DA_d2_seq100/242"", ""DA_d2_seq100/57""]","[""DA_d2_heldout200b/591"", ""DA_d2_heldout200b/676"", ""DA_d2_heldout200b/757"", ""DA_d2_heldout200b/766"", ""DA_d2_seq100/63""]",1.0
E12,raw_k10_pointwise,raw_k10_pairwise,pairwise_vs_pointwise_raw_k10,factorial39,DA,complete_or_compatible_partial,150,86,4,7,53,0.6,0.62,0.02,0.548828125,"[-0.02, 0.066667]","[""DA_d2_heldout100/318"", ""DA_d2_heldout200b/485"", ""DA_d2_heldout200b/518"", ""DA_d2_heldout200b/719"", ""DA_d2_seq100/11"", ""DA_d2_seq100/29"", ""DA_d2_seq100/45""]","[""DA_d2_heldout100/451"", ""DA_d2_heldout200b/489"", ""DA_d2_heldout200b/746"", ""DA_d2_seq100/76""]",1.0
E12,raw_k5_pointwise,raw_k5_pairwise,pairwise_vs_pointwise_raw_k5,factorial39,DA,complete_or_compatible_partial,150,75,11,13,51,0.5733333333333334,0.5866666666666667,0.013333333333333334,0.8388197422027588,"[-0.053333, 0.08]","[""DA_d2_heldout100/273"", ""DA_d2_heldout100/290"", ""DA_d2_heldout100/372"", ""DA_d2_heldout200b/523"", ""DA_d2_heldout200b/548"", ""DA_d2_heldout200b/566"", ""DA_d2_heldout200b/601"", ""DA_d2_heldout200b/719"", ""DA_d2_seq100/11"", ""DA_d2_seq100/134"", ""DA_d2_seq100/45"", ""DA_d2_seq100/76"", ""DA_d2_seq100/95""]","[""DA_d2_heldout100/262"", ""DA_d2_heldout200b/485"", ""DA_d2_heldout200b/489"", ""DA_d2_heldout200b/619"", ""DA_d2_heldout200b/633"", ""DA_d2_heldout200b/676"", ""DA_d2_heldout200b/724"", ""DA_d2_heldout200b/736"", ""DA_d2_heldout200b/738"", ""DA_d2_seq100/242"", ""DA_d2_seq100/243""]",1.0
E12,s1_k10_pointwise,s1_k10_pairwise,pairwise_vs_pointwise_s1_k10,factorial39,DA,complete_or_compatible_partial,150,64,13,11,62,0.5133333333333333,0.5,-0.013333333333333334,0.8388197422027588,"[-0.08, 0.046667]","[""DA_d2_heldout100/262"", ""DA_d2_heldout100/420"", ""DA_d2_heldout200b/518"", ""DA_d2_heldout200b/611"", ""DA_d2_heldout200b/756"", ""DA_d2_heldout200b/771"", ""DA_d2_seq100/103"", ""DA_d2_seq100/11"", ""DA_d2_seq100/134"", ""DA_d2_seq100/28"", ""DA_d2_seq100/29""]","[""DA_d2_heldout100/266"", ""DA_d2_heldout200b/560"", ""DA_d2_heldout200b/566"", ""DA_d2_heldout200b/578"", ""DA_d2_heldout200b/621"", ""DA_d2_heldout200b/662"", ""DA_d2_heldout200b/706"", ""DA_d2_heldout200b/745"", ""DA_d2_heldout200b/766"", ""DA_d2_heldout200b/778"", ""DA_d2_seq100/117"", ""DA_d2_seq100/243"", ""DA_d2_seq100/59""]",1.0
E12,s1_k5_pointwise,s1_k5_pairwise,pairwise_vs_pointwise_s1_k5,factorial39,DA,complete_or_compatible_partial,150,69,11,10,60,0.5333333333333333,0.5266666666666666,-0.006666666666666667,1.0,"[-0.066667, 0.053333]","[""DA_d2_heldout100/318"", ""DA_d2_heldout200b/518"", ""DA_d2_heldout200b/589"", ""DA_d2_heldout200b/736"", ""DA_d2_heldout200b/745"", ""DA_d2_heldout200b/756"", ""DA_d2_heldout200b/757"", ""DA_d2_seq100/11"", ""DA_d2_seq100/214"", ""DA_d2_seq100/243""]","[""DA_d2_heldout100/281"", ""DA_d2_heldout200b/560"", ""DA_d2_heldout200b/566"", ""DA_d2_heldout200b/578"", ""DA_d2_heldout200b/660"", ""DA_d2_heldout200b/676"", ""DA_d2_heldout200b/723"", ""DA_d2_heldout200b/758"", ""DA_d2_heldout200b/766"", ""DA_d2_heldout200b/771"", ""DA_d2_seq100/134""]",1.0
E12,graph_k10_first,graph_k10_pointwise,pointwise_vs_first_graph_k10,factorial39,DA,complete_or_compatible_partial,150,46,25,23,56,0.47333333333333333,0.46,-0.013333333333333334,0.8854334972865132,"[-0.106667, 0.073333]","[""DA_d2_heldout100/330"", ""DA_d2_heldout100/414"", ""DA_d2_heldout100/439"", ""DA_d2_heldout100/451"", ""DA_d2_heldout200b/489"", ""DA_d2_heldout200b/540"", ""DA_d2_heldout200b/566"", ""DA_d2_heldout200b/589"", ""DA_d2_heldout200b/618"", ""DA_d2_heldout200b/622"", ""DA_d2_heldout200b/627"", ""DA_d2_heldout200b/630"", ""DA_d2_heldout200b/636"", ""DA_d2_heldout200b/662"", ""DA_d2_heldout200b/698"", ""DA_d2_seq100/103"", ""DA_d2_seq100/139"", ""DA_d2_seq100/156"", ""DA_d2_seq100/242"", ""DA_d2_seq100/33"", ""DA_d2_seq100/57"", ""DA_d2_seq100/59"", ""DA_d2_seq100/63""]","[""DA_d2_heldout100/259"", ""DA_d2_heldout100/266"", ""DA_d2_heldout100/290"", ""DA_d2_heldout100/379"", ""DA_d2_heldout100/415"", ""DA_d2_heldout100/437"", ""DA_d2_heldout200b/497"", ""DA_d2_heldout200b/523"", ""DA_d2_heldout200b/548"", ""DA_d2_heldout200b/549"", ""DA_d2_heldout200b/578"", ""DA_d2_heldout200b/619"", ""DA_d2_heldout200b/633"", ""DA_d2_heldout200b/687"", ""DA_d2_heldout200b/706"", ""DA_d2_heldout200b/736"", ""DA_d2_heldout200b/756"", ""DA_d2_heldout200b/766"", ""DA_d2_heldout200b/774"", ""DA_d2_heldout200b/778"", ""DA_d2_seq100/11"", ""DA_d2_seq100/118"", ""DA_d2_seq100/214"", ""DA_d2_seq100/28"", ""DA_d2_seq100/74""]",1.0
E12,graph_k5_first,graph_k5_pointwise,pointwise_vs_first_graph_k5,factorial39,DA,complete_or_compatible_partial,150,44,27,23,56,0.47333333333333333,0.44666666666666666,-0.02666666666666667,0.6718110337653656,"[-0.12, 0.066667]","[""DA_d2_heldout100/330"", ""DA_d2_heldout100/414"", ""DA_d2_heldout100/439"", ""DA_d2_heldout200b/489"", ""DA_d2_heldout200b/540"", ""DA_d2_heldout200b/566"", ""DA_d2_heldout200b/589"", ""DA_d2_heldout200b/618"", ""DA_d2_heldout200b/627"", ""DA_d2_heldout200b/636"", ""DA_d2_heldout200b/676"", ""DA_d2_heldout200b/698"", ""DA_d2_heldout200b/719"", ""DA_d2_heldout200b/723"", ""DA_d2_heldout200b/753"", ""DA_d2_heldout200b/757"", ""DA_d2_heldout200b/771"", ""DA_d2_seq100/103"", ""DA_d2_seq100/156"", ""DA_d2_seq100/188"", ""DA_d2_seq100/33"", ""DA_d2_seq100/59"", ""DA_d2_seq100/63""]","[""DA_d2_heldout100/266"", ""DA_d2_heldout100/290"", ""DA_d2_heldout100/379"", ""DA_d2_heldout100/415"", ""DA_d2_heldout100/437"", ""DA_d2_heldout200b/485"", ""DA_d2_heldout200b/497"", ""DA_d2_heldout200b/523"", ""DA_d2_heldout200b/536"", ""DA_d2_heldout200b/560"", ""DA_d2_heldout200b/578"", ""DA_d2_heldout200b/611"", ""DA_d2_heldout200b/619"", ""DA_d2_heldout200b/633"", ""DA_d2_heldout200b/687"", ""DA_d2_heldout200b/706"", ""DA_d2_heldout200b/724"", ""DA_d2_heldout200b/736"", ""DA_d2_heldout200b/756"", ""DA_d2_heldout200b/774"", ""DA_d2_heldout200b/778"", ""DA_d2_seq100/11"", ""DA_d2_seq100/118"", ""DA_d2_seq100/19"", ""DA_d2_seq100/214"", ""DA_d2_seq100/28"", ""DA_d2_seq100/74""]",1.0
E12,raw_k10_first,raw_k10_pointwise,pointwise_vs_first_raw_k10,factorial39,DA,complete_or_compatible_partial,150,55,16,35,44,0.47333333333333333,0.6,0.12666666666666668,0.010973562899720513,"[0.033333, 0.22]","[""DA_d2_heldout100/321"", ""DA_d2_heldout100/330"", ""DA_d2_heldout100/392"", ""DA_d2_heldout100/414"", ""DA_d2_heldout100/439"", ""DA_d2_heldout100/451"", ""DA_d2_heldout200b/489"", ""DA_d2_heldout200b/540"", ""DA_d2_heldout200b/566"", ""DA_d2_heldout200b/589"", ""DA_d2_heldout200b/618"", ""DA_d2_heldout200b/622"", ""DA_d2_heldout200b/627"", ""DA_d2_heldout200b/630"", ""DA_d2_heldout200b/636"", ""DA_d2_heldout200b/649"", ""DA_d2_heldout200b/662"", ""DA_d2_heldout200b/676"", ""DA_d2_heldout200b/698"", ""DA_d2_heldout200b/723"", ""DA_d2_heldout200b/745"", ""DA_d2_heldout200b/746"", ""DA_d2_heldout200b/753"", ""DA_d2_heldout200b/757"", ""DA_d2_seq100/103"", ""DA_d2_seq100/156"", ""DA_d2_seq100/164"", ""DA_d2_seq100/188"", ""DA_d2_seq100/242"", ""DA_d2_seq100/33"", ""DA_d2_seq100/57"", ""DA_d2_seq100/59"", ""DA_d2_seq100/63"", ""DA_d2_seq100/76"", ""DA_d2_seq100/95""]","[""DA_d2_heldout100/259"", ""DA_d2_heldout100/290"", ""DA_d2_heldout100/437"", ""DA_d2_heldout200b/485"", ""DA_d2_heldout200b/518"", ""DA_d2_heldout200b/548"", ""DA_d2_heldout200b/611"", ""DA_d2_heldout200b/633"", ""DA_d2_heldout200b/724"", ""DA_d2_heldout200b/756"", ""DA_d2_heldout200b/778"", ""DA_d2_seq100/11"", ""DA_d2_seq100/243"", ""DA_d2_seq100/29"", ""DA_d2_seq100/45"", ""DA_d2_seq100/74""]",0.40602182728965897
E12,raw_k5_first,raw_k5_pointwise,pointwise_vs_first_raw_k5,factorial39,DA,complete_or_compatible_partial,150,56,15,30,49,0.47333333333333333,0.5733333333333334,0.1,0.035697803555194696,"[0.013333, 0.186667]","[""DA_d2_heldout100/318"", ""DA_d2_heldout100/321"", ""DA_d2_heldout100/330"", ""DA_d2_heldout100/392"", ""DA_d2_heldout100/414"", ""DA_d2_heldout100/439"", ""DA_d2_heldout200b/489"", ""DA_d2_heldout200b/527"", ""DA_d2_heldout200b/589"", ""DA_d2_heldout200b/618"", ""DA_d2_heldout200b/627"", ""DA_d2_heldout200b/630"", ""DA_d2_heldout200b/636"", ""DA_d2_heldout200b/662"", ""DA_d2_heldout200b/676"", ""DA_d2_heldout200b/698"", ""DA_d2_heldout200b/723"", ""DA_d2_heldout200b/745"", ""DA_d2_heldout200b/746"", ""DA_d2_heldout200b/753"", ""DA_d2_heldout200b/757"", ""DA_d2_seq100/103"", ""DA_d2_seq100/156"", ""DA_d2_seq100/164"", ""DA_d2_seq100/188"", ""DA_d2_seq100/242"", ""DA_d2_seq100/33"", ""DA_d2_seq100/57"", ""DA_d2_seq100/59"", ""DA_d2_seq100/63""]","[""DA_d2_heldout100/259"", ""DA_d2_heldout100/273"", ""DA_d2_heldout100/290"", ""DA_d2_heldout200b/523"", ""DA_d2_heldout200b/548"", ""DA_d2_heldout200b/549"", ""DA_d2_heldout200b/601"", ""DA_d2_heldout200b/611"", ""DA_d2_heldout200b/756"", ""DA_d2_heldout200b/778"", ""DA_d2_seq100/11"", ""DA_d2_seq100/134"", ""DA_d2_seq100/28"", ""DA_d2_seq100/45"", ""DA_d2_seq100/74""]",1.0
E12,s1_k10_first,s1_k10_pointwise,pointwise_vs_first_s1_k10,factorial39,DA,complete_or_compatible_partial,150,56,15,21,58,0.47333333333333333,0.5133333333333333,0.04,0.40503224614076316,"[-0.04, 0.12]","[""DA_d2_heldout100/321"", ""DA_d2_heldout100/414"", ""DA_d2_heldout100/439"", ""DA_d2_heldout200b/489"", ""DA_d2_heldout200b/566"", ""DA_d2_heldout200b/589"", ""DA_d2_heldout200b/630"", ""DA_d2_heldout200b/636"", ""DA_d2_heldout200b/662"", ""DA_d2_heldout200b/698"", ""DA_d2_heldout200b/745"", ""DA_d2_heldout200b/746"", ""DA_d2_heldout200b/753"", ""DA_d2_seq100/117"", ""DA_d2_seq100/164"", ""DA_d2_seq100/188"", ""DA_d2_seq100/242"", ""DA_d2_seq100/33"", ""DA_d2_seq100/57"", ""DA_d2_seq100/59"", ""DA_d2_seq100/63""]","[""DA_d2_heldout100/262"", ""DA_d2_heldout100/420"", ""DA_d2_heldout100/437"", ""DA_d2_heldout200b/518"", ""DA_d2_heldout200b/548"", ""DA_d2_heldout200b/549"", ""DA_d2_heldout200b/611"", ""DA_d2_heldout200b/633"", ""DA_d2_heldout200b/736"", ""DA_d2_heldout200b/756"", ""DA_d2_seq100/11"", ""DA_d2_seq100/134"", ""DA_d2_seq100/28"", ""DA_d2_seq100/29"", ""DA_d2_seq100/74""]",1.0
E12,s1_k5_first,s1_k5_pointwise,pointwise_vs_first_s1_k5,factorial39,DA,complete_or_compatible_partial,150,55,16,25,54,0.47333333333333333,0.5333333333333333,0.06,0.21102359760880063,"[-0.02, 0.146667]","[""DA_d2_heldout100/321"", ""DA_d2_heldout100/330"", ""DA_d2_heldout100/414"", ""DA_d2_heldout100/439"", ""DA_d2_heldout200b/489"", ""DA_d2_heldout200b/566"", ""DA_d2_heldout200b/618"", ""DA_d2_heldout200b/630"", ""DA_d2_heldout200b/636"", ""DA_d2_heldout200b/662"", ""DA_d2_heldout200b/676"", ""DA_d2_heldout200b/698"", ""DA_d2_heldout200b/723"", ""DA_d2_heldout200b/746"", ""DA_d2_heldout200b/753"", ""DA_d2_heldout200b/758"", ""DA_d2_heldout200b/771"", ""DA_d2_seq100/103"", ""DA_d2_seq100/164"", ""DA_d2_seq100/188"", ""DA_d2_seq100/242"", ""DA_d2_seq100/33"", ""DA_d2_seq100/57"", ""DA_d2_seq100/59"", ""DA_d2_seq100/63""]","[""DA_d2_heldout100/262"", ""DA_d2_heldout100/266"", ""DA_d2_heldout200b/518"", ""DA_d2_heldout200b/549"", ""DA_d2_heldout200b/601"", ""DA_d2_heldout200b/611"", ""DA_d2_heldout200b/633"", ""DA_d2_heldout200b/724"", ""DA_d2_heldout200b/736"", ""DA_d2_heldout200b/756"", ""DA_d2_heldout200b/778"", ""DA_d2_seq100/11"", ""DA_d2_seq100/214"", ""DA_d2_seq100/243"", ""DA_d2_seq100/28"", ""DA_d2_seq100/74""]",1.0
E12,s1_k10_first,raw_k10_first,raw_vs_s1_k10_first,factorial39,DA,complete_or_compatible_partial,150,71,0,0,79,0.47333333333333333,0.47333333333333333,0.0,1.0,"[0.0, 0.0]",[],[],1.0
E12,s1_k10_pairwise,raw_k10_pairwise,raw_vs_s1_k10_pairwise,factorial39,DA,complete_or_compatible_partial,150,67,8,26,49,0.5,0.62,0.12,0.0029350556433200836,"[0.046667, 0.193333]","[""DA_d2_heldout100/266"", ""DA_d2_heldout100/318"", ""DA_d2_heldout100/330"", ""DA_d2_heldout100/392"", ""DA_d2_heldout200b/540"", ""DA_d2_heldout200b/549"", ""DA_d2_heldout200b/560"", ""DA_d2_heldout200b/566"", ""DA_d2_heldout200b/578"", ""DA_d2_heldout200b/618"", ""DA_d2_heldout200b/621"", ""DA_d2_heldout200b/622"", ""DA_d2_heldout200b/627"", ""DA_d2_heldout200b/649"", ""DA_d2_heldout200b/662"", ""DA_d2_heldout200b/676"", ""DA_d2_heldout200b/706"", ""DA_d2_heldout200b/719"", ""DA_d2_heldout200b/723"", ""DA_d2_heldout200b/736"", ""DA_d2_heldout200b/745"", ""DA_d2_heldout200b/757"", ""DA_d2_heldout200b/766"", ""DA_d2_seq100/156"", ""DA_d2_seq100/59"", ""DA_d2_seq100/95""]","[""DA_d2_heldout100/259"", ""DA_d2_heldout100/290"", ""DA_d2_heldout200b/489"", ""DA_d2_heldout200b/611"", ""DA_d2_heldout200b/724"", ""DA_d2_heldout200b/746"", ""DA_d2_heldout200b/756"", ""DA_d2_heldout200b/771""]",0.11153211444616318
E12,s1_k10_pointwise,raw_k10_pointwise,raw_vs_s1_k10_pointwise,factorial39,DA,complete_or_compatible_partial,150,69,8,21,52,0.5133333333333333,0.6,0.08666666666666667,0.0241195447742939,"[0.02, 0.153333]","[""DA_d2_heldout100/262"", ""DA_d2_heldout100/330"", ""DA_d2_heldout100/392"", ""DA_d2_heldout100/420"", ""DA_d2_heldout100/451"", ""DA_d2_heldout200b/540"", ""DA_d2_heldout200b/549"", ""DA_d2_heldout200b/618"", ""DA_d2_heldout200b/622"", ""DA_d2_heldout200b/627"", ""DA_d2_heldout200b/649"", ""DA_d2_heldout200b/676"", ""DA_d2_heldout200b/723"", ""DA_d2_heldout200b/736"", ""DA_d2_heldout200b/757"", ""DA_d2_seq100/103"", ""DA_d2_seq100/134"", ""DA_d2_seq100/156"", ""DA_d2_seq100/28"", ""DA_d2_seq100/76"", ""DA_d2_seq100/95""]","[""DA_d2_heldout100/259"", ""DA_d2_heldout100/290"", ""DA_d2_heldout200b/485"", ""DA_d2_heldout200b/724"", ""DA_d2_heldout200b/778"", ""DA_d2_seq100/117"", ""DA_d2_seq100/243"", ""DA_d2_seq100/45""]",0.8441840671002865
E12,s1_k5_first,raw_k5_first,raw_vs_s1_k5_first,factorial39,DA,complete_or_compatible_partial,150,71,0,0,79,0.47333333333333333,0.47333333333333333,0.0,1.0,"[0.0, 0.0]",[],[],1.0
E12,s1_k5_pairwise,raw_k5_pairwise,raw_vs_s1_k5_pairwise,factorial39,DA,complete_or_compatible_partial,150,70,9,18,53,0.5266666666666666,0.5866666666666667,0.06,0.12207812070846558,"[-0.006667, 0.126667]","[""DA_d2_heldout100/266"", ""DA_d2_heldout100/281"", ""DA_d2_heldout100/372"", ""DA_d2_heldout100/392"", ""DA_d2_heldout200b/527"", ""DA_d2_heldout200b/560"", ""DA_d2_heldout200b/566"", ""DA_d2_heldout200b/578"", ""DA_d2_heldout200b/601"", ""DA_d2_heldout200b/627"", ""DA_d2_heldout200b/660"", ""DA_d2_heldout200b/719"", ""DA_d2_heldout200b/723"", ""DA_d2_heldout200b/766"", ""DA_d2_seq100/134"", ""DA_d2_seq100/156"", ""DA_d2_seq100/76"", ""DA_d2_seq100/95""]","[""DA_d2_heldout100/259"", ""DA_d2_heldout200b/485"", ""DA_d2_heldout200b/489"", ""DA_d2_heldout200b/619"", ""DA_d2_heldout200b/736"", ""DA_d2_heldout200b/738"", ""DA_d2_heldout200b/756"", ""DA_d2_seq100/242"", ""DA_d2_seq100/243""]",1.0
E12,s1_k5_pointwise,raw_k5_pointwise,raw_vs_s1_k5_pointwise,factorial39,DA,complete_or_compatible_partial,150,70,10,16,54,0.5333333333333333,0.5733333333333334,0.04,0.32693958282470703,"[-0.026667, 0.106667]","[""DA_d2_heldout100/262"", ""DA_d2_heldout100/266"", ""DA_d2_heldout100/318"", ""DA_d2_heldout100/392"", ""DA_d2_heldout200b/518"", ""DA_d2_heldout200b/527"", ""DA_d2_heldout200b/589"", ""DA_d2_heldout200b/627"", ""DA_d2_heldout200b/633"", ""DA_d2_heldout200b/724"", ""DA_d2_heldout200b/736"", ""DA_d2_heldout200b/745"", ""DA_d2_heldout200b/757"", ""DA_d2_seq100/156"", ""DA_d2_seq100/214"", ""DA_d2_seq100/243""]","[""DA_d2_heldout100/259"", ""DA_d2_heldout100/273"", ""DA_d2_heldout100/290"", ""DA_d2_heldout200b/523"", ""DA_d2_heldout200b/548"", ""DA_d2_heldout200b/566"", ""DA_d2_heldout200b/758"", ""DA_d2_heldout200b/771"", ""DA_d2_seq100/134"", ""DA_d2_seq100/45""]",1.0
E12,s1_k10_first,graph_k10_first,graph_vs_s1_k10_first,factorial39,DA,legacy_chain,150,30,0,0,120,0.2,0.2,0.0,1.0,"[0.0, 0.0]",[],[],1.0
E12,s1_k10_pairwise,graph_k10_pairwise,graph_vs_s1_k10_pairwise,factorial39,DA,legacy_chain,150,16,5,10,119,0.14,0.17333333333333334,0.03333333333333333,0.3017578125,"[-0.013333, 0.086667]","[""DA_d2_heldout100/451"", ""DA_d2_heldout200b/540"", ""DA_d2_heldout200b/548"", ""DA_d2_heldout200b/549"", ""DA_d2_heldout200b/566"", ""DA_d2_heldout200b/589"", ""DA_d2_heldout200b/660"", ""DA_d2_heldout200b/706"", ""DA_d2_heldout200b/713"", ""DA_d2_heldout200b/743""]","[""DA_d2_heldout100/321"", ""DA_d2_heldout100/415"", ""DA_d2_heldout200b/497"", ""DA_d2_heldout200b/523"", ""DA_d2_heldout200b/619""]",1.0
E12,s1_k10_pointwise,graph_k10_pointwise,graph_vs_s1_k10_pointwise,factorial39,DA,legacy_chain,150,15,8,9,118,0.15333333333333332,0.16,0.006666666666666667,1.0,"[-0.046667, 0.06]","[""DA_d2_heldout100/420"", ""DA_d2_heldout100/451"", ""DA_d2_heldout200b/508"", ""DA_d2_heldout200b/540"", ""DA_d2_heldout200b/589"", ""DA_d2_heldout200b/660"", ""DA_d2_heldout200b/743"", ""DA_d2_seq100/103"", ""DA_d2_seq100/19""]","[""DA_d2_heldout100/321"", ""DA_d2_heldout100/415"", ""DA_d2_heldout200b/497"", ""DA_d2_heldout200b/578"", ""DA_d2_heldout200b/619"", ""DA_d2_heldout200b/706"", ""DA_d2_seq100/188"", ""DA_d2_seq100/214""]",1.0
E12,s1_k5_first,graph_k5_first,graph_vs_s1_k5_first,factorial39,DA,legacy_chain,150,30,0,0,120,0.2,0.2,0.0,1.0,"[0.0, 0.0]",[],[],1.0
E12,s1_k5_pairwise,graph_k5_pairwise,graph_vs_s1_k5_pairwise,factorial39,DA,legacy_chain,150,19,6,7,118,0.16666666666666666,0.17333333333333334,0.006666666666666667,1.0,"[-0.04, 0.053333]","[""DA_d2_heldout100/281"", ""DA_d2_heldout200b/518"", ""DA_d2_heldout200b/549"", ""DA_d2_heldout200b/566"", ""DA_d2_heldout200b/589"", ""DA_d2_heldout200b/660"", ""DA_d2_heldout200b/743""]","[""DA_d2_heldout100/321"", ""DA_d2_heldout100/415"", ""DA_d2_heldout200b/497"", ""DA_d2_heldout200b/523"", ""DA_d2_heldout200b/619"", ""DA_d2_heldout200b/713""]",1.0
E12,s1_k5_pointwise,graph_k5_pointwise,graph_vs_s1_k5_pointwise,factorial39,DA,legacy_chain,150,18,10,5,117,0.18666666666666668,0.15333333333333332,-0.03333333333333333,0.3017578125,"[-0.086667, 0.013333]","[""DA_d2_heldout200b/549"", ""DA_d2_heldout200b/589"", ""DA_d2_heldout200b/660"", ""DA_d2_heldout200b/743"", ""DA_d2_seq100/156""]","[""DA_d2_heldout100/321"", ""DA_d2_heldout100/391"", ""DA_d2_heldout100/415"", ""DA_d2_heldout200b/497"", ""DA_d2_heldout200b/578"", ""DA_d2_heldout200b/618"", ""DA_d2_heldout200b/619"", ""DA_d2_heldout200b/662"", ""DA_d2_heldout200b/706"", ""DA_d2_seq100/45""]",1.0
E12,graph_k5_first,graph_k10_first,k10_vs_k5_graph_first,factorial39,DA,legacy_chain,150,30,0,0,120,0.2,0.2,0.0,1.0,"[0.0, 0.0]",[],[],1.0
E12,graph_k5_pairwise,graph_k10_pairwise,k10_vs_k5_graph_pairwise,factorial39,DA,legacy_chain,150,23,3,3,121,0.17333333333333334,0.17333333333333334,0.0,1.0,"[-0.033333, 0.033333]","[""DA_d2_heldout100/451"", ""DA_d2_heldout200b/540"", ""DA_d2_heldout200b/713""]","[""DA_d2_heldout200b/508"", ""DA_d2_heldout200b/518"", ""DA_d2_heldout200b/662""]",1.0
E12,graph_k5_pointwise,graph_k10_pointwise,k10_vs_k5_graph_pointwise,factorial39,DA,legacy_chain,150,18,5,6,121,0.15333333333333332,0.16,0.006666666666666667,1.0,"[-0.033333, 0.053333]","[""DA_d2_heldout100/391"", ""DA_d2_heldout100/451"", ""DA_d2_heldout200b/540"", ""DA_d2_heldout200b/662"", ""DA_d2_heldout200b/713"", ""DA_d2_seq100/19""]","[""DA_d2_heldout100/269"", ""DA_d2_heldout200b/548"", ""DA_d2_heldout200b/549"", ""DA_d2_seq100/156"", ""DA_d2_seq100/188""]",1.0
E12,raw_k5_first,raw_k10_first,k10_vs_k5_raw_first,factorial39,DA,legacy_chain,150,30,0,0,120,0.2,0.2,0.0,1.0,"[0.0, 0.0]",[],[],1.0
E12,raw_k5_pairwise,raw_k10_pairwise,k10_vs_k5_raw_pairwise,factorial39,DA,legacy_chain,150,27,4,7,112,0.20666666666666667,0.22666666666666666,0.02,0.548828125,"[-0.02, 0.066667]","[""DA_d2_heldout200b/518"", ""DA_d2_heldout200b/540"", ""DA_d2_heldout200b/549"", ""DA_d2_heldout200b/589"", ""DA_d2_heldout200b/619"", ""DA_d2_heldout200b/649"", ""DA_d2_seq100/214""]","[""DA_d2_heldout200b/508"", ""DA_d2_heldout200b/536"", ""DA_d2_heldout200b/548"", ""DA_d2_seq100/76""]",1.0
E12,raw_k5_pointwise,raw_k10_pointwise,k10_vs_k5_raw_pointwise,factorial39,DA,legacy_chain,150,27,0,12,111,0.18,0.26,0.08,0.00048828125,"[0.04, 0.126667]","[""DA_d2_heldout100/273"", ""DA_d2_heldout100/451"", ""DA_d2_heldout200b/518"", ""DA_d2_heldout200b/523"", ""DA_d2_heldout200b/536"", ""DA_d2_heldout200b/540"", ""DA_d2_heldout200b/549"", ""DA_d2_heldout200b/566"", ""DA_d2_heldout200b/621"", ""DA_d2_heldout200b/649"", ""DA_d2_heldout200b/713"", ""DA_d2_seq100/76""]",[],0.01806640625
E12,s1_k5_first,s1_k10_first,k10_vs_k5_s1_first,factorial39,DA,legacy_chain,150,30,0,0,120,0.2,0.2,0.0,1.0,"[0.0, 0.0]",[],[],1.0
E12,s1_k5_pairwise,s1_k10_pairwise,k10_vs_k5_s1_pairwise,factorial39,DA,legacy_chain,150,20,5,1,124,0.16666666666666666,0.14,-0.02666666666666667,0.21875,"[-0.06, 0.0]","[""DA_d2_heldout100/281""]","[""DA_d2_heldout200b/508"", ""DA_d2_heldout200b/548"", ""DA_d2_heldout200b/662"", ""DA_d2_heldout200b/706"", ""DA_d2_heldout200b/713""]",1.0
E12,s1_k5_pointwise,s1_k10_pointwise,k10_vs_k5_s1_pointwise,factorial39,DA,legacy_chain,150,21,7,2,120,0.18666666666666668,0.15333333333333332,-0.03333333333333333,0.1796875,"[-0.073333, 0.006667]","[""DA_d2_heldout200b/713"", ""DA_d2_seq100/214""]","[""DA_d2_heldout100/269"", ""DA_d2_heldout100/420"", ""DA_d2_heldout200b/508"", ""DA_d2_heldout200b/548"", ""DA_d2_heldout200b/618"", ""DA_d2_seq100/103"", ""DA_d2_seq100/45""]",1.0
E12,graph_k10_first,graph_k10_pairwise,pairwise_vs_first_graph_k10,factorial39,DA,legacy_chain,150,17,13,9,111,0.2,0.17333333333333334,-0.02666666666666667,0.5234670639038086,"[-0.086667, 0.033333]","[""DA_d2_heldout100/451"", ""DA_d2_heldout200b/540"", ""DA_d2_heldout200b/549"", ""DA_d2_heldout200b/566"", ""DA_d2_heldout200b/589"", ""DA_d2_heldout200b/743"", ""DA_d2_seq100/103"", ""DA_d2_seq100/188"", ""DA_d2_seq100/206""]","[""DA_d2_heldout100/415"", ""DA_d2_heldout200b/497"", ""DA_d2_heldout200b/508"", ""DA_d2_heldout200b/523"", ""DA_d2_heldout200b/578"", ""DA_d2_heldout200b/619"", ""DA_d2_heldout200b/621"", ""DA_d2_seq100/186"", ""DA_d2_seq100/19"", ""DA_d2_seq100/214"", ""DA_d2_seq100/241"", ""DA_d2_seq100/45"", ""DA_d2_seq100/74""]",1.0
E12,graph_k5_first,graph_k5_pairwise,pairwise_vs_first_graph_k5,factorial39,DA,legacy_chain,150,17,13,9,111,0.2,0.17333333333333334,-0.02666666666666667,0.5234670639038086,"[-0.086667, 0.033333]","[""DA_d2_heldout200b/518"", ""DA_d2_heldout200b/549"", ""DA_d2_heldout200b/566"", ""DA_d2_heldout200b/589"", ""DA_d2_heldout200b/662"", ""DA_d2_heldout200b/743"", ""DA_d2_seq100/103"", ""DA_d2_seq100/188"", ""DA_d2_seq100/206""]","[""DA_d2_heldout100/415"", ""DA_d2_heldout200b/497"", ""DA_d2_heldout200b/523"", ""DA_d2_heldout200b/578"", ""DA_d2_heldout200b/619"", ""DA_d2_heldout200b/621"", ""DA_d2_heldout200b/713"", ""DA_d2_seq100/186"", ""DA_d2_seq100/19"", ""DA_d2_seq100/214"", ""DA_d2_seq100/241"", ""DA_d2_seq100/45"", ""DA_d2_seq100/74""]",1.0
E12,raw_k10_first,raw_k10_pairwise,pairwise_vs_first_raw_k10,factorial39,DA,legacy_chain,150,22,8,12,108,0.2,0.22666666666666666,0.02666666666666667,0.5034446716308594,"[-0.033333, 0.086667]","[""DA_d2_heldout100/321"", ""DA_d2_heldout100/392"", ""DA_d2_heldout200b/518"", ""DA_d2_heldout200b/540"", ""DA_d2_heldout200b/549"", ""DA_d2_heldout200b/566"", ""DA_d2_heldout200b/589"", ""DA_d2_heldout200b/649"", ""DA_d2_heldout200b/662"", ""DA_d2_seq100/103"", ""DA_d2_seq100/188"", ""DA_d2_seq100/206""]","[""DA_d2_heldout200b/508"", ""DA_d2_heldout200b/548"", ""DA_d2_heldout200b/713"", ""DA_d2_seq100/186"", ""DA_d2_seq100/19"", ""DA_d2_seq100/241"", ""DA_d2_seq100/45"", ""DA_d2_seq100/74""]",1.0
E12,raw_k5_first,raw_k5_pairwise,pairwise_vs_first_raw_k5,factorial39,DA,legacy_chain,150,22,8,9,111,0.2,0.20666666666666667,0.006666666666666667,1.0,"[-0.046667, 0.06]","[""DA_d2_heldout100/321"", ""DA_d2_heldout100/392"", ""DA_d2_heldout200b/536"", ""DA_d2_heldout200b/566"", ""DA_d2_heldout200b/662"", ""DA_d2_seq100/103"", ""DA_d2_seq100/188"", ""DA_d2_seq100/206"", ""DA_d2_seq100/76""]","[""DA_d2_heldout200b/619"", ""DA_d2_heldout200b/713"", ""DA_d2_seq100/186"", ""DA_d2_seq100/19"", ""DA_d2_seq100/214"", ""DA_d2_seq100/241"", ""DA_d2_seq100/45"", ""DA_d2_seq100/74""]",1.0
E12,s1_k10_first,s1_k10_pairwise,pairwise_vs_first_s1_k10,factorial39,DA,legacy_chain,150,17,13,4,116,0.2,0.14,-0.06,0.049041748046875,"[-0.113333, -0.006667]","[""DA_d2_heldout100/321"", ""DA_d2_seq100/103"", ""DA_d2_seq100/188"", ""DA_d2_seq100/206""]","[""DA_d2_heldout200b/508"", ""DA_d2_heldout200b/548"", ""DA_d2_heldout200b/578"", ""DA_d2_heldout200b/621"", ""DA_d2_heldout200b/660"", ""DA_d2_heldout200b/706"", ""DA_d2_heldout200b/713"", ""DA_d2_seq100/186"", ""DA_d2_seq100/19"", ""DA_d2_seq100/214"", ""DA_d2_seq100/241"", ""DA_d2_seq100/45"", ""DA_d2_seq100/74""]",1.0
E12,s1_k5_first,s1_k5_pairwise,pairwise_vs_first_s1_k5,factorial39,DA,legacy_chain,150,20,10,5,115,0.2,0.16666666666666666,-0.03333333333333333,0.3017578125,"[-0.086667, 0.013333]","[""DA_d2_heldout100/321"", ""DA_d2_heldout200b/662"", ""DA_d2_seq100/103"", ""DA_d2_seq100/188"", ""DA_d2_seq100/206""]","[""DA_d2_heldout100/281"", ""DA_d2_heldout200b/578"", ""DA_d2_heldout200b/621"", ""DA_d2_heldout200b/660"", ""DA_d2_seq100/186"", ""DA_d2_seq100/19"", ""DA_d2_seq100/214"", ""DA_d2_seq100/241"", ""DA_d2_seq100/45"", ""DA_d2_seq100/74""]",1.0
E12,graph_k10_pointwise,graph_k10_pairwise,pairwise_vs_pointwise_graph_k10,factorial39,DA,legacy_chain,150,21,3,5,121,0.16,0.17333333333333334,0.013333333333333334,0.7265625,"[-0.02, 0.053333]","[""DA_d2_heldout100/269"", ""DA_d2_heldout200b/548"", ""DA_d2_heldout200b/549"", ""DA_d2_heldout200b/706"", ""DA_d2_seq100/188""]","[""DA_d2_heldout200b/508"", ""DA_d2_heldout200b/662"", ""DA_d2_seq100/19""]",1.0
E12,graph_k5_pointwise,graph_k5_pairwise,pairwise_vs_pointwise_graph_k5,factorial39,DA,legacy_chain,150,22,1,4,123,0.15333333333333332,0.17333333333333334,0.02,0.375,"[-0.006667, 0.053333]","[""DA_d2_heldout100/391"", ""DA_d2_heldout200b/518"", ""DA_d2_heldout200b/662"", ""DA_d2_heldout200b/706""]","[""DA_d2_seq100/156""]",1.0
E12,raw_k10_pointwise,raw_k10_pairwise,pairwise_vs_pointwise_raw_k10,factorial39,DA,legacy_chain,150,34,5,0,111,0.26,0.22666666666666666,-0.03333333333333333,0.0625,"[-0.066667, -0.006667]",[],"[""DA_d2_heldout100/451"", ""DA_d2_heldout200b/508"", ""DA_d2_heldout200b/536"", ""DA_d2_heldout200b/713"", ""DA_d2_seq100/76""]",1.0
E12,raw_k5_pointwise,raw_k5_pairwise,pairwise_vs_pointwise_raw_k5,factorial39,DA,legacy_chain,150,24,3,7,116,0.18,0.20666666666666667,0.02666666666666667,0.34375,"[-0.013333, 0.066667]","[""DA_d2_heldout100/273"", ""DA_d2_heldout200b/523"", ""DA_d2_heldout200b/536"", ""DA_d2_heldout200b/548"", ""DA_d2_heldout200b/566"", ""DA_d2_heldout200b/621"", ""DA_d2_seq100/76""]","[""DA_d2_heldout200b/589"", ""DA_d2_heldout200b/619"", ""DA_d2_seq100/214""]",1.0
E12,s1_k10_pointwise,s1_k10_pairwise,pairwise_vs_pointwise_s1_k10,factorial39,DA,legacy_chain,150,17,6,4,123,0.15333333333333332,0.14,-0.013333333333333334,0.75390625,"[-0.053333, 0.026667]","[""DA_d2_heldout100/269"", ""DA_d2_heldout100/420"", ""DA_d2_heldout200b/523"", ""DA_d2_seq100/103""]","[""DA_d2_heldout200b/566"", ""DA_d2_heldout200b/578"", ""DA_d2_heldout200b/662"", ""DA_d2_heldout200b/706"", ""DA_d2_heldout200b/713"", ""DA_d2_seq100/214""]",1.0
E12,s1_k5_pointwise,s1_k5_pairwise,pairwise_vs_pointwise_s1_k5,factorial39,DA,legacy_chain,150,23,5,2,120,0.18666666666666668,0.16666666666666666,-0.02,0.453125,"[-0.053333, 0.013333]","[""DA_d2_heldout200b/523"", ""DA_d2_heldout200b/713""]","[""DA_d2_heldout100/281"", ""DA_d2_heldout200b/566"", ""DA_d2_heldout200b/578"", ""DA_d2_heldout200b/618"", ""DA_d2_seq100/45""]",1.0
E12,graph_k10_first,graph_k10_pointwise,pointwise_vs_first_graph_k10,factorial39,DA,legacy_chain,150,16,14,8,112,0.2,0.16,-0.04,0.28627872467041016,"[-0.1, 0.02]","[""DA_d2_heldout100/451"", ""DA_d2_heldout200b/540"", ""DA_d2_heldout200b/566"", ""DA_d2_heldout200b/589"", ""DA_d2_heldout200b/662"", ""DA_d2_heldout200b/743"", ""DA_d2_seq100/103"", ""DA_d2_seq100/206""]","[""DA_d2_heldout100/269"", ""DA_d2_heldout100/415"", ""DA_d2_heldout200b/497"", ""DA_d2_heldout200b/523"", ""DA_d2_heldout200b/548"", ""DA_d2_heldout200b/578"", ""DA_d2_heldout200b/619"", ""DA_d2_heldout200b/621"", ""DA_d2_heldout200b/706"", ""DA_d2_seq100/186"", ""DA_d2_seq100/214"", ""DA_d2_seq100/241"", ""DA_d2_seq100/45"", ""DA_d2_seq100/74""]",1.0
E12,graph_k5_first,graph_k5_pointwise,pointwise_vs_first_graph_k5,factorial39,DA,legacy_chain,150,15,15,8,112,0.2,0.15333333333333332,-0.04666666666666667,0.21003961563110352,"[-0.106667, 0.013333]","[""DA_d2_heldout200b/549"", ""DA_d2_heldout200b/566"", ""DA_d2_heldout200b/589"", ""DA_d2_heldout200b/743"", ""DA_d2_seq100/103"", ""DA_d2_seq100/156"", ""DA_d2_seq100/188"", ""DA_d2_seq100/206""]","[""DA_d2_heldout100/391"", ""DA_d2_heldout100/415"", ""DA_d2_heldout200b/497"", ""DA_d2_heldout200b/523"", ""DA_d2_heldout200b/578"", ""DA_d2_heldout200b/619"", ""DA_d2_heldout200b/621"", ""DA_d2_heldout200b/706"", ""DA_d2_heldout200b/713"", ""DA_d2_seq100/186"", ""DA_d2_seq100/19"", ""DA_d2_seq100/214"", ""DA_d2_seq100/241"", ""DA_d2_seq100/45"", ""DA_d2_seq100/74""]",1.0
E12,raw_k10_first,raw_k10_pointwise,pointwise_vs_first_raw_k10,factorial39,DA,legacy_chain,150,24,6,15,105,0.2,0.26,0.06,0.0783538818359375,"[0.0, 0.12]","[""DA_d2_heldout100/321"", ""DA_d2_heldout100/392"", ""DA_d2_heldout100/451"", ""DA_d2_heldout200b/518"", ""DA_d2_heldout200b/536"", ""DA_d2_heldout200b/540"", ""DA_d2_heldout200b/549"", ""DA_d2_heldout200b/566"", ""DA_d2_heldout200b/589"", ""DA_d2_heldout200b/649"", ""DA_d2_heldout200b/662"", ""DA_d2_seq100/103"", ""DA_d2_seq100/188"", ""DA_d2_seq100/206"", ""DA_d2_seq100/76""]","[""DA_d2_heldout200b/548"", ""DA_d2_seq100/186"", ""DA_d2_seq100/19"", ""DA_d2_seq100/241"", ""DA_d2_seq100/45"", ""DA_d2_seq100/74""]",1.0
E12,raw_k5_first,raw_k5_pointwise,pointwise_vs_first_raw_k5,factorial39,DA,legacy_chain,150,20,10,7,113,0.2,0.18,-0.02,0.629058837890625,"[-0.073333, 0.033333]","[""DA_d2_heldout100/321"", ""DA_d2_heldout100/392"", ""DA_d2_heldout200b/589"", ""DA_d2_heldout200b/662"", ""DA_d2_seq100/103"", ""DA_d2_seq100/188"", ""DA_d2_seq100/206""]","[""DA_d2_heldout100/273"", ""DA_d2_heldout200b/523"", ""DA_d2_heldout200b/548"", ""DA_d2_heldout200b/621"", ""DA_d2_heldout200b/713"", ""DA_d2_seq100/186"", ""DA_d2_seq100/19"", ""DA_d2_seq100/241"", ""DA_d2_seq100/45"", ""DA_d2_seq100/74""]",1.0
E12,s1_k10_first,s1_k10_pointwise,pointwise_vs_first_s1_k10,factorial39,DA,legacy_chain,150,18,12,5,115,0.2,0.15333333333333332,-0.04666666666666667,0.143463134765625,"[-0.1, 0.006667]","[""DA_d2_heldout100/321"", ""DA_d2_heldout200b/566"", ""DA_d2_heldout200b/662"", ""DA_d2_seq100/188"", ""DA_d2_seq100/206""]","[""DA_d2_heldout100/269"", ""DA_d2_heldout100/420"", ""DA_d2_heldout200b/508"", ""DA_d2_heldout200b/523"", ""DA_d2_heldout200b/548"", ""DA_d2_heldout200b/621"", ""DA_d2_heldout200b/660"", ""DA_d2_seq100/186"", ""DA_d2_seq100/19"", ""DA_d2_seq100/241"", ""DA_d2_seq100/45"", ""DA_d2_seq100/74""]",1.0
E12,s1_k5_first,s1_k5_pointwise,pointwise_vs_first_s1_k5,factorial39,DA,legacy_chain,150,21,9,7,113,0.2,0.18666666666666668,-0.013333333333333334,0.803619384765625,"[-0.066667, 0.04]","[""DA_d2_heldout100/321"", ""DA_d2_heldout200b/566"", ""DA_d2_heldout200b/618"", ""DA_d2_heldout200b/662"", ""DA_d2_seq100/103"", ""DA_d2_seq100/188"", ""DA_d2_seq100/206""]","[""DA_d2_heldout200b/523"", ""DA_d2_heldout200b/621"", ""DA_d2_heldout200b/660"", ""DA_d2_heldout200b/713"", ""DA_d2_seq100/186"", ""DA_d2_seq100/19"", ""DA_d2_seq100/214"", ""DA_d2_seq100/241"", ""DA_d2_seq100/74""]",1.0
E12,s1_k10_first,raw_k10_first,raw_vs_s1_k10_first,factorial39,DA,legacy_chain,150,30,0,0,120,0.2,0.2,0.0,1.0,"[0.0, 0.0]",[],[],1.0
E12,s1_k10_pairwise,raw_k10_pairwise,raw_vs_s1_k10_pairwise,factorial39,DA,legacy_chain,150,21,0,13,116,0.14,0.22666666666666666,0.08666666666666667,0.000244140625,"[0.046667, 0.133333]","[""DA_d2_heldout100/392"", ""DA_d2_heldout200b/518"", ""DA_d2_heldout200b/540"", ""DA_d2_heldout200b/549"", ""DA_d2_heldout200b/566"", ""DA_d2_heldout200b/578"", ""DA_d2_heldout200b/589"", ""DA_d2_heldout200b/621"", ""DA_d2_heldout200b/649"", ""DA_d2_heldout200b/660"", ""DA_d2_heldout200b/662"", ""DA_d2_heldout200b/706"", ""DA_d2_seq100/214""]",[],0.00927734375
E12,s1_k10_pointwise,raw_k10_pointwise,raw_vs_s1_k10_pointwise,factorial39,DA,legacy_chain,150,23,0,16,111,0.15333333333333332,0.26,0.10666666666666667,3.0517578125e-05,"[0.06, 0.16]","[""DA_d2_heldout100/269"", ""DA_d2_heldout100/392"", ""DA_d2_heldout100/420"", ""DA_d2_heldout100/451"", ""DA_d2_heldout200b/508"", ""DA_d2_heldout200b/518"", ""DA_d2_heldout200b/523"", ""DA_d2_heldout200b/536"", ""DA_d2_heldout200b/540"", ""DA_d2_heldout200b/549"", ""DA_d2_heldout200b/589"", ""DA_d2_heldout200b/621"", ""DA_d2_heldout200b/649"", ""DA_d2_heldout200b/660"", ""DA_d2_seq100/103"", ""DA_d2_seq100/76""]",[],0.001190185546875
E12,s1_k5_first,raw_k5_first,raw_vs_s1_k5_first,factorial39,DA,legacy_chain,150,30,0,0,120,0.2,0.2,0.0,1.0,"[0.0, 0.0]",[],[],1.0
E12,s1_k5_pairwise,raw_k5_pairwise,raw_vs_s1_k5_pairwise,factorial39,DA,legacy_chain,150,23,2,8,117,0.16666666666666666,0.20666666666666667,0.04,0.109375,"[0.0, 0.08]","[""DA_d2_heldout100/281"", ""DA_d2_heldout100/392"", ""DA_d2_heldout200b/536"", ""DA_d2_heldout200b/566"", ""DA_d2_heldout200b/578"", ""DA_d2_heldout200b/621"", ""DA_d2_heldout200b/660"", ""DA_d2_seq100/76""]","[""DA_d2_heldout200b/619"", ""DA_d2_heldout200b/713""]",1.0
E12,s1_k5_pointwise,raw_k5_pointwise,raw_vs_s1_k5_pointwise,factorial39,DA,legacy_chain,150,23,5,4,118,0.18666666666666668,0.18,-0.006666666666666667,1.0,"[-0.046667, 0.033333]","[""DA_d2_heldout100/392"", ""DA_d2_heldout200b/589"", ""DA_d2_heldout200b/660"", ""DA_d2_seq100/214""]","[""DA_d2_heldout100/273"", ""DA_d2_heldout200b/548"", ""DA_d2_heldout200b/566"", ""DA_d2_heldout200b/618"", ""DA_d2_seq100/45""]",1.0
E12,s1_k10_first,graph_k10_first,graph_vs_s1_k10_first,factorial39,DA,safe_exact,150,0,0,0,150,0.0,0.0,0.0,1.0,"[0.0, 0.0]",[],[],1.0
E12,s1_k10_pairwise,graph_k10_pairwise,graph_vs_s1_k10_pairwise,factorial39,DA,safe_exact,150,0,0,1,149,0.0,0.006666666666666667,0.006666666666666667,1.0,"[0.0, 0.02]","[""DA_d2_heldout200b/540""]",[],1.0
E12,s1_k10_pointwise,graph_k10_pointwise,graph_vs_s1_k10_pointwise,factorial39,DA,safe_exact,150,0,0,1,149,0.0,0.006666666666666667,0.006666666666666667,1.0,"[0.0, 0.02]","[""DA_d2_heldout200b/540""]",[],1.0
E12,s1_k5_first,graph_k5_first,graph_vs_s1_k5_first,factorial39,DA,safe_exact,150,0,0,0,150,0.0,0.0,0.0,1.0,"[0.0, 0.0]",[],[],1.0
E12,s1_k5_pairwise,graph_k5_pairwise,graph_vs_s1_k5_pairwise,factorial39,DA,safe_exact,150,0,0,0,150,0.0,0.0,0.0,1.0,"[0.0, 0.0]",[],[],1.0
E12,s1_k5_pointwise,graph_k5_pointwise,graph_vs_s1_k5_pointwise,factorial39,DA,safe_exact,150,0,0,0,150,0.0,0.0,0.0,1.0,"[0.0, 0.0]",[],[],1.0
E12,graph_k5_first,graph_k10_first,k10_vs_k5_graph_first,factorial39,DA,safe_exact,150,0,0,0,150,0.0,0.0,0.0,1.0,"[0.0, 0.0]",[],[],1.0
E12,graph_k5_pairwise,graph_k10_pairwise,k10_vs_k5_graph_pairwise,factorial39,DA,safe_exact,150,0,0,1,149,0.0,0.006666666666666667,0.006666666666666667,1.0,"[0.0, 0.02]","[""DA_d2_heldout200b/540""]",[],1.0
E12,graph_k5_pointwise,graph_k10_pointwise,k10_vs_k5_graph_pointwise,factorial39,DA,safe_exact,150,0,0,1,149,0.0,0.006666666666666667,0.006666666666666667,1.0,"[0.0, 0.02]","[""DA_d2_heldout200b/540""]",[],1.0
E12,raw_k5_first,raw_k10_first,k10_vs_k5_raw_first,factorial39,DA,safe_exact,150,0,0,0,150,0.0,0.0,0.0,1.0,"[0.0, 0.0]",[],[],1.0
E12,raw_k5_pairwise,raw_k10_pairwise,k10_vs_k5_raw_pairwise,factorial39,DA,safe_exact,150,0,0,1,149,0.0,0.006666666666666667,0.006666666666666667,1.0,"[0.0, 0.02]","[""DA_d2_heldout200b/540""]",[],1.0
E12,raw_k5_pointwise,raw_k10_pointwise,k10_vs_k5_raw_pointwise,factorial39,DA,safe_exact,150,0,0,1,149,0.0,0.006666666666666667,0.006666666666666667,1.0,"[0.0, 0.02]","[""DA_d2_heldout200b/540""]",[],1.0
E12,s1_k5_first,s1_k10_first,k10_vs_k5_s1_first,factorial39,DA,safe_exact,150,0,0,0,150,0.0,0.0,0.0,1.0,"[0.0, 0.0]",[],[],1.0
E12,s1_k5_pairwise,s1_k10_pairwise,k10_vs_k5_s1_pairwise,factorial39,DA,safe_exact,150,0,0,0,150,0.0,0.0,0.0,1.0,"[0.0, 0.0]",[],[],1.0
E12,s1_k5_pointwise,s1_k10_pointwise,k10_vs_k5_s1_pointwise,factorial39,DA,safe_exact,150,0,0,0,150,0.0,0.0,0.0,1.0,"[0.0, 0.0]",[],[],1.0
E12,graph_k10_first,graph_k10_pairwise,pairwise_vs_first_graph_k10,factorial39,DA,safe_exact,150,0,0,1,149,0.0,0.006666666666666667,0.006666666666666667,1.0,"[0.0, 0.02]","[""DA_d2_heldout200b/540""]",[],1.0
E12,graph_k5_first,graph_k5_pairwise,pairwise_vs_first_graph_k5,factorial39,DA,safe_exact,150,0,0,0,150,0.0,0.0,0.0,1.0,"[0.0, 0.0]",[],[],1.0
E12,raw_k10_first,raw_k10_pairwise,pairwise_vs_first_raw_k10,factorial39,DA,safe_exact,150,0,0,1,149,0.0,0.006666666666666667,0.006666666666666667,1.0,"[0.0, 0.02]","[""DA_d2_heldout200b/540""]",[],1.0
E12,raw_k5_first,raw_k5_pairwise,pairwise_vs_first_raw_k5,factorial39,DA,safe_exact,150,0,0,0,150,0.0,0.0,0.0,1.0,"[0.0, 0.0]",[],[],1.0
E12,s1_k10_first,s1_k10_pairwise,pairwise_vs_first_s1_k10,factorial39,DA,safe_exact,150,0,0,0,150,0.0,0.0,0.0,1.0,"[0.0, 0.0]",[],[],1.0
E12,s1_k5_first,s1_k5_pairwise,pairwise_vs_first_s1_k5,factorial39,DA,safe_exact,150,0,0,0,150,0.0,0.0,0.0,1.0,"[0.0, 0.0]",[],[],1.0
E12,graph_k10_pointwise,graph_k10_pairwise,pairwise_vs_pointwise_graph_k10,factorial39,DA,safe_exact,150,1,0,0,149,0.006666666666666667,0.006666666666666667,0.0,1.0,"[0.0, 0.0]",[],[],1.0
E12,graph_k5_pointwise,graph_k5_pairwise,pairwise_vs_pointwise_graph_k5,factorial39,DA,safe_exact,150,0,0,0,150,0.0,0.0,0.0,1.0,"[0.0, 0.0]",[],[],1.0
E12,raw_k10_pointwise,raw_k10_pairwise,pairwise_vs_pointwise_raw_k10,factorial39,DA,safe_exact,150,1,0,0,149,0.006666666666666667,0.006666666666666667,0.0,1.0,"[0.0, 0.0]",[],[],1.0
E12,raw_k5_pointwise,raw_k5_pairwise,pairwise_vs_pointwise_raw_k5,factorial39,DA,safe_exact,150,0,0,0,150,0.0,0.0,0.0,1.0,"[0.0, 0.0]",[],[],1.0
E12,s1_k10_pointwise,s1_k10_pairwise,pairwise_vs_pointwise_s1_k10,factorial39,DA,safe_exact,150,0,0,0,150,0.0,0.0,0.0,1.0,"[0.0, 0.0]",[],[],1.0
E12,s1_k5_pointwise,s1_k5_pairwise,pairwise_vs_pointwise_s1_k5,factorial39,DA,safe_exact,150,0,0,0,150,0.0,0.0,0.0,1.0,"[0.0, 0.0]",[],[],1.0
E12,graph_k10_first,graph_k10_pointwise,pointwise_vs_first_graph_k10,factorial39,DA,safe_exact,150,0,0,1,149,0.0,0.006666666666666667,0.006666666666666667,1.0,"[0.0, 0.02]","[""DA_d2_heldout200b/540""]",[],1.0
E12,graph_k5_first,graph_k5_pointwise,pointwise_vs_first_graph_k5,factorial39,DA,safe_exact,150,0,0,0,150,0.0,0.0,0.0,1.0,"[0.0, 0.0]",[],[],1.0
E12,raw_k10_first,raw_k10_pointwise,pointwise_vs_first_raw_k10,factorial39,DA,safe_exact,150,0,0,1,149,0.0,0.006666666666666667,0.006666666666666667,1.0,"[0.0, 0.02]","[""DA_d2_heldout200b/540""]",[],1.0
E12,raw_k5_first,raw_k5_pointwise,pointwise_vs_first_raw_k5,factorial39,DA,safe_exact,150,0,0,0,150,0.0,0.0,0.0,1.0,"[0.0, 0.0]",[],[],1.0
E12,s1_k10_first,s1_k10_pointwise,pointwise_vs_first_s1_k10,factorial39,DA,safe_exact,150,0,0,0,150,0.0,0.0,0.0,1.0,"[0.0, 0.0]",[],[],1.0
E12,s1_k5_first,s1_k5_pointwise,pointwise_vs_first_s1_k5,factorial39,DA,safe_exact,150,0,0,0,150,0.0,0.0,0.0,1.0,"[0.0, 0.0]",[],[],1.0
E12,s1_k10_first,raw_k10_first,raw_vs_s1_k10_first,factorial39,DA,safe_exact,150,0,0,0,150,0.0,0.0,0.0,1.0,"[0.0, 0.0]",[],[],1.0
E12,s1_k10_pairwise,raw_k10_pairwise,raw_vs_s1_k10_pairwise,factorial39,DA,safe_exact,150,0,0,1,149,0.0,0.006666666666666667,0.006666666666666667,1.0,"[0.0, 0.02]","[""DA_d2_heldout200b/540""]",[],1.0
E12,s1_k10_pointwise,raw_k10_pointwise,raw_vs_s1_k10_pointwise,factorial39,DA,safe_exact,150,0,0,1,149,0.0,0.006666666666666667,0.006666666666666667,1.0,"[0.0, 0.02]","[""DA_d2_heldout200b/540""]",[],1.0
E12,s1_k5_first,raw_k5_first,raw_vs_s1_k5_first,factorial39,DA,safe_exact,150,0,0,0,150,0.0,0.0,0.0,1.0,"[0.0, 0.0]",[],[],1.0
E12,s1_k5_pairwise,raw_k5_pairwise,raw_vs_s1_k5_pairwise,factorial39,DA,safe_exact,150,0,0,0,150,0.0,0.0,0.0,1.0,"[0.0, 0.0]",[],[],1.0
E12,s1_k5_pointwise,raw_k5_pointwise,raw_vs_s1_k5_pointwise,factorial39,DA,safe_exact,150,0,0,0,150,0.0,0.0,0.0,1.0,"[0.0, 0.0]",[],[],1.0
E12,s1_k10_first,graph_k10_first,graph_vs_s1_k10_first,factorial39,MCR,clinical_complete,150,28,0,0,122,0.18666666666666668,0.18666666666666668,0.0,1.0,"[0.0, 0.0]",[],[],1.0
E12,s1_k10_pairwise,graph_k10_pairwise,graph_vs_s1_k10_pairwise,factorial39,MCR,clinical_complete,150,22,9,5,114,0.20666666666666667,0.18,-0.02666666666666667,0.4239501953125,"[-0.073333, 0.02]","[""MCR_seq200b/251"", ""MCR_seq200b/320"", ""MCR_seq200b/411"", ""MCR_seq200b/458"", ""MCR_v1_seq100/78""]","[""MCR_seq200b/263"", ""MCR_seq200b/296"", ""MCR_seq200b/329"", ""MCR_seq200b/335"", ""MCR_seq200b/376"", ""MCR_v1_seq100/47"", ""MCR_v1_seq100/60"", ""MCR_v1_seq100/76"", ""MCR_v1_seq100/99""]",1.0
E12,s1_k10_pointwise,graph_k10_pointwise,graph_vs_s1_k10_pointwise,factorial39,MCR,clinical_complete,150,19,8,6,117,0.18,0.16666666666666666,-0.013333333333333334,0.79052734375,"[-0.06, 0.033333]","[""MCR_seq200b/320"", ""MCR_seq200b/328"", ""MCR_seq200b/396"", ""MCR_seq200b/411"", ""MCR_seq200b/458"", ""MCR_v1_seq100/78""]","[""MCR_seq200b/263"", ""MCR_seq200b/283"", ""MCR_seq200b/296"", ""MCR_seq200b/329"", ""MCR_seq200b/376"", ""MCR_v1_seq100/76"", ""MCR_v1_seq100/99"", ""MCR_v2_seq100/209""]",1.0
E12,s1_k5_first,graph_k5_first,graph_vs_s1_k5_first,factorial39,MCR,clinical_complete,150,28,0,0,122,0.18666666666666668,0.18666666666666668,0.0,1.0,"[0.0, 0.0]",[],[],1.0
E12,s1_k5_pairwise,graph_k5_pairwise,graph_vs_s1_k5_pairwise,factorial39,MCR,clinical_complete,150,23,7,4,116,0.2,0.18,-0.02,0.548828125,"[-0.066667, 0.02]","[""MCR_seq200b/345"", ""MCR_seq200b/411"", ""MCR_v1_seq100/46"", ""MCR_v1_seq100/74""]","[""MCR_seq200b/328"", ""MCR_seq200b/329"", ""MCR_seq200b/376"", ""MCR_v1_seq100/12"", ""MCR_v1_seq100/45"", ""MCR_v1_seq100/76"", ""MCR_v1_seq100/95""]",1.0
E12,s1_k5_pointwise,graph_k5_pointwise,graph_vs_s1_k5_pointwise,factorial39,MCR,clinical_complete,150,21,6,8,115,0.18,0.19333333333333333,0.013333333333333334,0.79052734375,"[-0.033333, 0.06]","[""MCR_seq200b/320"", ""MCR_seq200b/411"", ""MCR_seq200b/458"", ""MCR_v1_seq100/46"", ""MCR_v1_seq100/74"", ""MCR_v1_seq100/78"", ""MCR_v1_seq100/99"", ""MCR_v2_seq100/174""]","[""MCR_seq200b/328"", ""MCR_seq200b/329"", ""MCR_seq200b/376"", ""MCR_v1_seq100/47"", ""MCR_v1_seq100/60"", ""MCR_v1_seq100/76""]",1.0
E12,graph_k5_first,graph_k10_first,k10_vs_k5_graph_first,factorial39,MCR,clinical_complete,150,28,0,0,122,0.18666666666666668,0.18666666666666668,0.0,1.0,"[0.0, 0.0]",[],[],1.0
E12,graph_k5_pairwise,graph_k10_pairwise,k10_vs_k5_graph_pairwise,factorial39,MCR,clinical_complete,150,23,4,4,119,0.18,0.18,0.0,1.0,"[-0.033333, 0.04]","[""MCR_seq200b/251"", ""MCR_seq200b/320"", ""MCR_v1_seq100/45"", ""MCR_v2_seq100/209""]","[""MCR_seq200b/263"", ""MCR_seq200b/335"", ""MCR_v1_seq100/74"", ""MCR_v1_seq100/99""]",1.0
E12,graph_k5_pointwise,graph_k10_pointwise,k10_vs_k5_graph_pointwise,factorial39,MCR,clinical_complete,150,22,7,3,118,0.19333333333333333,0.16666666666666666,-0.02666666666666667,0.34375,"[-0.066667, 0.013333]","[""MCR_seq200b/328"", ""MCR_seq200b/345"", ""MCR_v1_seq100/47""]","[""MCR_seq200b/263"", ""MCR_seq200b/296"", ""MCR_seq200b/335"", ""MCR_v1_seq100/46"", ""MCR_v1_seq100/74"", ""MCR_v1_seq100/99"", ""MCR_v2_seq100/174""]",1.0
E12,raw_k5_first,raw_k10_first,k10_vs_k5_raw_first,factorial39,MCR,clinical_complete,150,28,0,0,122,0.18666666666666668,0.18666666666666668,0.0,1.0,"[0.0, 0.0]",[],[],1.0
E12,raw_k5_pairwise,raw_k10_pairwise,k10_vs_k5_raw_pairwise,factorial39,MCR,clinical_complete,150,37,2,1,110,0.26,0.25333333333333335,-0.006666666666666667,1.0,"[-0.033333, 0.013333]","[""MCR_v1_seq100/99""]","[""MCR_v1_seq100/47"", ""MCR_v1_seq100/74""]",1.0
E12,raw_k5_pointwise,raw_k10_pointwise,k10_vs_k5_raw_pointwise,factorial39,MCR,clinical_complete,150,33,4,3,110,0.24666666666666667,0.24,-0.006666666666666667,1.0,"[-0.04, 0.026667]","[""MCR_seq200b/329"", ""MCR_seq200b/396"", ""MCR_seq200b/458""]","[""MCR_seq200b/283"", ""MCR_seq200b/296"", ""MCR_seq200b/345"", ""MCR_v1_seq100/74""]",1.0
E12,s1_k5_first,s1_k10_first,k10_vs_k5_s1_first,factorial39,MCR,clinical_complete,150,28,0,0,122,0.18666666666666668,0.18666666666666668,0.0,1.0,"[0.0, 0.0]",[],[],1.0
E12,s1_k5_pairwise,s1_k10_pairwise,k10_vs_k5_s1_pairwise,factorial39,MCR,clinical_complete,150,25,5,6,114,0.2,0.20666666666666667,0.006666666666666667,1.0,"[-0.033333, 0.046667]","[""MCR_seq200b/296"", ""MCR_seq200b/345"", ""MCR_v1_seq100/46"", ""MCR_v1_seq100/47"", ""MCR_v1_seq100/60"", ""MCR_v2_seq100/209""]","[""MCR_seq200b/328"", ""MCR_seq200b/458"", ""MCR_v1_seq100/12"", ""MCR_v1_seq100/78"", ""MCR_v1_seq100/95""]",1.0
E12,s1_k5_pointwise,s1_k10_pointwise,k10_vs_k5_s1_pointwise,factorial39,MCR,clinical_complete,150,23,4,4,119,0.18,0.18,0.0,1.0,"[-0.04, 0.033333]","[""MCR_seq200b/283"", ""MCR_seq200b/345"", ""MCR_v1_seq100/99"", ""MCR_v2_seq100/209""]","[""MCR_seq200b/328"", ""MCR_seq200b/335"", ""MCR_seq200b/396"", ""MCR_v1_seq100/60""]",1.0
E12,graph_k10_first,graph_k10_pairwise,pairwise_vs_first_graph_k10,factorial39,MCR,clinical_complete,150,19,9,8,114,0.18666666666666668,0.18,-0.006666666666666667,1.0,"[-0.06, 0.046667]","[""MCR_seq200b/320"", ""MCR_seq200b/345"", ""MCR_seq200b/384"", ""MCR_v1_seq100/112"", ""MCR_v1_seq100/45"", ""MCR_v2_seq100/197"", ""MCR_v2_seq100/209"", ""MCR_v2_seq100/227""]","[""MCR_seq200b/263"", ""MCR_seq200b/283"", ""MCR_seq200b/296"", ""MCR_seq200b/328"", ""MCR_seq200b/376"", ""MCR_v1_seq100/12"", ""MCR_v1_seq100/76"", ""MCR_v1_seq100/95"", ""MCR_v2_seq100/208""]",1.0
E12,graph_k5_first,graph_k5_pairwise,pairwise_vs_first_graph_k5,factorial39,MCR,clinical_complete,150,19,9,8,114,0.18666666666666668,0.18,-0.006666666666666667,1.0,"[-0.06, 0.046667]","[""MCR_seq200b/335"", ""MCR_seq200b/345"", ""MCR_seq200b/384"", ""MCR_v1_seq100/112"", ""MCR_v1_seq100/74"", ""MCR_v1_seq100/99"", ""MCR_v2_seq100/197"", ""MCR_v2_seq100/227""]","[""MCR_seq200b/251"", ""MCR_seq200b/283"", ""MCR_seq200b/296"", ""MCR_seq200b/328"", ""MCR_seq200b/376"", ""MCR_v1_seq100/12"", ""MCR_v1_seq100/76"", ""MCR_v1_seq100/95"", ""MCR_v2_seq100/208""]",1.0
E12,raw_k10_first,raw_k10_pairwise,pairwise_vs_first_raw_k10,factorial39,MCR,clinical_complete,150,27,1,11,111,0.18666666666666668,0.25333333333333335,0.06666666666666667,0.00634765625,"[0.026667, 0.113333]","[""MCR_seq200b/320"", ""MCR_seq200b/329"", ""MCR_seq200b/335"", ""MCR_seq200b/345"", ""MCR_seq200b/384"", ""MCR_seq200b/431"", ""MCR_v1_seq100/112"", ""MCR_v1_seq100/45"", ""MCR_v1_seq100/99"", ""MCR_v2_seq100/197"", ""MCR_v2_seq100/227""]","[""MCR_seq200b/458""]",0.2412109375
E12,raw_k5_first,raw_k5_pairwise,pairwise_vs_first_raw_k5,factorial39,MCR,clinical_complete,150,27,1,12,110,0.18666666666666668,0.26,0.07333333333333333,0.00341796875,"[0.026667, 0.12]","[""MCR_seq200b/320"", ""MCR_seq200b/329"", ""MCR_seq200b/335"", ""MCR_seq200b/345"", ""MCR_seq200b/384"", ""MCR_seq200b/431"", ""MCR_v1_seq100/112"", ""MCR_v1_seq100/45"", ""MCR_v1_seq100/47"", ""MCR_v1_seq100/74"", ""MCR_v2_seq100/197"", ""MCR_v2_seq100/227""]","[""MCR_seq200b/458""]",0.13330078125
E12,s1_k10_first,s1_k10_pairwise,pairwise_vs_first_s1_k10,factorial39,MCR,clinical_complete,150,19,9,12,110,0.18666666666666668,0.20666666666666667,0.02,0.6636238098144531,"[-0.04, 0.08]","[""MCR_seq200b/329"", ""MCR_seq200b/335"", ""MCR_seq200b/345"", ""MCR_seq200b/384"", ""MCR_v1_seq100/112"", ""MCR_v1_seq100/45"", ""MCR_v1_seq100/47"", ""MCR_v1_seq100/60"", ""MCR_v1_seq100/99"", ""MCR_v2_seq100/197"", ""MCR_v2_seq100/209"", ""MCR_v2_seq100/227""]","[""MCR_seq200b/251"", ""MCR_seq200b/283"", ""MCR_seq200b/328"", ""MCR_seq200b/411"", ""MCR_seq200b/458"", ""MCR_v1_seq100/12"", ""MCR_v1_seq100/78"", ""MCR_v1_seq100/95"", ""MCR_v2_seq100/208""]",1.0
E12,s1_k5_first,s1_k5_pairwise,pairwise_vs_first_s1_k5,factorial39,MCR,clinical_complete,150,22,6,8,114,0.18666666666666668,0.2,0.013333333333333334,0.79052734375,"[-0.033333, 0.06]","[""MCR_seq200b/329"", ""MCR_seq200b/335"", ""MCR_seq200b/384"", ""MCR_v1_seq100/112"", ""MCR_v1_seq100/45"", ""MCR_v1_seq100/99"", ""MCR_v2_seq100/197"", ""MCR_v2_seq100/227""]","[""MCR_seq200b/251"", ""MCR_seq200b/283"", ""MCR_seq200b/296"", ""MCR_seq200b/411"", ""MCR_v1_seq100/46"", ""MCR_v2_seq100/208""]",1.0
E12,graph_k10_pointwise,graph_k10_pairwise,pairwise_vs_pointwise_graph_k10,factorial39,MCR,clinical_complete,150,23,2,4,121,0.16666666666666666,0.18,0.013333333333333334,0.6875,"[-0.02, 0.046667]","[""MCR_seq200b/251"", ""MCR_v1_seq100/46"", ""MCR_v2_seq100/174"", ""MCR_v2_seq100/209""]","[""MCR_seq200b/328"", ""MCR_v1_seq100/47""]",1.0
E12,graph_k5_pointwise,graph_k5_pairwise,pairwise_vs_pointwise_graph_k5,factorial39,MCR,clinical_complete,150,26,3,1,120,0.19333333333333333,0.18,-0.013333333333333334,0.625,"[-0.04, 0.013333]","[""MCR_seq200b/345""]","[""MCR_seq200b/296"", ""MCR_seq200b/320"", ""MCR_v1_seq100/45""]",1.0
E12,raw_k10_pointwise,raw_k10_pairwise,pairwise_vs_pointwise_raw_k10,factorial39,MCR,clinical_complete,150,33,3,5,109,0.24,0.25333333333333335,0.013333333333333334,0.7265625,"[-0.02, 0.053333]","[""MCR_seq200b/283"", ""MCR_seq200b/296"", ""MCR_seq200b/335"", ""MCR_seq200b/345"", ""MCR_v1_seq100/95""]","[""MCR_seq200b/301"", ""MCR_seq200b/458"", ""MCR_v1_seq100/47""]",1.0
E12,raw_k5_pointwise,raw_k5_pairwise,pairwise_vs_pointwise_raw_k5,factorial39,MCR,clinical_complete,150,35,2,4,109,0.24666666666666667,0.26,0.013333333333333334,0.6875,"[-0.02, 0.046667]","[""MCR_seq200b/329"", ""MCR_seq200b/335"", ""MCR_seq200b/396"", ""MCR_v1_seq100/95""]","[""MCR_seq200b/301"", ""MCR_v1_seq100/99""]",1.0
E12,s1_k10_pointwise,s1_k10_pairwise,pairwise_vs_pointwise_s1_k10,factorial39,MCR,clinical_complete,150,26,1,5,118,0.18,0.20666666666666667,0.02666666666666667,0.21875,"[0.0, 0.06]","[""MCR_seq200b/335"", ""MCR_seq200b/396"", ""MCR_v1_seq100/46"", ""MCR_v1_seq100/60"", ""MCR_v2_seq100/174""]","[""MCR_seq200b/283""]",1.0
E12,s1_k5_pointwise,s1_k5_pairwise,pairwise_vs_pointwise_s1_k5,factorial39,MCR,clinical_complete,150,24,3,6,117,0.18,0.2,0.02,0.5078125,"[-0.013333, 0.06]","[""MCR_seq200b/458"", ""MCR_v1_seq100/12"", ""MCR_v1_seq100/78"", ""MCR_v1_seq100/95"", ""MCR_v1_seq100/99"", ""MCR_v2_seq100/174""]","[""MCR_seq200b/296"", ""MCR_v1_seq100/47"", ""MCR_v1_seq100/60""]",1.0
E12,graph_k10_first,graph_k10_pointwise,pointwise_vs_first_graph_k10,factorial39,MCR,clinical_complete,150,17,11,8,114,0.18666666666666668,0.16666666666666666,-0.02,0.6476058959960938,"[-0.073333, 0.033333]","[""MCR_seq200b/320"", ""MCR_seq200b/345"", ""MCR_seq200b/384"", ""MCR_v1_seq100/112"", ""MCR_v1_seq100/45"", ""MCR_v1_seq100/47"", ""MCR_v2_seq100/197"", ""MCR_v2_seq100/227""]","[""MCR_seq200b/251"", ""MCR_seq200b/263"", ""MCR_seq200b/283"", ""MCR_seq200b/296"", ""MCR_seq200b/376"", ""MCR_v1_seq100/12"", ""MCR_v1_seq100/46"", ""MCR_v1_seq100/76"", ""MCR_v1_seq100/95"", ""MCR_v2_seq100/174"", ""MCR_v2_seq100/208""]",1.0
E12,graph_k5_first,graph_k5_pointwise,pointwise_vs_first_graph_k5,factorial39,MCR,clinical_complete,150,20,8,9,113,0.18666666666666668,0.19333333333333333,0.006666666666666667,1.0,"[-0.046667, 0.06]","[""MCR_seq200b/320"", ""MCR_seq200b/335"", ""MCR_seq200b/384"", ""MCR_v1_seq100/112"", ""MCR_v1_seq100/45"", ""MCR_v1_seq100/74"", ""MCR_v1_seq100/99"", ""MCR_v2_seq100/197"", ""MCR_v2_seq100/227""]","[""MCR_seq200b/251"", ""MCR_seq200b/283"", ""MCR_seq200b/328"", ""MCR_seq200b/376"", ""MCR_v1_seq100/12"", ""MCR_v1_seq100/76"", ""MCR_v1_seq100/95"", ""MCR_v2_seq100/208""]",1.0
E12,raw_k10_first,raw_k10_pointwise,pointwise_vs_first_raw_k10,factorial39,MCR,clinical_complete,150,25,3,11,111,0.18666666666666668,0.24,0.05333333333333334,0.057373046875,"[0.006667, 0.1]","[""MCR_seq200b/301"", ""MCR_seq200b/320"", ""MCR_seq200b/329"", ""MCR_seq200b/384"", ""MCR_seq200b/431"", ""MCR_v1_seq100/112"", ""MCR_v1_seq100/45"", ""MCR_v1_seq100/47"", ""MCR_v1_seq100/99"", ""MCR_v2_seq100/197"", ""MCR_v2_seq100/227""]","[""MCR_seq200b/283"", ""MCR_seq200b/296"", ""MCR_v1_seq100/95""]",1.0
E12,raw_k5_first,raw_k5_pointwise,pointwise_vs_first_raw_k5,factorial39,MCR,clinical_complete,150,25,3,12,110,0.18666666666666668,0.24666666666666667,0.06,0.03515625,"[0.013333, 0.113333]","[""MCR_seq200b/301"", ""MCR_seq200b/320"", ""MCR_seq200b/345"", ""MCR_seq200b/384"", ""MCR_seq200b/431"", ""MCR_v1_seq100/112"", ""MCR_v1_seq100/45"", ""MCR_v1_seq100/47"", ""MCR_v1_seq100/74"", ""MCR_v1_seq100/99"", ""MCR_v2_seq100/197"", ""MCR_v2_seq100/227""]","[""MCR_seq200b/396"", ""MCR_seq200b/458"", ""MCR_v1_seq100/95""]",1.0
E12,s1_k10_first,s1_k10_pointwise,pointwise_vs_first_s1_k10,factorial39,MCR,clinical_complete,150,17,11,10,112,0.18666666666666668,0.18,-0.006666666666666667,1.0,"[-0.066667, 0.053333]","[""MCR_seq200b/329"", ""MCR_seq200b/345"", ""MCR_seq200b/384"", ""MCR_v1_seq100/112"", ""MCR_v1_seq100/45"", ""MCR_v1_seq100/47"", ""MCR_v1_seq100/99"", ""MCR_v2_seq100/197"", ""MCR_v2_seq100/209"", ""MCR_v2_seq100/227""]","[""MCR_seq200b/251"", ""MCR_seq200b/328"", ""MCR_seq200b/396"", ""MCR_seq200b/411"", ""MCR_seq200b/458"", ""MCR_v1_seq100/12"", ""MCR_v1_seq100/46"", ""MCR_v1_seq100/78"", ""MCR_v1_seq100/95"", ""MCR_v2_seq100/174"", ""MCR_v2_seq100/208""]",1.0
E12,s1_k5_first,s1_k5_pointwise,pointwise_vs_first_s1_k5,factorial39,MCR,clinical_complete,150,18,10,9,113,0.18666666666666668,0.18,-0.006666666666666667,1.0,"[-0.066667, 0.046667]","[""MCR_seq200b/329"", ""MCR_seq200b/335"", ""MCR_seq200b/384"", ""MCR_v1_seq100/112"", ""MCR_v1_seq100/45"", ""MCR_v1_seq100/47"", ""MCR_v1_seq100/60"", ""MCR_v2_seq100/197"", ""MCR_v2_seq100/227""]","[""MCR_seq200b/251"", ""MCR_seq200b/283"", ""MCR_seq200b/411"", ""MCR_seq200b/458"", ""MCR_v1_seq100/12"", ""MCR_v1_seq100/46"", ""MCR_v1_seq100/78"", ""MCR_v1_seq100/95"", ""MCR_v2_seq100/174"", ""MCR_v2_seq100/208""]",1.0
E12,s1_k10_first,raw_k10_first,raw_vs_s1_k10_first,factorial39,MCR,clinical_complete,150,28,0,0,122,0.18666666666666668,0.18666666666666668,0.0,1.0,"[0.0, 0.0]",[],[],1.0
E12,s1_k10_pairwise,raw_k10_pairwise,raw_vs_s1_k10_pairwise,factorial39,MCR,clinical_complete,150,28,3,10,109,0.20666666666666667,0.25333333333333335,0.04666666666666667,0.09228515625,"[0.0, 0.093333]","[""MCR_seq200b/251"", ""MCR_seq200b/283"", ""MCR_seq200b/320"", ""MCR_seq200b/328"", ""MCR_seq200b/411"", ""MCR_seq200b/431"", ""MCR_v1_seq100/12"", ""MCR_v1_seq100/78"", ""MCR_v1_seq100/95"", ""MCR_v2_seq100/208""]","[""MCR_v1_seq100/47"", ""MCR_v1_seq100/60"", ""MCR_v2_seq100/209""]",1.0
E12,s1_k10_pointwise,raw_k10_pointwise,raw_vs_s1_k10_pointwise,factorial39,MCR,clinical_complete,150,23,4,13,110,0.18,0.24,0.06,0.049041748046875,"[0.006667, 0.113333]","[""MCR_seq200b/251"", ""MCR_seq200b/301"", ""MCR_seq200b/320"", ""MCR_seq200b/328"", ""MCR_seq200b/396"", ""MCR_seq200b/411"", ""MCR_seq200b/431"", ""MCR_seq200b/458"", ""MCR_v1_seq100/12"", ""MCR_v1_seq100/46"", ""MCR_v1_seq100/78"", ""MCR_v2_seq100/174"", ""MCR_v2_seq100/208""]","[""MCR_seq200b/283"", ""MCR_seq200b/296"", ""MCR_seq200b/345"", ""MCR_v2_seq100/209""]",1.0
E12,s1_k5_first,raw_k5_first,raw_vs_s1_k5_first,factorial39,MCR,clinical_complete,150,28,0,0,122,0.18666666666666668,0.18666666666666668,0.0,1.0,"[0.0, 0.0]",[],[],1.0
E12,s1_k5_pairwise,raw_k5_pairwise,raw_vs_s1_k5_pairwise,factorial39,MCR,clinical_complete,150,28,2,11,109,0.2,0.26,0.06,0.0224609375,"[0.013333, 0.106667]","[""MCR_seq200b/251"", ""MCR_seq200b/283"", ""MCR_seq200b/296"", ""MCR_seq200b/320"", ""MCR_seq200b/345"", ""MCR_seq200b/411"", ""MCR_seq200b/431"", ""MCR_v1_seq100/46"", ""MCR_v1_seq100/47"", ""MCR_v1_seq100/74"", ""MCR_v2_seq100/208""]","[""MCR_seq200b/458"", ""MCR_v1_seq100/99""]",0.8310546875
E12,s1_k5_pointwise,raw_k5_pointwise,raw_vs_s1_k5_pointwise,factorial39,MCR,clinical_complete,150,23,4,14,109,0.18,0.24666666666666667,0.06666666666666667,0.0308837890625,"[0.013333, 0.12]","[""MCR_seq200b/251"", ""MCR_seq200b/283"", ""MCR_seq200b/301"", ""MCR_seq200b/320"", ""MCR_seq200b/345"", ""MCR_seq200b/411"", ""MCR_seq200b/431"", ""MCR_v1_seq100/12"", ""MCR_v1_seq100/46"", ""MCR_v1_seq100/74"", ""MCR_v1_seq100/78"", ""MCR_v1_seq100/99"", ""MCR_v2_seq100/174"", ""MCR_v2_seq100/208""]","[""MCR_seq200b/329"", ""MCR_seq200b/335"", ""MCR_seq200b/396"", ""MCR_v1_seq100/60""]",1.0
E12,s1_k10_first,graph_k10_first,graph_vs_s1_k10_first,factorial39,MCR,compatible_partial,150,18,0,0,132,0.12,0.12,0.0,1.0,"[0.0, 0.0]",[],[],1.0
E12,s1_k10_pairwise,graph_k10_pairwise,graph_vs_s1_k10_pairwise,factorial39,MCR,compatible_partial,150,12,10,6,122,0.14666666666666667,0.12,-0.02666666666666667,0.454498291015625,"[-0.08, 0.026667]","[""MCR_seq200b/263"", ""MCR_seq200b/265"", ""MCR_seq200b/337"", ""MCR_v1_seq100/47"", ""MCR_v2_seq100/139"", ""MCR_v2_seq100/201""]","[""MCR_seq200b/251"", ""MCR_seq200b/363"", ""MCR_seq200b/369"", ""MCR_seq200b/378"", ""MCR_seq200b/411"", ""MCR_seq200b/478"", ""MCR_v1_seq100/12"", ""MCR_v1_seq100/123"", ""MCR_v1_seq100/26"", ""MCR_v2_seq100/214""]",1.0
E12,s1_k10_pointwise,graph_k10_pointwise,graph_vs_s1_k10_pointwise,factorial39,MCR,compatible_partial,150,12,8,4,126,0.13333333333333333,0.10666666666666667,-0.02666666666666667,0.3876953125,"[-0.073333, 0.02]","[""MCR_seq200b/263"", ""MCR_seq200b/363"", ""MCR_seq200b/374"", ""MCR_v1_seq100/41""]","[""MCR_seq200b/251"", ""MCR_seq200b/328"", ""MCR_seq200b/478"", ""MCR_v1_seq100/12"", ""MCR_v1_seq100/26"", ""MCR_v1_seq100/6"", ""MCR_v2_seq100/208"", ""MCR_v2_seq100/221""]",1.0
E12,s1_k5_first,graph_k5_first,graph_vs_s1_k5_first,factorial39,MCR,compatible_partial,150,18,0,0,132,0.12,0.12,0.0,1.0,"[0.0, 0.0]",[],[],1.0
E12,s1_k5_pairwise,graph_k5_pairwise,graph_vs_s1_k5_pairwise,factorial39,MCR,compatible_partial,150,15,7,4,124,0.14666666666666667,0.12666666666666668,-0.02,0.548828125,"[-0.066667, 0.02]","[""MCR_seq200b/251"", ""MCR_seq200b/328"", ""MCR_v2_seq100/139"", ""MCR_v2_seq100/230""]","[""MCR_seq200b/345"", ""MCR_seq200b/369"", ""MCR_seq200b/378"", ""MCR_seq200b/411"", ""MCR_seq200b/478"", ""MCR_v1_seq100/86"", ""MCR_v2_seq100/208""]",1.0
E12,s1_k5_pointwise,graph_k5_pointwise,graph_vs_s1_k5_pointwise,factorial39,MCR,compatible_partial,150,14,7,6,123,0.14,0.13333333333333333,-0.006666666666666667,1.0,"[-0.053333, 0.04]","[""MCR_seq200b/270"", ""MCR_seq200b/328"", ""MCR_seq200b/355"", ""MCR_seq200b/363"", ""MCR_v1_seq100/41"", ""MCR_v1_seq100/47""]","[""MCR_seq200b/411"", ""MCR_seq200b/478"", ""MCR_v1_seq100/12"", ""MCR_v1_seq100/26"", ""MCR_v2_seq100/201"", ""MCR_v2_seq100/208"", ""MCR_v2_seq100/214""]",1.0
E12,graph_k5_first,graph_k10_first,k10_vs_k5_graph_first,factorial39,MCR,compatible_partial,150,18,0,0,132,0.12,0.12,0.0,1.0,"[0.0, 0.0]",[],[],1.0
E12,graph_k5_pairwise,graph_k10_pairwise,k10_vs_k5_graph_pairwise,factorial39,MCR,compatible_partial,150,15,4,3,128,0.12666666666666668,0.12,-0.006666666666666667,1.0,"[-0.04, 0.026667]","[""MCR_seq200b/263"", ""MCR_seq200b/265"", ""MCR_v1_seq100/86""]","[""MCR_seq200b/251"", ""MCR_v1_seq100/123"", ""MCR_v1_seq100/26"", ""MCR_v2_seq100/230""]",1.0
E12,graph_k5_pointwise,graph_k10_pointwise,k10_vs_k5_graph_pointwise,factorial39,MCR,compatible_partial,150,14,6,2,128,0.13333333333333333,0.10666666666666667,-0.02666666666666667,0.2890625,"[-0.066667, 0.006667]","[""MCR_seq200b/263"", ""MCR_v2_seq100/201""]","[""MCR_seq200b/251"", ""MCR_seq200b/328"", ""MCR_seq200b/345"", ""MCR_seq200b/355"", ""MCR_v1_seq100/47"", ""MCR_v1_seq100/6""]",1.0
E12,raw_k5_first,raw_k10_first,k10_vs_k5_raw_first,factorial39,MCR,compatible_partial,150,18,0,0,132,0.12,0.12,0.0,1.0,"[0.0, 0.0]",[],[],1.0
E12,raw_k5_pairwise,raw_k10_pairwise,k10_vs_k5_raw_pairwise,factorial39,MCR,compatible_partial,150,18,1,5,126,0.12666666666666668,0.15333333333333332,0.02666666666666667,0.21875,"[0.0, 0.06]","[""MCR_v1_seq100/41"", ""MCR_v1_seq100/47"", ""MCR_v1_seq100/86"", ""MCR_v2_seq100/143"", ""MCR_v2_seq100/214""]","[""MCR_v1_seq100/26""]",1.0
E12,raw_k5_pointwise,raw_k10_pointwise,k10_vs_k5_raw_pointwise,factorial39,MCR,compatible_partial,150,13,6,3,128,0.12666666666666668,0.10666666666666667,-0.02,0.5078125,"[-0.06, 0.02]","[""MCR_seq200b/355"", ""MCR_v2_seq100/143"", ""MCR_v2_seq100/245""]","[""MCR_seq200b/369"", ""MCR_seq200b/378"", ""MCR_seq200b/394"", ""MCR_v1_seq100/123"", ""MCR_v1_seq100/41"", ""MCR_v2_seq100/214""]",1.0
E12,s1_k5_first,s1_k10_first,k10_vs_k5_s1_first,factorial39,MCR,compatible_partial,150,18,0,0,132,0.12,0.12,0.0,1.0,"[0.0, 0.0]",[],[],1.0
E12,s1_k5_pairwise,s1_k10_pairwise,k10_vs_k5_s1_pairwise,factorial39,MCR,compatible_partial,150,17,5,5,123,0.14666666666666667,0.14666666666666667,0.0,1.0,"[-0.04, 0.04]","[""MCR_seq200b/251"", ""MCR_seq200b/328"", ""MCR_seq200b/363"", ""MCR_v1_seq100/12"", ""MCR_v2_seq100/214""]","[""MCR_seq200b/337"", ""MCR_seq200b/345"", ""MCR_v1_seq100/47"", ""MCR_v2_seq100/201"", ""MCR_v2_seq100/208""]",1.0
E12,s1_k5_pointwise,s1_k10_pointwise,k10_vs_k5_s1_pointwise,factorial39,MCR,compatible_partial,150,17,4,3,126,0.14,0.13333333333333333,-0.006666666666666667,1.0,"[-0.04, 0.026667]","[""MCR_seq200b/270"", ""MCR_seq200b/328"", ""MCR_v2_seq100/221""]","[""MCR_seq200b/345"", ""MCR_seq200b/374"", ""MCR_seq200b/411"", ""MCR_v2_seq100/214""]",1.0
E12,graph_k10_first,graph_k10_pairwise,pairwise_vs_first_graph_k10,factorial39,MCR,compatible_partial,150,12,6,6,126,0.12,0.12,0.0,1.0,"[-0.046667, 0.046667]","[""MCR_seq200b/263"", ""MCR_seq200b/265"", ""MCR_seq200b/270"", ""MCR_seq200b/328"", ""MCR_seq200b/374"", ""MCR_v2_seq100/143""]","[""MCR_seq200b/345"", ""MCR_seq200b/369"", ""MCR_seq200b/471"", ""MCR_seq200b/478"", ""MCR_v1_seq100/112"", ""MCR_v2_seq100/245""]",1.0
E12,graph_k5_first,graph_k5_pairwise,pairwise_vs_first_graph_k5,factorial39,MCR,compatible_partial,150,11,7,8,124,0.12,0.12666666666666668,0.006666666666666667,1.0,"[-0.04, 0.06]","[""MCR_seq200b/251"", ""MCR_seq200b/270"", ""MCR_seq200b/328"", ""MCR_seq200b/374"", ""MCR_v1_seq100/123"", ""MCR_v1_seq100/26"", ""MCR_v2_seq100/143"", ""MCR_v2_seq100/230""]","[""MCR_seq200b/345"", ""MCR_seq200b/369"", ""MCR_seq200b/471"", ""MCR_seq200b/478"", ""MCR_v1_seq100/112"", ""MCR_v1_seq100/86"", ""MCR_v2_seq100/245""]",1.0
E12,raw_k10_first,raw_k10_pairwise,pairwise_vs_first_raw_k10,factorial39,MCR,compatible_partial,150,14,4,9,123,0.12,0.15333333333333332,0.03333333333333333,0.266845703125,"[-0.013333, 0.08]","[""MCR_seq200b/270"", ""MCR_seq200b/374"", ""MCR_seq200b/378"", ""MCR_seq200b/394"", ""MCR_v1_seq100/123"", ""MCR_v1_seq100/41"", ""MCR_v2_seq100/143"", ""MCR_v2_seq100/214"", ""MCR_v2_seq100/230""]","[""MCR_seq200b/345"", ""MCR_seq200b/471"", ""MCR_v1_seq100/112"", ""MCR_v2_seq100/245""]",1.0
E12,raw_k5_first,raw_k5_pairwise,pairwise_vs_first_raw_k5,factorial39,MCR,compatible_partial,150,12,6,7,125,0.12,0.12666666666666668,0.006666666666666667,1.0,"[-0.04, 0.053333]","[""MCR_seq200b/270"", ""MCR_seq200b/374"", ""MCR_seq200b/378"", ""MCR_seq200b/394"", ""MCR_v1_seq100/123"", ""MCR_v1_seq100/26"", ""MCR_v2_seq100/230""]","[""MCR_seq200b/345"", ""MCR_seq200b/471"", ""MCR_v1_seq100/112"", ""MCR_v1_seq100/47"", ""MCR_v1_seq100/86"", ""MCR_v2_seq100/245""]",1.0
E12,s1_k10_first,s1_k10_pairwise,pairwise_vs_first_s1_k10,factorial39,MCR,compatible_partial,150,10,8,12,120,0.12,0.14666666666666667,0.02666666666666667,0.5034446716308594,"[-0.033333, 0.086667]","[""MCR_seq200b/251"", ""MCR_seq200b/270"", ""MCR_seq200b/328"", ""MCR_seq200b/363"", ""MCR_seq200b/374"", ""MCR_seq200b/378"", ""MCR_seq200b/411"", ""MCR_v1_seq100/12"", ""MCR_v1_seq100/123"", ""MCR_v1_seq100/26"", ""MCR_v2_seq100/143"", ""MCR_v2_seq100/214""]","[""MCR_seq200b/337"", ""MCR_seq200b/345"", ""MCR_seq200b/471"", ""MCR_v1_seq100/112"", ""MCR_v1_seq100/47"", ""MCR_v2_seq100/139"", ""MCR_v2_seq100/201"", ""MCR_v2_seq100/245""]",1.0
E12,s1_k5_first,s1_k5_pairwise,pairwise_vs_first_s1_k5,factorial39,MCR,compatible_partial,150,14,4,8,124,0.12,0.14666666666666667,0.02666666666666667,0.3876953125,"[-0.02, 0.073333]","[""MCR_seq200b/270"", ""MCR_seq200b/374"", ""MCR_seq200b/378"", ""MCR_seq200b/411"", ""MCR_v1_seq100/123"", ""MCR_v1_seq100/26"", ""MCR_v2_seq100/143"", ""MCR_v2_seq100/208""]","[""MCR_seq200b/471"", ""MCR_v1_seq100/112"", ""MCR_v2_seq100/139"", ""MCR_v2_seq100/245""]",1.0
E12,graph_k10_pointwise,graph_k10_pairwise,pairwise_vs_pointwise_graph_k10,factorial39,MCR,compatible_partial,150,13,3,5,129,0.10666666666666667,0.12,0.013333333333333334,0.7265625,"[-0.026667, 0.053333]","[""MCR_seq200b/265"", ""MCR_seq200b/328"", ""MCR_v1_seq100/47"", ""MCR_v1_seq100/6"", ""MCR_v2_seq100/139""]","[""MCR_seq200b/363"", ""MCR_seq200b/378"", ""MCR_v1_seq100/41""]",1.0
E12,graph_k5_pointwise,graph_k5_pairwise,pairwise_vs_pointwise_graph_k5,factorial39,MCR,compatible_partial,150,14,6,5,125,0.13333333333333333,0.12666666666666668,-0.006666666666666667,1.0,"[-0.053333, 0.0335]","[""MCR_v1_seq100/123"", ""MCR_v1_seq100/26"", ""MCR_v2_seq100/139"", ""MCR_v2_seq100/201"", ""MCR_v2_seq100/230""]","[""MCR_seq200b/345"", ""MCR_seq200b/355"", ""MCR_seq200b/363"", ""MCR_seq200b/378"", ""MCR_v1_seq100/41"", ""MCR_v1_seq100/86""]",1.0
E12,raw_k10_pointwise,raw_k10_pairwise,pairwise_vs_pointwise_raw_k10,factorial39,MCR,compatible_partial,150,14,2,9,125,0.10666666666666667,0.15333333333333332,0.04666666666666667,0.0654296875,"[0.006667, 0.093333]","[""MCR_seq200b/369"", ""MCR_seq200b/378"", ""MCR_seq200b/394"", ""MCR_v1_seq100/123"", ""MCR_v1_seq100/41"", ""MCR_v1_seq100/47"", ""MCR_v1_seq100/8"", ""MCR_v2_seq100/139"", ""MCR_v2_seq100/214""]","[""MCR_seq200b/355"", ""MCR_v2_seq100/245""]",1.0
E12,raw_k5_pointwise,raw_k5_pairwise,pairwise_vs_pointwise_raw_k5,factorial39,MCR,compatible_partial,150,16,3,3,128,0.12666666666666668,0.12666666666666668,0.0,1.0,"[-0.033333, 0.033333]","[""MCR_v1_seq100/26"", ""MCR_v1_seq100/8"", ""MCR_v2_seq100/139""]","[""MCR_v1_seq100/41"", ""MCR_v1_seq100/86"", ""MCR_v2_seq100/214""]",1.0
E12,s1_k10_pointwise,s1_k10_pairwise,pairwise_vs_pointwise_s1_k10,factorial39,MCR,compatible_partial,150,16,4,6,124,0.13333333333333333,0.14666666666666667,0.013333333333333334,0.75390625,"[-0.026667, 0.053333]","[""MCR_seq200b/363"", ""MCR_seq200b/369"", ""MCR_seq200b/374"", ""MCR_seq200b/411"", ""MCR_v1_seq100/123"", ""MCR_v2_seq100/214""]","[""MCR_seq200b/337"", ""MCR_v2_seq100/201"", ""MCR_v2_seq100/208"", ""MCR_v2_seq100/221""]",1.0
E12,s1_k5_pointwise,s1_k5_pairwise,pairwise_vs_pointwise_s1_k5,factorial39,MCR,compatible_partial,150,18,3,4,125,0.14,0.14666666666666667,0.006666666666666667,1.0,"[-0.026667, 0.04]","[""MCR_seq200b/270"", ""MCR_seq200b/369"", ""MCR_v1_seq100/123"", ""MCR_v1_seq100/47""]","[""MCR_seq200b/251"", ""MCR_v1_seq100/12"", ""MCR_v2_seq100/214""]",1.0
E12,graph_k10_first,graph_k10_pointwise,pointwise_vs_first_graph_k10,factorial39,MCR,compatible_partial,150,9,9,7,125,0.12,0.10666666666666667,-0.013333333333333334,0.803619384765625,"[-0.066667, 0.04]","[""MCR_seq200b/263"", ""MCR_seq200b/270"", ""MCR_seq200b/363"", ""MCR_seq200b/374"", ""MCR_seq200b/378"", ""MCR_v1_seq100/41"", ""MCR_v2_seq100/143""]","[""MCR_seq200b/345"", ""MCR_seq200b/369"", ""MCR_seq200b/471"", ""MCR_seq200b/478"", ""MCR_v1_seq100/112"", ""MCR_v1_seq100/47"", ""MCR_v1_seq100/6"", ""MCR_v2_seq100/139"", ""MCR_v2_seq100/245""]",1.0
E12,graph_k5_first,graph_k5_pointwise,pointwise_vs_first_graph_k5,factorial39,MCR,compatible_partial,150,11,7,9,123,0.12,0.13333333333333333,0.013333333333333334,0.803619384765625,"[-0.04, 0.066667]","[""MCR_seq200b/251"", ""MCR_seq200b/270"", ""MCR_seq200b/328"", ""MCR_seq200b/355"", ""MCR_seq200b/363"", ""MCR_seq200b/374"", ""MCR_seq200b/378"", ""MCR_v1_seq100/41"", ""MCR_v2_seq100/143""]","[""MCR_seq200b/369"", ""MCR_seq200b/471"", ""MCR_seq200b/478"", ""MCR_v1_seq100/112"", ""MCR_v2_seq100/139"", ""MCR_v2_seq100/201"", ""MCR_v2_seq100/245""]",1.0
E12,raw_k10_first,raw_k10_pointwise,pointwise_vs_first_raw_k10,factorial39,MCR,compatible_partial,150,11,7,5,127,0.12,0.10666666666666667,-0.013333333333333334,0.7744140625,"[-0.06, 0.033333]","[""MCR_seq200b/270"", ""MCR_seq200b/355"", ""MCR_seq200b/374"", ""MCR_v2_seq100/143"", ""MCR_v2_seq100/230""]","[""MCR_seq200b/345"", ""MCR_seq200b/369"", ""MCR_seq200b/471"", ""MCR_v1_seq100/112"", ""MCR_v1_seq100/47"", ""MCR_v1_seq100/8"", ""MCR_v2_seq100/139""]",1.0
E12,raw_k5_first,raw_k5_pointwise,pointwise_vs_first_raw_k5,factorial39,MCR,compatible_partial,150,11,7,8,124,0.12,0.12666666666666668,0.006666666666666667,1.0,"[-0.046667, 0.06]","[""MCR_seq200b/270"", ""MCR_seq200b/374"", ""MCR_seq200b/378"", ""MCR_seq200b/394"", ""MCR_v1_seq100/123"", ""MCR_v1_seq100/41"", ""MCR_v2_seq100/214"", ""MCR_v2_seq100/230""]","[""MCR_seq200b/345"", ""MCR_seq200b/471"", ""MCR_v1_seq100/112"", ""MCR_v1_seq100/47"", ""MCR_v1_seq100/8"", ""MCR_v2_seq100/139"", ""MCR_v2_seq100/245""]",1.0
E12,s1_k10_first,s1_k10_pointwise,pointwise_vs_first_s1_k10,factorial39,MCR,compatible_partial,150,11,7,9,123,0.12,0.13333333333333333,0.013333333333333334,0.803619384765625,"[-0.04, 0.066667]","[""MCR_seq200b/251"", ""MCR_seq200b/270"", ""MCR_seq200b/328"", ""MCR_seq200b/378"", ""MCR_v1_seq100/12"", ""MCR_v1_seq100/26"", ""MCR_v2_seq100/143"", ""MCR_v2_seq100/208"", ""MCR_v2_seq100/221""]","[""MCR_seq200b/345"", ""MCR_seq200b/369"", ""MCR_seq200b/471"", ""MCR_v1_seq100/112"", ""MCR_v1_seq100/47"", ""MCR_v2_seq100/139"", ""MCR_v2_seq100/245""]",1.0
E12,s1_k5_first,s1_k5_pointwise,pointwise_vs_first_s1_k5,factorial39,MCR,compatible_partial,150,12,6,9,123,0.12,0.14,0.02,0.60723876953125,"[-0.033333, 0.073333]","[""MCR_seq200b/251"", ""MCR_seq200b/374"", ""MCR_seq200b/378"", ""MCR_seq200b/411"", ""MCR_v1_seq100/12"", ""MCR_v1_seq100/26"", ""MCR_v2_seq100/143"", ""MCR_v2_seq100/208"", ""MCR_v2_seq100/214""]","[""MCR_seq200b/369"", ""MCR_seq200b/471"", ""MCR_v1_seq100/112"", ""MCR_v1_seq100/47"", ""MCR_v2_seq100/139"", ""MCR_v2_seq100/245""]",1.0
E12,s1_k10_first,raw_k10_first,raw_vs_s1_k10_first,factorial39,MCR,compatible_partial,150,18,0,0,132,0.12,0.12,0.0,1.0,"[0.0, 0.0]",[],[],1.0
E12,s1_k10_pairwise,raw_k10_pairwise,raw_vs_s1_k10_pairwise,factorial39,MCR,compatible_partial,150,16,6,7,121,0.14666666666666667,0.15333333333333332,0.006666666666666667,1.0,"[-0.04, 0.053333]","[""MCR_seq200b/337"", ""MCR_seq200b/394"", ""MCR_v1_seq100/41"", ""MCR_v1_seq100/47"", ""MCR_v2_seq100/139"", ""MCR_v2_seq100/201"", ""MCR_v2_seq100/230""]","[""MCR_seq200b/251"", ""MCR_seq200b/328"", ""MCR_seq200b/363"", ""MCR_seq200b/411"", ""MCR_v1_seq100/12"", ""MCR_v1_seq100/26""]",1.0
E12,s1_k10_pointwise,raw_k10_pointwise,raw_vs_s1_k10_pointwise,factorial39,MCR,compatible_partial,150,12,8,4,126,0.13333333333333333,0.10666666666666667,-0.02666666666666667,0.3876953125,"[-0.073333, 0.02]","[""MCR_seq200b/355"", ""MCR_seq200b/374"", ""MCR_v2_seq100/230"", ""MCR_v2_seq100/245""]","[""MCR_seq200b/251"", ""MCR_seq200b/328"", ""MCR_seq200b/378"", ""MCR_v1_seq100/12"", ""MCR_v1_seq100/26"", ""MCR_v1_seq100/8"", ""MCR_v2_seq100/208"", ""MCR_v2_seq100/221""]",1.0
E12,s1_k5_first,raw_k5_first,raw_vs_s1_k5_first,factorial39,MCR,compatible_partial,150,18,0,0,132,0.12,0.12,0.0,1.0,"[0.0, 0.0]",[],[],1.0
E12,s1_k5_pairwise,raw_k5_pairwise,raw_vs_s1_k5_pairwise,factorial39,MCR,compatible_partial,150,16,6,3,125,0.14666666666666667,0.12666666666666668,-0.02,0.5078125,"[-0.06, 0.02]","[""MCR_seq200b/394"", ""MCR_v2_seq100/139"", ""MCR_v2_seq100/230""]","[""MCR_seq200b/345"", ""MCR_seq200b/411"", ""MCR_v1_seq100/47"", ""MCR_v1_seq100/86"", ""MCR_v2_seq100/143"", ""MCR_v2_seq100/208""]",1.0
E12,s1_k5_pointwise,raw_k5_pointwise,raw_vs_s1_k5_pointwise,factorial39,MCR,compatible_partial,150,13,8,6,123,0.14,0.12666666666666668,-0.013333333333333334,0.79052734375,"[-0.06, 0.033333]","[""MCR_seq200b/270"", ""MCR_seq200b/369"", ""MCR_seq200b/394"", ""MCR_v1_seq100/123"", ""MCR_v1_seq100/41"", ""MCR_v2_seq100/230""]","[""MCR_seq200b/251"", ""MCR_seq200b/345"", ""MCR_seq200b/411"", ""MCR_v1_seq100/12"", ""MCR_v1_seq100/26"", ""MCR_v1_seq100/8"", ""MCR_v2_seq100/143"", ""MCR_v2_seq100/208""]",1.0
E12,s1_k10_first,graph_k10_first,graph_vs_s1_k10_first,factorial39,MCR,complete_or_compatible_partial,150,46,0,0,104,0.30666666666666664,0.30666666666666664,0.0,1.0,"[0.0, 0.0]",[],[],1.0
E12,s1_k10_pairwise,graph_k10_pairwise,graph_vs_s1_k10_pairwise,factorial39,MCR,complete_or_compatible_partial,150,38,15,7,90,0.35333333333333333,0.3,-0.05333333333333334,0.13380050659179688,"[-0.113333, 0.006667]","[""MCR_seq200b/265"", ""MCR_seq200b/320"", ""MCR_seq200b/337"", ""MCR_seq200b/458"", ""MCR_v1_seq100/78"", ""MCR_v2_seq100/139"", ""MCR_v2_seq100/201""]","[""MCR_seq200b/296"", ""MCR_seq200b/329"", ""MCR_seq200b/335"", ""MCR_seq200b/363"", ""MCR_seq200b/369"", ""MCR_seq200b/376"", ""MCR_seq200b/378"", ""MCR_seq200b/478"", ""MCR_v1_seq100/12"", ""MCR_v1_seq100/123"", ""MCR_v1_seq100/26"", ""MCR_v1_seq100/60"", ""MCR_v1_seq100/76"", ""MCR_v1_seq100/99"", ""MCR_v2_seq100/214""]",1.0
E12,s1_k10_pointwise,graph_k10_pointwise,graph_vs_s1_k10_pointwise,factorial39,MCR,complete_or_compatible_partial,150,33,14,8,95,0.31333333333333335,0.2733333333333333,-0.04,0.28627872467041016,"[-0.1, 0.02]","[""MCR_seq200b/320"", ""MCR_seq200b/363"", ""MCR_seq200b/374"", ""MCR_seq200b/396"", ""MCR_seq200b/411"", ""MCR_seq200b/458"", ""MCR_v1_seq100/41"", ""MCR_v1_seq100/78""]","[""MCR_seq200b/251"", ""MCR_seq200b/283"", ""MCR_seq200b/296"", ""MCR_seq200b/329"", ""MCR_seq200b/376"", ""MCR_seq200b/478"", ""MCR_v1_seq100/12"", ""MCR_v1_seq100/26"", ""MCR_v1_seq100/6"", ""MCR_v1_seq100/76"", ""MCR_v1_seq100/99"", ""MCR_v2_seq100/208"", ""MCR_v2_seq100/209"", ""MCR_v2_seq100/221""]",1.0
E12,s1_k5_first,graph_k5_first,graph_vs_s1_k5_first,factorial39,MCR,complete_or_compatible_partial,150,46,0,0,104,0.30666666666666664,0.30666666666666664,0.0,1.0,"[0.0, 0.0]",[],[],1.0
E12,s1_k5_pairwise,graph_k5_pairwise,graph_vs_s1_k5_pairwise,factorial39,MCR,complete_or_compatible_partial,150,41,11,5,93,0.3466666666666667,0.30666666666666664,-0.04,0.210113525390625,"[-0.093333, 0.013333]","[""MCR_seq200b/251"", ""MCR_v1_seq100/46"", ""MCR_v1_seq100/74"", ""MCR_v2_seq100/139"", ""MCR_v2_seq100/230""]","[""MCR_seq200b/329"", ""MCR_seq200b/369"", ""MCR_seq200b/376"", ""MCR_seq200b/378"", ""MCR_seq200b/478"", ""MCR_v1_seq100/12"", ""MCR_v1_seq100/45"", ""MCR_v1_seq100/76"", ""MCR_v1_seq100/86"", ""MCR_v1_seq100/95"", ""MCR_v2_seq100/208""]",1.0
E12,s1_k5_pointwise,graph_k5_pointwise,graph_vs_s1_k5_pointwise,factorial39,MCR,complete_or_compatible_partial,150,38,10,11,91,0.32,0.32666666666666666,0.006666666666666667,1.0,"[-0.053333, 0.066667]","[""MCR_seq200b/270"", ""MCR_seq200b/320"", ""MCR_seq200b/355"", ""MCR_seq200b/363"", ""MCR_seq200b/458"", ""MCR_v1_seq100/41"", ""MCR_v1_seq100/46"", ""MCR_v1_seq100/74"", ""MCR_v1_seq100/78"", ""MCR_v1_seq100/99"", ""MCR_v2_seq100/174""]","[""MCR_seq200b/329"", ""MCR_seq200b/376"", ""MCR_seq200b/478"", ""MCR_v1_seq100/12"", ""MCR_v1_seq100/26"", ""MCR_v1_seq100/60"", ""MCR_v1_seq100/76"", ""MCR_v2_seq100/201"", ""MCR_v2_seq100/208"", ""MCR_v2_seq100/214""]",1.0
E12,graph_k5_first,graph_k10_first,k10_vs_k5_graph_first,factorial39,MCR,complete_or_compatible_partial,150,46,0,0,104,0.30666666666666664,0.30666666666666664,0.0,1.0,"[0.0, 0.0]",[],[],1.0
E12,graph_k5_pairwise,graph_k10_pairwise,k10_vs_k5_graph_pairwise,factorial39,MCR,complete_or_compatible_partial,150,40,6,5,99,0.30666666666666664,0.3,-0.006666666666666667,1.0,"[-0.053333, 0.033333]","[""MCR_seq200b/265"", ""MCR_seq200b/320"", ""MCR_v1_seq100/45"", ""MCR_v1_seq100/86"", ""MCR_v2_seq100/209""]","[""MCR_seq200b/335"", ""MCR_v1_seq100/123"", ""MCR_v1_seq100/26"", ""MCR_v1_seq100/74"", ""MCR_v1_seq100/99"", ""MCR_v2_seq100/230""]",1.0
E12,graph_k5_pointwise,graph_k10_pointwise,k10_vs_k5_graph_pointwise,factorial39,MCR,complete_or_compatible_partial,150,40,9,1,100,0.32666666666666666,0.2733333333333333,-0.05333333333333334,0.021484375,"[-0.093333, -0.013333]","[""MCR_v2_seq100/201""]","[""MCR_seq200b/251"", ""MCR_seq200b/296"", ""MCR_seq200b/335"", ""MCR_seq200b/355"", ""MCR_v1_seq100/46"", ""MCR_v1_seq100/6"", ""MCR_v1_seq100/74"", ""MCR_v1_seq100/99"", ""MCR_v2_seq100/174""]",0.794921875
E12,raw_k5_first,raw_k10_first,k10_vs_k5_raw_first,factorial39,MCR,complete_or_compatible_partial,150,46,0,0,104,0.30666666666666664,0.30666666666666664,0.0,1.0,"[0.0, 0.0]",[],[],1.0
E12,raw_k5_pairwise,raw_k10_pairwise,k10_vs_k5_raw_pairwise,factorial39,MCR,complete_or_compatible_partial,150,56,2,5,87,0.38666666666666666,0.4066666666666667,0.02,0.453125,"[-0.013333, 0.053333]","[""MCR_v1_seq100/41"", ""MCR_v1_seq100/86"", ""MCR_v1_seq100/99"", ""MCR_v2_seq100/143"", ""MCR_v2_seq100/214""]","[""MCR_v1_seq100/26"", ""MCR_v1_seq100/74""]",1.0
E12,raw_k5_pointwise,raw_k10_pointwise,k10_vs_k5_raw_pointwise,factorial39,MCR,complete_or_compatible_partial,150,46,10,6,88,0.37333333333333335,0.3466666666666667,-0.02666666666666667,0.454498291015625,"[-0.08, 0.026667]","[""MCR_seq200b/329"", ""MCR_seq200b/355"", ""MCR_seq200b/396"", ""MCR_seq200b/458"", ""MCR_v2_seq100/143"", ""MCR_v2_seq100/245""]","[""MCR_seq200b/283"", ""MCR_seq200b/296"", ""MCR_seq200b/345"", ""MCR_seq200b/369"", ""MCR_seq200b/378"", ""MCR_seq200b/394"", ""MCR_v1_seq100/123"", ""MCR_v1_seq100/41"", ""MCR_v1_seq100/74"", ""MCR_v2_seq100/214""]",1.0
E12,s1_k5_first,s1_k10_first,k10_vs_k5_s1_first,factorial39,MCR,complete_or_compatible_partial,150,46,0,0,104,0.30666666666666664,0.30666666666666664,0.0,1.0,"[0.0, 0.0]",[],[],1.0
E12,s1_k5_pairwise,s1_k10_pairwise,k10_vs_k5_s1_pairwise,factorial39,MCR,complete_or_compatible_partial,150,46,6,7,91,0.3466666666666667,0.35333333333333333,0.006666666666666667,1.0,"[-0.04, 0.053333]","[""MCR_seq200b/251"", ""MCR_seq200b/296"", ""MCR_seq200b/363"", ""MCR_v1_seq100/46"", ""MCR_v1_seq100/60"", ""MCR_v2_seq100/209"", ""MCR_v2_seq100/214""]","[""MCR_seq200b/337"", ""MCR_seq200b/458"", ""MCR_v1_seq100/78"", ""MCR_v1_seq100/95"", ""MCR_v2_seq100/201"", ""MCR_v2_seq100/208""]",1.0
E12,s1_k5_pointwise,s1_k10_pointwise,k10_vs_k5_s1_pointwise,factorial39,MCR,complete_or_compatible_partial,150,42,6,5,97,0.32,0.31333333333333335,-0.006666666666666667,1.0,"[-0.053333, 0.033333]","[""MCR_seq200b/270"", ""MCR_seq200b/283"", ""MCR_v1_seq100/99"", ""MCR_v2_seq100/209"", ""MCR_v2_seq100/221""]","[""MCR_seq200b/335"", ""MCR_seq200b/374"", ""MCR_seq200b/396"", ""MCR_seq200b/411"", ""MCR_v1_seq100/60"", ""MCR_v2_seq100/214""]",1.0
E12,graph_k10_first,graph_k10_pairwise,pairwise_vs_first_graph_k10,factorial39,MCR,complete_or_compatible_partial,150,35,11,10,94,0.30666666666666664,0.3,-0.006666666666666667,1.0,"[-0.066667, 0.053333]","[""MCR_seq200b/265"", ""MCR_seq200b/270"", ""MCR_seq200b/320"", ""MCR_seq200b/374"", ""MCR_seq200b/384"", ""MCR_v1_seq100/45"", ""MCR_v2_seq100/143"", ""MCR_v2_seq100/197"", ""MCR_v2_seq100/209"", ""MCR_v2_seq100/227""]","[""MCR_seq200b/283"", ""MCR_seq200b/296"", ""MCR_seq200b/369"", ""MCR_seq200b/376"", ""MCR_seq200b/471"", ""MCR_seq200b/478"", ""MCR_v1_seq100/12"", ""MCR_v1_seq100/76"", ""MCR_v1_seq100/95"", ""MCR_v2_seq100/208"", ""MCR_v2_seq100/245""]",1.0
E12,graph_k5_first,graph_k5_pairwise,pairwise_vs_first_graph_k5,factorial39,MCR,complete_or_compatible_partial,150,34,12,12,92,0.30666666666666664,0.30666666666666664,0.0,1.0,"[-0.066667, 0.066667]","[""MCR_seq200b/270"", ""MCR_seq200b/335"", ""MCR_seq200b/374"", ""MCR_seq200b/384"", ""MCR_v1_seq100/123"", ""MCR_v1_seq100/26"", ""MCR_v1_seq100/74"", ""MCR_v1_seq100/99"", ""MCR_v2_seq100/143"", ""MCR_v2_seq100/197"", ""MCR_v2_seq100/227"", ""MCR_v2_seq100/230""]","[""MCR_seq200b/283"", ""MCR_seq200b/296"", ""MCR_seq200b/369"", ""MCR_seq200b/376"", ""MCR_seq200b/471"", ""MCR_seq200b/478"", ""MCR_v1_seq100/12"", ""MCR_v1_seq100/76"", ""MCR_v1_seq100/86"", ""MCR_v1_seq100/95"", ""MCR_v2_seq100/208"", ""MCR_v2_seq100/245""]",1.0
E12,raw_k10_first,raw_k10_pairwise,pairwise_vs_first_raw_k10,factorial39,MCR,complete_or_compatible_partial,150,43,3,18,86,0.30666666666666664,0.4066666666666667,0.1,0.0014896392822265625,"[0.046667, 0.16]","[""MCR_seq200b/270"", ""MCR_seq200b/320"", ""MCR_seq200b/329"", ""MCR_seq200b/335"", ""MCR_seq200b/374"", ""MCR_seq200b/378"", ""MCR_seq200b/384"", ""MCR_seq200b/394"", ""MCR_seq200b/431"", ""MCR_v1_seq100/123"", ""MCR_v1_seq100/41"", ""MCR_v1_seq100/45"", ""MCR_v1_seq100/99"", ""MCR_v2_seq100/143"", ""MCR_v2_seq100/197"", ""MCR_v2_seq100/214"", ""MCR_v2_seq100/227"", ""MCR_v2_seq100/230""]","[""MCR_seq200b/458"", ""MCR_seq200b/471"", ""MCR_v2_seq100/245""]",0.05809593200683594
E12,raw_k5_first,raw_k5_pairwise,pairwise_vs_first_raw_k5,factorial39,MCR,complete_or_compatible_partial,150,42,4,16,88,0.30666666666666664,0.38666666666666666,0.08,0.01181793212890625,"[0.026667, 0.14]","[""MCR_seq200b/270"", ""MCR_seq200b/320"", ""MCR_seq200b/329"", ""MCR_seq200b/335"", ""MCR_seq200b/374"", ""MCR_seq200b/378"", ""MCR_seq200b/384"", ""MCR_seq200b/394"", ""MCR_seq200b/431"", ""MCR_v1_seq100/123"", ""MCR_v1_seq100/26"", ""MCR_v1_seq100/45"", ""MCR_v1_seq100/74"", ""MCR_v2_seq100/197"", ""MCR_v2_seq100/227"", ""MCR_v2_seq100/230""]","[""MCR_seq200b/458"", ""MCR_seq200b/471"", ""MCR_v1_seq100/86"", ""MCR_v2_seq100/245""]",0.4490814208984375
E12,s1_k10_first,s1_k10_pairwise,pairwise_vs_first_s1_k10,factorial39,MCR,complete_or_compatible_partial,150,36,10,17,87,0.30666666666666664,0.35333333333333333,0.04666666666666667,0.24778856337070465,"[-0.02, 0.113333]","[""MCR_seq200b/270"", ""MCR_seq200b/329"", ""MCR_seq200b/335"", ""MCR_seq200b/363"", ""MCR_seq200b/374"", ""MCR_seq200b/378"", ""MCR_seq200b/384"", ""MCR_v1_seq100/123"", ""MCR_v1_seq100/26"", ""MCR_v1_seq100/45"", ""MCR_v1_seq100/60"", ""MCR_v1_seq100/99"", ""MCR_v2_seq100/143"", ""MCR_v2_seq100/197"", ""MCR_v2_seq100/209"", ""MCR_v2_seq100/214"", ""MCR_v2_seq100/227""]","[""MCR_seq200b/283"", ""MCR_seq200b/337"", ""MCR_seq200b/458"", ""MCR_seq200b/471"", ""MCR_v1_seq100/78"", ""MCR_v1_seq100/95"", ""MCR_v2_seq100/139"", ""MCR_v2_seq100/201"", ""MCR_v2_seq100/208"", ""MCR_v2_seq100/245""]",1.0
E12,s1_k5_first,s1_k5_pairwise,pairwise_vs_first_s1_k5,factorial39,MCR,complete_or_compatible_partial,150,39,7,13,91,0.30666666666666664,0.3466666666666667,0.04,0.26317596435546875,"[-0.02, 0.1]","[""MCR_seq200b/270"", ""MCR_seq200b/329"", ""MCR_seq200b/335"", ""MCR_seq200b/374"", ""MCR_seq200b/378"", ""MCR_seq200b/384"", ""MCR_v1_seq100/123"", ""MCR_v1_seq100/26"", ""MCR_v1_seq100/45"", ""MCR_v1_seq100/99"", ""MCR_v2_seq100/143"", ""MCR_v2_seq100/197"", ""MCR_v2_seq100/227""]","[""MCR_seq200b/251"", ""MCR_seq200b/283"", ""MCR_seq200b/296"", ""MCR_seq200b/471"", ""MCR_v1_seq100/46"", ""MCR_v2_seq100/139"", ""MCR_v2_seq100/245""]",1.0
E12,graph_k10_pointwise,graph_k10_pairwise,pairwise_vs_pointwise_graph_k10,factorial39,MCR,complete_or_compatible_partial,150,38,3,7,102,0.2733333333333333,0.3,0.02666666666666667,0.34375,"[-0.013333, 0.066667]","[""MCR_seq200b/251"", ""MCR_seq200b/265"", ""MCR_v1_seq100/46"", ""MCR_v1_seq100/6"", ""MCR_v2_seq100/139"", ""MCR_v2_seq100/174"", ""MCR_v2_seq100/209""]","[""MCR_seq200b/363"", ""MCR_seq200b/378"", ""MCR_v1_seq100/41""]",1.0
E12,graph_k5_pointwise,graph_k5_pairwise,pairwise_vs_pointwise_graph_k5,factorial39,MCR,complete_or_compatible_partial,150,41,8,5,96,0.32666666666666666,0.30666666666666664,-0.02,0.5810546875,"[-0.066667, 0.026667]","[""MCR_v1_seq100/123"", ""MCR_v1_seq100/26"", ""MCR_v2_seq100/139"", ""MCR_v2_seq100/201"", ""MCR_v2_seq100/230""]","[""MCR_seq200b/296"", ""MCR_seq200b/320"", ""MCR_seq200b/355"", ""MCR_seq200b/363"", ""MCR_seq200b/378"", ""MCR_v1_seq100/41"", ""MCR_v1_seq100/45"", ""MCR_v1_seq100/86""]",1.0
E12,raw_k10_pointwise,raw_k10_pairwise,pairwise_vs_pointwise_raw_k10,factorial39,MCR,complete_or_compatible_partial,150,48,4,13,85,0.3466666666666667,0.4066666666666667,0.06,0.049041748046875,"[0.006667, 0.113333]","[""MCR_seq200b/283"", ""MCR_seq200b/296"", ""MCR_seq200b/335"", ""MCR_seq200b/345"", ""MCR_seq200b/369"", ""MCR_seq200b/378"", ""MCR_seq200b/394"", ""MCR_v1_seq100/123"", ""MCR_v1_seq100/41"", ""MCR_v1_seq100/8"", ""MCR_v1_seq100/95"", ""MCR_v2_seq100/139"", ""MCR_v2_seq100/214""]","[""MCR_seq200b/301"", ""MCR_seq200b/355"", ""MCR_seq200b/458"", ""MCR_v2_seq100/245""]",1.0
E12,raw_k5_pointwise,raw_k5_pairwise,pairwise_vs_pointwise_raw_k5,factorial39,MCR,complete_or_compatible_partial,150,51,5,7,87,0.37333333333333335,0.38666666666666666,0.013333333333333334,0.7744140625,"[-0.033333, 0.06]","[""MCR_seq200b/329"", ""MCR_seq200b/335"", ""MCR_seq200b/396"", ""MCR_v1_seq100/26"", ""MCR_v1_seq100/8"", ""MCR_v1_seq100/95"", ""MCR_v2_seq100/139""]","[""MCR_seq200b/301"", ""MCR_v1_seq100/41"", ""MCR_v1_seq100/86"", ""MCR_v1_seq100/99"", ""MCR_v2_seq100/214""]",1.0
E12,s1_k10_pointwise,s1_k10_pairwise,pairwise_vs_pointwise_s1_k10,factorial39,MCR,complete_or_compatible_partial,150,42,5,11,92,0.31333333333333335,0.35333333333333333,0.04,0.210113525390625,"[-0.013333, 0.093333]","[""MCR_seq200b/335"", ""MCR_seq200b/363"", ""MCR_seq200b/369"", ""MCR_seq200b/374"", ""MCR_seq200b/396"", ""MCR_seq200b/411"", ""MCR_v1_seq100/123"", ""MCR_v1_seq100/46"", ""MCR_v1_seq100/60"", ""MCR_v2_seq100/174"", ""MCR_v2_seq100/214""]","[""MCR_seq200b/283"", ""MCR_seq200b/337"", ""MCR_v2_seq100/201"", ""MCR_v2_seq100/208"", ""MCR_v2_seq100/221""]",1.0
E12,s1_k5_pointwise,s1_k5_pairwise,pairwise_vs_pointwise_s1_k5,factorial39,MCR,complete_or_compatible_partial,150,44,4,8,94,0.32,0.3466666666666667,0.02666666666666667,0.3876953125,"[-0.02, 0.073333]","[""MCR_seq200b/270"", ""MCR_seq200b/369"", ""MCR_seq200b/458"", ""MCR_v1_seq100/123"", ""MCR_v1_seq100/78"", ""MCR_v1_seq100/95"", ""MCR_v1_seq100/99"", ""MCR_v2_seq100/174""]","[""MCR_seq200b/251"", ""MCR_seq200b/296"", ""MCR_v1_seq100/60"", ""MCR_v2_seq100/214""]",1.0
E12,graph_k10_first,graph_k10_pointwise,pointwise_vs_first_graph_k10,factorial39,MCR,complete_or_compatible_partial,150,30,16,11,93,0.30666666666666664,0.2733333333333333,-0.03333333333333333,0.44206833839416504,"[-0.1, 0.033333]","[""MCR_seq200b/270"", ""MCR_seq200b/320"", ""MCR_seq200b/363"", ""MCR_seq200b/374"", ""MCR_seq200b/378"", ""MCR_seq200b/384"", ""MCR_v1_seq100/41"", ""MCR_v1_seq100/45"", ""MCR_v2_seq100/143"", ""MCR_v2_seq100/197"", ""MCR_v2_seq100/227""]","[""MCR_seq200b/251"", ""MCR_seq200b/283"", ""MCR_seq200b/296"", ""MCR_seq200b/369"", ""MCR_seq200b/376"", ""MCR_seq200b/471"", ""MCR_seq200b/478"", ""MCR_v1_seq100/12"", ""MCR_v1_seq100/46"", ""MCR_v1_seq100/6"", ""MCR_v1_seq100/76"", ""MCR_v1_seq100/95"", ""MCR_v2_seq100/139"", ""MCR_v2_seq100/174"", ""MCR_v2_seq100/208"", ""MCR_v2_seq100/245""]",1.0
E12,graph_k5_first,graph_k5_pointwise,pointwise_vs_first_graph_k5,factorial39,MCR,complete_or_compatible_partial,150,34,12,15,89,0.30666666666666664,0.32666666666666666,0.02,0.7011080384254456,"[-0.046667, 0.086667]","[""MCR_seq200b/270"", ""MCR_seq200b/320"", ""MCR_seq200b/335"", ""MCR_seq200b/355"", ""MCR_seq200b/363"", ""MCR_seq200b/374"", ""MCR_seq200b/378"", ""MCR_seq200b/384"", ""MCR_v1_seq100/41"", ""MCR_v1_seq100/45"", ""MCR_v1_seq100/74"", ""MCR_v1_seq100/99"", ""MCR_v2_seq100/143"", ""MCR_v2_seq100/197"", ""MCR_v2_seq100/227""]","[""MCR_seq200b/283"", ""MCR_seq200b/369"", ""MCR_seq200b/376"", ""MCR_seq200b/471"", ""MCR_seq200b/478"", ""MCR_v1_seq100/12"", ""MCR_v1_seq100/76"", ""MCR_v1_seq100/95"", ""MCR_v2_seq100/139"", ""MCR_v2_seq100/201"", ""MCR_v2_seq100/208"", ""MCR_v2_seq100/245""]",1.0
E12,raw_k10_first,raw_k10_pointwise,pointwise_vs_first_raw_k10,factorial39,MCR,complete_or_compatible_partial,150,38,8,14,90,0.30666666666666664,0.3466666666666667,0.04,0.28627872467041016,"[-0.02, 0.1]","[""MCR_seq200b/270"", ""MCR_seq200b/301"", ""MCR_seq200b/320"", ""MCR_seq200b/329"", ""MCR_seq200b/355"", ""MCR_seq200b/374"", ""MCR_seq200b/384"", ""MCR_seq200b/431"", ""MCR_v1_seq100/45"", ""MCR_v1_seq100/99"", ""MCR_v2_seq100/143"", ""MCR_v2_seq100/197"", ""MCR_v2_seq100/227"", ""MCR_v2_seq100/230""]","[""MCR_seq200b/283"", ""MCR_seq200b/296"", ""MCR_seq200b/345"", ""MCR_seq200b/369"", ""MCR_seq200b/471"", ""MCR_v1_seq100/8"", ""MCR_v1_seq100/95"", ""MCR_v2_seq100/139""]",1.0
E12,raw_k5_first,raw_k5_pointwise,pointwise_vs_first_raw_k5,factorial39,MCR,complete_or_compatible_partial,150,39,7,17,87,0.30666666666666664,0.37333333333333335,0.06666666666666667,0.06391465663909912,"[0.006667, 0.133333]","[""MCR_seq200b/270"", ""MCR_seq200b/301"", ""MCR_seq200b/320"", ""MCR_seq200b/374"", ""MCR_seq200b/378"", ""MCR_seq200b/384"", ""MCR_seq200b/394"", ""MCR_seq200b/431"", ""MCR_v1_seq100/123"", ""MCR_v1_seq100/41"", ""MCR_v1_seq100/45"", ""MCR_v1_seq100/74"", ""MCR_v1_seq100/99"", ""MCR_v2_seq100/197"", ""MCR_v2_seq100/214"", ""MCR_v2_seq100/227"", ""MCR_v2_seq100/230""]","[""MCR_seq200b/396"", ""MCR_seq200b/458"", ""MCR_seq200b/471"", ""MCR_v1_seq100/8"", ""MCR_v1_seq100/95"", ""MCR_v2_seq100/139"", ""MCR_v2_seq100/245""]",1.0
E12,s1_k10_first,s1_k10_pointwise,pointwise_vs_first_s1_k10,factorial39,MCR,complete_or_compatible_partial,150,35,11,12,92,0.30666666666666664,0.31333333333333335,0.006666666666666667,1.0,"[-0.053333, 0.066667]","[""MCR_seq200b/270"", ""MCR_seq200b/329"", ""MCR_seq200b/378"", ""MCR_seq200b/384"", ""MCR_v1_seq100/26"", ""MCR_v1_seq100/45"", ""MCR_v1_seq100/99"", ""MCR_v2_seq100/143"", ""MCR_v2_seq100/197"", ""MCR_v2_seq100/209"", ""MCR_v2_seq100/221"", ""MCR_v2_seq100/227""]","[""MCR_seq200b/369"", ""MCR_seq200b/396"", ""MCR_seq200b/411"", ""MCR_seq200b/458"", ""MCR_seq200b/471"", ""MCR_v1_seq100/46"", ""MCR_v1_seq100/78"", ""MCR_v1_seq100/95"", ""MCR_v2_seq100/139"", ""MCR_v2_seq100/174"", ""MCR_v2_seq100/245""]",1.0
E12,s1_k5_first,s1_k5_pointwise,pointwise_vs_first_s1_k5,factorial39,MCR,complete_or_compatible_partial,150,36,10,12,92,0.30666666666666664,0.32,0.013333333333333334,0.8318119049072266,"[-0.046667, 0.073333]","[""MCR_seq200b/329"", ""MCR_seq200b/335"", ""MCR_seq200b/374"", ""MCR_seq200b/378"", ""MCR_seq200b/384"", ""MCR_v1_seq100/26"", ""MCR_v1_seq100/45"", ""MCR_v1_seq100/60"", ""MCR_v2_seq100/143"", ""MCR_v2_seq100/197"", ""MCR_v2_seq100/214"", ""MCR_v2_seq100/227""]","[""MCR_seq200b/283"", ""MCR_seq200b/369"", ""MCR_seq200b/458"", ""MCR_seq200b/471"", ""MCR_v1_seq100/46"", ""MCR_v1_seq100/78"", ""MCR_v1_seq100/95"", ""MCR_v2_seq100/139"", ""MCR_v2_seq100/174"", ""MCR_v2_seq100/245""]",1.0
E12,s1_k10_first,raw_k10_first,raw_vs_s1_k10_first,factorial39,MCR,complete_or_compatible_partial,150,46,0,0,104,0.30666666666666664,0.30666666666666664,0.0,1.0,"[0.0, 0.0]",[],[],1.0
E12,s1_k10_pairwise,raw_k10_pairwise,raw_vs_s1_k10_pairwise,factorial39,MCR,complete_or_compatible_partial,150,49,4,12,85,0.35333333333333333,0.4066666666666667,0.05333333333333334,0.076812744140625,"[0.0, 0.106667]","[""MCR_seq200b/283"", ""MCR_seq200b/320"", ""MCR_seq200b/337"", ""MCR_seq200b/394"", ""MCR_seq200b/431"", ""MCR_v1_seq100/41"", ""MCR_v1_seq100/78"", ""MCR_v1_seq100/95"", ""MCR_v2_seq100/139"", ""MCR_v2_seq100/201"", ""MCR_v2_seq100/208"", ""MCR_v2_seq100/230""]","[""MCR_seq200b/363"", ""MCR_v1_seq100/26"", ""MCR_v1_seq100/60"", ""MCR_v2_seq100/209""]",1.0
E12,s1_k10_pointwise,raw_k10_pointwise,raw_vs_s1_k10_pointwise,factorial39,MCR,complete_or_compatible_partial,150,39,8,13,90,0.31333333333333335,0.3466666666666667,0.03333333333333333,0.38331031799316406,"[-0.026667, 0.093333]","[""MCR_seq200b/301"", ""MCR_seq200b/320"", ""MCR_seq200b/355"", ""MCR_seq200b/374"", ""MCR_seq200b/396"", ""MCR_seq200b/411"", ""MCR_seq200b/431"", ""MCR_seq200b/458"", ""MCR_v1_seq100/46"", ""MCR_v1_seq100/78"", ""MCR_v2_seq100/174"", ""MCR_v2_seq100/230"", ""MCR_v2_seq100/245""]","[""MCR_seq200b/283"", ""MCR_seq200b/296"", ""MCR_seq200b/345"", ""MCR_seq200b/378"", ""MCR_v1_seq100/26"", ""MCR_v1_seq100/8"", ""MCR_v2_seq100/209"", ""MCR_v2_seq100/221""]",1.0
E12,s1_k5_first,raw_k5_first,raw_vs_s1_k5_first,factorial39,MCR,complete_or_compatible_partial,150,46,0,0,104,0.30666666666666664,0.30666666666666664,0.0,1.0,"[0.0, 0.0]",[],[],1.0
E12,s1_k5_pairwise,raw_k5_pairwise,raw_vs_s1_k5_pairwise,factorial39,MCR,complete_or_compatible_partial,150,48,4,10,88,0.3466666666666667,0.38666666666666666,0.04,0.1795654296875,"[-0.006667, 0.093333]","[""MCR_seq200b/251"", ""MCR_seq200b/283"", ""MCR_seq200b/296"", ""MCR_seq200b/320"", ""MCR_seq200b/394"", ""MCR_seq200b/431"", ""MCR_v1_seq100/46"", ""MCR_v1_seq100/74"", ""MCR_v2_seq100/139"", ""MCR_v2_seq100/230""]","[""MCR_seq200b/458"", ""MCR_v1_seq100/86"", ""MCR_v1_seq100/99"", ""MCR_v2_seq100/143""]",1.0
E12,s1_k5_pointwise,raw_k5_pointwise,raw_vs_s1_k5_pointwise,factorial39,MCR,complete_or_compatible_partial,150,41,7,15,87,0.32,0.37333333333333335,0.05333333333333334,0.13380050659179688,"[-0.006667, 0.113333]","[""MCR_seq200b/270"", ""MCR_seq200b/283"", ""MCR_seq200b/301"", ""MCR_seq200b/320"", ""MCR_seq200b/369"", ""MCR_seq200b/394"", ""MCR_seq200b/431"", ""MCR_v1_seq100/123"", ""MCR_v1_seq100/41"", ""MCR_v1_seq100/46"", ""MCR_v1_seq100/74"", ""MCR_v1_seq100/78"", ""MCR_v1_seq100/99"", ""MCR_v2_seq100/174"", ""MCR_v2_seq100/230""]","[""MCR_seq200b/329"", ""MCR_seq200b/335"", ""MCR_seq200b/396"", ""MCR_v1_seq100/26"", ""MCR_v1_seq100/60"", ""MCR_v1_seq100/8"", ""MCR_v2_seq100/143""]",1.0
E12,s1_k10_first,graph_k10_first,graph_vs_s1_k10_first,factorial39,MCR,legacy_chain,150,27,0,0,123,0.18,0.18,0.0,1.0,"[0.0, 0.0]",[],[],1.0
E12,s1_k10_pairwise,graph_k10_pairwise,graph_vs_s1_k10_pairwise,factorial39,MCR,legacy_chain,150,22,9,4,115,0.20666666666666667,0.17333333333333334,-0.03333333333333333,0.266845703125,"[-0.08, 0.013333]","[""MCR_seq200b/320"", ""MCR_seq200b/458"", ""MCR_v1_seq100/78"", ""MCR_v2_seq100/139""]","[""MCR_seq200b/263"", ""MCR_seq200b/283"", ""MCR_seq200b/329"", ""MCR_seq200b/335"", ""MCR_seq200b/369"", ""MCR_seq200b/378"", ""MCR_v1_seq100/123"", ""MCR_v1_seq100/60"", ""MCR_v1_seq100/99""]",1.0
E12,s1_k10_pointwise,graph_k10_pointwise,graph_vs_s1_k10_pointwise,factorial39,MCR,legacy_chain,150,18,5,7,120,0.15333333333333332,0.16666666666666666,0.013333333333333334,0.7744140625,"[-0.033333, 0.06]","[""MCR_seq200b/320"", ""MCR_seq200b/328"", ""MCR_seq200b/374"", ""MCR_seq200b/396"", ""MCR_seq200b/458"", ""MCR_v1_seq100/41"", ""MCR_v1_seq100/78""]","[""MCR_seq200b/263"", ""MCR_seq200b/283"", ""MCR_seq200b/329"", ""MCR_v1_seq100/99"", ""MCR_v2_seq100/209""]",1.0
E12,s1_k5_first,graph_k5_first,graph_vs_s1_k5_first,factorial39,MCR,legacy_chain,150,27,0,0,123,0.18,0.18,0.0,1.0,"[0.0, 0.0]",[],[],1.0
E12,s1_k5_pairwise,graph_k5_pairwise,graph_vs_s1_k5_pairwise,factorial39,MCR,legacy_chain,150,24,8,4,114,0.21333333333333335,0.18666666666666668,-0.02666666666666667,0.3876953125,"[-0.073333, 0.02]","[""MCR_seq200b/345"", ""MCR_v1_seq100/46"", ""MCR_v1_seq100/74"", ""MCR_v2_seq100/139""]","[""MCR_seq200b/283"", ""MCR_seq200b/328"", ""MCR_seq200b/329"", ""MCR_seq200b/369"", ""MCR_seq200b/378"", ""MCR_v1_seq100/12"", ""MCR_v1_seq100/45"", ""MCR_v1_seq100/95""]",1.0
E12,s1_k5_pointwise,graph_k5_pointwise,graph_vs_s1_k5_pointwise,factorial39,MCR,legacy_chain,150,21,4,9,116,0.16666666666666666,0.2,0.03333333333333333,0.266845703125,"[-0.013333, 0.08]","[""MCR_seq200b/320"", ""MCR_seq200b/355"", ""MCR_seq200b/458"", ""MCR_v1_seq100/41"", ""MCR_v1_seq100/46"", ""MCR_v1_seq100/74"", ""MCR_v1_seq100/78"", ""MCR_v1_seq100/99"", ""MCR_v2_seq100/174""]","[""MCR_seq200b/283"", ""MCR_seq200b/328"", ""MCR_seq200b/329"", ""MCR_v1_seq100/60""]",1.0
E12,graph_k5_first,graph_k10_first,k10_vs_k5_graph_first,factorial39,MCR,legacy_chain,150,27,0,0,123,0.18,0.18,0.0,1.0,"[0.0, 0.0]",[],[],1.0
E12,graph_k5_pairwise,graph_k10_pairwise,k10_vs_k5_graph_pairwise,factorial39,MCR,legacy_chain,150,23,5,3,119,0.18666666666666668,0.17333333333333334,-0.013333333333333334,0.7265625,"[-0.053333, 0.02]","[""MCR_seq200b/320"", ""MCR_v1_seq100/45"", ""MCR_v2_seq100/209""]","[""MCR_seq200b/263"", ""MCR_seq200b/335"", ""MCR_v1_seq100/123"", ""MCR_v1_seq100/74"", ""MCR_v1_seq100/99""]",1.0
E12,graph_k5_pointwise,graph_k10_pointwise,k10_vs_k5_graph_pointwise,factorial39,MCR,legacy_chain,150,23,7,2,118,0.2,0.16666666666666666,-0.03333333333333333,0.1796875,"[-0.073333, 0.000167]","[""MCR_seq200b/328"", ""MCR_seq200b/345""]","[""MCR_seq200b/263"", ""MCR_seq200b/335"", ""MCR_seq200b/355"", ""MCR_v1_seq100/46"", ""MCR_v1_seq100/74"", ""MCR_v1_seq100/99"", ""MCR_v2_seq100/174""]",1.0
E12,raw_k5_first,raw_k10_first,k10_vs_k5_raw_first,factorial39,MCR,legacy_chain,150,27,0,0,123,0.18,0.18,0.0,1.0,"[0.0, 0.0]",[],[],1.0
E12,raw_k5_pairwise,raw_k10_pairwise,k10_vs_k5_raw_pairwise,factorial39,MCR,legacy_chain,150,35,1,2,112,0.24,0.24666666666666667,0.006666666666666667,1.0,"[-0.013333, 0.033333]","[""MCR_v1_seq100/41"", ""MCR_v1_seq100/99""]","[""MCR_v1_seq100/74""]",1.0
E12,raw_k5_pointwise,raw_k10_pointwise,k10_vs_k5_raw_pointwise,factorial39,MCR,legacy_chain,150,27,6,4,113,0.22,0.20666666666666667,-0.013333333333333334,0.75390625,"[-0.053333, 0.026667]","[""MCR_seq200b/329"", ""MCR_seq200b/355"", ""MCR_seq200b/396"", ""MCR_seq200b/458""]","[""MCR_seq200b/345"", ""MCR_seq200b/369"", ""MCR_seq200b/378"", ""MCR_v1_seq100/123"", ""MCR_v1_seq100/41"", ""MCR_v1_seq100/74""]",1.0
E12,s1_k5_first,s1_k10_first,k10_vs_k5_s1_first,factorial39,MCR,legacy_chain,150,27,0,0,123,0.18,0.18,0.0,1.0,"[0.0, 0.0]",[],[],1.0
E12,s1_k5_pairwise,s1_k10_pairwise,k10_vs_k5_s1_pairwise,factorial39,MCR,legacy_chain,150,27,5,4,114,0.21333333333333335,0.20666666666666667,-0.006666666666666667,1.0,"[-0.046667, 0.033333]","[""MCR_seq200b/345"", ""MCR_v1_seq100/46"", ""MCR_v1_seq100/60"", ""MCR_v2_seq100/209""]","[""MCR_seq200b/328"", ""MCR_seq200b/458"", ""MCR_v1_seq100/12"", ""MCR_v1_seq100/78"", ""MCR_v1_seq100/95""]",1.0
E12,s1_k5_pointwise,s1_k10_pointwise,k10_vs_k5_s1_pointwise,factorial39,MCR,legacy_chain,150,20,5,3,122,0.16666666666666666,0.15333333333333332,-0.013333333333333334,0.7265625,"[-0.053333, 0.02]","[""MCR_seq200b/345"", ""MCR_v1_seq100/99"", ""MCR_v2_seq100/209""]","[""MCR_seq200b/328"", ""MCR_seq200b/335"", ""MCR_seq200b/374"", ""MCR_seq200b/396"", ""MCR_v1_seq100/60""]",1.0
E12,graph_k10_first,graph_k10_pairwise,pairwise_vs_first_graph_k10,factorial39,MCR,legacy_chain,150,19,8,7,116,0.18,0.17333333333333334,-0.006666666666666667,1.0,"[-0.06, 0.046667]","[""MCR_seq200b/320"", ""MCR_seq200b/345"", ""MCR_seq200b/374"", ""MCR_seq200b/384"", ""MCR_v1_seq100/45"", ""MCR_v2_seq100/209"", ""MCR_v2_seq100/227""]","[""MCR_seq200b/263"", ""MCR_seq200b/283"", ""MCR_seq200b/328"", ""MCR_seq200b/369"", ""MCR_v1_seq100/12"", ""MCR_v1_seq100/76"", ""MCR_v1_seq100/95"", ""MCR_v2_seq100/197""]",1.0
E12,graph_k5_first,graph_k5_pairwise,pairwise_vs_first_graph_k5,factorial39,MCR,legacy_chain,150,20,7,8,115,0.18,0.18666666666666668,0.006666666666666667,1.0,"[-0.046667, 0.06]","[""MCR_seq200b/335"", ""MCR_seq200b/345"", ""MCR_seq200b/374"", ""MCR_seq200b/384"", ""MCR_v1_seq100/123"", ""MCR_v1_seq100/74"", ""MCR_v1_seq100/99"", ""MCR_v2_seq100/227""]","[""MCR_seq200b/283"", ""MCR_seq200b/328"", ""MCR_seq200b/369"", ""MCR_v1_seq100/12"", ""MCR_v1_seq100/76"", ""MCR_v1_seq100/95"", ""MCR_v2_seq100/197""]",1.0
E12,raw_k10_first,raw_k10_pairwise,pairwise_vs_first_raw_k10,factorial39,MCR,legacy_chain,150,24,3,13,110,0.18,0.24666666666666667,0.06666666666666667,0.021270751953125,"[0.02, 0.12]","[""MCR_seq200b/320"", ""MCR_seq200b/329"", ""MCR_seq200b/335"", ""MCR_seq200b/345"", ""MCR_seq200b/374"", ""MCR_seq200b/378"", ""MCR_seq200b/384"", ""MCR_seq200b/431"", ""MCR_v1_seq100/123"", ""MCR_v1_seq100/41"", ""MCR_v1_seq100/45"", ""MCR_v1_seq100/99"", ""MCR_v2_seq100/227""]","[""MCR_seq200b/458"", ""MCR_v1_seq100/76"", ""MCR_v2_seq100/197""]",0.80828857421875
E12,raw_k5_first,raw_k5_pairwise,pairwise_vs_first_raw_k5,factorial39,MCR,legacy_chain,150,24,3,12,111,0.18,0.24,0.06,0.03515625,"[0.013333, 0.113333]","[""MCR_seq200b/320"", ""MCR_seq200b/329"", ""MCR_seq200b/335"", ""MCR_seq200b/345"", ""MCR_seq200b/374"", ""MCR_seq200b/378"", ""MCR_seq200b/384"", ""MCR_seq200b/431"", ""MCR_v1_seq100/123"", ""MCR_v1_seq100/45"", ""MCR_v1_seq100/74"", ""MCR_v2_seq100/227""]","[""MCR_seq200b/458"", ""MCR_v1_seq100/76"", ""MCR_v2_seq100/197""]",1.0
E12,s1_k10_first,s1_k10_pairwise,pairwise_vs_first_s1_k10,factorial39,MCR,legacy_chain,150,19,8,12,111,0.18,0.20666666666666667,0.02666666666666667,0.5034446716308594,"[-0.033333, 0.086667]","[""MCR_seq200b/329"", ""MCR_seq200b/335"", ""MCR_seq200b/345"", ""MCR_seq200b/374"", ""MCR_seq200b/378"", ""MCR_seq200b/384"", ""MCR_v1_seq100/123"", ""MCR_v1_seq100/45"", ""MCR_v1_seq100/60"", ""MCR_v1_seq100/99"", ""MCR_v2_seq100/209"", ""MCR_v2_seq100/227""]","[""MCR_seq200b/328"", ""MCR_seq200b/458"", ""MCR_v1_seq100/12"", ""MCR_v1_seq100/76"", ""MCR_v1_seq100/78"", ""MCR_v1_seq100/95"", ""MCR_v2_seq100/139"", ""MCR_v2_seq100/197""]",1.0
E12,s1_k5_first,s1_k5_pairwise,pairwise_vs_first_s1_k5,factorial39,MCR,legacy_chain,150,23,4,9,114,0.18,0.21333333333333335,0.03333333333333333,0.266845703125,"[-0.013333, 0.08]","[""MCR_seq200b/329"", ""MCR_seq200b/335"", ""MCR_seq200b/374"", ""MCR_seq200b/378"", ""MCR_seq200b/384"", ""MCR_v1_seq100/123"", ""MCR_v1_seq100/45"", ""MCR_v1_seq100/99"", ""MCR_v2_seq100/227""]","[""MCR_v1_seq100/46"", ""MCR_v1_seq100/76"", ""MCR_v2_seq100/139"", ""MCR_v2_seq100/197""]",1.0
E12,graph_k10_pointwise,graph_k10_pairwise,pairwise_vs_pointwise_graph_k10,factorial39,MCR,legacy_chain,150,22,3,4,121,0.16666666666666666,0.17333333333333334,0.006666666666666667,1.0,"[-0.026667, 0.04]","[""MCR_v1_seq100/46"", ""MCR_v2_seq100/139"", ""MCR_v2_seq100/174"", ""MCR_v2_seq100/209""]","[""MCR_seq200b/328"", ""MCR_seq200b/378"", ""MCR_v1_seq100/41""]",1.0
E12,graph_k5_pointwise,graph_k5_pairwise,pairwise_vs_pointwise_graph_k5,factorial39,MCR,legacy_chain,150,25,5,3,117,0.2,0.18666666666666668,-0.013333333333333334,0.7265625,"[-0.046667, 0.026667]","[""MCR_seq200b/345"", ""MCR_v1_seq100/123"", ""MCR_v2_seq100/139""]","[""MCR_seq200b/320"", ""MCR_seq200b/355"", ""MCR_seq200b/378"", ""MCR_v1_seq100/41"", ""MCR_v1_seq100/45""]",1.0
E12,raw_k10_pointwise,raw_k10_pairwise,pairwise_vs_pointwise_raw_k10,factorial39,MCR,legacy_chain,150,29,2,8,111,0.20666666666666667,0.24666666666666667,0.04,0.109375,"[0.0, 0.08]","[""MCR_seq200b/335"", ""MCR_seq200b/345"", ""MCR_seq200b/369"", ""MCR_seq200b/378"", ""MCR_v1_seq100/123"", ""MCR_v1_seq100/41"", ""MCR_v1_seq100/95"", ""MCR_v2_seq100/139""]","[""MCR_seq200b/355"", ""MCR_seq200b/458""]",1.0
E12,raw_k5_pointwise,raw_k5_pairwise,pairwise_vs_pointwise_raw_k5,factorial39,MCR,legacy_chain,150,31,2,5,112,0.22,0.24,0.02,0.453125,"[-0.013333, 0.053333]","[""MCR_seq200b/329"", ""MCR_seq200b/335"", ""MCR_seq200b/396"", ""MCR_v1_seq100/95"", ""MCR_v2_seq100/139""]","[""MCR_v1_seq100/41"", ""MCR_v1_seq100/99""]",1.0
E12,s1_k10_pointwise,s1_k10_pairwise,pairwise_vs_pointwise_s1_k10,factorial39,MCR,legacy_chain,150,23,0,8,119,0.15333333333333332,0.20666666666666667,0.05333333333333334,0.0078125,"[0.02, 0.093333]","[""MCR_seq200b/335"", ""MCR_seq200b/369"", ""MCR_seq200b/374"", ""MCR_seq200b/396"", ""MCR_v1_seq100/123"", ""MCR_v1_seq100/46"", ""MCR_v1_seq100/60"", ""MCR_v2_seq100/174""]",[],0.3046875
E12,s1_k5_pointwise,s1_k5_pairwise,pairwise_vs_pointwise_s1_k5,factorial39,MCR,legacy_chain,150,24,1,8,117,0.16666666666666666,0.21333333333333335,0.04666666666666667,0.0390625,"[0.013333, 0.086667]","[""MCR_seq200b/369"", ""MCR_seq200b/458"", ""MCR_v1_seq100/12"", ""MCR_v1_seq100/123"", ""MCR_v1_seq100/78"", ""MCR_v1_seq100/95"", ""MCR_v1_seq100/99"", ""MCR_v2_seq100/174""]","[""MCR_v1_seq100/60""]",1.0
E12,graph_k10_first,graph_k10_pointwise,pointwise_vs_first_graph_k10,factorial39,MCR,legacy_chain,150,17,10,8,115,0.18,0.16666666666666666,-0.013333333333333334,0.8145294189453125,"[-0.073333, 0.04]","[""MCR_seq200b/320"", ""MCR_seq200b/345"", ""MCR_seq200b/374"", ""MCR_seq200b/378"", ""MCR_seq200b/384"", ""MCR_v1_seq100/41"", ""MCR_v1_seq100/45"", ""MCR_v2_seq100/227""]","[""MCR_seq200b/263"", ""MCR_seq200b/283"", ""MCR_seq200b/369"", ""MCR_v1_seq100/12"", ""MCR_v1_seq100/46"", ""MCR_v1_seq100/76"", ""MCR_v1_seq100/95"", ""MCR_v2_seq100/139"", ""MCR_v2_seq100/174"", ""MCR_v2_seq100/197""]",1.0
E12,graph_k5_first,graph_k5_pointwise,pointwise_vs_first_graph_k5,factorial39,MCR,legacy_chain,150,19,8,11,112,0.18,0.2,0.02,0.6476058959960938,"[-0.04, 0.08]","[""MCR_seq200b/320"", ""MCR_seq200b/335"", ""MCR_seq200b/355"", ""MCR_seq200b/374"", ""MCR_seq200b/378"", ""MCR_seq200b/384"", ""MCR_v1_seq100/41"", ""MCR_v1_seq100/45"", ""MCR_v1_seq100/74"", ""MCR_v1_seq100/99"", ""MCR_v2_seq100/227""]","[""MCR_seq200b/283"", ""MCR_seq200b/328"", ""MCR_seq200b/369"", ""MCR_v1_seq100/12"", ""MCR_v1_seq100/76"", ""MCR_v1_seq100/95"", ""MCR_v2_seq100/139"", ""MCR_v2_seq100/197""]",1.0
E12,raw_k10_first,raw_k10_pointwise,pointwise_vs_first_raw_k10,factorial39,MCR,legacy_chain,150,22,5,9,114,0.18,0.20666666666666667,0.02666666666666667,0.4239501953125,"[-0.02, 0.073333]","[""MCR_seq200b/320"", ""MCR_seq200b/329"", ""MCR_seq200b/355"", ""MCR_seq200b/374"", ""MCR_seq200b/384"", ""MCR_seq200b/431"", ""MCR_v1_seq100/45"", ""MCR_v1_seq100/99"", ""MCR_v2_seq100/227""]","[""MCR_seq200b/369"", ""MCR_v1_seq100/76"", ""MCR_v1_seq100/95"", ""MCR_v2_seq100/139"", ""MCR_v2_seq100/197""]",1.0
E12,raw_k5_first,raw_k5_pointwise,pointwise_vs_first_raw_k5,factorial39,MCR,legacy_chain,150,21,6,12,111,0.18,0.22,0.04,0.237884521484375,"[-0.013333, 0.093333]","[""MCR_seq200b/320"", ""MCR_seq200b/345"", ""MCR_seq200b/374"", ""MCR_seq200b/378"", ""MCR_seq200b/384"", ""MCR_seq200b/431"", ""MCR_v1_seq100/123"", ""MCR_v1_seq100/41"", ""MCR_v1_seq100/45"", ""MCR_v1_seq100/74"", ""MCR_v1_seq100/99"", ""MCR_v2_seq100/227""]","[""MCR_seq200b/396"", ""MCR_seq200b/458"", ""MCR_v1_seq100/76"", ""MCR_v1_seq100/95"", ""MCR_v2_seq100/139"", ""MCR_v2_seq100/197""]",1.0
E12,s1_k10_first,s1_k10_pointwise,pointwise_vs_first_s1_k10,factorial39,MCR,legacy_chain,150,15,12,8,115,0.18,0.15333333333333332,-0.02666666666666667,0.5034446716308594,"[-0.086667, 0.033333]","[""MCR_seq200b/329"", ""MCR_seq200b/345"", ""MCR_seq200b/378"", ""MCR_seq200b/384"", ""MCR_v1_seq100/45"", ""MCR_v1_seq100/99"", ""MCR_v2_seq100/209"", ""MCR_v2_seq100/227""]","[""MCR_seq200b/328"", ""MCR_seq200b/369"", ""MCR_seq200b/396"", ""MCR_seq200b/458"", ""MCR_v1_seq100/12"", ""MCR_v1_seq100/46"", ""MCR_v1_seq100/76"", ""MCR_v1_seq100/78"", ""MCR_v1_seq100/95"", ""MCR_v2_seq100/139"", ""MCR_v2_seq100/174"", ""MCR_v2_seq100/197""]",1.0
E12,s1_k5_first,s1_k5_pointwise,pointwise_vs_first_s1_k5,factorial39,MCR,legacy_chain,150,17,10,8,115,0.18,0.16666666666666666,-0.013333333333333334,0.8145294189453125,"[-0.066667, 0.046667]","[""MCR_seq200b/329"", ""MCR_seq200b/335"", ""MCR_seq200b/374"", ""MCR_seq200b/378"", ""MCR_seq200b/384"", ""MCR_v1_seq100/45"", ""MCR_v1_seq100/60"", ""MCR_v2_seq100/227""]","[""MCR_seq200b/369"", ""MCR_seq200b/458"", ""MCR_v1_seq100/12"", ""MCR_v1_seq100/46"", ""MCR_v1_seq100/76"", ""MCR_v1_seq100/78"", ""MCR_v1_seq100/95"", ""MCR_v2_seq100/139"", ""MCR_v2_seq100/174"", ""MCR_v2_seq100/197""]",1.0
E12,s1_k10_first,raw_k10_first,raw_vs_s1_k10_first,factorial39,MCR,legacy_chain,150,27,0,0,123,0.18,0.18,0.0,1.0,"[0.0, 0.0]",[],[],1.0
E12,s1_k10_pairwise,raw_k10_pairwise,raw_vs_s1_k10_pairwise,factorial39,MCR,legacy_chain,150,29,2,8,111,0.20666666666666667,0.24666666666666667,0.04,0.109375,"[0.0, 0.08]","[""MCR_seq200b/320"", ""MCR_seq200b/328"", ""MCR_seq200b/431"", ""MCR_v1_seq100/12"", ""MCR_v1_seq100/41"", ""MCR_v1_seq100/78"", ""MCR_v1_seq100/95"", ""MCR_v2_seq100/139""]","[""MCR_v1_seq100/60"", ""MCR_v2_seq100/209""]",1.0
E12,s1_k10_pointwise,raw_k10_pointwise,raw_vs_s1_k10_pointwise,factorial39,MCR,legacy_chain,150,20,3,11,116,0.15333333333333332,0.20666666666666667,0.05333333333333334,0.057373046875,"[0.006667, 0.1]","[""MCR_seq200b/320"", ""MCR_seq200b/328"", ""MCR_seq200b/355"", ""MCR_seq200b/374"", ""MCR_seq200b/396"", ""MCR_seq200b/431"", ""MCR_seq200b/458"", ""MCR_v1_seq100/12"", ""MCR_v1_seq100/46"", ""MCR_v1_seq100/78"", ""MCR_v2_seq100/174""]","[""MCR_seq200b/345"", ""MCR_seq200b/378"", ""MCR_v2_seq100/209""]",1.0
E12,s1_k5_first,raw_k5_first,raw_vs_s1_k5_first,factorial39,MCR,legacy_chain,150,27,0,0,123,0.18,0.18,0.0,1.0,"[0.0, 0.0]",[],[],1.0
E12,s1_k5_pairwise,raw_k5_pairwise,raw_vs_s1_k5_pairwise,factorial39,MCR,legacy_chain,150,30,2,6,112,0.21333333333333335,0.24,0.02666666666666667,0.2890625,"[-0.006667, 0.066667]","[""MCR_seq200b/320"", ""MCR_seq200b/345"", ""MCR_seq200b/431"", ""MCR_v1_seq100/46"", ""MCR_v1_seq100/74"", ""MCR_v2_seq100/139""]","[""MCR_seq200b/458"", ""MCR_v1_seq100/99""]",1.0
E12,s1_k5_pointwise,raw_k5_pointwise,raw_vs_s1_k5_pointwise,factorial39,MCR,legacy_chain,150,21,4,12,113,0.16666666666666666,0.22,0.05333333333333334,0.076812744140625,"[0.006667, 0.106667]","[""MCR_seq200b/320"", ""MCR_seq200b/345"", ""MCR_seq200b/369"", ""MCR_seq200b/431"", ""MCR_v1_seq100/12"", ""MCR_v1_seq100/123"", ""MCR_v1_seq100/41"", ""MCR_v1_seq100/46"", ""MCR_v1_seq100/74"", ""MCR_v1_seq100/78"", ""MCR_v1_seq100/99"", ""MCR_v2_seq100/174""]","[""MCR_seq200b/329"", ""MCR_seq200b/335"", ""MCR_seq200b/396"", ""MCR_v1_seq100/60""]",1.0
E12,s1_k10_first,graph_k10_first,graph_vs_s1_k10_first,factorial39,MCR,safe_exact,150,21,0,0,129,0.14,0.14,0.0,1.0,"[0.0, 0.0]",[],[],1.0
E12,s1_k10_pairwise,graph_k10_pairwise,graph_vs_s1_k10_pairwise,factorial39,MCR,safe_exact,150,16,4,3,127,0.13333333333333333,0.12666666666666668,-0.006666666666666667,1.0,"[-0.04, 0.026667]","[""MCR_seq200b/320"", ""MCR_seq200b/458"", ""MCR_v1_seq100/78""]","[""MCR_seq200b/263"", ""MCR_seq200b/329"", ""MCR_v1_seq100/60"", ""MCR_v1_seq100/99""]",1.0
E12,s1_k10_pointwise,graph_k10_pointwise,graph_vs_s1_k10_pointwise,factorial39,MCR,safe_exact,150,13,4,5,128,0.11333333333333333,0.12,0.006666666666666667,1.0,"[-0.033333, 0.046667]","[""MCR_seq200b/320"", ""MCR_seq200b/328"", ""MCR_seq200b/396"", ""MCR_seq200b/458"", ""MCR_v1_seq100/78""]","[""MCR_seq200b/263"", ""MCR_seq200b/283"", ""MCR_seq200b/329"", ""MCR_v1_seq100/99""]",1.0
E12,s1_k5_first,graph_k5_first,graph_vs_s1_k5_first,factorial39,MCR,safe_exact,150,21,0,0,129,0.14,0.14,0.0,1.0,"[0.0, 0.0]",[],[],1.0
E12,s1_k5_pairwise,graph_k5_pairwise,graph_vs_s1_k5_pairwise,factorial39,MCR,safe_exact,150,18,3,3,126,0.14,0.14,0.0,1.0,"[-0.033333, 0.033333]","[""MCR_seq200b/345"", ""MCR_v1_seq100/46"", ""MCR_v1_seq100/74""]","[""MCR_seq200b/328"", ""MCR_seq200b/329"", ""MCR_v1_seq100/12""]",1.0
E12,s1_k5_pointwise,graph_k5_pointwise,graph_vs_s1_k5_pointwise,factorial39,MCR,safe_exact,150,14,3,7,126,0.11333333333333333,0.14,0.02666666666666667,0.34375,"[-0.013333, 0.066667]","[""MCR_seq200b/320"", ""MCR_seq200b/458"", ""MCR_v1_seq100/46"", ""MCR_v1_seq100/74"", ""MCR_v1_seq100/78"", ""MCR_v1_seq100/99"", ""MCR_v2_seq100/174""]","[""MCR_seq200b/328"", ""MCR_seq200b/329"", ""MCR_v1_seq100/60""]",1.0
E12,graph_k5_first,graph_k10_first,k10_vs_k5_graph_first,factorial39,MCR,safe_exact,150,21,0,0,129,0.14,0.14,0.0,1.0,"[0.0, 0.0]",[],[],1.0
E12,graph_k5_pairwise,graph_k10_pairwise,k10_vs_k5_graph_pairwise,factorial39,MCR,safe_exact,150,18,3,1,128,0.14,0.12666666666666668,-0.013333333333333334,0.625,"[-0.04, 0.013333]","[""MCR_seq200b/320""]","[""MCR_seq200b/263"", ""MCR_v1_seq100/74"", ""MCR_v1_seq100/99""]",1.0
E12,graph_k5_pointwise,graph_k10_pointwise,k10_vs_k5_graph_pointwise,factorial39,MCR,safe_exact,150,16,5,2,127,0.14,0.12,-0.02,0.453125,"[-0.053333, 0.013333]","[""MCR_seq200b/328"", ""MCR_seq200b/345""]","[""MCR_seq200b/263"", ""MCR_v1_seq100/46"", ""MCR_v1_seq100/74"", ""MCR_v1_seq100/99"", ""MCR_v2_seq100/174""]",1.0
E12,raw_k5_first,raw_k10_first,k10_vs_k5_raw_first,factorial39,MCR,safe_exact,150,21,0,0,129,0.14,0.14,0.0,1.0,"[0.0, 0.0]",[],[],1.0
E12,raw_k5_pairwise,raw_k10_pairwise,k10_vs_k5_raw_pairwise,factorial39,MCR,safe_exact,150,24,1,1,124,0.16666666666666666,0.16666666666666666,0.0,1.0,"[-0.02, 0.02]","[""MCR_v1_seq100/99""]","[""MCR_v1_seq100/74""]",1.0
E12,raw_k5_pointwise,raw_k10_pointwise,k10_vs_k5_raw_pointwise,factorial39,MCR,safe_exact,150,21,3,3,123,0.16,0.16,0.0,1.0,"[-0.033333, 0.033333]","[""MCR_seq200b/329"", ""MCR_seq200b/396"", ""MCR_seq200b/458""]","[""MCR_seq200b/283"", ""MCR_seq200b/345"", ""MCR_v1_seq100/74""]",1.0
E12,s1_k5_first,s1_k10_first,k10_vs_k5_s1_first,factorial39,MCR,safe_exact,150,21,0,0,129,0.14,0.14,0.0,1.0,"[0.0, 0.0]",[],[],1.0
E12,s1_k5_pairwise,s1_k10_pairwise,k10_vs_k5_s1_pairwise,factorial39,MCR,safe_exact,150,17,4,3,126,0.14,0.13333333333333333,-0.006666666666666667,1.0,"[-0.04, 0.026667]","[""MCR_seq200b/345"", ""MCR_v1_seq100/46"", ""MCR_v1_seq100/60""]","[""MCR_seq200b/328"", ""MCR_seq200b/458"", ""MCR_v1_seq100/12"", ""MCR_v1_seq100/78""]",1.0
E12,s1_k5_pointwise,s1_k10_pointwise,k10_vs_k5_s1_pointwise,factorial39,MCR,safe_exact,150,14,3,3,130,0.11333333333333333,0.11333333333333333,0.0,1.0,"[-0.033333, 0.033333]","[""MCR_seq200b/283"", ""MCR_seq200b/345"", ""MCR_v1_seq100/99""]","[""MCR_seq200b/328"", ""MCR_seq200b/396"", ""MCR_v1_seq100/60""]",1.0
E12,graph_k10_first,graph_k10_pairwise,pairwise_vs_first_graph_k10,factorial39,MCR,safe_exact,150,15,6,4,125,0.14,0.12666666666666668,-0.013333333333333334,0.75390625,"[-0.053333, 0.026667]","[""MCR_seq200b/320"", ""MCR_seq200b/345"", ""MCR_seq200b/384"", ""MCR_v2_seq100/227""]","[""MCR_seq200b/263"", ""MCR_seq200b/283"", ""MCR_seq200b/328"", ""MCR_v1_seq100/12"", ""MCR_v1_seq100/76"", ""MCR_v2_seq100/169""]",1.0
E12,graph_k5_first,graph_k5_pairwise,pairwise_vs_first_graph_k5,factorial39,MCR,safe_exact,150,16,5,5,124,0.14,0.14,0.0,1.0,"[-0.04, 0.04]","[""MCR_seq200b/345"", ""MCR_seq200b/384"", ""MCR_v1_seq100/74"", ""MCR_v1_seq100/99"", ""MCR_v2_seq100/227""]","[""MCR_seq200b/283"", ""MCR_seq200b/328"", ""MCR_v1_seq100/12"", ""MCR_v1_seq100/76"", ""MCR_v2_seq100/169""]",1.0
E12,raw_k10_first,raw_k10_pairwise,pairwise_vs_first_raw_k10,factorial39,MCR,safe_exact,150,18,3,7,122,0.14,0.16666666666666666,0.02666666666666667,0.34375,"[-0.013333, 0.066667]","[""MCR_seq200b/320"", ""MCR_seq200b/329"", ""MCR_seq200b/345"", ""MCR_seq200b/384"", ""MCR_seq200b/431"", ""MCR_v1_seq100/99"", ""MCR_v2_seq100/227""]","[""MCR_seq200b/458"", ""MCR_v1_seq100/76"", ""MCR_v2_seq100/169""]",1.0
E12,raw_k5_first,raw_k5_pairwise,pairwise_vs_first_raw_k5,factorial39,MCR,safe_exact,150,18,3,7,122,0.14,0.16666666666666666,0.02666666666666667,0.34375,"[-0.013333, 0.066667]","[""MCR_seq200b/320"", ""MCR_seq200b/329"", ""MCR_seq200b/345"", ""MCR_seq200b/384"", ""MCR_seq200b/431"", ""MCR_v1_seq100/74"", ""MCR_v2_seq100/227""]","[""MCR_seq200b/458"", ""MCR_v1_seq100/76"", ""MCR_v2_seq100/169""]",1.0
E12,s1_k10_first,s1_k10_pairwise,pairwise_vs_first_s1_k10,factorial39,MCR,safe_exact,150,14,7,6,123,0.14,0.13333333333333333,-0.006666666666666667,1.0,"[-0.053333, 0.04]","[""MCR_seq200b/329"", ""MCR_seq200b/345"", ""MCR_seq200b/384"", ""MCR_v1_seq100/60"", ""MCR_v1_seq100/99"", ""MCR_v2_seq100/227""]","[""MCR_seq200b/283"", ""MCR_seq200b/328"", ""MCR_seq200b/458"", ""MCR_v1_seq100/12"", ""MCR_v1_seq100/76"", ""MCR_v1_seq100/78"", ""MCR_v2_seq100/169""]",1.0
E12,s1_k5_first,s1_k5_pairwise,pairwise_vs_first_s1_k5,factorial39,MCR,safe_exact,150,17,4,4,125,0.14,0.14,0.0,1.0,"[-0.04, 0.04]","[""MCR_seq200b/329"", ""MCR_seq200b/384"", ""MCR_v1_seq100/99"", ""MCR_v2_seq100/227""]","[""MCR_seq200b/283"", ""MCR_v1_seq100/46"", ""MCR_v1_seq100/76"", ""MCR_v2_seq100/169""]",1.0
E12,graph_k10_pointwise,graph_k10_pairwise,pairwise_vs_pointwise_graph_k10,factorial39,MCR,safe_exact,150,17,1,2,130,0.12,0.12666666666666668,0.006666666666666667,1.0,"[-0.013333, 0.033333]","[""MCR_v1_seq100/46"", ""MCR_v2_seq100/174""]","[""MCR_seq200b/328""]",1.0
E12,graph_k5_pointwise,graph_k5_pairwise,pairwise_vs_pointwise_graph_k5,factorial39,MCR,safe_exact,150,20,1,1,128,0.14,0.14,0.0,1.0,"[-0.02, 0.02]","[""MCR_seq200b/345""]","[""MCR_seq200b/320""]",1.0
E12,raw_k10_pointwise,raw_k10_pairwise,pairwise_vs_pointwise_raw_k10,factorial39,MCR,safe_exact,150,23,1,2,124,0.16,0.16666666666666666,0.006666666666666667,1.0,"[-0.013333, 0.033333]","[""MCR_seq200b/283"", ""MCR_seq200b/345""]","[""MCR_seq200b/458""]",1.0
E12,raw_k5_pointwise,raw_k5_pairwise,pairwise_vs_pointwise_raw_k5,factorial39,MCR,safe_exact,150,23,1,2,124,0.16,0.16666666666666666,0.006666666666666667,1.0,"[-0.013333, 0.026667]","[""MCR_seq200b/329"", ""MCR_seq200b/396""]","[""MCR_v1_seq100/99""]",1.0
E12,s1_k10_pointwise,s1_k10_pairwise,pairwise_vs_pointwise_s1_k10,factorial39,MCR,safe_exact,150,16,1,4,129,0.11333333333333333,0.13333333333333333,0.02,0.375,"[-0.006667, 0.053333]","[""MCR_seq200b/396"", ""MCR_v1_seq100/46"", ""MCR_v1_seq100/60"", ""MCR_v2_seq100/174""]","[""MCR_seq200b/283""]",1.0
E12,s1_k5_pointwise,s1_k5_pairwise,pairwise_vs_pointwise_s1_k5,factorial39,MCR,safe_exact,150,16,1,5,128,0.11333333333333333,0.14,0.02666666666666667,0.21875,"[0.0, 0.06]","[""MCR_seq200b/458"", ""MCR_v1_seq100/12"", ""MCR_v1_seq100/78"", ""MCR_v1_seq100/99"", ""MCR_v2_seq100/174""]","[""MCR_v1_seq100/60""]",1.0
E12,graph_k10_first,graph_k10_pointwise,pointwise_vs_first_graph_k10,factorial39,MCR,safe_exact,150,14,7,4,125,0.14,0.12,-0.02,0.548828125,"[-0.06, 0.02]","[""MCR_seq200b/320"", ""MCR_seq200b/345"", ""MCR_seq200b/384"", ""MCR_v2_seq100/227""]","[""MCR_seq200b/263"", ""MCR_seq200b/283"", ""MCR_v1_seq100/12"", ""MCR_v1_seq100/46"", ""MCR_v1_seq100/76"", ""MCR_v2_seq100/169"", ""MCR_v2_seq100/174""]",1.0
E12,graph_k5_first,graph_k5_pointwise,pointwise_vs_first_graph_k5,factorial39,MCR,safe_exact,150,16,5,5,124,0.14,0.14,0.0,1.0,"[-0.04, 0.04]","[""MCR_seq200b/320"", ""MCR_seq200b/384"", ""MCR_v1_seq100/74"", ""MCR_v1_seq100/99"", ""MCR_v2_seq100/227""]","[""MCR_seq200b/283"", ""MCR_seq200b/328"", ""MCR_v1_seq100/12"", ""MCR_v1_seq100/76"", ""MCR_v2_seq100/169""]",1.0
E12,raw_k10_first,raw_k10_pointwise,pointwise_vs_first_raw_k10,factorial39,MCR,safe_exact,150,18,3,6,123,0.14,0.16,0.02,0.5078125,"[-0.02, 0.06]","[""MCR_seq200b/320"", ""MCR_seq200b/329"", ""MCR_seq200b/384"", ""MCR_seq200b/431"", ""MCR_v1_seq100/99"", ""MCR_v2_seq100/227""]","[""MCR_seq200b/283"", ""MCR_v1_seq100/76"", ""MCR_v2_seq100/169""]",1.0
E12,raw_k5_first,raw_k5_pointwise,pointwise_vs_first_raw_k5,factorial39,MCR,safe_exact,150,17,4,7,122,0.14,0.16,0.02,0.548828125,"[-0.02, 0.066667]","[""MCR_seq200b/320"", ""MCR_seq200b/345"", ""MCR_seq200b/384"", ""MCR_seq200b/431"", ""MCR_v1_seq100/74"", ""MCR_v1_seq100/99"", ""MCR_v2_seq100/227""]","[""MCR_seq200b/396"", ""MCR_seq200b/458"", ""MCR_v1_seq100/76"", ""MCR_v2_seq100/169""]",1.0
E12,s1_k10_first,s1_k10_pointwise,pointwise_vs_first_s1_k10,factorial39,MCR,safe_exact,150,12,9,5,124,0.14,0.11333333333333333,-0.02666666666666667,0.4239501953125,"[-0.0735, 0.02]","[""MCR_seq200b/329"", ""MCR_seq200b/345"", ""MCR_seq200b/384"", ""MCR_v1_seq100/99"", ""MCR_v2_seq100/227""]","[""MCR_seq200b/328"", ""MCR_seq200b/396"", ""MCR_seq200b/458"", ""MCR_v1_seq100/12"", ""MCR_v1_seq100/46"", ""MCR_v1_seq100/76"", ""MCR_v1_seq100/78"", ""MCR_v2_seq100/169"", ""MCR_v2_seq100/174""]",1.0
E12,s1_k5_first,s1_k5_pointwise,pointwise_vs_first_s1_k5,factorial39,MCR,safe_exact,150,13,8,4,125,0.14,0.11333333333333333,-0.02666666666666667,0.3876953125,"[-0.073333, 0.02]","[""MCR_seq200b/329"", ""MCR_seq200b/384"", ""MCR_v1_seq100/60"", ""MCR_v2_seq100/227""]","[""MCR_seq200b/283"", ""MCR_seq200b/458"", ""MCR_v1_seq100/12"", ""MCR_v1_seq100/46"", ""MCR_v1_seq100/76"", ""MCR_v1_seq100/78"", ""MCR_v2_seq100/169"", ""MCR_v2_seq100/174""]",1.0
E12,s1_k10_first,raw_k10_first,raw_vs_s1_k10_first,factorial39,MCR,safe_exact,150,21,0,0,129,0.14,0.14,0.0,1.0,"[0.0, 0.0]",[],[],1.0
E12,s1_k10_pairwise,raw_k10_pairwise,raw_vs_s1_k10_pairwise,factorial39,MCR,safe_exact,150,19,1,6,124,0.13333333333333333,0.16666666666666666,0.03333333333333333,0.125,"[0.0, 0.066667]","[""MCR_seq200b/283"", ""MCR_seq200b/320"", ""MCR_seq200b/328"", ""MCR_seq200b/431"", ""MCR_v1_seq100/12"", ""MCR_v1_seq100/78""]","[""MCR_v1_seq100/60""]",1.0
E12,s1_k10_pointwise,raw_k10_pointwise,raw_vs_s1_k10_pointwise,factorial39,MCR,safe_exact,150,15,2,9,124,0.11333333333333333,0.16,0.04666666666666667,0.0654296875,"[0.006667, 0.093333]","[""MCR_seq200b/320"", ""MCR_seq200b/328"", ""MCR_seq200b/396"", ""MCR_seq200b/431"", ""MCR_seq200b/458"", ""MCR_v1_seq100/12"", ""MCR_v1_seq100/46"", ""MCR_v1_seq100/78"", ""MCR_v2_seq100/174""]","[""MCR_seq200b/283"", ""MCR_seq200b/345""]",1.0
E12,s1_k5_first,raw_k5_first,raw_vs_s1_k5_first,factorial39,MCR,safe_exact,150,21,0,0,129,0.14,0.14,0.0,1.0,"[0.0, 0.0]",[],[],1.0
E12,s1_k5_pairwise,raw_k5_pairwise,raw_vs_s1_k5_pairwise,factorial39,MCR,safe_exact,150,19,2,6,123,0.14,0.16666666666666666,0.02666666666666667,0.2890625,"[-0.006667, 0.066667]","[""MCR_seq200b/283"", ""MCR_seq200b/320"", ""MCR_seq200b/345"", ""MCR_seq200b/431"", ""MCR_v1_seq100/46"", ""MCR_v1_seq100/74""]","[""MCR_seq200b/458"", ""MCR_v1_seq100/99""]",1.0
E12,s1_k5_pointwise,raw_k5_pointwise,raw_vs_s1_k5_pointwise,factorial39,MCR,safe_exact,150,14,3,10,123,0.11333333333333333,0.16,0.04666666666666667,0.09228515625,"[0.0, 0.093333]","[""MCR_seq200b/283"", ""MCR_seq200b/320"", ""MCR_seq200b/345"", ""MCR_seq200b/431"", ""MCR_v1_seq100/12"", ""MCR_v1_seq100/46"", ""MCR_v1_seq100/74"", ""MCR_v1_seq100/78"", ""MCR_v1_seq100/99"", ""MCR_v2_seq100/174""]","[""MCR_seq200b/329"", ""MCR_seq200b/396"", ""MCR_v1_seq100/60""]",1.0
E12,raw_depth1_k10_pairwise,raw_depth2_k10_pairwise,depth2_vs_depth1,incremental2,ALL,clinical_complete,300,37,1,2,260,0.12666666666666668,0.13,0.0033333333333333335,1.0,"[-0.006667, 0.016667]","[""MCR_seq200b/411"", ""MCR_v1_seq100/112""]","[""MCR_seq200b/335""]",1.0
E12,raw_depth2_k10_pairwise,raw_k10_pairwise,depth3_vs_depth2,incremental2,ALL,clinical_complete,300,39,0,2,259,0.13,0.13666666666666666,0.006666666666666667,0.5,"[0.0, 0.016667]","[""MCR_seq200b/283"", ""MCR_seq200b/335""]",[],1.0
E12,raw_depth1_k10_pairwise,raw_depth2_k10_pairwise,depth2_vs_depth1,incremental2,ALL,compatible_partial,300,97,13,12,178,0.36666666666666664,0.36333333333333334,-0.0033333333333333335,1.0,"[-0.036667, 0.03]","[""DA_d2_heldout100/372"", ""DA_d2_heldout100/439"", ""DA_d2_heldout200b/485"", ""DA_d2_heldout200b/527"", ""DA_d2_heldout200b/578"", ""DA_d2_heldout200b/627"", ""DA_d2_heldout200b/630"", ""DA_d2_heldout200b/649"", ""DA_d2_heldout200b/676"", ""DA_d2_heldout200b/706"", ""DA_d2_seq100/76"", ""DA_d2_seq100/95""]","[""DA_d2_heldout100/451"", ""DA_d2_heldout200b/489"", ""DA_d2_heldout200b/497"", ""DA_d2_heldout200b/619"", ""DA_d2_heldout200b/662"", ""DA_d2_heldout200b/724"", ""DA_d2_heldout200b/738"", ""DA_d2_heldout200b/753"", ""DA_d2_heldout200b/756"", ""DA_d2_seq100/33"", ""DA_d2_seq100/59"", ""MCR_seq200b/411"", ""MCR_seq200b/437""]",1.0
E12,raw_depth2_k10_pairwise,raw_k10_pairwise,depth3_vs_depth2,incremental2,ALL,compatible_partial,300,103,6,10,181,0.36333333333333334,0.37666666666666665,0.013333333333333334,0.454498291015625,"[-0.013333, 0.04]","[""DA_d2_heldout100/318"", ""DA_d2_heldout200b/497"", ""DA_d2_heldout200b/549"", ""DA_d2_heldout200b/619"", ""DA_d2_heldout200b/662"", ""DA_d2_heldout200b/738"", ""DA_d2_heldout200b/753"", ""DA_d2_seq100/33"", ""DA_d2_seq100/59"", ""MCR_v2_seq100/139""]","[""DA_d2_heldout100/372"", ""DA_d2_heldout100/437"", ""DA_d2_heldout200b/527"", ""DA_d2_heldout200b/746"", ""DA_d2_seq100/76"", ""MCR_seq200b/265""]",0.90899658203125
E12,raw_depth1_k10_pairwise,raw_depth2_k10_pairwise,depth2_vs_depth1,incremental2,ALL,complete_or_compatible_partial,300,135,13,13,139,0.49333333333333335,0.49333333333333335,0.0,1.0,"[-0.033333, 0.033333]","[""DA_d2_heldout100/372"", ""DA_d2_heldout100/439"", ""DA_d2_heldout200b/485"", ""DA_d2_heldout200b/527"", ""DA_d2_heldout200b/578"", ""DA_d2_heldout200b/627"", ""DA_d2_heldout200b/630"", ""DA_d2_heldout200b/649"", ""DA_d2_heldout200b/676"", ""DA_d2_heldout200b/706"", ""DA_d2_seq100/76"", ""DA_d2_seq100/95"", ""MCR_v1_seq100/112""]","[""DA_d2_heldout100/451"", ""DA_d2_heldout200b/489"", ""DA_d2_heldout200b/497"", ""DA_d2_heldout200b/619"", ""DA_d2_heldout200b/662"", ""DA_d2_heldout200b/724"", ""DA_d2_heldout200b/738"", ""DA_d2_heldout200b/753"", ""DA_d2_heldout200b/756"", ""DA_d2_seq100/33"", ""DA_d2_seq100/59"", ""MCR_seq200b/335"", ""MCR_seq200b/437""]",1.0
E12,raw_depth2_k10_pairwise,raw_k10_pairwise,depth3_vs_depth2,incremental2,ALL,complete_or_compatible_partial,300,142,6,12,140,0.49333333333333335,0.5133333333333333,0.02,0.237884521484375,"[-0.006667, 0.046667]","[""DA_d2_heldout100/318"", ""DA_d2_heldout200b/497"", ""DA_d2_heldout200b/549"", ""DA_d2_heldout200b/619"", ""DA_d2_heldout200b/662"", ""DA_d2_heldout200b/738"", ""DA_d2_heldout200b/753"", ""DA_d2_seq100/33"", ""DA_d2_seq100/59"", ""MCR_seq200b/283"", ""MCR_seq200b/335"", ""MCR_v2_seq100/139""]","[""DA_d2_heldout100/372"", ""DA_d2_heldout100/437"", ""DA_d2_heldout200b/527"", ""DA_d2_heldout200b/746"", ""DA_d2_seq100/76"", ""MCR_seq200b/265""]",0.47576904296875
E12,raw_depth1_k10_pairwise,raw_depth2_k10_pairwise,depth2_vs_depth1,incremental2,ALL,legacy_chain,300,63,6,6,225,0.23,0.23,0.0,1.0,"[-0.023333, 0.023333]","[""DA_d2_heldout100/321"", ""DA_d2_heldout200b/508"", ""DA_d2_heldout200b/578"", ""DA_d2_heldout200b/649"", ""DA_d2_heldout200b/706"", ""DA_d2_seq100/76""]","[""DA_d2_heldout100/451"", ""DA_d2_heldout200b/497"", ""DA_d2_heldout200b/619"", ""DA_d2_heldout200b/662"", ""MCR_seq200b/335"", ""MCR_seq200b/411""]",1.0
E12,raw_depth2_k10_pairwise,raw_k10_pairwise,depth3_vs_depth2,incremental2,ALL,legacy_chain,300,65,4,6,225,0.23,0.23666666666666666,0.006666666666666667,0.75390625,"[-0.013333, 0.026667]","[""DA_d2_heldout200b/497"", ""DA_d2_heldout200b/549"", ""DA_d2_heldout200b/619"", ""DA_d2_heldout200b/662"", ""MCR_seq200b/335"", ""MCR_v2_seq100/139""]","[""DA_d2_heldout200b/508"", ""DA_d2_heldout200b/618"", ""DA_d2_seq100/19"", ""DA_d2_seq100/76""]",1.0
E12,raw_depth1_k10_pairwise,raw_depth2_k10_pairwise,depth2_vs_depth1,incremental2,ALL,safe_exact,300,25,0,0,275,0.08333333333333333,0.08333333333333333,0.0,1.0,"[0.0, 0.0]",[],[],1.0
E12,raw_depth2_k10_pairwise,raw_k10_pairwise,depth3_vs_depth2,incremental2,ALL,safe_exact,300,25,0,1,274,0.08333333333333333,0.08666666666666667,0.0033333333333333335,1.0,"[0.0, 0.01]","[""MCR_seq200b/283""]",[],1.0
E12,raw_depth1_k10_pairwise,raw_depth2_k10_pairwise,depth2_vs_depth1,incremental2,DA,clinical_complete,150,3,0,0,147,0.02,0.02,0.0,1.0,"[0.0, 0.0]",[],[],1.0
E12,raw_depth2_k10_pairwise,raw_k10_pairwise,depth3_vs_depth2,incremental2,DA,clinical_complete,150,3,0,0,147,0.02,0.02,0.0,1.0,"[0.0, 0.0]",[],[],1.0
E12,raw_depth1_k10_pairwise,raw_depth2_k10_pairwise,depth2_vs_depth1,incremental2,DA,compatible_partial,150,74,11,12,53,0.5666666666666667,0.5733333333333334,0.006666666666666667,1.0,"[-0.053333, 0.066667]","[""DA_d2_heldout100/372"", ""DA_d2_heldout100/439"", ""DA_d2_heldout200b/485"", ""DA_d2_heldout200b/527"", ""DA_d2_heldout200b/578"", ""DA_d2_heldout200b/627"", ""DA_d2_heldout200b/630"", ""DA_d2_heldout200b/649"", ""DA_d2_heldout200b/676"", ""DA_d2_heldout200b/706"", ""DA_d2_seq100/76"", ""DA_d2_seq100/95""]","[""DA_d2_heldout100/451"", ""DA_d2_heldout200b/489"", ""DA_d2_heldout200b/497"", ""DA_d2_heldout200b/619"", ""DA_d2_heldout200b/662"", ""DA_d2_heldout200b/724"", ""DA_d2_heldout200b/738"", ""DA_d2_heldout200b/753"", ""DA_d2_heldout200b/756"", ""DA_d2_seq100/33"", ""DA_d2_seq100/59""]",1.0
E12,raw_depth2_k10_pairwise,raw_k10_pairwise,depth3_vs_depth2,incremental2,DA,compatible_partial,150,81,5,9,55,0.5733333333333334,0.6,0.02666666666666667,0.4239501953125,"[-0.02, 0.073333]","[""DA_d2_heldout100/318"", ""DA_d2_heldout200b/497"", ""DA_d2_heldout200b/549"", ""DA_d2_heldout200b/619"", ""DA_d2_heldout200b/662"", ""DA_d2_heldout200b/738"", ""DA_d2_heldout200b/753"", ""DA_d2_seq100/33"", ""DA_d2_seq100/59""]","[""DA_d2_heldout100/372"", ""DA_d2_heldout100/437"", ""DA_d2_heldout200b/527"", ""DA_d2_heldout200b/746"", ""DA_d2_seq100/76""]",0.847900390625
E12,raw_depth1_k10_pairwise,raw_depth2_k10_pairwise,depth2_vs_depth1,incremental2,DA,complete_or_compatible_partial,150,77,11,12,50,0.5866666666666667,0.5933333333333334,0.006666666666666667,1.0,"[-0.053333, 0.066667]","[""DA_d2_heldout100/372"", ""DA_d2_heldout100/439"", ""DA_d2_heldout200b/485"", ""DA_d2_heldout200b/527"", ""DA_d2_heldout200b/578"", ""DA_d2_heldout200b/627"", ""DA_d2_heldout200b/630"", ""DA_d2_heldout200b/649"", ""DA_d2_heldout200b/676"", ""DA_d2_heldout200b/706"", ""DA_d2_seq100/76"", ""DA_d2_seq100/95""]","[""DA_d2_heldout100/451"", ""DA_d2_heldout200b/489"", ""DA_d2_heldout200b/497"", ""DA_d2_heldout200b/619"", ""DA_d2_heldout200b/662"", ""DA_d2_heldout200b/724"", ""DA_d2_heldout200b/738"", ""DA_d2_heldout200b/753"", ""DA_d2_heldout200b/756"", ""DA_d2_seq100/33"", ""DA_d2_seq100/59""]",1.0
E12,raw_depth2_k10_pairwise,raw_k10_pairwise,depth3_vs_depth2,incremental2,DA,complete_or_compatible_partial,150,84,5,9,52,0.5933333333333334,0.62,0.02666666666666667,0.4239501953125,"[-0.02, 0.073333]","[""DA_d2_heldout100/318"", ""DA_d2_heldout200b/497"", ""DA_d2_heldout200b/549"", ""DA_d2_heldout200b/619"", ""DA_d2_heldout200b/662"", ""DA_d2_heldout200b/738"", ""DA_d2_heldout200b/753"", ""DA_d2_seq100/33"", ""DA_d2_seq100/59""]","[""DA_d2_heldout100/372"", ""DA_d2_heldout100/437"", ""DA_d2_heldout200b/527"", ""DA_d2_heldout200b/746"", ""DA_d2_seq100/76""]",0.847900390625
E12,raw_depth1_k10_pairwise,raw_depth2_k10_pairwise,depth2_vs_depth1,incremental2,DA,legacy_chain,150,28,4,6,112,0.21333333333333335,0.22666666666666666,0.013333333333333334,0.75390625,"[-0.026667, 0.053333]","[""DA_d2_heldout100/321"", ""DA_d2_heldout200b/508"", ""DA_d2_heldout200b/578"", ""DA_d2_heldout200b/649"", ""DA_d2_heldout200b/706"", ""DA_d2_seq100/76""]","[""DA_d2_heldout100/451"", ""DA_d2_heldout200b/497"", ""DA_d2_heldout200b/619"", ""DA_d2_heldout200b/662""]",1.0
E12,raw_depth2_k10_pairwise,raw_k10_pairwise,depth3_vs_depth2,incremental2,DA,legacy_chain,150,30,4,4,112,0.22666666666666666,0.22666666666666666,0.0,1.0,"[-0.04, 0.033333]","[""DA_d2_heldout200b/497"", ""DA_d2_heldout200b/549"", ""DA_d2_heldout200b/619"", ""DA_d2_heldout200b/662""]","[""DA_d2_heldout200b/508"", ""DA_d2_heldout200b/618"", ""DA_d2_seq100/19"", ""DA_d2_seq100/76""]",1.0
E12,raw_depth1_k10_pairwise,raw_depth2_k10_pairwise,depth2_vs_depth1,incremental2,DA,safe_exact,150,1,0,0,149,0.006666666666666667,0.006666666666666667,0.0,1.0,"[0.0, 0.0]",[],[],1.0
E12,raw_depth2_k10_pairwise,raw_k10_pairwise,depth3_vs_depth2,incremental2,DA,safe_exact,150,1,0,0,149,0.006666666666666667,0.006666666666666667,0.0,1.0,"[0.0, 0.0]",[],[],1.0
E12,raw_depth1_k10_pairwise,raw_depth2_k10_pairwise,depth2_vs_depth1,incremental2,MCR,clinical_complete,150,34,1,2,113,0.23333333333333334,0.24,0.006666666666666667,1.0,"[-0.013333, 0.033333]","[""MCR_seq200b/411"", ""MCR_v1_seq100/112""]","[""MCR_seq200b/335""]",1.0
E12,raw_depth2_k10_pairwise,raw_k10_pairwise,depth3_vs_depth2,incremental2,MCR,clinical_complete,150,36,0,2,112,0.24,0.25333333333333335,0.013333333333333334,0.5,"[0.0, 0.033333]","[""MCR_seq200b/283"", ""MCR_seq200b/335""]",[],1.0
E12,raw_depth1_k10_pairwise,raw_depth2_k10_pairwise,depth2_vs_depth1,incremental2,MCR,compatible_partial,150,23,2,0,125,0.16666666666666666,0.15333333333333332,-0.013333333333333334,0.5,"[-0.033333, 0.0]",[],"[""MCR_seq200b/411"", ""MCR_seq200b/437""]",1.0
E12,raw_depth2_k10_pairwise,raw_k10_pairwise,depth3_vs_depth2,incremental2,MCR,compatible_partial,150,22,1,1,126,0.15333333333333332,0.15333333333333332,0.0,1.0,"[-0.02, 0.02]","[""MCR_v2_seq100/139""]","[""MCR_seq200b/265""]",1.0
E12,raw_depth1_k10_pairwise,raw_depth2_k10_pairwise,depth2_vs_depth1,incremental2,MCR,complete_or_compatible_partial,150,58,2,1,89,0.4,0.3933333333333333,-0.006666666666666667,1.0,"[-0.026667, 0.013333]","[""MCR_v1_seq100/112""]","[""MCR_seq200b/335"", ""MCR_seq200b/437""]",1.0
E12,raw_depth2_k10_pairwise,raw_k10_pairwise,depth3_vs_depth2,incremental2,MCR,complete_or_compatible_partial,150,58,1,3,88,0.3933333333333333,0.4066666666666667,0.013333333333333334,0.625,"[-0.013333, 0.04]","[""MCR_seq200b/283"", ""MCR_seq200b/335"", ""MCR_v2_seq100/139""]","[""MCR_seq200b/265""]",1.0
E12,raw_depth1_k10_pairwise,raw_depth2_k10_pairwise,depth2_vs_depth1,incremental2,MCR,legacy_chain,150,35,2,0,113,0.24666666666666667,0.23333333333333334,-0.013333333333333334,0.5,"[-0.033333, 0.0]",[],"[""MCR_seq200b/335"", ""MCR_seq200b/411""]",1.0
E12,raw_depth2_k10_pairwise,raw_k10_pairwise,depth3_vs_depth2,incremental2,MCR,legacy_chain,150,35,0,2,113,0.23333333333333334,0.24666666666666667,0.013333333333333334,0.5,"[0.0, 0.033333]","[""MCR_seq200b/335"", ""MCR_v2_seq100/139""]",[],1.0
E12,raw_depth1_k10_pairwise,raw_depth2_k10_pairwise,depth2_vs_depth1,incremental2,MCR,safe_exact,150,24,0,0,126,0.16,0.16,0.0,1.0,"[0.0, 0.0]",[],[],1.0
E12,raw_depth2_k10_pairwise,raw_k10_pairwise,depth3_vs_depth2,incremental2,MCR,safe_exact,150,24,0,1,125,0.16,0.16666666666666666,0.006666666666666667,1.0,"[0.0, 0.02]","[""MCR_seq200b/283""]",[],1.0
E14x,mosaic_lite_v1,mosaic_adaptive4v2_v1,adaptive_vs_lite,primary,ALL,clinical_complete,300,41,7,8,244,0.16,0.16333333333333333,0.0033333333333333335,1.0,"[-0.023333, 0.03]","[""MCR_v1_seq100/2"", ""MCR_v1_seq100/56"", ""MCR_v1_seq100/63"", ""MCR_v1_seq100/73"", ""MCR_v2_seq100/143"", ""MCR_v2_seq100/178"", ""MCR_v2_seq100/205"", ""MCR_v2_seq100/213""]","[""DA_d2_seq100/161"", ""DA_d2_seq100/229"", ""DA_d2_seq100/99"", ""MCR_v1_seq100/21"", ""MCR_v1_seq100/78"", ""MCR_v1_seq100/82"", ""MCR_v2_seq100/142""]",1.0
E14x,mosaic_lite_v1,mosaic_adaptive4v2_v1,adaptive_vs_lite,primary,ALL,compatible_partial,300,74,11,14,201,0.2833333333333333,0.29333333333333333,0.01,0.6900379657745361,"[-0.023333, 0.043333]","[""DA_d2_seq100/100"", ""DA_d2_seq100/132"", ""DA_d2_seq100/163"", ""DA_d2_seq100/67"", ""DA_d2_seq100/99"", ""MCR_v1_seq100/13"", ""MCR_v1_seq100/16"", ""MCR_v1_seq100/67"", ""MCR_v1_seq100/80"", ""MCR_v1_seq100/82"", ""MCR_v2_seq100/182"", ""MCR_v2_seq100/237"", ""MCR_v2_seq100/240"", ""MCR_v2_seq100/244""]","[""DA_d2_seq100/102"", ""DA_d2_seq100/111"", ""DA_d2_seq100/198"", ""DA_d2_seq100/243"", ""DA_d2_seq100/27"", ""MCR_v1_seq100/126"", ""MCR_v1_seq100/73"", ""MCR_v1_seq100/86"", ""MCR_v2_seq100/135"", ""MCR_v2_seq100/143"", ""MCR_v2_seq100/229""]",0.6900379657745361
E14x,mosaic_lite_v1,mosaic_adaptive4v2_v1,adaptive_vs_lite,primary,ALL,complete_or_compatible_partial,300,119,14,18,149,0.44333333333333336,0.45666666666666667,0.013333333333333334,0.5966148958541453,"[-0.023333, 0.05]","[""DA_d2_seq100/100"", ""DA_d2_seq100/132"", ""DA_d2_seq100/163"", ""DA_d2_seq100/67"", ""MCR_v1_seq100/13"", ""MCR_v1_seq100/16"", ""MCR_v1_seq100/2"", ""MCR_v1_seq100/56"", ""MCR_v1_seq100/63"", ""MCR_v1_seq100/67"", ""MCR_v1_seq100/80"", ""MCR_v2_seq100/178"", ""MCR_v2_seq100/182"", ""MCR_v2_seq100/205"", ""MCR_v2_seq100/213"", ""MCR_v2_seq100/237"", ""MCR_v2_seq100/240"", ""MCR_v2_seq100/244""]","[""DA_d2_seq100/102"", ""DA_d2_seq100/111"", ""DA_d2_seq100/161"", ""DA_d2_seq100/198"", ""DA_d2_seq100/229"", ""DA_d2_seq100/243"", ""DA_d2_seq100/27"", ""MCR_v1_seq100/126"", ""MCR_v1_seq100/21"", ""MCR_v1_seq100/78"", ""MCR_v1_seq100/86"", ""MCR_v2_seq100/135"", ""MCR_v2_seq100/142"", ""MCR_v2_seq100/229""]",0.5966148958541453
E14x,mosaic_lite_v1,mosaic_adaptive4v2_v1,adaptive_vs_lite,primary,ALL,legacy_chain,300,66,15,6,213,0.27,0.24,-0.03,0.0783538818359375,"[-0.06, 0.0]","[""MCR_v1_seq100/13"", ""MCR_v1_seq100/63"", ""MCR_v2_seq100/143"", ""MCR_v2_seq100/178"", ""MCR_v2_seq100/205"", ""MCR_v2_seq100/237""]","[""DA_d2_seq100/111"", ""DA_d2_seq100/198"", ""DA_d2_seq100/229"", ""DA_d2_seq100/27"", ""DA_d2_seq100/3"", ""DA_d2_seq100/45"", ""DA_d2_seq100/99"", ""MCR_v1_seq100/126"", ""MCR_v1_seq100/21"", ""MCR_v1_seq100/78"", ""MCR_v2_seq100/135"", ""MCR_v2_seq100/142"", ""MCR_v2_seq100/229"", ""MCR_v2_seq100/233"", ""MCR_v2_seq100/241""]",0.0783538818359375
E14x,mosaic_lite_v1,mosaic_adaptive4v2_v1,adaptive_vs_lite,primary,ALL,safe_exact,300,28,6,3,263,0.11333333333333333,0.10333333333333333,-0.01,0.5078125,"[-0.03, 0.01]","[""MCR_v2_seq100/143"", ""MCR_v2_seq100/178"", ""MCR_v2_seq100/205""]","[""DA_d2_seq100/229"", ""DA_d2_seq100/99"", ""MCR_v1_seq100/21"", ""MCR_v1_seq100/78"", ""MCR_v2_seq100/142"", ""MCR_v2_seq100/233""]",0.5078125
E14x,mosaic_lite_v1,mosaic_adaptive4v2_v1,adaptive_vs_lite,primary,DA,clinical_complete,100,3,3,0,94,0.06,0.03,-0.03,0.25,"[-0.07, 0.0]",[],"[""DA_d2_seq100/161"", ""DA_d2_seq100/229"", ""DA_d2_seq100/99""]",0.25
E14x,mosaic_lite_v1,mosaic_adaptive4v2_v1,adaptive_vs_lite,primary,DA,compatible_partial,100,50,5,5,40,0.55,0.55,0.0,1.0,"[-0.06, 0.06]","[""DA_d2_seq100/100"", ""DA_d2_seq100/132"", ""DA_d2_seq100/163"", ""DA_d2_seq100/67"", ""DA_d2_seq100/99""]","[""DA_d2_seq100/102"", ""DA_d2_seq100/111"", ""DA_d2_seq100/198"", ""DA_d2_seq100/243"", ""DA_d2_seq100/27""]",1.0
E14x,mosaic_lite_v1,mosaic_adaptive4v2_v1,adaptive_vs_lite,primary,DA,complete_or_compatible_partial,100,54,7,4,35,0.61,0.58,-0.03,0.548828125,"[-0.1, 0.03]","[""DA_d2_seq100/100"", ""DA_d2_seq100/132"", ""DA_d2_seq100/163"", ""DA_d2_seq100/67""]","[""DA_d2_seq100/102"", ""DA_d2_seq100/111"", ""DA_d2_seq100/161"", ""DA_d2_seq100/198"", ""DA_d2_seq100/229"", ""DA_d2_seq100/243"", ""DA_d2_seq100/27""]",0.548828125
E14x,mosaic_lite_v1,mosaic_adaptive4v2_v1,adaptive_vs_lite,primary,DA,legacy_chain,100,27,7,0,66,0.34,0.27,-0.07,0.015625,"[-0.12, -0.03]",[],"[""DA_d2_seq100/111"", ""DA_d2_seq100/198"", ""DA_d2_seq100/229"", ""DA_d2_seq100/27"", ""DA_d2_seq100/3"", ""DA_d2_seq100/45"", ""DA_d2_seq100/99""]",0.015625
E14x,mosaic_lite_v1,mosaic_adaptive4v2_v1,adaptive_vs_lite,primary,DA,safe_exact,100,1,2,0,97,0.03,0.01,-0.02,0.5,"[-0.05, 0.0]",[],"[""DA_d2_seq100/229"", ""DA_d2_seq100/99""]",0.5
E14x,mosaic_lite_v1,mosaic_adaptive4v2_v1,adaptive_vs_lite,primary,MCR,clinical_complete,200,38,4,8,150,0.21,0.23,0.02,0.3876953125,"[-0.015, 0.055]","[""MCR_v1_seq100/2"", ""MCR_v1_seq100/56"", ""MCR_v1_seq100/63"", ""MCR_v1_seq100/73"", ""MCR_v2_seq100/143"", ""MCR_v2_seq100/178"", ""MCR_v2_seq100/205"", ""MCR_v2_seq100/213""]","[""MCR_v1_seq100/21"", ""MCR_v1_seq100/78"", ""MCR_v1_seq100/82"", ""MCR_v2_seq100/142""]",0.3876953125
E14x,mosaic_lite_v1,mosaic_adaptive4v2_v1,adaptive_vs_lite,primary,MCR,compatible_partial,200,24,6,9,161,0.15,0.165,0.015,0.60723876953125,"[-0.025, 0.055]","[""MCR_v1_seq100/13"", ""MCR_v1_seq100/16"", ""MCR_v1_seq100/67"", ""MCR_v1_seq100/80"", ""MCR_v1_seq100/82"", ""MCR_v2_seq100/182"", ""MCR_v2_seq100/237"", ""MCR_v2_seq100/240"", ""MCR_v2_seq100/244""]","[""MCR_v1_seq100/126"", ""MCR_v1_seq100/73"", ""MCR_v1_seq100/86"", ""MCR_v2_seq100/135"", ""MCR_v2_seq100/143"", ""MCR_v2_seq100/229""]",0.60723876953125
E14x,mosaic_lite_v1,mosaic_adaptive4v2_v1,adaptive_vs_lite,primary,MCR,complete_or_compatible_partial,200,65,7,14,114,0.36,0.395,0.035,0.18924713134765625,"[-0.01, 0.08]","[""MCR_v1_seq100/13"", ""MCR_v1_seq100/16"", ""MCR_v1_seq100/2"", ""MCR_v1_seq100/56"", ""MCR_v1_seq100/63"", ""MCR_v1_seq100/67"", ""MCR_v1_seq100/80"", ""MCR_v2_seq100/178"", ""MCR_v2_seq100/182"", ""MCR_v2_seq100/205"", ""MCR_v2_seq100/213"", ""MCR_v2_seq100/237"", ""MCR_v2_seq100/240"", ""MCR_v2_seq100/244""]","[""MCR_v1_seq100/126"", ""MCR_v1_seq100/21"", ""MCR_v1_seq100/78"", ""MCR_v1_seq100/86"", ""MCR_v2_seq100/135"", ""MCR_v2_seq100/142"", ""MCR_v2_seq100/229""]",0.18924713134765625
E14x,mosaic_lite_v1,mosaic_adaptive4v2_v1,adaptive_vs_lite,primary,MCR,legacy_chain,200,39,8,6,147,0.235,0.225,-0.01,0.79052734375,"[-0.045, 0.025]","[""MCR_v1_seq100/13"", ""MCR_v1_seq100/63"", ""MCR_v2_seq100/143"", ""MCR_v2_seq100/178"", ""MCR_v2_seq100/205"", ""MCR_v2_seq100/237""]","[""MCR_v1_seq100/126"", ""MCR_v1_seq100/21"", ""MCR_v1_seq100/78"", ""MCR_v2_seq100/135"", ""MCR_v2_seq100/142"", ""MCR_v2_seq100/229"", ""MCR_v2_seq100/233"", ""MCR_v2_seq100/241""]",0.79052734375
E14x,mosaic_lite_v1,mosaic_adaptive4v2_v1,adaptive_vs_lite,primary,MCR,safe_exact,200,27,4,3,166,0.155,0.15,-0.005,1.0,"[-0.03, 0.02]","[""MCR_v2_seq100/143"", ""MCR_v2_seq100/178"", ""MCR_v2_seq100/205""]","[""MCR_v1_seq100/21"", ""MCR_v1_seq100/78"", ""MCR_v2_seq100/142"", ""MCR_v2_seq100/233""]",1.0
E4,e7_contrast,collapse_obligation_ledger,collapse_obligation_ledger_vs_e7_contrast,primary,ALL,clinical_complete,400,56,5,9,330,0.1525,0.1625,0.01,0.4239501953125,"[-0.0075, 0.0275]","[""MCR_seq200b/260"", ""MCR_seq200b/294"", ""MCR_seq200b/301"", ""MCR_seq200b/317"", ""MCR_seq200b/383"", ""MCR_seq200b/458"", ""MCR_seq200b/470"", ""MCR_v2_seq100/205"", ""MCR_v2_seq100/220""]","[""DA_d2_heldout200b/653"", ""DA_d2_heldout200b/740"", ""MCR_seq200b/424"", ""MCR_v2_seq100/162"", ""MCR_v2_seq100/174""]",1.0
E4,evidence_count_control,collapse_obligation_ledger,collapse_obligation_ledger_vs_evidence_count_control,primary,ALL,clinical_complete,400,23,8,42,327,0.0775,0.1625,0.085,1.163555804595262e-06,"[0.0525, 0.12]","[""DA_d2_heldout100/257"", ""DA_d2_heldout100/334"", ""DA_d2_heldout200b/646"", ""DA_d2_seq100/186"", ""DA_d2_seq100/219"", ""DA_d2_seq100/229"", ""DA_d2_seq100/3"", ""DA_d2_seq100/87"", ""MCR_seq200b/252"", ""MCR_seq200b/260"", ""MCR_seq200b/263"", ""MCR_seq200b/294"", ""MCR_seq200b/301"", ""MCR_seq200b/309"", ""MCR_seq200b/317"", ""MCR_seq200b/326"", ""MCR_seq200b/336"", ""MCR_seq200b/340"", ""MCR_seq200b/374"", ""MCR_seq200b/407"", ""MCR_seq200b/412"", ""MCR_seq200b/430"", ""MCR_seq200b/454"", ""MCR_seq200b/458"", ""MCR_seq200b/470"", ""MCR_v1_seq100/104"", ""MCR_v1_seq100/122"", ""MCR_v1_seq100/16"", ""MCR_v1_seq100/19"", ""MCR_v1_seq100/67"", ""MCR_v1_seq100/69"", ""MCR_v1_seq100/73"", ""MCR_v2_seq100/144"", ""MCR_v2_seq100/156"", ""MCR_v2_seq100/169"", ""MCR_v2_seq100/172"", ""MCR_v2_seq100/173"", ""MCR_v2_seq100/178"", ""MCR_v2_seq100/187"", ""MCR_v2_seq100/205"", ""MCR_v2_seq100/208"", ""MCR_v2_seq100/211""]","[""DA_d2_heldout200b/490"", ""DA_d2_seq100/150"", ""MCR_seq200b/344"", ""MCR_seq200b/387"", ""MCR_seq200b/406"", ""MCR_v1_seq100/11"", ""MCR_v1_seq100/60"", ""MCR_v2_seq100/152""]",9.308446436762097e-06
E4,forest_evidence_integrator,collapse_obligation_ledger,collapse_obligation_ledger_vs_forest_evidence_integrator,primary,ALL,clinical_complete,400,61,8,4,327,0.1725,0.1625,-0.01,0.3876953125,"[-0.0275, 0.0075]","[""MCR_seq200b/251"", ""MCR_seq200b/294"", ""MCR_seq200b/470"", ""MCR_v2_seq100/220""]","[""DA_d2_heldout200b/653"", ""DA_d2_heldout200b/740"", ""DA_d2_seq100/150"", ""MCR_seq200b/345"", ""MCR_seq200b/418"", ""MCR_v1_seq100/60"", ""MCR_v2_seq100/162"", ""MCR_v2_seq100/174""]",1.0
E4,evidence_count_control,e7_contrast,e7_contrast_vs_evidence_count_control,primary,ALL,clinical_complete,400,21,10,40,329,0.0775,0.1525,0.075,2.3861331676755526e-05,"[0.0425, 0.11]","[""DA_d2_heldout100/257"", ""DA_d2_heldout100/334"", ""DA_d2_heldout200b/646"", ""DA_d2_heldout200b/653"", ""DA_d2_heldout200b/740"", ""DA_d2_seq100/186"", ""DA_d2_seq100/219"", ""DA_d2_seq100/229"", ""DA_d2_seq100/3"", ""DA_d2_seq100/87"", ""MCR_seq200b/252"", ""MCR_seq200b/263"", ""MCR_seq200b/309"", ""MCR_seq200b/326"", ""MCR_seq200b/336"", ""MCR_seq200b/340"", ""MCR_seq200b/374"", ""MCR_seq200b/407"", ""MCR_seq200b/412"", ""MCR_seq200b/424"", ""MCR_seq200b/430"", ""MCR_seq200b/454"", ""MCR_v1_seq100/104"", ""MCR_v1_seq100/122"", ""MCR_v1_seq100/16"", ""MCR_v1_seq100/19"", ""MCR_v1_seq100/67"", ""MCR_v1_seq100/69"", ""MCR_v1_seq100/73"", ""MCR_v2_seq100/144"", ""MCR_v2_seq100/156"", ""MCR_v2_seq100/162"", ""MCR_v2_seq100/169"", ""MCR_v2_seq100/172"", ""MCR_v2_seq100/173"", ""MCR_v2_seq100/174"", ""MCR_v2_seq100/178"", ""MCR_v2_seq100/187"", ""MCR_v2_seq100/208"", ""MCR_v2_seq100/211""]","[""DA_d2_heldout200b/490"", ""DA_d2_seq100/150"", ""MCR_seq200b/344"", ""MCR_seq200b/383"", ""MCR_seq200b/387"", ""MCR_seq200b/406"", ""MCR_v1_seq100/11"", ""MCR_v1_seq100/60"", ""MCR_v2_seq100/152"", ""MCR_v2_seq100/220""]",0.00016702932173728868
E4,e7_contrast,forest_evidence_integrator,forest_evidence_integrator_vs_e7_contrast,primary,ALL,clinical_complete,400,59,2,10,329,0.1525,0.1725,0.02,0.03857421875,"[0.005, 0.0375]","[""DA_d2_seq100/150"", ""MCR_seq200b/260"", ""MCR_seq200b/301"", ""MCR_seq200b/317"", ""MCR_seq200b/345"", ""MCR_seq200b/383"", ""MCR_seq200b/418"", ""MCR_seq200b/458"", ""MCR_v1_seq100/60"", ""MCR_v2_seq100/205""]","[""MCR_seq200b/251"", ""MCR_seq200b/424""]",0.2314453125
E4,evidence_count_control,forest_evidence_integrator,forest_evidence_integrator_vs_evidence_count_control,primary,ALL,clinical_complete,400,23,8,46,323,0.0775,0.1725,0.095,1.3843354973452904e-07,"[0.06, 0.13]","[""DA_d2_heldout100/257"", ""DA_d2_heldout100/334"", ""DA_d2_heldout200b/646"", ""DA_d2_heldout200b/653"", ""DA_d2_heldout200b/740"", ""DA_d2_seq100/186"", ""DA_d2_seq100/219"", ""DA_d2_seq100/229"", ""DA_d2_seq100/3"", ""DA_d2_seq100/87"", ""MCR_seq200b/252"", ""MCR_seq200b/260"", ""MCR_seq200b/263"", ""MCR_seq200b/301"", ""MCR_seq200b/309"", ""MCR_seq200b/317"", ""MCR_seq200b/326"", ""MCR_seq200b/336"", ""MCR_seq200b/340"", ""MCR_seq200b/345"", ""MCR_seq200b/374"", ""MCR_seq200b/407"", ""MCR_seq200b/412"", ""MCR_seq200b/418"", ""MCR_seq200b/430"", ""MCR_seq200b/454"", ""MCR_seq200b/458"", ""MCR_v1_seq100/104"", ""MCR_v1_seq100/122"", ""MCR_v1_seq100/16"", ""MCR_v1_seq100/19"", ""MCR_v1_seq100/67"", ""MCR_v1_seq100/69"", ""MCR_v1_seq100/73"", ""MCR_v2_seq100/144"", ""MCR_v2_seq100/156"", ""MCR_v2_seq100/162"", ""MCR_v2_seq100/169"", ""MCR_v2_seq100/172"", ""MCR_v2_seq100/173"", ""MCR_v2_seq100/174"", ""MCR_v2_seq100/178"", ""MCR_v2_seq100/187"", ""MCR_v2_seq100/205"", ""MCR_v2_seq100/208"", ""MCR_v2_seq100/211""]","[""DA_d2_heldout200b/490"", ""MCR_seq200b/251"", ""MCR_seq200b/344"", ""MCR_seq200b/387"", ""MCR_seq200b/406"", ""MCR_v1_seq100/11"", ""MCR_v2_seq100/152"", ""MCR_v2_seq100/220""]",1.2459019476107613e-06
E4,collapse_obligation_ledger,pairwise_tournament,pairwise_tournament_vs_collapse_obligation_ledger,primary,ALL,clinical_complete,400,59,6,10,325,0.1625,0.1725,0.01,0.454498291015625,"[-0.01, 0.03]","[""DA_d2_heldout200b/653"", ""DA_d2_heldout200b/740"", ""DA_d2_seq100/150"", ""MCR_seq200b/312"", ""MCR_seq200b/451"", ""MCR_seq200b/479"", ""MCR_v1_seq100/45"", ""MCR_v1_seq100/60"", ""MCR_v2_seq100/162"", ""MCR_v2_seq100/174""]","[""DA_d2_heldout100/334"", ""DA_d2_seq100/186"", ""MCR_seq200b/251"", ""MCR_seq200b/260"", ""MCR_seq200b/294"", ""MCR_seq200b/374""]",1.0
E4,e7_contrast,pairwise_tournament,pairwise_tournament_vs_e7_contrast,primary,ALL,clinical_complete,400,56,5,13,326,0.1525,0.1725,0.02,0.09625244140625,"[0.0, 0.04]","[""DA_d2_seq100/150"", ""MCR_seq200b/301"", ""MCR_seq200b/312"", ""MCR_seq200b/317"", ""MCR_seq200b/383"", ""MCR_seq200b/451"", ""MCR_seq200b/458"", ""MCR_seq200b/470"", ""MCR_seq200b/479"", ""MCR_v1_seq100/45"", ""MCR_v1_seq100/60"", ""MCR_v2_seq100/205"", ""MCR_v2_seq100/220""]","[""DA_d2_heldout100/334"", ""DA_d2_seq100/186"", ""MCR_seq200b/251"", ""MCR_seq200b/374"", ""MCR_seq200b/424""]",0.48126220703125
E4,evidence_count_control,pairwise_tournament,pairwise_tournament_vs_evidence_count_control,primary,ALL,clinical_complete,400,24,7,45,324,0.0775,0.1725,0.095,6.973810151578164e-08,"[0.0625, 0.13]","[""DA_d2_heldout100/257"", ""DA_d2_heldout200b/646"", ""DA_d2_heldout200b/653"", ""DA_d2_heldout200b/740"", ""DA_d2_seq100/219"", ""DA_d2_seq100/229"", ""DA_d2_seq100/3"", ""DA_d2_seq100/87"", ""MCR_seq200b/252"", ""MCR_seq200b/263"", ""MCR_seq200b/301"", ""MCR_seq200b/309"", ""MCR_seq200b/312"", ""MCR_seq200b/317"", ""MCR_seq200b/326"", ""MCR_seq200b/336"", ""MCR_seq200b/340"", ""MCR_seq200b/407"", ""MCR_seq200b/412"", ""MCR_seq200b/430"", ""MCR_seq200b/451"", ""MCR_seq200b/454"", ""MCR_seq200b/458"", ""MCR_seq200b/470"", ""MCR_seq200b/479"", ""MCR_v1_seq100/104"", ""MCR_v1_seq100/122"", ""MCR_v1_seq100/16"", ""MCR_v1_seq100/19"", ""MCR_v1_seq100/45"", ""MCR_v1_seq100/67"", ""MCR_v1_seq100/69"", ""MCR_v1_seq100/73"", ""MCR_v2_seq100/144"", ""MCR_v2_seq100/156"", ""MCR_v2_seq100/162"", ""MCR_v2_seq100/169"", ""MCR_v2_seq100/172"", ""MCR_v2_seq100/173"", ""MCR_v2_seq100/174"", ""MCR_v2_seq100/178"", ""MCR_v2_seq100/187"", ""MCR_v2_seq100/205"", ""MCR_v2_seq100/208"", ""MCR_v2_seq100/211""]","[""DA_d2_heldout200b/490"", ""MCR_seq200b/251"", ""MCR_seq200b/344"", ""MCR_seq200b/387"", ""MCR_seq200b/406"", ""MCR_v1_seq100/11"", ""MCR_v2_seq100/152""]",6.973810151578164e-07
E4,forest_evidence_integrator,pairwise_tournament,pairwise_tournament_vs_forest_evidence_integrator,primary,ALL,clinical_complete,400,63,6,6,325,0.1725,0.1725,0.0,1.0,"[-0.0175, 0.0175]","[""MCR_seq200b/312"", ""MCR_seq200b/451"", ""MCR_seq200b/470"", ""MCR_seq200b/479"", ""MCR_v1_seq100/45"", ""MCR_v2_seq100/220""]","[""DA_d2_heldout100/334"", ""DA_d2_seq100/186"", ""MCR_seq200b/260"", ""MCR_seq200b/345"", ""MCR_seq200b/374"", ""MCR_seq200b/418""]",1.0
E4,e7_contrast,collapse_obligation_ledger,collapse_obligation_ledger_vs_e7_contrast,primary,ALL,compatible_partial,400,129,17,14,240,0.365,0.3575,-0.0075,0.720100131817162,"[-0.035, 0.02]","[""DA_d2_heldout100/354"", ""DA_d2_heldout100/361"", ""DA_d2_heldout100/451"", ""DA_d2_heldout200b/735"", ""DA_d2_heldout200b/740"", ""DA_d2_seq100/139"", ""DA_d2_seq100/164"", ""DA_d2_seq100/21"", ""DA_d2_seq100/242"", ""DA_d2_seq100/89"", ""MCR_v1_seq100/123"", ""MCR_v2_seq100/170"", ""MCR_v2_seq100/174"", ""MCR_v2_seq100/214""]","[""DA_d2_heldout100/368"", ""DA_d2_heldout200b/574"", ""DA_d2_heldout200b/719"", ""DA_d2_heldout200b/736"", ""DA_d2_seq100/132"", ""DA_d2_seq100/225"", ""DA_d2_seq100/57"", ""MCR_seq200b/260"", ""MCR_seq200b/294"", ""MCR_seq200b/301"", ""MCR_seq200b/337"", ""MCR_seq200b/383"", ""MCR_seq200b/402"", ""MCR_seq200b/468"", ""MCR_v1_seq100/58"", ""MCR_v2_seq100/203"", ""MCR_v2_seq100/222""]",1.0
E4,evidence_count_control,collapse_obligation_ledger,collapse_obligation_ledger_vs_evidence_count_control,primary,ALL,compatible_partial,400,88,34,55,223,0.305,0.3575,0.0525,0.0334167216020976,"[0.0075, 0.1]","[""DA_d2_heldout100/254"", ""DA_d2_heldout100/276"", ""DA_d2_heldout100/281"", ""DA_d2_heldout100/289"", ""DA_d2_heldout100/321"", ""DA_d2_heldout100/350"", ""DA_d2_heldout100/354"", ""DA_d2_heldout100/365"", ""DA_d2_heldout100/372"", ""DA_d2_heldout100/375"", ""DA_d2_heldout100/451"", ""DA_d2_heldout200b/485"", ""DA_d2_heldout200b/486"", ""DA_d2_heldout200b/493"", ""DA_d2_heldout200b/500"", ""DA_d2_heldout200b/560"", ""DA_d2_heldout200b/563"", ""DA_d2_heldout200b/577"", ""DA_d2_heldout200b/587"", ""DA_d2_heldout200b/602"", ""DA_d2_heldout200b/603"", ""DA_d2_heldout200b/630"", ""DA_d2_heldout200b/650"", ""DA_d2_heldout200b/666"", ""DA_d2_heldout200b/679"", ""DA_d2_heldout200b/730"", ""DA_d2_heldout200b/735"", ""DA_d2_heldout200b/745"", ""DA_d2_heldout200b/746"", ""DA_d2_seq100/111"", ""DA_d2_seq100/15"", ""DA_d2_seq100/150"", ""DA_d2_seq100/174"", ""DA_d2_seq100/21"", ""DA_d2_seq100/242"", ""DA_d2_seq100/243"", ""DA_d2_seq100/246"", ""DA_d2_seq100/28"", ""DA_d2_seq100/89"", ""MCR_seq200b/298"", ""MCR_seq200b/313"", ""MCR_seq200b/344"", ""MCR_seq200b/345"", ""MCR_seq200b/418"", ""MCR_seq200b/420"", ""MCR_seq200b/469"", ""MCR_v1_seq100/123"", ""MCR_v1_seq100/126"", ""MCR_v1_seq100/68"", ""MCR_v2_seq100/170"", ""MCR_v2_seq100/186"", ""MCR_v2_seq100/214"", ""MCR_v2_seq100/230"", ""MCR_v2_seq100/241"", ""MCR_v2_seq100/244""]","[""DA_d2_heldout100/259"", ""DA_d2_heldout100/368"", ""DA_d2_heldout100/452"", ""DA_d2_heldout200b/530"", ""DA_d2_heldout200b/574"", ""DA_d2_heldout200b/604"", ""DA_d2_heldout200b/634"", ""DA_d2_heldout200b/646"", ""DA_d2_heldout200b/741"", ""DA_d2_heldout200b/778"", ""DA_d2_seq100/186"", ""DA_d2_seq100/205"", ""DA_d2_seq100/225"", ""DA_d2_seq100/27"", ""DA_d2_seq100/3"", ""DA_d2_seq100/87"", ""MCR_seq200b/260"", ""MCR_seq200b/336"", ""MCR_seq200b/340"", ""MCR_seq200b/374"", ""MCR_seq200b/407"", ""MCR_seq200b/409"", ""MCR_seq200b/468"", ""MCR_v1_seq100/119"", ""MCR_v1_seq100/122"", ""MCR_v1_seq100/20"", ""MCR_v1_seq100/58"", ""MCR_v1_seq100/67"", ""MCR_v1_seq100/81"", ""MCR_v1_seq100/84"", ""MCR_v2_seq100/173"", ""MCR_v2_seq100/203"", ""MCR_v2_seq100/208"", ""MCR_v2_seq100/211""]",0.30075049441887836
E4,forest_evidence_integrator,collapse_obligation_ledger,collapse_obligation_ledger_vs_forest_evidence_integrator,primary,ALL,compatible_partial,400,126,12,17,245,0.345,0.3575,0.0125,0.45825831964612007,"[-0.0125, 0.04]","[""DA_d2_heldout100/350"", ""DA_d2_heldout100/354"", ""DA_d2_heldout100/361"", ""DA_d2_heldout200b/650"", ""DA_d2_heldout200b/652"", ""DA_d2_heldout200b/740"", ""DA_d2_seq100/150"", ""DA_d2_seq100/164"", ""DA_d2_seq100/242"", ""DA_d2_seq100/28"", ""DA_d2_seq100/89"", ""MCR_seq200b/345"", ""MCR_seq200b/418"", ""MCR_v1_seq100/68"", ""MCR_v2_seq100/174"", ""MCR_v2_seq100/214"", ""MCR_v2_seq100/244""]","[""DA_d2_heldout100/273"", ""DA_d2_heldout100/368"", ""DA_d2_heldout200b/501"", ""DA_d2_heldout200b/736"", ""DA_d2_seq100/225"", ""MCR_seq200b/251"", ""MCR_seq200b/294"", ""MCR_seq200b/337"", ""MCR_seq200b/402"", ""MCR_seq200b/423"", ""MCR_seq200b/468"", ""MCR_v1_seq100/6""]",1.0
E4,evidence_count_control,e7_contrast,e7_contrast_vs_evidence_count_control,primary,ALL,compatible_partial,400,90,32,56,222,0.305,0.365,0.06,0.01375038573850291,"[0.015, 0.105]","[""DA_d2_heldout100/254"", ""DA_d2_heldout100/276"", ""DA_d2_heldout100/281"", ""DA_d2_heldout100/289"", ""DA_d2_heldout100/321"", ""DA_d2_heldout100/350"", ""DA_d2_heldout100/365"", ""DA_d2_heldout100/372"", ""DA_d2_heldout100/375"", ""DA_d2_heldout200b/485"", ""DA_d2_heldout200b/486"", ""DA_d2_heldout200b/493"", ""DA_d2_heldout200b/500"", ""DA_d2_heldout200b/560"", ""DA_d2_heldout200b/563"", ""DA_d2_heldout200b/577"", ""DA_d2_heldout200b/587"", ""DA_d2_heldout200b/602"", ""DA_d2_heldout200b/603"", ""DA_d2_heldout200b/630"", ""DA_d2_heldout200b/650"", ""DA_d2_heldout200b/666"", ""DA_d2_heldout200b/679"", ""DA_d2_heldout200b/719"", ""DA_d2_heldout200b/730"", ""DA_d2_heldout200b/736"", ""DA_d2_heldout200b/745"", ""DA_d2_heldout200b/746"", ""DA_d2_seq100/111"", ""DA_d2_seq100/132"", ""DA_d2_seq100/15"", ""DA_d2_seq100/150"", ""DA_d2_seq100/174"", ""DA_d2_seq100/243"", ""DA_d2_seq100/246"", ""DA_d2_seq100/28"", ""DA_d2_seq100/57"", ""MCR_seq200b/294"", ""MCR_seq200b/298"", ""MCR_seq200b/301"", ""MCR_seq200b/313"", ""MCR_seq200b/337"", ""MCR_seq200b/344"", ""MCR_seq200b/345"", ""MCR_seq200b/383"", ""MCR_seq200b/402"", ""MCR_seq200b/418"", ""MCR_seq200b/420"", ""MCR_seq200b/469"", ""MCR_v1_seq100/126"", ""MCR_v1_seq100/68"", ""MCR_v2_seq100/186"", ""MCR_v2_seq100/222"", ""MCR_v2_seq100/230"", ""MCR_v2_seq100/241"", ""MCR_v2_seq100/244""]","[""DA_d2_heldout100/259"", ""DA_d2_heldout100/361"", ""DA_d2_heldout100/452"", ""DA_d2_heldout200b/530"", ""DA_d2_heldout200b/604"", ""DA_d2_heldout200b/634"", ""DA_d2_heldout200b/646"", ""DA_d2_heldout200b/740"", ""DA_d2_heldout200b/741"", ""DA_d2_heldout200b/778"", ""DA_d2_seq100/139"", ""DA_d2_seq100/164"", ""DA_d2_seq100/186"", ""DA_d2_seq100/205"", ""DA_d2_seq100/27"", ""DA_d2_seq100/3"", ""DA_d2_seq100/87"", ""MCR_seq200b/336"", ""MCR_seq200b/340"", ""MCR_seq200b/374"", ""MCR_seq200b/407"", ""MCR_seq200b/409"", ""MCR_v1_seq100/119"", ""MCR_v1_seq100/122"", ""MCR_v1_seq100/20"", ""MCR_v1_seq100/67"", ""MCR_v1_seq100/81"", ""MCR_v1_seq100/84"", ""MCR_v2_seq100/173"", ""MCR_v2_seq100/174"", ""MCR_v2_seq100/208"", ""MCR_v2_seq100/211""]",0.1375038573850291
E4,e7_contrast,forest_evidence_integrator,forest_evidence_integrator_vs_e7_contrast,primary,ALL,compatible_partial,400,127,19,11,243,0.365,0.345,-0.02,0.20048842206597328,"[-0.0475, 0.0075]","[""DA_d2_heldout100/273"", ""DA_d2_heldout100/451"", ""DA_d2_heldout200b/501"", ""DA_d2_heldout200b/735"", ""DA_d2_seq100/139"", ""DA_d2_seq100/21"", ""MCR_seq200b/251"", ""MCR_seq200b/423"", ""MCR_v1_seq100/123"", ""MCR_v1_seq100/6"", ""MCR_v2_seq100/170""]","[""DA_d2_heldout100/350"", ""DA_d2_heldout200b/574"", ""DA_d2_heldout200b/650"", ""DA_d2_heldout200b/652"", ""DA_d2_heldout200b/719"", ""DA_d2_seq100/132"", ""DA_d2_seq100/150"", ""DA_d2_seq100/28"", ""DA_d2_seq100/57"", ""MCR_seq200b/260"", ""MCR_seq200b/301"", ""MCR_seq200b/345"", ""MCR_seq200b/383"", ""MCR_seq200b/418"", ""MCR_v1_seq100/58"", ""MCR_v1_seq100/68"", ""MCR_v2_seq100/203"", ""MCR_v2_seq100/222"", ""MCR_v2_seq100/244""]",1.0
E4,evidence_count_control,forest_evidence_integrator,forest_evidence_integrator_vs_evidence_count_control,primary,ALL,compatible_partial,400,86,36,52,226,0.305,0.345,0.04,0.10929542977731425,"[-0.005, 0.0875]","[""DA_d2_heldout100/254"", ""DA_d2_heldout100/273"", ""DA_d2_heldout100/276"", ""DA_d2_heldout100/281"", ""DA_d2_heldout100/289"", ""DA_d2_heldout100/321"", ""DA_d2_heldout100/365"", ""DA_d2_heldout100/372"", ""DA_d2_heldout100/375"", ""DA_d2_heldout100/451"", ""DA_d2_heldout200b/485"", ""DA_d2_heldout200b/486"", ""DA_d2_heldout200b/493"", ""DA_d2_heldout200b/500"", ""DA_d2_heldout200b/501"", ""DA_d2_heldout200b/560"", ""DA_d2_heldout200b/563"", ""DA_d2_heldout200b/577"", ""DA_d2_heldout200b/587"", ""DA_d2_heldout200b/602"", ""DA_d2_heldout200b/603"", ""DA_d2_heldout200b/630"", ""DA_d2_heldout200b/666"", ""DA_d2_heldout200b/679"", ""DA_d2_heldout200b/730"", ""DA_d2_heldout200b/735"", ""DA_d2_heldout200b/736"", ""DA_d2_heldout200b/745"", ""DA_d2_heldout200b/746"", ""DA_d2_seq100/111"", ""DA_d2_seq100/15"", ""DA_d2_seq100/174"", ""DA_d2_seq100/21"", ""DA_d2_seq100/243"", ""DA_d2_seq100/246"", ""MCR_seq200b/251"", ""MCR_seq200b/294"", ""MCR_seq200b/298"", ""MCR_seq200b/313"", ""MCR_seq200b/337"", ""MCR_seq200b/344"", ""MCR_seq200b/402"", ""MCR_seq200b/420"", ""MCR_seq200b/423"", ""MCR_seq200b/469"", ""MCR_v1_seq100/123"", ""MCR_v1_seq100/126"", ""MCR_v1_seq100/6"", ""MCR_v2_seq100/170"", ""MCR_v2_seq100/186"", ""MCR_v2_seq100/230"", ""MCR_v2_seq100/241""]","[""DA_d2_heldout100/259"", ""DA_d2_heldout100/361"", ""DA_d2_heldout100/452"", ""DA_d2_heldout200b/530"", ""DA_d2_heldout200b/574"", ""DA_d2_heldout200b/604"", ""DA_d2_heldout200b/634"", ""DA_d2_heldout200b/646"", ""DA_d2_heldout200b/652"", ""DA_d2_heldout200b/740"", ""DA_d2_heldout200b/741"", ""DA_d2_heldout200b/778"", ""DA_d2_seq100/164"", ""DA_d2_seq100/186"", ""DA_d2_seq100/205"", ""DA_d2_seq100/27"", ""DA_d2_seq100/3"", ""DA_d2_seq100/87"", ""MCR_seq200b/260"", ""MCR_seq200b/336"", ""MCR_seq200b/340"", ""MCR_seq200b/374"", ""MCR_seq200b/407"", ""MCR_seq200b/409"", ""MCR_v1_seq100/119"", ""MCR_v1_seq100/122"", ""MCR_v1_seq100/20"", ""MCR_v1_seq100/58"", ""MCR_v1_seq100/67"", ""MCR_v1_seq100/81"", ""MCR_v1_seq100/84"", ""MCR_v2_seq100/173"", ""MCR_v2_seq100/174"", ""MCR_v2_seq100/203"", ""MCR_v2_seq100/208"", ""MCR_v2_seq100/211""]",0.7650680084411998
E4,collapse_obligation_ledger,pairwise_tournament,pairwise_tournament_vs_collapse_obligation_ledger,primary,ALL,compatible_partial,400,126,17,15,242,0.3575,0.3525,-0.005,0.860050065908581,"[-0.0325, 0.0225]","[""DA_d2_heldout100/334"", ""DA_d2_heldout100/368"", ""DA_d2_heldout200b/629"", ""DA_d2_heldout200b/736"", ""DA_d2_seq100/132"", ""DA_d2_seq100/186"", ""DA_d2_seq100/4"", ""DA_d2_seq100/57"", ""MCR_seq200b/251"", ""MCR_seq200b/260"", ""MCR_seq200b/294"", ""MCR_seq200b/374"", ""MCR_seq200b/402"", ""MCR_seq200b/468"", ""MCR_v1_seq100/6""]","[""DA_d2_heldout100/354"", ""DA_d2_heldout100/361"", ""DA_d2_heldout100/451"", ""DA_d2_heldout200b/666"", ""DA_d2_heldout200b/740"", ""DA_d2_seq100/15"", ""DA_d2_seq100/150"", ""DA_d2_seq100/164"", ""DA_d2_seq100/242"", ""DA_d2_seq100/76"", ""DA_d2_seq100/89"", ""MCR_seq200b/258"", ""MCR_seq200b/298"", ""MCR_seq200b/451"", ""MCR_v1_seq100/123"", ""MCR_v1_seq100/68"", ""MCR_v2_seq100/174""]",1.0
E4,e7_contrast,pairwise_tournament,pairwise_tournament_vs_e7_contrast,primary,ALL,compatible_partial,400,129,17,12,242,0.365,0.3525,-0.0125,0.45825831964612007,"[-0.04, 0.0125]","[""DA_d2_heldout100/334"", ""DA_d2_heldout200b/629"", ""DA_d2_heldout200b/735"", ""DA_d2_seq100/139"", ""DA_d2_seq100/186"", ""DA_d2_seq100/21"", ""DA_d2_seq100/4"", ""MCR_seq200b/251"", ""MCR_seq200b/374"", ""MCR_v1_seq100/6"", ""MCR_v2_seq100/170"", ""MCR_v2_seq100/214""]","[""DA_d2_heldout200b/574"", ""DA_d2_heldout200b/666"", ""DA_d2_heldout200b/719"", ""DA_d2_seq100/15"", ""DA_d2_seq100/150"", ""DA_d2_seq100/225"", ""DA_d2_seq100/76"", ""MCR_seq200b/258"", ""MCR_seq200b/298"", ""MCR_seq200b/301"", ""MCR_seq200b/337"", ""MCR_seq200b/383"", ""MCR_seq200b/451"", ""MCR_v1_seq100/58"", ""MCR_v1_seq100/68"", ""MCR_v2_seq100/203"", ""MCR_v2_seq100/222""]",1.0
E4,evidence_count_control,pairwise_tournament,pairwise_tournament_vs_evidence_count_control,primary,ALL,compatible_partial,400,86,36,55,223,0.305,0.3525,0.0475,0.05857352841018888,"[0.0025, 0.095]","[""DA_d2_heldout100/254"", ""DA_d2_heldout100/276"", ""DA_d2_heldout100/281"", ""DA_d2_heldout100/289"", ""DA_d2_heldout100/321"", ""DA_d2_heldout100/334"", ""DA_d2_heldout100/350"", ""DA_d2_heldout100/365"", ""DA_d2_heldout100/372"", ""DA_d2_heldout100/375"", ""DA_d2_heldout200b/485"", ""DA_d2_heldout200b/486"", ""DA_d2_heldout200b/493"", ""DA_d2_heldout200b/500"", ""DA_d2_heldout200b/560"", ""DA_d2_heldout200b/563"", ""DA_d2_heldout200b/577"", ""DA_d2_heldout200b/587"", ""DA_d2_heldout200b/602"", ""DA_d2_heldout200b/603"", ""DA_d2_heldout200b/629"", ""DA_d2_heldout200b/630"", ""DA_d2_heldout200b/650"", ""DA_d2_heldout200b/679"", ""DA_d2_heldout200b/730"", ""DA_d2_heldout200b/735"", ""DA_d2_heldout200b/736"", ""DA_d2_heldout200b/745"", ""DA_d2_heldout200b/746"", ""DA_d2_seq100/111"", ""DA_d2_seq100/132"", ""DA_d2_seq100/174"", ""DA_d2_seq100/21"", ""DA_d2_seq100/243"", ""DA_d2_seq100/246"", ""DA_d2_seq100/28"", ""DA_d2_seq100/4"", ""DA_d2_seq100/57"", ""MCR_seq200b/251"", ""MCR_seq200b/294"", ""MCR_seq200b/313"", ""MCR_seq200b/344"", ""MCR_seq200b/345"", ""MCR_seq200b/402"", ""MCR_seq200b/418"", ""MCR_seq200b/420"", ""MCR_seq200b/469"", ""MCR_v1_seq100/126"", ""MCR_v1_seq100/6"", ""MCR_v2_seq100/170"", ""MCR_v2_seq100/186"", ""MCR_v2_seq100/214"", ""MCR_v2_seq100/230"", ""MCR_v2_seq100/241"", ""MCR_v2_seq100/244""]","[""DA_d2_heldout100/259"", ""DA_d2_heldout100/361"", ""DA_d2_heldout100/452"", ""DA_d2_heldout200b/530"", ""DA_d2_heldout200b/574"", ""DA_d2_heldout200b/604"", ""DA_d2_heldout200b/634"", ""DA_d2_heldout200b/646"", ""DA_d2_heldout200b/740"", ""DA_d2_heldout200b/741"", ""DA_d2_heldout200b/778"", ""DA_d2_seq100/164"", ""DA_d2_seq100/205"", ""DA_d2_seq100/225"", ""DA_d2_seq100/27"", ""DA_d2_seq100/3"", ""DA_d2_seq100/76"", ""DA_d2_seq100/87"", ""MCR_seq200b/258"", ""MCR_seq200b/336"", ""MCR_seq200b/340"", ""MCR_seq200b/407"", ""MCR_seq200b/409"", ""MCR_seq200b/451"", ""MCR_v1_seq100/119"", ""MCR_v1_seq100/122"", ""MCR_v1_seq100/20"", ""MCR_v1_seq100/58"", ""MCR_v1_seq100/67"", ""MCR_v1_seq100/81"", ""MCR_v1_seq100/84"", ""MCR_v2_seq100/173"", ""MCR_v2_seq100/174"", ""MCR_v2_seq100/203"", ""MCR_v2_seq100/208"", ""MCR_v2_seq100/211""]",0.46858822728151106
E4,forest_evidence_integrator,pairwise_tournament,pairwise_tournament_vs_forest_evidence_integrator,primary,ALL,compatible_partial,400,125,13,16,246,0.345,0.3525,0.0075,0.711071103811264,"[-0.02, 0.035]","[""DA_d2_heldout100/334"", ""DA_d2_heldout100/350"", ""DA_d2_heldout200b/629"", ""DA_d2_heldout200b/650"", ""DA_d2_heldout200b/652"", ""DA_d2_seq100/132"", ""DA_d2_seq100/186"", ""DA_d2_seq100/28"", ""DA_d2_seq100/4"", ""DA_d2_seq100/57"", ""MCR_seq200b/260"", ""MCR_seq200b/345"", ""MCR_seq200b/374"", ""MCR_seq200b/418"", ""MCR_v2_seq100/214"", ""MCR_v2_seq100/244""]","[""DA_d2_heldout100/273"", ""DA_d2_heldout100/451"", ""DA_d2_heldout200b/501"", ""DA_d2_heldout200b/666"", ""DA_d2_seq100/15"", ""DA_d2_seq100/225"", ""DA_d2_seq100/76"", ""MCR_seq200b/258"", ""MCR_seq200b/298"", ""MCR_seq200b/337"", ""MCR_seq200b/423"", ""MCR_seq200b/451"", ""MCR_v1_seq100/123""]",1.0
E4,e7_contrast,collapse_obligation_ledger,collapse_obligation_ledger_vs_e7_contrast,primary,ALL,complete_or_compatible_partial,400,191,16,17,176,0.5175,0.52,0.0025,1.0,"[-0.025, 0.03]","[""DA_d2_heldout100/354"", ""DA_d2_heldout100/361"", ""DA_d2_heldout100/451"", ""DA_d2_heldout200b/735"", ""DA_d2_seq100/139"", ""DA_d2_seq100/164"", ""DA_d2_seq100/21"", ""DA_d2_seq100/242"", ""DA_d2_seq100/89"", ""MCR_seq200b/317"", ""MCR_seq200b/458"", ""MCR_seq200b/470"", ""MCR_v1_seq100/123"", ""MCR_v2_seq100/170"", ""MCR_v2_seq100/205"", ""MCR_v2_seq100/214"", ""MCR_v2_seq100/220""]","[""DA_d2_heldout100/368"", ""DA_d2_heldout200b/574"", ""DA_d2_heldout200b/653"", ""DA_d2_heldout200b/719"", ""DA_d2_heldout200b/736"", ""DA_d2_seq100/132"", ""DA_d2_seq100/225"", ""DA_d2_seq100/57"", ""MCR_seq200b/337"", ""MCR_seq200b/402"", ""MCR_seq200b/424"", ""MCR_seq200b/468"", ""MCR_v1_seq100/58"", ""MCR_v2_seq100/162"", ""MCR_v2_seq100/203"", ""MCR_v2_seq100/222""]",1.0
E4,evidence_count_control,collapse_obligation_ledger,collapse_obligation_ledger_vs_evidence_count_control,primary,ALL,complete_or_compatible_partial,400,127,26,81,166,0.3825,0.52,0.1375,9.374509128245465e-08,"[0.0875, 0.185]","[""DA_d2_heldout100/254"", ""DA_d2_heldout100/257"", ""DA_d2_heldout100/276"", ""DA_d2_heldout100/281"", ""DA_d2_heldout100/289"", ""DA_d2_heldout100/321"", ""DA_d2_heldout100/334"", ""DA_d2_heldout100/350"", ""DA_d2_heldout100/354"", ""DA_d2_heldout100/365"", ""DA_d2_heldout100/372"", ""DA_d2_heldout100/375"", ""DA_d2_heldout100/451"", ""DA_d2_heldout200b/485"", ""DA_d2_heldout200b/486"", ""DA_d2_heldout200b/493"", ""DA_d2_heldout200b/500"", ""DA_d2_heldout200b/560"", ""DA_d2_heldout200b/563"", ""DA_d2_heldout200b/577"", ""DA_d2_heldout200b/587"", ""DA_d2_heldout200b/602"", ""DA_d2_heldout200b/603"", ""DA_d2_heldout200b/630"", ""DA_d2_heldout200b/650"", ""DA_d2_heldout200b/666"", ""DA_d2_heldout200b/679"", ""DA_d2_heldout200b/730"", ""DA_d2_heldout200b/735"", ""DA_d2_heldout200b/745"", ""DA_d2_heldout200b/746"", ""DA_d2_seq100/111"", ""DA_d2_seq100/15"", ""DA_d2_seq100/174"", ""DA_d2_seq100/21"", ""DA_d2_seq100/219"", ""DA_d2_seq100/229"", ""DA_d2_seq100/242"", ""DA_d2_seq100/243"", ""DA_d2_seq100/246"", ""DA_d2_seq100/28"", ""DA_d2_seq100/89"", ""MCR_seq200b/252"", ""MCR_seq200b/263"", ""MCR_seq200b/294"", ""MCR_seq200b/298"", ""MCR_seq200b/301"", ""MCR_seq200b/309"", ""MCR_seq200b/313"", ""MCR_seq200b/317"", ""MCR_seq200b/326"", ""MCR_seq200b/345"", ""MCR_seq200b/412"", ""MCR_seq200b/418"", ""MCR_seq200b/420"", ""MCR_seq200b/430"", ""MCR_seq200b/454"", ""MCR_seq200b/458"", ""MCR_seq200b/469"", ""MCR_seq200b/470"", ""MCR_v1_seq100/104"", ""MCR_v1_seq100/123"", ""MCR_v1_seq100/126"", ""MCR_v1_seq100/16"", ""MCR_v1_seq100/19"", ""MCR_v1_seq100/68"", ""MCR_v1_seq100/69"", ""MCR_v1_seq100/73"", ""MCR_v2_seq100/144"", ""MCR_v2_seq100/156"", ""MCR_v2_seq100/169"", ""MCR_v2_seq100/170"", ""MCR_v2_seq100/172"", ""MCR_v2_seq100/178"", ""MCR_v2_seq100/186"", ""MCR_v2_seq100/187"", ""MCR_v2_seq100/205"", ""MCR_v2_seq100/214"", ""MCR_v2_seq100/230"", ""MCR_v2_seq100/241"", ""MCR_v2_seq100/244""]","[""DA_d2_heldout100/259"", ""DA_d2_heldout100/368"", ""DA_d2_heldout100/452"", ""DA_d2_heldout200b/490"", ""DA_d2_heldout200b/530"", ""DA_d2_heldout200b/574"", ""DA_d2_heldout200b/604"", ""DA_d2_heldout200b/634"", ""DA_d2_heldout200b/741"", ""DA_d2_heldout200b/778"", ""DA_d2_seq100/205"", ""DA_d2_seq100/225"", ""DA_d2_seq100/27"", ""MCR_seq200b/387"", ""MCR_seq200b/406"", ""MCR_seq200b/409"", ""MCR_seq200b/468"", ""MCR_v1_seq100/11"", ""MCR_v1_seq100/119"", ""MCR_v1_seq100/20"", ""MCR_v1_seq100/58"", ""MCR_v1_seq100/60"", ""MCR_v1_seq100/81"", ""MCR_v1_seq100/84"", ""MCR_v2_seq100/152"", ""MCR_v2_seq100/203""]",7.499607302596372e-07
E4,forest_evidence_integrator,collapse_obligation_ledger,collapse_obligation_ledger_vs_forest_evidence_integrator,primary,ALL,complete_or_compatible_partial,400,194,13,14,179,0.5175,0.52,0.0025,1.0,"[-0.0225, 0.0275]","[""DA_d2_heldout100/350"", ""DA_d2_heldout100/354"", ""DA_d2_heldout100/361"", ""DA_d2_heldout200b/650"", ""DA_d2_heldout200b/652"", ""DA_d2_seq100/164"", ""DA_d2_seq100/242"", ""DA_d2_seq100/28"", ""DA_d2_seq100/89"", ""MCR_seq200b/470"", ""MCR_v1_seq100/68"", ""MCR_v2_seq100/214"", ""MCR_v2_seq100/220"", ""MCR_v2_seq100/244""]","[""DA_d2_heldout100/273"", ""DA_d2_heldout100/368"", ""DA_d2_heldout200b/501"", ""DA_d2_heldout200b/653"", ""DA_d2_heldout200b/736"", ""DA_d2_seq100/225"", ""MCR_seq200b/337"", ""MCR_seq200b/402"", ""MCR_seq200b/423"", ""MCR_seq200b/468"", ""MCR_v1_seq100/6"", ""MCR_v1_seq100/60"", ""MCR_v2_seq100/162""]",1.0
E4,evidence_count_control,e7_contrast,e7_contrast_vs_evidence_count_control,primary,ALL,complete_or_compatible_partial,400,129,24,78,169,0.3825,0.5175,0.135,7.679430153026994e-08,"[0.09, 0.1825]","[""DA_d2_heldout100/254"", ""DA_d2_heldout100/257"", ""DA_d2_heldout100/276"", ""DA_d2_heldout100/281"", ""DA_d2_heldout100/289"", ""DA_d2_heldout100/321"", ""DA_d2_heldout100/334"", ""DA_d2_heldout100/350"", ""DA_d2_heldout100/365"", ""DA_d2_heldout100/372"", ""DA_d2_heldout100/375"", ""DA_d2_heldout200b/485"", ""DA_d2_heldout200b/486"", ""DA_d2_heldout200b/493"", ""DA_d2_heldout200b/500"", ""DA_d2_heldout200b/560"", ""DA_d2_heldout200b/563"", ""DA_d2_heldout200b/577"", ""DA_d2_heldout200b/587"", ""DA_d2_heldout200b/602"", ""DA_d2_heldout200b/603"", ""DA_d2_heldout200b/630"", ""DA_d2_heldout200b/650"", ""DA_d2_heldout200b/653"", ""DA_d2_heldout200b/666"", ""DA_d2_heldout200b/679"", ""DA_d2_heldout200b/719"", ""DA_d2_heldout200b/730"", ""DA_d2_heldout200b/736"", ""DA_d2_heldout200b/745"", ""DA_d2_heldout200b/746"", ""DA_d2_seq100/111"", ""DA_d2_seq100/132"", ""DA_d2_seq100/15"", ""DA_d2_seq100/174"", ""DA_d2_seq100/219"", ""DA_d2_seq100/229"", ""DA_d2_seq100/243"", ""DA_d2_seq100/246"", ""DA_d2_seq100/28"", ""DA_d2_seq100/57"", ""MCR_seq200b/252"", ""MCR_seq200b/263"", ""MCR_seq200b/294"", ""MCR_seq200b/298"", ""MCR_seq200b/301"", ""MCR_seq200b/309"", ""MCR_seq200b/313"", ""MCR_seq200b/326"", ""MCR_seq200b/337"", ""MCR_seq200b/345"", ""MCR_seq200b/402"", ""MCR_seq200b/412"", ""MCR_seq200b/418"", ""MCR_seq200b/420"", ""MCR_seq200b/424"", ""MCR_seq200b/430"", ""MCR_seq200b/454"", ""MCR_seq200b/469"", ""MCR_v1_seq100/104"", ""MCR_v1_seq100/126"", ""MCR_v1_seq100/16"", ""MCR_v1_seq100/19"", ""MCR_v1_seq100/68"", ""MCR_v1_seq100/69"", ""MCR_v1_seq100/73"", ""MCR_v2_seq100/144"", ""MCR_v2_seq100/156"", ""MCR_v2_seq100/162"", ""MCR_v2_seq100/169"", ""MCR_v2_seq100/172"", ""MCR_v2_seq100/178"", ""MCR_v2_seq100/186"", ""MCR_v2_seq100/187"", ""MCR_v2_seq100/222"", ""MCR_v2_seq100/230"", ""MCR_v2_seq100/241"", ""MCR_v2_seq100/244""]","[""DA_d2_heldout100/259"", ""DA_d2_heldout100/361"", ""DA_d2_heldout100/452"", ""DA_d2_heldout200b/490"", ""DA_d2_heldout200b/530"", ""DA_d2_heldout200b/604"", ""DA_d2_heldout200b/634"", ""DA_d2_heldout200b/741"", ""DA_d2_heldout200b/778"", ""DA_d2_seq100/139"", ""DA_d2_seq100/164"", ""DA_d2_seq100/205"", ""DA_d2_seq100/27"", ""MCR_seq200b/387"", ""MCR_seq200b/406"", ""MCR_seq200b/409"", ""MCR_v1_seq100/11"", ""MCR_v1_seq100/119"", ""MCR_v1_seq100/20"", ""MCR_v1_seq100/60"", ""MCR_v1_seq100/81"", ""MCR_v1_seq100/84"", ""MCR_v2_seq100/152"", ""MCR_v2_seq100/220""]",6.911487137724295e-07
E4,e7_contrast,forest_evidence_integrator,forest_evidence_integrator_vs_e7_contrast,primary,ALL,complete_or_compatible_partial,400,193,14,14,179,0.5175,0.5175,0.0,1.0,"[-0.025, 0.025]","[""DA_d2_heldout100/273"", ""DA_d2_heldout100/451"", ""DA_d2_heldout200b/501"", ""DA_d2_heldout200b/735"", ""DA_d2_seq100/139"", ""DA_d2_seq100/21"", ""MCR_seq200b/317"", ""MCR_seq200b/423"", ""MCR_seq200b/458"", ""MCR_v1_seq100/123"", ""MCR_v1_seq100/6"", ""MCR_v1_seq100/60"", ""MCR_v2_seq100/170"", ""MCR_v2_seq100/205""]","[""DA_d2_heldout100/350"", ""DA_d2_heldout200b/574"", ""DA_d2_heldout200b/650"", ""DA_d2_heldout200b/652"", ""DA_d2_heldout200b/719"", ""DA_d2_seq100/132"", ""DA_d2_seq100/28"", ""DA_d2_seq100/57"", ""MCR_seq200b/424"", ""MCR_v1_seq100/58"", ""MCR_v1_seq100/68"", ""MCR_v2_seq100/203"", ""MCR_v2_seq100/222"", ""MCR_v2_seq100/244""]",1.0
E4,evidence_count_control,forest_evidence_integrator,forest_evidence_integrator_vs_evidence_count_control,primary,ALL,complete_or_compatible_partial,400,127,26,80,167,0.3825,0.5175,0.135,1.4269643738923106e-07,"[0.085, 0.185]","[""DA_d2_heldout100/254"", ""DA_d2_heldout100/257"", ""DA_d2_heldout100/273"", ""DA_d2_heldout100/276"", ""DA_d2_heldout100/281"", ""DA_d2_heldout100/289"", ""DA_d2_heldout100/321"", ""DA_d2_heldout100/334"", ""DA_d2_heldout100/365"", ""DA_d2_heldout100/372"", ""DA_d2_heldout100/375"", ""DA_d2_heldout100/451"", ""DA_d2_heldout200b/485"", ""DA_d2_heldout200b/486"", ""DA_d2_heldout200b/493"", ""DA_d2_heldout200b/500"", ""DA_d2_heldout200b/501"", ""DA_d2_heldout200b/560"", ""DA_d2_heldout200b/563"", ""DA_d2_heldout200b/577"", ""DA_d2_heldout200b/587"", ""DA_d2_heldout200b/602"", ""DA_d2_heldout200b/603"", ""DA_d2_heldout200b/630"", ""DA_d2_heldout200b/653"", ""DA_d2_heldout200b/666"", ""DA_d2_heldout200b/679"", ""DA_d2_heldout200b/730"", ""DA_d2_heldout200b/735"", ""DA_d2_heldout200b/736"", ""DA_d2_heldout200b/745"", ""DA_d2_heldout200b/746"", ""DA_d2_seq100/111"", ""DA_d2_seq100/15"", ""DA_d2_seq100/174"", ""DA_d2_seq100/21"", ""DA_d2_seq100/219"", ""DA_d2_seq100/229"", ""DA_d2_seq100/243"", ""DA_d2_seq100/246"", ""MCR_seq200b/252"", ""MCR_seq200b/263"", ""MCR_seq200b/294"", ""MCR_seq200b/298"", ""MCR_seq200b/301"", ""MCR_seq200b/309"", ""MCR_seq200b/313"", ""MCR_seq200b/317"", ""MCR_seq200b/326"", ""MCR_seq200b/337"", ""MCR_seq200b/345"", ""MCR_seq200b/402"", ""MCR_seq200b/412"", ""MCR_seq200b/418"", ""MCR_seq200b/420"", ""MCR_seq200b/423"", ""MCR_seq200b/430"", ""MCR_seq200b/454"", ""MCR_seq200b/458"", ""MCR_seq200b/469"", ""MCR_v1_seq100/104"", ""MCR_v1_seq100/123"", ""MCR_v1_seq100/126"", ""MCR_v1_seq100/16"", ""MCR_v1_seq100/19"", ""MCR_v1_seq100/6"", ""MCR_v1_seq100/69"", ""MCR_v1_seq100/73"", ""MCR_v2_seq100/144"", ""MCR_v2_seq100/156"", ""MCR_v2_seq100/162"", ""MCR_v2_seq100/169"", ""MCR_v2_seq100/170"", ""MCR_v2_seq100/172"", ""MCR_v2_seq100/178"", ""MCR_v2_seq100/186"", ""MCR_v2_seq100/187"", ""MCR_v2_seq100/205"", ""MCR_v2_seq100/230"", ""MCR_v2_seq100/241""]","[""DA_d2_heldout100/259"", ""DA_d2_heldout100/361"", ""DA_d2_heldout100/452"", ""DA_d2_heldout200b/490"", ""DA_d2_heldout200b/530"", ""DA_d2_heldout200b/574"", ""DA_d2_heldout200b/604"", ""DA_d2_heldout200b/634"", ""DA_d2_heldout200b/652"", ""DA_d2_heldout200b/741"", ""DA_d2_heldout200b/778"", ""DA_d2_seq100/164"", ""DA_d2_seq100/205"", ""DA_d2_seq100/27"", ""MCR_seq200b/387"", ""MCR_seq200b/406"", ""MCR_seq200b/409"", ""MCR_v1_seq100/11"", ""MCR_v1_seq100/119"", ""MCR_v1_seq100/20"", ""MCR_v1_seq100/58"", ""MCR_v1_seq100/81"", ""MCR_v1_seq100/84"", ""MCR_v2_seq100/152"", ""MCR_v2_seq100/203"", ""MCR_v2_seq100/220""]",9.988750617246173e-07
E4,collapse_obligation_ledger,pairwise_tournament,pairwise_tournament_vs_collapse_obligation_ledger,primary,ALL,complete_or_compatible_partial,400,195,13,15,177,0.52,0.525,0.005,0.8505540192127228,"[-0.02, 0.03]","[""DA_d2_heldout100/368"", ""DA_d2_heldout200b/629"", ""DA_d2_heldout200b/653"", ""DA_d2_heldout200b/736"", ""DA_d2_seq100/132"", ""DA_d2_seq100/4"", ""DA_d2_seq100/57"", ""MCR_seq200b/312"", ""MCR_seq200b/402"", ""MCR_seq200b/468"", ""MCR_seq200b/479"", ""MCR_v1_seq100/45"", ""MCR_v1_seq100/6"", ""MCR_v1_seq100/60"", ""MCR_v2_seq100/162""]","[""DA_d2_heldout100/354"", ""DA_d2_heldout100/361"", ""DA_d2_heldout100/451"", ""DA_d2_heldout200b/666"", ""DA_d2_seq100/15"", ""DA_d2_seq100/164"", ""DA_d2_seq100/242"", ""DA_d2_seq100/76"", ""DA_d2_seq100/89"", ""MCR_seq200b/258"", ""MCR_seq200b/298"", ""MCR_v1_seq100/123"", ""MCR_v1_seq100/68""]",1.0
E4,e7_contrast,pairwise_tournament,pairwise_tournament_vs_e7_contrast,primary,ALL,complete_or_compatible_partial,400,193,14,17,176,0.5175,0.525,0.0075,0.720100131817162,"[-0.02, 0.035]","[""DA_d2_heldout200b/629"", ""DA_d2_heldout200b/735"", ""DA_d2_seq100/139"", ""DA_d2_seq100/21"", ""DA_d2_seq100/4"", ""MCR_seq200b/312"", ""MCR_seq200b/317"", ""MCR_seq200b/458"", ""MCR_seq200b/470"", ""MCR_seq200b/479"", ""MCR_v1_seq100/45"", ""MCR_v1_seq100/6"", ""MCR_v1_seq100/60"", ""MCR_v2_seq100/170"", ""MCR_v2_seq100/205"", ""MCR_v2_seq100/214"", ""MCR_v2_seq100/220""]","[""DA_d2_heldout200b/574"", ""DA_d2_heldout200b/666"", ""DA_d2_heldout200b/719"", ""DA_d2_seq100/15"", ""DA_d2_seq100/225"", ""DA_d2_seq100/76"", ""MCR_seq200b/258"", ""MCR_seq200b/298"", ""MCR_seq200b/337"", ""MCR_seq200b/424"", ""MCR_v1_seq100/58"", ""MCR_v1_seq100/68"", ""MCR_v2_seq100/203"", ""MCR_v2_seq100/222""]",1.0
E4,evidence_count_control,pairwise_tournament,pairwise_tournament_vs_evidence_count_control,primary,ALL,complete_or_compatible_partial,400,126,27,84,163,0.3825,0.525,0.1425,5.46197809541596e-08,"[0.0925, 0.1925]","[""DA_d2_heldout100/254"", ""DA_d2_heldout100/257"", ""DA_d2_heldout100/276"", ""DA_d2_heldout100/281"", ""DA_d2_heldout100/289"", ""DA_d2_heldout100/321"", ""DA_d2_heldout100/334"", ""DA_d2_heldout100/350"", ""DA_d2_heldout100/365"", ""DA_d2_heldout100/372"", ""DA_d2_heldout100/375"", ""DA_d2_heldout200b/485"", ""DA_d2_heldout200b/486"", ""DA_d2_heldout200b/493"", ""DA_d2_heldout200b/500"", ""DA_d2_heldout200b/560"", ""DA_d2_heldout200b/563"", ""DA_d2_heldout200b/577"", ""DA_d2_heldout200b/587"", ""DA_d2_heldout200b/602"", ""DA_d2_heldout200b/603"", ""DA_d2_heldout200b/629"", ""DA_d2_heldout200b/630"", ""DA_d2_heldout200b/650"", ""DA_d2_heldout200b/653"", ""DA_d2_heldout200b/679"", ""DA_d2_heldout200b/730"", ""DA_d2_heldout200b/735"", ""DA_d2_heldout200b/736"", ""DA_d2_heldout200b/745"", ""DA_d2_heldout200b/746"", ""DA_d2_seq100/111"", ""DA_d2_seq100/132"", ""DA_d2_seq100/174"", ""DA_d2_seq100/21"", ""DA_d2_seq100/219"", ""DA_d2_seq100/229"", ""DA_d2_seq100/243"", ""DA_d2_seq100/246"", ""DA_d2_seq100/28"", ""DA_d2_seq100/4"", ""DA_d2_seq100/57"", ""MCR_seq200b/252"", ""MCR_seq200b/263"", ""MCR_seq200b/294"", ""MCR_seq200b/301"", ""MCR_seq200b/309"", ""MCR_seq200b/312"", ""MCR_seq200b/313"", ""MCR_seq200b/317"", ""MCR_seq200b/326"", ""MCR_seq200b/345"", ""MCR_seq200b/402"", ""MCR_seq200b/412"", ""MCR_seq200b/418"", ""MCR_seq200b/420"", ""MCR_seq200b/430"", ""MCR_seq200b/454"", ""MCR_seq200b/458"", ""MCR_seq200b/469"", ""MCR_seq200b/470"", ""MCR_seq200b/479"", ""MCR_v1_seq100/104"", ""MCR_v1_seq100/126"", ""MCR_v1_seq100/16"", ""MCR_v1_seq100/19"", ""MCR_v1_seq100/45"", ""MCR_v1_seq100/6"", ""MCR_v1_seq100/69"", ""MCR_v1_seq100/73"", ""MCR_v2_seq100/144"", ""MCR_v2_seq100/156"", ""MCR_v2_seq100/162"", ""MCR_v2_seq100/169"", ""MCR_v2_seq100/170"", ""MCR_v2_seq100/172"", ""MCR_v2_seq100/178"", ""MCR_v2_seq100/186"", ""MCR_v2_seq100/187"", ""MCR_v2_seq100/205"", ""MCR_v2_seq100/214"", ""MCR_v2_seq100/230"", ""MCR_v2_seq100/241"", ""MCR_v2_seq100/244""]","[""DA_d2_heldout100/259"", ""DA_d2_heldout100/361"", ""DA_d2_heldout100/452"", ""DA_d2_heldout200b/490"", ""DA_d2_heldout200b/530"", ""DA_d2_heldout200b/574"", ""DA_d2_heldout200b/604"", ""DA_d2_heldout200b/634"", ""DA_d2_heldout200b/741"", ""DA_d2_heldout200b/778"", ""DA_d2_seq100/164"", ""DA_d2_seq100/205"", ""DA_d2_seq100/225"", ""DA_d2_seq100/27"", ""DA_d2_seq100/76"", ""MCR_seq200b/258"", ""MCR_seq200b/387"", ""MCR_seq200b/406"", ""MCR_seq200b/409"", ""MCR_v1_seq100/11"", ""MCR_v1_seq100/119"", ""MCR_v1_seq100/20"", ""MCR_v1_seq100/58"", ""MCR_v1_seq100/81"", ""MCR_v1_seq100/84"", ""MCR_v2_seq100/152"", ""MCR_v2_seq100/203""]",5.46197809541596e-07
E4,forest_evidence_integrator,pairwise_tournament,pairwise_tournament_vs_forest_evidence_integrator,primary,ALL,complete_or_compatible_partial,400,195,12,15,178,0.5175,0.525,0.0075,0.7011080384254456,"[-0.0175, 0.0325]","[""DA_d2_heldout100/350"", ""DA_d2_heldout200b/629"", ""DA_d2_heldout200b/650"", ""DA_d2_heldout200b/652"", ""DA_d2_seq100/132"", ""DA_d2_seq100/28"", ""DA_d2_seq100/4"", ""DA_d2_seq100/57"", ""MCR_seq200b/312"", ""MCR_seq200b/470"", ""MCR_seq200b/479"", ""MCR_v1_seq100/45"", ""MCR_v2_seq100/214"", ""MCR_v2_seq100/220"", ""MCR_v2_seq100/244""]","[""DA_d2_heldout100/273"", ""DA_d2_heldout100/451"", ""DA_d2_heldout200b/501"", ""DA_d2_heldout200b/666"", ""DA_d2_seq100/15"", ""DA_d2_seq100/225"", ""DA_d2_seq100/76"", ""MCR_seq200b/258"", ""MCR_seq200b/298"", ""MCR_seq200b/337"", ""MCR_seq200b/423"", ""MCR_v1_seq100/123""]",1.0
E4,e7_contrast,collapse_obligation_ledger,collapse_obligation_ledger_vs_e7_contrast,primary,ALL,legacy_chain,400,75,8,16,301,0.2075,0.2275,0.02,0.15158963203430176,"[-0.005, 0.045]","[""DA_d2_heldout100/254"", ""DA_d2_heldout100/261"", ""DA_d2_heldout100/281"", ""DA_d2_heldout200b/486"", ""DA_d2_heldout200b/660"", ""DA_d2_heldout200b/735"", ""DA_d2_seq100/242"", ""MCR_seq200b/260"", ""MCR_seq200b/317"", ""MCR_seq200b/383"", ""MCR_seq200b/458"", ""MCR_seq200b/470"", ""MCR_v1_seq100/123"", ""MCR_v2_seq100/170"", ""MCR_v2_seq100/205"", ""MCR_v2_seq100/220""]","[""DA_d2_heldout100/276"", ""DA_d2_heldout100/368"", ""DA_d2_heldout200b/500"", ""DA_d2_heldout200b/574"", ""DA_d2_heldout200b/653"", ""MCR_v2_seq100/162"", ""MCR_v2_seq100/174"", ""MCR_v2_seq100/211""]",0.606358528137207
E4,evidence_count_control,collapse_obligation_ledger,collapse_obligation_ledger_vs_evidence_count_control,primary,ALL,legacy_chain,400,38,30,53,279,0.17,0.2275,0.0575,0.015232201861994659,"[0.0125, 0.1025]","[""DA_d2_heldout100/254"", ""DA_d2_heldout100/281"", ""DA_d2_heldout100/321"", ""DA_d2_heldout100/334"", ""DA_d2_heldout100/415"", ""DA_d2_heldout200b/485"", ""DA_d2_heldout200b/486"", ""DA_d2_heldout200b/523"", ""DA_d2_heldout200b/568"", ""DA_d2_heldout200b/577"", ""DA_d2_heldout200b/603"", ""DA_d2_heldout200b/650"", ""DA_d2_heldout200b/660"", ""DA_d2_heldout200b/666"", ""DA_d2_heldout200b/679"", ""DA_d2_heldout200b/735"", ""DA_d2_heldout200b/766"", ""DA_d2_seq100/111"", ""DA_d2_seq100/140"", ""DA_d2_seq100/15"", ""DA_d2_seq100/229"", ""DA_d2_seq100/242"", ""DA_d2_seq100/87"", ""MCR_seq200b/252"", ""MCR_seq200b/260"", ""MCR_seq200b/263"", ""MCR_seq200b/294"", ""MCR_seq200b/313"", ""MCR_seq200b/317"", ""MCR_seq200b/326"", ""MCR_seq200b/336"", ""MCR_seq200b/412"", ""MCR_seq200b/418"", ""MCR_seq200b/454"", ""MCR_seq200b/458"", ""MCR_seq200b/469"", ""MCR_seq200b/470"", ""MCR_v1_seq100/104"", ""MCR_v1_seq100/123"", ""MCR_v1_seq100/126"", ""MCR_v1_seq100/19"", ""MCR_v1_seq100/69"", ""MCR_v2_seq100/139"", ""MCR_v2_seq100/144"", ""MCR_v2_seq100/156"", ""MCR_v2_seq100/169"", ""MCR_v2_seq100/170"", ""MCR_v2_seq100/172"", ""MCR_v2_seq100/178"", ""MCR_v2_seq100/186"", ""MCR_v2_seq100/187"", ""MCR_v2_seq100/205"", ""MCR_v2_seq100/208""]","[""DA_d2_heldout100/255"", ""DA_d2_heldout100/368"", ""DA_d2_heldout100/425"", ""DA_d2_heldout100/431"", ""DA_d2_heldout200b/490"", ""DA_d2_heldout200b/553"", ""DA_d2_heldout200b/574"", ""DA_d2_heldout200b/579"", ""DA_d2_heldout200b/589"", ""DA_d2_heldout200b/604"", ""DA_d2_heldout200b/615"", ""DA_d2_heldout200b/644"", ""DA_d2_seq100/150"", ""DA_d2_seq100/151"", ""DA_d2_seq100/156"", ""DA_d2_seq100/186"", ""DA_d2_seq100/194"", ""DA_d2_seq100/202"", ""DA_d2_seq100/237"", ""DA_d2_seq100/27"", ""DA_d2_seq100/40"", ""DA_d2_seq100/59"", ""DA_d2_seq100/76"", ""MCR_seq200b/340"", ""MCR_seq200b/344"", ""MCR_seq200b/387"", ""MCR_seq200b/406"", ""MCR_v1_seq100/11"", ""MCR_v1_seq100/60"", ""MCR_v2_seq100/152""]",0.10662541303396261
E4,forest_evidence_integrator,collapse_obligation_ledger,collapse_obligation_ledger_vs_forest_evidence_integrator,primary,ALL,legacy_chain,400,82,15,9,294,0.2425,0.2275,-0.015,0.30745625495910645,"[-0.04, 0.01]","[""DA_d2_heldout100/254"", ""DA_d2_heldout100/261"", ""DA_d2_heldout200b/486"", ""DA_d2_heldout200b/650"", ""DA_d2_heldout200b/660"", ""DA_d2_seq100/242"", ""MCR_seq200b/469"", ""MCR_seq200b/470"", ""MCR_v2_seq100/220""]","[""DA_d2_heldout100/273"", ""DA_d2_heldout100/314"", ""DA_d2_heldout100/368"", ""DA_d2_heldout200b/497"", ""DA_d2_heldout200b/500"", ""DA_d2_heldout200b/653"", ""DA_d2_heldout200b/738"", ""DA_d2_seq100/150"", ""DA_d2_seq100/202"", ""MCR_seq200b/285"", ""MCR_seq200b/345"", ""MCR_v1_seq100/60"", ""MCR_v2_seq100/162"", ""MCR_v2_seq100/174"", ""MCR_v2_seq100/211""]",0.9223687648773193
E4,evidence_count_control,e7_contrast,e7_contrast_vs_evidence_count_control,primary,ALL,legacy_chain,400,37,31,46,286,0.17,0.2075,0.0375,0.11001559898513336,"[-0.005, 0.08]","[""DA_d2_heldout100/276"", ""DA_d2_heldout100/321"", ""DA_d2_heldout100/334"", ""DA_d2_heldout100/415"", ""DA_d2_heldout200b/485"", ""DA_d2_heldout200b/500"", ""DA_d2_heldout200b/523"", ""DA_d2_heldout200b/568"", ""DA_d2_heldout200b/577"", ""DA_d2_heldout200b/603"", ""DA_d2_heldout200b/650"", ""DA_d2_heldout200b/653"", ""DA_d2_heldout200b/666"", ""DA_d2_heldout200b/679"", ""DA_d2_heldout200b/766"", ""DA_d2_seq100/111"", ""DA_d2_seq100/140"", ""DA_d2_seq100/15"", ""DA_d2_seq100/229"", ""DA_d2_seq100/87"", ""MCR_seq200b/252"", ""MCR_seq200b/263"", ""MCR_seq200b/294"", ""MCR_seq200b/313"", ""MCR_seq200b/326"", ""MCR_seq200b/336"", ""MCR_seq200b/412"", ""MCR_seq200b/418"", ""MCR_seq200b/454"", ""MCR_seq200b/469"", ""MCR_v1_seq100/104"", ""MCR_v1_seq100/126"", ""MCR_v1_seq100/19"", ""MCR_v1_seq100/69"", ""MCR_v2_seq100/139"", ""MCR_v2_seq100/144"", ""MCR_v2_seq100/156"", ""MCR_v2_seq100/162"", ""MCR_v2_seq100/169"", ""MCR_v2_seq100/172"", ""MCR_v2_seq100/174"", ""MCR_v2_seq100/178"", ""MCR_v2_seq100/186"", ""MCR_v2_seq100/187"", ""MCR_v2_seq100/208"", ""MCR_v2_seq100/211""]","[""DA_d2_heldout100/255"", ""DA_d2_heldout100/261"", ""DA_d2_heldout100/425"", ""DA_d2_heldout100/431"", ""DA_d2_heldout200b/490"", ""DA_d2_heldout200b/553"", ""DA_d2_heldout200b/579"", ""DA_d2_heldout200b/589"", ""DA_d2_heldout200b/604"", ""DA_d2_heldout200b/615"", ""DA_d2_heldout200b/644"", ""DA_d2_seq100/150"", ""DA_d2_seq100/151"", ""DA_d2_seq100/156"", ""DA_d2_seq100/186"", ""DA_d2_seq100/194"", ""DA_d2_seq100/202"", ""DA_d2_seq100/237"", ""DA_d2_seq100/27"", ""DA_d2_seq100/40"", ""DA_d2_seq100/59"", ""DA_d2_seq100/76"", ""MCR_seq200b/340"", ""MCR_seq200b/344"", ""MCR_seq200b/383"", ""MCR_seq200b/387"", ""MCR_seq200b/406"", ""MCR_v1_seq100/11"", ""MCR_v1_seq100/60"", ""MCR_v2_seq100/152"", ""MCR_v2_seq100/220""]",0.5500779949256668
E4,e7_contrast,forest_evidence_integrator,forest_evidence_integrator_vs_e7_contrast,primary,ALL,legacy_chain,400,79,4,18,299,0.2075,0.2425,0.035,0.004343509674072266,"[0.0125, 0.0575]","[""DA_d2_heldout100/273"", ""DA_d2_heldout100/281"", ""DA_d2_heldout100/314"", ""DA_d2_heldout200b/497"", ""DA_d2_heldout200b/735"", ""DA_d2_heldout200b/738"", ""DA_d2_seq100/150"", ""DA_d2_seq100/202"", ""MCR_seq200b/260"", ""MCR_seq200b/285"", ""MCR_seq200b/317"", ""MCR_seq200b/345"", ""MCR_seq200b/383"", ""MCR_seq200b/458"", ""MCR_v1_seq100/123"", ""MCR_v1_seq100/60"", ""MCR_v2_seq100/170"", ""MCR_v2_seq100/205""]","[""DA_d2_heldout100/276"", ""DA_d2_heldout200b/574"", ""DA_d2_heldout200b/650"", ""MCR_seq200b/469""]",0.034748077392578125
E4,evidence_count_control,forest_evidence_integrator,forest_evidence_integrator_vs_evidence_count_control,primary,ALL,legacy_chain,400,40,28,57,275,0.17,0.2425,0.0725,0.0021949089077805926,"[0.0275, 0.1175]","[""DA_d2_heldout100/273"", ""DA_d2_heldout100/281"", ""DA_d2_heldout100/314"", ""DA_d2_heldout100/321"", ""DA_d2_heldout100/334"", ""DA_d2_heldout100/415"", ""DA_d2_heldout200b/485"", ""DA_d2_heldout200b/497"", ""DA_d2_heldout200b/500"", ""DA_d2_heldout200b/523"", ""DA_d2_heldout200b/568"", ""DA_d2_heldout200b/577"", ""DA_d2_heldout200b/603"", ""DA_d2_heldout200b/653"", ""DA_d2_heldout200b/666"", ""DA_d2_heldout200b/679"", ""DA_d2_heldout200b/735"", ""DA_d2_heldout200b/738"", ""DA_d2_heldout200b/766"", ""DA_d2_seq100/111"", ""DA_d2_seq100/140"", ""DA_d2_seq100/15"", ""DA_d2_seq100/229"", ""DA_d2_seq100/87"", ""MCR_seq200b/252"", ""MCR_seq200b/260"", ""MCR_seq200b/263"", ""MCR_seq200b/285"", ""MCR_seq200b/294"", ""MCR_seq200b/313"", ""MCR_seq200b/317"", ""MCR_seq200b/326"", ""MCR_seq200b/336"", ""MCR_seq200b/345"", ""MCR_seq200b/412"", ""MCR_seq200b/418"", ""MCR_seq200b/454"", ""MCR_seq200b/458"", ""MCR_v1_seq100/104"", ""MCR_v1_seq100/123"", ""MCR_v1_seq100/126"", ""MCR_v1_seq100/19"", ""MCR_v1_seq100/69"", ""MCR_v2_seq100/139"", ""MCR_v2_seq100/144"", ""MCR_v2_seq100/156"", ""MCR_v2_seq100/162"", ""MCR_v2_seq100/169"", ""MCR_v2_seq100/170"", ""MCR_v2_seq100/172"", ""MCR_v2_seq100/174"", ""MCR_v2_seq100/178"", ""MCR_v2_seq100/186"", ""MCR_v2_seq100/187"", ""MCR_v2_seq100/205"", ""MCR_v2_seq100/208"", ""MCR_v2_seq100/211""]","[""DA_d2_heldout100/255"", ""DA_d2_heldout100/261"", ""DA_d2_heldout100/425"", ""DA_d2_heldout100/431"", ""DA_d2_heldout200b/490"", ""DA_d2_heldout200b/553"", ""DA_d2_heldout200b/574"", ""DA_d2_heldout200b/579"", ""DA_d2_heldout200b/589"", ""DA_d2_heldout200b/604"", ""DA_d2_heldout200b/615"", ""DA_d2_heldout200b/644"", ""DA_d2_seq100/151"", ""DA_d2_seq100/156"", ""DA_d2_seq100/186"", ""DA_d2_seq100/194"", ""DA_d2_seq100/237"", ""DA_d2_seq100/27"", ""DA_d2_seq100/40"", ""DA_d2_seq100/59"", ""DA_d2_seq100/76"", ""MCR_seq200b/340"", ""MCR_seq200b/344"", ""MCR_seq200b/387"", ""MCR_seq200b/406"", ""MCR_v1_seq100/11"", ""MCR_v2_seq100/152"", ""MCR_v2_seq100/220""]",0.021949089077805926
E4,collapse_obligation_ledger,pairwise_tournament,pairwise_tournament_vs_collapse_obligation_ledger,primary,ALL,legacy_chain,400,80,11,15,294,0.2275,0.2375,0.01,0.557197093963623,"[-0.015, 0.035]","[""DA_d2_heldout100/276"", ""DA_d2_heldout100/314"", ""DA_d2_heldout100/368"", ""DA_d2_heldout200b/629"", ""DA_d2_heldout200b/653"", ""DA_d2_seq100/150"", ""DA_d2_seq100/202"", ""DA_d2_seq100/243"", ""DA_d2_seq100/4"", ""MCR_seq200b/479"", ""MCR_v1_seq100/45"", ""MCR_v1_seq100/60"", ""MCR_v2_seq100/162"", ""MCR_v2_seq100/174"", ""MCR_v2_seq100/211""]","[""DA_d2_heldout100/254"", ""DA_d2_heldout100/334"", ""DA_d2_heldout200b/486"", ""DA_d2_heldout200b/660"", ""DA_d2_heldout200b/666"", ""DA_d2_seq100/15"", ""DA_d2_seq100/242"", ""MCR_seq200b/260"", ""MCR_seq200b/469"", ""MCR_v1_seq100/123"", ""MCR_v2_seq100/170""]",1.0
E4,e7_contrast,pairwise_tournament,pairwise_tournament_vs_e7_contrast,primary,ALL,legacy_chain,400,77,6,18,299,0.2075,0.2375,0.03,0.022655844688415527,"[0.0075, 0.055]","[""DA_d2_heldout100/261"", ""DA_d2_heldout100/281"", ""DA_d2_heldout100/314"", ""DA_d2_heldout200b/629"", ""DA_d2_heldout200b/735"", ""DA_d2_seq100/150"", ""DA_d2_seq100/202"", ""DA_d2_seq100/243"", ""DA_d2_seq100/4"", ""MCR_seq200b/317"", ""MCR_seq200b/383"", ""MCR_seq200b/458"", ""MCR_seq200b/470"", ""MCR_seq200b/479"", ""MCR_v1_seq100/45"", ""MCR_v1_seq100/60"", ""MCR_v2_seq100/205"", ""MCR_v2_seq100/220""]","[""DA_d2_heldout100/334"", ""DA_d2_heldout200b/500"", ""DA_d2_heldout200b/574"", ""DA_d2_heldout200b/666"", ""DA_d2_seq100/15"", ""MCR_seq200b/469""]",0.13593506813049316
E4,evidence_count_control,pairwise_tournament,pairwise_tournament_vs_evidence_count_control,primary,ALL,legacy_chain,400,42,26,53,279,0.17,0.2375,0.0675,0.0031830106288350717,"[0.025, 0.11]","[""DA_d2_heldout100/276"", ""DA_d2_heldout100/281"", ""DA_d2_heldout100/314"", ""DA_d2_heldout100/321"", ""DA_d2_heldout100/415"", ""DA_d2_heldout200b/485"", ""DA_d2_heldout200b/523"", ""DA_d2_heldout200b/568"", ""DA_d2_heldout200b/577"", ""DA_d2_heldout200b/603"", ""DA_d2_heldout200b/629"", ""DA_d2_heldout200b/650"", ""DA_d2_heldout200b/653"", ""DA_d2_heldout200b/679"", ""DA_d2_heldout200b/735"", ""DA_d2_heldout200b/766"", ""DA_d2_seq100/111"", ""DA_d2_seq100/140"", ""DA_d2_seq100/229"", ""DA_d2_seq100/243"", ""DA_d2_seq100/4"", ""DA_d2_seq100/87"", ""MCR_seq200b/252"", ""MCR_seq200b/263"", ""MCR_seq200b/294"", ""MCR_seq200b/313"", ""MCR_seq200b/317"", ""MCR_seq200b/326"", ""MCR_seq200b/336"", ""MCR_seq200b/412"", ""MCR_seq200b/418"", ""MCR_seq200b/454"", ""MCR_seq200b/458"", ""MCR_seq200b/470"", ""MCR_seq200b/479"", ""MCR_v1_seq100/104"", ""MCR_v1_seq100/126"", ""MCR_v1_seq100/19"", ""MCR_v1_seq100/45"", ""MCR_v1_seq100/69"", ""MCR_v2_seq100/139"", ""MCR_v2_seq100/144"", ""MCR_v2_seq100/156"", ""MCR_v2_seq100/162"", ""MCR_v2_seq100/169"", ""MCR_v2_seq100/172"", ""MCR_v2_seq100/174"", ""MCR_v2_seq100/178"", ""MCR_v2_seq100/186"", ""MCR_v2_seq100/187"", ""MCR_v2_seq100/205"", ""MCR_v2_seq100/208"", ""MCR_v2_seq100/211""]","[""DA_d2_heldout100/255"", ""DA_d2_heldout100/425"", ""DA_d2_heldout100/431"", ""DA_d2_heldout200b/490"", ""DA_d2_heldout200b/553"", ""DA_d2_heldout200b/574"", ""DA_d2_heldout200b/579"", ""DA_d2_heldout200b/589"", ""DA_d2_heldout200b/604"", ""DA_d2_heldout200b/615"", ""DA_d2_heldout200b/644"", ""DA_d2_seq100/151"", ""DA_d2_seq100/156"", ""DA_d2_seq100/186"", ""DA_d2_seq100/194"", ""DA_d2_seq100/237"", ""DA_d2_seq100/27"", ""DA_d2_seq100/40"", ""DA_d2_seq100/59"", ""DA_d2_seq100/76"", ""MCR_seq200b/340"", ""MCR_seq200b/344"", ""MCR_seq200b/387"", ""MCR_seq200b/406"", ""MCR_v1_seq100/11"", ""MCR_v2_seq100/152""]",0.028647095659515644
E4,forest_evidence_integrator,pairwise_tournament,pairwise_tournament_vs_forest_evidence_integrator,primary,ALL,legacy_chain,400,85,12,10,293,0.2425,0.2375,-0.005,0.8318119049072266,"[-0.0275, 0.0175]","[""DA_d2_heldout100/261"", ""DA_d2_heldout100/276"", ""DA_d2_heldout200b/629"", ""DA_d2_heldout200b/650"", ""DA_d2_seq100/243"", ""DA_d2_seq100/4"", ""MCR_seq200b/470"", ""MCR_seq200b/479"", ""MCR_v1_seq100/45"", ""MCR_v2_seq100/220""]","[""DA_d2_heldout100/273"", ""DA_d2_heldout100/334"", ""DA_d2_heldout200b/497"", ""DA_d2_heldout200b/500"", ""DA_d2_heldout200b/666"", ""DA_d2_heldout200b/738"", ""DA_d2_seq100/15"", ""MCR_seq200b/260"", ""MCR_seq200b/285"", ""MCR_seq200b/345"", ""MCR_v1_seq100/123"", ""MCR_v2_seq100/170""]",1.0
E4,e7_contrast,collapse_obligation_ledger,collapse_obligation_ledger_vs_e7_contrast,primary,ALL,safe_exact,400,30,3,7,360,0.0825,0.0925,0.01,0.34375,"[-0.005, 0.025]","[""MCR_seq200b/260"", ""MCR_seq200b/317"", ""MCR_seq200b/383"", ""MCR_seq200b/458"", ""MCR_seq200b/470"", ""MCR_v2_seq100/205"", ""MCR_v2_seq100/220""]","[""MCR_seq200b/424"", ""MCR_v2_seq100/174"", ""MCR_v2_seq100/211""]",1.0
E4,evidence_count_control,collapse_obligation_ledger,collapse_obligation_ledger_vs_evidence_count_control,primary,ALL,safe_exact,400,11,6,26,357,0.0425,0.0925,0.05,0.0005350527353584766,"[0.0225, 0.0775]","[""DA_d2_heldout100/334"", ""DA_d2_seq100/229"", ""DA_d2_seq100/87"", ""MCR_seq200b/252"", ""MCR_seq200b/260"", ""MCR_seq200b/263"", ""MCR_seq200b/309"", ""MCR_seq200b/317"", ""MCR_seq200b/326"", ""MCR_seq200b/336"", ""MCR_seq200b/374"", ""MCR_seq200b/407"", ""MCR_seq200b/412"", ""MCR_seq200b/458"", ""MCR_seq200b/470"", ""MCR_v1_seq100/104"", ""MCR_v1_seq100/19"", ""MCR_v1_seq100/69"", ""MCR_v2_seq100/144"", ""MCR_v2_seq100/156"", ""MCR_v2_seq100/172"", ""MCR_v2_seq100/173"", ""MCR_v2_seq100/178"", ""MCR_v2_seq100/187"", ""MCR_v2_seq100/205"", ""MCR_v2_seq100/208""]","[""DA_d2_heldout200b/490"", ""MCR_seq200b/344"", ""MCR_seq200b/387"", ""MCR_seq200b/406"", ""MCR_v1_seq100/60"", ""MCR_v2_seq100/152""]",0.004280421882867813
E4,forest_evidence_integrator,collapse_obligation_ledger,collapse_obligation_ledger_vs_forest_evidence_integrator,primary,ALL,safe_exact,400,35,6,2,357,0.1025,0.0925,-0.01,0.2890625,"[-0.025, 0.0025]","[""MCR_seq200b/470"", ""MCR_v2_seq100/220""]","[""MCR_seq200b/285"", ""MCR_seq200b/345"", ""MCR_seq200b/418"", ""MCR_v1_seq100/60"", ""MCR_v2_seq100/174"", ""MCR_v2_seq100/211""]",1.0
E4,evidence_count_control,e7_contrast,e7_contrast_vs_evidence_count_control,primary,ALL,safe_exact,400,9,8,24,359,0.0425,0.0825,0.04,0.0070003666914999485,"[0.0125, 0.0675]","[""DA_d2_heldout100/334"", ""DA_d2_seq100/229"", ""DA_d2_seq100/87"", ""MCR_seq200b/252"", ""MCR_seq200b/263"", ""MCR_seq200b/309"", ""MCR_seq200b/326"", ""MCR_seq200b/336"", ""MCR_seq200b/374"", ""MCR_seq200b/407"", ""MCR_seq200b/412"", ""MCR_seq200b/424"", ""MCR_v1_seq100/104"", ""MCR_v1_seq100/19"", ""MCR_v1_seq100/69"", ""MCR_v2_seq100/144"", ""MCR_v2_seq100/156"", ""MCR_v2_seq100/172"", ""MCR_v2_seq100/173"", ""MCR_v2_seq100/174"", ""MCR_v2_seq100/178"", ""MCR_v2_seq100/187"", ""MCR_v2_seq100/208"", ""MCR_v2_seq100/211""]","[""DA_d2_heldout200b/490"", ""MCR_seq200b/344"", ""MCR_seq200b/383"", ""MCR_seq200b/387"", ""MCR_seq200b/406"", ""MCR_v1_seq100/60"", ""MCR_v2_seq100/152"", ""MCR_v2_seq100/220""]",0.04900256684049964
E4,e7_contrast,forest_evidence_integrator,forest_evidence_integrator_vs_e7_contrast,primary,ALL,safe_exact,400,32,1,9,358,0.0825,0.1025,0.02,0.021484375,"[0.005, 0.035]","[""MCR_seq200b/260"", ""MCR_seq200b/285"", ""MCR_seq200b/317"", ""MCR_seq200b/345"", ""MCR_seq200b/383"", ""MCR_seq200b/418"", ""MCR_seq200b/458"", ""MCR_v1_seq100/60"", ""MCR_v2_seq100/205""]","[""MCR_seq200b/424""]",0.12890625
E4,evidence_count_control,forest_evidence_integrator,forest_evidence_integrator_vs_evidence_count_control,primary,ALL,safe_exact,400,11,6,30,353,0.0425,0.1025,0.06,6.960169412195683e-05,"[0.0325, 0.09]","[""DA_d2_heldout100/334"", ""DA_d2_seq100/229"", ""DA_d2_seq100/87"", ""MCR_seq200b/252"", ""MCR_seq200b/260"", ""MCR_seq200b/263"", ""MCR_seq200b/285"", ""MCR_seq200b/309"", ""MCR_seq200b/317"", ""MCR_seq200b/326"", ""MCR_seq200b/336"", ""MCR_seq200b/345"", ""MCR_seq200b/374"", ""MCR_seq200b/407"", ""MCR_seq200b/412"", ""MCR_seq200b/418"", ""MCR_seq200b/458"", ""MCR_v1_seq100/104"", ""MCR_v1_seq100/19"", ""MCR_v1_seq100/69"", ""MCR_v2_seq100/144"", ""MCR_v2_seq100/156"", ""MCR_v2_seq100/172"", ""MCR_v2_seq100/173"", ""MCR_v2_seq100/174"", ""MCR_v2_seq100/178"", ""MCR_v2_seq100/187"", ""MCR_v2_seq100/205"", ""MCR_v2_seq100/208"", ""MCR_v2_seq100/211""]","[""DA_d2_heldout200b/490"", ""MCR_seq200b/344"", ""MCR_seq200b/387"", ""MCR_seq200b/406"", ""MCR_v2_seq100/152"", ""MCR_v2_seq100/220""]",0.0006960169412195683
E4,collapse_obligation_ledger,pairwise_tournament,pairwise_tournament_vs_collapse_obligation_ledger,primary,ALL,safe_exact,400,34,3,4,359,0.0925,0.095,0.0025,1.0,"[-0.01, 0.015]","[""MCR_seq200b/479"", ""MCR_v1_seq100/60"", ""MCR_v2_seq100/174"", ""MCR_v2_seq100/211""]","[""DA_d2_heldout100/334"", ""MCR_seq200b/260"", ""MCR_seq200b/374""]",1.0
E4,e7_contrast,pairwise_tournament,pairwise_tournament_vs_e7_contrast,primary,ALL,safe_exact,400,30,3,8,359,0.0825,0.095,0.0125,0.2265625,"[-0.0025, 0.03]","[""MCR_seq200b/317"", ""MCR_seq200b/383"", ""MCR_seq200b/458"", ""MCR_seq200b/470"", ""MCR_seq200b/479"", ""MCR_v1_seq100/60"", ""MCR_v2_seq100/205"", ""MCR_v2_seq100/220""]","[""DA_d2_heldout100/334"", ""MCR_seq200b/374"", ""MCR_seq200b/424""]",1.0
E4,evidence_count_control,pairwise_tournament,pairwise_tournament_vs_evidence_count_control,primary,ALL,safe_exact,400,12,5,26,357,0.0425,0.095,0.0525,0.00019219517707824707,"[0.0275, 0.08]","[""DA_d2_seq100/229"", ""DA_d2_seq100/87"", ""MCR_seq200b/252"", ""MCR_seq200b/263"", ""MCR_seq200b/309"", ""MCR_seq200b/317"", ""MCR_seq200b/326"", ""MCR_seq200b/336"", ""MCR_seq200b/407"", ""MCR_seq200b/412"", ""MCR_seq200b/458"", ""MCR_seq200b/470"", ""MCR_seq200b/479"", ""MCR_v1_seq100/104"", ""MCR_v1_seq100/19"", ""MCR_v1_seq100/69"", ""MCR_v2_seq100/144"", ""MCR_v2_seq100/156"", ""MCR_v2_seq100/172"", ""MCR_v2_seq100/173"", ""MCR_v2_seq100/174"", ""MCR_v2_seq100/178"", ""MCR_v2_seq100/187"", ""MCR_v2_seq100/205"", ""MCR_v2_seq100/208"", ""MCR_v2_seq100/211""]","[""DA_d2_heldout200b/490"", ""MCR_seq200b/344"", ""MCR_seq200b/387"", ""MCR_seq200b/406"", ""MCR_v2_seq100/152""]",0.0017297565937042236
E4,forest_evidence_integrator,pairwise_tournament,pairwise_tournament_vs_forest_evidence_integrator,primary,ALL,safe_exact,400,35,6,3,356,0.1025,0.095,-0.0075,0.5078125,"[-0.0225, 0.0075]","[""MCR_seq200b/470"", ""MCR_seq200b/479"", ""MCR_v2_seq100/220""]","[""DA_d2_heldout100/334"", ""MCR_seq200b/260"", ""MCR_seq200b/285"", ""MCR_seq200b/345"", ""MCR_seq200b/374"", ""MCR_seq200b/418""]",1.0
E4,e7_contrast,collapse_obligation_ledger,collapse_obligation_ledger_vs_e7_contrast,primary,DA,clinical_complete,200,10,2,0,188,0.06,0.05,-0.01,0.5,"[-0.025, 0.0]",[],"[""DA_d2_heldout200b/653"", ""DA_d2_heldout200b/740""]",1.0
E4,evidence_count_control,collapse_obligation_ledger,collapse_obligation_ledger_vs_evidence_count_control,primary,DA,clinical_complete,200,2,2,8,188,0.02,0.05,0.03,0.109375,"[0.0, 0.06]","[""DA_d2_heldout100/257"", ""DA_d2_heldout100/334"", ""DA_d2_heldout200b/646"", ""DA_d2_seq100/186"", ""DA_d2_seq100/219"", ""DA_d2_seq100/229"", ""DA_d2_seq100/3"", ""DA_d2_seq100/87""]","[""DA_d2_heldout200b/490"", ""DA_d2_seq100/150""]",0.765625
E4,forest_evidence_integrator,collapse_obligation_ledger,collapse_obligation_ledger_vs_forest_evidence_integrator,primary,DA,clinical_complete,200,10,3,0,187,0.065,0.05,-0.015,0.25,"[-0.035, 0.0]",[],"[""DA_d2_heldout200b/653"", ""DA_d2_heldout200b/740"", ""DA_d2_seq100/150""]",1.0
E4,evidence_count_control,e7_contrast,e7_contrast_vs_evidence_count_control,primary,DA,clinical_complete,200,2,2,10,186,0.02,0.06,0.04,0.03857421875,"[0.01, 0.075]","[""DA_d2_heldout100/257"", ""DA_d2_heldout100/334"", ""DA_d2_heldout200b/646"", ""DA_d2_heldout200b/653"", ""DA_d2_heldout200b/740"", ""DA_d2_seq100/186"", ""DA_d2_seq100/219"", ""DA_d2_seq100/229"", ""DA_d2_seq100/3"", ""DA_d2_seq100/87""]","[""DA_d2_heldout200b/490"", ""DA_d2_seq100/150""]",0.34716796875
E4,e7_contrast,forest_evidence_integrator,forest_evidence_integrator_vs_e7_contrast,primary,DA,clinical_complete,200,12,0,1,187,0.06,0.065,0.005,1.0,"[0.0, 0.015]","[""DA_d2_seq100/150""]",[],1.0
E4,evidence_count_control,forest_evidence_integrator,forest_evidence_integrator_vs_evidence_count_control,primary,DA,clinical_complete,200,3,1,10,186,0.02,0.065,0.045,0.01171875,"[0.015, 0.08]","[""DA_d2_heldout100/257"", ""DA_d2_heldout100/334"", ""DA_d2_heldout200b/646"", ""DA_d2_heldout200b/653"", ""DA_d2_heldout200b/740"", ""DA_d2_seq100/186"", ""DA_d2_seq100/219"", ""DA_d2_seq100/229"", ""DA_d2_seq100/3"", ""DA_d2_seq100/87""]","[""DA_d2_heldout200b/490""]",0.1171875
E4,collapse_obligation_ledger,pairwise_tournament,pairwise_tournament_vs_collapse_obligation_ledger,primary,DA,clinical_complete,200,8,2,3,187,0.05,0.055,0.005,1.0,"[-0.015, 0.03]","[""DA_d2_heldout200b/653"", ""DA_d2_heldout200b/740"", ""DA_d2_seq100/150""]","[""DA_d2_heldout100/334"", ""DA_d2_seq100/186""]",1.0
E4,e7_contrast,pairwise_tournament,pairwise_tournament_vs_e7_contrast,primary,DA,clinical_complete,200,10,2,1,187,0.06,0.055,-0.005,1.0,"[-0.025, 0.01]","[""DA_d2_seq100/150""]","[""DA_d2_heldout100/334"", ""DA_d2_seq100/186""]",1.0
E4,evidence_count_control,pairwise_tournament,pairwise_tournament_vs_evidence_count_control,primary,DA,clinical_complete,200,3,1,8,188,0.02,0.055,0.035,0.0390625,"[0.01, 0.065]","[""DA_d2_heldout100/257"", ""DA_d2_heldout200b/646"", ""DA_d2_heldout200b/653"", ""DA_d2_heldout200b/740"", ""DA_d2_seq100/219"", ""DA_d2_seq100/229"", ""DA_d2_seq100/3"", ""DA_d2_seq100/87""]","[""DA_d2_heldout200b/490""]",0.34716796875
E4,forest_evidence_integrator,pairwise_tournament,pairwise_tournament_vs_forest_evidence_integrator,primary,DA,clinical_complete,200,11,2,0,187,0.065,0.055,-0.01,0.5,"[-0.025, 0.0]",[],"[""DA_d2_heldout100/334"", ""DA_d2_seq100/186""]",1.0
E4,e7_contrast,collapse_obligation_ledger,collapse_obligation_ledger_vs_e7_contrast,primary,DA,compatible_partial,200,105,7,10,78,0.56,0.575,0.015,0.629058837890625,"[-0.025, 0.055]","[""DA_d2_heldout100/354"", ""DA_d2_heldout100/361"", ""DA_d2_heldout100/451"", ""DA_d2_heldout200b/735"", ""DA_d2_heldout200b/740"", ""DA_d2_seq100/139"", ""DA_d2_seq100/164"", ""DA_d2_seq100/21"", ""DA_d2_seq100/242"", ""DA_d2_seq100/89""]","[""DA_d2_heldout100/368"", ""DA_d2_heldout200b/574"", ""DA_d2_heldout200b/719"", ""DA_d2_heldout200b/736"", ""DA_d2_seq100/132"", ""DA_d2_seq100/225"", ""DA_d2_seq100/57""]",1.0
E4,evidence_count_control,collapse_obligation_ledger,collapse_obligation_ledger_vs_evidence_count_control,primary,DA,compatible_partial,200,76,16,39,69,0.46,0.575,0.115,0.002667262382859803,"[0.045, 0.185]","[""DA_d2_heldout100/254"", ""DA_d2_heldout100/276"", ""DA_d2_heldout100/281"", ""DA_d2_heldout100/289"", ""DA_d2_heldout100/321"", ""DA_d2_heldout100/350"", ""DA_d2_heldout100/354"", ""DA_d2_heldout100/365"", ""DA_d2_heldout100/372"", ""DA_d2_heldout100/375"", ""DA_d2_heldout100/451"", ""DA_d2_heldout200b/485"", ""DA_d2_heldout200b/486"", ""DA_d2_heldout200b/493"", ""DA_d2_heldout200b/500"", ""DA_d2_heldout200b/560"", ""DA_d2_heldout200b/563"", ""DA_d2_heldout200b/577"", ""DA_d2_heldout200b/587"", ""DA_d2_heldout200b/602"", ""DA_d2_heldout200b/603"", ""DA_d2_heldout200b/630"", ""DA_d2_heldout200b/650"", ""DA_d2_heldout200b/666"", ""DA_d2_heldout200b/679"", ""DA_d2_heldout200b/730"", ""DA_d2_heldout200b/735"", ""DA_d2_heldout200b/745"", ""DA_d2_heldout200b/746"", ""DA_d2_seq100/111"", ""DA_d2_seq100/15"", ""DA_d2_seq100/150"", ""DA_d2_seq100/174"", ""DA_d2_seq100/21"", ""DA_d2_seq100/242"", ""DA_d2_seq100/243"", ""DA_d2_seq100/246"", ""DA_d2_seq100/28"", ""DA_d2_seq100/89""]","[""DA_d2_heldout100/259"", ""DA_d2_heldout100/368"", ""DA_d2_heldout100/452"", ""DA_d2_heldout200b/530"", ""DA_d2_heldout200b/574"", ""DA_d2_heldout200b/604"", ""DA_d2_heldout200b/634"", ""DA_d2_heldout200b/646"", ""DA_d2_heldout200b/741"", ""DA_d2_heldout200b/778"", ""DA_d2_seq100/186"", ""DA_d2_seq100/205"", ""DA_d2_seq100/225"", ""DA_d2_seq100/27"", ""DA_d2_seq100/3"", ""DA_d2_seq100/87""]",0.02667262382859803
E4,forest_evidence_integrator,collapse_obligation_ledger,collapse_obligation_ledger_vs_forest_evidence_integrator,primary,DA,compatible_partial,200,104,5,11,80,0.545,0.575,0.03,0.210113525390625,"[-0.01, 0.07]","[""DA_d2_heldout100/350"", ""DA_d2_heldout100/354"", ""DA_d2_heldout100/361"", ""DA_d2_heldout200b/650"", ""DA_d2_heldout200b/652"", ""DA_d2_heldout200b/740"", ""DA_d2_seq100/150"", ""DA_d2_seq100/164"", ""DA_d2_seq100/242"", ""DA_d2_seq100/28"", ""DA_d2_seq100/89""]","[""DA_d2_heldout100/273"", ""DA_d2_heldout100/368"", ""DA_d2_heldout200b/501"", ""DA_d2_heldout200b/736"", ""DA_d2_seq100/225""]",1.0
E4,evidence_count_control,e7_contrast,e7_contrast_vs_evidence_count_control,primary,DA,compatible_partial,200,75,17,37,71,0.46,0.56,0.1,0.009073340339587177,"[0.03, 0.175]","[""DA_d2_heldout100/254"", ""DA_d2_heldout100/276"", ""DA_d2_heldout100/281"", ""DA_d2_heldout100/289"", ""DA_d2_heldout100/321"", ""DA_d2_heldout100/350"", ""DA_d2_heldout100/365"", ""DA_d2_heldout100/372"", ""DA_d2_heldout100/375"", ""DA_d2_heldout200b/485"", ""DA_d2_heldout200b/486"", ""DA_d2_heldout200b/493"", ""DA_d2_heldout200b/500"", ""DA_d2_heldout200b/560"", ""DA_d2_heldout200b/563"", ""DA_d2_heldout200b/577"", ""DA_d2_heldout200b/587"", ""DA_d2_heldout200b/602"", ""DA_d2_heldout200b/603"", ""DA_d2_heldout200b/630"", ""DA_d2_heldout200b/650"", ""DA_d2_heldout200b/666"", ""DA_d2_heldout200b/679"", ""DA_d2_heldout200b/719"", ""DA_d2_heldout200b/730"", ""DA_d2_heldout200b/736"", ""DA_d2_heldout200b/745"", ""DA_d2_heldout200b/746"", ""DA_d2_seq100/111"", ""DA_d2_seq100/132"", ""DA_d2_seq100/15"", ""DA_d2_seq100/150"", ""DA_d2_seq100/174"", ""DA_d2_seq100/243"", ""DA_d2_seq100/246"", ""DA_d2_seq100/28"", ""DA_d2_seq100/57""]","[""DA_d2_heldout100/259"", ""DA_d2_heldout100/361"", ""DA_d2_heldout100/452"", ""DA_d2_heldout200b/530"", ""DA_d2_heldout200b/604"", ""DA_d2_heldout200b/634"", ""DA_d2_heldout200b/646"", ""DA_d2_heldout200b/740"", ""DA_d2_heldout200b/741"", ""DA_d2_heldout200b/778"", ""DA_d2_seq100/139"", ""DA_d2_seq100/164"", ""DA_d2_seq100/186"", ""DA_d2_seq100/205"", ""DA_d2_seq100/27"", ""DA_d2_seq100/3"", ""DA_d2_seq100/87""]",0.08166006305628459
E4,e7_contrast,forest_evidence_integrator,forest_evidence_integrator_vs_e7_contrast,primary,DA,compatible_partial,200,103,9,6,82,0.56,0.545,-0.015,0.60723876953125,"[-0.055, 0.025]","[""DA_d2_heldout100/273"", ""DA_d2_heldout100/451"", ""DA_d2_heldout200b/501"", ""DA_d2_heldout200b/735"", ""DA_d2_seq100/139"", ""DA_d2_seq100/21""]","[""DA_d2_heldout100/350"", ""DA_d2_heldout200b/574"", ""DA_d2_heldout200b/650"", ""DA_d2_heldout200b/652"", ""DA_d2_heldout200b/719"", ""DA_d2_seq100/132"", ""DA_d2_seq100/150"", ""DA_d2_seq100/28"", ""DA_d2_seq100/57""]",1.0
E4,evidence_count_control,forest_evidence_integrator,forest_evidence_integrator_vs_evidence_count_control,primary,DA,compatible_partial,200,74,18,35,73,0.46,0.545,0.085,0.027008317653722358,"[0.015, 0.155]","[""DA_d2_heldout100/254"", ""DA_d2_heldout100/273"", ""DA_d2_heldout100/276"", ""DA_d2_heldout100/281"", ""DA_d2_heldout100/289"", ""DA_d2_heldout100/321"", ""DA_d2_heldout100/365"", ""DA_d2_heldout100/372"", ""DA_d2_heldout100/375"", ""DA_d2_heldout100/451"", ""DA_d2_heldout200b/485"", ""DA_d2_heldout200b/486"", ""DA_d2_heldout200b/493"", ""DA_d2_heldout200b/500"", ""DA_d2_heldout200b/501"", ""DA_d2_heldout200b/560"", ""DA_d2_heldout200b/563"", ""DA_d2_heldout200b/577"", ""DA_d2_heldout200b/587"", ""DA_d2_heldout200b/602"", ""DA_d2_heldout200b/603"", ""DA_d2_heldout200b/630"", ""DA_d2_heldout200b/666"", ""DA_d2_heldout200b/679"", ""DA_d2_heldout200b/730"", ""DA_d2_heldout200b/735"", ""DA_d2_heldout200b/736"", ""DA_d2_heldout200b/745"", ""DA_d2_heldout200b/746"", ""DA_d2_seq100/111"", ""DA_d2_seq100/15"", ""DA_d2_seq100/174"", ""DA_d2_seq100/21"", ""DA_d2_seq100/243"", ""DA_d2_seq100/246""]","[""DA_d2_heldout100/259"", ""DA_d2_heldout100/361"", ""DA_d2_heldout100/452"", ""DA_d2_heldout200b/530"", ""DA_d2_heldout200b/574"", ""DA_d2_heldout200b/604"", ""DA_d2_heldout200b/634"", ""DA_d2_heldout200b/646"", ""DA_d2_heldout200b/652"", ""DA_d2_heldout200b/740"", ""DA_d2_heldout200b/741"", ""DA_d2_heldout200b/778"", ""DA_d2_seq100/164"", ""DA_d2_seq100/186"", ""DA_d2_seq100/205"", ""DA_d2_seq100/27"", ""DA_d2_seq100/3"", ""DA_d2_seq100/87""]",0.1890582235760565
E4,collapse_obligation_ledger,pairwise_tournament,pairwise_tournament_vs_collapse_obligation_ledger,primary,DA,compatible_partial,200,104,11,8,77,0.575,0.56,-0.015,0.6476058959960938,"[-0.06, 0.025]","[""DA_d2_heldout100/334"", ""DA_d2_heldout100/368"", ""DA_d2_heldout200b/629"", ""DA_d2_heldout200b/736"", ""DA_d2_seq100/132"", ""DA_d2_seq100/186"", ""DA_d2_seq100/4"", ""DA_d2_seq100/57""]","[""DA_d2_heldout100/354"", ""DA_d2_heldout100/361"", ""DA_d2_heldout100/451"", ""DA_d2_heldout200b/666"", ""DA_d2_heldout200b/740"", ""DA_d2_seq100/15"", ""DA_d2_seq100/150"", ""DA_d2_seq100/164"", ""DA_d2_seq100/242"", ""DA_d2_seq100/76"", ""DA_d2_seq100/89""]",1.0
E4,e7_contrast,pairwise_tournament,pairwise_tournament_vs_e7_contrast,primary,DA,compatible_partial,200,105,7,7,81,0.56,0.56,0.0,1.0,"[-0.035, 0.035]","[""DA_d2_heldout100/334"", ""DA_d2_heldout200b/629"", ""DA_d2_heldout200b/735"", ""DA_d2_seq100/139"", ""DA_d2_seq100/186"", ""DA_d2_seq100/21"", ""DA_d2_seq100/4""]","[""DA_d2_heldout200b/574"", ""DA_d2_heldout200b/666"", ""DA_d2_heldout200b/719"", ""DA_d2_seq100/15"", ""DA_d2_seq100/150"", ""DA_d2_seq100/225"", ""DA_d2_seq100/76""]",1.0
E4,evidence_count_control,pairwise_tournament,pairwise_tournament_vs_evidence_count_control,primary,DA,compatible_partial,200,74,18,38,70,0.46,0.56,0.1,0.010454818321892184,"[0.029875, 0.175]","[""DA_d2_heldout100/254"", ""DA_d2_heldout100/276"", ""DA_d2_heldout100/281"", ""DA_d2_heldout100/289"", ""DA_d2_heldout100/321"", ""DA_d2_heldout100/334"", ""DA_d2_heldout100/350"", ""DA_d2_heldout100/365"", ""DA_d2_heldout100/372"", ""DA_d2_heldout100/375"", ""DA_d2_heldout200b/485"", ""DA_d2_heldout200b/486"", ""DA_d2_heldout200b/493"", ""DA_d2_heldout200b/500"", ""DA_d2_heldout200b/560"", ""DA_d2_heldout200b/563"", ""DA_d2_heldout200b/577"", ""DA_d2_heldout200b/587"", ""DA_d2_heldout200b/602"", ""DA_d2_heldout200b/603"", ""DA_d2_heldout200b/629"", ""DA_d2_heldout200b/630"", ""DA_d2_heldout200b/650"", ""DA_d2_heldout200b/679"", ""DA_d2_heldout200b/730"", ""DA_d2_heldout200b/735"", ""DA_d2_heldout200b/736"", ""DA_d2_heldout200b/745"", ""DA_d2_heldout200b/746"", ""DA_d2_seq100/111"", ""DA_d2_seq100/132"", ""DA_d2_seq100/174"", ""DA_d2_seq100/21"", ""DA_d2_seq100/243"", ""DA_d2_seq100/246"", ""DA_d2_seq100/28"", ""DA_d2_seq100/4"", ""DA_d2_seq100/57""]","[""DA_d2_heldout100/259"", ""DA_d2_heldout100/361"", ""DA_d2_heldout100/452"", ""DA_d2_heldout200b/530"", ""DA_d2_heldout200b/574"", ""DA_d2_heldout200b/604"", ""DA_d2_heldout200b/634"", ""DA_d2_heldout200b/646"", ""DA_d2_heldout200b/740"", ""DA_d2_heldout200b/741"", ""DA_d2_heldout200b/778"", ""DA_d2_seq100/164"", ""DA_d2_seq100/205"", ""DA_d2_seq100/225"", ""DA_d2_seq100/27"", ""DA_d2_seq100/3"", ""DA_d2_seq100/76"", ""DA_d2_seq100/87""]",0.08363854657513747
E4,forest_evidence_integrator,pairwise_tournament,pairwise_tournament_vs_forest_evidence_integrator,primary,DA,compatible_partial,200,102,7,10,81,0.545,0.56,0.015,0.629058837890625,"[-0.025, 0.055]","[""DA_d2_heldout100/334"", ""DA_d2_heldout100/350"", ""DA_d2_heldout200b/629"", ""DA_d2_heldout200b/650"", ""DA_d2_heldout200b/652"", ""DA_d2_seq100/132"", ""DA_d2_seq100/186"", ""DA_d2_seq100/28"", ""DA_d2_seq100/4"", ""DA_d2_seq100/57""]","[""DA_d2_heldout100/273"", ""DA_d2_heldout100/451"", ""DA_d2_heldout200b/501"", ""DA_d2_heldout200b/666"", ""DA_d2_seq100/15"", ""DA_d2_seq100/225"", ""DA_d2_seq100/76""]",1.0
E4,e7_contrast,collapse_obligation_ledger,collapse_obligation_ledger_vs_e7_contrast,primary,DA,complete_or_compatible_partial,200,116,8,9,67,0.62,0.625,0.005,1.0,"[-0.035, 0.045]","[""DA_d2_heldout100/354"", ""DA_d2_heldout100/361"", ""DA_d2_heldout100/451"", ""DA_d2_heldout200b/735"", ""DA_d2_seq100/139"", ""DA_d2_seq100/164"", ""DA_d2_seq100/21"", ""DA_d2_seq100/242"", ""DA_d2_seq100/89""]","[""DA_d2_heldout100/368"", ""DA_d2_heldout200b/574"", ""DA_d2_heldout200b/653"", ""DA_d2_heldout200b/719"", ""DA_d2_heldout200b/736"", ""DA_d2_seq100/132"", ""DA_d2_seq100/225"", ""DA_d2_seq100/57""]",1.0
E4,evidence_count_control,collapse_obligation_ledger,collapse_obligation_ledger_vs_evidence_count_control,primary,DA,complete_or_compatible_partial,200,83,13,42,62,0.48,0.625,0.145,0.00011361060320691507,"[0.075, 0.215]","[""DA_d2_heldout100/254"", ""DA_d2_heldout100/257"", ""DA_d2_heldout100/276"", ""DA_d2_heldout100/281"", ""DA_d2_heldout100/289"", ""DA_d2_heldout100/321"", ""DA_d2_heldout100/334"", ""DA_d2_heldout100/350"", ""DA_d2_heldout100/354"", ""DA_d2_heldout100/365"", ""DA_d2_heldout100/372"", ""DA_d2_heldout100/375"", ""DA_d2_heldout100/451"", ""DA_d2_heldout200b/485"", ""DA_d2_heldout200b/486"", ""DA_d2_heldout200b/493"", ""DA_d2_heldout200b/500"", ""DA_d2_heldout200b/560"", ""DA_d2_heldout200b/563"", ""DA_d2_heldout200b/577"", ""DA_d2_heldout200b/587"", ""DA_d2_heldout200b/602"", ""DA_d2_heldout200b/603"", ""DA_d2_heldout200b/630"", ""DA_d2_heldout200b/650"", ""DA_d2_heldout200b/666"", ""DA_d2_heldout200b/679"", ""DA_d2_heldout200b/730"", ""DA_d2_heldout200b/735"", ""DA_d2_heldout200b/745"", ""DA_d2_heldout200b/746"", ""DA_d2_seq100/111"", ""DA_d2_seq100/15"", ""DA_d2_seq100/174"", ""DA_d2_seq100/21"", ""DA_d2_seq100/219"", ""DA_d2_seq100/229"", ""DA_d2_seq100/242"", ""DA_d2_seq100/243"", ""DA_d2_seq100/246"", ""DA_d2_seq100/28"", ""DA_d2_seq100/89""]","[""DA_d2_heldout100/259"", ""DA_d2_heldout100/368"", ""DA_d2_heldout100/452"", ""DA_d2_heldout200b/490"", ""DA_d2_heldout200b/530"", ""DA_d2_heldout200b/574"", ""DA_d2_heldout200b/604"", ""DA_d2_heldout200b/634"", ""DA_d2_heldout200b/741"", ""DA_d2_heldout200b/778"", ""DA_d2_seq100/205"", ""DA_d2_seq100/225"", ""DA_d2_seq100/27""]",0.0011361060320691507
E4,forest_evidence_integrator,collapse_obligation_ledger,collapse_obligation_ledger_vs_forest_evidence_integrator,primary,DA,complete_or_compatible_partial,200,116,6,9,69,0.61,0.625,0.015,0.60723876953125,"[-0.02, 0.055]","[""DA_d2_heldout100/350"", ""DA_d2_heldout100/354"", ""DA_d2_heldout100/361"", ""DA_d2_heldout200b/650"", ""DA_d2_heldout200b/652"", ""DA_d2_seq100/164"", ""DA_d2_seq100/242"", ""DA_d2_seq100/28"", ""DA_d2_seq100/89""]","[""DA_d2_heldout100/273"", ""DA_d2_heldout100/368"", ""DA_d2_heldout200b/501"", ""DA_d2_heldout200b/653"", ""DA_d2_heldout200b/736"", ""DA_d2_seq100/225""]",1.0
E4,evidence_count_control,e7_contrast,e7_contrast_vs_evidence_count_control,primary,DA,complete_or_compatible_partial,200,83,13,41,63,0.48,0.62,0.14,0.00017512673440589488,"[0.07, 0.21]","[""DA_d2_heldout100/254"", ""DA_d2_heldout100/257"", ""DA_d2_heldout100/276"", ""DA_d2_heldout100/281"", ""DA_d2_heldout100/289"", ""DA_d2_heldout100/321"", ""DA_d2_heldout100/334"", ""DA_d2_heldout100/350"", ""DA_d2_heldout100/365"", ""DA_d2_heldout100/372"", ""DA_d2_heldout100/375"", ""DA_d2_heldout200b/485"", ""DA_d2_heldout200b/486"", ""DA_d2_heldout200b/493"", ""DA_d2_heldout200b/500"", ""DA_d2_heldout200b/560"", ""DA_d2_heldout200b/563"", ""DA_d2_heldout200b/577"", ""DA_d2_heldout200b/587"", ""DA_d2_heldout200b/602"", ""DA_d2_heldout200b/603"", ""DA_d2_heldout200b/630"", ""DA_d2_heldout200b/650"", ""DA_d2_heldout200b/653"", ""DA_d2_heldout200b/666"", ""DA_d2_heldout200b/679"", ""DA_d2_heldout200b/719"", ""DA_d2_heldout200b/730"", ""DA_d2_heldout200b/736"", ""DA_d2_heldout200b/745"", ""DA_d2_heldout200b/746"", ""DA_d2_seq100/111"", ""DA_d2_seq100/132"", ""DA_d2_seq100/15"", ""DA_d2_seq100/174"", ""DA_d2_seq100/219"", ""DA_d2_seq100/229"", ""DA_d2_seq100/243"", ""DA_d2_seq100/246"", ""DA_d2_seq100/28"", ""DA_d2_seq100/57""]","[""DA_d2_heldout100/259"", ""DA_d2_heldout100/361"", ""DA_d2_heldout100/452"", ""DA_d2_heldout200b/490"", ""DA_d2_heldout200b/530"", ""DA_d2_heldout200b/604"", ""DA_d2_heldout200b/634"", ""DA_d2_heldout200b/741"", ""DA_d2_heldout200b/778"", ""DA_d2_seq100/139"", ""DA_d2_seq100/164"", ""DA_d2_seq100/205"", ""DA_d2_seq100/27""]",0.001576140609653054
E4,e7_contrast,forest_evidence_integrator,forest_evidence_integrator_vs_e7_contrast,primary,DA,complete_or_compatible_partial,200,116,8,6,70,0.62,0.61,-0.01,0.79052734375,"[-0.045, 0.025]","[""DA_d2_heldout100/273"", ""DA_d2_heldout100/451"", ""DA_d2_heldout200b/501"", ""DA_d2_heldout200b/735"", ""DA_d2_seq100/139"", ""DA_d2_seq100/21""]","[""DA_d2_heldout100/350"", ""DA_d2_heldout200b/574"", ""DA_d2_heldout200b/650"", ""DA_d2_heldout200b/652"", ""DA_d2_heldout200b/719"", ""DA_d2_seq100/132"", ""DA_d2_seq100/28"", ""DA_d2_seq100/57""]",1.0
E4,evidence_count_control,forest_evidence_integrator,forest_evidence_integrator_vs_evidence_count_control,primary,DA,complete_or_compatible_partial,200,82,14,40,64,0.48,0.61,0.13,0.0005354355028570623,"[0.06, 0.2]","[""DA_d2_heldout100/254"", ""DA_d2_heldout100/257"", ""DA_d2_heldout100/273"", ""DA_d2_heldout100/276"", ""DA_d2_heldout100/281"", ""DA_d2_heldout100/289"", ""DA_d2_heldout100/321"", ""DA_d2_heldout100/334"", ""DA_d2_heldout100/365"", ""DA_d2_heldout100/372"", ""DA_d2_heldout100/375"", ""DA_d2_heldout100/451"", ""DA_d2_heldout200b/485"", ""DA_d2_heldout200b/486"", ""DA_d2_heldout200b/493"", ""DA_d2_heldout200b/500"", ""DA_d2_heldout200b/501"", ""DA_d2_heldout200b/560"", ""DA_d2_heldout200b/563"", ""DA_d2_heldout200b/577"", ""DA_d2_heldout200b/587"", ""DA_d2_heldout200b/602"", ""DA_d2_heldout200b/603"", ""DA_d2_heldout200b/630"", ""DA_d2_heldout200b/653"", ""DA_d2_heldout200b/666"", ""DA_d2_heldout200b/679"", ""DA_d2_heldout200b/730"", ""DA_d2_heldout200b/735"", ""DA_d2_heldout200b/736"", ""DA_d2_heldout200b/745"", ""DA_d2_heldout200b/746"", ""DA_d2_seq100/111"", ""DA_d2_seq100/15"", ""DA_d2_seq100/174"", ""DA_d2_seq100/21"", ""DA_d2_seq100/219"", ""DA_d2_seq100/229"", ""DA_d2_seq100/243"", ""DA_d2_seq100/246""]","[""DA_d2_heldout100/259"", ""DA_d2_heldout100/361"", ""DA_d2_heldout100/452"", ""DA_d2_heldout200b/490"", ""DA_d2_heldout200b/530"", ""DA_d2_heldout200b/574"", ""DA_d2_heldout200b/604"", ""DA_d2_heldout200b/634"", ""DA_d2_heldout200b/652"", ""DA_d2_heldout200b/741"", ""DA_d2_heldout200b/778"", ""DA_d2_seq100/164"", ""DA_d2_seq100/205"", ""DA_d2_seq100/27""]",0.0037480485199994362
E4,collapse_obligation_ledger,pairwise_tournament,pairwise_tournament_vs_collapse_obligation_ledger,primary,DA,complete_or_compatible_partial,200,116,9,7,68,0.625,0.615,-0.01,0.803619384765625,"[-0.05, 0.03]","[""DA_d2_heldout100/368"", ""DA_d2_heldout200b/629"", ""DA_d2_heldout200b/653"", ""DA_d2_heldout200b/736"", ""DA_d2_seq100/132"", ""DA_d2_seq100/4"", ""DA_d2_seq100/57""]","[""DA_d2_heldout100/354"", ""DA_d2_heldout100/361"", ""DA_d2_heldout100/451"", ""DA_d2_heldout200b/666"", ""DA_d2_seq100/15"", ""DA_d2_seq100/164"", ""DA_d2_seq100/242"", ""DA_d2_seq100/76"", ""DA_d2_seq100/89""]",1.0
E4,e7_contrast,pairwise_tournament,pairwise_tournament_vs_e7_contrast,primary,DA,complete_or_compatible_partial,200,118,6,5,71,0.62,0.615,-0.005,1.0,"[-0.035, 0.03]","[""DA_d2_heldout200b/629"", ""DA_d2_heldout200b/735"", ""DA_d2_seq100/139"", ""DA_d2_seq100/21"", ""DA_d2_seq100/4""]","[""DA_d2_heldout200b/574"", ""DA_d2_heldout200b/666"", ""DA_d2_heldout200b/719"", ""DA_d2_seq100/15"", ""DA_d2_seq100/225"", ""DA_d2_seq100/76""]",1.0
E4,evidence_count_control,pairwise_tournament,pairwise_tournament_vs_evidence_count_control,primary,DA,complete_or_compatible_partial,200,81,15,42,62,0.48,0.615,0.135,0.00046000500864878946,"[0.06, 0.205]","[""DA_d2_heldout100/254"", ""DA_d2_heldout100/257"", ""DA_d2_heldout100/276"", ""DA_d2_heldout100/281"", ""DA_d2_heldout100/289"", ""DA_d2_heldout100/321"", ""DA_d2_heldout100/334"", ""DA_d2_heldout100/350"", ""DA_d2_heldout100/365"", ""DA_d2_heldout100/372"", ""DA_d2_heldout100/375"", ""DA_d2_heldout200b/485"", ""DA_d2_heldout200b/486"", ""DA_d2_heldout200b/493"", ""DA_d2_heldout200b/500"", ""DA_d2_heldout200b/560"", ""DA_d2_heldout200b/563"", ""DA_d2_heldout200b/577"", ""DA_d2_heldout200b/587"", ""DA_d2_heldout200b/602"", ""DA_d2_heldout200b/603"", ""DA_d2_heldout200b/629"", ""DA_d2_heldout200b/630"", ""DA_d2_heldout200b/650"", ""DA_d2_heldout200b/653"", ""DA_d2_heldout200b/679"", ""DA_d2_heldout200b/730"", ""DA_d2_heldout200b/735"", ""DA_d2_heldout200b/736"", ""DA_d2_heldout200b/745"", ""DA_d2_heldout200b/746"", ""DA_d2_seq100/111"", ""DA_d2_seq100/132"", ""DA_d2_seq100/174"", ""DA_d2_seq100/21"", ""DA_d2_seq100/219"", ""DA_d2_seq100/229"", ""DA_d2_seq100/243"", ""DA_d2_seq100/246"", ""DA_d2_seq100/28"", ""DA_d2_seq100/4"", ""DA_d2_seq100/57""]","[""DA_d2_heldout100/259"", ""DA_d2_heldout100/361"", ""DA_d2_heldout100/452"", ""DA_d2_heldout200b/490"", ""DA_d2_heldout200b/530"", ""DA_d2_heldout200b/574"", ""DA_d2_heldout200b/604"", ""DA_d2_heldout200b/634"", ""DA_d2_heldout200b/741"", ""DA_d2_heldout200b/778"", ""DA_d2_seq100/164"", ""DA_d2_seq100/205"", ""DA_d2_seq100/225"", ""DA_d2_seq100/27"", ""DA_d2_seq100/76""]",0.0036800400691903157
E4,forest_evidence_integrator,pairwise_tournament,pairwise_tournament_vs_forest_evidence_integrator,primary,DA,complete_or_compatible_partial,200,115,7,8,70,0.61,0.615,0.005,1.0,"[-0.035, 0.045]","[""DA_d2_heldout100/350"", ""DA_d2_heldout200b/629"", ""DA_d2_heldout200b/650"", ""DA_d2_heldout200b/652"", ""DA_d2_seq100/132"", ""DA_d2_seq100/28"", ""DA_d2_seq100/4"", ""DA_d2_seq100/57""]","[""DA_d2_heldout100/273"", ""DA_d2_heldout100/451"", ""DA_d2_heldout200b/501"", ""DA_d2_heldout200b/666"", ""DA_d2_seq100/15"", ""DA_d2_seq100/225"", ""DA_d2_seq100/76""]",1.0
E4,e7_contrast,collapse_obligation_ledger,collapse_obligation_ledger_vs_e7_contrast,primary,DA,legacy_chain,200,36,5,7,152,0.205,0.215,0.01,0.7744140625,"[-0.025, 0.045]","[""DA_d2_heldout100/254"", ""DA_d2_heldout100/261"", ""DA_d2_heldout100/281"", ""DA_d2_heldout200b/486"", ""DA_d2_heldout200b/660"", ""DA_d2_heldout200b/735"", ""DA_d2_seq100/242""]","[""DA_d2_heldout100/276"", ""DA_d2_heldout100/368"", ""DA_d2_heldout200b/500"", ""DA_d2_heldout200b/574"", ""DA_d2_heldout200b/653""]",1.0
E4,evidence_count_control,collapse_obligation_ledger,collapse_obligation_ledger_vs_evidence_count_control,primary,DA,legacy_chain,200,20,23,23,134,0.215,0.215,0.0,1.0,"[-0.065, 0.065]","[""DA_d2_heldout100/254"", ""DA_d2_heldout100/281"", ""DA_d2_heldout100/321"", ""DA_d2_heldout100/334"", ""DA_d2_heldout100/415"", ""DA_d2_heldout200b/485"", ""DA_d2_heldout200b/486"", ""DA_d2_heldout200b/523"", ""DA_d2_heldout200b/568"", ""DA_d2_heldout200b/577"", ""DA_d2_heldout200b/603"", ""DA_d2_heldout200b/650"", ""DA_d2_heldout200b/660"", ""DA_d2_heldout200b/666"", ""DA_d2_heldout200b/679"", ""DA_d2_heldout200b/735"", ""DA_d2_heldout200b/766"", ""DA_d2_seq100/111"", ""DA_d2_seq100/140"", ""DA_d2_seq100/15"", ""DA_d2_seq100/229"", ""DA_d2_seq100/242"", ""DA_d2_seq100/87""]","[""DA_d2_heldout100/255"", ""DA_d2_heldout100/368"", ""DA_d2_heldout100/425"", ""DA_d2_heldout100/431"", ""DA_d2_heldout200b/490"", ""DA_d2_heldout200b/553"", ""DA_d2_heldout200b/574"", ""DA_d2_heldout200b/579"", ""DA_d2_heldout200b/589"", ""DA_d2_heldout200b/604"", ""DA_d2_heldout200b/615"", ""DA_d2_heldout200b/644"", ""DA_d2_seq100/150"", ""DA_d2_seq100/151"", ""DA_d2_seq100/156"", ""DA_d2_seq100/186"", ""DA_d2_seq100/194"", ""DA_d2_seq100/202"", ""DA_d2_seq100/237"", ""DA_d2_seq100/27"", ""DA_d2_seq100/40"", ""DA_d2_seq100/59"", ""DA_d2_seq100/76""]",1.0
E4,forest_evidence_integrator,collapse_obligation_ledger,collapse_obligation_ledger_vs_forest_evidence_integrator,primary,DA,legacy_chain,200,37,9,6,148,0.23,0.215,-0.015,0.60723876953125,"[-0.055, 0.02]","[""DA_d2_heldout100/254"", ""DA_d2_heldout100/261"", ""DA_d2_heldout200b/486"", ""DA_d2_heldout200b/650"", ""DA_d2_heldout200b/660"", ""DA_d2_seq100/242""]","[""DA_d2_heldout100/273"", ""DA_d2_heldout100/314"", ""DA_d2_heldout100/368"", ""DA_d2_heldout200b/497"", ""DA_d2_heldout200b/500"", ""DA_d2_heldout200b/653"", ""DA_d2_heldout200b/738"", ""DA_d2_seq100/150"", ""DA_d2_seq100/202""]",1.0
E4,evidence_count_control,e7_contrast,e7_contrast_vs_evidence_count_control,primary,DA,legacy_chain,200,21,22,20,137,0.215,0.205,-0.01,0.8776143287523155,"[-0.075, 0.055]","[""DA_d2_heldout100/276"", ""DA_d2_heldout100/321"", ""DA_d2_heldout100/334"", ""DA_d2_heldout100/415"", ""DA_d2_heldout200b/485"", ""DA_d2_heldout200b/500"", ""DA_d2_heldout200b/523"", ""DA_d2_heldout200b/568"", ""DA_d2_heldout200b/577"", ""DA_d2_heldout200b/603"", ""DA_d2_heldout200b/650"", ""DA_d2_heldout200b/653"", ""DA_d2_heldout200b/666"", ""DA_d2_heldout200b/679"", ""DA_d2_heldout200b/766"", ""DA_d2_seq100/111"", ""DA_d2_seq100/140"", ""DA_d2_seq100/15"", ""DA_d2_seq100/229"", ""DA_d2_seq100/87""]","[""DA_d2_heldout100/255"", ""DA_d2_heldout100/261"", ""DA_d2_heldout100/425"", ""DA_d2_heldout100/431"", ""DA_d2_heldout200b/490"", ""DA_d2_heldout200b/553"", ""DA_d2_heldout200b/579"", ""DA_d2_heldout200b/589"", ""DA_d2_heldout200b/604"", ""DA_d2_heldout200b/615"", ""DA_d2_heldout200b/644"", ""DA_d2_seq100/150"", ""DA_d2_seq100/151"", ""DA_d2_seq100/156"", ""DA_d2_seq100/186"", ""DA_d2_seq100/194"", ""DA_d2_seq100/202"", ""DA_d2_seq100/237"", ""DA_d2_seq100/27"", ""DA_d2_seq100/40"", ""DA_d2_seq100/59"", ""DA_d2_seq100/76""]",1.0
E4,e7_contrast,forest_evidence_integrator,forest_evidence_integrator_vs_e7_contrast,primary,DA,legacy_chain,200,38,3,8,151,0.205,0.23,0.025,0.2265625,"[-0.005, 0.06]","[""DA_d2_heldout100/273"", ""DA_d2_heldout100/281"", ""DA_d2_heldout100/314"", ""DA_d2_heldout200b/497"", ""DA_d2_heldout200b/735"", ""DA_d2_heldout200b/738"", ""DA_d2_seq100/150"", ""DA_d2_seq100/202""]","[""DA_d2_heldout100/276"", ""DA_d2_heldout200b/574"", ""DA_d2_heldout200b/650""]",1.0
E4,evidence_count_control,forest_evidence_integrator,forest_evidence_integrator_vs_evidence_count_control,primary,DA,legacy_chain,200,22,21,24,133,0.215,0.23,0.015,0.765991824244793,"[-0.05, 0.08]","[""DA_d2_heldout100/273"", ""DA_d2_heldout100/281"", ""DA_d2_heldout100/314"", ""DA_d2_heldout100/321"", ""DA_d2_heldout100/334"", ""DA_d2_heldout100/415"", ""DA_d2_heldout200b/485"", ""DA_d2_heldout200b/497"", ""DA_d2_heldout200b/500"", ""DA_d2_heldout200b/523"", ""DA_d2_heldout200b/568"", ""DA_d2_heldout200b/577"", ""DA_d2_heldout200b/603"", ""DA_d2_heldout200b/653"", ""DA_d2_heldout200b/666"", ""DA_d2_heldout200b/679"", ""DA_d2_heldout200b/735"", ""DA_d2_heldout200b/738"", ""DA_d2_heldout200b/766"", ""DA_d2_seq100/111"", ""DA_d2_seq100/140"", ""DA_d2_seq100/15"", ""DA_d2_seq100/229"", ""DA_d2_seq100/87""]","[""DA_d2_heldout100/255"", ""DA_d2_heldout100/261"", ""DA_d2_heldout100/425"", ""DA_d2_heldout100/431"", ""DA_d2_heldout200b/490"", ""DA_d2_heldout200b/553"", ""DA_d2_heldout200b/574"", ""DA_d2_heldout200b/579"", ""DA_d2_heldout200b/589"", ""DA_d2_heldout200b/604"", ""DA_d2_heldout200b/615"", ""DA_d2_heldout200b/644"", ""DA_d2_seq100/151"", ""DA_d2_seq100/156"", ""DA_d2_seq100/186"", ""DA_d2_seq100/194"", ""DA_d2_seq100/237"", ""DA_d2_seq100/27"", ""DA_d2_seq100/40"", ""DA_d2_seq100/59"", ""DA_d2_seq100/76""]",1.0
E4,collapse_obligation_ledger,pairwise_tournament,pairwise_tournament_vs_collapse_obligation_ledger,primary,DA,legacy_chain,200,36,7,9,148,0.215,0.225,0.01,0.803619384765625,"[-0.03, 0.05]","[""DA_d2_heldout100/276"", ""DA_d2_heldout100/314"", ""DA_d2_heldout100/368"", ""DA_d2_heldout200b/629"", ""DA_d2_heldout200b/653"", ""DA_d2_seq100/150"", ""DA_d2_seq100/202"", ""DA_d2_seq100/243"", ""DA_d2_seq100/4""]","[""DA_d2_heldout100/254"", ""DA_d2_heldout100/334"", ""DA_d2_heldout200b/486"", ""DA_d2_heldout200b/660"", ""DA_d2_heldout200b/666"", ""DA_d2_seq100/15"", ""DA_d2_seq100/242""]",1.0
E4,e7_contrast,pairwise_tournament,pairwise_tournament_vs_e7_contrast,primary,DA,legacy_chain,200,36,5,9,150,0.205,0.225,0.02,0.4239501953125,"[-0.015, 0.055]","[""DA_d2_heldout100/261"", ""DA_d2_heldout100/281"", ""DA_d2_heldout100/314"", ""DA_d2_heldout200b/629"", ""DA_d2_heldout200b/735"", ""DA_d2_seq100/150"", ""DA_d2_seq100/202"", ""DA_d2_seq100/243"", ""DA_d2_seq100/4""]","[""DA_d2_heldout100/334"", ""DA_d2_heldout200b/500"", ""DA_d2_heldout200b/574"", ""DA_d2_heldout200b/666"", ""DA_d2_seq100/15""]",1.0
E4,evidence_count_control,pairwise_tournament,pairwise_tournament_vs_evidence_count_control,primary,DA,legacy_chain,200,23,20,22,135,0.215,0.225,0.01,0.8776143287523155,"[-0.055, 0.07]","[""DA_d2_heldout100/276"", ""DA_d2_heldout100/281"", ""DA_d2_heldout100/314"", ""DA_d2_heldout100/321"", ""DA_d2_heldout100/415"", ""DA_d2_heldout200b/485"", ""DA_d2_heldout200b/523"", ""DA_d2_heldout200b/568"", ""DA_d2_heldout200b/577"", ""DA_d2_heldout200b/603"", ""DA_d2_heldout200b/629"", ""DA_d2_heldout200b/650"", ""DA_d2_heldout200b/653"", ""DA_d2_heldout200b/679"", ""DA_d2_heldout200b/735"", ""DA_d2_heldout200b/766"", ""DA_d2_seq100/111"", ""DA_d2_seq100/140"", ""DA_d2_seq100/229"", ""DA_d2_seq100/243"", ""DA_d2_seq100/4"", ""DA_d2_seq100/87""]","[""DA_d2_heldout100/255"", ""DA_d2_heldout100/425"", ""DA_d2_heldout100/431"", ""DA_d2_heldout200b/490"", ""DA_d2_heldout200b/553"", ""DA_d2_heldout200b/574"", ""DA_d2_heldout200b/579"", ""DA_d2_heldout200b/589"", ""DA_d2_heldout200b/604"", ""DA_d2_heldout200b/615"", ""DA_d2_heldout200b/644"", ""DA_d2_seq100/151"", ""DA_d2_seq100/156"", ""DA_d2_seq100/186"", ""DA_d2_seq100/194"", ""DA_d2_seq100/237"", ""DA_d2_seq100/27"", ""DA_d2_seq100/40"", ""DA_d2_seq100/59"", ""DA_d2_seq100/76""]",1.0
E4,forest_evidence_integrator,pairwise_tournament,pairwise_tournament_vs_forest_evidence_integrator,primary,DA,legacy_chain,200,39,7,6,148,0.23,0.225,-0.005,1.0,"[-0.04, 0.03]","[""DA_d2_heldout100/261"", ""DA_d2_heldout100/276"", ""DA_d2_heldout200b/629"", ""DA_d2_heldout200b/650"", ""DA_d2_seq100/243"", ""DA_d2_seq100/4""]","[""DA_d2_heldout100/273"", ""DA_d2_heldout100/334"", ""DA_d2_heldout200b/497"", ""DA_d2_heldout200b/500"", ""DA_d2_heldout200b/666"", ""DA_d2_heldout200b/738"", ""DA_d2_seq100/15""]",1.0
E4,e7_contrast,collapse_obligation_ledger,collapse_obligation_ledger_vs_e7_contrast,primary,DA,safe_exact,200,3,0,0,197,0.015,0.015,0.0,1.0,"[0.0, 0.0]",[],[],1.0
E4,evidence_count_control,collapse_obligation_ledger,collapse_obligation_ledger_vs_evidence_count_control,primary,DA,safe_exact,200,0,1,3,196,0.005,0.015,0.01,0.625,"[-0.01, 0.03]","[""DA_d2_heldout100/334"", ""DA_d2_seq100/229"", ""DA_d2_seq100/87""]","[""DA_d2_heldout200b/490""]",1.0
E4,forest_evidence_integrator,collapse_obligation_ledger,collapse_obligation_ledger_vs_forest_evidence_integrator,primary,DA,safe_exact,200,3,0,0,197,0.015,0.015,0.0,1.0,"[0.0, 0.0]",[],[],1.0
E4,evidence_count_control,e7_contrast,e7_contrast_vs_evidence_count_control,primary,DA,safe_exact,200,0,1,3,196,0.005,0.015,0.01,0.625,"[-0.01, 0.03]","[""DA_d2_heldout100/334"", ""DA_d2_seq100/229"", ""DA_d2_seq100/87""]","[""DA_d2_heldout200b/490""]",1.0
E4,e7_contrast,forest_evidence_integrator,forest_evidence_integrator_vs_e7_contrast,primary,DA,safe_exact,200,3,0,0,197,0.015,0.015,0.0,1.0,"[0.0, 0.0]",[],[],1.0
E4,evidence_count_control,forest_evidence_integrator,forest_evidence_integrator_vs_evidence_count_control,primary,DA,safe_exact,200,0,1,3,196,0.005,0.015,0.01,0.625,"[-0.01, 0.03]","[""DA_d2_heldout100/334"", ""DA_d2_seq100/229"", ""DA_d2_seq100/87""]","[""DA_d2_heldout200b/490""]",1.0
E4,collapse_obligation_ledger,pairwise_tournament,pairwise_tournament_vs_collapse_obligation_ledger,primary,DA,safe_exact,200,2,1,0,197,0.015,0.01,-0.005,1.0,"[-0.015, 0.0]",[],"[""DA_d2_heldout100/334""]",1.0
E4,e7_contrast,pairwise_tournament,pairwise_tournament_vs_e7_contrast,primary,DA,safe_exact,200,2,1,0,197,0.015,0.01,-0.005,1.0,"[-0.015, 0.0]",[],"[""DA_d2_heldout100/334""]",1.0
E4,evidence_count_control,pairwise_tournament,pairwise_tournament_vs_evidence_count_control,primary,DA,safe_exact,200,0,1,2,197,0.005,0.01,0.005,1.0,"[-0.01, 0.025]","[""DA_d2_seq100/229"", ""DA_d2_seq100/87""]","[""DA_d2_heldout200b/490""]",1.0
E4,forest_evidence_integrator,pairwise_tournament,pairwise_tournament_vs_forest_evidence_integrator,primary,DA,safe_exact,200,2,1,0,197,0.015,0.01,-0.005,1.0,"[-0.015, 0.0]",[],"[""DA_d2_heldout100/334""]",1.0
E4,e7_contrast,collapse_obligation_ledger,collapse_obligation_ledger_vs_e7_contrast,primary,MCR,clinical_complete,200,46,3,9,142,0.245,0.275,0.03,0.14599609375,"[-0.005, 0.065]","[""MCR_seq200b/260"", ""MCR_seq200b/294"", ""MCR_seq200b/301"", ""MCR_seq200b/317"", ""MCR_seq200b/383"", ""MCR_seq200b/458"", ""MCR_seq200b/470"", ""MCR_v2_seq100/205"", ""MCR_v2_seq100/220""]","[""MCR_seq200b/424"", ""MCR_v2_seq100/162"", ""MCR_v2_seq100/174""]",0.583984375
E4,evidence_count_control,collapse_obligation_ledger,collapse_obligation_ledger_vs_evidence_count_control,primary,MCR,clinical_complete,200,21,6,34,139,0.135,0.275,0.14,8.364584573428147e-06,"[0.085, 0.2]","[""MCR_seq200b/252"", ""MCR_seq200b/260"", ""MCR_seq200b/263"", ""MCR_seq200b/294"", ""MCR_seq200b/301"", ""MCR_seq200b/309"", ""MCR_seq200b/317"", ""MCR_seq200b/326"", ""MCR_seq200b/336"", ""MCR_seq200b/340"", ""MCR_seq200b/374"", ""MCR_seq200b/407"", ""MCR_seq200b/412"", ""MCR_seq200b/430"", ""MCR_seq200b/454"", ""MCR_seq200b/458"", ""MCR_seq200b/470"", ""MCR_v1_seq100/104"", ""MCR_v1_seq100/122"", ""MCR_v1_seq100/16"", ""MCR_v1_seq100/19"", ""MCR_v1_seq100/67"", ""MCR_v1_seq100/69"", ""MCR_v1_seq100/73"", ""MCR_v2_seq100/144"", ""MCR_v2_seq100/156"", ""MCR_v2_seq100/169"", ""MCR_v2_seq100/172"", ""MCR_v2_seq100/173"", ""MCR_v2_seq100/178"", ""MCR_v2_seq100/187"", ""MCR_v2_seq100/205"", ""MCR_v2_seq100/208"", ""MCR_v2_seq100/211""]","[""MCR_seq200b/344"", ""MCR_seq200b/387"", ""MCR_seq200b/406"", ""MCR_v1_seq100/11"", ""MCR_v1_seq100/60"", ""MCR_v2_seq100/152""]",7.528126116085332e-05
E4,forest_evidence_integrator,collapse_obligation_ledger,collapse_obligation_ledger_vs_forest_evidence_integrator,primary,MCR,clinical_complete,200,51,5,4,140,0.28,0.275,-0.005,1.0,"[-0.035, 0.025]","[""MCR_seq200b/251"", ""MCR_seq200b/294"", ""MCR_seq200b/470"", ""MCR_v2_seq100/220""]","[""MCR_seq200b/345"", ""MCR_seq200b/418"", ""MCR_v1_seq100/60"", ""MCR_v2_seq100/162"", ""MCR_v2_seq100/174""]",1.0
E4,evidence_count_control,e7_contrast,e7_contrast_vs_evidence_count_control,primary,MCR,clinical_complete,200,19,8,30,143,0.135,0.245,0.11,0.0004719867429230362,"[0.05, 0.17]","[""MCR_seq200b/252"", ""MCR_seq200b/263"", ""MCR_seq200b/309"", ""MCR_seq200b/326"", ""MCR_seq200b/336"", ""MCR_seq200b/340"", ""MCR_seq200b/374"", ""MCR_seq200b/407"", ""MCR_seq200b/412"", ""MCR_seq200b/424"", ""MCR_seq200b/430"", ""MCR_seq200b/454"", ""MCR_v1_seq100/104"", ""MCR_v1_seq100/122"", ""MCR_v1_seq100/16"", ""MCR_v1_seq100/19"", ""MCR_v1_seq100/67"", ""MCR_v1_seq100/69"", ""MCR_v1_seq100/73"", ""MCR_v2_seq100/144"", ""MCR_v2_seq100/156"", ""MCR_v2_seq100/162"", ""MCR_v2_seq100/169"", ""MCR_v2_seq100/172"", ""MCR_v2_seq100/173"", ""MCR_v2_seq100/174"", ""MCR_v2_seq100/178"", ""MCR_v2_seq100/187"", ""MCR_v2_seq100/208"", ""MCR_v2_seq100/211""]","[""MCR_seq200b/344"", ""MCR_seq200b/383"", ""MCR_seq200b/387"", ""MCR_seq200b/406"", ""MCR_v1_seq100/11"", ""MCR_v1_seq100/60"", ""MCR_v2_seq100/152"", ""MCR_v2_seq100/220""]",0.0033039072004612535
E4,e7_contrast,forest_evidence_integrator,forest_evidence_integrator_vs_e7_contrast,primary,MCR,clinical_complete,200,47,2,9,142,0.245,0.28,0.035,0.0654296875,"[0.005, 0.07]","[""MCR_seq200b/260"", ""MCR_seq200b/301"", ""MCR_seq200b/317"", ""MCR_seq200b/345"", ""MCR_seq200b/383"", ""MCR_seq200b/418"", ""MCR_seq200b/458"", ""MCR_v1_seq100/60"", ""MCR_v2_seq100/205""]","[""MCR_seq200b/251"", ""MCR_seq200b/424""]",0.3271484375
E4,evidence_count_control,forest_evidence_integrator,forest_evidence_integrator_vs_evidence_count_control,primary,MCR,clinical_complete,200,20,7,36,137,0.135,0.28,0.145,8.963039363152348e-06,"[0.085, 0.205]","[""MCR_seq200b/252"", ""MCR_seq200b/260"", ""MCR_seq200b/263"", ""MCR_seq200b/301"", ""MCR_seq200b/309"", ""MCR_seq200b/317"", ""MCR_seq200b/326"", ""MCR_seq200b/336"", ""MCR_seq200b/340"", ""MCR_seq200b/345"", ""MCR_seq200b/374"", ""MCR_seq200b/407"", ""MCR_seq200b/412"", ""MCR_seq200b/418"", ""MCR_seq200b/430"", ""MCR_seq200b/454"", ""MCR_seq200b/458"", ""MCR_v1_seq100/104"", ""MCR_v1_seq100/122"", ""MCR_v1_seq100/16"", ""MCR_v1_seq100/19"", ""MCR_v1_seq100/67"", ""MCR_v1_seq100/69"", ""MCR_v1_seq100/73"", ""MCR_v2_seq100/144"", ""MCR_v2_seq100/156"", ""MCR_v2_seq100/162"", ""MCR_v2_seq100/169"", ""MCR_v2_seq100/172"", ""MCR_v2_seq100/173"", ""MCR_v2_seq100/174"", ""MCR_v2_seq100/178"", ""MCR_v2_seq100/187"", ""MCR_v2_seq100/205"", ""MCR_v2_seq100/208"", ""MCR_v2_seq100/211""]","[""MCR_seq200b/251"", ""MCR_seq200b/344"", ""MCR_seq200b/387"", ""MCR_seq200b/406"", ""MCR_v1_seq100/11"", ""MCR_v2_seq100/152"", ""MCR_v2_seq100/220""]",7.528126116085332e-05
E4,collapse_obligation_ledger,pairwise_tournament,pairwise_tournament_vs_collapse_obligation_ledger,primary,MCR,clinical_complete,200,51,4,7,138,0.275,0.29,0.015,0.548828125,"[-0.015, 0.05]","[""MCR_seq200b/312"", ""MCR_seq200b/451"", ""MCR_seq200b/479"", ""MCR_v1_seq100/45"", ""MCR_v1_seq100/60"", ""MCR_v2_seq100/162"", ""MCR_v2_seq100/174""]","[""MCR_seq200b/251"", ""MCR_seq200b/260"", ""MCR_seq200b/294"", ""MCR_seq200b/374""]",1.0
E4,e7_contrast,pairwise_tournament,pairwise_tournament_vs_e7_contrast,primary,MCR,clinical_complete,200,46,3,12,139,0.245,0.29,0.045,0.03515625,"[0.01, 0.085]","[""MCR_seq200b/301"", ""MCR_seq200b/312"", ""MCR_seq200b/317"", ""MCR_seq200b/383"", ""MCR_seq200b/451"", ""MCR_seq200b/458"", ""MCR_seq200b/470"", ""MCR_seq200b/479"", ""MCR_v1_seq100/45"", ""MCR_v1_seq100/60"", ""MCR_v2_seq100/205"", ""MCR_v2_seq100/220""]","[""MCR_seq200b/251"", ""MCR_seq200b/374"", ""MCR_seq200b/424""]",0.2109375
E4,evidence_count_control,pairwise_tournament,pairwise_tournament_vs_evidence_count_control,primary,MCR,clinical_complete,200,21,6,37,136,0.135,0.29,0.155,1.636124125070637e-06,"[0.095, 0.22]","[""MCR_seq200b/252"", ""MCR_seq200b/263"", ""MCR_seq200b/301"", ""MCR_seq200b/309"", ""MCR_seq200b/312"", ""MCR_seq200b/317"", ""MCR_seq200b/326"", ""MCR_seq200b/336"", ""MCR_seq200b/340"", ""MCR_seq200b/407"", ""MCR_seq200b/412"", ""MCR_seq200b/430"", ""MCR_seq200b/451"", ""MCR_seq200b/454"", ""MCR_seq200b/458"", ""MCR_seq200b/470"", ""MCR_seq200b/479"", ""MCR_v1_seq100/104"", ""MCR_v1_seq100/122"", ""MCR_v1_seq100/16"", ""MCR_v1_seq100/19"", ""MCR_v1_seq100/45"", ""MCR_v1_seq100/67"", ""MCR_v1_seq100/69"", ""MCR_v1_seq100/73"", ""MCR_v2_seq100/144"", ""MCR_v2_seq100/156"", ""MCR_v2_seq100/162"", ""MCR_v2_seq100/169"", ""MCR_v2_seq100/172"", ""MCR_v2_seq100/173"", ""MCR_v2_seq100/174"", ""MCR_v2_seq100/178"", ""MCR_v2_seq100/187"", ""MCR_v2_seq100/205"", ""MCR_v2_seq100/208"", ""MCR_v2_seq100/211""]","[""MCR_seq200b/251"", ""MCR_seq200b/344"", ""MCR_seq200b/387"", ""MCR_seq200b/406"", ""MCR_v1_seq100/11"", ""MCR_v2_seq100/152""]",1.636124125070637e-05
E4,forest_evidence_integrator,pairwise_tournament,pairwise_tournament_vs_forest_evidence_integrator,primary,MCR,clinical_complete,200,52,4,6,138,0.28,0.29,0.01,0.75390625,"[-0.02, 0.04]","[""MCR_seq200b/312"", ""MCR_seq200b/451"", ""MCR_seq200b/470"", ""MCR_seq200b/479"", ""MCR_v1_seq100/45"", ""MCR_v2_seq100/220""]","[""MCR_seq200b/260"", ""MCR_seq200b/345"", ""MCR_seq200b/374"", ""MCR_seq200b/418""]",1.0
E4,e7_contrast,collapse_obligation_ledger,collapse_obligation_ledger_vs_e7_contrast,primary,MCR,compatible_partial,200,24,10,4,162,0.17,0.14,-0.03,0.1795654296875,"[-0.065, 0.005]","[""MCR_v1_seq100/123"", ""MCR_v2_seq100/170"", ""MCR_v2_seq100/174"", ""MCR_v2_seq100/214""]","[""MCR_seq200b/260"", ""MCR_seq200b/294"", ""MCR_seq200b/301"", ""MCR_seq200b/337"", ""MCR_seq200b/383"", ""MCR_seq200b/402"", ""MCR_seq200b/468"", ""MCR_v1_seq100/58"", ""MCR_v2_seq100/203"", ""MCR_v2_seq100/222""]",1.0
E4,evidence_count_control,collapse_obligation_ledger,collapse_obligation_ledger_vs_evidence_count_control,primary,MCR,compatible_partial,200,12,18,16,154,0.15,0.14,-0.01,0.8641662404406816,"[-0.07, 0.05]","[""MCR_seq200b/298"", ""MCR_seq200b/313"", ""MCR_seq200b/344"", ""MCR_seq200b/345"", ""MCR_seq200b/418"", ""MCR_seq200b/420"", ""MCR_seq200b/469"", ""MCR_v1_seq100/123"", ""MCR_v1_seq100/126"", ""MCR_v1_seq100/68"", ""MCR_v2_seq100/170"", ""MCR_v2_seq100/186"", ""MCR_v2_seq100/214"", ""MCR_v2_seq100/230"", ""MCR_v2_seq100/241"", ""MCR_v2_seq100/244""]","[""MCR_seq200b/260"", ""MCR_seq200b/336"", ""MCR_seq200b/340"", ""MCR_seq200b/374"", ""MCR_seq200b/407"", ""MCR_seq200b/409"", ""MCR_seq200b/468"", ""MCR_v1_seq100/119"", ""MCR_v1_seq100/122"", ""MCR_v1_seq100/20"", ""MCR_v1_seq100/58"", ""MCR_v1_seq100/67"", ""MCR_v1_seq100/81"", ""MCR_v1_seq100/84"", ""MCR_v2_seq100/173"", ""MCR_v2_seq100/203"", ""MCR_v2_seq100/208"", ""MCR_v2_seq100/211""]",1.0
E4,forest_evidence_integrator,collapse_obligation_ledger,collapse_obligation_ledger_vs_forest_evidence_integrator,primary,MCR,compatible_partial,200,22,7,6,165,0.145,0.14,-0.005,1.0,"[-0.04, 0.03]","[""MCR_seq200b/345"", ""MCR_seq200b/418"", ""MCR_v1_seq100/68"", ""MCR_v2_seq100/174"", ""MCR_v2_seq100/214"", ""MCR_v2_seq100/244""]","[""MCR_seq200b/251"", ""MCR_seq200b/294"", ""MCR_seq200b/337"", ""MCR_seq200b/402"", ""MCR_seq200b/423"", ""MCR_seq200b/468"", ""MCR_v1_seq100/6""]",1.0
E4,evidence_count_control,e7_contrast,e7_contrast_vs_evidence_count_control,primary,MCR,compatible_partial,200,15,15,19,151,0.15,0.17,0.02,0.6075913612730801,"[-0.035, 0.075]","[""MCR_seq200b/294"", ""MCR_seq200b/298"", ""MCR_seq200b/301"", ""MCR_seq200b/313"", ""MCR_seq200b/337"", ""MCR_seq200b/344"", ""MCR_seq200b/345"", ""MCR_seq200b/383"", ""MCR_seq200b/402"", ""MCR_seq200b/418"", ""MCR_seq200b/420"", ""MCR_seq200b/469"", ""MCR_v1_seq100/126"", ""MCR_v1_seq100/68"", ""MCR_v2_seq100/186"", ""MCR_v2_seq100/222"", ""MCR_v2_seq100/230"", ""MCR_v2_seq100/241"", ""MCR_v2_seq100/244""]","[""MCR_seq200b/336"", ""MCR_seq200b/340"", ""MCR_seq200b/374"", ""MCR_seq200b/407"", ""MCR_seq200b/409"", ""MCR_v1_seq100/119"", ""MCR_v1_seq100/122"", ""MCR_v1_seq100/20"", ""MCR_v1_seq100/67"", ""MCR_v1_seq100/81"", ""MCR_v1_seq100/84"", ""MCR_v2_seq100/173"", ""MCR_v2_seq100/174"", ""MCR_v2_seq100/208"", ""MCR_v2_seq100/211""]",1.0
E4,e7_contrast,forest_evidence_integrator,forest_evidence_integrator_vs_e7_contrast,primary,MCR,compatible_partial,200,24,10,5,161,0.17,0.145,-0.025,0.3017578125,"[-0.065, 0.01]","[""MCR_seq200b/251"", ""MCR_seq200b/423"", ""MCR_v1_seq100/123"", ""MCR_v1_seq100/6"", ""MCR_v2_seq100/170""]","[""MCR_seq200b/260"", ""MCR_seq200b/301"", ""MCR_seq200b/345"", ""MCR_seq200b/383"", ""MCR_seq200b/418"", ""MCR_v1_seq100/58"", ""MCR_v1_seq100/68"", ""MCR_v2_seq100/203"", ""MCR_v2_seq100/222"", ""MCR_v2_seq100/244""]",1.0
E4,evidence_count_control,forest_evidence_integrator,forest_evidence_integrator_vs_evidence_count_control,primary,MCR,compatible_partial,200,12,18,17,153,0.15,0.145,-0.005,1.0,"[-0.06, 0.055]","[""MCR_seq200b/251"", ""MCR_seq200b/294"", ""MCR_seq200b/298"", ""MCR_seq200b/313"", ""MCR_seq200b/337"", ""MCR_seq200b/344"", ""MCR_seq200b/402"", ""MCR_seq200b/420"", ""MCR_seq200b/423"", ""MCR_seq200b/469"", ""MCR_v1_seq100/123"", ""MCR_v1_seq100/126"", ""MCR_v1_seq100/6"", ""MCR_v2_seq100/170"", ""MCR_v2_seq100/186"", ""MCR_v2_seq100/230"", ""MCR_v2_seq100/241""]","[""MCR_seq200b/260"", ""MCR_seq200b/336"", ""MCR_seq200b/340"", ""MCR_seq200b/374"", ""MCR_seq200b/407"", ""MCR_seq200b/409"", ""MCR_v1_seq100/119"", ""MCR_v1_seq100/122"", ""MCR_v1_seq100/20"", ""MCR_v1_seq100/58"", ""MCR_v1_seq100/67"", ""MCR_v1_seq100/81"", ""MCR_v1_seq100/84"", ""MCR_v2_seq100/173"", ""MCR_v2_seq100/174"", ""MCR_v2_seq100/203"", ""MCR_v2_seq100/208"", ""MCR_v2_seq100/211""]",1.0
E4,collapse_obligation_ledger,pairwise_tournament,pairwise_tournament_vs_collapse_obligation_ledger,primary,MCR,compatible_partial,200,22,6,7,165,0.14,0.145,0.005,1.0,"[-0.03, 0.04]","[""MCR_seq200b/251"", ""MCR_seq200b/260"", ""MCR_seq200b/294"", ""MCR_seq200b/374"", ""MCR_seq200b/402"", ""MCR_seq200b/468"", ""MCR_v1_seq100/6""]","[""MCR_seq200b/258"", ""MCR_seq200b/298"", ""MCR_seq200b/451"", ""MCR_v1_seq100/123"", ""MCR_v1_seq100/68"", ""MCR_v2_seq100/174""]",1.0
E4,e7_contrast,pairwise_tournament,pairwise_tournament_vs_e7_contrast,primary,MCR,compatible_partial,200,24,10,5,161,0.17,0.145,-0.025,0.3017578125,"[-0.06, 0.015]","[""MCR_seq200b/251"", ""MCR_seq200b/374"", ""MCR_v1_seq100/6"", ""MCR_v2_seq100/170"", ""MCR_v2_seq100/214""]","[""MCR_seq200b/258"", ""MCR_seq200b/298"", ""MCR_seq200b/301"", ""MCR_seq200b/337"", ""MCR_seq200b/383"", ""MCR_seq200b/451"", ""MCR_v1_seq100/58"", ""MCR_v1_seq100/68"", ""MCR_v2_seq100/203"", ""MCR_v2_seq100/222""]",1.0
E4,evidence_count_control,pairwise_tournament,pairwise_tournament_vs_evidence_count_control,primary,MCR,compatible_partial,200,12,18,17,153,0.15,0.145,-0.005,1.0,"[-0.065, 0.055]","[""MCR_seq200b/251"", ""MCR_seq200b/294"", ""MCR_seq200b/313"", ""MCR_seq200b/344"", ""MCR_seq200b/345"", ""MCR_seq200b/402"", ""MCR_seq200b/418"", ""MCR_seq200b/420"", ""MCR_seq200b/469"", ""MCR_v1_seq100/126"", ""MCR_v1_seq100/6"", ""MCR_v2_seq100/170"", ""MCR_v2_seq100/186"", ""MCR_v2_seq100/214"", ""MCR_v2_seq100/230"", ""MCR_v2_seq100/241"", ""MCR_v2_seq100/244""]","[""MCR_seq200b/258"", ""MCR_seq200b/336"", ""MCR_seq200b/340"", ""MCR_seq200b/407"", ""MCR_seq200b/409"", ""MCR_seq200b/451"", ""MCR_v1_seq100/119"", ""MCR_v1_seq100/122"", ""MCR_v1_seq100/20"", ""MCR_v1_seq100/58"", ""MCR_v1_seq100/67"", ""MCR_v1_seq100/81"", ""MCR_v1_seq100/84"", ""MCR_v2_seq100/173"", ""MCR_v2_seq100/174"", ""MCR_v2_seq100/203"", ""MCR_v2_seq100/208"", ""MCR_v2_seq100/211""]",1.0
E4,forest_evidence_integrator,pairwise_tournament,pairwise_tournament_vs_forest_evidence_integrator,primary,MCR,compatible_partial,200,23,6,6,165,0.145,0.145,0.0,1.0,"[-0.035, 0.035]","[""MCR_seq200b/260"", ""MCR_seq200b/345"", ""MCR_seq200b/374"", ""MCR_seq200b/418"", ""MCR_v2_seq100/214"", ""MCR_v2_seq100/244""]","[""MCR_seq200b/258"", ""MCR_seq200b/298"", ""MCR_seq200b/337"", ""MCR_seq200b/423"", ""MCR_seq200b/451"", ""MCR_v1_seq100/123""]",1.0
E4,e7_contrast,collapse_obligation_ledger,collapse_obligation_ledger_vs_e7_contrast,primary,MCR,complete_or_compatible_partial,200,75,8,8,109,0.415,0.415,0.0,1.0,"[-0.04, 0.04]","[""MCR_seq200b/317"", ""MCR_seq200b/458"", ""MCR_seq200b/470"", ""MCR_v1_seq100/123"", ""MCR_v2_seq100/170"", ""MCR_v2_seq100/205"", ""MCR_v2_seq100/214"", ""MCR_v2_seq100/220""]","[""MCR_seq200b/337"", ""MCR_seq200b/402"", ""MCR_seq200b/424"", ""MCR_seq200b/468"", ""MCR_v1_seq100/58"", ""MCR_v2_seq100/162"", ""MCR_v2_seq100/203"", ""MCR_v2_seq100/222""]",1.0
E4,evidence_count_control,collapse_obligation_ledger,collapse_obligation_ledger_vs_evidence_count_control,primary,MCR,complete_or_compatible_partial,200,44,13,39,104,0.285,0.415,0.13,0.00040954145378258033,"[0.06, 0.195]","[""MCR_seq200b/252"", ""MCR_seq200b/263"", ""MCR_seq200b/294"", ""MCR_seq200b/298"", ""MCR_seq200b/301"", ""MCR_seq200b/309"", ""MCR_seq200b/313"", ""MCR_seq200b/317"", ""MCR_seq200b/326"", ""MCR_seq200b/345"", ""MCR_seq200b/412"", ""MCR_seq200b/418"", ""MCR_seq200b/420"", ""MCR_seq200b/430"", ""MCR_seq200b/454"", ""MCR_seq200b/458"", ""MCR_seq200b/469"", ""MCR_seq200b/470"", ""MCR_v1_seq100/104"", ""MCR_v1_seq100/123"", ""MCR_v1_seq100/126"", ""MCR_v1_seq100/16"", ""MCR_v1_seq100/19"", ""MCR_v1_seq100/68"", ""MCR_v1_seq100/69"", ""MCR_v1_seq100/73"", ""MCR_v2_seq100/144"", ""MCR_v2_seq100/156"", ""MCR_v2_seq100/169"", ""MCR_v2_seq100/170"", ""MCR_v2_seq100/172"", ""MCR_v2_seq100/178"", ""MCR_v2_seq100/186"", ""MCR_v2_seq100/187"", ""MCR_v2_seq100/205"", ""MCR_v2_seq100/214"", ""MCR_v2_seq100/230"", ""MCR_v2_seq100/241"", ""MCR_v2_seq100/244""]","[""MCR_seq200b/387"", ""MCR_seq200b/406"", ""MCR_seq200b/409"", ""MCR_seq200b/468"", ""MCR_v1_seq100/11"", ""MCR_v1_seq100/119"", ""MCR_v1_seq100/20"", ""MCR_v1_seq100/58"", ""MCR_v1_seq100/60"", ""MCR_v1_seq100/81"", ""MCR_v1_seq100/84"", ""MCR_v2_seq100/152"", ""MCR_v2_seq100/203""]",0.0028667901764780623
E4,forest_evidence_integrator,collapse_obligation_ledger,collapse_obligation_ledger_vs_forest_evidence_integrator,primary,MCR,complete_or_compatible_partial,200,78,7,5,110,0.425,0.415,-0.01,0.7744140625,"[-0.045, 0.025]","[""MCR_seq200b/470"", ""MCR_v1_seq100/68"", ""MCR_v2_seq100/214"", ""MCR_v2_seq100/220"", ""MCR_v2_seq100/244""]","[""MCR_seq200b/337"", ""MCR_seq200b/402"", ""MCR_seq200b/423"", ""MCR_seq200b/468"", ""MCR_v1_seq100/6"", ""MCR_v1_seq100/60"", ""MCR_v2_seq100/162""]",1.0
E4,evidence_count_control,e7_contrast,e7_contrast_vs_evidence_count_control,primary,MCR,complete_or_compatible_partial,200,46,11,37,106,0.285,0.415,0.13,0.00022224496262168714,"[0.065, 0.195]","[""MCR_seq200b/252"", ""MCR_seq200b/263"", ""MCR_seq200b/294"", ""MCR_seq200b/298"", ""MCR_seq200b/301"", ""MCR_seq200b/309"", ""MCR_seq200b/313"", ""MCR_seq200b/326"", ""MCR_seq200b/337"", ""MCR_seq200b/345"", ""MCR_seq200b/402"", ""MCR_seq200b/412"", ""MCR_seq200b/418"", ""MCR_seq200b/420"", ""MCR_seq200b/424"", ""MCR_seq200b/430"", ""MCR_seq200b/454"", ""MCR_seq200b/469"", ""MCR_v1_seq100/104"", ""MCR_v1_seq100/126"", ""MCR_v1_seq100/16"", ""MCR_v1_seq100/19"", ""MCR_v1_seq100/68"", ""MCR_v1_seq100/69"", ""MCR_v1_seq100/73"", ""MCR_v2_seq100/144"", ""MCR_v2_seq100/156"", ""MCR_v2_seq100/162"", ""MCR_v2_seq100/169"", ""MCR_v2_seq100/172"", ""MCR_v2_seq100/178"", ""MCR_v2_seq100/186"", ""MCR_v2_seq100/187"", ""MCR_v2_seq100/222"", ""MCR_v2_seq100/230"", ""MCR_v2_seq100/241"", ""MCR_v2_seq100/244""]","[""MCR_seq200b/387"", ""MCR_seq200b/406"", ""MCR_seq200b/409"", ""MCR_v1_seq100/11"", ""MCR_v1_seq100/119"", ""MCR_v1_seq100/20"", ""MCR_v1_seq100/60"", ""MCR_v1_seq100/81"", ""MCR_v1_seq100/84"", ""MCR_v2_seq100/152"", ""MCR_v2_seq100/220""]",0.001777959700973497
E4,e7_contrast,forest_evidence_integrator,forest_evidence_integrator_vs_e7_contrast,primary,MCR,complete_or_compatible_partial,200,77,6,8,109,0.415,0.425,0.01,0.79052734375,"[-0.025, 0.045]","[""MCR_seq200b/317"", ""MCR_seq200b/423"", ""MCR_seq200b/458"", ""MCR_v1_seq100/123"", ""MCR_v1_seq100/6"", ""MCR_v1_seq100/60"", ""MCR_v2_seq100/170"", ""MCR_v2_seq100/205""]","[""MCR_seq200b/424"", ""MCR_v1_seq100/58"", ""MCR_v1_seq100/68"", ""MCR_v2_seq100/203"", ""MCR_v2_seq100/222"", ""MCR_v2_seq100/244""]",1.0
E4,evidence_count_control,forest_evidence_integrator,forest_evidence_integrator_vs_evidence_count_control,primary,MCR,complete_or_compatible_partial,200,45,12,40,103,0.285,0.425,0.14,0.0001275387838557407,"[0.07, 0.21]","[""MCR_seq200b/252"", ""MCR_seq200b/263"", ""MCR_seq200b/294"", ""MCR_seq200b/298"", ""MCR_seq200b/301"", ""MCR_seq200b/309"", ""MCR_seq200b/313"", ""MCR_seq200b/317"", ""MCR_seq200b/326"", ""MCR_seq200b/337"", ""MCR_seq200b/345"", ""MCR_seq200b/402"", ""MCR_seq200b/412"", ""MCR_seq200b/418"", ""MCR_seq200b/420"", ""MCR_seq200b/423"", ""MCR_seq200b/430"", ""MCR_seq200b/454"", ""MCR_seq200b/458"", ""MCR_seq200b/469"", ""MCR_v1_seq100/104"", ""MCR_v1_seq100/123"", ""MCR_v1_seq100/126"", ""MCR_v1_seq100/16"", ""MCR_v1_seq100/19"", ""MCR_v1_seq100/6"", ""MCR_v1_seq100/69"", ""MCR_v1_seq100/73"", ""MCR_v2_seq100/144"", ""MCR_v2_seq100/156"", ""MCR_v2_seq100/162"", ""MCR_v2_seq100/169"", ""MCR_v2_seq100/170"", ""MCR_v2_seq100/172"", ""MCR_v2_seq100/178"", ""MCR_v2_seq100/186"", ""MCR_v2_seq100/187"", ""MCR_v2_seq100/205"", ""MCR_v2_seq100/230"", ""MCR_v2_seq100/241""]","[""MCR_seq200b/387"", ""MCR_seq200b/406"", ""MCR_seq200b/409"", ""MCR_v1_seq100/11"", ""MCR_v1_seq100/119"", ""MCR_v1_seq100/20"", ""MCR_v1_seq100/58"", ""MCR_v1_seq100/81"", ""MCR_v1_seq100/84"", ""MCR_v2_seq100/152"", ""MCR_v2_seq100/203"", ""MCR_v2_seq100/220""]",0.0011478490547016662
E4,collapse_obligation_ledger,pairwise_tournament,pairwise_tournament_vs_collapse_obligation_ledger,primary,MCR,complete_or_compatible_partial,200,79,4,8,109,0.415,0.435,0.02,0.3876953125,"[-0.01, 0.055]","[""MCR_seq200b/312"", ""MCR_seq200b/402"", ""MCR_seq200b/468"", ""MCR_seq200b/479"", ""MCR_v1_seq100/45"", ""MCR_v1_seq100/6"", ""MCR_v1_seq100/60"", ""MCR_v2_seq100/162""]","[""MCR_seq200b/258"", ""MCR_seq200b/298"", ""MCR_v1_seq100/123"", ""MCR_v1_seq100/68""]",1.0
E4,e7_contrast,pairwise_tournament,pairwise_tournament_vs_e7_contrast,primary,MCR,complete_or_compatible_partial,200,75,8,12,105,0.415,0.435,0.02,0.5034446716308594,"[-0.025, 0.065]","[""MCR_seq200b/312"", ""MCR_seq200b/317"", ""MCR_seq200b/458"", ""MCR_seq200b/470"", ""MCR_seq200b/479"", ""MCR_v1_seq100/45"", ""MCR_v1_seq100/6"", ""MCR_v1_seq100/60"", ""MCR_v2_seq100/170"", ""MCR_v2_seq100/205"", ""MCR_v2_seq100/214"", ""MCR_v2_seq100/220""]","[""MCR_seq200b/258"", ""MCR_seq200b/298"", ""MCR_seq200b/337"", ""MCR_seq200b/424"", ""MCR_v1_seq100/58"", ""MCR_v1_seq100/68"", ""MCR_v2_seq100/203"", ""MCR_v2_seq100/222""]",1.0
E4,evidence_count_control,pairwise_tournament,pairwise_tournament_vs_evidence_count_control,primary,MCR,complete_or_compatible_partial,200,45,12,42,101,0.285,0.435,0.15,5.2094472007935266e-05,"[0.08, 0.22]","[""MCR_seq200b/252"", ""MCR_seq200b/263"", ""MCR_seq200b/294"", ""MCR_seq200b/301"", ""MCR_seq200b/309"", ""MCR_seq200b/312"", ""MCR_seq200b/313"", ""MCR_seq200b/317"", ""MCR_seq200b/326"", ""MCR_seq200b/345"", ""MCR_seq200b/402"", ""MCR_seq200b/412"", ""MCR_seq200b/418"", ""MCR_seq200b/420"", ""MCR_seq200b/430"", ""MCR_seq200b/454"", ""MCR_seq200b/458"", ""MCR_seq200b/469"", ""MCR_seq200b/470"", ""MCR_seq200b/479"", ""MCR_v1_seq100/104"", ""MCR_v1_seq100/126"", ""MCR_v1_seq100/16"", ""MCR_v1_seq100/19"", ""MCR_v1_seq100/45"", ""MCR_v1_seq100/6"", ""MCR_v1_seq100/69"", ""MCR_v1_seq100/73"", ""MCR_v2_seq100/144"", ""MCR_v2_seq100/156"", ""MCR_v2_seq100/162"", ""MCR_v2_seq100/169"", ""MCR_v2_seq100/170"", ""MCR_v2_seq100/172"", ""MCR_v2_seq100/178"", ""MCR_v2_seq100/186"", ""MCR_v2_seq100/187"", ""MCR_v2_seq100/205"", ""MCR_v2_seq100/214"", ""MCR_v2_seq100/230"", ""MCR_v2_seq100/241"", ""MCR_v2_seq100/244""]","[""MCR_seq200b/258"", ""MCR_seq200b/387"", ""MCR_seq200b/406"", ""MCR_seq200b/409"", ""MCR_v1_seq100/11"", ""MCR_v1_seq100/119"", ""MCR_v1_seq100/20"", ""MCR_v1_seq100/58"", ""MCR_v1_seq100/81"", ""MCR_v1_seq100/84"", ""MCR_v2_seq100/152"", ""MCR_v2_seq100/203""]",0.0005209447200793527
E4,forest_evidence_integrator,pairwise_tournament,pairwise_tournament_vs_forest_evidence_integrator,primary,MCR,complete_or_compatible_partial,200,80,5,7,108,0.425,0.435,0.01,0.7744140625,"[-0.025, 0.045]","[""MCR_seq200b/312"", ""MCR_seq200b/470"", ""MCR_seq200b/479"", ""MCR_v1_seq100/45"", ""MCR_v2_seq100/214"", ""MCR_v2_seq100/220"", ""MCR_v2_seq100/244""]","[""MCR_seq200b/258"", ""MCR_seq200b/298"", ""MCR_seq200b/337"", ""MCR_seq200b/423"", ""MCR_v1_seq100/123""]",1.0
E4,e7_contrast,collapse_obligation_ledger,collapse_obligation_ledger_vs_e7_contrast,primary,MCR,legacy_chain,200,39,3,9,149,0.21,0.24,0.03,0.14599609375,"[0.0, 0.065]","[""MCR_seq200b/260"", ""MCR_seq200b/317"", ""MCR_seq200b/383"", ""MCR_seq200b/458"", ""MCR_seq200b/470"", ""MCR_v1_seq100/123"", ""MCR_v2_seq100/170"", ""MCR_v2_seq100/205"", ""MCR_v2_seq100/220""]","[""MCR_v2_seq100/162"", ""MCR_v2_seq100/174"", ""MCR_v2_seq100/211""]",0.583984375
E4,evidence_count_control,collapse_obligation_ledger,collapse_obligation_ledger_vs_evidence_count_control,primary,MCR,legacy_chain,200,18,7,30,145,0.125,0.24,0.115,0.00019107642583549023,"[0.06, 0.175]","[""MCR_seq200b/252"", ""MCR_seq200b/260"", ""MCR_seq200b/263"", ""MCR_seq200b/294"", ""MCR_seq200b/313"", ""MCR_seq200b/317"", ""MCR_seq200b/326"", ""MCR_seq200b/336"", ""MCR_seq200b/412"", ""MCR_seq200b/418"", ""MCR_seq200b/454"", ""MCR_seq200b/458"", ""MCR_seq200b/469"", ""MCR_seq200b/470"", ""MCR_v1_seq100/104"", ""MCR_v1_seq100/123"", ""MCR_v1_seq100/126"", ""MCR_v1_seq100/19"", ""MCR_v1_seq100/69"", ""MCR_v2_seq100/139"", ""MCR_v2_seq100/144"", ""MCR_v2_seq100/156"", ""MCR_v2_seq100/169"", ""MCR_v2_seq100/170"", ""MCR_v2_seq100/172"", ""MCR_v2_seq100/178"", ""MCR_v2_seq100/186"", ""MCR_v2_seq100/187"", ""MCR_v2_seq100/205"", ""MCR_v2_seq100/208""]","[""MCR_seq200b/340"", ""MCR_seq200b/344"", ""MCR_seq200b/387"", ""MCR_seq200b/406"", ""MCR_v1_seq100/11"", ""MCR_v1_seq100/60"", ""MCR_v2_seq100/152""]",0.0015286114066839218
E4,forest_evidence_integrator,collapse_obligation_ledger,collapse_obligation_ledger_vs_forest_evidence_integrator,primary,MCR,legacy_chain,200,45,6,3,146,0.255,0.24,-0.015,0.5078125,"[-0.045, 0.015]","[""MCR_seq200b/469"", ""MCR_seq200b/470"", ""MCR_v2_seq100/220""]","[""MCR_seq200b/285"", ""MCR_seq200b/345"", ""MCR_v1_seq100/60"", ""MCR_v2_seq100/162"", ""MCR_v2_seq100/174"", ""MCR_v2_seq100/211""]",1.0
E4,evidence_count_control,e7_contrast,e7_contrast_vs_evidence_count_control,primary,MCR,legacy_chain,200,16,9,26,149,0.125,0.21,0.085,0.0059881205670535564,"[0.03, 0.145]","[""MCR_seq200b/252"", ""MCR_seq200b/263"", ""MCR_seq200b/294"", ""MCR_seq200b/313"", ""MCR_seq200b/326"", ""MCR_seq200b/336"", ""MCR_seq200b/412"", ""MCR_seq200b/418"", ""MCR_seq200b/454"", ""MCR_seq200b/469"", ""MCR_v1_seq100/104"", ""MCR_v1_seq100/126"", ""MCR_v1_seq100/19"", ""MCR_v1_seq100/69"", ""MCR_v2_seq100/139"", ""MCR_v2_seq100/144"", ""MCR_v2_seq100/156"", ""MCR_v2_seq100/162"", ""MCR_v2_seq100/169"", ""MCR_v2_seq100/172"", ""MCR_v2_seq100/174"", ""MCR_v2_seq100/178"", ""MCR_v2_seq100/186"", ""MCR_v2_seq100/187"", ""MCR_v2_seq100/208"", ""MCR_v2_seq100/211""]","[""MCR_seq200b/340"", ""MCR_seq200b/344"", ""MCR_seq200b/383"", ""MCR_seq200b/387"", ""MCR_seq200b/406"", ""MCR_v1_seq100/11"", ""MCR_v1_seq100/60"", ""MCR_v2_seq100/152"", ""MCR_v2_seq100/220""]",0.041916843969374895
E4,e7_contrast,forest_evidence_integrator,forest_evidence_integrator_vs_e7_contrast,primary,MCR,legacy_chain,200,41,1,10,148,0.21,0.255,0.045,0.01171875,"[0.015, 0.08]","[""MCR_seq200b/260"", ""MCR_seq200b/285"", ""MCR_seq200b/317"", ""MCR_seq200b/345"", ""MCR_seq200b/383"", ""MCR_seq200b/458"", ""MCR_v1_seq100/123"", ""MCR_v1_seq100/60"", ""MCR_v2_seq100/170"", ""MCR_v2_seq100/205""]","[""MCR_seq200b/469""]",0.0703125
E4,evidence_count_control,forest_evidence_integrator,forest_evidence_integrator_vs_evidence_count_control,primary,MCR,legacy_chain,200,18,7,33,142,0.125,0.255,0.13,4.2277022657799534e-05,"[0.07, 0.19]","[""MCR_seq200b/252"", ""MCR_seq200b/260"", ""MCR_seq200b/263"", ""MCR_seq200b/285"", ""MCR_seq200b/294"", ""MCR_seq200b/313"", ""MCR_seq200b/317"", ""MCR_seq200b/326"", ""MCR_seq200b/336"", ""MCR_seq200b/345"", ""MCR_seq200b/412"", ""MCR_seq200b/418"", ""MCR_seq200b/454"", ""MCR_seq200b/458"", ""MCR_v1_seq100/104"", ""MCR_v1_seq100/123"", ""MCR_v1_seq100/126"", ""MCR_v1_seq100/19"", ""MCR_v1_seq100/69"", ""MCR_v2_seq100/139"", ""MCR_v2_seq100/144"", ""MCR_v2_seq100/156"", ""MCR_v2_seq100/162"", ""MCR_v2_seq100/169"", ""MCR_v2_seq100/170"", ""MCR_v2_seq100/172"", ""MCR_v2_seq100/174"", ""MCR_v2_seq100/178"", ""MCR_v2_seq100/186"", ""MCR_v2_seq100/187"", ""MCR_v2_seq100/205"", ""MCR_v2_seq100/208"", ""MCR_v2_seq100/211""]","[""MCR_seq200b/340"", ""MCR_seq200b/344"", ""MCR_seq200b/387"", ""MCR_seq200b/406"", ""MCR_v1_seq100/11"", ""MCR_v2_seq100/152"", ""MCR_v2_seq100/220""]",0.000412575900554657
E4,collapse_obligation_ledger,pairwise_tournament,pairwise_tournament_vs_collapse_obligation_ledger,primary,MCR,legacy_chain,200,44,4,6,146,0.24,0.25,0.01,0.75390625,"[-0.02, 0.04]","[""MCR_seq200b/479"", ""MCR_v1_seq100/45"", ""MCR_v1_seq100/60"", ""MCR_v2_seq100/162"", ""MCR_v2_seq100/174"", ""MCR_v2_seq100/211""]","[""MCR_seq200b/260"", ""MCR_seq200b/469"", ""MCR_v1_seq100/123"", ""MCR_v2_seq100/170""]",1.0
E4,e7_contrast,pairwise_tournament,pairwise_tournament_vs_e7_contrast,primary,MCR,legacy_chain,200,41,1,9,149,0.21,0.25,0.04,0.021484375,"[0.01, 0.07]","[""MCR_seq200b/317"", ""MCR_seq200b/383"", ""MCR_seq200b/458"", ""MCR_seq200b/470"", ""MCR_seq200b/479"", ""MCR_v1_seq100/45"", ""MCR_v1_seq100/60"", ""MCR_v2_seq100/205"", ""MCR_v2_seq100/220""]","[""MCR_seq200b/469""]",0.107421875
E4,evidence_count_control,pairwise_tournament,pairwise_tournament_vs_evidence_count_control,primary,MCR,legacy_chain,200,19,6,31,144,0.125,0.25,0.125,4.12575900554657e-05,"[0.07, 0.18]","[""MCR_seq200b/252"", ""MCR_seq200b/263"", ""MCR_seq200b/294"", ""MCR_seq200b/313"", ""MCR_seq200b/317"", ""MCR_seq200b/326"", ""MCR_seq200b/336"", ""MCR_seq200b/412"", ""MCR_seq200b/418"", ""MCR_seq200b/454"", ""MCR_seq200b/458"", ""MCR_seq200b/470"", ""MCR_seq200b/479"", ""MCR_v1_seq100/104"", ""MCR_v1_seq100/126"", ""MCR_v1_seq100/19"", ""MCR_v1_seq100/45"", ""MCR_v1_seq100/69"", ""MCR_v2_seq100/139"", ""MCR_v2_seq100/144"", ""MCR_v2_seq100/156"", ""MCR_v2_seq100/162"", ""MCR_v2_seq100/169"", ""MCR_v2_seq100/172"", ""MCR_v2_seq100/174"", ""MCR_v2_seq100/178"", ""MCR_v2_seq100/186"", ""MCR_v2_seq100/187"", ""MCR_v2_seq100/205"", ""MCR_v2_seq100/208"", ""MCR_v2_seq100/211""]","[""MCR_seq200b/340"", ""MCR_seq200b/344"", ""MCR_seq200b/387"", ""MCR_seq200b/406"", ""MCR_v1_seq100/11"", ""MCR_v2_seq100/152""]",0.000412575900554657
E4,forest_evidence_integrator,pairwise_tournament,pairwise_tournament_vs_forest_evidence_integrator,primary,MCR,legacy_chain,200,46,5,4,145,0.255,0.25,-0.005,1.0,"[-0.035, 0.025]","[""MCR_seq200b/470"", ""MCR_seq200b/479"", ""MCR_v1_seq100/45"", ""MCR_v2_seq100/220""]","[""MCR_seq200b/260"", ""MCR_seq200b/285"", ""MCR_seq200b/345"", ""MCR_v1_seq100/123"", ""MCR_v2_seq100/170""]",1.0
E4,e7_contrast,collapse_obligation_ledger,collapse_obligation_ledger_vs_e7_contrast,primary,MCR,safe_exact,200,27,3,7,163,0.15,0.17,0.02,0.34375,"[-0.01, 0.05]","[""MCR_seq200b/260"", ""MCR_seq200b/317"", ""MCR_seq200b/383"", ""MCR_seq200b/458"", ""MCR_seq200b/470"", ""MCR_v2_seq100/205"", ""MCR_v2_seq100/220""]","[""MCR_seq200b/424"", ""MCR_v2_seq100/174"", ""MCR_v2_seq100/211""]",1.0
E4,evidence_count_control,collapse_obligation_ledger,collapse_obligation_ledger_vs_evidence_count_control,primary,MCR,safe_exact,200,11,5,23,161,0.08,0.17,0.09,0.0009122341871261597,"[0.04, 0.14]","[""MCR_seq200b/252"", ""MCR_seq200b/260"", ""MCR_seq200b/263"", ""MCR_seq200b/309"", ""MCR_seq200b/317"", ""MCR_seq200b/326"", ""MCR_seq200b/336"", ""MCR_seq200b/374"", ""MCR_seq200b/407"", ""MCR_seq200b/412"", ""MCR_seq200b/458"", ""MCR_seq200b/470"", ""MCR_v1_seq100/104"", ""MCR_v1_seq100/19"", ""MCR_v1_seq100/69"", ""MCR_v2_seq100/144"", ""MCR_v2_seq100/156"", ""MCR_v2_seq100/172"", ""MCR_v2_seq100/173"", ""MCR_v2_seq100/178"", ""MCR_v2_seq100/187"", ""MCR_v2_seq100/205"", ""MCR_v2_seq100/208""]","[""MCR_seq200b/344"", ""MCR_seq200b/387"", ""MCR_seq200b/406"", ""MCR_v1_seq100/60"", ""MCR_v2_seq100/152""]",0.007297873497009277
E4,forest_evidence_integrator,collapse_obligation_ledger,collapse_obligation_ledger_vs_forest_evidence_integrator,primary,MCR,safe_exact,200,32,6,2,160,0.19,0.17,-0.02,0.2890625,"[-0.05, 0.005]","[""MCR_seq200b/470"", ""MCR_v2_seq100/220""]","[""MCR_seq200b/285"", ""MCR_seq200b/345"", ""MCR_seq200b/418"", ""MCR_v1_seq100/60"", ""MCR_v2_seq100/174"", ""MCR_v2_seq100/211""]",1.0
E4,evidence_count_control,e7_contrast,e7_contrast_vs_evidence_count_control,primary,MCR,safe_exact,200,9,7,21,163,0.08,0.15,0.07,0.012540951371192932,"[0.02, 0.12]","[""MCR_seq200b/252"", ""MCR_seq200b/263"", ""MCR_seq200b/309"", ""MCR_seq200b/326"", ""MCR_seq200b/336"", ""MCR_seq200b/374"", ""MCR_seq200b/407"", ""MCR_seq200b/412"", ""MCR_seq200b/424"", ""MCR_v1_seq100/104"", ""MCR_v1_seq100/19"", ""MCR_v1_seq100/69"", ""MCR_v2_seq100/144"", ""MCR_v2_seq100/156"", ""MCR_v2_seq100/172"", ""MCR_v2_seq100/173"", ""MCR_v2_seq100/174"", ""MCR_v2_seq100/178"", ""MCR_v2_seq100/187"", ""MCR_v2_seq100/208"", ""MCR_v2_seq100/211""]","[""MCR_seq200b/344"", ""MCR_seq200b/383"", ""MCR_seq200b/387"", ""MCR_seq200b/406"", ""MCR_v1_seq100/60"", ""MCR_v2_seq100/152"", ""MCR_v2_seq100/220""]",0.08778665959835052
E4,e7_contrast,forest_evidence_integrator,forest_evidence_integrator_vs_e7_contrast,primary,MCR,safe_exact,200,29,1,9,161,0.15,0.19,0.04,0.021484375,"[0.01, 0.07]","[""MCR_seq200b/260"", ""MCR_seq200b/285"", ""MCR_seq200b/317"", ""MCR_seq200b/345"", ""MCR_seq200b/383"", ""MCR_seq200b/418"", ""MCR_seq200b/458"", ""MCR_v1_seq100/60"", ""MCR_v2_seq100/205""]","[""MCR_seq200b/424""]",0.12890625
E4,evidence_count_control,forest_evidence_integrator,forest_evidence_integrator_vs_evidence_count_control,primary,MCR,safe_exact,200,11,5,27,157,0.08,0.19,0.11,0.00011307420209050179,"[0.055, 0.165]","[""MCR_seq200b/252"", ""MCR_seq200b/260"", ""MCR_seq200b/263"", ""MCR_seq200b/285"", ""MCR_seq200b/309"", ""MCR_seq200b/317"", ""MCR_seq200b/326"", ""MCR_seq200b/336"", ""MCR_seq200b/345"", ""MCR_seq200b/374"", ""MCR_seq200b/407"", ""MCR_seq200b/412"", ""MCR_seq200b/418"", ""MCR_seq200b/458"", ""MCR_v1_seq100/104"", ""MCR_v1_seq100/19"", ""MCR_v1_seq100/69"", ""MCR_v2_seq100/144"", ""MCR_v2_seq100/156"", ""MCR_v2_seq100/172"", ""MCR_v2_seq100/173"", ""MCR_v2_seq100/174"", ""MCR_v2_seq100/178"", ""MCR_v2_seq100/187"", ""MCR_v2_seq100/205"", ""MCR_v2_seq100/208"", ""MCR_v2_seq100/211""]","[""MCR_seq200b/344"", ""MCR_seq200b/387"", ""MCR_seq200b/406"", ""MCR_v2_seq100/152"", ""MCR_v2_seq100/220""]",0.0011307420209050179
E4,collapse_obligation_ledger,pairwise_tournament,pairwise_tournament_vs_collapse_obligation_ledger,primary,MCR,safe_exact,200,32,2,4,162,0.17,0.18,0.01,0.6875,"[-0.015, 0.035]","[""MCR_seq200b/479"", ""MCR_v1_seq100/60"", ""MCR_v2_seq100/174"", ""MCR_v2_seq100/211""]","[""MCR_seq200b/260"", ""MCR_seq200b/374""]",1.0
E4,e7_contrast,pairwise_tournament,pairwise_tournament_vs_e7_contrast,primary,MCR,safe_exact,200,28,2,8,162,0.15,0.18,0.03,0.109375,"[0.0, 0.06]","[""MCR_seq200b/317"", ""MCR_seq200b/383"", ""MCR_seq200b/458"", ""MCR_seq200b/470"", ""MCR_seq200b/479"", ""MCR_v1_seq100/60"", ""MCR_v2_seq100/205"", ""MCR_v2_seq100/220""]","[""MCR_seq200b/374"", ""MCR_seq200b/424""]",0.546875
E4,evidence_count_control,pairwise_tournament,pairwise_tournament_vs_evidence_count_control,primary,MCR,safe_exact,200,12,4,24,160,0.08,0.18,0.1,0.00017999112606048584,"[0.05, 0.15]","[""MCR_seq200b/252"", ""MCR_seq200b/263"", ""MCR_seq200b/309"", ""MCR_seq200b/317"", ""MCR_seq200b/326"", ""MCR_seq200b/336"", ""MCR_seq200b/407"", ""MCR_seq200b/412"", ""MCR_seq200b/458"", ""MCR_seq200b/470"", ""MCR_seq200b/479"", ""MCR_v1_seq100/104"", ""MCR_v1_seq100/19"", ""MCR_v1_seq100/69"", ""MCR_v2_seq100/144"", ""MCR_v2_seq100/156"", ""MCR_v2_seq100/172"", ""MCR_v2_seq100/173"", ""MCR_v2_seq100/174"", ""MCR_v2_seq100/178"", ""MCR_v2_seq100/187"", ""MCR_v2_seq100/205"", ""MCR_v2_seq100/208"", ""MCR_v2_seq100/211""]","[""MCR_seq200b/344"", ""MCR_seq200b/387"", ""MCR_seq200b/406"", ""MCR_v2_seq100/152""]",0.0016199201345443726
E4,forest_evidence_integrator,pairwise_tournament,pairwise_tournament_vs_forest_evidence_integrator,primary,MCR,safe_exact,200,33,5,3,159,0.19,0.18,-0.01,0.7265625,"[-0.04, 0.015]","[""MCR_seq200b/470"", ""MCR_seq200b/479"", ""MCR_v2_seq100/220""]","[""MCR_seq200b/260"", ""MCR_seq200b/285"", ""MCR_seq200b/345"", ""MCR_seq200b/374"", ""MCR_seq200b/418""]",1.0
E5,base4,add_component5,add_component5_vs_base4,primary,ALL,clinical_complete,200,108,40,12,40,0.74,0.6,-0.14,0.0001275387838557407,"[-0.205, -0.07]","[""DA_d2_heldout100/302"", ""DA_d2_heldout100/374"", ""DA_d2_heldout100/452"", ""DA_d2_heldout200b/529"", ""DA_d2_heldout200b/530"", ""DA_d2_heldout200b/589"", ""MCR_seq200b/341"", ""MCR_seq200b/405"", ""MCR_seq200b/408"", ""MCR_seq200b/413"", ""MCR_seq200b/468"", ""MCR_v2_seq100/232""]","[""DA_d2_heldout100/270"", ""DA_d2_heldout100/341"", ""DA_d2_heldout100/404"", ""DA_d2_heldout200b/488"", ""DA_d2_heldout200b/490"", ""DA_d2_heldout200b/582"", ""DA_d2_heldout200b/586"", ""DA_d2_heldout200b/653"", ""DA_d2_heldout200b/775"", ""DA_d2_seq100/103"", ""DA_d2_seq100/177"", ""DA_d2_seq100/220"", ""DA_d2_seq100/29"", ""DA_d2_seq100/90"", ""MCR_seq200b/272"", ""MCR_seq200b/275"", ""MCR_seq200b/330"", ""MCR_seq200b/371"", ""MCR_seq200b/381"", ""MCR_seq200b/403"", ""MCR_seq200b/424"", ""MCR_seq200b/450"", ""MCR_seq200b/460"", ""MCR_seq200b/466"", ""MCR_v1_seq100/119"", ""MCR_v1_seq100/17"", ""MCR_v1_seq100/19"", ""MCR_v1_seq100/22"", ""MCR_v1_seq100/33"", ""MCR_v1_seq100/64"", ""MCR_v1_seq100/65"", ""MCR_v1_seq100/75"", ""MCR_v1_seq100/93"", ""MCR_v2_seq100/140"", ""MCR_v2_seq100/142"", ""MCR_v2_seq100/143"", ""MCR_v2_seq100/168"", ""MCR_v2_seq100/199"", ""MCR_v2_seq100/234"", ""MCR_v2_seq100/245""]",0.00038261635156722207
E5,base4,add_parent5,add_parent5_vs_base4,primary,ALL,clinical_complete,200,99,49,9,43,0.74,0.54,-0.2,8.959402428981855e-08,"[-0.27, -0.135]","[""DA_d2_heldout100/302"", ""DA_d2_heldout100/359"", ""DA_d2_heldout100/367"", ""DA_d2_heldout200b/529"", ""DA_d2_heldout200b/645"", ""MCR_seq200b/279"", ""MCR_seq200b/341"", ""MCR_seq200b/408"", ""MCR_v2_seq100/232""]","[""DA_d2_heldout100/270"", ""DA_d2_heldout100/341"", ""DA_d2_heldout100/404"", ""DA_d2_heldout200b/507"", ""DA_d2_heldout200b/582"", ""DA_d2_heldout200b/586"", ""DA_d2_heldout200b/630"", ""DA_d2_heldout200b/636"", ""DA_d2_heldout200b/736"", ""DA_d2_heldout200b/741"", ""DA_d2_seq100/103"", ""DA_d2_seq100/15"", ""DA_d2_seq100/177"", ""DA_d2_seq100/242"", ""DA_d2_seq100/87"", ""DA_d2_seq100/90"", ""MCR_seq200b/251"", ""MCR_seq200b/272"", ""MCR_seq200b/275"", ""MCR_seq200b/302"", ""MCR_seq200b/330"", ""MCR_seq200b/342"", ""MCR_seq200b/371"", ""MCR_seq200b/381"", ""MCR_seq200b/394"", ""MCR_seq200b/403"", ""MCR_seq200b/424"", ""MCR_seq200b/450"", ""MCR_seq200b/460"", ""MCR_seq200b/466"", ""MCR_v1_seq100/119"", ""MCR_v1_seq100/17"", ""MCR_v1_seq100/19"", ""MCR_v1_seq100/22"", ""MCR_v1_seq100/33"", ""MCR_v1_seq100/40"", ""MCR_v1_seq100/64"", ""MCR_v1_seq100/65"", ""MCR_v1_seq100/72"", ""MCR_v1_seq100/75"", ""MCR_v1_seq100/93"", ""MCR_v2_seq100/140"", ""MCR_v2_seq100/142"", ""MCR_v2_seq100/143"", ""MCR_v2_seq100/168"", ""MCR_v2_seq100/199"", ""MCR_v2_seq100/234"", ""MCR_v2_seq100/237"", ""MCR_v2_seq100/245""]",4.4797012144909276e-07
E5,base4,add_sibling5,add_sibling5_vs_base4,primary,ALL,clinical_complete,200,94,54,6,46,0.74,0.5,-0.24,9.722961671898567e-11,"[-0.31, -0.175]","[""DA_d2_heldout100/359"", ""DA_d2_heldout200b/529"", ""DA_d2_heldout200b/530"", ""MCR_seq200b/341"", ""MCR_seq200b/408"", ""MCR_v2_seq100/232""]","[""DA_d2_heldout100/259"", ""DA_d2_heldout100/270"", ""DA_d2_heldout100/341"", ""DA_d2_heldout100/404"", ""DA_d2_heldout200b/507"", ""DA_d2_heldout200b/563"", ""DA_d2_heldout200b/574"", ""DA_d2_heldout200b/582"", ""DA_d2_heldout200b/586"", ""DA_d2_heldout200b/630"", ""DA_d2_heldout200b/741"", ""DA_d2_heldout200b/775"", ""DA_d2_seq100/103"", ""DA_d2_seq100/164"", ""DA_d2_seq100/177"", ""DA_d2_seq100/29"", ""DA_d2_seq100/90"", ""DA_d2_seq100/99"", ""MCR_seq200b/265"", ""MCR_seq200b/272"", ""MCR_seq200b/275"", ""MCR_seq200b/283"", ""MCR_seq200b/302"", ""MCR_seq200b/314"", ""MCR_seq200b/330"", ""MCR_seq200b/342"", ""MCR_seq200b/355"", ""MCR_seq200b/371"", ""MCR_seq200b/372"", ""MCR_seq200b/381"", ""MCR_seq200b/424"", ""MCR_seq200b/450"", ""MCR_seq200b/460"", ""MCR_seq200b/466"", ""MCR_v1_seq100/109"", ""MCR_v1_seq100/119"", ""MCR_v1_seq100/17"", ""MCR_v1_seq100/19"", ""MCR_v1_seq100/22"", ""MCR_v1_seq100/33"", ""MCR_v1_seq100/64"", ""MCR_v1_seq100/65"", ""MCR_v1_seq100/72"", ""MCR_v1_seq100/75"", ""MCR_v1_seq100/93"", ""MCR_v2_seq100/140"", ""MCR_v2_seq100/142"", ""MCR_v2_seq100/143"", ""MCR_v2_seq100/151"", ""MCR_v2_seq100/168"", ""MCR_v2_seq100/199"", ""MCR_v2_seq100/234"", ""MCR_v2_seq100/237"", ""MCR_v2_seq100/245""]",6.806073170328997e-10
E5,base4,add_synonym5,add_synonym5_vs_base4,primary,ALL,clinical_complete,200,110,38,17,35,0.74,0.635,-0.105,0.006455803109956637,"[-0.175, -0.035]","[""DA_d2_heldout100/302"", ""DA_d2_heldout100/374"", ""DA_d2_heldout200b/589"", ""DA_d2_heldout200b/602"", ""DA_d2_heldout200b/645"", ""DA_d2_heldout200b/747"", ""DA_d2_seq100/188"", ""MCR_seq200b/279"", ""MCR_seq200b/341"", ""MCR_seq200b/354"", ""MCR_seq200b/405"", ""MCR_seq200b/408"", ""MCR_seq200b/461"", ""MCR_seq200b/468"", ""MCR_v1_seq100/94"", ""MCR_v2_seq100/165"", ""MCR_v2_seq100/232""]","[""DA_d2_heldout100/259"", ""DA_d2_heldout100/270"", ""DA_d2_heldout100/341"", ""DA_d2_heldout100/404"", ""DA_d2_heldout200b/507"", ""DA_d2_heldout200b/582"", ""DA_d2_heldout200b/586"", ""DA_d2_heldout200b/630"", ""DA_d2_heldout200b/741"", ""DA_d2_seq100/103"", ""DA_d2_seq100/140"", ""DA_d2_seq100/177"", ""DA_d2_seq100/29"", ""DA_d2_seq100/90"", ""MCR_seq200b/251"", ""MCR_seq200b/272"", ""MCR_seq200b/275"", ""MCR_seq200b/371"", ""MCR_seq200b/381"", ""MCR_seq200b/424"", ""MCR_seq200b/450"", ""MCR_seq200b/460"", ""MCR_seq200b/466"", ""MCR_v1_seq100/119"", ""MCR_v1_seq100/17"", ""MCR_v1_seq100/19"", ""MCR_v1_seq100/22"", ""MCR_v1_seq100/33"", ""MCR_v1_seq100/64"", ""MCR_v1_seq100/65"", ""MCR_v1_seq100/72"", ""MCR_v1_seq100/75"", ""MCR_v1_seq100/93"", ""MCR_v2_seq100/142"", ""MCR_v2_seq100/143"", ""MCR_v2_seq100/168"", ""MCR_v2_seq100/199"", ""MCR_v2_seq100/245""]",0.012911606219913274
E5,base4,add_unrelated5,add_unrelated5_vs_base4,primary,ALL,clinical_complete,200,104,44,10,42,0.74,0.57,-0.17,3.385685953372075e-06,"[-0.24, -0.1]","[""DA_d2_heldout100/302"", ""DA_d2_heldout100/359"", ""DA_d2_heldout100/367"", ""DA_d2_heldout100/374"", ""DA_d2_heldout200b/529"", ""DA_d2_heldout200b/589"", ""MCR_seq200b/341"", ""MCR_seq200b/384"", ""MCR_seq200b/468"", ""MCR_v2_seq100/232""]","[""DA_d2_heldout100/270"", ""DA_d2_heldout100/341"", ""DA_d2_heldout100/404"", ""DA_d2_heldout200b/507"", ""DA_d2_heldout200b/582"", ""DA_d2_heldout200b/586"", ""DA_d2_heldout200b/630"", ""DA_d2_heldout200b/723"", ""DA_d2_heldout200b/775"", ""DA_d2_seq100/103"", ""DA_d2_seq100/15"", ""DA_d2_seq100/177"", ""DA_d2_seq100/242"", ""DA_d2_seq100/90"", ""MCR_seq200b/272"", ""MCR_seq200b/275"", ""MCR_seq200b/355"", ""MCR_seq200b/371"", ""MCR_seq200b/381"", ""MCR_seq200b/403"", ""MCR_seq200b/419"", ""MCR_seq200b/424"", ""MCR_seq200b/450"", ""MCR_seq200b/460"", ""MCR_seq200b/466"", ""MCR_v1_seq100/107"", ""MCR_v1_seq100/111"", ""MCR_v1_seq100/119"", ""MCR_v1_seq100/17"", ""MCR_v1_seq100/19"", ""MCR_v1_seq100/22"", ""MCR_v1_seq100/33"", ""MCR_v1_seq100/64"", ""MCR_v1_seq100/65"", ""MCR_v1_seq100/75"", ""MCR_v1_seq100/93"", ""MCR_v2_seq100/140"", ""MCR_v2_seq100/142"", ""MCR_v2_seq100/143"", ""MCR_v2_seq100/151"", ""MCR_v2_seq100/168"", ""MCR_v2_seq100/199"", ""MCR_v2_seq100/234"", ""MCR_v2_seq100/245""]",1.35427438134883e-05
E5,base4,nested_width6,nested_width6_vs_base4,primary,ALL,clinical_complete,200,95,53,6,46,0.74,0.505,-0.235,1.7539187463500028e-10,"[-0.300125, -0.165]","[""DA_d2_heldout100/302"", ""DA_d2_heldout100/359"", ""DA_d2_heldout200b/529"", ""MCR_seq200b/279"", ""MCR_seq200b/341"", ""MCR_v2_seq100/232""]","[""DA_d2_heldout100/259"", ""DA_d2_heldout100/270"", ""DA_d2_heldout100/341"", ""DA_d2_heldout100/404"", ""DA_d2_heldout200b/574"", ""DA_d2_heldout200b/582"", ""DA_d2_heldout200b/586"", ""DA_d2_heldout200b/630"", ""DA_d2_heldout200b/723"", ""DA_d2_heldout200b/741"", ""DA_d2_heldout200b/775"", ""DA_d2_seq100/103"", ""DA_d2_seq100/15"", ""DA_d2_seq100/164"", ""DA_d2_seq100/177"", ""DA_d2_seq100/29"", ""DA_d2_seq100/90"", ""MCR_seq200b/251"", ""MCR_seq200b/265"", ""MCR_seq200b/272"", ""MCR_seq200b/275"", ""MCR_seq200b/288"", ""MCR_seq200b/302"", ""MCR_seq200b/314"", ""MCR_seq200b/355"", ""MCR_seq200b/371"", ""MCR_seq200b/372"", ""MCR_seq200b/375"", ""MCR_seq200b/381"", ""MCR_seq200b/403"", ""MCR_seq200b/424"", ""MCR_seq200b/450"", ""MCR_seq200b/460"", ""MCR_seq200b/466"", ""MCR_v1_seq100/107"", ""MCR_v1_seq100/119"", ""MCR_v1_seq100/17"", ""MCR_v1_seq100/18"", ""MCR_v1_seq100/19"", ""MCR_v1_seq100/22"", ""MCR_v1_seq100/23"", ""MCR_v1_seq100/33"", ""MCR_v1_seq100/40"", ""MCR_v1_seq100/64"", ""MCR_v1_seq100/65"", ""MCR_v1_seq100/93"", ""MCR_v2_seq100/140"", ""MCR_v2_seq100/142"", ""MCR_v2_seq100/143"", ""MCR_v2_seq100/151"", ""MCR_v2_seq100/168"", ""MCR_v2_seq100/199"", ""MCR_v2_seq100/245""]",1.0523512478100017e-09
E5,base4,nested_width8,nested_width8_vs_base4,primary,ALL,clinical_complete,200,84,64,5,47,0.74,0.445,-0.295,4.119230997967627e-14,"[-0.365, -0.225]","[""DA_d2_heldout100/302"", ""DA_d2_heldout100/359"", ""DA_d2_heldout200b/529"", ""MCR_seq200b/384"", ""MCR_v2_seq100/232""]","[""DA_d2_heldout100/259"", ""DA_d2_heldout100/270"", ""DA_d2_heldout100/317"", ""DA_d2_heldout100/341"", ""DA_d2_heldout100/404"", ""DA_d2_heldout200b/507"", ""DA_d2_heldout200b/563"", ""DA_d2_heldout200b/574"", ""DA_d2_heldout200b/582"", ""DA_d2_heldout200b/586"", ""DA_d2_heldout200b/591"", ""DA_d2_heldout200b/630"", ""DA_d2_heldout200b/723"", ""DA_d2_heldout200b/741"", ""DA_d2_heldout200b/775"", ""DA_d2_seq100/103"", ""DA_d2_seq100/15"", ""DA_d2_seq100/164"", ""DA_d2_seq100/177"", ""DA_d2_seq100/29"", ""DA_d2_seq100/87"", ""DA_d2_seq100/90"", ""MCR_seq200b/257"", ""MCR_seq200b/265"", ""MCR_seq200b/271"", ""MCR_seq200b/272"", ""MCR_seq200b/275"", ""MCR_seq200b/288"", ""MCR_seq200b/302"", ""MCR_seq200b/330"", ""MCR_seq200b/342"", ""MCR_seq200b/358"", ""MCR_seq200b/371"", ""MCR_seq200b/381"", ""MCR_seq200b/403"", ""MCR_seq200b/419"", ""MCR_seq200b/424"", ""MCR_seq200b/436"", ""MCR_seq200b/450"", ""MCR_seq200b/460"", ""MCR_seq200b/466"", ""MCR_v1_seq100/107"", ""MCR_v1_seq100/109"", ""MCR_v1_seq100/119"", ""MCR_v1_seq100/17"", ""MCR_v1_seq100/18"", ""MCR_v1_seq100/19"", ""MCR_v1_seq100/22"", ""MCR_v1_seq100/23"", ""MCR_v1_seq100/33"", ""MCR_v1_seq100/40"", ""MCR_v1_seq100/42"", ""MCR_v1_seq100/64"", ""MCR_v1_seq100/65"", ""MCR_v1_seq100/72"", ""MCR_v1_seq100/93"", ""MCR_v2_seq100/140"", ""MCR_v2_seq100/142"", ""MCR_v2_seq100/143"", ""MCR_v2_seq100/151"", ""MCR_v2_seq100/168"", ""MCR_v2_seq100/199"", ""MCR_v2_seq100/237"", ""MCR_v2_seq100/245""]",3.2953847983741014e-13
E5,base4,remove_non_gold3,remove_non_gold3_vs_base4,primary,ALL,clinical_complete,200,135,13,23,29,0.74,0.79,0.05,0.13249816396273673,"[-0.01, 0.11]","[""DA_d2_heldout100/302"", ""DA_d2_heldout100/328"", ""DA_d2_heldout100/359"", ""DA_d2_heldout100/367"", ""DA_d2_heldout100/452"", ""DA_d2_heldout200b/497"", ""DA_d2_heldout200b/498"", ""DA_d2_heldout200b/530"", ""DA_d2_heldout200b/569"", ""DA_d2_heldout200b/589"", ""DA_d2_heldout200b/602"", ""DA_d2_heldout200b/645"", ""MCR_seq200b/319"", ""MCR_seq200b/327"", ""MCR_seq200b/338"", ""MCR_seq200b/341"", ""MCR_seq200b/408"", ""MCR_seq200b/413"", ""MCR_seq200b/461"", ""MCR_seq200b/468"", ""MCR_v1_seq100/5"", ""MCR_v2_seq100/210"", ""MCR_v2_seq100/232""]","[""DA_d2_heldout200b/490"", ""DA_d2_heldout200b/583"", ""DA_d2_heldout200b/630"", ""DA_d2_heldout200b/741"", ""DA_d2_heldout200b/769"", ""DA_d2_heldout200b/775"", ""DA_d2_seq100/242"", ""MCR_seq200b/403"", ""MCR_seq200b/460"", ""MCR_seq200b/466"", ""MCR_v1_seq100/40"", ""MCR_v1_seq100/65"", ""MCR_v2_seq100/234""]",0.13249816396273673
E5,base4,add_component5,add_component5_vs_base4,primary,ALL,compatible_partial,200,15,4,8,173,0.095,0.115,0.02,0.3876953125,"[-0.015, 0.055]","[""DA_d2_heldout200b/488"", ""DA_d2_heldout200b/775"", ""DA_d2_seq100/220"", ""DA_d2_seq100/29"", ""MCR_seq200b/330"", ""MCR_seq200b/354"", ""MCR_v1_seq100/75"", ""MCR_v2_seq100/234""]","[""DA_d2_heldout100/302"", ""DA_d2_heldout200b/497"", ""DA_d2_heldout200b/529"", ""DA_d2_heldout200b/589""]",1.0
E5,base4,add_parent5,add_parent5_vs_base4,primary,ALL,compatible_partial,200,15,4,20,161,0.095,0.175,0.08,0.001543879508972168,"[0.035, 0.13]","[""DA_d2_heldout200b/507"", ""DA_d2_heldout200b/530"", ""DA_d2_heldout200b/630"", ""DA_d2_heldout200b/636"", ""DA_d2_heldout200b/736"", ""DA_d2_seq100/15"", ""DA_d2_seq100/242"", ""DA_d2_seq100/87"", ""MCR_seq200b/302"", ""MCR_seq200b/330"", ""MCR_seq200b/394"", ""MCR_seq200b/468"", ""MCR_v1_seq100/128"", ""MCR_v1_seq100/72"", ""MCR_v1_seq100/75"", ""MCR_v2_seq100/140"", ""MCR_v2_seq100/165"", ""MCR_v2_seq100/210"", ""MCR_v2_seq100/234"", ""MCR_v2_seq100/237""]","[""DA_d2_heldout100/302"", ""DA_d2_heldout100/359"", ""DA_d2_heldout200b/529"", ""DA_d2_heldout200b/645""]",0.012351036071777344
E5,base4,add_sibling5,add_sibling5_vs_base4,primary,ALL,compatible_partial,200,15,4,9,172,0.095,0.12,0.025,0.266845703125,"[-0.01, 0.06]","[""DA_d2_heldout200b/507"", ""DA_d2_heldout200b/574"", ""DA_d2_heldout200b/630"", ""DA_d2_heldout200b/775"", ""DA_d2_seq100/29"", ""MCR_seq200b/314"", ""MCR_seq200b/342"", ""MCR_v1_seq100/75"", ""MCR_v2_seq100/237""]","[""DA_d2_heldout100/359"", ""DA_d2_heldout200b/529"", ""DA_d2_heldout200b/589"", ""DA_d2_heldout200b/747""]",1.0
E5,base4,add_synonym5,add_synonym5_vs_base4,primary,ALL,compatible_partial,200,14,5,8,173,0.095,0.11,0.015,0.5810546875,"[-0.02, 0.05]","[""DA_d2_heldout100/259"", ""DA_d2_heldout200b/507"", ""DA_d2_heldout200b/530"", ""DA_d2_heldout200b/630"", ""DA_d2_seq100/140"", ""DA_d2_seq100/29"", ""MCR_v1_seq100/72"", ""MCR_v1_seq100/75""]","[""DA_d2_heldout100/302"", ""DA_d2_heldout200b/589"", ""DA_d2_heldout200b/645"", ""DA_d2_heldout200b/747"", ""DA_d2_seq100/188""]",1.0
E5,base4,add_unrelated5,add_unrelated5_vs_base4,primary,ALL,compatible_partial,200,14,5,8,173,0.095,0.11,0.015,0.5810546875,"[-0.02, 0.05]","[""DA_d2_heldout200b/507"", ""DA_d2_heldout200b/530"", ""DA_d2_heldout200b/630"", ""DA_d2_heldout200b/723"", ""DA_d2_heldout200b/775"", ""DA_d2_seq100/15"", ""DA_d2_seq100/242"", ""MCR_v1_seq100/75""]","[""DA_d2_heldout100/302"", ""DA_d2_heldout100/359"", ""DA_d2_heldout200b/529"", ""DA_d2_heldout200b/589"", ""MCR_seq200b/384""]",1.0
E5,base4,nested_width6,nested_width6_vs_base4,primary,ALL,compatible_partial,200,14,5,10,171,0.095,0.12,0.025,0.3017578125,"[-0.015, 0.065]","[""DA_d2_heldout100/259"", ""DA_d2_heldout200b/574"", ""DA_d2_heldout200b/630"", ""DA_d2_heldout200b/723"", ""DA_d2_heldout200b/775"", ""DA_d2_seq100/15"", ""DA_d2_seq100/29"", ""MCR_seq200b/314"", ""MCR_seq200b/319"", ""MCR_v1_seq100/40""]","[""DA_d2_heldout100/302"", ""DA_d2_heldout100/359"", ""DA_d2_heldout200b/529"", ""DA_d2_heldout200b/589"", ""DA_d2_heldout200b/747""]",1.0
E5,base4,nested_width8,nested_width8_vs_base4,primary,ALL,compatible_partial,200,14,5,12,169,0.095,0.13,0.035,0.143463134765625,"[-0.005, 0.075]","[""DA_d2_heldout200b/507"", ""DA_d2_heldout200b/563"", ""DA_d2_heldout200b/574"", ""DA_d2_heldout200b/630"", ""DA_d2_heldout200b/723"", ""DA_d2_heldout200b/775"", ""DA_d2_seq100/15"", ""DA_d2_seq100/29"", ""DA_d2_seq100/87"", ""MCR_seq200b/271"", ""MCR_seq200b/302"", ""MCR_v1_seq100/40""]","[""DA_d2_heldout100/302"", ""DA_d2_heldout100/359"", ""DA_d2_heldout200b/529"", ""DA_d2_heldout200b/589"", ""MCR_seq200b/384""]",1.0
E5,base4,remove_non_gold3,remove_non_gold3_vs_base4,primary,ALL,compatible_partial,200,11,8,4,177,0.095,0.075,-0.02,0.3876953125,"[-0.055, 0.015]","[""DA_d2_heldout200b/630"", ""DA_d2_heldout200b/775"", ""DA_d2_seq100/242"", ""MCR_seq200b/466""]","[""DA_d2_heldout100/302"", ""DA_d2_heldout100/328"", ""DA_d2_heldout100/359"", ""DA_d2_heldout200b/497"", ""DA_d2_heldout200b/569"", ""DA_d2_heldout200b/589"", ""DA_d2_heldout200b/645"", ""DA_d2_heldout200b/747""]",1.0
E5,base4,add_component5,add_component5_vs_base4,primary,ALL,complete_or_compatible_partial,200,133,34,10,23,0.835,0.715,-0.12,0.00038813090293388086,"[-0.185, -0.06]","[""DA_d2_heldout100/374"", ""DA_d2_heldout100/452"", ""DA_d2_heldout200b/530"", ""MCR_seq200b/341"", ""MCR_seq200b/354"", ""MCR_seq200b/405"", ""MCR_seq200b/408"", ""MCR_seq200b/413"", ""MCR_seq200b/468"", ""MCR_v2_seq100/232""]","[""DA_d2_heldout100/270"", ""DA_d2_heldout100/341"", ""DA_d2_heldout100/404"", ""DA_d2_heldout200b/490"", ""DA_d2_heldout200b/497"", ""DA_d2_heldout200b/582"", ""DA_d2_heldout200b/586"", ""DA_d2_heldout200b/653"", ""DA_d2_seq100/103"", ""DA_d2_seq100/177"", ""DA_d2_seq100/90"", ""MCR_seq200b/272"", ""MCR_seq200b/275"", ""MCR_seq200b/371"", ""MCR_seq200b/381"", ""MCR_seq200b/403"", ""MCR_seq200b/424"", ""MCR_seq200b/450"", ""MCR_seq200b/460"", ""MCR_seq200b/466"", ""MCR_v1_seq100/119"", ""MCR_v1_seq100/17"", ""MCR_v1_seq100/19"", ""MCR_v1_seq100/22"", ""MCR_v1_seq100/33"", ""MCR_v1_seq100/64"", ""MCR_v1_seq100/65"", ""MCR_v1_seq100/93"", ""MCR_v2_seq100/140"", ""MCR_v2_seq100/142"", ""MCR_v2_seq100/143"", ""MCR_v2_seq100/168"", ""MCR_v2_seq100/199"", ""MCR_v2_seq100/245""]",0.0015525236117355234
E5,base4,add_parent5,add_parent5_vs_base4,primary,ALL,complete_or_compatible_partial,200,133,34,10,23,0.835,0.715,-0.12,0.00038813090293388086,"[-0.185, -0.06]","[""DA_d2_heldout100/367"", ""DA_d2_heldout200b/530"", ""MCR_seq200b/279"", ""MCR_seq200b/341"", ""MCR_seq200b/408"", ""MCR_seq200b/468"", ""MCR_v1_seq100/128"", ""MCR_v2_seq100/165"", ""MCR_v2_seq100/210"", ""MCR_v2_seq100/232""]","[""DA_d2_heldout100/270"", ""DA_d2_heldout100/341"", ""DA_d2_heldout100/404"", ""DA_d2_heldout200b/582"", ""DA_d2_heldout200b/586"", ""DA_d2_heldout200b/741"", ""DA_d2_seq100/103"", ""DA_d2_seq100/177"", ""DA_d2_seq100/90"", ""MCR_seq200b/251"", ""MCR_seq200b/272"", ""MCR_seq200b/275"", ""MCR_seq200b/342"", ""MCR_seq200b/371"", ""MCR_seq200b/381"", ""MCR_seq200b/403"", ""MCR_seq200b/424"", ""MCR_seq200b/450"", ""MCR_seq200b/460"", ""MCR_seq200b/466"", ""MCR_v1_seq100/119"", ""MCR_v1_seq100/17"", ""MCR_v1_seq100/19"", ""MCR_v1_seq100/22"", ""MCR_v1_seq100/33"", ""MCR_v1_seq100/40"", ""MCR_v1_seq100/64"", ""MCR_v1_seq100/65"", ""MCR_v1_seq100/93"", ""MCR_v2_seq100/142"", ""MCR_v2_seq100/143"", ""MCR_v2_seq100/168"", ""MCR_v2_seq100/199"", ""MCR_v2_seq100/245""]",0.0015525236117355234
E5,base4,add_sibling5,add_sibling5_vs_base4,primary,ALL,complete_or_compatible_partial,200,120,47,4,29,0.835,0.62,-0.215,2.4163071543625847e-10,"[-0.28, -0.155]","[""DA_d2_heldout200b/530"", ""MCR_seq200b/341"", ""MCR_seq200b/408"", ""MCR_v2_seq100/232""]","[""DA_d2_heldout100/259"", ""DA_d2_heldout100/270"", ""DA_d2_heldout100/341"", ""DA_d2_heldout100/404"", ""DA_d2_heldout200b/563"", ""DA_d2_heldout200b/582"", ""DA_d2_heldout200b/586"", ""DA_d2_heldout200b/589"", ""DA_d2_heldout200b/741"", ""DA_d2_heldout200b/747"", ""DA_d2_seq100/103"", ""DA_d2_seq100/164"", ""DA_d2_seq100/177"", ""DA_d2_seq100/90"", ""DA_d2_seq100/99"", ""MCR_seq200b/265"", ""MCR_seq200b/272"", ""MCR_seq200b/275"", ""MCR_seq200b/283"", ""MCR_seq200b/302"", ""MCR_seq200b/330"", ""MCR_seq200b/355"", ""MCR_seq200b/371"", ""MCR_seq200b/372"", ""MCR_seq200b/381"", ""MCR_seq200b/424"", ""MCR_seq200b/450"", ""MCR_seq200b/460"", ""MCR_seq200b/466"", ""MCR_v1_seq100/109"", ""MCR_v1_seq100/119"", ""MCR_v1_seq100/17"", ""MCR_v1_seq100/19"", ""MCR_v1_seq100/22"", ""MCR_v1_seq100/33"", ""MCR_v1_seq100/64"", ""MCR_v1_seq100/65"", ""MCR_v1_seq100/72"", ""MCR_v1_seq100/93"", ""MCR_v2_seq100/140"", ""MCR_v2_seq100/142"", ""MCR_v2_seq100/143"", ""MCR_v2_seq100/151"", ""MCR_v2_seq100/168"", ""MCR_v2_seq100/199"", ""MCR_v2_seq100/234"", ""MCR_v2_seq100/245""]",1.6914150080538093e-09
E5,base4,add_synonym5,add_synonym5_vs_base4,primary,ALL,complete_or_compatible_partial,200,136,31,13,20,0.835,0.745,-0.09,0.009559878856634896,"[-0.155, -0.025]","[""DA_d2_heldout100/374"", ""DA_d2_heldout200b/530"", ""DA_d2_heldout200b/602"", ""MCR_seq200b/279"", ""MCR_seq200b/341"", ""MCR_seq200b/354"", ""MCR_seq200b/405"", ""MCR_seq200b/408"", ""MCR_seq200b/461"", ""MCR_seq200b/468"", ""MCR_v1_seq100/94"", ""MCR_v2_seq100/165"", ""MCR_v2_seq100/232""]","[""DA_d2_heldout100/270"", ""DA_d2_heldout100/341"", ""DA_d2_heldout100/404"", ""DA_d2_heldout200b/582"", ""DA_d2_heldout200b/586"", ""DA_d2_heldout200b/741"", ""DA_d2_seq100/103"", ""DA_d2_seq100/177"", ""DA_d2_seq100/90"", ""MCR_seq200b/251"", ""MCR_seq200b/272"", ""MCR_seq200b/275"", ""MCR_seq200b/371"", ""MCR_seq200b/381"", ""MCR_seq200b/424"", ""MCR_seq200b/450"", ""MCR_seq200b/460"", ""MCR_seq200b/466"", ""MCR_v1_seq100/119"", ""MCR_v1_seq100/17"", ""MCR_v1_seq100/19"", ""MCR_v1_seq100/22"", ""MCR_v1_seq100/33"", ""MCR_v1_seq100/64"", ""MCR_v1_seq100/65"", ""MCR_v1_seq100/93"", ""MCR_v2_seq100/142"", ""MCR_v2_seq100/143"", ""MCR_v2_seq100/168"", ""MCR_v2_seq100/199"", ""MCR_v2_seq100/245""]",0.01911975771326979
E5,base4,add_unrelated5,add_unrelated5_vs_base4,primary,ALL,complete_or_compatible_partial,200,130,37,6,27,0.835,0.68,-0.155,1.636124125070637e-06,"[-0.215, -0.095]","[""DA_d2_heldout100/367"", ""DA_d2_heldout100/374"", ""DA_d2_heldout200b/530"", ""MCR_seq200b/341"", ""MCR_seq200b/468"", ""MCR_v2_seq100/232""]","[""DA_d2_heldout100/270"", ""DA_d2_heldout100/341"", ""DA_d2_heldout100/404"", ""DA_d2_heldout200b/582"", ""DA_d2_heldout200b/586"", ""DA_d2_seq100/103"", ""DA_d2_seq100/177"", ""DA_d2_seq100/90"", ""MCR_seq200b/272"", ""MCR_seq200b/275"", ""MCR_seq200b/355"", ""MCR_seq200b/371"", ""MCR_seq200b/381"", ""MCR_seq200b/403"", ""MCR_seq200b/419"", ""MCR_seq200b/424"", ""MCR_seq200b/450"", ""MCR_seq200b/460"", ""MCR_seq200b/466"", ""MCR_v1_seq100/107"", ""MCR_v1_seq100/111"", ""MCR_v1_seq100/119"", ""MCR_v1_seq100/17"", ""MCR_v1_seq100/19"", ""MCR_v1_seq100/22"", ""MCR_v1_seq100/33"", ""MCR_v1_seq100/64"", ""MCR_v1_seq100/65"", ""MCR_v1_seq100/93"", ""MCR_v2_seq100/140"", ""MCR_v2_seq100/142"", ""MCR_v2_seq100/143"", ""MCR_v2_seq100/151"", ""MCR_v2_seq100/168"", ""MCR_v2_seq100/199"", ""MCR_v2_seq100/234"", ""MCR_v2_seq100/245""]",8.180620625353185e-06
E5,base4,nested_width6,nested_width6_vs_base4,primary,ALL,complete_or_compatible_partial,200,121,46,4,29,0.835,0.625,-0.21,4.461782054931973e-10,"[-0.275, -0.15]","[""MCR_seq200b/279"", ""MCR_seq200b/319"", ""MCR_seq200b/341"", ""MCR_v2_seq100/232""]","[""DA_d2_heldout100/270"", ""DA_d2_heldout100/341"", ""DA_d2_heldout100/404"", ""DA_d2_heldout200b/582"", ""DA_d2_heldout200b/586"", ""DA_d2_heldout200b/589"", ""DA_d2_heldout200b/741"", ""DA_d2_heldout200b/747"", ""DA_d2_seq100/103"", ""DA_d2_seq100/164"", ""DA_d2_seq100/177"", ""DA_d2_seq100/90"", ""MCR_seq200b/251"", ""MCR_seq200b/265"", ""MCR_seq200b/272"", ""MCR_seq200b/275"", ""MCR_seq200b/288"", ""MCR_seq200b/302"", ""MCR_seq200b/355"", ""MCR_seq200b/371"", ""MCR_seq200b/372"", ""MCR_seq200b/375"", ""MCR_seq200b/381"", ""MCR_seq200b/403"", ""MCR_seq200b/424"", ""MCR_seq200b/450"", ""MCR_seq200b/460"", ""MCR_seq200b/466"", ""MCR_v1_seq100/107"", ""MCR_v1_seq100/119"", ""MCR_v1_seq100/17"", ""MCR_v1_seq100/18"", ""MCR_v1_seq100/19"", ""MCR_v1_seq100/22"", ""MCR_v1_seq100/23"", ""MCR_v1_seq100/33"", ""MCR_v1_seq100/64"", ""MCR_v1_seq100/65"", ""MCR_v1_seq100/93"", ""MCR_v2_seq100/140"", ""MCR_v2_seq100/142"", ""MCR_v2_seq100/143"", ""MCR_v2_seq100/151"", ""MCR_v2_seq100/168"", ""MCR_v2_seq100/199"", ""MCR_v2_seq100/245""]",2.677069232959184e-09
E5,base4,nested_width8,nested_width8_vs_base4,primary,ALL,complete_or_compatible_partial,200,114,53,1,32,0.835,0.575,-0.26,6.106226635438361e-15,"[-0.325, -0.2]","[""MCR_v2_seq100/232""]","[""DA_d2_heldout100/259"", ""DA_d2_heldout100/270"", ""DA_d2_heldout100/317"", ""DA_d2_heldout100/341"", ""DA_d2_heldout100/404"", ""DA_d2_heldout200b/582"", ""DA_d2_heldout200b/586"", ""DA_d2_heldout200b/589"", ""DA_d2_heldout200b/591"", ""DA_d2_heldout200b/741"", ""DA_d2_seq100/103"", ""DA_d2_seq100/164"", ""DA_d2_seq100/177"", ""DA_d2_seq100/90"", ""MCR_seq200b/257"", ""MCR_seq200b/265"", ""MCR_seq200b/272"", ""MCR_seq200b/275"", ""MCR_seq200b/288"", ""MCR_seq200b/330"", ""MCR_seq200b/342"", ""MCR_seq200b/358"", ""MCR_seq200b/371"", ""MCR_seq200b/381"", ""MCR_seq200b/403"", ""MCR_seq200b/419"", ""MCR_seq200b/424"", ""MCR_seq200b/436"", ""MCR_seq200b/450"", ""MCR_seq200b/460"", ""MCR_seq200b/466"", ""MCR_v1_seq100/107"", ""MCR_v1_seq100/109"", ""MCR_v1_seq100/119"", ""MCR_v1_seq100/17"", ""MCR_v1_seq100/18"", ""MCR_v1_seq100/19"", ""MCR_v1_seq100/22"", ""MCR_v1_seq100/23"", ""MCR_v1_seq100/33"", ""MCR_v1_seq100/42"", ""MCR_v1_seq100/64"", ""MCR_v1_seq100/65"", ""MCR_v1_seq100/72"", ""MCR_v1_seq100/93"", ""MCR_v2_seq100/140"", ""MCR_v2_seq100/142"", ""MCR_v2_seq100/143"", ""MCR_v2_seq100/151"", ""MCR_v2_seq100/168"", ""MCR_v2_seq100/199"", ""MCR_v2_seq100/237"", ""MCR_v2_seq100/245""]",4.884981308350689e-14
E5,base4,remove_non_gold3,remove_non_gold3_vs_base4,primary,ALL,complete_or_compatible_partial,200,157,10,16,17,0.835,0.865,0.03,0.32693958282470703,"[-0.02, 0.08]","[""DA_d2_heldout100/367"", ""DA_d2_heldout100/452"", ""DA_d2_heldout200b/498"", ""DA_d2_heldout200b/530"", ""DA_d2_heldout200b/602"", ""MCR_seq200b/319"", ""MCR_seq200b/327"", ""MCR_seq200b/338"", ""MCR_seq200b/341"", ""MCR_seq200b/408"", ""MCR_seq200b/413"", ""MCR_seq200b/461"", ""MCR_seq200b/468"", ""MCR_v1_seq100/5"", ""MCR_v2_seq100/210"", ""MCR_v2_seq100/232""]","[""DA_d2_heldout200b/490"", ""DA_d2_heldout200b/583"", ""DA_d2_heldout200b/741"", ""DA_d2_heldout200b/747"", ""DA_d2_heldout200b/769"", ""MCR_seq200b/403"", ""MCR_seq200b/460"", ""MCR_v1_seq100/40"", ""MCR_v1_seq100/65"", ""MCR_v2_seq100/234""]",0.32693958282470703
E5,base4,add_component5,add_component5_vs_base4,primary,ALL,legacy_chain,200,102,37,15,46,0.695,0.585,-0.11,0.003185253447776759,"[-0.18, -0.04]","[""DA_d2_heldout100/306"", ""DA_d2_heldout100/329"", ""DA_d2_heldout100/374"", ""DA_d2_heldout100/452"", ""DA_d2_heldout200b/529"", ""DA_d2_heldout200b/530"", ""DA_d2_heldout200b/589"", ""DA_d2_heldout200b/646"", ""MCR_seq200b/341"", ""MCR_seq200b/405"", ""MCR_seq200b/408"", ""MCR_seq200b/413"", ""MCR_seq200b/468"", ""MCR_v2_seq100/232"", ""MCR_v2_seq100/234""]","[""DA_d2_heldout100/270"", ""DA_d2_heldout100/341"", ""DA_d2_heldout100/404"", ""DA_d2_heldout200b/490"", ""DA_d2_heldout200b/582"", ""DA_d2_seq100/103"", ""DA_d2_seq100/177"", ""DA_d2_seq100/220"", ""DA_d2_seq100/29"", ""DA_d2_seq100/90"", ""MCR_seq200b/272"", ""MCR_seq200b/275"", ""MCR_seq200b/283"", ""MCR_seq200b/371"", ""MCR_seq200b/381"", ""MCR_seq200b/403"", ""MCR_seq200b/424"", ""MCR_seq200b/450"", ""MCR_seq200b/460"", ""MCR_seq200b/466"", ""MCR_v1_seq100/107"", ""MCR_v1_seq100/109"", ""MCR_v1_seq100/119"", ""MCR_v1_seq100/17"", ""MCR_v1_seq100/19"", ""MCR_v1_seq100/22"", ""MCR_v1_seq100/33"", ""MCR_v1_seq100/64"", ""MCR_v1_seq100/65"", ""MCR_v1_seq100/75"", ""MCR_v1_seq100/93"", ""MCR_v2_seq100/140"", ""MCR_v2_seq100/142"", ""MCR_v2_seq100/143"", ""MCR_v2_seq100/151"", ""MCR_v2_seq100/168"", ""MCR_v2_seq100/245""]",0.006370506895553518
E5,base4,add_parent5,add_parent5_vs_base4,primary,ALL,legacy_chain,200,94,45,11,50,0.695,0.525,-0.17,5.37831811014966e-06,"[-0.24, -0.1]","[""DA_d2_heldout100/306"", ""DA_d2_heldout100/359"", ""DA_d2_heldout100/367"", ""DA_d2_heldout200b/529"", ""DA_d2_heldout200b/645"", ""MCR_seq200b/279"", ""MCR_seq200b/341"", ""MCR_seq200b/408"", ""MCR_seq200b/468"", ""MCR_v2_seq100/165"", ""MCR_v2_seq100/232""]","[""DA_d2_heldout100/270"", ""DA_d2_heldout100/341"", ""DA_d2_heldout100/373"", ""DA_d2_heldout100/404"", ""DA_d2_heldout200b/582"", ""DA_d2_heldout200b/628"", ""DA_d2_heldout200b/630"", ""DA_d2_heldout200b/636"", ""DA_d2_heldout200b/736"", ""DA_d2_heldout200b/741"", ""DA_d2_seq100/103"", ""DA_d2_seq100/177"", ""DA_d2_seq100/242"", ""DA_d2_seq100/87"", ""DA_d2_seq100/90"", ""DA_d2_seq100/99"", ""MCR_seq200b/251"", ""MCR_seq200b/266"", ""MCR_seq200b/272"", ""MCR_seq200b/275"", ""MCR_seq200b/330"", ""MCR_seq200b/342"", ""MCR_seq200b/371"", ""MCR_seq200b/381"", ""MCR_seq200b/394"", ""MCR_seq200b/403"", ""MCR_seq200b/424"", ""MCR_seq200b/450"", ""MCR_seq200b/460"", ""MCR_seq200b/466"", ""MCR_v1_seq100/119"", ""MCR_v1_seq100/17"", ""MCR_v1_seq100/19"", ""MCR_v1_seq100/22"", ""MCR_v1_seq100/33"", ""MCR_v1_seq100/40"", ""MCR_v1_seq100/64"", ""MCR_v1_seq100/65"", ""MCR_v1_seq100/75"", ""MCR_v1_seq100/93"", ""MCR_v2_seq100/140"", ""MCR_v2_seq100/142"", ""MCR_v2_seq100/143"", ""MCR_v2_seq100/168"", ""MCR_v2_seq100/245""]",2.68915905507483e-05
E5,base4,add_sibling5,add_sibling5_vs_base4,primary,ALL,legacy_chain,200,91,48,7,54,0.695,0.49,-0.205,1.3087586125948292e-08,"[-0.27, -0.14]","[""DA_d2_heldout100/306"", ""DA_d2_heldout100/359"", ""DA_d2_heldout200b/529"", ""DA_d2_heldout200b/530"", ""MCR_seq200b/341"", ""MCR_seq200b/408"", ""MCR_v2_seq100/232""]","[""DA_d2_heldout100/259"", ""DA_d2_heldout100/270"", ""DA_d2_heldout100/341"", ""DA_d2_heldout100/404"", ""DA_d2_heldout200b/563"", ""DA_d2_heldout200b/582"", ""DA_d2_heldout200b/630"", ""DA_d2_heldout200b/741"", ""DA_d2_heldout200b/775"", ""DA_d2_seq100/103"", ""DA_d2_seq100/164"", ""DA_d2_seq100/177"", ""DA_d2_seq100/29"", ""DA_d2_seq100/90"", ""DA_d2_seq100/99"", ""MCR_seq200b/265"", ""MCR_seq200b/272"", ""MCR_seq200b/275"", ""MCR_seq200b/302"", ""MCR_seq200b/314"", ""MCR_seq200b/330"", ""MCR_seq200b/342"", ""MCR_seq200b/355"", ""MCR_seq200b/371"", ""MCR_seq200b/372"", ""MCR_seq200b/381"", ""MCR_seq200b/424"", ""MCR_seq200b/450"", ""MCR_seq200b/460"", ""MCR_seq200b/466"", ""MCR_v1_seq100/109"", ""MCR_v1_seq100/119"", ""MCR_v1_seq100/17"", ""MCR_v1_seq100/19"", ""MCR_v1_seq100/22"", ""MCR_v1_seq100/33"", ""MCR_v1_seq100/64"", ""MCR_v1_seq100/65"", ""MCR_v1_seq100/72"", ""MCR_v1_seq100/75"", ""MCR_v1_seq100/93"", ""MCR_v2_seq100/140"", ""MCR_v2_seq100/142"", ""MCR_v2_seq100/143"", ""MCR_v2_seq100/151"", ""MCR_v2_seq100/168"", ""MCR_v2_seq100/237"", ""MCR_v2_seq100/245""]",9.161310288163804e-08
E5,base4,add_synonym5,add_synonym5_vs_base4,primary,ALL,legacy_chain,200,94,45,18,43,0.695,0.56,-0.135,0.0008980471786680215,"[-0.21, -0.06]","[""DA_d2_heldout100/306"", ""DA_d2_heldout100/317"", ""DA_d2_heldout100/374"", ""DA_d2_heldout200b/589"", ""DA_d2_heldout200b/602"", ""DA_d2_heldout200b/653"", ""DA_d2_heldout200b/747"", ""DA_d2_seq100/188"", ""MCR_seq200b/279"", ""MCR_seq200b/341"", ""MCR_seq200b/354"", ""MCR_seq200b/405"", ""MCR_seq200b/408"", ""MCR_seq200b/461"", ""MCR_seq200b/468"", ""MCR_v1_seq100/94"", ""MCR_v2_seq100/165"", ""MCR_v2_seq100/232""]","[""DA_d2_heldout100/259"", ""DA_d2_heldout100/270"", ""DA_d2_heldout100/341"", ""DA_d2_heldout100/347"", ""DA_d2_heldout100/404"", ""DA_d2_heldout200b/582"", ""DA_d2_heldout200b/628"", ""DA_d2_heldout200b/630"", ""DA_d2_heldout200b/723"", ""DA_d2_heldout200b/741"", ""DA_d2_seq100/103"", ""DA_d2_seq100/140"", ""DA_d2_seq100/177"", ""DA_d2_seq100/29"", ""DA_d2_seq100/90"", ""MCR_seq200b/251"", ""MCR_seq200b/272"", ""MCR_seq200b/275"", ""MCR_seq200b/312"", ""MCR_seq200b/314"", ""MCR_seq200b/339"", ""MCR_seq200b/358"", ""MCR_seq200b/371"", ""MCR_seq200b/381"", ""MCR_seq200b/424"", ""MCR_seq200b/450"", ""MCR_seq200b/460"", ""MCR_seq200b/466"", ""MCR_v1_seq100/109"", ""MCR_v1_seq100/119"", ""MCR_v1_seq100/17"", ""MCR_v1_seq100/19"", ""MCR_v1_seq100/22"", ""MCR_v1_seq100/26"", ""MCR_v1_seq100/33"", ""MCR_v1_seq100/41"", ""MCR_v1_seq100/64"", ""MCR_v1_seq100/65"", ""MCR_v1_seq100/72"", ""MCR_v1_seq100/75"", ""MCR_v1_seq100/93"", ""MCR_v2_seq100/142"", ""MCR_v2_seq100/143"", ""MCR_v2_seq100/168"", ""MCR_v2_seq100/245""]",0.0026941415360040646
E5,base4,add_unrelated5,add_unrelated5_vs_base4,primary,ALL,legacy_chain,200,99,40,10,51,0.695,0.545,-0.15,2.3861331676755526e-05,"[-0.22, -0.085]","[""DA_d2_heldout100/359"", ""DA_d2_heldout100/367"", ""DA_d2_heldout100/374"", ""DA_d2_heldout100/375"", ""DA_d2_heldout200b/529"", ""DA_d2_heldout200b/589"", ""DA_d2_heldout200b/646"", ""MCR_seq200b/341"", ""MCR_seq200b/468"", ""MCR_v2_seq100/232""]","[""DA_d2_heldout100/270"", ""DA_d2_heldout100/341"", ""DA_d2_heldout100/373"", ""DA_d2_heldout100/404"", ""DA_d2_heldout200b/582"", ""DA_d2_heldout200b/630"", ""DA_d2_heldout200b/723"", ""DA_d2_heldout200b/775"", ""DA_d2_seq100/103"", ""DA_d2_seq100/177"", ""DA_d2_seq100/242"", ""DA_d2_seq100/90"", ""MCR_seq200b/272"", ""MCR_seq200b/275"", ""MCR_seq200b/355"", ""MCR_seq200b/371"", ""MCR_seq200b/381"", ""MCR_seq200b/403"", ""MCR_seq200b/419"", ""MCR_seq200b/424"", ""MCR_seq200b/450"", ""MCR_seq200b/460"", ""MCR_seq200b/466"", ""MCR_v1_seq100/107"", ""MCR_v1_seq100/111"", ""MCR_v1_seq100/119"", ""MCR_v1_seq100/17"", ""MCR_v1_seq100/19"", ""MCR_v1_seq100/22"", ""MCR_v1_seq100/33"", ""MCR_v1_seq100/64"", ""MCR_v1_seq100/65"", ""MCR_v1_seq100/75"", ""MCR_v1_seq100/93"", ""MCR_v2_seq100/140"", ""MCR_v2_seq100/142"", ""MCR_v2_seq100/143"", ""MCR_v2_seq100/151"", ""MCR_v2_seq100/168"", ""MCR_v2_seq100/245""]",9.54453267070221e-05
E5,base4,nested_width6,nested_width6_vs_base4,primary,ALL,legacy_chain,200,91,48,9,52,0.695,0.5,-0.195,1.520195229143262e-07,"[-0.265, -0.125]","[""DA_d2_heldout100/306"", ""DA_d2_heldout100/359"", ""DA_d2_heldout100/375"", ""DA_d2_heldout200b/529"", ""DA_d2_heldout200b/646"", ""DA_d2_heldout200b/653"", ""MCR_seq200b/279"", ""MCR_seq200b/341"", ""MCR_v2_seq100/232""]","[""DA_d2_heldout100/257"", ""DA_d2_heldout100/259"", ""DA_d2_heldout100/270"", ""DA_d2_heldout100/341"", ""DA_d2_heldout100/404"", ""DA_d2_heldout200b/582"", ""DA_d2_heldout200b/630"", ""DA_d2_heldout200b/723"", ""DA_d2_heldout200b/741"", ""DA_d2_heldout200b/775"", ""DA_d2_seq100/103"", ""DA_d2_seq100/164"", ""DA_d2_seq100/177"", ""DA_d2_seq100/29"", ""DA_d2_seq100/90"", ""MCR_seq200b/251"", ""MCR_seq200b/265"", ""MCR_seq200b/272"", ""MCR_seq200b/275"", ""MCR_seq200b/288"", ""MCR_seq200b/302"", ""MCR_seq200b/314"", ""MCR_seq200b/355"", ""MCR_seq200b/371"", ""MCR_seq200b/372"", ""MCR_seq200b/375"", ""MCR_seq200b/381"", ""MCR_seq200b/403"", ""MCR_seq200b/424"", ""MCR_seq200b/450"", ""MCR_seq200b/460"", ""MCR_seq200b/466"", ""MCR_v1_seq100/107"", ""MCR_v1_seq100/119"", ""MCR_v1_seq100/17"", ""MCR_v1_seq100/18"", ""MCR_v1_seq100/19"", ""MCR_v1_seq100/22"", ""MCR_v1_seq100/33"", ""MCR_v1_seq100/64"", ""MCR_v1_seq100/65"", ""MCR_v1_seq100/93"", ""MCR_v2_seq100/140"", ""MCR_v2_seq100/142"", ""MCR_v2_seq100/143"", ""MCR_v2_seq100/151"", ""MCR_v2_seq100/168"", ""MCR_v2_seq100/245""]",9.121171374859571e-07
E5,base4,nested_width8,nested_width8_vs_base4,primary,ALL,legacy_chain,200,83,56,4,57,0.695,0.435,-0.26,9.084503982403902e-13,"[-0.325, -0.19]","[""DA_d2_heldout100/359"", ""DA_d2_heldout200b/529"", ""DA_d2_heldout200b/653"", ""MCR_v2_seq100/232""]","[""DA_d2_heldout100/257"", ""DA_d2_heldout100/259"", ""DA_d2_heldout100/270"", ""DA_d2_heldout100/341"", ""DA_d2_heldout100/404"", ""DA_d2_heldout200b/563"", ""DA_d2_heldout200b/582"", ""DA_d2_heldout200b/591"", ""DA_d2_heldout200b/630"", ""DA_d2_heldout200b/723"", ""DA_d2_heldout200b/741"", ""DA_d2_seq100/103"", ""DA_d2_seq100/164"", ""DA_d2_seq100/177"", ""DA_d2_seq100/29"", ""DA_d2_seq100/87"", ""DA_d2_seq100/90"", ""MCR_seq200b/257"", ""MCR_seq200b/265"", ""MCR_seq200b/271"", ""MCR_seq200b/272"", ""MCR_seq200b/275"", ""MCR_seq200b/288"", ""MCR_seq200b/302"", ""MCR_seq200b/330"", ""MCR_seq200b/342"", ""MCR_seq200b/358"", ""MCR_seq200b/371"", ""MCR_seq200b/381"", ""MCR_seq200b/403"", ""MCR_seq200b/419"", ""MCR_seq200b/424"", ""MCR_seq200b/436"", ""MCR_seq200b/450"", ""MCR_seq200b/460"", ""MCR_seq200b/466"", ""MCR_v1_seq100/107"", ""MCR_v1_seq100/109"", ""MCR_v1_seq100/119"", ""MCR_v1_seq100/17"", ""MCR_v1_seq100/18"", ""MCR_v1_seq100/19"", ""MCR_v1_seq100/22"", ""MCR_v1_seq100/33"", ""MCR_v1_seq100/42"", ""MCR_v1_seq100/64"", ""MCR_v1_seq100/65"", ""MCR_v1_seq100/72"", ""MCR_v1_seq100/93"", ""MCR_v2_seq100/140"", ""MCR_v2_seq100/142"", ""MCR_v2_seq100/143"", ""MCR_v2_seq100/151"", ""MCR_v2_seq100/168"", ""MCR_v2_seq100/237"", ""MCR_v2_seq100/245""]",7.267603185923122e-12
E5,base4,remove_non_gold3,remove_non_gold3_vs_base4,primary,ALL,legacy_chain,200,126,13,28,33,0.695,0.77,0.075,0.027533155829587486,"[0.015, 0.135]","[""DA_d2_heldout100/306"", ""DA_d2_heldout100/317"", ""DA_d2_heldout100/328"", ""DA_d2_heldout100/359"", ""DA_d2_heldout100/367"", ""DA_d2_heldout100/452"", ""DA_d2_heldout200b/497"", ""DA_d2_heldout200b/498"", ""DA_d2_heldout200b/530"", ""DA_d2_heldout200b/569"", ""DA_d2_heldout200b/586"", ""DA_d2_heldout200b/589"", ""DA_d2_heldout200b/602"", ""DA_d2_heldout200b/603"", ""DA_d2_heldout200b/645"", ""DA_d2_heldout200b/646"", ""MCR_seq200b/319"", ""MCR_seq200b/327"", ""MCR_seq200b/338"", ""MCR_seq200b/341"", ""MCR_seq200b/408"", ""MCR_seq200b/413"", ""MCR_seq200b/461"", ""MCR_seq200b/468"", ""MCR_v1_seq100/23"", ""MCR_v1_seq100/5"", ""MCR_v2_seq100/210"", ""MCR_v2_seq100/232""]","[""DA_d2_heldout200b/490"", ""DA_d2_heldout200b/583"", ""DA_d2_heldout200b/628"", ""DA_d2_heldout200b/630"", ""DA_d2_heldout200b/741"", ""DA_d2_heldout200b/769"", ""DA_d2_heldout200b/775"", ""DA_d2_seq100/242"", ""MCR_seq200b/403"", ""MCR_seq200b/460"", ""MCR_seq200b/466"", ""MCR_v1_seq100/40"", ""MCR_v1_seq100/65""]",0.027533155829587486
E5,base4,add_component5,add_component5_vs_base4,primary,ALL,safe_exact,200,95,41,15,49,0.68,0.55,-0.13,0.0006855641563783821,"[-0.2, -0.06]","[""DA_d2_heldout100/302"", ""DA_d2_heldout100/306"", ""DA_d2_heldout100/329"", ""DA_d2_heldout100/374"", ""DA_d2_heldout100/452"", ""DA_d2_heldout200b/529"", ""DA_d2_heldout200b/530"", ""DA_d2_heldout200b/589"", ""DA_d2_heldout200b/646"", ""MCR_seq200b/341"", ""MCR_seq200b/405"", ""MCR_seq200b/408"", ""MCR_seq200b/413"", ""MCR_seq200b/468"", ""MCR_v2_seq100/232""]","[""DA_d2_heldout100/270"", ""DA_d2_heldout100/341"", ""DA_d2_heldout100/404"", ""DA_d2_heldout200b/488"", ""DA_d2_heldout200b/490"", ""DA_d2_heldout200b/582"", ""DA_d2_heldout200b/775"", ""DA_d2_seq100/103"", ""DA_d2_seq100/177"", ""DA_d2_seq100/220"", ""DA_d2_seq100/29"", ""DA_d2_seq100/90"", ""MCR_seq200b/272"", ""MCR_seq200b/275"", ""MCR_seq200b/283"", ""MCR_seq200b/330"", ""MCR_seq200b/356"", ""MCR_seq200b/371"", ""MCR_seq200b/381"", ""MCR_seq200b/403"", ""MCR_seq200b/420"", ""MCR_seq200b/424"", ""MCR_seq200b/460"", ""MCR_seq200b/466"", ""MCR_v1_seq100/107"", ""MCR_v1_seq100/109"", ""MCR_v1_seq100/119"", ""MCR_v1_seq100/17"", ""MCR_v1_seq100/19"", ""MCR_v1_seq100/22"", ""MCR_v1_seq100/33"", ""MCR_v1_seq100/64"", ""MCR_v1_seq100/65"", ""MCR_v1_seq100/75"", ""MCR_v1_seq100/93"", ""MCR_v2_seq100/140"", ""MCR_v2_seq100/142"", ""MCR_v2_seq100/143"", ""MCR_v2_seq100/151"", ""MCR_v2_seq100/168"", ""MCR_v2_seq100/245""]",0.0020566924691351463
E5,base4,add_parent5,add_parent5_vs_base4,primary,ALL,safe_exact,200,86,50,10,54,0.68,0.48,-0.2,1.6163814566157175e-07,"[-0.27, -0.13]","[""DA_d2_heldout100/302"", ""DA_d2_heldout100/306"", ""DA_d2_heldout100/359"", ""DA_d2_heldout100/367"", ""DA_d2_heldout200b/529"", ""DA_d2_heldout200b/645"", ""MCR_seq200b/279"", ""MCR_seq200b/341"", ""MCR_seq200b/408"", ""MCR_v2_seq100/232""]","[""DA_d2_heldout100/270"", ""DA_d2_heldout100/341"", ""DA_d2_heldout100/373"", ""DA_d2_heldout100/404"", ""DA_d2_heldout200b/507"", ""DA_d2_heldout200b/582"", ""DA_d2_heldout200b/628"", ""DA_d2_heldout200b/630"", ""DA_d2_heldout200b/636"", ""DA_d2_heldout200b/736"", ""DA_d2_heldout200b/741"", ""DA_d2_seq100/103"", ""DA_d2_seq100/15"", ""DA_d2_seq100/177"", ""DA_d2_seq100/242"", ""DA_d2_seq100/87"", ""DA_d2_seq100/90"", ""DA_d2_seq100/99"", ""MCR_seq200b/251"", ""MCR_seq200b/266"", ""MCR_seq200b/272"", ""MCR_seq200b/275"", ""MCR_seq200b/302"", ""MCR_seq200b/330"", ""MCR_seq200b/342"", ""MCR_seq200b/371"", ""MCR_seq200b/381"", ""MCR_seq200b/394"", ""MCR_seq200b/403"", ""MCR_seq200b/420"", ""MCR_seq200b/424"", ""MCR_seq200b/460"", ""MCR_seq200b/466"", ""MCR_v1_seq100/119"", ""MCR_v1_seq100/17"", ""MCR_v1_seq100/19"", ""MCR_v1_seq100/22"", ""MCR_v1_seq100/33"", ""MCR_v1_seq100/40"", ""MCR_v1_seq100/64"", ""MCR_v1_seq100/65"", ""MCR_v1_seq100/72"", ""MCR_v1_seq100/75"", ""MCR_v1_seq100/93"", ""MCR_v2_seq100/140"", ""MCR_v2_seq100/142"", ""MCR_v2_seq100/143"", ""MCR_v2_seq100/168"", ""MCR_v2_seq100/237"", ""MCR_v2_seq100/245""]",9.698288739694305e-07
E5,base4,add_sibling5,add_sibling5_vs_base4,primary,ALL,safe_exact,200,85,51,7,57,0.68,0.46,-0.22,2.402164578363397e-09,"[-0.29, -0.15]","[""DA_d2_heldout100/306"", ""DA_d2_heldout100/359"", ""DA_d2_heldout200b/529"", ""DA_d2_heldout200b/530"", ""MCR_seq200b/341"", ""MCR_seq200b/408"", ""MCR_v2_seq100/232""]","[""DA_d2_heldout100/259"", ""DA_d2_heldout100/270"", ""DA_d2_heldout100/341"", ""DA_d2_heldout100/404"", ""DA_d2_heldout200b/507"", ""DA_d2_heldout200b/563"", ""DA_d2_heldout200b/574"", ""DA_d2_heldout200b/582"", ""DA_d2_heldout200b/630"", ""DA_d2_heldout200b/741"", ""DA_d2_heldout200b/775"", ""DA_d2_seq100/103"", ""DA_d2_seq100/164"", ""DA_d2_seq100/177"", ""DA_d2_seq100/29"", ""DA_d2_seq100/90"", ""DA_d2_seq100/99"", ""MCR_seq200b/265"", ""MCR_seq200b/272"", ""MCR_seq200b/275"", ""MCR_seq200b/283"", ""MCR_seq200b/302"", ""MCR_seq200b/314"", ""MCR_seq200b/330"", ""MCR_seq200b/342"", ""MCR_seq200b/355"", ""MCR_seq200b/371"", ""MCR_seq200b/372"", ""MCR_seq200b/381"", ""MCR_seq200b/420"", ""MCR_seq200b/424"", ""MCR_seq200b/460"", ""MCR_seq200b/466"", ""MCR_v1_seq100/109"", ""MCR_v1_seq100/119"", ""MCR_v1_seq100/17"", ""MCR_v1_seq100/19"", ""MCR_v1_seq100/22"", ""MCR_v1_seq100/33"", ""MCR_v1_seq100/64"", ""MCR_v1_seq100/65"", ""MCR_v1_seq100/72"", ""MCR_v1_seq100/75"", ""MCR_v1_seq100/93"", ""MCR_v2_seq100/140"", ""MCR_v2_seq100/142"", ""MCR_v2_seq100/143"", ""MCR_v2_seq100/151"", ""MCR_v2_seq100/168"", ""MCR_v2_seq100/237"", ""MCR_v2_seq100/245""]",1.681515204854378e-08
E5,base4,add_synonym5,add_synonym5_vs_base4,primary,ALL,safe_exact,200,90,46,19,45,0.68,0.545,-0.135,0.0010900838044475788,"[-0.21, -0.06]","[""DA_d2_heldout100/302"", ""DA_d2_heldout100/306"", ""DA_d2_heldout100/317"", ""DA_d2_heldout100/374"", ""DA_d2_heldout200b/589"", ""DA_d2_heldout200b/602"", ""DA_d2_heldout200b/653"", ""DA_d2_heldout200b/747"", ""DA_d2_seq100/188"", ""MCR_seq200b/279"", ""MCR_seq200b/341"", ""MCR_seq200b/354"", ""MCR_seq200b/405"", ""MCR_seq200b/408"", ""MCR_seq200b/461"", ""MCR_seq200b/468"", ""MCR_v1_seq100/94"", ""MCR_v2_seq100/165"", ""MCR_v2_seq100/232""]","[""DA_d2_heldout100/259"", ""DA_d2_heldout100/270"", ""DA_d2_heldout100/341"", ""DA_d2_heldout100/347"", ""DA_d2_heldout100/404"", ""DA_d2_heldout200b/507"", ""DA_d2_heldout200b/582"", ""DA_d2_heldout200b/628"", ""DA_d2_heldout200b/630"", ""DA_d2_heldout200b/723"", ""DA_d2_heldout200b/741"", ""DA_d2_seq100/103"", ""DA_d2_seq100/140"", ""DA_d2_seq100/177"", ""DA_d2_seq100/29"", ""DA_d2_seq100/90"", ""DA_d2_seq100/99"", ""MCR_seq200b/251"", ""MCR_seq200b/272"", ""MCR_seq200b/275"", ""MCR_seq200b/312"", ""MCR_seq200b/314"", ""MCR_seq200b/339"", ""MCR_seq200b/358"", ""MCR_seq200b/371"", ""MCR_seq200b/381"", ""MCR_seq200b/424"", ""MCR_seq200b/460"", ""MCR_seq200b/466"", ""MCR_v1_seq100/109"", ""MCR_v1_seq100/119"", ""MCR_v1_seq100/17"", ""MCR_v1_seq100/19"", ""MCR_v1_seq100/22"", ""MCR_v1_seq100/26"", ""MCR_v1_seq100/33"", ""MCR_v1_seq100/41"", ""MCR_v1_seq100/64"", ""MCR_v1_seq100/65"", ""MCR_v1_seq100/72"", ""MCR_v1_seq100/75"", ""MCR_v1_seq100/93"", ""MCR_v2_seq100/142"", ""MCR_v2_seq100/143"", ""MCR_v2_seq100/168"", ""MCR_v2_seq100/245""]",0.0021801676088951576
E5,base4,add_unrelated5,add_unrelated5_vs_base4,primary,ALL,safe_exact,200,94,42,12,52,0.68,0.53,-0.15,5.2094472007935266e-05,"[-0.22, -0.08]","[""DA_d2_heldout100/302"", ""DA_d2_heldout100/359"", ""DA_d2_heldout100/367"", ""DA_d2_heldout100/374"", ""DA_d2_heldout100/375"", ""DA_d2_heldout200b/529"", ""DA_d2_heldout200b/589"", ""DA_d2_heldout200b/646"", ""MCR_seq200b/341"", ""MCR_seq200b/384"", ""MCR_seq200b/468"", ""MCR_v2_seq100/232""]","[""DA_d2_heldout100/270"", ""DA_d2_heldout100/341"", ""DA_d2_heldout100/373"", ""DA_d2_heldout100/404"", ""DA_d2_heldout200b/507"", ""DA_d2_heldout200b/582"", ""DA_d2_heldout200b/630"", ""DA_d2_heldout200b/723"", ""DA_d2_heldout200b/775"", ""DA_d2_seq100/103"", ""DA_d2_seq100/15"", ""DA_d2_seq100/177"", ""DA_d2_seq100/242"", ""DA_d2_seq100/90"", ""MCR_seq200b/272"", ""MCR_seq200b/275"", ""MCR_seq200b/355"", ""MCR_seq200b/371"", ""MCR_seq200b/381"", ""MCR_seq200b/403"", ""MCR_seq200b/419"", ""MCR_seq200b/420"", ""MCR_seq200b/424"", ""MCR_seq200b/460"", ""MCR_seq200b/466"", ""MCR_v1_seq100/107"", ""MCR_v1_seq100/111"", ""MCR_v1_seq100/119"", ""MCR_v1_seq100/17"", ""MCR_v1_seq100/19"", ""MCR_v1_seq100/22"", ""MCR_v1_seq100/33"", ""MCR_v1_seq100/64"", ""MCR_v1_seq100/65"", ""MCR_v1_seq100/75"", ""MCR_v1_seq100/93"", ""MCR_v2_seq100/140"", ""MCR_v2_seq100/142"", ""MCR_v2_seq100/143"", ""MCR_v2_seq100/151"", ""MCR_v2_seq100/168"", ""MCR_v2_seq100/245""]",0.00020837788803174107
E5,base4,nested_width6,nested_width6_vs_base4,primary,ALL,safe_exact,200,86,50,10,54,0.68,0.48,-0.2,1.6163814566157175e-07,"[-0.27, -0.13]","[""DA_d2_heldout100/302"", ""DA_d2_heldout100/306"", ""DA_d2_heldout100/359"", ""DA_d2_heldout100/375"", ""DA_d2_heldout200b/529"", ""DA_d2_heldout200b/646"", ""DA_d2_heldout200b/653"", ""MCR_seq200b/279"", ""MCR_seq200b/341"", ""MCR_v2_seq100/232""]","[""DA_d2_heldout100/257"", ""DA_d2_heldout100/259"", ""DA_d2_heldout100/270"", ""DA_d2_heldout100/341"", ""DA_d2_heldout100/404"", ""DA_d2_heldout200b/574"", ""DA_d2_heldout200b/582"", ""DA_d2_heldout200b/630"", ""DA_d2_heldout200b/723"", ""DA_d2_heldout200b/741"", ""DA_d2_heldout200b/775"", ""DA_d2_seq100/103"", ""DA_d2_seq100/15"", ""DA_d2_seq100/164"", ""DA_d2_seq100/177"", ""DA_d2_seq100/29"", ""DA_d2_seq100/90"", ""MCR_seq200b/251"", ""MCR_seq200b/265"", ""MCR_seq200b/272"", ""MCR_seq200b/275"", ""MCR_seq200b/288"", ""MCR_seq200b/302"", ""MCR_seq200b/314"", ""MCR_seq200b/355"", ""MCR_seq200b/371"", ""MCR_seq200b/372"", ""MCR_seq200b/375"", ""MCR_seq200b/381"", ""MCR_seq200b/403"", ""MCR_seq200b/424"", ""MCR_seq200b/460"", ""MCR_seq200b/466"", ""MCR_v1_seq100/107"", ""MCR_v1_seq100/119"", ""MCR_v1_seq100/17"", ""MCR_v1_seq100/18"", ""MCR_v1_seq100/19"", ""MCR_v1_seq100/22"", ""MCR_v1_seq100/33"", ""MCR_v1_seq100/40"", ""MCR_v1_seq100/64"", ""MCR_v1_seq100/65"", ""MCR_v1_seq100/93"", ""MCR_v2_seq100/140"", ""MCR_v2_seq100/142"", ""MCR_v2_seq100/143"", ""MCR_v2_seq100/151"", ""MCR_v2_seq100/168"", ""MCR_v2_seq100/245""]",9.698288739694305e-07
E5,base4,nested_width8,nested_width8_vs_base4,primary,ALL,safe_exact,200,76,60,6,58,0.68,0.41,-0.27,2.72580319860688e-12,"[-0.34, -0.2]","[""DA_d2_heldout100/302"", ""DA_d2_heldout100/359"", ""DA_d2_heldout200b/529"", ""DA_d2_heldout200b/653"", ""MCR_seq200b/384"", ""MCR_v2_seq100/232""]","[""DA_d2_heldout100/257"", ""DA_d2_heldout100/259"", ""DA_d2_heldout100/270"", ""DA_d2_heldout100/341"", ""DA_d2_heldout100/404"", ""DA_d2_heldout200b/507"", ""DA_d2_heldout200b/563"", ""DA_d2_heldout200b/574"", ""DA_d2_heldout200b/582"", ""DA_d2_heldout200b/591"", ""DA_d2_heldout200b/630"", ""DA_d2_heldout200b/723"", ""DA_d2_heldout200b/741"", ""DA_d2_heldout200b/775"", ""DA_d2_seq100/103"", ""DA_d2_seq100/15"", ""DA_d2_seq100/164"", ""DA_d2_seq100/177"", ""DA_d2_seq100/29"", ""DA_d2_seq100/87"", ""DA_d2_seq100/90"", ""MCR_seq200b/257"", ""MCR_seq200b/265"", ""MCR_seq200b/271"", ""MCR_seq200b/272"", ""MCR_seq200b/275"", ""MCR_seq200b/288"", ""MCR_seq200b/302"", ""MCR_seq200b/330"", ""MCR_seq200b/342"", ""MCR_seq200b/358"", ""MCR_seq200b/371"", ""MCR_seq200b/381"", ""MCR_seq200b/403"", ""MCR_seq200b/419"", ""MCR_seq200b/424"", ""MCR_seq200b/436"", ""MCR_seq200b/460"", ""MCR_seq200b/466"", ""MCR_v1_seq100/107"", ""MCR_v1_seq100/109"", ""MCR_v1_seq100/119"", ""MCR_v1_seq100/17"", ""MCR_v1_seq100/18"", ""MCR_v1_seq100/19"", ""MCR_v1_seq100/22"", ""MCR_v1_seq100/33"", ""MCR_v1_seq100/40"", ""MCR_v1_seq100/42"", ""MCR_v1_seq100/64"", ""MCR_v1_seq100/65"", ""MCR_v1_seq100/72"", ""MCR_v1_seq100/93"", ""MCR_v2_seq100/140"", ""MCR_v2_seq100/142"", ""MCR_v2_seq100/143"", ""MCR_v2_seq100/151"", ""MCR_v2_seq100/168"", ""MCR_v2_seq100/237"", ""MCR_v2_seq100/245""]",2.180642558885504e-11
E5,base4,remove_non_gold3,remove_non_gold3_vs_base4,primary,ALL,safe_exact,200,123,13,29,35,0.68,0.76,0.08,0.019520472782460274,"[0.015, 0.145]","[""DA_d2_heldout100/302"", ""DA_d2_heldout100/306"", ""DA_d2_heldout100/317"", ""DA_d2_heldout100/328"", ""DA_d2_heldout100/359"", ""DA_d2_heldout100/367"", ""DA_d2_heldout100/452"", ""DA_d2_heldout200b/497"", ""DA_d2_heldout200b/498"", ""DA_d2_heldout200b/530"", ""DA_d2_heldout200b/569"", ""DA_d2_heldout200b/586"", ""DA_d2_heldout200b/589"", ""DA_d2_heldout200b/602"", ""DA_d2_heldout200b/603"", ""DA_d2_heldout200b/645"", ""DA_d2_heldout200b/646"", ""MCR_seq200b/319"", ""MCR_seq200b/327"", ""MCR_seq200b/338"", ""MCR_seq200b/341"", ""MCR_seq200b/408"", ""MCR_seq200b/413"", ""MCR_seq200b/461"", ""MCR_seq200b/468"", ""MCR_v1_seq100/23"", ""MCR_v1_seq100/5"", ""MCR_v2_seq100/210"", ""MCR_v2_seq100/232""]","[""DA_d2_heldout200b/490"", ""DA_d2_heldout200b/583"", ""DA_d2_heldout200b/628"", ""DA_d2_heldout200b/630"", ""DA_d2_heldout200b/741"", ""DA_d2_heldout200b/769"", ""DA_d2_heldout200b/775"", ""DA_d2_seq100/242"", ""MCR_seq200b/403"", ""MCR_seq200b/460"", ""MCR_seq200b/466"", ""MCR_v1_seq100/40"", ""MCR_v1_seq100/65""]",0.019520472782460274
E5,base4,add_component5,add_component5_vs_base4,primary,DA,clinical_complete,100,54,14,6,26,0.68,0.6,-0.08,0.11531829833984375,"[-0.17, 0.0]","[""DA_d2_heldout100/302"", ""DA_d2_heldout100/374"", ""DA_d2_heldout100/452"", ""DA_d2_heldout200b/529"", ""DA_d2_heldout200b/530"", ""DA_d2_heldout200b/589""]","[""DA_d2_heldout100/270"", ""DA_d2_heldout100/341"", ""DA_d2_heldout100/404"", ""DA_d2_heldout200b/488"", ""DA_d2_heldout200b/490"", ""DA_d2_heldout200b/582"", ""DA_d2_heldout200b/586"", ""DA_d2_heldout200b/653"", ""DA_d2_heldout200b/775"", ""DA_d2_seq100/103"", ""DA_d2_seq100/177"", ""DA_d2_seq100/220"", ""DA_d2_seq100/29"", ""DA_d2_seq100/90""]",0.461273193359375
E5,base4,add_parent5,add_parent5_vs_base4,primary,DA,clinical_complete,100,52,16,5,27,0.68,0.57,-0.11,0.02660369873046875,"[-0.2, -0.03]","[""DA_d2_heldout100/302"", ""DA_d2_heldout100/359"", ""DA_d2_heldout100/367"", ""DA_d2_heldout200b/529"", ""DA_d2_heldout200b/645""]","[""DA_d2_heldout100/270"", ""DA_d2_heldout100/341"", ""DA_d2_heldout100/404"", ""DA_d2_heldout200b/507"", ""DA_d2_heldout200b/582"", ""DA_d2_heldout200b/586"", ""DA_d2_heldout200b/630"", ""DA_d2_heldout200b/636"", ""DA_d2_heldout200b/736"", ""DA_d2_heldout200b/741"", ""DA_d2_seq100/103"", ""DA_d2_seq100/15"", ""DA_d2_seq100/177"", ""DA_d2_seq100/242"", ""DA_d2_seq100/87"", ""DA_d2_seq100/90""]",0.13301849365234375
E5,base4,add_sibling5,add_sibling5_vs_base4,primary,DA,clinical_complete,100,50,18,3,29,0.68,0.53,-0.15,0.0014896392822265625,"[-0.23, -0.07]","[""DA_d2_heldout100/359"", ""DA_d2_heldout200b/529"", ""DA_d2_heldout200b/530""]","[""DA_d2_heldout100/259"", ""DA_d2_heldout100/270"", ""DA_d2_heldout100/341"", ""DA_d2_heldout100/404"", ""DA_d2_heldout200b/507"", ""DA_d2_heldout200b/563"", ""DA_d2_heldout200b/574"", ""DA_d2_heldout200b/582"", ""DA_d2_heldout200b/586"", ""DA_d2_heldout200b/630"", ""DA_d2_heldout200b/741"", ""DA_d2_heldout200b/775"", ""DA_d2_seq100/103"", ""DA_d2_seq100/164"", ""DA_d2_seq100/177"", ""DA_d2_seq100/29"", ""DA_d2_seq100/90"", ""DA_d2_seq100/99""]",0.010427474975585938
E5,base4,add_synonym5,add_synonym5_vs_base4,primary,DA,clinical_complete,100,54,14,7,25,0.68,0.61,-0.07,0.18924713134765625,"[-0.16, 0.02]","[""DA_d2_heldout100/302"", ""DA_d2_heldout100/374"", ""DA_d2_heldout200b/589"", ""DA_d2_heldout200b/602"", ""DA_d2_heldout200b/645"", ""DA_d2_heldout200b/747"", ""DA_d2_seq100/188""]","[""DA_d2_heldout100/259"", ""DA_d2_heldout100/270"", ""DA_d2_heldout100/341"", ""DA_d2_heldout100/404"", ""DA_d2_heldout200b/507"", ""DA_d2_heldout200b/582"", ""DA_d2_heldout200b/586"", ""DA_d2_heldout200b/630"", ""DA_d2_heldout200b/741"", ""DA_d2_seq100/103"", ""DA_d2_seq100/140"", ""DA_d2_seq100/177"", ""DA_d2_seq100/29"", ""DA_d2_seq100/90""]",0.461273193359375
E5,base4,add_unrelated5,add_unrelated5_vs_base4,primary,DA,clinical_complete,100,54,14,6,26,0.68,0.6,-0.08,0.11531829833984375,"[-0.17, 0.01]","[""DA_d2_heldout100/302"", ""DA_d2_heldout100/359"", ""DA_d2_heldout100/367"", ""DA_d2_heldout100/374"", ""DA_d2_heldout200b/529"", ""DA_d2_heldout200b/589""]","[""DA_d2_heldout100/270"", ""DA_d2_heldout100/341"", ""DA_d2_heldout100/404"", ""DA_d2_heldout200b/507"", ""DA_d2_heldout200b/582"", ""DA_d2_heldout200b/586"", ""DA_d2_heldout200b/630"", ""DA_d2_heldout200b/723"", ""DA_d2_heldout200b/775"", ""DA_d2_seq100/103"", ""DA_d2_seq100/15"", ""DA_d2_seq100/177"", ""DA_d2_seq100/242"", ""DA_d2_seq100/90""]",0.461273193359375
E5,base4,nested_width6,nested_width6_vs_base4,primary,DA,clinical_complete,100,51,17,3,29,0.68,0.54,-0.14,0.0025768280029296875,"[-0.22, -0.06]","[""DA_d2_heldout100/302"", ""DA_d2_heldout100/359"", ""DA_d2_heldout200b/529""]","[""DA_d2_heldout100/259"", ""DA_d2_heldout100/270"", ""DA_d2_heldout100/341"", ""DA_d2_heldout100/404"", ""DA_d2_heldout200b/574"", ""DA_d2_heldout200b/582"", ""DA_d2_heldout200b/586"", ""DA_d2_heldout200b/630"", ""DA_d2_heldout200b/723"", ""DA_d2_heldout200b/741"", ""DA_d2_heldout200b/775"", ""DA_d2_seq100/103"", ""DA_d2_seq100/15"", ""DA_d2_seq100/164"", ""DA_d2_seq100/177"", ""DA_d2_seq100/29"", ""DA_d2_seq100/90""]",0.015460968017578125
E5,base4,nested_width8,nested_width8_vs_base4,primary,DA,clinical_complete,100,46,22,3,29,0.68,0.49,-0.19,0.00015652179718017578,"[-0.28, -0.1]","[""DA_d2_heldout100/302"", ""DA_d2_heldout100/359"", ""DA_d2_heldout200b/529""]","[""DA_d2_heldout100/259"", ""DA_d2_heldout100/270"", ""DA_d2_heldout100/317"", ""DA_d2_heldout100/341"", ""DA_d2_heldout100/404"", ""DA_d2_heldout200b/507"", ""DA_d2_heldout200b/563"", ""DA_d2_heldout200b/574"", ""DA_d2_heldout200b/582"", ""DA_d2_heldout200b/586"", ""DA_d2_heldout200b/591"", ""DA_d2_heldout200b/630"", ""DA_d2_heldout200b/723"", ""DA_d2_heldout200b/741"", ""DA_d2_heldout200b/775"", ""DA_d2_seq100/103"", ""DA_d2_seq100/15"", ""DA_d2_seq100/164"", ""DA_d2_seq100/177"", ""DA_d2_seq100/29"", ""DA_d2_seq100/87"", ""DA_d2_seq100/90""]",0.0012521743774414062
E5,base4,remove_non_gold3,remove_non_gold3_vs_base4,primary,DA,clinical_complete,100,61,7,12,20,0.68,0.73,0.05,0.359283447265625,"[-0.04, 0.14]","[""DA_d2_heldout100/302"", ""DA_d2_heldout100/328"", ""DA_d2_heldout100/359"", ""DA_d2_heldout100/367"", ""DA_d2_heldout100/452"", ""DA_d2_heldout200b/497"", ""DA_d2_heldout200b/498"", ""DA_d2_heldout200b/530"", ""DA_d2_heldout200b/569"", ""DA_d2_heldout200b/589"", ""DA_d2_heldout200b/602"", ""DA_d2_heldout200b/645""]","[""DA_d2_heldout200b/490"", ""DA_d2_heldout200b/583"", ""DA_d2_heldout200b/630"", ""DA_d2_heldout200b/741"", ""DA_d2_heldout200b/769"", ""DA_d2_heldout200b/775"", ""DA_d2_seq100/242""]",0.461273193359375
E5,base4,add_component5,add_component5_vs_base4,primary,DA,compatible_partial,100,14,4,4,78,0.18,0.18,0.0,1.0,"[-0.06, 0.06]","[""DA_d2_heldout200b/488"", ""DA_d2_heldout200b/775"", ""DA_d2_seq100/220"", ""DA_d2_seq100/29""]","[""DA_d2_heldout100/302"", ""DA_d2_heldout200b/497"", ""DA_d2_heldout200b/529"", ""DA_d2_heldout200b/589""]",1.0
E5,base4,add_parent5,add_parent5_vs_base4,primary,DA,compatible_partial,100,14,4,8,74,0.18,0.22,0.04,0.3876953125,"[-0.03, 0.11]","[""DA_d2_heldout200b/507"", ""DA_d2_heldout200b/530"", ""DA_d2_heldout200b/630"", ""DA_d2_heldout200b/636"", ""DA_d2_heldout200b/736"", ""DA_d2_seq100/15"", ""DA_d2_seq100/242"", ""DA_d2_seq100/87""]","[""DA_d2_heldout100/302"", ""DA_d2_heldout100/359"", ""DA_d2_heldout200b/529"", ""DA_d2_heldout200b/645""]",1.0
E5,base4,add_sibling5,add_sibling5_vs_base4,primary,DA,compatible_partial,100,14,4,5,77,0.18,0.19,0.01,1.0,"[-0.05, 0.07]","[""DA_d2_heldout200b/507"", ""DA_d2_heldout200b/574"", ""DA_d2_heldout200b/630"", ""DA_d2_heldout200b/775"", ""DA_d2_seq100/29""]","[""DA_d2_heldout100/359"", ""DA_d2_heldout200b/529"", ""DA_d2_heldout200b/589"", ""DA_d2_heldout200b/747""]",1.0
E5,base4,add_synonym5,add_synonym5_vs_base4,primary,DA,compatible_partial,100,13,5,6,76,0.18,0.19,0.01,1.0,"[-0.06, 0.08]","[""DA_d2_heldout100/259"", ""DA_d2_heldout200b/507"", ""DA_d2_heldout200b/530"", ""DA_d2_heldout200b/630"", ""DA_d2_seq100/140"", ""DA_d2_seq100/29""]","[""DA_d2_heldout100/302"", ""DA_d2_heldout200b/589"", ""DA_d2_heldout200b/645"", ""DA_d2_heldout200b/747"", ""DA_d2_seq100/188""]",1.0
E5,base4,add_unrelated5,add_unrelated5_vs_base4,primary,DA,compatible_partial,100,14,4,7,75,0.18,0.21,0.03,0.548828125,"[-0.03, 0.1]","[""DA_d2_heldout200b/507"", ""DA_d2_heldout200b/530"", ""DA_d2_heldout200b/630"", ""DA_d2_heldout200b/723"", ""DA_d2_heldout200b/775"", ""DA_d2_seq100/15"", ""DA_d2_seq100/242""]","[""DA_d2_heldout100/302"", ""DA_d2_heldout100/359"", ""DA_d2_heldout200b/529"", ""DA_d2_heldout200b/589""]",1.0
E5,base4,nested_width6,nested_width6_vs_base4,primary,DA,compatible_partial,100,13,5,7,75,0.18,0.2,0.02,0.7744140625,"[-0.05, 0.09]","[""DA_d2_heldout100/259"", ""DA_d2_heldout200b/574"", ""DA_d2_heldout200b/630"", ""DA_d2_heldout200b/723"", ""DA_d2_heldout200b/775"", ""DA_d2_seq100/15"", ""DA_d2_seq100/29""]","[""DA_d2_heldout100/302"", ""DA_d2_heldout100/359"", ""DA_d2_heldout200b/529"", ""DA_d2_heldout200b/589"", ""DA_d2_heldout200b/747""]",1.0
E5,base4,nested_width8,nested_width8_vs_base4,primary,DA,compatible_partial,100,14,4,9,73,0.18,0.23,0.05,0.266845703125,"[-0.02, 0.12]","[""DA_d2_heldout200b/507"", ""DA_d2_heldout200b/563"", ""DA_d2_heldout200b/574"", ""DA_d2_heldout200b/630"", ""DA_d2_heldout200b/723"", ""DA_d2_heldout200b/775"", ""DA_d2_seq100/15"", ""DA_d2_seq100/29"", ""DA_d2_seq100/87""]","[""DA_d2_heldout100/302"", ""DA_d2_heldout100/359"", ""DA_d2_heldout200b/529"", ""DA_d2_heldout200b/589""]",1.0
E5,base4,remove_non_gold3,remove_non_gold3_vs_base4,primary,DA,compatible_partial,100,10,8,3,79,0.18,0.13,-0.05,0.2265625,"[-0.12, 0.01]","[""DA_d2_heldout200b/630"", ""DA_d2_heldout200b/775"", ""DA_d2_seq100/242""]","[""DA_d2_heldout100/302"", ""DA_d2_heldout100/328"", ""DA_d2_heldout100/359"", ""DA_d2_heldout200b/497"", ""DA_d2_heldout200b/569"", ""DA_d2_heldout200b/589"", ""DA_d2_heldout200b/645"", ""DA_d2_heldout200b/747""]",1.0
E5,base4,add_component5,add_component5_vs_base4,primary,DA,complete_or_compatible_partial,100,75,11,3,11,0.86,0.78,-0.08,0.057373046875,"[-0.15, -0.01]","[""DA_d2_heldout100/374"", ""DA_d2_heldout100/452"", ""DA_d2_heldout200b/530""]","[""DA_d2_heldout100/270"", ""DA_d2_heldout100/341"", ""DA_d2_heldout100/404"", ""DA_d2_heldout200b/490"", ""DA_d2_heldout200b/497"", ""DA_d2_heldout200b/582"", ""DA_d2_heldout200b/586"", ""DA_d2_heldout200b/653"", ""DA_d2_seq100/103"", ""DA_d2_seq100/177"", ""DA_d2_seq100/90""]",0.286865234375
E5,base4,add_parent5,add_parent5_vs_base4,primary,DA,complete_or_compatible_partial,100,77,9,2,12,0.86,0.79,-0.07,0.0654296875,"[-0.13, -0.01]","[""DA_d2_heldout100/367"", ""DA_d2_heldout200b/530""]","[""DA_d2_heldout100/270"", ""DA_d2_heldout100/341"", ""DA_d2_heldout100/404"", ""DA_d2_heldout200b/582"", ""DA_d2_heldout200b/586"", ""DA_d2_heldout200b/741"", ""DA_d2_seq100/103"", ""DA_d2_seq100/177"", ""DA_d2_seq100/90""]",0.286865234375
E5,base4,add_sibling5,add_sibling5_vs_base4,primary,DA,complete_or_compatible_partial,100,71,15,1,13,0.86,0.72,-0.14,0.000518798828125,"[-0.22, -0.07]","[""DA_d2_heldout200b/530""]","[""DA_d2_heldout100/259"", ""DA_d2_heldout100/270"", ""DA_d2_heldout100/341"", ""DA_d2_heldout100/404"", ""DA_d2_heldout200b/563"", ""DA_d2_heldout200b/582"", ""DA_d2_heldout200b/586"", ""DA_d2_heldout200b/589"", ""DA_d2_heldout200b/741"", ""DA_d2_heldout200b/747"", ""DA_d2_seq100/103"", ""DA_d2_seq100/164"", ""DA_d2_seq100/177"", ""DA_d2_seq100/90"", ""DA_d2_seq100/99""]",0.00341796875
E5,base4,add_synonym5,add_synonym5_vs_base4,primary,DA,complete_or_compatible_partial,100,77,9,3,11,0.86,0.8,-0.06,0.14599609375,"[-0.13, 0.0]","[""DA_d2_heldout100/374"", ""DA_d2_heldout200b/530"", ""DA_d2_heldout200b/602""]","[""DA_d2_heldout100/270"", ""DA_d2_heldout100/341"", ""DA_d2_heldout100/404"", ""DA_d2_heldout200b/582"", ""DA_d2_heldout200b/586"", ""DA_d2_heldout200b/741"", ""DA_d2_seq100/103"", ""DA_d2_seq100/177"", ""DA_d2_seq100/90""]",0.43798828125
E5,base4,add_unrelated5,add_unrelated5_vs_base4,primary,DA,complete_or_compatible_partial,100,78,8,3,11,0.86,0.81,-0.05,0.2265625,"[-0.12, 0.01]","[""DA_d2_heldout100/367"", ""DA_d2_heldout100/374"", ""DA_d2_heldout200b/530""]","[""DA_d2_heldout100/270"", ""DA_d2_heldout100/341"", ""DA_d2_heldout100/404"", ""DA_d2_heldout200b/582"", ""DA_d2_heldout200b/586"", ""DA_d2_seq100/103"", ""DA_d2_seq100/177"", ""DA_d2_seq100/90""]",0.453125
E5,base4,nested_width6,nested_width6_vs_base4,primary,DA,complete_or_compatible_partial,100,74,12,0,14,0.86,0.74,-0.12,0.00048828125,"[-0.19, -0.06]",[],"[""DA_d2_heldout100/270"", ""DA_d2_heldout100/341"", ""DA_d2_heldout100/404"", ""DA_d2_heldout200b/582"", ""DA_d2_heldout200b/586"", ""DA_d2_heldout200b/589"", ""DA_d2_heldout200b/741"", ""DA_d2_heldout200b/747"", ""DA_d2_seq100/103"", ""DA_d2_seq100/164"", ""DA_d2_seq100/177"", ""DA_d2_seq100/90""]",0.00341796875
E5,base4,nested_width8,nested_width8_vs_base4,primary,DA,complete_or_compatible_partial,100,72,14,0,14,0.86,0.72,-0.14,0.0001220703125,"[-0.21, -0.08]",[],"[""DA_d2_heldout100/259"", ""DA_d2_heldout100/270"", ""DA_d2_heldout100/317"", ""DA_d2_heldout100/341"", ""DA_d2_heldout100/404"", ""DA_d2_heldout200b/582"", ""DA_d2_heldout200b/586"", ""DA_d2_heldout200b/589"", ""DA_d2_heldout200b/591"", ""DA_d2_heldout200b/741"", ""DA_d2_seq100/103"", ""DA_d2_seq100/164"", ""DA_d2_seq100/177"", ""DA_d2_seq100/90""]",0.0009765625
E5,base4,remove_non_gold3,remove_non_gold3_vs_base4,primary,DA,complete_or_compatible_partial,100,81,5,5,9,0.86,0.86,0.0,1.0,"[-0.06, 0.06]","[""DA_d2_heldout100/367"", ""DA_d2_heldout100/452"", ""DA_d2_heldout200b/498"", ""DA_d2_heldout200b/530"", ""DA_d2_heldout200b/602""]","[""DA_d2_heldout200b/490"", ""DA_d2_heldout200b/583"", ""DA_d2_heldout200b/741"", ""DA_d2_heldout200b/747"", ""DA_d2_heldout200b/769""]",1.0
E5,base4,add_component5,add_component5_vs_base4,primary,DA,legacy_chain,100,51,10,8,31,0.61,0.59,-0.02,0.8145294189453125,"[-0.1, 0.06]","[""DA_d2_heldout100/306"", ""DA_d2_heldout100/329"", ""DA_d2_heldout100/374"", ""DA_d2_heldout100/452"", ""DA_d2_heldout200b/529"", ""DA_d2_heldout200b/530"", ""DA_d2_heldout200b/589"", ""DA_d2_heldout200b/646""]","[""DA_d2_heldout100/270"", ""DA_d2_heldout100/341"", ""DA_d2_heldout100/404"", ""DA_d2_heldout200b/490"", ""DA_d2_heldout200b/582"", ""DA_d2_seq100/103"", ""DA_d2_seq100/177"", ""DA_d2_seq100/220"", ""DA_d2_seq100/29"", ""DA_d2_seq100/90""]",0.8145294189453125
E5,base4,add_parent5,add_parent5_vs_base4,primary,DA,legacy_chain,100,45,16,5,34,0.61,0.5,-0.11,0.02660369873046875,"[-0.2, -0.02]","[""DA_d2_heldout100/306"", ""DA_d2_heldout100/359"", ""DA_d2_heldout100/367"", ""DA_d2_heldout200b/529"", ""DA_d2_heldout200b/645""]","[""DA_d2_heldout100/270"", ""DA_d2_heldout100/341"", ""DA_d2_heldout100/373"", ""DA_d2_heldout100/404"", ""DA_d2_heldout200b/582"", ""DA_d2_heldout200b/628"", ""DA_d2_heldout200b/630"", ""DA_d2_heldout200b/636"", ""DA_d2_heldout200b/736"", ""DA_d2_heldout200b/741"", ""DA_d2_seq100/103"", ""DA_d2_seq100/177"", ""DA_d2_seq100/242"", ""DA_d2_seq100/87"", ""DA_d2_seq100/90"", ""DA_d2_seq100/99""]",0.1596221923828125
E5,base4,add_sibling5,add_sibling5_vs_base4,primary,DA,legacy_chain,100,46,15,4,35,0.61,0.5,-0.11,0.0192108154296875,"[-0.19, -0.03]","[""DA_d2_heldout100/306"", ""DA_d2_heldout100/359"", ""DA_d2_heldout200b/529"", ""DA_d2_heldout200b/530""]","[""DA_d2_heldout100/259"", ""DA_d2_heldout100/270"", ""DA_d2_heldout100/341"", ""DA_d2_heldout100/404"", ""DA_d2_heldout200b/563"", ""DA_d2_heldout200b/582"", ""DA_d2_heldout200b/630"", ""DA_d2_heldout200b/741"", ""DA_d2_heldout200b/775"", ""DA_d2_seq100/103"", ""DA_d2_seq100/164"", ""DA_d2_seq100/177"", ""DA_d2_seq100/29"", ""DA_d2_seq100/90"", ""DA_d2_seq100/99""]",0.1344757080078125
E5,base4,add_synonym5,add_synonym5_vs_base4,primary,DA,legacy_chain,100,46,15,8,31,0.61,0.54,-0.07,0.21003961563110352,"[-0.16, 0.02]","[""DA_d2_heldout100/306"", ""DA_d2_heldout100/317"", ""DA_d2_heldout100/374"", ""DA_d2_heldout200b/589"", ""DA_d2_heldout200b/602"", ""DA_d2_heldout200b/653"", ""DA_d2_heldout200b/747"", ""DA_d2_seq100/188""]","[""DA_d2_heldout100/259"", ""DA_d2_heldout100/270"", ""DA_d2_heldout100/341"", ""DA_d2_heldout100/347"", ""DA_d2_heldout100/404"", ""DA_d2_heldout200b/582"", ""DA_d2_heldout200b/628"", ""DA_d2_heldout200b/630"", ""DA_d2_heldout200b/723"", ""DA_d2_heldout200b/741"", ""DA_d2_seq100/103"", ""DA_d2_seq100/140"", ""DA_d2_seq100/177"", ""DA_d2_seq100/29"", ""DA_d2_seq100/90""]",0.6301188468933105
E5,base4,add_unrelated5,add_unrelated5_vs_base4,primary,DA,legacy_chain,100,49,12,7,32,0.61,0.56,-0.05,0.359283447265625,"[-0.14, 0.03]","[""DA_d2_heldout100/359"", ""DA_d2_heldout100/367"", ""DA_d2_heldout100/374"", ""DA_d2_heldout100/375"", ""DA_d2_heldout200b/529"", ""DA_d2_heldout200b/589"", ""DA_d2_heldout200b/646""]","[""DA_d2_heldout100/270"", ""DA_d2_heldout100/341"", ""DA_d2_heldout100/373"", ""DA_d2_heldout100/404"", ""DA_d2_heldout200b/582"", ""DA_d2_heldout200b/630"", ""DA_d2_heldout200b/723"", ""DA_d2_heldout200b/775"", ""DA_d2_seq100/103"", ""DA_d2_seq100/177"", ""DA_d2_seq100/242"", ""DA_d2_seq100/90""]",0.71856689453125
E5,base4,nested_width6,nested_width6_vs_base4,primary,DA,legacy_chain,100,46,15,6,33,0.61,0.52,-0.09,0.0783538818359375,"[-0.18, 0.0]","[""DA_d2_heldout100/306"", ""DA_d2_heldout100/359"", ""DA_d2_heldout100/375"", ""DA_d2_heldout200b/529"", ""DA_d2_heldout200b/646"", ""DA_d2_heldout200b/653""]","[""DA_d2_heldout100/257"", ""DA_d2_heldout100/259"", ""DA_d2_heldout100/270"", ""DA_d2_heldout100/341"", ""DA_d2_heldout100/404"", ""DA_d2_heldout200b/582"", ""DA_d2_heldout200b/630"", ""DA_d2_heldout200b/723"", ""DA_d2_heldout200b/741"", ""DA_d2_heldout200b/775"", ""DA_d2_seq100/103"", ""DA_d2_seq100/164"", ""DA_d2_seq100/177"", ""DA_d2_seq100/29"", ""DA_d2_seq100/90""]",0.3917694091796875
E5,base4,nested_width8,nested_width8_vs_base4,primary,DA,legacy_chain,100,44,17,3,36,0.61,0.47,-0.14,0.0025768280029296875,"[-0.22, -0.06]","[""DA_d2_heldout100/359"", ""DA_d2_heldout200b/529"", ""DA_d2_heldout200b/653""]","[""DA_d2_heldout100/257"", ""DA_d2_heldout100/259"", ""DA_d2_heldout100/270"", ""DA_d2_heldout100/341"", ""DA_d2_heldout100/404"", ""DA_d2_heldout200b/563"", ""DA_d2_heldout200b/582"", ""DA_d2_heldout200b/591"", ""DA_d2_heldout200b/630"", ""DA_d2_heldout200b/723"", ""DA_d2_heldout200b/741"", ""DA_d2_seq100/103"", ""DA_d2_seq100/164"", ""DA_d2_seq100/177"", ""DA_d2_seq100/29"", ""DA_d2_seq100/87"", ""DA_d2_seq100/90""]",0.0206146240234375
E5,base4,remove_non_gold3,remove_non_gold3_vs_base4,primary,DA,legacy_chain,100,53,8,16,23,0.61,0.69,0.08,0.15158963203430176,"[-0.01, 0.18]","[""DA_d2_heldout100/306"", ""DA_d2_heldout100/317"", ""DA_d2_heldout100/328"", ""DA_d2_heldout100/359"", ""DA_d2_heldout100/367"", ""DA_d2_heldout100/452"", ""DA_d2_heldout200b/497"", ""DA_d2_heldout200b/498"", ""DA_d2_heldout200b/530"", ""DA_d2_heldout200b/569"", ""DA_d2_heldout200b/586"", ""DA_d2_heldout200b/589"", ""DA_d2_heldout200b/602"", ""DA_d2_heldout200b/603"", ""DA_d2_heldout200b/645"", ""DA_d2_heldout200b/646""]","[""DA_d2_heldout200b/490"", ""DA_d2_heldout200b/583"", ""DA_d2_heldout200b/628"", ""DA_d2_heldout200b/630"", ""DA_d2_heldout200b/741"", ""DA_d2_heldout200b/769"", ""DA_d2_heldout200b/775"", ""DA_d2_seq100/242""]",0.606358528137207
E5,base4,add_component5,add_component5_vs_base4,primary,DA,safe_exact,100,48,12,9,31,0.6,0.57,-0.03,0.6636238098144531,"[-0.12, 0.06]","[""DA_d2_heldout100/302"", ""DA_d2_heldout100/306"", ""DA_d2_heldout100/329"", ""DA_d2_heldout100/374"", ""DA_d2_heldout100/452"", ""DA_d2_heldout200b/529"", ""DA_d2_heldout200b/530"", ""DA_d2_heldout200b/589"", ""DA_d2_heldout200b/646""]","[""DA_d2_heldout100/270"", ""DA_d2_heldout100/341"", ""DA_d2_heldout100/404"", ""DA_d2_heldout200b/488"", ""DA_d2_heldout200b/490"", ""DA_d2_heldout200b/582"", ""DA_d2_heldout200b/775"", ""DA_d2_seq100/103"", ""DA_d2_seq100/177"", ""DA_d2_seq100/220"", ""DA_d2_seq100/29"", ""DA_d2_seq100/90""]",0.6636238098144531
E5,base4,add_parent5,add_parent5_vs_base4,primary,DA,safe_exact,100,42,18,6,34,0.6,0.48,-0.12,0.022655844688415527,"[-0.21, -0.03]","[""DA_d2_heldout100/302"", ""DA_d2_heldout100/306"", ""DA_d2_heldout100/359"", ""DA_d2_heldout100/367"", ""DA_d2_heldout200b/529"", ""DA_d2_heldout200b/645""]","[""DA_d2_heldout100/270"", ""DA_d2_heldout100/341"", ""DA_d2_heldout100/373"", ""DA_d2_heldout100/404"", ""DA_d2_heldout200b/507"", ""DA_d2_heldout200b/582"", ""DA_d2_heldout200b/628"", ""DA_d2_heldout200b/630"", ""DA_d2_heldout200b/636"", ""DA_d2_heldout200b/736"", ""DA_d2_heldout200b/741"", ""DA_d2_seq100/103"", ""DA_d2_seq100/15"", ""DA_d2_seq100/177"", ""DA_d2_seq100/242"", ""DA_d2_seq100/87"", ""DA_d2_seq100/90"", ""DA_d2_seq100/99""]",0.13593506813049316
E5,base4,add_sibling5,add_sibling5_vs_base4,primary,DA,safe_exact,100,43,17,4,36,0.6,0.47,-0.13,0.007197380065917969,"[-0.22, -0.05]","[""DA_d2_heldout100/306"", ""DA_d2_heldout100/359"", ""DA_d2_heldout200b/529"", ""DA_d2_heldout200b/530""]","[""DA_d2_heldout100/259"", ""DA_d2_heldout100/270"", ""DA_d2_heldout100/341"", ""DA_d2_heldout100/404"", ""DA_d2_heldout200b/507"", ""DA_d2_heldout200b/563"", ""DA_d2_heldout200b/574"", ""DA_d2_heldout200b/582"", ""DA_d2_heldout200b/630"", ""DA_d2_heldout200b/741"", ""DA_d2_heldout200b/775"", ""DA_d2_seq100/103"", ""DA_d2_seq100/164"", ""DA_d2_seq100/177"", ""DA_d2_seq100/29"", ""DA_d2_seq100/90"", ""DA_d2_seq100/99""]",0.05038166046142578
E5,base4,add_synonym5,add_synonym5_vs_base4,primary,DA,safe_exact,100,43,17,9,31,0.6,0.52,-0.08,0.16863754391670227,"[-0.18, 0.02]","[""DA_d2_heldout100/302"", ""DA_d2_heldout100/306"", ""DA_d2_heldout100/317"", ""DA_d2_heldout100/374"", ""DA_d2_heldout200b/589"", ""DA_d2_heldout200b/602"", ""DA_d2_heldout200b/653"", ""DA_d2_heldout200b/747"", ""DA_d2_seq100/188""]","[""DA_d2_heldout100/259"", ""DA_d2_heldout100/270"", ""DA_d2_heldout100/341"", ""DA_d2_heldout100/347"", ""DA_d2_heldout100/404"", ""DA_d2_heldout200b/507"", ""DA_d2_heldout200b/582"", ""DA_d2_heldout200b/628"", ""DA_d2_heldout200b/630"", ""DA_d2_heldout200b/723"", ""DA_d2_heldout200b/741"", ""DA_d2_seq100/103"", ""DA_d2_seq100/140"", ""DA_d2_seq100/177"", ""DA_d2_seq100/29"", ""DA_d2_seq100/90"", ""DA_d2_seq100/99""]",0.5059126317501068
E5,base4,add_unrelated5,add_unrelated5_vs_base4,primary,DA,safe_exact,100,46,14,8,32,0.6,0.54,-0.06,0.28627872467041016,"[-0.15, 0.03]","[""DA_d2_heldout100/302"", ""DA_d2_heldout100/359"", ""DA_d2_heldout100/367"", ""DA_d2_heldout100/374"", ""DA_d2_heldout100/375"", ""DA_d2_heldout200b/529"", ""DA_d2_heldout200b/589"", ""DA_d2_heldout200b/646""]","[""DA_d2_heldout100/270"", ""DA_d2_heldout100/341"", ""DA_d2_heldout100/373"", ""DA_d2_heldout100/404"", ""DA_d2_heldout200b/507"", ""DA_d2_heldout200b/582"", ""DA_d2_heldout200b/630"", ""DA_d2_heldout200b/723"", ""DA_d2_heldout200b/775"", ""DA_d2_seq100/103"", ""DA_d2_seq100/15"", ""DA_d2_seq100/177"", ""DA_d2_seq100/242"", ""DA_d2_seq100/90""]",0.5725574493408203
E5,base4,nested_width6,nested_width6_vs_base4,primary,DA,safe_exact,100,43,17,7,33,0.6,0.5,-0.1,0.06391465663909912,"[-0.19, -0.01]","[""DA_d2_heldout100/302"", ""DA_d2_heldout100/306"", ""DA_d2_heldout100/359"", ""DA_d2_heldout100/375"", ""DA_d2_heldout200b/529"", ""DA_d2_heldout200b/646"", ""DA_d2_heldout200b/653""]","[""DA_d2_heldout100/257"", ""DA_d2_heldout100/259"", ""DA_d2_heldout100/270"", ""DA_d2_heldout100/341"", ""DA_d2_heldout100/404"", ""DA_d2_heldout200b/574"", ""DA_d2_heldout200b/582"", ""DA_d2_heldout200b/630"", ""DA_d2_heldout200b/723"", ""DA_d2_heldout200b/741"", ""DA_d2_heldout200b/775"", ""DA_d2_seq100/103"", ""DA_d2_seq100/15"", ""DA_d2_seq100/164"", ""DA_d2_seq100/177"", ""DA_d2_seq100/29"", ""DA_d2_seq100/90""]",0.3195732831954956
E5,base4,nested_width8,nested_width8_vs_base4,primary,DA,safe_exact,100,39,21,4,36,0.6,0.43,-0.17,0.0009105205535888672,"[-0.26, -0.08]","[""DA_d2_heldout100/302"", ""DA_d2_heldout100/359"", ""DA_d2_heldout200b/529"", ""DA_d2_heldout200b/653""]","[""DA_d2_heldout100/257"", ""DA_d2_heldout100/259"", ""DA_d2_heldout100/270"", ""DA_d2_heldout100/341"", ""DA_d2_heldout100/404"", ""DA_d2_heldout200b/507"", ""DA_d2_heldout200b/563"", ""DA_d2_heldout200b/574"", ""DA_d2_heldout200b/582"", ""DA_d2_heldout200b/591"", ""DA_d2_heldout200b/630"", ""DA_d2_heldout200b/723"", ""DA_d2_heldout200b/741"", ""DA_d2_heldout200b/775"", ""DA_d2_seq100/103"", ""DA_d2_seq100/15"", ""DA_d2_seq100/164"", ""DA_d2_seq100/177"", ""DA_d2_seq100/29"", ""DA_d2_seq100/87"", ""DA_d2_seq100/90""]",0.0072841644287109375
E5,base4,remove_non_gold3,remove_non_gold3_vs_base4,primary,DA,safe_exact,100,52,8,17,23,0.6,0.69,0.09,0.10775214433670044,"[-0.01, 0.19]","[""DA_d2_heldout100/302"", ""DA_d2_heldout100/306"", ""DA_d2_heldout100/317"", ""DA_d2_heldout100/328"", ""DA_d2_heldout100/359"", ""DA_d2_heldout100/367"", ""DA_d2_heldout100/452"", ""DA_d2_heldout200b/497"", ""DA_d2_heldout200b/498"", ""DA_d2_heldout200b/530"", ""DA_d2_heldout200b/569"", ""DA_d2_heldout200b/586"", ""DA_d2_heldout200b/589"", ""DA_d2_heldout200b/602"", ""DA_d2_heldout200b/603"", ""DA_d2_heldout200b/645"", ""DA_d2_heldout200b/646""]","[""DA_d2_heldout200b/490"", ""DA_d2_heldout200b/583"", ""DA_d2_heldout200b/628"", ""DA_d2_heldout200b/630"", ""DA_d2_heldout200b/741"", ""DA_d2_heldout200b/769"", ""DA_d2_heldout200b/775"", ""DA_d2_seq100/242""]",0.43100857734680176
E5,base4,add_component5,add_component5_vs_base4,primary,MCR,clinical_complete,100,54,26,6,14,0.8,0.6,-0.2,0.0005350527353584766,"[-0.3, -0.1]","[""MCR_seq200b/341"", ""MCR_seq200b/405"", ""MCR_seq200b/408"", ""MCR_seq200b/413"", ""MCR_seq200b/468"", ""MCR_v2_seq100/232""]","[""MCR_seq200b/272"", ""MCR_seq200b/275"", ""MCR_seq200b/330"", ""MCR_seq200b/371"", ""MCR_seq200b/381"", ""MCR_seq200b/403"", ""MCR_seq200b/424"", ""MCR_seq200b/450"", ""MCR_seq200b/460"", ""MCR_seq200b/466"", ""MCR_v1_seq100/119"", ""MCR_v1_seq100/17"", ""MCR_v1_seq100/19"", ""MCR_v1_seq100/22"", ""MCR_v1_seq100/33"", ""MCR_v1_seq100/64"", ""MCR_v1_seq100/65"", ""MCR_v1_seq100/75"", ""MCR_v1_seq100/93"", ""MCR_v2_seq100/140"", ""MCR_v2_seq100/142"", ""MCR_v2_seq100/143"", ""MCR_v2_seq100/168"", ""MCR_v2_seq100/199"", ""MCR_v2_seq100/234"", ""MCR_v2_seq100/245""]",0.00160515820607543
E5,base4,add_parent5,add_parent5_vs_base4,primary,MCR,clinical_complete,100,47,33,4,16,0.8,0.51,-0.29,1.0843941709026694e-06,"[-0.39, -0.18]","[""MCR_seq200b/279"", ""MCR_seq200b/341"", ""MCR_seq200b/408"", ""MCR_v2_seq100/232""]","[""MCR_seq200b/251"", ""MCR_seq200b/272"", ""MCR_seq200b/275"", ""MCR_seq200b/302"", ""MCR_seq200b/330"", ""MCR_seq200b/342"", ""MCR_seq200b/371"", ""MCR_seq200b/381"", ""MCR_seq200b/394"", ""MCR_seq200b/403"", ""MCR_seq200b/424"", ""MCR_seq200b/450"", ""MCR_seq200b/460"", ""MCR_seq200b/466"", ""MCR_v1_seq100/119"", ""MCR_v1_seq100/17"", ""MCR_v1_seq100/19"", ""MCR_v1_seq100/22"", ""MCR_v1_seq100/33"", ""MCR_v1_seq100/40"", ""MCR_v1_seq100/64"", ""MCR_v1_seq100/65"", ""MCR_v1_seq100/72"", ""MCR_v1_seq100/75"", ""MCR_v1_seq100/93"", ""MCR_v2_seq100/140"", ""MCR_v2_seq100/142"", ""MCR_v2_seq100/143"", ""MCR_v2_seq100/168"", ""MCR_v2_seq100/199"", ""MCR_v2_seq100/234"", ""MCR_v2_seq100/237"", ""MCR_v2_seq100/245""]",5.421970854513347e-06
E5,base4,add_sibling5,add_sibling5_vs_base4,primary,MCR,clinical_complete,100,44,36,3,17,0.8,0.47,-0.33,3.608874976634979e-08,"[-0.43, -0.23]","[""MCR_seq200b/341"", ""MCR_seq200b/408"", ""MCR_v2_seq100/232""]","[""MCR_seq200b/265"", ""MCR_seq200b/272"", ""MCR_seq200b/275"", ""MCR_seq200b/283"", ""MCR_seq200b/302"", ""MCR_seq200b/314"", ""MCR_seq200b/330"", ""MCR_seq200b/342"", ""MCR_seq200b/355"", ""MCR_seq200b/371"", ""MCR_seq200b/372"", ""MCR_seq200b/381"", ""MCR_seq200b/424"", ""MCR_seq200b/450"", ""MCR_seq200b/460"", ""MCR_seq200b/466"", ""MCR_v1_seq100/109"", ""MCR_v1_seq100/119"", ""MCR_v1_seq100/17"", ""MCR_v1_seq100/19"", ""MCR_v1_seq100/22"", ""MCR_v1_seq100/33"", ""MCR_v1_seq100/64"", ""MCR_v1_seq100/65"", ""MCR_v1_seq100/72"", ""MCR_v1_seq100/75"", ""MCR_v1_seq100/93"", ""MCR_v2_seq100/140"", ""MCR_v2_seq100/142"", ""MCR_v2_seq100/143"", ""MCR_v2_seq100/151"", ""MCR_v2_seq100/168"", ""MCR_v2_seq100/199"", ""MCR_v2_seq100/234"", ""MCR_v2_seq100/237"", ""MCR_v2_seq100/245""]",2.5262124836444855e-07
E5,base4,add_synonym5,add_synonym5_vs_base4,primary,MCR,clinical_complete,100,56,24,10,10,0.8,0.66,-0.14,0.024306510109454393,"[-0.25, -0.03]","[""MCR_seq200b/279"", ""MCR_seq200b/341"", ""MCR_seq200b/354"", ""MCR_seq200b/405"", ""MCR_seq200b/408"", ""MCR_seq200b/461"", ""MCR_seq200b/468"", ""MCR_v1_seq100/94"", ""MCR_v2_seq100/165"", ""MCR_v2_seq100/232""]","[""MCR_seq200b/251"", ""MCR_seq200b/272"", ""MCR_seq200b/275"", ""MCR_seq200b/371"", ""MCR_seq200b/381"", ""MCR_seq200b/424"", ""MCR_seq200b/450"", ""MCR_seq200b/460"", ""MCR_seq200b/466"", ""MCR_v1_seq100/119"", ""MCR_v1_seq100/17"", ""MCR_v1_seq100/19"", ""MCR_v1_seq100/22"", ""MCR_v1_seq100/33"", ""MCR_v1_seq100/64"", ""MCR_v1_seq100/65"", ""MCR_v1_seq100/72"", ""MCR_v1_seq100/75"", ""MCR_v1_seq100/93"", ""MCR_v2_seq100/142"", ""MCR_v2_seq100/143"", ""MCR_v2_seq100/168"", ""MCR_v2_seq100/199"", ""MCR_v2_seq100/245""]",0.04861302021890879
E5,base4,add_unrelated5,add_unrelated5_vs_base4,primary,MCR,clinical_complete,100,50,30,4,16,0.8,0.54,-0.26,6.16488978266716e-06,"[-0.37, -0.16]","[""MCR_seq200b/341"", ""MCR_seq200b/384"", ""MCR_seq200b/468"", ""MCR_v2_seq100/232""]","[""MCR_seq200b/272"", ""MCR_seq200b/275"", ""MCR_seq200b/355"", ""MCR_seq200b/371"", ""MCR_seq200b/381"", ""MCR_seq200b/403"", ""MCR_seq200b/419"", ""MCR_seq200b/424"", ""MCR_seq200b/450"", ""MCR_seq200b/460"", ""MCR_seq200b/466"", ""MCR_v1_seq100/107"", ""MCR_v1_seq100/111"", ""MCR_v1_seq100/119"", ""MCR_v1_seq100/17"", ""MCR_v1_seq100/19"", ""MCR_v1_seq100/22"", ""MCR_v1_seq100/33"", ""MCR_v1_seq100/64"", ""MCR_v1_seq100/65"", ""MCR_v1_seq100/75"", ""MCR_v1_seq100/93"", ""MCR_v2_seq100/140"", ""MCR_v2_seq100/142"", ""MCR_v2_seq100/143"", ""MCR_v2_seq100/151"", ""MCR_v2_seq100/168"", ""MCR_v2_seq100/199"", ""MCR_v2_seq100/234"", ""MCR_v2_seq100/245""]",2.465955913066864e-05
E5,base4,nested_width6,nested_width6_vs_base4,primary,MCR,clinical_complete,100,44,36,3,17,0.8,0.47,-0.33,3.608874976634979e-08,"[-0.43, -0.23]","[""MCR_seq200b/279"", ""MCR_seq200b/341"", ""MCR_v2_seq100/232""]","[""MCR_seq200b/251"", ""MCR_seq200b/265"", ""MCR_seq200b/272"", ""MCR_seq200b/275"", ""MCR_seq200b/288"", ""MCR_seq200b/302"", ""MCR_seq200b/314"", ""MCR_seq200b/355"", ""MCR_seq200b/371"", ""MCR_seq200b/372"", ""MCR_seq200b/375"", ""MCR_seq200b/381"", ""MCR_seq200b/403"", ""MCR_seq200b/424"", ""MCR_seq200b/450"", ""MCR_seq200b/460"", ""MCR_seq200b/466"", ""MCR_v1_seq100/107"", ""MCR_v1_seq100/119"", ""MCR_v1_seq100/17"", ""MCR_v1_seq100/18"", ""MCR_v1_seq100/19"", ""MCR_v1_seq100/22"", ""MCR_v1_seq100/23"", ""MCR_v1_seq100/33"", ""MCR_v1_seq100/40"", ""MCR_v1_seq100/64"", ""MCR_v1_seq100/65"", ""MCR_v1_seq100/93"", ""MCR_v2_seq100/140"", ""MCR_v2_seq100/142"", ""MCR_v2_seq100/143"", ""MCR_v2_seq100/151"", ""MCR_v2_seq100/168"", ""MCR_v2_seq100/199"", ""MCR_v2_seq100/245""]",2.5262124836444855e-07
E5,base4,nested_width8,nested_width8_vs_base4,primary,MCR,clinical_complete,100,38,42,2,18,0.8,0.4,-0.4,1.1266365618212149e-10,"[-0.5, -0.29]","[""MCR_seq200b/384"", ""MCR_v2_seq100/232""]","[""MCR_seq200b/257"", ""MCR_seq200b/265"", ""MCR_seq200b/271"", ""MCR_seq200b/272"", ""MCR_seq200b/275"", ""MCR_seq200b/288"", ""MCR_seq200b/302"", ""MCR_seq200b/330"", ""MCR_seq200b/342"", ""MCR_seq200b/358"", ""MCR_seq200b/371"", ""MCR_seq200b/381"", ""MCR_seq200b/403"", ""MCR_seq200b/419"", ""MCR_seq200b/424"", ""MCR_seq200b/436"", ""MCR_seq200b/450"", ""MCR_seq200b/460"", ""MCR_seq200b/466"", ""MCR_v1_seq100/107"", ""MCR_v1_seq100/109"", ""MCR_v1_seq100/119"", ""MCR_v1_seq100/17"", ""MCR_v1_seq100/18"", ""MCR_v1_seq100/19"", ""MCR_v1_seq100/22"", ""MCR_v1_seq100/23"", ""MCR_v1_seq100/33"", ""MCR_v1_seq100/40"", ""MCR_v1_seq100/42"", ""MCR_v1_seq100/64"", ""MCR_v1_seq100/65"", ""MCR_v1_seq100/72"", ""MCR_v1_seq100/93"", ""MCR_v2_seq100/140"", ""MCR_v2_seq100/142"", ""MCR_v2_seq100/143"", ""MCR_v2_seq100/151"", ""MCR_v2_seq100/168"", ""MCR_v2_seq100/199"", ""MCR_v2_seq100/237"", ""MCR_v2_seq100/245""]",9.013092494569719e-10
E5,base4,remove_non_gold3,remove_non_gold3_vs_base4,primary,MCR,clinical_complete,100,74,6,11,9,0.8,0.85,0.05,0.332305908203125,"[-0.03, 0.13]","[""MCR_seq200b/319"", ""MCR_seq200b/327"", ""MCR_seq200b/338"", ""MCR_seq200b/341"", ""MCR_seq200b/408"", ""MCR_seq200b/413"", ""MCR_seq200b/461"", ""MCR_seq200b/468"", ""MCR_v1_seq100/5"", ""MCR_v2_seq100/210"", ""MCR_v2_seq100/232""]","[""MCR_seq200b/403"", ""MCR_seq200b/460"", ""MCR_seq200b/466"", ""MCR_v1_seq100/40"", ""MCR_v1_seq100/65"", ""MCR_v2_seq100/234""]",0.332305908203125
E5,base4,add_component5,add_component5_vs_base4,primary,MCR,compatible_partial,100,1,0,4,95,0.01,0.05,0.04,0.125,"[0.01, 0.08]","[""MCR_seq200b/330"", ""MCR_seq200b/354"", ""MCR_v1_seq100/75"", ""MCR_v2_seq100/234""]",[],0.875
E5,base4,add_parent5,add_parent5_vs_base4,primary,MCR,compatible_partial,100,1,0,12,87,0.01,0.13,0.12,0.00048828125,"[0.06, 0.19]","[""MCR_seq200b/302"", ""MCR_seq200b/330"", ""MCR_seq200b/394"", ""MCR_seq200b/468"", ""MCR_v1_seq100/128"", ""MCR_v1_seq100/72"", ""MCR_v1_seq100/75"", ""MCR_v2_seq100/140"", ""MCR_v2_seq100/165"", ""MCR_v2_seq100/210"", ""MCR_v2_seq100/234"", ""MCR_v2_seq100/237""]",[],0.00390625
E5,base4,add_sibling5,add_sibling5_vs_base4,primary,MCR,compatible_partial,100,1,0,4,95,0.01,0.05,0.04,0.125,"[0.01, 0.08]","[""MCR_seq200b/314"", ""MCR_seq200b/342"", ""MCR_v1_seq100/75"", ""MCR_v2_seq100/237""]",[],0.875
E5,base4,add_synonym5,add_synonym5_vs_base4,primary,MCR,compatible_partial,100,1,0,2,97,0.01,0.03,0.02,0.5,"[0.0, 0.05]","[""MCR_v1_seq100/72"", ""MCR_v1_seq100/75""]",[],1.0
E5,base4,add_unrelated5,add_unrelated5_vs_base4,primary,MCR,compatible_partial,100,0,1,1,98,0.01,0.01,0.0,1.0,"[-0.03, 0.03]","[""MCR_v1_seq100/75""]","[""MCR_seq200b/384""]",1.0
E5,base4,nested_width6,nested_width6_vs_base4,primary,MCR,compatible_partial,100,1,0,3,96,0.01,0.04,0.03,0.25,"[0.0, 0.07]","[""MCR_seq200b/314"", ""MCR_seq200b/319"", ""MCR_v1_seq100/40""]",[],1.0
E5,base4,nested_width8,nested_width8_vs_base4,primary,MCR,compatible_partial,100,0,1,3,96,0.01,0.03,0.02,0.625,"[-0.02, 0.06]","[""MCR_seq200b/271"", ""MCR_seq200b/302"", ""MCR_v1_seq100/40""]","[""MCR_seq200b/384""]",1.0
E5,base4,remove_non_gold3,remove_non_gold3_vs_base4,primary,MCR,compatible_partial,100,1,0,1,98,0.01,0.02,0.01,1.0,"[0.0, 0.03]","[""MCR_seq200b/466""]",[],1.0
E5,base4,add_component5,add_component5_vs_base4,primary,MCR,complete_or_compatible_partial,100,58,23,7,12,0.81,0.65,-0.16,0.005222879350185394,"[-0.26, -0.06]","[""MCR_seq200b/341"", ""MCR_seq200b/354"", ""MCR_seq200b/405"", ""MCR_seq200b/408"", ""MCR_seq200b/413"", ""MCR_seq200b/468"", ""MCR_v2_seq100/232""]","[""MCR_seq200b/272"", ""MCR_seq200b/275"", ""MCR_seq200b/371"", ""MCR_seq200b/381"", ""MCR_seq200b/403"", ""MCR_seq200b/424"", ""MCR_seq200b/450"", ""MCR_seq200b/460"", ""MCR_seq200b/466"", ""MCR_v1_seq100/119"", ""MCR_v1_seq100/17"", ""MCR_v1_seq100/19"", ""MCR_v1_seq100/22"", ""MCR_v1_seq100/33"", ""MCR_v1_seq100/64"", ""MCR_v1_seq100/65"", ""MCR_v1_seq100/93"", ""MCR_v2_seq100/140"", ""MCR_v2_seq100/142"", ""MCR_v2_seq100/143"", ""MCR_v2_seq100/168"", ""MCR_v2_seq100/199"", ""MCR_v2_seq100/245""]",0.018205536529421806
E5,base4,add_parent5,add_parent5_vs_base4,primary,MCR,complete_or_compatible_partial,100,56,25,8,11,0.81,0.64,-0.17,0.004551384132355452,"[-0.28, -0.07]","[""MCR_seq200b/279"", ""MCR_seq200b/341"", ""MCR_seq200b/408"", ""MCR_seq200b/468"", ""MCR_v1_seq100/128"", ""MCR_v2_seq100/165"", ""MCR_v2_seq100/210"", ""MCR_v2_seq100/232""]","[""MCR_seq200b/251"", ""MCR_seq200b/272"", ""MCR_seq200b/275"", ""MCR_seq200b/342"", ""MCR_seq200b/371"", ""MCR_seq200b/381"", ""MCR_seq200b/403"", ""MCR_seq200b/424"", ""MCR_seq200b/450"", ""MCR_seq200b/460"", ""MCR_seq200b/466"", ""MCR_v1_seq100/119"", ""MCR_v1_seq100/17"", ""MCR_v1_seq100/19"", ""MCR_v1_seq100/22"", ""MCR_v1_seq100/33"", ""MCR_v1_seq100/40"", ""MCR_v1_seq100/64"", ""MCR_v1_seq100/65"", ""MCR_v1_seq100/93"", ""MCR_v2_seq100/142"", ""MCR_v2_seq100/143"", ""MCR_v2_seq100/168"", ""MCR_v2_seq100/199"", ""MCR_v2_seq100/245""]",0.018205536529421806
E5,base4,add_sibling5,add_sibling5_vs_base4,primary,MCR,complete_or_compatible_partial,100,49,32,3,16,0.81,0.52,-0.29,4.176981747150421e-07,"[-0.39, -0.19]","[""MCR_seq200b/341"", ""MCR_seq200b/408"", ""MCR_v2_seq100/232""]","[""MCR_seq200b/265"", ""MCR_seq200b/272"", ""MCR_seq200b/275"", ""MCR_seq200b/283"", ""MCR_seq200b/302"", ""MCR_seq200b/330"", ""MCR_seq200b/355"", ""MCR_seq200b/371"", ""MCR_seq200b/372"", ""MCR_seq200b/381"", ""MCR_seq200b/424"", ""MCR_seq200b/450"", ""MCR_seq200b/460"", ""MCR_seq200b/466"", ""MCR_v1_seq100/109"", ""MCR_v1_seq100/119"", ""MCR_v1_seq100/17"", ""MCR_v1_seq100/19"", ""MCR_v1_seq100/22"", ""MCR_v1_seq100/33"", ""MCR_v1_seq100/64"", ""MCR_v1_seq100/65"", ""MCR_v1_seq100/72"", ""MCR_v1_seq100/93"", ""MCR_v2_seq100/140"", ""MCR_v2_seq100/142"", ""MCR_v2_seq100/143"", ""MCR_v2_seq100/151"", ""MCR_v2_seq100/168"", ""MCR_v2_seq100/199"", ""MCR_v2_seq100/234"", ""MCR_v2_seq100/245""]",2.923887223005295e-06
E5,base4,add_synonym5,add_synonym5_vs_base4,primary,MCR,complete_or_compatible_partial,100,59,22,10,9,0.81,0.69,-0.12,0.050102459732443094,"[-0.23, -0.01]","[""MCR_seq200b/279"", ""MCR_seq200b/341"", ""MCR_seq200b/354"", ""MCR_seq200b/405"", ""MCR_seq200b/408"", ""MCR_seq200b/461"", ""MCR_seq200b/468"", ""MCR_v1_seq100/94"", ""MCR_v2_seq100/165"", ""MCR_v2_seq100/232""]","[""MCR_seq200b/251"", ""MCR_seq200b/272"", ""MCR_seq200b/275"", ""MCR_seq200b/371"", ""MCR_seq200b/381"", ""MCR_seq200b/424"", ""MCR_seq200b/450"", ""MCR_seq200b/460"", ""MCR_seq200b/466"", ""MCR_v1_seq100/119"", ""MCR_v1_seq100/17"", ""MCR_v1_seq100/19"", ""MCR_v1_seq100/22"", ""MCR_v1_seq100/33"", ""MCR_v1_seq100/64"", ""MCR_v1_seq100/65"", ""MCR_v1_seq100/93"", ""MCR_v2_seq100/142"", ""MCR_v2_seq100/143"", ""MCR_v2_seq100/168"", ""MCR_v2_seq100/199"", ""MCR_v2_seq100/245""]",0.10020491946488619
E5,base4,add_unrelated5,add_unrelated5_vs_base4,primary,MCR,complete_or_compatible_partial,100,52,29,3,16,0.81,0.55,-0.26,2.5560148060321808e-06,"[-0.36, -0.16]","[""MCR_seq200b/341"", ""MCR_seq200b/468"", ""MCR_v2_seq100/232""]","[""MCR_seq200b/272"", ""MCR_seq200b/275"", ""MCR_seq200b/355"", ""MCR_seq200b/371"", ""MCR_seq200b/381"", ""MCR_seq200b/403"", ""MCR_seq200b/419"", ""MCR_seq200b/424"", ""MCR_seq200b/450"", ""MCR_seq200b/460"", ""MCR_seq200b/466"", ""MCR_v1_seq100/107"", ""MCR_v1_seq100/111"", ""MCR_v1_seq100/119"", ""MCR_v1_seq100/17"", ""MCR_v1_seq100/19"", ""MCR_v1_seq100/22"", ""MCR_v1_seq100/33"", ""MCR_v1_seq100/64"", ""MCR_v1_seq100/65"", ""MCR_v1_seq100/93"", ""MCR_v2_seq100/140"", ""MCR_v2_seq100/142"", ""MCR_v2_seq100/143"", ""MCR_v2_seq100/151"", ""MCR_v2_seq100/168"", ""MCR_v2_seq100/199"", ""MCR_v2_seq100/234"", ""MCR_v2_seq100/245""]",1.2780074030160904e-05
E5,base4,nested_width6,nested_width6_vs_base4,primary,MCR,complete_or_compatible_partial,100,47,34,4,15,0.81,0.51,-0.3,6.038535502739251e-07,"[-0.41, -0.2]","[""MCR_seq200b/279"", ""MCR_seq200b/319"", ""MCR_seq200b/341"", ""MCR_v2_seq100/232""]","[""MCR_seq200b/251"", ""MCR_seq200b/265"", ""MCR_seq200b/272"", ""MCR_seq200b/275"", ""MCR_seq200b/288"", ""MCR_seq200b/302"", ""MCR_seq200b/355"", ""MCR_seq200b/371"", ""MCR_seq200b/372"", ""MCR_seq200b/375"", ""MCR_seq200b/381"", ""MCR_seq200b/403"", ""MCR_seq200b/424"", ""MCR_seq200b/450"", ""MCR_seq200b/460"", ""MCR_seq200b/466"", ""MCR_v1_seq100/107"", ""MCR_v1_seq100/119"", ""MCR_v1_seq100/17"", ""MCR_v1_seq100/18"", ""MCR_v1_seq100/19"", ""MCR_v1_seq100/22"", ""MCR_v1_seq100/23"", ""MCR_v1_seq100/33"", ""MCR_v1_seq100/64"", ""MCR_v1_seq100/65"", ""MCR_v1_seq100/93"", ""MCR_v2_seq100/140"", ""MCR_v2_seq100/142"", ""MCR_v2_seq100/143"", ""MCR_v2_seq100/151"", ""MCR_v2_seq100/168"", ""MCR_v2_seq100/199"", ""MCR_v2_seq100/245""]",3.6231213016435504e-06
E5,base4,nested_width8,nested_width8_vs_base4,primary,MCR,complete_or_compatible_partial,100,42,39,1,18,0.81,0.43,-0.38,7.457856554538012e-11,"[-0.48, -0.28]","[""MCR_v2_seq100/232""]","[""MCR_seq200b/257"", ""MCR_seq200b/265"", ""MCR_seq200b/272"", ""MCR_seq200b/275"", ""MCR_seq200b/288"", ""MCR_seq200b/330"", ""MCR_seq200b/342"", ""MCR_seq200b/358"", ""MCR_seq200b/371"", ""MCR_seq200b/381"", ""MCR_seq200b/403"", ""MCR_seq200b/419"", ""MCR_seq200b/424"", ""MCR_seq200b/436"", ""MCR_seq200b/450"", ""MCR_seq200b/460"", ""MCR_seq200b/466"", ""MCR_v1_seq100/107"", ""MCR_v1_seq100/109"", ""MCR_v1_seq100/119"", ""MCR_v1_seq100/17"", ""MCR_v1_seq100/18"", ""MCR_v1_seq100/19"", ""MCR_v1_seq100/22"", ""MCR_v1_seq100/23"", ""MCR_v1_seq100/33"", ""MCR_v1_seq100/42"", ""MCR_v1_seq100/64"", ""MCR_v1_seq100/65"", ""MCR_v1_seq100/72"", ""MCR_v1_seq100/93"", ""MCR_v2_seq100/140"", ""MCR_v2_seq100/142"", ""MCR_v2_seq100/143"", ""MCR_v2_seq100/151"", ""MCR_v2_seq100/168"", ""MCR_v2_seq100/199"", ""MCR_v2_seq100/237"", ""MCR_v2_seq100/245""]",5.966285243630409e-10
E5,base4,remove_non_gold3,remove_non_gold3_vs_base4,primary,MCR,complete_or_compatible_partial,100,76,5,11,8,0.81,0.87,0.06,0.210113525390625,"[-0.02, 0.14]","[""MCR_seq200b/319"", ""MCR_seq200b/327"", ""MCR_seq200b/338"", ""MCR_seq200b/341"", ""MCR_seq200b/408"", ""MCR_seq200b/413"", ""MCR_seq200b/461"", ""MCR_seq200b/468"", ""MCR_v1_seq100/5"", ""MCR_v2_seq100/210"", ""MCR_v2_seq100/232""]","[""MCR_seq200b/403"", ""MCR_seq200b/460"", ""MCR_v1_seq100/40"", ""MCR_v1_seq100/65"", ""MCR_v2_seq100/234""]",0.210113525390625
E5,base4,add_component5,add_component5_vs_base4,primary,MCR,legacy_chain,100,51,27,7,15,0.78,0.58,-0.2,0.0008213953115046024,"[-0.31, -0.09]","[""MCR_seq200b/341"", ""MCR_seq200b/405"", ""MCR_seq200b/408"", ""MCR_seq200b/413"", ""MCR_seq200b/468"", ""MCR_v2_seq100/232"", ""MCR_v2_seq100/234""]","[""MCR_seq200b/272"", ""MCR_seq200b/275"", ""MCR_seq200b/283"", ""MCR_seq200b/371"", ""MCR_seq200b/381"", ""MCR_seq200b/403"", ""MCR_seq200b/424"", ""MCR_seq200b/450"", ""MCR_seq200b/460"", ""MCR_seq200b/466"", ""MCR_v1_seq100/107"", ""MCR_v1_seq100/109"", ""MCR_v1_seq100/119"", ""MCR_v1_seq100/17"", ""MCR_v1_seq100/19"", ""MCR_v1_seq100/22"", ""MCR_v1_seq100/33"", ""MCR_v1_seq100/64"", ""MCR_v1_seq100/65"", ""MCR_v1_seq100/75"", ""MCR_v1_seq100/93"", ""MCR_v2_seq100/140"", ""MCR_v2_seq100/142"", ""MCR_v2_seq100/143"", ""MCR_v2_seq100/151"", ""MCR_v2_seq100/168"", ""MCR_v2_seq100/245""]",0.0024641859345138073
E5,base4,add_parent5,add_parent5_vs_base4,primary,MCR,legacy_chain,100,49,29,6,16,0.78,0.55,-0.23,0.0001168418675661087,"[-0.34, -0.12]","[""MCR_seq200b/279"", ""MCR_seq200b/341"", ""MCR_seq200b/408"", ""MCR_seq200b/468"", ""MCR_v2_seq100/165"", ""MCR_v2_seq100/232""]","[""MCR_seq200b/251"", ""MCR_seq200b/266"", ""MCR_seq200b/272"", ""MCR_seq200b/275"", ""MCR_seq200b/330"", ""MCR_seq200b/342"", ""MCR_seq200b/371"", ""MCR_seq200b/381"", ""MCR_seq200b/394"", ""MCR_seq200b/403"", ""MCR_seq200b/424"", ""MCR_seq200b/450"", ""MCR_seq200b/460"", ""MCR_seq200b/466"", ""MCR_v1_seq100/119"", ""MCR_v1_seq100/17"", ""MCR_v1_seq100/19"", ""MCR_v1_seq100/22"", ""MCR_v1_seq100/33"", ""MCR_v1_seq100/40"", ""MCR_v1_seq100/64"", ""MCR_v1_seq100/65"", ""MCR_v1_seq100/75"", ""MCR_v1_seq100/93"", ""MCR_v2_seq100/140"", ""MCR_v2_seq100/142"", ""MCR_v2_seq100/143"", ""MCR_v2_seq100/168"", ""MCR_v2_seq100/245""]",0.0004673674702644348
E5,base4,add_sibling5,add_sibling5_vs_base4,primary,MCR,legacy_chain,100,45,33,3,19,0.78,0.48,-0.3,2.2721360437572002e-07,"[-0.4, -0.2]","[""MCR_seq200b/341"", ""MCR_seq200b/408"", ""MCR_v2_seq100/232""]","[""MCR_seq200b/265"", ""MCR_seq200b/272"", ""MCR_seq200b/275"", ""MCR_seq200b/302"", ""MCR_seq200b/314"", ""MCR_seq200b/330"", ""MCR_seq200b/342"", ""MCR_seq200b/355"", ""MCR_seq200b/371"", ""MCR_seq200b/372"", ""MCR_seq200b/381"", ""MCR_seq200b/424"", ""MCR_seq200b/450"", ""MCR_seq200b/460"", ""MCR_seq200b/466"", ""MCR_v1_seq100/109"", ""MCR_v1_seq100/119"", ""MCR_v1_seq100/17"", ""MCR_v1_seq100/19"", ""MCR_v1_seq100/22"", ""MCR_v1_seq100/33"", ""MCR_v1_seq100/64"", ""MCR_v1_seq100/65"", ""MCR_v1_seq100/72"", ""MCR_v1_seq100/75"", ""MCR_v1_seq100/93"", ""MCR_v2_seq100/140"", ""MCR_v2_seq100/142"", ""MCR_v2_seq100/143"", ""MCR_v2_seq100/151"", ""MCR_v2_seq100/168"", ""MCR_v2_seq100/237"", ""MCR_v2_seq100/245""]",1.5904952306300402e-06
E5,base4,add_synonym5,add_synonym5_vs_base4,primary,MCR,legacy_chain,100,48,30,10,12,0.78,0.58,-0.2,0.0022214337732293643,"[-0.32, -0.08]","[""MCR_seq200b/279"", ""MCR_seq200b/341"", ""MCR_seq200b/354"", ""MCR_seq200b/405"", ""MCR_seq200b/408"", ""MCR_seq200b/461"", ""MCR_seq200b/468"", ""MCR_v1_seq100/94"", ""MCR_v2_seq100/165"", ""MCR_v2_seq100/232""]","[""MCR_seq200b/251"", ""MCR_seq200b/272"", ""MCR_seq200b/275"", ""MCR_seq200b/312"", ""MCR_seq200b/314"", ""MCR_seq200b/339"", ""MCR_seq200b/358"", ""MCR_seq200b/371"", ""MCR_seq200b/381"", ""MCR_seq200b/424"", ""MCR_seq200b/450"", ""MCR_seq200b/460"", ""MCR_seq200b/466"", ""MCR_v1_seq100/109"", ""MCR_v1_seq100/119"", ""MCR_v1_seq100/17"", ""MCR_v1_seq100/19"", ""MCR_v1_seq100/22"", ""MCR_v1_seq100/26"", ""MCR_v1_seq100/33"", ""MCR_v1_seq100/41"", ""MCR_v1_seq100/64"", ""MCR_v1_seq100/65"", ""MCR_v1_seq100/72"", ""MCR_v1_seq100/75"", ""MCR_v1_seq100/93"", ""MCR_v2_seq100/142"", ""MCR_v2_seq100/143"", ""MCR_v2_seq100/168"", ""MCR_v2_seq100/245""]",0.004442867546458729
E5,base4,add_unrelated5,add_unrelated5_vs_base4,primary,MCR,legacy_chain,100,50,28,3,19,0.78,0.53,-0.25,4.649162292480469e-06,"[-0.35, -0.15]","[""MCR_seq200b/341"", ""MCR_seq200b/468"", ""MCR_v2_seq100/232""]","[""MCR_seq200b/272"", ""MCR_seq200b/275"", ""MCR_seq200b/355"", ""MCR_seq200b/371"", ""MCR_seq200b/381"", ""MCR_seq200b/403"", ""MCR_seq200b/419"", ""MCR_seq200b/424"", ""MCR_seq200b/450"", ""MCR_seq200b/460"", ""MCR_seq200b/466"", ""MCR_v1_seq100/107"", ""MCR_v1_seq100/111"", ""MCR_v1_seq100/119"", ""MCR_v1_seq100/17"", ""MCR_v1_seq100/19"", ""MCR_v1_seq100/22"", ""MCR_v1_seq100/33"", ""MCR_v1_seq100/64"", ""MCR_v1_seq100/65"", ""MCR_v1_seq100/75"", ""MCR_v1_seq100/93"", ""MCR_v2_seq100/140"", ""MCR_v2_seq100/142"", ""MCR_v2_seq100/143"", ""MCR_v2_seq100/151"", ""MCR_v2_seq100/168"", ""MCR_v2_seq100/245""]",2.3245811462402344e-05
E5,base4,nested_width6,nested_width6_vs_base4,primary,MCR,legacy_chain,100,45,33,3,19,0.78,0.48,-0.3,2.2721360437572002e-07,"[-0.4, -0.2]","[""MCR_seq200b/279"", ""MCR_seq200b/341"", ""MCR_v2_seq100/232""]","[""MCR_seq200b/251"", ""MCR_seq200b/265"", ""MCR_seq200b/272"", ""MCR_seq200b/275"", ""MCR_seq200b/288"", ""MCR_seq200b/302"", ""MCR_seq200b/314"", ""MCR_seq200b/355"", ""MCR_seq200b/371"", ""MCR_seq200b/372"", ""MCR_seq200b/375"", ""MCR_seq200b/381"", ""MCR_seq200b/403"", ""MCR_seq200b/424"", ""MCR_seq200b/450"", ""MCR_seq200b/460"", ""MCR_seq200b/466"", ""MCR_v1_seq100/107"", ""MCR_v1_seq100/119"", ""MCR_v1_seq100/17"", ""MCR_v1_seq100/18"", ""MCR_v1_seq100/19"", ""MCR_v1_seq100/22"", ""MCR_v1_seq100/33"", ""MCR_v1_seq100/64"", ""MCR_v1_seq100/65"", ""MCR_v1_seq100/93"", ""MCR_v2_seq100/140"", ""MCR_v2_seq100/142"", ""MCR_v2_seq100/143"", ""MCR_v2_seq100/151"", ""MCR_v2_seq100/168"", ""MCR_v2_seq100/245""]",1.5904952306300402e-06
E5,base4,nested_width8,nested_width8_vs_base4,primary,MCR,legacy_chain,100,39,39,1,21,0.78,0.4,-0.38,7.457856554538012e-11,"[-0.48, -0.28]","[""MCR_v2_seq100/232""]","[""MCR_seq200b/257"", ""MCR_seq200b/265"", ""MCR_seq200b/271"", ""MCR_seq200b/272"", ""MCR_seq200b/275"", ""MCR_seq200b/288"", ""MCR_seq200b/302"", ""MCR_seq200b/330"", ""MCR_seq200b/342"", ""MCR_seq200b/358"", ""MCR_seq200b/371"", ""MCR_seq200b/381"", ""MCR_seq200b/403"", ""MCR_seq200b/419"", ""MCR_seq200b/424"", ""MCR_seq200b/436"", ""MCR_seq200b/450"", ""MCR_seq200b/460"", ""MCR_seq200b/466"", ""MCR_v1_seq100/107"", ""MCR_v1_seq100/109"", ""MCR_v1_seq100/119"", ""MCR_v1_seq100/17"", ""MCR_v1_seq100/18"", ""MCR_v1_seq100/19"", ""MCR_v1_seq100/22"", ""MCR_v1_seq100/33"", ""MCR_v1_seq100/42"", ""MCR_v1_seq100/64"", ""MCR_v1_seq100/65"", ""MCR_v1_seq100/72"", ""MCR_v1_seq100/93"", ""MCR_v2_seq100/140"", ""MCR_v2_seq100/142"", ""MCR_v2_seq100/143"", ""MCR_v2_seq100/151"", ""MCR_v2_seq100/168"", ""MCR_v2_seq100/237"", ""MCR_v2_seq100/245""]",5.966285243630409e-10
E5,base4,remove_non_gold3,remove_non_gold3_vs_base4,primary,MCR,legacy_chain,100,73,5,12,10,0.78,0.85,0.07,0.143463134765625,"[-0.01, 0.15]","[""MCR_seq200b/319"", ""MCR_seq200b/327"", ""MCR_seq200b/338"", ""MCR_seq200b/341"", ""MCR_seq200b/408"", ""MCR_seq200b/413"", ""MCR_seq200b/461"", ""MCR_seq200b/468"", ""MCR_v1_seq100/23"", ""MCR_v1_seq100/5"", ""MCR_v2_seq100/210"", ""MCR_v2_seq100/232""]","[""MCR_seq200b/403"", ""MCR_seq200b/460"", ""MCR_seq200b/466"", ""MCR_v1_seq100/40"", ""MCR_v1_seq100/65""]",0.143463134765625
E5,base4,add_component5,add_component5_vs_base4,primary,MCR,safe_exact,100,47,29,6,18,0.76,0.53,-0.23,0.0001168418675661087,"[-0.34, -0.12]","[""MCR_seq200b/341"", ""MCR_seq200b/405"", ""MCR_seq200b/408"", ""MCR_seq200b/413"", ""MCR_seq200b/468"", ""MCR_v2_seq100/232""]","[""MCR_seq200b/272"", ""MCR_seq200b/275"", ""MCR_seq200b/283"", ""MCR_seq200b/330"", ""MCR_seq200b/356"", ""MCR_seq200b/371"", ""MCR_seq200b/381"", ""MCR_seq200b/403"", ""MCR_seq200b/420"", ""MCR_seq200b/424"", ""MCR_seq200b/460"", ""MCR_seq200b/466"", ""MCR_v1_seq100/107"", ""MCR_v1_seq100/109"", ""MCR_v1_seq100/119"", ""MCR_v1_seq100/17"", ""MCR_v1_seq100/19"", ""MCR_v1_seq100/22"", ""MCR_v1_seq100/33"", ""MCR_v1_seq100/64"", ""MCR_v1_seq100/65"", ""MCR_v1_seq100/75"", ""MCR_v1_seq100/93"", ""MCR_v2_seq100/140"", ""MCR_v2_seq100/142"", ""MCR_v2_seq100/143"", ""MCR_v2_seq100/151"", ""MCR_v2_seq100/168"", ""MCR_v2_seq100/245""]",0.0003505256026983261
E5,base4,add_parent5,add_parent5_vs_base4,primary,MCR,safe_exact,100,44,32,4,20,0.76,0.48,-0.28,1.941574737429619e-06,"[-0.39, -0.18]","[""MCR_seq200b/279"", ""MCR_seq200b/341"", ""MCR_seq200b/408"", ""MCR_v2_seq100/232""]","[""MCR_seq200b/251"", ""MCR_seq200b/266"", ""MCR_seq200b/272"", ""MCR_seq200b/275"", ""MCR_seq200b/302"", ""MCR_seq200b/330"", ""MCR_seq200b/342"", ""MCR_seq200b/371"", ""MCR_seq200b/381"", ""MCR_seq200b/394"", ""MCR_seq200b/403"", ""MCR_seq200b/420"", ""MCR_seq200b/424"", ""MCR_seq200b/460"", ""MCR_seq200b/466"", ""MCR_v1_seq100/119"", ""MCR_v1_seq100/17"", ""MCR_v1_seq100/19"", ""MCR_v1_seq100/22"", ""MCR_v1_seq100/33"", ""MCR_v1_seq100/40"", ""MCR_v1_seq100/64"", ""MCR_v1_seq100/65"", ""MCR_v1_seq100/72"", ""MCR_v1_seq100/75"", ""MCR_v1_seq100/93"", ""MCR_v2_seq100/140"", ""MCR_v2_seq100/142"", ""MCR_v2_seq100/143"", ""MCR_v2_seq100/168"", ""MCR_v2_seq100/237"", ""MCR_v2_seq100/245""]",9.707873687148094e-06
E5,base4,add_sibling5,add_sibling5_vs_base4,primary,MCR,safe_exact,100,42,34,3,21,0.76,0.45,-0.31,1.233129296451807e-07,"[-0.41, -0.2]","[""MCR_seq200b/341"", ""MCR_seq200b/408"", ""MCR_v2_seq100/232""]","[""MCR_seq200b/265"", ""MCR_seq200b/272"", ""MCR_seq200b/275"", ""MCR_seq200b/283"", ""MCR_seq200b/302"", ""MCR_seq200b/314"", ""MCR_seq200b/330"", ""MCR_seq200b/342"", ""MCR_seq200b/355"", ""MCR_seq200b/371"", ""MCR_seq200b/372"", ""MCR_seq200b/381"", ""MCR_seq200b/420"", ""MCR_seq200b/424"", ""MCR_seq200b/460"", ""MCR_seq200b/466"", ""MCR_v1_seq100/109"", ""MCR_v1_seq100/119"", ""MCR_v1_seq100/17"", ""MCR_v1_seq100/19"", ""MCR_v1_seq100/22"", ""MCR_v1_seq100/33"", ""MCR_v1_seq100/64"", ""MCR_v1_seq100/65"", ""MCR_v1_seq100/72"", ""MCR_v1_seq100/75"", ""MCR_v1_seq100/93"", ""MCR_v2_seq100/140"", ""MCR_v2_seq100/142"", ""MCR_v2_seq100/143"", ""MCR_v2_seq100/151"", ""MCR_v2_seq100/168"", ""MCR_v2_seq100/237"", ""MCR_v2_seq100/245""]",8.631905075162649e-07
E5,base4,add_synonym5,add_synonym5_vs_base4,primary,MCR,safe_exact,100,47,29,10,14,0.76,0.57,-0.19,0.0033778479119064286,"[-0.31, -0.07]","[""MCR_seq200b/279"", ""MCR_seq200b/341"", ""MCR_seq200b/354"", ""MCR_seq200b/405"", ""MCR_seq200b/408"", ""MCR_seq200b/461"", ""MCR_seq200b/468"", ""MCR_v1_seq100/94"", ""MCR_v2_seq100/165"", ""MCR_v2_seq100/232""]","[""MCR_seq200b/251"", ""MCR_seq200b/272"", ""MCR_seq200b/275"", ""MCR_seq200b/312"", ""MCR_seq200b/314"", ""MCR_seq200b/339"", ""MCR_seq200b/358"", ""MCR_seq200b/371"", ""MCR_seq200b/381"", ""MCR_seq200b/424"", ""MCR_seq200b/460"", ""MCR_seq200b/466"", ""MCR_v1_seq100/109"", ""MCR_v1_seq100/119"", ""MCR_v1_seq100/17"", ""MCR_v1_seq100/19"", ""MCR_v1_seq100/22"", ""MCR_v1_seq100/26"", ""MCR_v1_seq100/33"", ""MCR_v1_seq100/41"", ""MCR_v1_seq100/64"", ""MCR_v1_seq100/65"", ""MCR_v1_seq100/72"", ""MCR_v1_seq100/75"", ""MCR_v1_seq100/93"", ""MCR_v2_seq100/142"", ""MCR_v2_seq100/143"", ""MCR_v2_seq100/168"", ""MCR_v2_seq100/245""]",0.006755695823812857
E5,base4,add_unrelated5,add_unrelated5_vs_base4,primary,MCR,safe_exact,100,48,28,4,20,0.76,0.52,-0.24,1.9301194697618484e-05,"[-0.34, -0.14]","[""MCR_seq200b/341"", ""MCR_seq200b/384"", ""MCR_seq200b/468"", ""MCR_v2_seq100/232""]","[""MCR_seq200b/272"", ""MCR_seq200b/275"", ""MCR_seq200b/355"", ""MCR_seq200b/371"", ""MCR_seq200b/381"", ""MCR_seq200b/403"", ""MCR_seq200b/419"", ""MCR_seq200b/420"", ""MCR_seq200b/424"", ""MCR_seq200b/460"", ""MCR_seq200b/466"", ""MCR_v1_seq100/107"", ""MCR_v1_seq100/111"", ""MCR_v1_seq100/119"", ""MCR_v1_seq100/17"", ""MCR_v1_seq100/19"", ""MCR_v1_seq100/22"", ""MCR_v1_seq100/33"", ""MCR_v1_seq100/64"", ""MCR_v1_seq100/65"", ""MCR_v1_seq100/75"", ""MCR_v1_seq100/93"", ""MCR_v2_seq100/140"", ""MCR_v2_seq100/142"", ""MCR_v2_seq100/143"", ""MCR_v2_seq100/151"", ""MCR_v2_seq100/168"", ""MCR_v2_seq100/245""]",7.720477879047394e-05
E5,base4,nested_width6,nested_width6_vs_base4,primary,MCR,safe_exact,100,43,33,3,21,0.76,0.46,-0.3,2.2721360437572002e-07,"[-0.4, -0.2]","[""MCR_seq200b/279"", ""MCR_seq200b/341"", ""MCR_v2_seq100/232""]","[""MCR_seq200b/251"", ""MCR_seq200b/265"", ""MCR_seq200b/272"", ""MCR_seq200b/275"", ""MCR_seq200b/288"", ""MCR_seq200b/302"", ""MCR_seq200b/314"", ""MCR_seq200b/355"", ""MCR_seq200b/371"", ""MCR_seq200b/372"", ""MCR_seq200b/375"", ""MCR_seq200b/381"", ""MCR_seq200b/403"", ""MCR_seq200b/424"", ""MCR_seq200b/460"", ""MCR_seq200b/466"", ""MCR_v1_seq100/107"", ""MCR_v1_seq100/119"", ""MCR_v1_seq100/17"", ""MCR_v1_seq100/18"", ""MCR_v1_seq100/19"", ""MCR_v1_seq100/22"", ""MCR_v1_seq100/33"", ""MCR_v1_seq100/40"", ""MCR_v1_seq100/64"", ""MCR_v1_seq100/65"", ""MCR_v1_seq100/93"", ""MCR_v2_seq100/140"", ""MCR_v2_seq100/142"", ""MCR_v2_seq100/143"", ""MCR_v2_seq100/151"", ""MCR_v2_seq100/168"", ""MCR_v2_seq100/245""]",1.3632816262543201e-06
E5,base4,nested_width8,nested_width8_vs_base4,primary,MCR,safe_exact,100,37,39,2,22,0.76,0.39,-0.37,7.839844329282641e-10,"[-0.47, -0.27]","[""MCR_seq200b/384"", ""MCR_v2_seq100/232""]","[""MCR_seq200b/257"", ""MCR_seq200b/265"", ""MCR_seq200b/271"", ""MCR_seq200b/272"", ""MCR_seq200b/275"", ""MCR_seq200b/288"", ""MCR_seq200b/302"", ""MCR_seq200b/330"", ""MCR_seq200b/342"", ""MCR_seq200b/358"", ""MCR_seq200b/371"", ""MCR_seq200b/381"", ""MCR_seq200b/403"", ""MCR_seq200b/419"", ""MCR_seq200b/424"", ""MCR_seq200b/436"", ""MCR_seq200b/460"", ""MCR_seq200b/466"", ""MCR_v1_seq100/107"", ""MCR_v1_seq100/109"", ""MCR_v1_seq100/119"", ""MCR_v1_seq100/17"", ""MCR_v1_seq100/18"", ""MCR_v1_seq100/19"", ""MCR_v1_seq100/22"", ""MCR_v1_seq100/33"", ""MCR_v1_seq100/40"", ""MCR_v1_seq100/42"", ""MCR_v1_seq100/64"", ""MCR_v1_seq100/65"", ""MCR_v1_seq100/72"", ""MCR_v1_seq100/93"", ""MCR_v2_seq100/140"", ""MCR_v2_seq100/142"", ""MCR_v2_seq100/143"", ""MCR_v2_seq100/151"", ""MCR_v2_seq100/168"", ""MCR_v2_seq100/237"", ""MCR_v2_seq100/245""]",6.271875463426113e-09
E5,base4,remove_non_gold3,remove_non_gold3_vs_base4,primary,MCR,safe_exact,100,71,5,12,12,0.76,0.83,0.07,0.143463134765625,"[-0.01, 0.15]","[""MCR_seq200b/319"", ""MCR_seq200b/327"", ""MCR_seq200b/338"", ""MCR_seq200b/341"", ""MCR_seq200b/408"", ""MCR_seq200b/413"", ""MCR_seq200b/461"", ""MCR_seq200b/468"", ""MCR_v1_seq100/23"", ""MCR_v1_seq100/5"", ""MCR_v2_seq100/210"", ""MCR_v2_seq100/232""]","[""MCR_seq200b/403"", ""MCR_seq200b/460"", ""MCR_seq200b/466"", ""MCR_v1_seq100/40"", ""MCR_v1_seq100/65""]",0.143463134765625
E5,nested_width6,nested_width8,width8_vs_width6,width_secondary,ALL,clinical_complete,200,83,18,6,93,0.505,0.445,-0.06,0.022655844688415527,"[-0.11, -0.015]","[""MCR_seq200b/251"", ""MCR_seq200b/314"", ""MCR_seq200b/355"", ""MCR_seq200b/372"", ""MCR_seq200b/375"", ""MCR_seq200b/384""]","[""DA_d2_heldout100/317"", ""DA_d2_heldout200b/507"", ""DA_d2_heldout200b/563"", ""DA_d2_heldout200b/591"", ""DA_d2_seq100/87"", ""MCR_seq200b/257"", ""MCR_seq200b/271"", ""MCR_seq200b/279"", ""MCR_seq200b/330"", ""MCR_seq200b/341"", ""MCR_seq200b/342"", ""MCR_seq200b/358"", ""MCR_seq200b/419"", ""MCR_seq200b/436"", ""MCR_v1_seq100/109"", ""MCR_v1_seq100/42"", ""MCR_v1_seq100/72"", ""MCR_v2_seq100/237""]",0.022655844688415527
E5,nested_width6,nested_width8,width8_vs_width6,width_secondary,ALL,compatible_partial,200,20,4,6,170,0.12,0.13,0.01,0.75390625,"[-0.02, 0.04]","[""DA_d2_heldout200b/507"", ""DA_d2_heldout200b/563"", ""DA_d2_heldout200b/747"", ""DA_d2_seq100/87"", ""MCR_seq200b/271"", ""MCR_seq200b/302""]","[""DA_d2_heldout100/259"", ""MCR_seq200b/314"", ""MCR_seq200b/319"", ""MCR_seq200b/384""]",0.75390625
E5,nested_width6,nested_width8,width8_vs_width6,width_secondary,ALL,complete_or_compatible_partial,200,109,16,6,69,0.625,0.575,-0.05,0.052478790283203125,"[-0.095, -0.005]","[""DA_d2_heldout200b/747"", ""MCR_seq200b/251"", ""MCR_seq200b/302"", ""MCR_seq200b/355"", ""MCR_seq200b/372"", ""MCR_seq200b/375""]","[""DA_d2_heldout100/259"", ""DA_d2_heldout100/317"", ""DA_d2_heldout200b/591"", ""MCR_seq200b/257"", ""MCR_seq200b/279"", ""MCR_seq200b/319"", ""MCR_seq200b/330"", ""MCR_seq200b/341"", ""MCR_seq200b/342"", ""MCR_seq200b/358"", ""MCR_seq200b/419"", ""MCR_seq200b/436"", ""MCR_v1_seq100/109"", ""MCR_v1_seq100/42"", ""MCR_v1_seq100/72"", ""MCR_v2_seq100/237""]",0.052478790283203125
E5,nested_width6,nested_width8,width8_vs_width6,width_secondary,ALL,legacy_chain,200,81,19,6,94,0.5,0.435,-0.065,0.01463329792022705,"[-0.115, -0.02]","[""DA_d2_heldout200b/775"", ""MCR_seq200b/251"", ""MCR_seq200b/314"", ""MCR_seq200b/355"", ""MCR_seq200b/372"", ""MCR_seq200b/375""]","[""DA_d2_heldout100/306"", ""DA_d2_heldout100/375"", ""DA_d2_heldout200b/563"", ""DA_d2_heldout200b/591"", ""DA_d2_heldout200b/646"", ""DA_d2_seq100/87"", ""MCR_seq200b/257"", ""MCR_seq200b/271"", ""MCR_seq200b/279"", ""MCR_seq200b/330"", ""MCR_seq200b/341"", ""MCR_seq200b/342"", ""MCR_seq200b/358"", ""MCR_seq200b/419"", ""MCR_seq200b/436"", ""MCR_v1_seq100/109"", ""MCR_v1_seq100/42"", ""MCR_v1_seq100/72"", ""MCR_v2_seq100/237""]",0.01463329792022705
E5,nested_width6,nested_width8,width8_vs_width6,width_secondary,ALL,safe_exact,200,76,20,6,98,0.48,0.41,-0.07,0.009355306625366211,"[-0.12, -0.02]","[""MCR_seq200b/251"", ""MCR_seq200b/314"", ""MCR_seq200b/355"", ""MCR_seq200b/372"", ""MCR_seq200b/375"", ""MCR_seq200b/384""]","[""DA_d2_heldout100/306"", ""DA_d2_heldout100/375"", ""DA_d2_heldout200b/507"", ""DA_d2_heldout200b/563"", ""DA_d2_heldout200b/591"", ""DA_d2_heldout200b/646"", ""DA_d2_seq100/87"", ""MCR_seq200b/257"", ""MCR_seq200b/271"", ""MCR_seq200b/279"", ""MCR_seq200b/330"", ""MCR_seq200b/341"", ""MCR_seq200b/342"", ""MCR_seq200b/358"", ""MCR_seq200b/419"", ""MCR_seq200b/436"", ""MCR_v1_seq100/109"", ""MCR_v1_seq100/42"", ""MCR_v1_seq100/72"", ""MCR_v2_seq100/237""]",0.009355306625366211
E5,nested_width6,nested_width8,width8_vs_width6,width_secondary,DA,clinical_complete,100,49,5,0,46,0.54,0.49,-0.05,0.0625,"[-0.1, -0.01]",[],"[""DA_d2_heldout100/317"", ""DA_d2_heldout200b/507"", ""DA_d2_heldout200b/563"", ""DA_d2_heldout200b/591"", ""DA_d2_seq100/87""]",0.0625
E5,nested_width6,nested_width8,width8_vs_width6,width_secondary,DA,compatible_partial,100,19,1,4,76,0.2,0.23,0.03,0.375,"[-0.01, 0.08]","[""DA_d2_heldout200b/507"", ""DA_d2_heldout200b/563"", ""DA_d2_heldout200b/747"", ""DA_d2_seq100/87""]","[""DA_d2_heldout100/259""]",0.375
E5,nested_width6,nested_width8,width8_vs_width6,width_secondary,DA,complete_or_compatible_partial,100,71,3,1,25,0.74,0.72,-0.02,0.625,"[-0.06, 0.02]","[""DA_d2_heldout200b/747""]","[""DA_d2_heldout100/259"", ""DA_d2_heldout100/317"", ""DA_d2_heldout200b/591""]",0.625
E5,nested_width6,nested_width8,width8_vs_width6,width_secondary,DA,legacy_chain,100,46,6,1,47,0.52,0.47,-0.05,0.125,"[-0.1, 0.0]","[""DA_d2_heldout200b/775""]","[""DA_d2_heldout100/306"", ""DA_d2_heldout100/375"", ""DA_d2_heldout200b/563"", ""DA_d2_heldout200b/591"", ""DA_d2_heldout200b/646"", ""DA_d2_seq100/87""]",0.125
E5,nested_width6,nested_width8,width8_vs_width6,width_secondary,DA,safe_exact,100,43,7,0,50,0.5,0.43,-0.07,0.015625,"[-0.12, -0.02]",[],"[""DA_d2_heldout100/306"", ""DA_d2_heldout100/375"", ""DA_d2_heldout200b/507"", ""DA_d2_heldout200b/563"", ""DA_d2_heldout200b/591"", ""DA_d2_heldout200b/646"", ""DA_d2_seq100/87""]",0.015625
E5,nested_width6,nested_width8,width8_vs_width6,width_secondary,MCR,clinical_complete,100,34,13,6,47,0.47,0.4,-0.07,0.1670684814453125,"[-0.15, 0.01]","[""MCR_seq200b/251"", ""MCR_seq200b/314"", ""MCR_seq200b/355"", ""MCR_seq200b/372"", ""MCR_seq200b/375"", ""MCR_seq200b/384""]","[""MCR_seq200b/257"", ""MCR_seq200b/271"", ""MCR_seq200b/279"", ""MCR_seq200b/330"", ""MCR_seq200b/341"", ""MCR_seq200b/342"", ""MCR_seq200b/358"", ""MCR_seq200b/419"", ""MCR_seq200b/436"", ""MCR_v1_seq100/109"", ""MCR_v1_seq100/42"", ""MCR_v1_seq100/72"", ""MCR_v2_seq100/237""]",0.1670684814453125
E5,nested_width6,nested_width8,width8_vs_width6,width_secondary,MCR,compatible_partial,100,1,3,2,94,0.04,0.03,-0.01,1.0,"[-0.06, 0.03]","[""MCR_seq200b/271"", ""MCR_seq200b/302""]","[""MCR_seq200b/314"", ""MCR_seq200b/319"", ""MCR_seq200b/384""]",1.0
E5,nested_width6,nested_width8,width8_vs_width6,width_secondary,MCR,complete_or_compatible_partial,100,38,13,5,44,0.51,0.43,-0.08,0.09625244140625,"[-0.16, 0.0]","[""MCR_seq200b/251"", ""MCR_seq200b/302"", ""MCR_seq200b/355"", ""MCR_seq200b/372"", ""MCR_seq200b/375""]","[""MCR_seq200b/257"", ""MCR_seq200b/279"", ""MCR_seq200b/319"", ""MCR_seq200b/330"", ""MCR_seq200b/341"", ""MCR_seq200b/342"", ""MCR_seq200b/358"", ""MCR_seq200b/419"", ""MCR_seq200b/436"", ""MCR_v1_seq100/109"", ""MCR_v1_seq100/42"", ""MCR_v1_seq100/72"", ""MCR_v2_seq100/237""]",0.09625244140625
E5,nested_width6,nested_width8,width8_vs_width6,width_secondary,MCR,legacy_chain,100,35,13,5,47,0.48,0.4,-0.08,0.09625244140625,"[-0.16, 0.0]","[""MCR_seq200b/251"", ""MCR_seq200b/314"", ""MCR_seq200b/355"", ""MCR_seq200b/372"", ""MCR_seq200b/375""]","[""MCR_seq200b/257"", ""MCR_seq200b/271"", ""MCR_seq200b/279"", ""MCR_seq200b/330"", ""MCR_seq200b/341"", ""MCR_seq200b/342"", ""MCR_seq200b/358"", ""MCR_seq200b/419"", ""MCR_seq200b/436"", ""MCR_v1_seq100/109"", ""MCR_v1_seq100/42"", ""MCR_v1_seq100/72"", ""MCR_v2_seq100/237""]",0.09625244140625
E5,nested_width6,nested_width8,width8_vs_width6,width_secondary,MCR,safe_exact,100,33,13,6,48,0.46,0.39,-0.07,0.1670684814453125,"[-0.15, 0.01]","[""MCR_seq200b/251"", ""MCR_seq200b/314"", ""MCR_seq200b/355"", ""MCR_seq200b/372"", ""MCR_seq200b/375"", ""MCR_seq200b/384""]","[""MCR_seq200b/257"", ""MCR_seq200b/271"", ""MCR_seq200b/279"", ""MCR_seq200b/330"", ""MCR_seq200b/341"", ""MCR_seq200b/342"", ""MCR_seq200b/358"", ""MCR_seq200b/419"", ""MCR_seq200b/436"", ""MCR_v1_seq100/109"", ""MCR_v1_seq100/42"", ""MCR_v1_seq100/72"", ""MCR_v2_seq100/237""]",0.1670684814453125
E6,raw_vignette,flat_facts,flat_vs_raw,primary,ALL,clinical_complete,300,36,47,22,195,0.27666666666666667,0.19333333333333333,-0.08333333333333333,0.0035448128470210523,"[-0.136667, -0.03]","[""DA_d2_heldout200b/527"", ""DA_d2_heldout200b/575"", ""DA_d2_heldout200b/615"", ""DA_d2_heldout200b/621"", ""DA_d2_seq100/103"", ""DA_d2_seq100/21"", ""DA_d2_seq100/29"", ""DA_d2_seq100/57"", ""DA_d2_seq100/59"", ""MCR_seq200b/250"", ""MCR_seq200b/263"", ""MCR_seq200b/301"", ""MCR_seq200b/316"", ""MCR_seq200b/329"", ""MCR_seq200b/369"", ""MCR_seq200b/411"", ""MCR_v1_seq100/45"", ""MCR_v1_seq100/64"", ""MCR_v1_seq100/8"", ""MCR_v1_seq100/90"", ""MCR_v2_seq100/209"", ""MCR_v2_seq100/227""]","[""DA_d2_heldout100/364"", ""DA_d2_heldout100/379"", ""DA_d2_heldout100/383"", ""DA_d2_heldout100/389"", ""DA_d2_heldout100/439"", ""DA_d2_heldout100/451"", ""DA_d2_heldout200b/477"", ""DA_d2_heldout200b/508"", ""DA_d2_heldout200b/523"", ""DA_d2_heldout200b/532"", ""DA_d2_heldout200b/600"", ""DA_d2_heldout200b/618"", ""DA_d2_heldout200b/622"", ""DA_d2_heldout200b/630"", ""DA_d2_heldout200b/660"", ""DA_d2_heldout200b/687"", ""DA_d2_heldout200b/703"", ""DA_d2_heldout200b/713"", ""DA_d2_heldout200b/736"", ""DA_d2_heldout200b/746"", ""DA_d2_heldout200b/756"", ""DA_d2_heldout200b/773"", ""DA_d2_heldout200b/774"", ""DA_d2_heldout200b/778"", ""DA_d2_seq100/11"", ""DA_d2_seq100/132"", ""MCR_seq200b/249"", ""MCR_seq200b/251"", ""MCR_seq200b/283"", ""MCR_seq200b/290"", ""MCR_seq200b/297"", ""MCR_seq200b/374"", ""MCR_seq200b/442"", ""MCR_seq200b/458"", ""MCR_v1_seq100/105"", ""MCR_v1_seq100/112"", ""MCR_v1_seq100/12"", ""MCR_v1_seq100/20"", ""MCR_v1_seq100/3"", ""MCR_v1_seq100/68"", ""MCR_v1_seq100/76"", ""MCR_v1_seq100/86"", ""MCR_v2_seq100/166"", ""MCR_v2_seq100/208"", ""MCR_v2_seq100/213"", ""MCR_v2_seq100/230"", ""MCR_v2_seq100/244""]",0.007089625694042105
E6,flat_facts,typed_event_graph,graph_vs_flat,primary,ALL,clinical_complete,300,41,17,11,231,0.19333333333333333,0.17333333333333334,-0.02,0.34492845088243484,"[-0.053333, 0.013333]","[""DA_d2_heldout100/383"", ""DA_d2_heldout200b/660"", ""DA_d2_heldout200b/713"", ""MCR_seq200b/270"", ""MCR_seq200b/320"", ""MCR_seq200b/442"", ""MCR_seq200b/458"", ""MCR_v1_seq100/105"", ""MCR_v1_seq100/112"", ""MCR_v1_seq100/68"", ""MCR_v2_seq100/242""]","[""DA_d2_heldout100/290"", ""DA_d2_heldout100/420"", ""DA_d2_heldout200b/575"", ""DA_d2_heldout200b/763"", ""DA_d2_seq100/103"", ""DA_d2_seq100/21"", ""DA_d2_seq100/57"", ""DA_d2_seq100/59"", ""MCR_seq200b/263"", ""MCR_seq200b/301"", ""MCR_seq200b/329"", ""MCR_seq200b/364"", ""MCR_v1_seq100/41"", ""MCR_v1_seq100/45"", ""MCR_v1_seq100/64"", ""MCR_v2_seq100/209"", ""MCR_v2_seq100/227""]",0.34492845088243484
E6,raw_vignette,typed_event_graph,graph_vs_raw,primary,ALL,clinical_complete,300,39,44,13,204,0.27666666666666667,0.17333333333333334,-0.10333333333333333,4.710437609395379e-05,"[-0.15, -0.056667]","[""DA_d2_heldout200b/527"", ""DA_d2_heldout200b/615"", ""DA_d2_heldout200b/621"", ""DA_d2_seq100/29"", ""MCR_seq200b/250"", ""MCR_seq200b/270"", ""MCR_seq200b/316"", ""MCR_seq200b/320"", ""MCR_seq200b/369"", ""MCR_seq200b/411"", ""MCR_v1_seq100/8"", ""MCR_v1_seq100/90"", ""MCR_v2_seq100/242""]","[""DA_d2_heldout100/290"", ""DA_d2_heldout100/364"", ""DA_d2_heldout100/379"", ""DA_d2_heldout100/389"", ""DA_d2_heldout100/420"", ""DA_d2_heldout100/439"", ""DA_d2_heldout100/451"", ""DA_d2_heldout200b/477"", ""DA_d2_heldout200b/508"", ""DA_d2_heldout200b/523"", ""DA_d2_heldout200b/532"", ""DA_d2_heldout200b/600"", ""DA_d2_heldout200b/618"", ""DA_d2_heldout200b/622"", ""DA_d2_heldout200b/630"", ""DA_d2_heldout200b/687"", ""DA_d2_heldout200b/703"", ""DA_d2_heldout200b/736"", ""DA_d2_heldout200b/746"", ""DA_d2_heldout200b/756"", ""DA_d2_heldout200b/763"", ""DA_d2_heldout200b/773"", ""DA_d2_heldout200b/774"", ""DA_d2_heldout200b/778"", ""DA_d2_seq100/11"", ""DA_d2_seq100/132"", ""MCR_seq200b/249"", ""MCR_seq200b/251"", ""MCR_seq200b/283"", ""MCR_seq200b/290"", ""MCR_seq200b/297"", ""MCR_seq200b/364"", ""MCR_seq200b/374"", ""MCR_v1_seq100/12"", ""MCR_v1_seq100/20"", ""MCR_v1_seq100/3"", ""MCR_v1_seq100/41"", ""MCR_v1_seq100/76"", ""MCR_v1_seq100/86"", ""MCR_v2_seq100/166"", ""MCR_v2_seq100/208"", ""MCR_v2_seq100/213"", ""MCR_v2_seq100/230"", ""MCR_v2_seq100/244""]",0.00014131312828186138
E6,raw_vignette,flat_facts,flat_vs_raw,primary,ALL,compatible_partial,300,41,39,20,200,0.26666666666666666,0.20333333333333334,-0.06333333333333334,0.018337087779101986,"[-0.113333, -0.013333]","[""DA_d2_heldout100/431"", ""DA_d2_heldout100/437"", ""DA_d2_heldout100/439"", ""DA_d2_heldout100/451"", ""DA_d2_heldout200b/477"", ""DA_d2_heldout200b/484"", ""DA_d2_heldout200b/489"", ""DA_d2_heldout200b/548"", ""DA_d2_heldout200b/569"", ""DA_d2_heldout200b/630"", ""DA_d2_heldout200b/713"", ""DA_d2_seq100/132"", ""DA_d2_seq100/183"", ""DA_d2_seq100/74"", ""DA_d2_seq100/95"", ""MCR_seq200b/320"", ""MCR_v1_seq100/109"", ""MCR_v1_seq100/112"", ""MCR_v1_seq100/99"", ""MCR_v2_seq100/200""]","[""DA_d2_heldout100/262"", ""DA_d2_heldout100/266"", ""DA_d2_heldout100/268"", ""DA_d2_heldout100/318"", ""DA_d2_heldout100/321"", ""DA_d2_heldout100/354"", ""DA_d2_heldout100/359"", ""DA_d2_heldout100/392"", ""DA_d2_heldout100/414"", ""DA_d2_heldout100/415"", ""DA_d2_heldout200b/497"", ""DA_d2_heldout200b/527"", ""DA_d2_heldout200b/574"", ""DA_d2_heldout200b/575"", ""DA_d2_heldout200b/615"", ""DA_d2_heldout200b/621"", ""DA_d2_heldout200b/754"", ""DA_d2_heldout200b/757"", ""DA_d2_heldout200b/758"", ""DA_d2_heldout200b/766"", ""DA_d2_heldout200b/770"", ""DA_d2_seq100/103"", ""DA_d2_seq100/147"", ""DA_d2_seq100/156"", ""DA_d2_seq100/21"", ""DA_d2_seq100/242"", ""DA_d2_seq100/29"", ""DA_d2_seq100/81"", ""MCR_seq200b/263"", ""MCR_seq200b/316"", ""MCR_seq200b/376"", ""MCR_seq200b/394"", ""MCR_seq200b/466"", ""MCR_seq200b/478"", ""MCR_v1_seq100/75"", ""MCR_v2_seq100/143"", ""MCR_v2_seq100/204"", ""MCR_v2_seq100/209"", ""MCR_v2_seq100/227""]",0.05501126333730596
E6,flat_facts,typed_event_graph,graph_vs_flat,primary,ALL,compatible_partial,300,43,18,21,218,0.20333333333333334,0.21333333333333335,0.01,0.7492586247608415,"[-0.03, 0.05]","[""DA_d2_heldout100/290"", ""DA_d2_heldout100/318"", ""DA_d2_heldout100/359"", ""DA_d2_heldout100/414"", ""DA_d2_heldout100/420"", ""DA_d2_heldout200b/574"", ""DA_d2_heldout200b/575"", ""DA_d2_heldout200b/589"", ""DA_d2_heldout200b/724"", ""DA_d2_seq100/103"", ""DA_d2_seq100/147"", ""DA_d2_seq100/156"", ""DA_d2_seq100/21"", ""DA_d2_seq100/225"", ""DA_d2_seq100/242"", ""MCR_seq200b/263"", ""MCR_seq200b/324"", ""MCR_seq200b/363"", ""MCR_seq200b/471"", ""MCR_v2_seq100/143"", ""MCR_v2_seq100/204""]","[""DA_d2_heldout100/273"", ""DA_d2_heldout100/337"", ""DA_d2_heldout100/372"", ""DA_d2_heldout100/439"", ""DA_d2_heldout200b/484"", ""DA_d2_heldout200b/489"", ""DA_d2_heldout200b/510"", ""DA_d2_heldout200b/548"", ""DA_d2_heldout200b/569"", ""DA_d2_heldout200b/636"", ""DA_d2_heldout200b/649"", ""DA_d2_heldout200b/713"", ""DA_d2_seq100/183"", ""MCR_seq200b/320"", ""MCR_v1_seq100/109"", ""MCR_v1_seq100/112"", ""MCR_v1_seq100/99"", ""MCR_v2_seq100/200""]",0.7492586247608415
E6,raw_vignette,typed_event_graph,graph_vs_raw,primary,ALL,compatible_partial,300,48,32,16,204,0.26666666666666666,0.21333333333333335,-0.05333333333333334,0.0293049467205293,"[-0.096667, -0.01]","[""DA_d2_heldout100/290"", ""DA_d2_heldout100/420"", ""DA_d2_heldout100/431"", ""DA_d2_heldout100/437"", ""DA_d2_heldout100/451"", ""DA_d2_heldout200b/477"", ""DA_d2_heldout200b/589"", ""DA_d2_heldout200b/630"", ""DA_d2_heldout200b/724"", ""DA_d2_seq100/132"", ""DA_d2_seq100/225"", ""DA_d2_seq100/74"", ""DA_d2_seq100/95"", ""MCR_seq200b/324"", ""MCR_seq200b/363"", ""MCR_seq200b/471""]","[""DA_d2_heldout100/262"", ""DA_d2_heldout100/266"", ""DA_d2_heldout100/268"", ""DA_d2_heldout100/273"", ""DA_d2_heldout100/321"", ""DA_d2_heldout100/337"", ""DA_d2_heldout100/354"", ""DA_d2_heldout100/372"", ""DA_d2_heldout100/392"", ""DA_d2_heldout100/415"", ""DA_d2_heldout200b/497"", ""DA_d2_heldout200b/510"", ""DA_d2_heldout200b/527"", ""DA_d2_heldout200b/615"", ""DA_d2_heldout200b/621"", ""DA_d2_heldout200b/636"", ""DA_d2_heldout200b/649"", ""DA_d2_heldout200b/754"", ""DA_d2_heldout200b/757"", ""DA_d2_heldout200b/758"", ""DA_d2_heldout200b/766"", ""DA_d2_heldout200b/770"", ""DA_d2_seq100/29"", ""DA_d2_seq100/81"", ""MCR_seq200b/316"", ""MCR_seq200b/376"", ""MCR_seq200b/394"", ""MCR_seq200b/466"", ""MCR_seq200b/478"", ""MCR_v1_seq100/75"", ""MCR_v2_seq100/209"", ""MCR_v2_seq100/227""]",0.0586098934410586
E6,raw_vignette,flat_facts,flat_vs_raw,primary,ALL,complete_or_compatible_partial,300,95,68,24,113,0.5433333333333333,0.39666666666666667,-0.14666666666666667,4.9353514190469894e-06,"[-0.206667, -0.086667]","[""DA_d2_heldout100/431"", ""DA_d2_heldout100/437"", ""DA_d2_heldout200b/484"", ""DA_d2_heldout200b/489"", ""DA_d2_heldout200b/548"", ""DA_d2_heldout200b/569"", ""DA_d2_seq100/183"", ""DA_d2_seq100/57"", ""DA_d2_seq100/59"", ""DA_d2_seq100/74"", ""DA_d2_seq100/95"", ""MCR_seq200b/250"", ""MCR_seq200b/301"", ""MCR_seq200b/320"", ""MCR_seq200b/329"", ""MCR_seq200b/369"", ""MCR_seq200b/411"", ""MCR_v1_seq100/109"", ""MCR_v1_seq100/45"", ""MCR_v1_seq100/64"", ""MCR_v1_seq100/8"", ""MCR_v1_seq100/90"", ""MCR_v1_seq100/99"", ""MCR_v2_seq100/200""]","[""DA_d2_heldout100/262"", ""DA_d2_heldout100/266"", ""DA_d2_heldout100/268"", ""DA_d2_heldout100/318"", ""DA_d2_heldout100/321"", ""DA_d2_heldout100/354"", ""DA_d2_heldout100/359"", ""DA_d2_heldout100/364"", ""DA_d2_heldout100/379"", ""DA_d2_heldout100/383"", ""DA_d2_heldout100/389"", ""DA_d2_heldout100/392"", ""DA_d2_heldout100/414"", ""DA_d2_heldout100/415"", ""DA_d2_heldout200b/497"", ""DA_d2_heldout200b/508"", ""DA_d2_heldout200b/523"", ""DA_d2_heldout200b/532"", ""DA_d2_heldout200b/574"", ""DA_d2_heldout200b/600"", ""DA_d2_heldout200b/618"", ""DA_d2_heldout200b/622"", ""DA_d2_heldout200b/660"", ""DA_d2_heldout200b/687"", ""DA_d2_heldout200b/703"", ""DA_d2_heldout200b/736"", ""DA_d2_heldout200b/746"", ""DA_d2_heldout200b/754"", ""DA_d2_heldout200b/756"", ""DA_d2_heldout200b/757"", ""DA_d2_heldout200b/758"", ""DA_d2_heldout200b/766"", ""DA_d2_heldout200b/770"", ""DA_d2_heldout200b/773"", ""DA_d2_heldout200b/774"", ""DA_d2_heldout200b/778"", ""DA_d2_seq100/11"", ""DA_d2_seq100/147"", ""DA_d2_seq100/156"", ""DA_d2_seq100/242"", ""DA_d2_seq100/81"", ""MCR_seq200b/249"", ""MCR_seq200b/251"", ""MCR_seq200b/283"", ""MCR_seq200b/290"", ""MCR_seq200b/297"", ""MCR_seq200b/374"", ""MCR_seq200b/376"", ""MCR_seq200b/394"", ""MCR_seq200b/442"", ""MCR_seq200b/458"", ""MCR_seq200b/466"", ""MCR_seq200b/478"", ""MCR_v1_seq100/105"", ""MCR_v1_seq100/12"", ""MCR_v1_seq100/20"", ""MCR_v1_seq100/3"", ""MCR_v1_seq100/68"", ""MCR_v1_seq100/75"", ""MCR_v1_seq100/76"", ""MCR_v1_seq100/86"", ""MCR_v2_seq100/143"", ""MCR_v2_seq100/166"", ""MCR_v2_seq100/204"", ""MCR_v2_seq100/208"", ""MCR_v2_seq100/213"", ""MCR_v2_seq100/230"", ""MCR_v2_seq100/244""]",9.870702838093979e-06
E6,flat_facts,typed_event_graph,graph_vs_flat,primary,ALL,complete_or_compatible_partial,300,93,26,23,158,0.39666666666666667,0.38666666666666666,-0.01,0.7754496546815659,"[-0.053333, 0.036667]","[""DA_d2_heldout100/318"", ""DA_d2_heldout100/359"", ""DA_d2_heldout100/383"", ""DA_d2_heldout100/414"", ""DA_d2_heldout200b/574"", ""DA_d2_heldout200b/589"", ""DA_d2_heldout200b/660"", ""DA_d2_heldout200b/724"", ""DA_d2_seq100/147"", ""DA_d2_seq100/156"", ""DA_d2_seq100/225"", ""DA_d2_seq100/242"", ""MCR_seq200b/270"", ""MCR_seq200b/324"", ""MCR_seq200b/363"", ""MCR_seq200b/442"", ""MCR_seq200b/458"", ""MCR_seq200b/471"", ""MCR_v1_seq100/105"", ""MCR_v1_seq100/68"", ""MCR_v2_seq100/143"", ""MCR_v2_seq100/204"", ""MCR_v2_seq100/242""]","[""DA_d2_heldout100/273"", ""DA_d2_heldout100/337"", ""DA_d2_heldout100/372"", ""DA_d2_heldout100/439"", ""DA_d2_heldout200b/484"", ""DA_d2_heldout200b/489"", ""DA_d2_heldout200b/510"", ""DA_d2_heldout200b/548"", ""DA_d2_heldout200b/569"", ""DA_d2_heldout200b/636"", ""DA_d2_heldout200b/649"", ""DA_d2_heldout200b/763"", ""DA_d2_seq100/183"", ""DA_d2_seq100/57"", ""DA_d2_seq100/59"", ""MCR_seq200b/301"", ""MCR_seq200b/329"", ""MCR_seq200b/364"", ""MCR_v1_seq100/109"", ""MCR_v1_seq100/41"", ""MCR_v1_seq100/45"", ""MCR_v1_seq100/64"", ""MCR_v1_seq100/99"", ""MCR_v2_seq100/200"", ""MCR_v2_seq100/209"", ""MCR_v2_seq100/227""]",0.7754496546815659
E6,raw_vignette,typed_event_graph,graph_vs_raw,primary,ALL,complete_or_compatible_partial,300,98,65,18,119,0.5433333333333333,0.38666666666666666,-0.15666666666666668,2.1054542433593654e-07,"[-0.213333, -0.1]","[""DA_d2_heldout100/431"", ""DA_d2_heldout100/437"", ""DA_d2_heldout200b/589"", ""DA_d2_heldout200b/724"", ""DA_d2_seq100/225"", ""DA_d2_seq100/74"", ""DA_d2_seq100/95"", ""MCR_seq200b/250"", ""MCR_seq200b/270"", ""MCR_seq200b/320"", ""MCR_seq200b/324"", ""MCR_seq200b/363"", ""MCR_seq200b/369"", ""MCR_seq200b/411"", ""MCR_seq200b/471"", ""MCR_v1_seq100/8"", ""MCR_v1_seq100/90"", ""MCR_v2_seq100/242""]","[""DA_d2_heldout100/262"", ""DA_d2_heldout100/266"", ""DA_d2_heldout100/268"", ""DA_d2_heldout100/273"", ""DA_d2_heldout100/321"", ""DA_d2_heldout100/337"", ""DA_d2_heldout100/354"", ""DA_d2_heldout100/364"", ""DA_d2_heldout100/372"", ""DA_d2_heldout100/379"", ""DA_d2_heldout100/389"", ""DA_d2_heldout100/392"", ""DA_d2_heldout100/415"", ""DA_d2_heldout100/439"", ""DA_d2_heldout200b/497"", ""DA_d2_heldout200b/508"", ""DA_d2_heldout200b/510"", ""DA_d2_heldout200b/523"", ""DA_d2_heldout200b/532"", ""DA_d2_heldout200b/600"", ""DA_d2_heldout200b/618"", ""DA_d2_heldout200b/622"", ""DA_d2_heldout200b/636"", ""DA_d2_heldout200b/649"", ""DA_d2_heldout200b/687"", ""DA_d2_heldout200b/703"", ""DA_d2_heldout200b/736"", ""DA_d2_heldout200b/746"", ""DA_d2_heldout200b/754"", ""DA_d2_heldout200b/756"", ""DA_d2_heldout200b/757"", ""DA_d2_heldout200b/758"", ""DA_d2_heldout200b/763"", ""DA_d2_heldout200b/766"", ""DA_d2_heldout200b/770"", ""DA_d2_heldout200b/773"", ""DA_d2_heldout200b/774"", ""DA_d2_heldout200b/778"", ""DA_d2_seq100/11"", ""DA_d2_seq100/81"", ""MCR_seq200b/249"", ""MCR_seq200b/251"", ""MCR_seq200b/283"", ""MCR_seq200b/290"", ""MCR_seq200b/297"", ""MCR_seq200b/364"", ""MCR_seq200b/374"", ""MCR_seq200b/376"", ""MCR_seq200b/394"", ""MCR_seq200b/466"", ""MCR_seq200b/478"", ""MCR_v1_seq100/12"", ""MCR_v1_seq100/20"", ""MCR_v1_seq100/3"", ""MCR_v1_seq100/41"", ""MCR_v1_seq100/75"", ""MCR_v1_seq100/76"", ""MCR_v1_seq100/86"", ""MCR_v2_seq100/166"", ""MCR_v2_seq100/208"", ""MCR_v2_seq100/209"", ""MCR_v2_seq100/213"", ""MCR_v2_seq100/227"", ""MCR_v2_seq100/230"", ""MCR_v2_seq100/244""]",6.316362730078096e-07
E6,raw_vignette,flat_facts,flat_vs_raw,primary,ALL,legacy_chain,300,27,23,10,240,0.16666666666666666,0.12333333333333334,-0.043333333333333335,0.03508203336969018,"[-0.08, -0.006667]","[""DA_d2_seq100/57"", ""DA_d2_seq100/95"", ""MCR_seq200b/250"", ""MCR_seq200b/320"", ""MCR_seq200b/329"", ""MCR_v1_seq100/45"", ""MCR_v1_seq100/64"", ""MCR_v1_seq100/90"", ""MCR_v1_seq100/99"", ""MCR_v2_seq100/220""]","[""DA_d2_heldout100/330"", ""DA_d2_heldout100/392"", ""DA_d2_heldout200b/508"", ""DA_d2_heldout200b/600"", ""DA_d2_heldout200b/621"", ""DA_d2_heldout200b/687"", ""DA_d2_heldout200b/754"", ""DA_d2_seq100/147"", ""MCR_seq200b/283"", ""MCR_seq200b/332"", ""MCR_seq200b/374"", ""MCR_seq200b/376"", ""MCR_seq200b/378"", ""MCR_seq200b/442"", ""MCR_seq200b/458"", ""MCR_v1_seq100/105"", ""MCR_v1_seq100/12"", ""MCR_v1_seq100/68"", ""MCR_v1_seq100/76"", ""MCR_v2_seq100/139"", ""MCR_v2_seq100/208"", ""MCR_v2_seq100/230"", ""MCR_v2_seq100/244""]",0.10406899452209473
E6,flat_facts,typed_event_graph,graph_vs_flat,primary,ALL,legacy_chain,300,28,9,11,252,0.12333333333333334,0.13,0.006666666666666667,0.8238029479980469,"[-0.023333, 0.036667]","[""DA_d2_heldout100/330"", ""DA_d2_heldout200b/489"", ""DA_d2_heldout200b/540"", ""DA_d2_seq100/147"", ""DA_d2_seq100/220"", ""MCR_seq200b/332"", ""MCR_seq200b/442"", ""MCR_seq200b/458"", ""MCR_v1_seq100/105"", ""MCR_v1_seq100/68"", ""MCR_v2_seq100/139""]","[""DA_d2_seq100/57"", ""DA_d2_seq100/95"", ""MCR_seq200b/249"", ""MCR_seq200b/250"", ""MCR_seq200b/329"", ""MCR_v1_seq100/45"", ""MCR_v1_seq100/64"", ""MCR_v1_seq100/99"", ""MCR_v2_seq100/209""]",0.8238029479980469
E6,raw_vignette,typed_event_graph,graph_vs_raw,primary,ALL,legacy_chain,300,33,17,6,244,0.16666666666666666,0.13,-0.03666666666666667,0.03468966484069824,"[-0.07, -0.006667]","[""DA_d2_heldout200b/489"", ""DA_d2_heldout200b/540"", ""DA_d2_seq100/220"", ""MCR_seq200b/320"", ""MCR_v1_seq100/90"", ""MCR_v2_seq100/220""]","[""DA_d2_heldout100/392"", ""DA_d2_heldout200b/508"", ""DA_d2_heldout200b/600"", ""DA_d2_heldout200b/621"", ""DA_d2_heldout200b/687"", ""DA_d2_heldout200b/754"", ""MCR_seq200b/249"", ""MCR_seq200b/283"", ""MCR_seq200b/374"", ""MCR_seq200b/376"", ""MCR_seq200b/378"", ""MCR_v1_seq100/12"", ""MCR_v1_seq100/76"", ""MCR_v2_seq100/208"", ""MCR_v2_seq100/209"", ""MCR_v2_seq100/230"", ""MCR_v2_seq100/244""]",0.10406899452209473
E6,raw_vignette,flat_facts,flat_vs_raw,primary,ALL,safe_exact,300,2,2,1,295,0.013333333333333334,0.01,-0.0033333333333333335,1.0,"[-0.016667, 0.006667]","[""MCR_seq200b/448""]","[""DA_d2_heldout200b/508"", ""MCR_seq200b/374""]",1.0
E6,flat_facts,typed_event_graph,graph_vs_flat,primary,ALL,safe_exact,300,2,1,1,296,0.01,0.01,0.0,1.0,"[-0.01, 0.01]","[""MCR_seq200b/444""]","[""MCR_seq200b/345""]",1.0
E6,raw_vignette,typed_event_graph,graph_vs_raw,primary,ALL,safe_exact,300,1,3,2,294,0.013333333333333334,0.01,-0.0033333333333333335,1.0,"[-0.016667, 0.01]","[""MCR_seq200b/444"", ""MCR_seq200b/448""]","[""DA_d2_heldout200b/508"", ""MCR_seq200b/345"", ""MCR_seq200b/374""]",1.0
E6,raw_vignette,flat_facts,flat_vs_raw,primary,DA,clinical_complete,150,13,26,9,102,0.26,0.14666666666666667,-0.11333333333333333,0.0059881205670535564,"[-0.186667, -0.04]","[""DA_d2_heldout200b/527"", ""DA_d2_heldout200b/575"", ""DA_d2_heldout200b/615"", ""DA_d2_heldout200b/621"", ""DA_d2_seq100/103"", ""DA_d2_seq100/21"", ""DA_d2_seq100/29"", ""DA_d2_seq100/57"", ""DA_d2_seq100/59""]","[""DA_d2_heldout100/364"", ""DA_d2_heldout100/379"", ""DA_d2_heldout100/383"", ""DA_d2_heldout100/389"", ""DA_d2_heldout100/439"", ""DA_d2_heldout100/451"", ""DA_d2_heldout200b/477"", ""DA_d2_heldout200b/508"", ""DA_d2_heldout200b/523"", ""DA_d2_heldout200b/532"", ""DA_d2_heldout200b/600"", ""DA_d2_heldout200b/618"", ""DA_d2_heldout200b/622"", ""DA_d2_heldout200b/630"", ""DA_d2_heldout200b/660"", ""DA_d2_heldout200b/687"", ""DA_d2_heldout200b/703"", ""DA_d2_heldout200b/713"", ""DA_d2_heldout200b/736"", ""DA_d2_heldout200b/746"", ""DA_d2_heldout200b/756"", ""DA_d2_heldout200b/773"", ""DA_d2_heldout200b/774"", ""DA_d2_heldout200b/778"", ""DA_d2_seq100/11"", ""DA_d2_seq100/132""]",0.011976241134107113
E6,flat_facts,typed_event_graph,graph_vs_flat,primary,DA,clinical_complete,150,14,8,3,125,0.14666666666666667,0.11333333333333333,-0.03333333333333333,0.2265625,"[-0.08, 0.006667]","[""DA_d2_heldout100/383"", ""DA_d2_heldout200b/660"", ""DA_d2_heldout200b/713""]","[""DA_d2_heldout100/290"", ""DA_d2_heldout100/420"", ""DA_d2_heldout200b/575"", ""DA_d2_heldout200b/763"", ""DA_d2_seq100/103"", ""DA_d2_seq100/21"", ""DA_d2_seq100/57"", ""DA_d2_seq100/59""]",0.2265625
E6,raw_vignette,typed_event_graph,graph_vs_raw,primary,DA,clinical_complete,150,13,26,4,107,0.26,0.11333333333333333,-0.14666666666666667,5.947612226009369e-05,"[-0.213333, -0.08]","[""DA_d2_heldout200b/527"", ""DA_d2_heldout200b/615"", ""DA_d2_heldout200b/621"", ""DA_d2_seq100/29""]","[""DA_d2_heldout100/290"", ""DA_d2_heldout100/364"", ""DA_d2_heldout100/379"", ""DA_d2_heldout100/389"", ""DA_d2_heldout100/420"", ""DA_d2_heldout100/439"", ""DA_d2_heldout100/451"", ""DA_d2_heldout200b/477"", ""DA_d2_heldout200b/508"", ""DA_d2_heldout200b/523"", ""DA_d2_heldout200b/532"", ""DA_d2_heldout200b/600"", ""DA_d2_heldout200b/618"", ""DA_d2_heldout200b/622"", ""DA_d2_heldout200b/630"", ""DA_d2_heldout200b/687"", ""DA_d2_heldout200b/703"", ""DA_d2_heldout200b/736"", ""DA_d2_heldout200b/746"", ""DA_d2_heldout200b/756"", ""DA_d2_heldout200b/763"", ""DA_d2_heldout200b/773"", ""DA_d2_heldout200b/774"", ""DA_d2_heldout200b/778"", ""DA_d2_seq100/11"", ""DA_d2_seq100/132""]",0.00017842836678028107
E6,raw_vignette,flat_facts,flat_vs_raw,primary,DA,compatible_partial,150,33,28,15,74,0.4066666666666667,0.32,-0.08666666666666667,0.0659940344557981,"[-0.173333, 0.0]","[""DA_d2_heldout100/431"", ""DA_d2_heldout100/437"", ""DA_d2_heldout100/439"", ""DA_d2_heldout100/451"", ""DA_d2_heldout200b/477"", ""DA_d2_heldout200b/484"", ""DA_d2_heldout200b/489"", ""DA_d2_heldout200b/548"", ""DA_d2_heldout200b/569"", ""DA_d2_heldout200b/630"", ""DA_d2_heldout200b/713"", ""DA_d2_seq100/132"", ""DA_d2_seq100/183"", ""DA_d2_seq100/74"", ""DA_d2_seq100/95""]","[""DA_d2_heldout100/262"", ""DA_d2_heldout100/266"", ""DA_d2_heldout100/268"", ""DA_d2_heldout100/318"", ""DA_d2_heldout100/321"", ""DA_d2_heldout100/354"", ""DA_d2_heldout100/359"", ""DA_d2_heldout100/392"", ""DA_d2_heldout100/414"", ""DA_d2_heldout100/415"", ""DA_d2_heldout200b/497"", ""DA_d2_heldout200b/527"", ""DA_d2_heldout200b/574"", ""DA_d2_heldout200b/575"", ""DA_d2_heldout200b/615"", ""DA_d2_heldout200b/621"", ""DA_d2_heldout200b/754"", ""DA_d2_heldout200b/757"", ""DA_d2_heldout200b/758"", ""DA_d2_heldout200b/766"", ""DA_d2_heldout200b/770"", ""DA_d2_seq100/103"", ""DA_d2_seq100/147"", ""DA_d2_seq100/156"", ""DA_d2_seq100/21"", ""DA_d2_seq100/242"", ""DA_d2_seq100/29"", ""DA_d2_seq100/81""]",0.1979821033673943
E6,flat_facts,typed_event_graph,graph_vs_flat,primary,DA,compatible_partial,150,35,13,15,87,0.32,0.3333333333333333,0.013333333333333334,0.8505540192127228,"[-0.06, 0.08]","[""DA_d2_heldout100/290"", ""DA_d2_heldout100/318"", ""DA_d2_heldout100/359"", ""DA_d2_heldout100/414"", ""DA_d2_heldout100/420"", ""DA_d2_heldout200b/574"", ""DA_d2_heldout200b/575"", ""DA_d2_heldout200b/589"", ""DA_d2_heldout200b/724"", ""DA_d2_seq100/103"", ""DA_d2_seq100/147"", ""DA_d2_seq100/156"", ""DA_d2_seq100/21"", ""DA_d2_seq100/225"", ""DA_d2_seq100/242""]","[""DA_d2_heldout100/273"", ""DA_d2_heldout100/337"", ""DA_d2_heldout100/372"", ""DA_d2_heldout100/439"", ""DA_d2_heldout200b/484"", ""DA_d2_heldout200b/489"", ""DA_d2_heldout200b/510"", ""DA_d2_heldout200b/548"", ""DA_d2_heldout200b/569"", ""DA_d2_heldout200b/636"", ""DA_d2_heldout200b/649"", ""DA_d2_heldout200b/713"", ""DA_d2_seq100/183""]",0.8505540192127228
E6,raw_vignette,typed_event_graph,graph_vs_raw,primary,DA,compatible_partial,150,37,24,13,76,0.4066666666666667,0.3333333333333333,-0.07333333333333333,0.09887174959294498,"[-0.153333, 0.006667]","[""DA_d2_heldout100/290"", ""DA_d2_heldout100/420"", ""DA_d2_heldout100/431"", ""DA_d2_heldout100/437"", ""DA_d2_heldout100/451"", ""DA_d2_heldout200b/477"", ""DA_d2_heldout200b/589"", ""DA_d2_heldout200b/630"", ""DA_d2_heldout200b/724"", ""DA_d2_seq100/132"", ""DA_d2_seq100/225"", ""DA_d2_seq100/74"", ""DA_d2_seq100/95""]","[""DA_d2_heldout100/262"", ""DA_d2_heldout100/266"", ""DA_d2_heldout100/268"", ""DA_d2_heldout100/273"", ""DA_d2_heldout100/321"", ""DA_d2_heldout100/337"", ""DA_d2_heldout100/354"", ""DA_d2_heldout100/372"", ""DA_d2_heldout100/392"", ""DA_d2_heldout100/415"", ""DA_d2_heldout200b/497"", ""DA_d2_heldout200b/510"", ""DA_d2_heldout200b/527"", ""DA_d2_heldout200b/615"", ""DA_d2_heldout200b/621"", ""DA_d2_heldout200b/636"", ""DA_d2_heldout200b/649"", ""DA_d2_heldout200b/754"", ""DA_d2_heldout200b/757"", ""DA_d2_heldout200b/758"", ""DA_d2_heldout200b/766"", ""DA_d2_heldout200b/770"", ""DA_d2_seq100/29"", ""DA_d2_seq100/81""]",0.1979821033673943
E6,raw_vignette,flat_facts,flat_vs_raw,primary,DA,complete_or_compatible_partial,150,59,41,11,39,0.6666666666666666,0.4666666666666667,-0.2,3.5887916129517805e-05,"[-0.286667, -0.113333]","[""DA_d2_heldout100/431"", ""DA_d2_heldout100/437"", ""DA_d2_heldout200b/484"", ""DA_d2_heldout200b/489"", ""DA_d2_heldout200b/548"", ""DA_d2_heldout200b/569"", ""DA_d2_seq100/183"", ""DA_d2_seq100/57"", ""DA_d2_seq100/59"", ""DA_d2_seq100/74"", ""DA_d2_seq100/95""]","[""DA_d2_heldout100/262"", ""DA_d2_heldout100/266"", ""DA_d2_heldout100/268"", ""DA_d2_heldout100/318"", ""DA_d2_heldout100/321"", ""DA_d2_heldout100/354"", ""DA_d2_heldout100/359"", ""DA_d2_heldout100/364"", ""DA_d2_heldout100/379"", ""DA_d2_heldout100/383"", ""DA_d2_heldout100/389"", ""DA_d2_heldout100/392"", ""DA_d2_heldout100/414"", ""DA_d2_heldout100/415"", ""DA_d2_heldout200b/497"", ""DA_d2_heldout200b/508"", ""DA_d2_heldout200b/523"", ""DA_d2_heldout200b/532"", ""DA_d2_heldout200b/574"", ""DA_d2_heldout200b/600"", ""DA_d2_heldout200b/618"", ""DA_d2_heldout200b/622"", ""DA_d2_heldout200b/660"", ""DA_d2_heldout200b/687"", ""DA_d2_heldout200b/703"", ""DA_d2_heldout200b/736"", ""DA_d2_heldout200b/746"", ""DA_d2_heldout200b/754"", ""DA_d2_heldout200b/756"", ""DA_d2_heldout200b/757"", ""DA_d2_heldout200b/758"", ""DA_d2_heldout200b/766"", ""DA_d2_heldout200b/770"", ""DA_d2_heldout200b/773"", ""DA_d2_heldout200b/774"", ""DA_d2_heldout200b/778"", ""DA_d2_seq100/11"", ""DA_d2_seq100/147"", ""DA_d2_seq100/156"", ""DA_d2_seq100/242"", ""DA_d2_seq100/81""]",7.177583225903561e-05
E6,flat_facts,typed_event_graph,graph_vs_flat,primary,DA,complete_or_compatible_partial,150,55,15,12,68,0.4666666666666667,0.44666666666666666,-0.02,0.7011080384254456,"[-0.086667, 0.046667]","[""DA_d2_heldout100/318"", ""DA_d2_heldout100/359"", ""DA_d2_heldout100/383"", ""DA_d2_heldout100/414"", ""DA_d2_heldout200b/574"", ""DA_d2_heldout200b/589"", ""DA_d2_heldout200b/660"", ""DA_d2_heldout200b/724"", ""DA_d2_seq100/147"", ""DA_d2_seq100/156"", ""DA_d2_seq100/225"", ""DA_d2_seq100/242""]","[""DA_d2_heldout100/273"", ""DA_d2_heldout100/337"", ""DA_d2_heldout100/372"", ""DA_d2_heldout100/439"", ""DA_d2_heldout200b/484"", ""DA_d2_heldout200b/489"", ""DA_d2_heldout200b/510"", ""DA_d2_heldout200b/548"", ""DA_d2_heldout200b/569"", ""DA_d2_heldout200b/636"", ""DA_d2_heldout200b/649"", ""DA_d2_heldout200b/763"", ""DA_d2_seq100/183"", ""DA_d2_seq100/57"", ""DA_d2_seq100/59""]",0.7011080384254456
E6,raw_vignette,typed_event_graph,graph_vs_raw,primary,DA,complete_or_compatible_partial,150,60,40,7,43,0.6666666666666666,0.44666666666666666,-0.22,1.0709118214435875e-06,"[-0.3, -0.14]","[""DA_d2_heldout100/431"", ""DA_d2_heldout100/437"", ""DA_d2_heldout200b/589"", ""DA_d2_heldout200b/724"", ""DA_d2_seq100/225"", ""DA_d2_seq100/74"", ""DA_d2_seq100/95""]","[""DA_d2_heldout100/262"", ""DA_d2_heldout100/266"", ""DA_d2_heldout100/268"", ""DA_d2_heldout100/273"", ""DA_d2_heldout100/321"", ""DA_d2_heldout100/337"", ""DA_d2_heldout100/354"", ""DA_d2_heldout100/364"", ""DA_d2_heldout100/372"", ""DA_d2_heldout100/379"", ""DA_d2_heldout100/389"", ""DA_d2_heldout100/392"", ""DA_d2_heldout100/415"", ""DA_d2_heldout100/439"", ""DA_d2_heldout200b/497"", ""DA_d2_heldout200b/508"", ""DA_d2_heldout200b/510"", ""DA_d2_heldout200b/523"", ""DA_d2_heldout200b/532"", ""DA_d2_heldout200b/600"", ""DA_d2_heldout200b/618"", ""DA_d2_heldout200b/622"", ""DA_d2_heldout200b/636"", ""DA_d2_heldout200b/649"", ""DA_d2_heldout200b/687"", ""DA_d2_heldout200b/703"", ""DA_d2_heldout200b/736"", ""DA_d2_heldout200b/746"", ""DA_d2_heldout200b/754"", ""DA_d2_heldout200b/756"", ""DA_d2_heldout200b/757"", ""DA_d2_heldout200b/758"", ""DA_d2_heldout200b/763"", ""DA_d2_heldout200b/766"", ""DA_d2_heldout200b/770"", ""DA_d2_heldout200b/773"", ""DA_d2_heldout200b/774"", ""DA_d2_heldout200b/778"", ""DA_d2_seq100/11"", ""DA_d2_seq100/81""]",3.2127354643307626e-06
E6,raw_vignette,flat_facts,flat_vs_raw,primary,DA,legacy_chain,150,0,8,2,140,0.05333333333333334,0.013333333333333334,-0.04,0.109375,"[-0.086667, 0.0]","[""DA_d2_seq100/57"", ""DA_d2_seq100/95""]","[""DA_d2_heldout100/330"", ""DA_d2_heldout100/392"", ""DA_d2_heldout200b/508"", ""DA_d2_heldout200b/600"", ""DA_d2_heldout200b/621"", ""DA_d2_heldout200b/687"", ""DA_d2_heldout200b/754"", ""DA_d2_seq100/147""]",0.328125
E6,flat_facts,typed_event_graph,graph_vs_flat,primary,DA,legacy_chain,150,0,2,5,143,0.013333333333333334,0.03333333333333333,0.02,0.453125,"[-0.013333, 0.053333]","[""DA_d2_heldout100/330"", ""DA_d2_heldout200b/489"", ""DA_d2_heldout200b/540"", ""DA_d2_seq100/147"", ""DA_d2_seq100/220""]","[""DA_d2_seq100/57"", ""DA_d2_seq100/95""]",0.90625
E6,raw_vignette,typed_event_graph,graph_vs_raw,primary,DA,legacy_chain,150,2,6,3,139,0.05333333333333334,0.03333333333333333,-0.02,0.5078125,"[-0.06, 0.02]","[""DA_d2_heldout200b/489"", ""DA_d2_heldout200b/540"", ""DA_d2_seq100/220""]","[""DA_d2_heldout100/392"", ""DA_d2_heldout200b/508"", ""DA_d2_heldout200b/600"", ""DA_d2_heldout200b/621"", ""DA_d2_heldout200b/687"", ""DA_d2_heldout200b/754""]",0.90625
E6,raw_vignette,flat_facts,flat_vs_raw,primary,DA,safe_exact,150,0,1,0,149,0.006666666666666667,0.0,-0.006666666666666667,1.0,"[-0.02, 0.0]",[],"[""DA_d2_heldout200b/508""]",1.0
E6,flat_facts,typed_event_graph,graph_vs_flat,primary,DA,safe_exact,150,0,0,0,150,0.0,0.0,0.0,1.0,"[0.0, 0.0]",[],[],1.0
E6,raw_vignette,typed_event_graph,graph_vs_raw,primary,DA,safe_exact,150,0,1,0,149,0.006666666666666667,0.0,-0.006666666666666667,1.0,"[-0.02, 0.0]",[],"[""DA_d2_heldout200b/508""]",1.0
E6,raw_vignette,flat_facts,flat_vs_raw,primary,MCR,clinical_complete,150,23,21,13,93,0.29333333333333333,0.24,-0.05333333333333334,0.22948101302608848,"[-0.126667, 0.02]","[""MCR_seq200b/250"", ""MCR_seq200b/263"", ""MCR_seq200b/301"", ""MCR_seq200b/316"", ""MCR_seq200b/329"", ""MCR_seq200b/369"", ""MCR_seq200b/411"", ""MCR_v1_seq100/45"", ""MCR_v1_seq100/64"", ""MCR_v1_seq100/8"", ""MCR_v1_seq100/90"", ""MCR_v2_seq100/209"", ""MCR_v2_seq100/227""]","[""MCR_seq200b/249"", ""MCR_seq200b/251"", ""MCR_seq200b/283"", ""MCR_seq200b/290"", ""MCR_seq200b/297"", ""MCR_seq200b/374"", ""MCR_seq200b/442"", ""MCR_seq200b/458"", ""MCR_v1_seq100/105"", ""MCR_v1_seq100/112"", ""MCR_v1_seq100/12"", ""MCR_v1_seq100/20"", ""MCR_v1_seq100/3"", ""MCR_v1_seq100/68"", ""MCR_v1_seq100/76"", ""MCR_v1_seq100/86"", ""MCR_v2_seq100/166"", ""MCR_v2_seq100/208"", ""MCR_v2_seq100/213"", ""MCR_v2_seq100/230"", ""MCR_v2_seq100/244""]",0.45896202605217695
E6,flat_facts,typed_event_graph,graph_vs_flat,primary,MCR,clinical_complete,150,27,9,8,106,0.24,0.23333333333333334,-0.006666666666666667,1.0,"[-0.06, 0.046667]","[""MCR_seq200b/270"", ""MCR_seq200b/320"", ""MCR_seq200b/442"", ""MCR_seq200b/458"", ""MCR_v1_seq100/105"", ""MCR_v1_seq100/112"", ""MCR_v1_seq100/68"", ""MCR_v2_seq100/242""]","[""MCR_seq200b/263"", ""MCR_seq200b/301"", ""MCR_seq200b/329"", ""MCR_seq200b/364"", ""MCR_v1_seq100/41"", ""MCR_v1_seq100/45"", ""MCR_v1_seq100/64"", ""MCR_v2_seq100/209"", ""MCR_v2_seq100/227""]",1.0
E6,raw_vignette,typed_event_graph,graph_vs_raw,primary,MCR,clinical_complete,150,26,18,9,97,0.29333333333333333,0.23333333333333334,-0.06,0.12207812070846558,"[-0.126667, 0.006667]","[""MCR_seq200b/250"", ""MCR_seq200b/270"", ""MCR_seq200b/316"", ""MCR_seq200b/320"", ""MCR_seq200b/369"", ""MCR_seq200b/411"", ""MCR_v1_seq100/8"", ""MCR_v1_seq100/90"", ""MCR_v2_seq100/242""]","[""MCR_seq200b/249"", ""MCR_seq200b/251"", ""MCR_seq200b/283"", ""MCR_seq200b/290"", ""MCR_seq200b/297"", ""MCR_seq200b/364"", ""MCR_seq200b/374"", ""MCR_v1_seq100/12"", ""MCR_v1_seq100/20"", ""MCR_v1_seq100/3"", ""MCR_v1_seq100/41"", ""MCR_v1_seq100/76"", ""MCR_v1_seq100/86"", ""MCR_v2_seq100/166"", ""MCR_v2_seq100/208"", ""MCR_v2_seq100/213"", ""MCR_v2_seq100/230"", ""MCR_v2_seq100/244""]",0.36623436212539673
E6,raw_vignette,flat_facts,flat_vs_raw,primary,MCR,compatible_partial,150,8,11,5,126,0.12666666666666668,0.08666666666666667,-0.04,0.210113525390625,"[-0.093333, 0.013333]","[""MCR_seq200b/320"", ""MCR_v1_seq100/109"", ""MCR_v1_seq100/112"", ""MCR_v1_seq100/99"", ""MCR_v2_seq100/200""]","[""MCR_seq200b/263"", ""MCR_seq200b/316"", ""MCR_seq200b/376"", ""MCR_seq200b/394"", ""MCR_seq200b/466"", ""MCR_seq200b/478"", ""MCR_v1_seq100/75"", ""MCR_v2_seq100/143"", ""MCR_v2_seq100/204"", ""MCR_v2_seq100/209"", ""MCR_v2_seq100/227""]",0.630340576171875
E6,flat_facts,typed_event_graph,graph_vs_flat,primary,MCR,compatible_partial,150,8,5,6,131,0.08666666666666667,0.09333333333333334,0.006666666666666667,1.0,"[-0.04, 0.053333]","[""MCR_seq200b/263"", ""MCR_seq200b/324"", ""MCR_seq200b/363"", ""MCR_seq200b/471"", ""MCR_v2_seq100/143"", ""MCR_v2_seq100/204""]","[""MCR_seq200b/320"", ""MCR_v1_seq100/109"", ""MCR_v1_seq100/112"", ""MCR_v1_seq100/99"", ""MCR_v2_seq100/200""]",1.0
E6,raw_vignette,typed_event_graph,graph_vs_raw,primary,MCR,compatible_partial,150,11,8,3,128,0.12666666666666668,0.09333333333333334,-0.03333333333333333,0.2265625,"[-0.08, 0.006667]","[""MCR_seq200b/324"", ""MCR_seq200b/363"", ""MCR_seq200b/471""]","[""MCR_seq200b/316"", ""MCR_seq200b/376"", ""MCR_seq200b/394"", ""MCR_seq200b/466"", ""MCR_seq200b/478"", ""MCR_v1_seq100/75"", ""MCR_v2_seq100/209"", ""MCR_v2_seq100/227""]",0.630340576171875
E6,raw_vignette,flat_facts,flat_vs_raw,primary,MCR,complete_or_compatible_partial,150,36,27,13,74,0.42,0.32666666666666666,-0.09333333333333334,0.03847730828420026,"[-0.173333, -0.013333]","[""MCR_seq200b/250"", ""MCR_seq200b/301"", ""MCR_seq200b/320"", ""MCR_seq200b/329"", ""MCR_seq200b/369"", ""MCR_seq200b/411"", ""MCR_v1_seq100/109"", ""MCR_v1_seq100/45"", ""MCR_v1_seq100/64"", ""MCR_v1_seq100/8"", ""MCR_v1_seq100/90"", ""MCR_v1_seq100/99"", ""MCR_v2_seq100/200""]","[""MCR_seq200b/249"", ""MCR_seq200b/251"", ""MCR_seq200b/283"", ""MCR_seq200b/290"", ""MCR_seq200b/297"", ""MCR_seq200b/374"", ""MCR_seq200b/376"", ""MCR_seq200b/394"", ""MCR_seq200b/442"", ""MCR_seq200b/458"", ""MCR_seq200b/466"", ""MCR_seq200b/478"", ""MCR_v1_seq100/105"", ""MCR_v1_seq100/12"", ""MCR_v1_seq100/20"", ""MCR_v1_seq100/3"", ""MCR_v1_seq100/68"", ""MCR_v1_seq100/75"", ""MCR_v1_seq100/76"", ""MCR_v1_seq100/86"", ""MCR_v2_seq100/143"", ""MCR_v2_seq100/166"", ""MCR_v2_seq100/204"", ""MCR_v2_seq100/208"", ""MCR_v2_seq100/213"", ""MCR_v2_seq100/230"", ""MCR_v2_seq100/244""]",0.08645015896763653
E6,flat_facts,typed_event_graph,graph_vs_flat,primary,MCR,complete_or_compatible_partial,150,38,11,11,90,0.32666666666666666,0.32666666666666666,0.0,1.0,"[-0.06, 0.06]","[""MCR_seq200b/270"", ""MCR_seq200b/324"", ""MCR_seq200b/363"", ""MCR_seq200b/442"", ""MCR_seq200b/458"", ""MCR_seq200b/471"", ""MCR_v1_seq100/105"", ""MCR_v1_seq100/68"", ""MCR_v2_seq100/143"", ""MCR_v2_seq100/204"", ""MCR_v2_seq100/242""]","[""MCR_seq200b/301"", ""MCR_seq200b/329"", ""MCR_seq200b/364"", ""MCR_v1_seq100/109"", ""MCR_v1_seq100/41"", ""MCR_v1_seq100/45"", ""MCR_v1_seq100/64"", ""MCR_v1_seq100/99"", ""MCR_v2_seq100/200"", ""MCR_v2_seq100/209"", ""MCR_v2_seq100/227""]",1.0
E6,raw_vignette,typed_event_graph,graph_vs_raw,primary,MCR,complete_or_compatible_partial,150,38,25,11,76,0.42,0.32666666666666666,-0.09333333333333334,0.028816719655878842,"[-0.166667, -0.013333]","[""MCR_seq200b/250"", ""MCR_seq200b/270"", ""MCR_seq200b/320"", ""MCR_seq200b/324"", ""MCR_seq200b/363"", ""MCR_seq200b/369"", ""MCR_seq200b/411"", ""MCR_seq200b/471"", ""MCR_v1_seq100/8"", ""MCR_v1_seq100/90"", ""MCR_v2_seq100/242""]","[""MCR_seq200b/249"", ""MCR_seq200b/251"", ""MCR_seq200b/283"", ""MCR_seq200b/290"", ""MCR_seq200b/297"", ""MCR_seq200b/364"", ""MCR_seq200b/374"", ""MCR_seq200b/376"", ""MCR_seq200b/394"", ""MCR_seq200b/466"", ""MCR_seq200b/478"", ""MCR_v1_seq100/12"", ""MCR_v1_seq100/20"", ""MCR_v1_seq100/3"", ""MCR_v1_seq100/41"", ""MCR_v1_seq100/75"", ""MCR_v1_seq100/76"", ""MCR_v1_seq100/86"", ""MCR_v2_seq100/166"", ""MCR_v2_seq100/208"", ""MCR_v2_seq100/209"", ""MCR_v2_seq100/213"", ""MCR_v2_seq100/227"", ""MCR_v2_seq100/230"", ""MCR_v2_seq100/244""]",0.08645015896763653
E6,raw_vignette,flat_facts,flat_vs_raw,primary,MCR,legacy_chain,150,27,15,8,100,0.28,0.23333333333333334,-0.04666666666666667,0.21003961563110352,"[-0.106667, 0.013333]","[""MCR_seq200b/250"", ""MCR_seq200b/320"", ""MCR_seq200b/329"", ""MCR_v1_seq100/45"", ""MCR_v1_seq100/64"", ""MCR_v1_seq100/90"", ""MCR_v1_seq100/99"", ""MCR_v2_seq100/220""]","[""MCR_seq200b/283"", ""MCR_seq200b/332"", ""MCR_seq200b/374"", ""MCR_seq200b/376"", ""MCR_seq200b/378"", ""MCR_seq200b/442"", ""MCR_seq200b/458"", ""MCR_v1_seq100/105"", ""MCR_v1_seq100/12"", ""MCR_v1_seq100/68"", ""MCR_v1_seq100/76"", ""MCR_v2_seq100/139"", ""MCR_v2_seq100/208"", ""MCR_v2_seq100/230"", ""MCR_v2_seq100/244""]",0.42007923126220703
E6,flat_facts,typed_event_graph,graph_vs_flat,primary,MCR,legacy_chain,150,28,7,6,109,0.23333333333333334,0.22666666666666666,-0.006666666666666667,1.0,"[-0.053333, 0.04]","[""MCR_seq200b/332"", ""MCR_seq200b/442"", ""MCR_seq200b/458"", ""MCR_v1_seq100/105"", ""MCR_v1_seq100/68"", ""MCR_v2_seq100/139""]","[""MCR_seq200b/249"", ""MCR_seq200b/250"", ""MCR_seq200b/329"", ""MCR_v1_seq100/45"", ""MCR_v1_seq100/64"", ""MCR_v1_seq100/99"", ""MCR_v2_seq100/209""]",1.0
E6,raw_vignette,typed_event_graph,graph_vs_raw,primary,MCR,legacy_chain,150,31,11,3,105,0.28,0.22666666666666666,-0.05333333333333334,0.057373046875,"[-0.1, -0.006667]","[""MCR_seq200b/320"", ""MCR_v1_seq100/90"", ""MCR_v2_seq100/220""]","[""MCR_seq200b/249"", ""MCR_seq200b/283"", ""MCR_seq200b/374"", ""MCR_seq200b/376"", ""MCR_seq200b/378"", ""MCR_v1_seq100/12"", ""MCR_v1_seq100/76"", ""MCR_v2_seq100/208"", ""MCR_v2_seq100/209"", ""MCR_v2_seq100/230"", ""MCR_v2_seq100/244""]",0.172119140625
E6,raw_vignette,flat_facts,flat_vs_raw,primary,MCR,safe_exact,150,2,1,1,146,0.02,0.02,0.0,1.0,"[-0.02, 0.02]","[""MCR_seq200b/448""]","[""MCR_seq200b/374""]",1.0
E6,flat_facts,typed_event_graph,graph_vs_flat,primary,MCR,safe_exact,150,2,1,1,146,0.02,0.02,0.0,1.0,"[-0.02, 0.02]","[""MCR_seq200b/444""]","[""MCR_seq200b/345""]",1.0
E6,raw_vignette,typed_event_graph,graph_vs_raw,primary,MCR,safe_exact,150,1,2,2,145,0.02,0.02,0.0,1.0,"[-0.026667, 0.026667]","[""MCR_seq200b/444"", ""MCR_seq200b/448""]","[""MCR_seq200b/345"", ""MCR_seq200b/374""]",1.0
E6x,flat_facts_padded,flat_facts_unpadded,unpadded_vs_padded,primary,ALL,clinical_complete,300,46,12,16,226,0.19333333333333333,0.20666666666666667,0.013333333333333334,0.5715881884098053,"[-0.02, 0.046667]","[""DA_d2_heldout200b/532"", ""DA_d2_heldout200b/660"", ""DA_d2_heldout200b/777"", ""DA_d2_seq100/132"", ""DA_d2_seq100/183"", ""MCR_seq200b/320"", ""MCR_seq200b/418"", ""MCR_seq200b/458"", ""MCR_v1_seq100/112"", ""MCR_v1_seq100/117"", ""MCR_v1_seq100/60"", ""MCR_v1_seq100/68"", ""MCR_v2_seq100/179"", ""MCR_v2_seq100/208"", ""MCR_v2_seq100/214"", ""MCR_v2_seq100/242""]","[""DA_d2_heldout100/420"", ""DA_d2_heldout200b/575"", ""DA_d2_heldout200b/621"", ""DA_d2_seq100/103"", ""DA_d2_seq100/21"", ""MCR_seq200b/316"", ""MCR_seq200b/322"", ""MCR_seq200b/329"", ""MCR_seq200b/364"", ""MCR_v1_seq100/45"", ""MCR_v1_seq100/64"", ""MCR_v1_seq100/74""]",0.5715881884098053
E6x,flat_facts_padded,flat_facts_unpadded,unpadded_vs_padded,primary,ALL,compatible_partial,300,39,22,16,223,0.20333333333333334,0.18333333333333332,-0.02,0.417692190836533,"[-0.06, 0.02]","[""DA_d2_heldout100/268"", ""DA_d2_heldout100/318"", ""DA_d2_heldout100/383"", ""DA_d2_heldout100/414"", ""DA_d2_heldout100/420"", ""DA_d2_heldout200b/575"", ""DA_d2_heldout200b/587"", ""DA_d2_heldout200b/589"", ""DA_d2_heldout200b/621"", ""DA_d2_seq100/103"", ""DA_d2_seq100/156"", ""MCR_seq200b/316"", ""MCR_seq200b/329"", ""MCR_seq200b/471"", ""MCR_v1_seq100/105"", ""MCR_v2_seq100/143""]","[""DA_d2_heldout100/372"", ""DA_d2_heldout100/431"", ""DA_d2_heldout100/439"", ""DA_d2_heldout100/451"", ""DA_d2_heldout200b/484"", ""DA_d2_heldout200b/489"", ""DA_d2_heldout200b/510"", ""DA_d2_heldout200b/569"", ""DA_d2_heldout200b/649"", ""DA_d2_heldout200b/777"", ""DA_d2_seq100/132"", ""DA_d2_seq100/139"", ""DA_d2_seq100/183"", ""DA_d2_seq100/241"", ""DA_d2_seq100/74"", ""DA_d2_seq100/95"", ""MCR_seq200b/320"", ""MCR_seq200b/418"", ""MCR_v1_seq100/109"", ""MCR_v1_seq100/112"", ""MCR_v1_seq100/117"", ""MCR_v2_seq100/200""]",0.417692190836533
E6x,flat_facts_padded,flat_facts_unpadded,unpadded_vs_padded,primary,ALL,complete_or_compatible_partial,300,98,21,19,162,0.39666666666666667,0.39,-0.006666666666666667,0.8746293123804207,"[-0.046667, 0.033333]","[""DA_d2_heldout100/268"", ""DA_d2_heldout100/318"", ""DA_d2_heldout100/383"", ""DA_d2_heldout100/414"", ""DA_d2_heldout200b/532"", ""DA_d2_heldout200b/587"", ""DA_d2_heldout200b/589"", ""DA_d2_heldout200b/660"", ""DA_d2_seq100/156"", ""MCR_seq200b/458"", ""MCR_seq200b/471"", ""MCR_v1_seq100/105"", ""MCR_v1_seq100/60"", ""MCR_v1_seq100/68"", ""MCR_v2_seq100/143"", ""MCR_v2_seq100/179"", ""MCR_v2_seq100/208"", ""MCR_v2_seq100/214"", ""MCR_v2_seq100/242""]","[""DA_d2_heldout100/372"", ""DA_d2_heldout100/431"", ""DA_d2_heldout100/439"", ""DA_d2_heldout100/451"", ""DA_d2_heldout200b/484"", ""DA_d2_heldout200b/489"", ""DA_d2_heldout200b/510"", ""DA_d2_heldout200b/569"", ""DA_d2_heldout200b/649"", ""DA_d2_seq100/139"", ""DA_d2_seq100/21"", ""DA_d2_seq100/241"", ""DA_d2_seq100/74"", ""DA_d2_seq100/95"", ""MCR_seq200b/322"", ""MCR_seq200b/364"", ""MCR_v1_seq100/109"", ""MCR_v1_seq100/45"", ""MCR_v1_seq100/64"", ""MCR_v1_seq100/74"", ""MCR_v2_seq100/200""]",0.8746293123804207
E6x,flat_facts_padded,flat_facts_unpadded,unpadded_vs_padded,primary,ALL,legacy_chain,300,29,8,12,251,0.12333333333333334,0.13666666666666666,0.013333333333333334,0.5034446716308594,"[-0.016667, 0.043333]","[""DA_d2_heldout100/383"", ""DA_d2_heldout200b/540"", ""DA_d2_heldout200b/763"", ""DA_d2_seq100/220"", ""MCR_seq200b/332"", ""MCR_seq200b/458"", ""MCR_v1_seq100/105"", ""MCR_v1_seq100/41"", ""MCR_v1_seq100/60"", ""MCR_v1_seq100/68"", ""MCR_v2_seq100/208"", ""MCR_v2_seq100/214""]","[""DA_d2_seq100/95"", ""MCR_seq200b/250"", ""MCR_seq200b/322"", ""MCR_seq200b/364"", ""MCR_v1_seq100/45"", ""MCR_v1_seq100/64"", ""MCR_v1_seq100/74"", ""MCR_v1_seq100/90""]",0.5034446716308594
E6x,flat_facts_padded,flat_facts_unpadded,unpadded_vs_padded,primary,ALL,safe_exact,300,2,1,0,297,0.01,0.006666666666666667,-0.0033333333333333335,1.0,"[-0.01, 0.0]",[],"[""MCR_v1_seq100/74""]",1.0
E6x,flat_facts_padded,flat_facts_unpadded,unpadded_vs_padded,primary,DA,clinical_complete,150,17,5,5,123,0.14666666666666667,0.14666666666666667,0.0,1.0,"[-0.04, 0.04]","[""DA_d2_heldout200b/532"", ""DA_d2_heldout200b/660"", ""DA_d2_heldout200b/777"", ""DA_d2_seq100/132"", ""DA_d2_seq100/183""]","[""DA_d2_heldout100/420"", ""DA_d2_heldout200b/575"", ""DA_d2_heldout200b/621"", ""DA_d2_seq100/103"", ""DA_d2_seq100/21""]",1.0
E6x,flat_facts_padded,flat_facts_unpadded,unpadded_vs_padded,primary,DA,compatible_partial,150,32,16,11,91,0.32,0.2866666666666667,-0.03333333333333333,0.44206833839416504,"[-0.1, 0.033333]","[""DA_d2_heldout100/268"", ""DA_d2_heldout100/318"", ""DA_d2_heldout100/383"", ""DA_d2_heldout100/414"", ""DA_d2_heldout100/420"", ""DA_d2_heldout200b/575"", ""DA_d2_heldout200b/587"", ""DA_d2_heldout200b/589"", ""DA_d2_heldout200b/621"", ""DA_d2_seq100/103"", ""DA_d2_seq100/156""]","[""DA_d2_heldout100/372"", ""DA_d2_heldout100/431"", ""DA_d2_heldout100/439"", ""DA_d2_heldout100/451"", ""DA_d2_heldout200b/484"", ""DA_d2_heldout200b/489"", ""DA_d2_heldout200b/510"", ""DA_d2_heldout200b/569"", ""DA_d2_heldout200b/649"", ""DA_d2_heldout200b/777"", ""DA_d2_seq100/132"", ""DA_d2_seq100/139"", ""DA_d2_seq100/183"", ""DA_d2_seq100/241"", ""DA_d2_seq100/74"", ""DA_d2_seq100/95""]",0.44206833839416504
E6x,flat_facts_padded,flat_facts_unpadded,unpadded_vs_padded,primary,DA,complete_or_compatible_partial,150,56,14,9,71,0.4666666666666667,0.43333333333333335,-0.03333333333333333,0.4048728942871094,"[-0.093333, 0.026667]","[""DA_d2_heldout100/268"", ""DA_d2_heldout100/318"", ""DA_d2_heldout100/383"", ""DA_d2_heldout100/414"", ""DA_d2_heldout200b/532"", ""DA_d2_heldout200b/587"", ""DA_d2_heldout200b/589"", ""DA_d2_heldout200b/660"", ""DA_d2_seq100/156""]","[""DA_d2_heldout100/372"", ""DA_d2_heldout100/431"", ""DA_d2_heldout100/439"", ""DA_d2_heldout100/451"", ""DA_d2_heldout200b/484"", ""DA_d2_heldout200b/489"", ""DA_d2_heldout200b/510"", ""DA_d2_heldout200b/569"", ""DA_d2_heldout200b/649"", ""DA_d2_seq100/139"", ""DA_d2_seq100/21"", ""DA_d2_seq100/241"", ""DA_d2_seq100/74"", ""DA_d2_seq100/95""]",0.4048728942871094
E6x,flat_facts_padded,flat_facts_unpadded,unpadded_vs_padded,primary,DA,legacy_chain,150,1,1,4,144,0.013333333333333334,0.03333333333333333,0.02,0.375,"[-0.006667, 0.053333]","[""DA_d2_heldout100/383"", ""DA_d2_heldout200b/540"", ""DA_d2_heldout200b/763"", ""DA_d2_seq100/220""]","[""DA_d2_seq100/95""]",0.375
E6x,flat_facts_padded,flat_facts_unpadded,unpadded_vs_padded,primary,DA,safe_exact,150,0,0,0,150,0.0,0.0,0.0,1.0,"[0.0, 0.0]",[],[],1.0
E6x,flat_facts_padded,flat_facts_unpadded,unpadded_vs_padded,primary,MCR,clinical_complete,150,29,7,11,103,0.24,0.26666666666666666,0.02666666666666667,0.480682373046875,"[-0.026667, 0.08]","[""MCR_seq200b/320"", ""MCR_seq200b/418"", ""MCR_seq200b/458"", ""MCR_v1_seq100/112"", ""MCR_v1_seq100/117"", ""MCR_v1_seq100/60"", ""MCR_v1_seq100/68"", ""MCR_v2_seq100/179"", ""MCR_v2_seq100/208"", ""MCR_v2_seq100/214"", ""MCR_v2_seq100/242""]","[""MCR_seq200b/316"", ""MCR_seq200b/322"", ""MCR_seq200b/329"", ""MCR_seq200b/364"", ""MCR_v1_seq100/45"", ""MCR_v1_seq100/64"", ""MCR_v1_seq100/74""]",0.480682373046875
E6x,flat_facts_padded,flat_facts_unpadded,unpadded_vs_padded,primary,MCR,compatible_partial,150,7,6,5,132,0.08666666666666667,0.08,-0.006666666666666667,1.0,"[-0.046667, 0.033333]","[""MCR_seq200b/316"", ""MCR_seq200b/329"", ""MCR_seq200b/471"", ""MCR_v1_seq100/105"", ""MCR_v2_seq100/143""]","[""MCR_seq200b/320"", ""MCR_seq200b/418"", ""MCR_v1_seq100/109"", ""MCR_v1_seq100/112"", ""MCR_v1_seq100/117"", ""MCR_v2_seq100/200""]",1.0
E6x,flat_facts_padded,flat_facts_unpadded,unpadded_vs_padded,primary,MCR,complete_or_compatible_partial,150,42,7,10,91,0.32666666666666666,0.3466666666666667,0.02,0.629058837890625,"[-0.033333, 0.073333]","[""MCR_seq200b/458"", ""MCR_seq200b/471"", ""MCR_v1_seq100/105"", ""MCR_v1_seq100/60"", ""MCR_v1_seq100/68"", ""MCR_v2_seq100/143"", ""MCR_v2_seq100/179"", ""MCR_v2_seq100/208"", ""MCR_v2_seq100/214"", ""MCR_v2_seq100/242""]","[""MCR_seq200b/322"", ""MCR_seq200b/364"", ""MCR_v1_seq100/109"", ""MCR_v1_seq100/45"", ""MCR_v1_seq100/64"", ""MCR_v1_seq100/74"", ""MCR_v2_seq100/200""]",0.629058837890625
E6x,flat_facts_padded,flat_facts_unpadded,unpadded_vs_padded,primary,MCR,legacy_chain,150,28,7,8,107,0.23333333333333334,0.24,0.006666666666666667,1.0,"[-0.04, 0.06]","[""MCR_seq200b/332"", ""MCR_seq200b/458"", ""MCR_v1_seq100/105"", ""MCR_v1_seq100/41"", ""MCR_v1_seq100/60"", ""MCR_v1_seq100/68"", ""MCR_v2_seq100/208"", ""MCR_v2_seq100/214""]","[""MCR_seq200b/250"", ""MCR_seq200b/322"", ""MCR_seq200b/364"", ""MCR_v1_seq100/45"", ""MCR_v1_seq100/64"", ""MCR_v1_seq100/74"", ""MCR_v1_seq100/90""]",1.0
E6x,flat_facts_padded,flat_facts_unpadded,unpadded_vs_padded,primary,MCR,safe_exact,150,2,1,0,147,0.02,0.013333333333333334,-0.006666666666666667,1.0,"[-0.02, 0.0]",[],"[""MCR_v1_seq100/74""]",1.0
E7b,legacy_substring,exact_synonym,exact_vs_legacy,primary,ALL,clinical_complete,400,48,3,16,333,0.1275,0.16,0.0325,0.004425048828125,"[0.0125, 0.055]","[""DA_d2_heldout100/261"", ""DA_d2_heldout200b/638"", ""DA_d2_heldout200b/687"", ""DA_d2_heldout200b/709"", ""DA_d2_seq100/214"", ""DA_d2_seq100/45"", ""MCR_seq200b/310"", ""MCR_seq200b/345"", ""MCR_seq200b/383"", ""MCR_seq200b/388"", ""MCR_seq200b/407"", ""MCR_seq200b/438"", ""MCR_seq200b/464"", ""MCR_v1_seq100/12"", ""MCR_v2_seq100/162"", ""MCR_v2_seq100/173""]","[""MCR_seq200b/418"", ""MCR_v1_seq100/54"", ""MCR_v2_seq100/159""]",0.00885009765625
E7b,exact_synonym,typed_relation,typed_vs_exact,primary,ALL,clinical_complete,400,63,1,3,333,0.16,0.165,0.005,0.625,"[-0.005, 0.015]","[""MCR_seq200b/312"", ""MCR_v1_seq100/8"", ""MCR_v2_seq100/159""]","[""MCR_seq200b/326""]",0.625
E7b,legacy_substring,exact_synonym,exact_vs_legacy,primary,ALL,compatible_partial,400,142,34,20,204,0.44,0.405,-0.035,0.07590472948910143,"[-0.07, 0.0]","[""DA_d2_heldout100/398"", ""DA_d2_heldout100/431"", ""DA_d2_heldout200b/489"", ""DA_d2_heldout200b/567"", ""DA_d2_heldout200b/583"", ""DA_d2_heldout200b/633"", ""DA_d2_heldout200b/719"", ""DA_d2_heldout200b/758"", ""DA_d2_heldout200b/763"", ""DA_d2_heldout200b/773"", ""DA_d2_seq100/11"", ""DA_d2_seq100/164"", ""MCR_seq200b/418"", ""MCR_seq200b/466"", ""MCR_seq200b/468"", ""MCR_v1_seq100/124"", ""MCR_v1_seq100/54"", ""MCR_v2_seq100/170"", ""MCR_v2_seq100/204"", ""MCR_v2_seq100/213""]","[""DA_d2_heldout100/261"", ""DA_d2_heldout100/361"", ""DA_d2_heldout100/432"", ""DA_d2_heldout100/449"", ""DA_d2_heldout200b/513"", ""DA_d2_heldout200b/530"", ""DA_d2_heldout200b/539"", ""DA_d2_heldout200b/555"", ""DA_d2_heldout200b/590"", ""DA_d2_heldout200b/591"", ""DA_d2_heldout200b/602"", ""DA_d2_heldout200b/638"", ""DA_d2_heldout200b/687"", ""DA_d2_heldout200b/692"", ""DA_d2_heldout200b/709"", ""DA_d2_heldout200b/730"", ""DA_d2_heldout200b/731"", ""DA_d2_heldout200b/778"", ""DA_d2_seq100/214"", ""DA_d2_seq100/220"", ""DA_d2_seq100/45"", ""DA_d2_seq100/76"", ""MCR_seq200b/310"", ""MCR_seq200b/345"", ""MCR_seq200b/362"", ""MCR_seq200b/383"", ""MCR_seq200b/388"", ""MCR_seq200b/407"", ""MCR_seq200b/423"", ""MCR_seq200b/438"", ""MCR_seq200b/464"", ""MCR_v1_seq100/12"", ""MCR_v2_seq100/173"", ""MCR_v2_seq100/179""]",0.15180945897820286
E7b,exact_synonym,typed_relation,typed_vs_exact,primary,ALL,compatible_partial,400,153,9,5,233,0.405,0.395,-0.01,0.4239501953125,"[-0.0275, 0.0075]","[""DA_d2_heldout100/310"", ""DA_d2_heldout200b/498"", ""DA_d2_heldout200b/732"", ""MCR_v2_seq100/179"", ""MCR_v2_seq100/237""]","[""DA_d2_heldout200b/633"", ""DA_d2_heldout200b/652"", ""DA_d2_heldout200b/735"", ""DA_d2_heldout200b/763"", ""DA_d2_heldout200b/773"", ""DA_d2_seq100/164"", ""DA_d2_seq100/57"", ""DA_d2_seq100/63"", ""MCR_seq200b/468""]",0.4239501953125
E7b,legacy_substring,exact_synonym,exact_vs_legacy,primary,ALL,complete_or_compatible_partial,400,207,20,19,154,0.5675,0.565,-0.0025,1.0,"[-0.0325, 0.0275]","[""DA_d2_heldout100/398"", ""DA_d2_heldout100/431"", ""DA_d2_heldout200b/489"", ""DA_d2_heldout200b/567"", ""DA_d2_heldout200b/583"", ""DA_d2_heldout200b/633"", ""DA_d2_heldout200b/719"", ""DA_d2_heldout200b/758"", ""DA_d2_heldout200b/763"", ""DA_d2_heldout200b/773"", ""DA_d2_seq100/11"", ""DA_d2_seq100/164"", ""MCR_seq200b/466"", ""MCR_seq200b/468"", ""MCR_v1_seq100/124"", ""MCR_v2_seq100/162"", ""MCR_v2_seq100/170"", ""MCR_v2_seq100/204"", ""MCR_v2_seq100/213""]","[""DA_d2_heldout100/361"", ""DA_d2_heldout100/432"", ""DA_d2_heldout100/449"", ""DA_d2_heldout200b/513"", ""DA_d2_heldout200b/530"", ""DA_d2_heldout200b/539"", ""DA_d2_heldout200b/555"", ""DA_d2_heldout200b/590"", ""DA_d2_heldout200b/591"", ""DA_d2_heldout200b/602"", ""DA_d2_heldout200b/692"", ""DA_d2_heldout200b/730"", ""DA_d2_heldout200b/731"", ""DA_d2_heldout200b/778"", ""DA_d2_seq100/220"", ""DA_d2_seq100/76"", ""MCR_seq200b/362"", ""MCR_seq200b/423"", ""MCR_v2_seq100/159"", ""MCR_v2_seq100/179""]",1.0
E7b,exact_synonym,typed_relation,typed_vs_exact,primary,ALL,complete_or_compatible_partial,400,216,10,8,166,0.565,0.56,-0.005,0.8145294189453125,"[-0.0275, 0.015]","[""DA_d2_heldout100/310"", ""DA_d2_heldout200b/498"", ""DA_d2_heldout200b/732"", ""MCR_seq200b/312"", ""MCR_v1_seq100/8"", ""MCR_v2_seq100/159"", ""MCR_v2_seq100/179"", ""MCR_v2_seq100/237""]","[""DA_d2_heldout200b/633"", ""DA_d2_heldout200b/652"", ""DA_d2_heldout200b/735"", ""DA_d2_heldout200b/763"", ""DA_d2_heldout200b/773"", ""DA_d2_seq100/164"", ""DA_d2_seq100/57"", ""DA_d2_seq100/63"", ""MCR_seq200b/326"", ""MCR_seq200b/468""]",1.0
E7b,legacy_substring,exact_synonym,exact_vs_legacy,primary,ALL,legacy_chain,400,91,28,7,274,0.2975,0.245,-0.0525,0.0005082604475319386,"[-0.0825, -0.025]","[""DA_d2_heldout100/398"", ""DA_d2_heldout200b/477"", ""DA_d2_heldout200b/524"", ""DA_d2_heldout200b/615"", ""DA_d2_heldout200b/633"", ""DA_d2_heldout200b/773"", ""MCR_v2_seq100/197""]","[""DA_d2_heldout100/281"", ""DA_d2_heldout100/301"", ""DA_d2_heldout100/415"", ""DA_d2_heldout100/432"", ""DA_d2_heldout100/449"", ""DA_d2_heldout200b/548"", ""DA_d2_heldout200b/555"", ""DA_d2_heldout200b/579"", ""DA_d2_heldout200b/589"", ""DA_d2_heldout200b/591"", ""DA_d2_heldout200b/602"", ""DA_d2_heldout200b/681"", ""DA_d2_heldout200b/702"", ""DA_d2_heldout200b/713"", ""DA_d2_heldout200b/767"", ""DA_d2_seq100/214"", ""DA_d2_seq100/220"", ""DA_d2_seq100/227"", ""DA_d2_seq100/237"", ""DA_d2_seq100/241"", ""DA_d2_seq100/45"", ""DA_d2_seq100/59"", ""DA_d2_seq100/76"", ""MCR_seq200b/362"", ""MCR_seq200b/388"", ""MCR_seq200b/438"", ""MCR_seq200b/469"", ""MCR_v2_seq100/159""]",0.001016520895063877
E7b,exact_synonym,typed_relation,typed_vs_exact,primary,ALL,legacy_chain,400,92,6,3,299,0.245,0.2375,-0.0075,0.5078125,"[-0.0225, 0.0075]","[""DA_d2_heldout200b/498"", ""MCR_v2_seq100/159"", ""MCR_v2_seq100/237""]","[""DA_d2_heldout200b/549"", ""DA_d2_heldout200b/615"", ""DA_d2_heldout200b/633"", ""DA_d2_heldout200b/735"", ""DA_d2_heldout200b/773"", ""MCR_seq200b/326""]",0.5078125
E7b,legacy_substring,exact_synonym,exact_vs_legacy,primary,ALL,safe_exact,400,20,5,8,367,0.0625,0.07,0.0075,0.5810546875,"[-0.01, 0.025]","[""DA_d2_heldout100/261"", ""DA_d2_heldout200b/638"", ""MCR_seq200b/345"", ""MCR_seq200b/407"", ""MCR_seq200b/464"", ""MCR_v1_seq100/12"", ""MCR_v2_seq100/173"", ""MCR_v2_seq100/197""]","[""MCR_seq200b/416"", ""MCR_seq200b/418"", ""MCR_v1_seq100/54"", ""MCR_v2_seq100/159"", ""MCR_v2_seq100/236""]",1.0
E7b,exact_synonym,typed_relation,typed_vs_exact,primary,ALL,safe_exact,400,27,1,0,372,0.07,0.0675,-0.0025,1.0,"[-0.0075, 0.0]",[],"[""MCR_seq200b/326""]",1.0
E7b,legacy_substring,exact_synonym,exact_vs_legacy,primary,DA,clinical_complete,218,12,0,6,200,0.05504587155963303,0.08256880733944955,0.027522935779816515,0.03125,"[0.009174, 0.050459]","[""DA_d2_heldout100/261"", ""DA_d2_heldout200b/638"", ""DA_d2_heldout200b/687"", ""DA_d2_heldout200b/709"", ""DA_d2_seq100/214"", ""DA_d2_seq100/45""]",[],0.0625
E7b,exact_synonym,typed_relation,typed_vs_exact,primary,DA,clinical_complete,218,18,0,0,200,0.08256880733944955,0.08256880733944955,0.0,1.0,"[0.0, 0.0]",[],[],1.0
E7b,legacy_substring,exact_synonym,exact_vs_legacy,primary,DA,compatible_partial,218,121,22,12,63,0.6559633027522935,0.6100917431192661,-0.045871559633027525,0.12144948495551944,"[-0.09633, 0.004587]","[""DA_d2_heldout100/398"", ""DA_d2_heldout100/431"", ""DA_d2_heldout200b/489"", ""DA_d2_heldout200b/567"", ""DA_d2_heldout200b/583"", ""DA_d2_heldout200b/633"", ""DA_d2_heldout200b/719"", ""DA_d2_heldout200b/758"", ""DA_d2_heldout200b/763"", ""DA_d2_heldout200b/773"", ""DA_d2_seq100/11"", ""DA_d2_seq100/164""]","[""DA_d2_heldout100/261"", ""DA_d2_heldout100/361"", ""DA_d2_heldout100/432"", ""DA_d2_heldout100/449"", ""DA_d2_heldout200b/513"", ""DA_d2_heldout200b/530"", ""DA_d2_heldout200b/539"", ""DA_d2_heldout200b/555"", ""DA_d2_heldout200b/590"", ""DA_d2_heldout200b/591"", ""DA_d2_heldout200b/602"", ""DA_d2_heldout200b/638"", ""DA_d2_heldout200b/687"", ""DA_d2_heldout200b/692"", ""DA_d2_heldout200b/709"", ""DA_d2_heldout200b/730"", ""DA_d2_heldout200b/731"", ""DA_d2_heldout200b/778"", ""DA_d2_seq100/214"", ""DA_d2_seq100/220"", ""DA_d2_seq100/45"", ""DA_d2_seq100/76""]",0.24289896991103888
E7b,exact_synonym,typed_relation,typed_vs_exact,primary,DA,compatible_partial,218,125,8,3,82,0.6100917431192661,0.5871559633027523,-0.022935779816513763,0.2265625,"[-0.055046, 0.004587]","[""DA_d2_heldout100/310"", ""DA_d2_heldout200b/498"", ""DA_d2_heldout200b/732""]","[""DA_d2_heldout200b/633"", ""DA_d2_heldout200b/652"", ""DA_d2_heldout200b/735"", ""DA_d2_heldout200b/763"", ""DA_d2_heldout200b/773"", ""DA_d2_seq100/164"", ""DA_d2_seq100/57"", ""DA_d2_seq100/63""]",0.24289896991103888
E7b,legacy_substring,exact_synonym,exact_vs_legacy,primary,DA,complete_or_compatible_partial,218,139,16,12,51,0.7110091743119266,0.6926605504587156,-0.01834862385321101,0.5715881884098053,"[-0.06422, 0.027523]","[""DA_d2_heldout100/398"", ""DA_d2_heldout100/431"", ""DA_d2_heldout200b/489"", ""DA_d2_heldout200b/567"", ""DA_d2_heldout200b/583"", ""DA_d2_heldout200b/633"", ""DA_d2_heldout200b/719"", ""DA_d2_heldout200b/758"", ""DA_d2_heldout200b/763"", ""DA_d2_heldout200b/773"", ""DA_d2_seq100/11"", ""DA_d2_seq100/164""]","[""DA_d2_heldout100/361"", ""DA_d2_heldout100/432"", ""DA_d2_heldout100/449"", ""DA_d2_heldout200b/513"", ""DA_d2_heldout200b/530"", ""DA_d2_heldout200b/539"", ""DA_d2_heldout200b/555"", ""DA_d2_heldout200b/590"", ""DA_d2_heldout200b/591"", ""DA_d2_heldout200b/602"", ""DA_d2_heldout200b/692"", ""DA_d2_heldout200b/730"", ""DA_d2_heldout200b/731"", ""DA_d2_heldout200b/778"", ""DA_d2_seq100/220"", ""DA_d2_seq100/76""]",0.5715881884098053
E7b,exact_synonym,typed_relation,typed_vs_exact,primary,DA,complete_or_compatible_partial,218,143,8,3,64,0.6926605504587156,0.6697247706422018,-0.022935779816513763,0.2265625,"[-0.055046, 0.004587]","[""DA_d2_heldout100/310"", ""DA_d2_heldout200b/498"", ""DA_d2_heldout200b/732""]","[""DA_d2_heldout200b/633"", ""DA_d2_heldout200b/652"", ""DA_d2_heldout200b/735"", ""DA_d2_heldout200b/763"", ""DA_d2_heldout200b/773"", ""DA_d2_seq100/164"", ""DA_d2_seq100/57"", ""DA_d2_seq100/63""]",0.453125
E7b,legacy_substring,exact_synonym,exact_vs_legacy,primary,DA,legacy_chain,218,54,23,6,135,0.3532110091743119,0.27522935779816515,-0.0779816513761468,0.002315700054168701,"[-0.12844, -0.03211]","[""DA_d2_heldout100/398"", ""DA_d2_heldout200b/477"", ""DA_d2_heldout200b/524"", ""DA_d2_heldout200b/615"", ""DA_d2_heldout200b/633"", ""DA_d2_heldout200b/773""]","[""DA_d2_heldout100/281"", ""DA_d2_heldout100/301"", ""DA_d2_heldout100/415"", ""DA_d2_heldout100/432"", ""DA_d2_heldout100/449"", ""DA_d2_heldout200b/548"", ""DA_d2_heldout200b/555"", ""DA_d2_heldout200b/579"", ""DA_d2_heldout200b/589"", ""DA_d2_heldout200b/591"", ""DA_d2_heldout200b/602"", ""DA_d2_heldout200b/681"", ""DA_d2_heldout200b/702"", ""DA_d2_heldout200b/713"", ""DA_d2_heldout200b/767"", ""DA_d2_seq100/214"", ""DA_d2_seq100/220"", ""DA_d2_seq100/227"", ""DA_d2_seq100/237"", ""DA_d2_seq100/241"", ""DA_d2_seq100/45"", ""DA_d2_seq100/59"", ""DA_d2_seq100/76""]",0.004631400108337402
E7b,exact_synonym,typed_relation,typed_vs_exact,primary,DA,legacy_chain,218,55,5,1,157,0.27522935779816515,0.25688073394495414,-0.01834862385321101,0.21875,"[-0.041284, 0.0]","[""DA_d2_heldout200b/498""]","[""DA_d2_heldout200b/549"", ""DA_d2_heldout200b/615"", ""DA_d2_heldout200b/633"", ""DA_d2_heldout200b/735"", ""DA_d2_heldout200b/773""]",0.21875
E7b,legacy_substring,exact_synonym,exact_vs_legacy,primary,DA,safe_exact,218,1,0,2,215,0.0045871559633027525,0.013761467889908258,0.009174311926605505,0.5,"[0.0, 0.022936]","[""DA_d2_heldout100/261"", ""DA_d2_heldout200b/638""]",[],1.0
E7b,exact_synonym,typed_relation,typed_vs_exact,primary,DA,safe_exact,218,3,0,0,215,0.013761467889908258,0.013761467889908258,0.0,1.0,"[0.0, 0.0]",[],[],1.0
E7b,legacy_substring,exact_synonym,exact_vs_legacy,primary,MCR,clinical_complete,182,36,3,10,133,0.21428571428571427,0.25274725274725274,0.038461538461538464,0.09228515625,"[0.0, 0.076923]","[""MCR_seq200b/310"", ""MCR_seq200b/345"", ""MCR_seq200b/383"", ""MCR_seq200b/388"", ""MCR_seq200b/407"", ""MCR_seq200b/438"", ""MCR_seq200b/464"", ""MCR_v1_seq100/12"", ""MCR_v2_seq100/162"", ""MCR_v2_seq100/173""]","[""MCR_seq200b/418"", ""MCR_v1_seq100/54"", ""MCR_v2_seq100/159""]",0.1845703125
E7b,exact_synonym,typed_relation,typed_vs_exact,primary,MCR,clinical_complete,182,45,1,3,133,0.25274725274725274,0.26373626373626374,0.01098901098901099,0.625,"[-0.010989, 0.032967]","[""MCR_seq200b/312"", ""MCR_v1_seq100/8"", ""MCR_v2_seq100/159""]","[""MCR_seq200b/326""]",0.625
E7b,legacy_substring,exact_synonym,exact_vs_legacy,primary,MCR,compatible_partial,182,21,12,8,141,0.1813186813186813,0.15934065934065933,-0.02197802197802198,0.5034446716308594,"[-0.071429, 0.027473]","[""MCR_seq200b/418"", ""MCR_seq200b/466"", ""MCR_seq200b/468"", ""MCR_v1_seq100/124"", ""MCR_v1_seq100/54"", ""MCR_v2_seq100/170"", ""MCR_v2_seq100/204"", ""MCR_v2_seq100/213""]","[""MCR_seq200b/310"", ""MCR_seq200b/345"", ""MCR_seq200b/362"", ""MCR_seq200b/383"", ""MCR_seq200b/388"", ""MCR_seq200b/407"", ""MCR_seq200b/423"", ""MCR_seq200b/438"", ""MCR_seq200b/464"", ""MCR_v1_seq100/12"", ""MCR_v2_seq100/173"", ""MCR_v2_seq100/179""]",1.0
E7b,exact_synonym,typed_relation,typed_vs_exact,primary,MCR,compatible_partial,182,28,1,2,151,0.15934065934065933,0.16483516483516483,0.005494505494505495,1.0,"[-0.010989, 0.027473]","[""MCR_v2_seq100/179"", ""MCR_v2_seq100/237""]","[""MCR_seq200b/468""]",1.0
E7b,legacy_substring,exact_synonym,exact_vs_legacy,primary,MCR,complete_or_compatible_partial,182,68,4,7,103,0.3956043956043956,0.41208791208791207,0.016483516483516484,0.548828125,"[-0.016484, 0.054945]","[""MCR_seq200b/466"", ""MCR_seq200b/468"", ""MCR_v1_seq100/124"", ""MCR_v2_seq100/162"", ""MCR_v2_seq100/170"", ""MCR_v2_seq100/204"", ""MCR_v2_seq100/213""]","[""MCR_seq200b/362"", ""MCR_seq200b/423"", ""MCR_v2_seq100/159"", ""MCR_v2_seq100/179""]",0.90625
E7b,exact_synonym,typed_relation,typed_vs_exact,primary,MCR,complete_or_compatible_partial,182,73,2,5,102,0.41208791208791207,0.42857142857142855,0.016483516483516484,0.453125,"[-0.010989, 0.043956]","[""MCR_seq200b/312"", ""MCR_v1_seq100/8"", ""MCR_v2_seq100/159"", ""MCR_v2_seq100/179"", ""MCR_v2_seq100/237""]","[""MCR_seq200b/326"", ""MCR_seq200b/468""]",0.90625
E7b,legacy_substring,exact_synonym,exact_vs_legacy,primary,MCR,legacy_chain,182,37,5,1,139,0.23076923076923078,0.2087912087912088,-0.02197802197802198,0.21875,"[-0.049451, 0.0]","[""MCR_v2_seq100/197""]","[""MCR_seq200b/362"", ""MCR_seq200b/388"", ""MCR_seq200b/438"", ""MCR_seq200b/469"", ""MCR_v2_seq100/159""]",0.4375
E7b,exact_synonym,typed_relation,typed_vs_exact,primary,MCR,legacy_chain,182,37,1,2,142,0.2087912087912088,0.21428571428571427,0.005494505494505495,1.0,"[-0.010989, 0.027473]","[""MCR_v2_seq100/159"", ""MCR_v2_seq100/237""]","[""MCR_seq200b/326""]",1.0
E7b,legacy_substring,exact_synonym,exact_vs_legacy,primary,MCR,safe_exact,182,19,5,6,152,0.13186813186813187,0.13736263736263737,0.005494505494505495,1.0,"[-0.027473, 0.038462]","[""MCR_seq200b/345"", ""MCR_seq200b/407"", ""MCR_seq200b/464"", ""MCR_v1_seq100/12"", ""MCR_v2_seq100/173"", ""MCR_v2_seq100/197""]","[""MCR_seq200b/416"", ""MCR_seq200b/418"", ""MCR_v1_seq100/54"", ""MCR_v2_seq100/159"", ""MCR_v2_seq100/236""]",1.0
E7b,exact_synonym,typed_relation,typed_vs_exact,primary,MCR,safe_exact,182,24,1,0,157,0.13736263736263737,0.13186813186813187,-0.005494505494505495,1.0,"[-0.016484, 0.0]",[],"[""MCR_seq200b/326""]",1.0
E7c,exact_control,generic_non_equivalence,generic_vs_exact,exploratory,ALL,clinical_complete,299,48,3,1,247,0.1705685618729097,0.16387959866220736,-0.006688963210702341,0.625,"[-0.020067, 0.006689]","[""MCR_seq200b/412""]","[""MCR_v1_seq100/8"", ""MCR_v2_seq100/159"", ""MCR_v2_seq100/205""]",0.625
E7c,exact_control,generic_non_equivalence,generic_vs_exact,exploratory,ALL,compatible_partial,299,113,7,8,171,0.4013377926421405,0.40468227424749165,0.0033444816053511705,1.0,"[-0.020067, 0.0301]","[""DA_d2_heldout100/310"", ""DA_d2_heldout100/361"", ""DA_d2_heldout200b/591"", ""DA_d2_seq100/164"", ""DA_d2_seq100/76"", ""MCR_seq200b/468"", ""MCR_v2_seq100/179"", ""MCR_v2_seq100/243""]","[""DA_d2_heldout100/398"", ""DA_d2_heldout200b/587"", ""DA_d2_heldout200b/652"", ""DA_d2_heldout200b/730"", ""DA_d2_heldout200b/763"", ""DA_d2_seq100/134"", ""MCR_seq200b/323""]",1.0
E7c,exact_control,generic_non_equivalence,generic_vs_exact,exploratory,ALL,complete_or_compatible_partial,299,161,10,9,119,0.5719063545150501,0.568561872909699,-0.0033444816053511705,1.0,"[-0.033445, 0.026756]","[""DA_d2_heldout100/310"", ""DA_d2_heldout100/361"", ""DA_d2_heldout200b/591"", ""DA_d2_seq100/164"", ""DA_d2_seq100/76"", ""MCR_seq200b/412"", ""MCR_seq200b/468"", ""MCR_v2_seq100/179"", ""MCR_v2_seq100/243""]","[""DA_d2_heldout100/398"", ""DA_d2_heldout200b/587"", ""DA_d2_heldout200b/652"", ""DA_d2_heldout200b/730"", ""DA_d2_heldout200b/763"", ""DA_d2_seq100/134"", ""MCR_seq200b/323"", ""MCR_v1_seq100/8"", ""MCR_v2_seq100/159"", ""MCR_v2_seq100/205""]",1.0
E7c,exact_control,generic_non_equivalence,generic_vs_exact,exploratory,ALL,legacy_chain,299,67,7,2,223,0.24749163879598662,0.23076923076923078,-0.016722408026755852,0.1796875,"[-0.036789, 0.0]","[""DA_d2_seq100/76"", ""MCR_seq200b/412""]","[""DA_d2_heldout100/398"", ""DA_d2_heldout200b/477"", ""DA_d2_heldout200b/615"", ""DA_d2_heldout200b/730"", ""MCR_seq200b/323"", ""MCR_v2_seq100/159"", ""MCR_v2_seq100/205""]",0.1796875
E7c,exact_control,generic_non_equivalence,generic_vs_exact,exploratory,ALL,safe_exact,299,20,1,1,277,0.07023411371237458,0.07023411371237458,0.0,1.0,"[-0.010033, 0.010033]","[""MCR_seq200b/412""]","[""MCR_v2_seq100/205""]",1.0
E7c,exact_control,generic_non_equivalence,generic_vs_exact,exploratory,DA,clinical_complete,167,17,0,0,150,0.10179640718562874,0.10179640718562874,0.0,1.0,"[0.0, 0.0]",[],[],1.0
E7c,exact_control,generic_non_equivalence,generic_vs_exact,exploratory,DA,compatible_partial,167,91,6,5,65,0.5808383233532934,0.5748502994011976,-0.005988023952095809,1.0,"[-0.041916, 0.035928]","[""DA_d2_heldout100/310"", ""DA_d2_heldout100/361"", ""DA_d2_heldout200b/591"", ""DA_d2_seq100/164"", ""DA_d2_seq100/76""]","[""DA_d2_heldout100/398"", ""DA_d2_heldout200b/587"", ""DA_d2_heldout200b/652"", ""DA_d2_heldout200b/730"", ""DA_d2_heldout200b/763"", ""DA_d2_seq100/134""]",1.0
E7c,exact_control,generic_non_equivalence,generic_vs_exact,exploratory,DA,complete_or_compatible_partial,167,108,6,5,48,0.6826347305389222,0.6766467065868264,-0.005988023952095809,1.0,"[-0.047904, 0.02994]","[""DA_d2_heldout100/310"", ""DA_d2_heldout100/361"", ""DA_d2_heldout200b/591"", ""DA_d2_seq100/164"", ""DA_d2_seq100/76""]","[""DA_d2_heldout100/398"", ""DA_d2_heldout200b/587"", ""DA_d2_heldout200b/652"", ""DA_d2_heldout200b/730"", ""DA_d2_heldout200b/763"", ""DA_d2_seq100/134""]",1.0
E7c,exact_control,generic_non_equivalence,generic_vs_exact,exploratory,DA,legacy_chain,167,40,4,1,122,0.2634730538922156,0.24550898203592814,-0.017964071856287425,0.375,"[-0.041916, 0.005988]","[""DA_d2_seq100/76""]","[""DA_d2_heldout100/398"", ""DA_d2_heldout200b/477"", ""DA_d2_heldout200b/615"", ""DA_d2_heldout200b/730""]",0.375
E7c,exact_control,generic_non_equivalence,generic_vs_exact,exploratory,DA,safe_exact,167,3,0,0,164,0.017964071856287425,0.017964071856287425,0.0,1.0,"[0.0, 0.0]",[],[],1.0
E7c,exact_control,generic_non_equivalence,generic_vs_exact,exploratory,MCR,clinical_complete,132,31,3,1,97,0.25757575757575757,0.24242424242424243,-0.015151515151515152,0.625,"[-0.045455, 0.015152]","[""MCR_seq200b/412""]","[""MCR_v1_seq100/8"", ""MCR_v2_seq100/159"", ""MCR_v2_seq100/205""]",0.625
E7c,exact_control,generic_non_equivalence,generic_vs_exact,exploratory,MCR,compatible_partial,132,22,1,3,106,0.17424242424242425,0.1893939393939394,0.015151515151515152,0.625,"[-0.015152, 0.045455]","[""MCR_seq200b/468"", ""MCR_v2_seq100/179"", ""MCR_v2_seq100/243""]","[""MCR_seq200b/323""]",0.625
E7c,exact_control,generic_non_equivalence,generic_vs_exact,exploratory,MCR,complete_or_compatible_partial,132,53,4,4,71,0.4318181818181818,0.4318181818181818,0.0,1.0,"[-0.037879, 0.037879]","[""MCR_seq200b/412"", ""MCR_seq200b/468"", ""MCR_v2_seq100/179"", ""MCR_v2_seq100/243""]","[""MCR_seq200b/323"", ""MCR_v1_seq100/8"", ""MCR_v2_seq100/159"", ""MCR_v2_seq100/205""]",1.0
E7c,exact_control,generic_non_equivalence,generic_vs_exact,exploratory,MCR,legacy_chain,132,27,3,1,101,0.22727272727272727,0.21212121212121213,-0.015151515151515152,0.625,"[-0.045455, 0.015152]","[""MCR_seq200b/412""]","[""MCR_seq200b/323"", ""MCR_v2_seq100/159"", ""MCR_v2_seq100/205""]",0.625
E7c,exact_control,generic_non_equivalence,generic_vs_exact,exploratory,MCR,safe_exact,132,17,1,1,113,0.13636363636363635,0.13636363636363635,0.0,1.0,"[-0.022727, 0.022727]","[""MCR_seq200b/412""]","[""MCR_v2_seq100/205""]",1.0
E7c,directional_relation,bounded_inheritance,bounded_vs_directional,primary,ALL,clinical_complete,299,47,3,2,247,0.16722408026755853,0.16387959866220736,-0.0033444816053511705,1.0,"[-0.016806, 0.010033]","[""MCR_seq200b/348"", ""MCR_v1_seq100/21""]","[""MCR_seq200b/326"", ""MCR_seq200b/345"", ""MCR_seq200b/451""]",1.0
E7c,exact_control,directional_relation,directional_vs_exact,primary,ALL,clinical_complete,299,48,3,2,246,0.1705685618729097,0.16722408026755853,-0.0033444816053511705,1.0,"[-0.016722, 0.010033]","[""MCR_seq200b/412"", ""MCR_seq200b/451""]","[""DA_d2_heldout200b/638"", ""MCR_seq200b/348"", ""MCR_v1_seq100/21""]",1.0
E7c,directional_relation,bounded_inheritance,bounded_vs_directional,primary,ALL,compatible_partial,299,114,5,10,170,0.3979933110367893,0.41471571906354515,0.016722408026755852,0.3017578125,"[-0.006689, 0.043478]","[""DA_d2_heldout200b/498"", ""DA_d2_heldout200b/567"", ""DA_d2_heldout200b/591"", ""DA_d2_heldout200b/735"", ""MCR_seq200b/345"", ""MCR_seq200b/451"", ""MCR_v1_seq100/114"", ""MCR_v1_seq100/28"", ""MCR_v2_seq100/179"", ""MCR_v2_seq100/204""]","[""DA_d2_heldout200b/583"", ""DA_d2_heldout200b/730"", ""DA_d2_heldout200b/732"", ""DA_d2_seq100/63"", ""MCR_v2_seq100/243""]",0.603515625
E7c,exact_control,directional_relation,directional_vs_exact,primary,ALL,compatible_partial,299,112,8,7,172,0.4013377926421405,0.3979933110367893,-0.0033444816053511705,1.0,"[-0.026756, 0.020067]","[""DA_d2_heldout100/310"", ""DA_d2_seq100/164"", ""DA_d2_seq100/63"", ""DA_d2_seq100/76"", ""MCR_seq200b/468"", ""MCR_v2_seq100/237"", ""MCR_v2_seq100/243""]","[""DA_d2_heldout200b/652"", ""DA_d2_heldout200b/735"", ""DA_d2_heldout200b/763"", ""DA_d2_seq100/57"", ""MCR_seq200b/323"", ""MCR_seq200b/451"", ""MCR_v2_seq100/170"", ""MCR_v2_seq100/204""]",1.0
E7c,directional_relation,bounded_inheritance,bounded_vs_directional,primary,ALL,complete_or_compatible_partial,299,163,6,10,120,0.5652173913043478,0.5785953177257525,0.013377926421404682,0.454498291015625,"[-0.013378, 0.040134]","[""DA_d2_heldout200b/498"", ""DA_d2_heldout200b/567"", ""DA_d2_heldout200b/591"", ""DA_d2_heldout200b/735"", ""MCR_seq200b/348"", ""MCR_v1_seq100/114"", ""MCR_v1_seq100/21"", ""MCR_v1_seq100/28"", ""MCR_v2_seq100/179"", ""MCR_v2_seq100/204""]","[""DA_d2_heldout200b/583"", ""DA_d2_heldout200b/730"", ""DA_d2_heldout200b/732"", ""DA_d2_seq100/63"", ""MCR_seq200b/326"", ""MCR_v2_seq100/243""]",0.90899658203125
E7c,exact_control,directional_relation,directional_vs_exact,primary,ALL,complete_or_compatible_partial,299,161,10,8,120,0.5719063545150501,0.5652173913043478,-0.006688963210702341,0.8145294189453125,"[-0.033445, 0.020067]","[""DA_d2_heldout100/310"", ""DA_d2_seq100/164"", ""DA_d2_seq100/63"", ""DA_d2_seq100/76"", ""MCR_seq200b/412"", ""MCR_seq200b/468"", ""MCR_v2_seq100/237"", ""MCR_v2_seq100/243""]","[""DA_d2_heldout200b/638"", ""DA_d2_heldout200b/652"", ""DA_d2_heldout200b/735"", ""DA_d2_heldout200b/763"", ""DA_d2_seq100/57"", ""MCR_seq200b/323"", ""MCR_seq200b/348"", ""MCR_v1_seq100/21"", ""MCR_v2_seq100/170"", ""MCR_v2_seq100/204""]",0.90899658203125
E7c,directional_relation,bounded_inheritance,bounded_vs_directional,primary,ALL,legacy_chain,299,67,3,8,221,0.23411371237458195,0.2508361204013378,0.016722408026755852,0.2265625,"[-0.003344, 0.040134]","[""DA_d2_heldout200b/477"", ""DA_d2_heldout200b/498"", ""DA_d2_heldout200b/735"", ""MCR_seq200b/348"", ""MCR_v1_seq100/21"", ""MCR_v1_seq100/28"", ""MCR_v2_seq100/179"", ""MCR_v2_seq100/237""]","[""DA_d2_heldout200b/553"", ""DA_d2_heldout200b/730"", ""MCR_seq200b/326""]",0.453125
E7c,exact_control,directional_relation,directional_vs_exact,primary,ALL,legacy_chain,299,67,7,3,222,0.24749163879598662,0.23411371237458195,-0.013377926421404682,0.34375,"[-0.033445, 0.006689]","[""DA_d2_heldout200b/461"", ""DA_d2_seq100/76"", ""MCR_seq200b/412""]","[""DA_d2_heldout200b/477"", ""DA_d2_heldout200b/615"", ""DA_d2_heldout200b/638"", ""DA_d2_heldout200b/735"", ""MCR_seq200b/323"", ""MCR_seq200b/348"", ""MCR_v1_seq100/21""]",0.453125
E7c,directional_relation,bounded_inheritance,bounded_vs_directional,primary,ALL,safe_exact,299,17,2,2,278,0.06354515050167224,0.06354515050167224,0.0,1.0,"[-0.013378, 0.013378]","[""MCR_seq200b/348"", ""MCR_v1_seq100/21""]","[""MCR_seq200b/326"", ""MCR_seq200b/345""]",1.0
E7c,exact_control,directional_relation,directional_vs_exact,primary,ALL,safe_exact,299,18,3,1,277,0.07023411371237458,0.06354515050167224,-0.006688963210702341,0.625,"[-0.020067, 0.006689]","[""MCR_seq200b/412""]","[""DA_d2_heldout200b/638"", ""MCR_seq200b/348"", ""MCR_v1_seq100/21""]",1.0
E7c,directional_relation,bounded_inheritance,bounded_vs_directional,primary,DA,clinical_complete,167,16,0,0,151,0.09580838323353294,0.09580838323353294,0.0,1.0,"[0.0, 0.0]",[],[],1.0
E7c,exact_control,directional_relation,directional_vs_exact,primary,DA,clinical_complete,167,16,1,0,150,0.10179640718562874,0.09580838323353294,-0.005988023952095809,1.0,"[-0.017964, 0.0]",[],"[""DA_d2_heldout200b/638""]",1.0
E7c,directional_relation,bounded_inheritance,bounded_vs_directional,primary,DA,compatible_partial,167,93,4,4,66,0.5808383233532934,0.5808383233532934,0.0,1.0,"[-0.035928, 0.035928]","[""DA_d2_heldout200b/498"", ""DA_d2_heldout200b/567"", ""DA_d2_heldout200b/591"", ""DA_d2_heldout200b/735""]","[""DA_d2_heldout200b/583"", ""DA_d2_heldout200b/730"", ""DA_d2_heldout200b/732"", ""DA_d2_seq100/63""]",1.0
E7c,exact_control,directional_relation,directional_vs_exact,primary,DA,compatible_partial,167,93,4,4,66,0.5808383233532934,0.5808383233532934,0.0,1.0,"[-0.035928, 0.02994]","[""DA_d2_heldout100/310"", ""DA_d2_seq100/164"", ""DA_d2_seq100/63"", ""DA_d2_seq100/76""]","[""DA_d2_heldout200b/652"", ""DA_d2_heldout200b/735"", ""DA_d2_heldout200b/763"", ""DA_d2_seq100/57""]",1.0
E7c,directional_relation,bounded_inheritance,bounded_vs_directional,primary,DA,complete_or_compatible_partial,167,109,4,4,50,0.6766467065868264,0.6766467065868264,0.0,1.0,"[-0.02994, 0.035928]","[""DA_d2_heldout200b/498"", ""DA_d2_heldout200b/567"", ""DA_d2_heldout200b/591"", ""DA_d2_heldout200b/735""]","[""DA_d2_heldout200b/583"", ""DA_d2_heldout200b/730"", ""DA_d2_heldout200b/732"", ""DA_d2_seq100/63""]",1.0
E7c,exact_control,directional_relation,directional_vs_exact,primary,DA,complete_or_compatible_partial,167,109,5,4,49,0.6826347305389222,0.6766467065868264,-0.005988023952095809,1.0,"[-0.041916, 0.02994]","[""DA_d2_heldout100/310"", ""DA_d2_seq100/164"", ""DA_d2_seq100/63"", ""DA_d2_seq100/76""]","[""DA_d2_heldout200b/638"", ""DA_d2_heldout200b/652"", ""DA_d2_heldout200b/735"", ""DA_d2_heldout200b/763"", ""DA_d2_seq100/57""]",1.0
E7c,directional_relation,bounded_inheritance,bounded_vs_directional,primary,DA,legacy_chain,167,40,2,3,122,0.25149700598802394,0.25748502994011974,0.005988023952095809,1.0,"[-0.017964, 0.02994]","[""DA_d2_heldout200b/477"", ""DA_d2_heldout200b/498"", ""DA_d2_heldout200b/735""]","[""DA_d2_heldout200b/553"", ""DA_d2_heldout200b/730""]",1.0
E7c,exact_control,directional_relation,directional_vs_exact,primary,DA,legacy_chain,167,40,4,2,121,0.2634730538922156,0.25149700598802394,-0.011976047904191617,0.6875,"[-0.041916, 0.017964]","[""DA_d2_heldout200b/461"", ""DA_d2_seq100/76""]","[""DA_d2_heldout200b/477"", ""DA_d2_heldout200b/615"", ""DA_d2_heldout200b/638"", ""DA_d2_heldout200b/735""]",1.0
E7c,directional_relation,bounded_inheritance,bounded_vs_directional,primary,DA,safe_exact,167,2,0,0,165,0.011976047904191617,0.011976047904191617,0.0,1.0,"[0.0, 0.0]",[],[],1.0
E7c,exact_control,directional_relation,directional_vs_exact,primary,DA,safe_exact,167,2,1,0,164,0.017964071856287425,0.011976047904191617,-0.005988023952095809,1.0,"[-0.017964, 0.0]",[],"[""DA_d2_heldout200b/638""]",1.0
E7c,directional_relation,bounded_inheritance,bounded_vs_directional,primary,MCR,clinical_complete,132,31,3,2,96,0.25757575757575757,0.25,-0.007575757575757576,1.0,"[-0.037879, 0.022727]","[""MCR_seq200b/348"", ""MCR_v1_seq100/21""]","[""MCR_seq200b/326"", ""MCR_seq200b/345"", ""MCR_seq200b/451""]",1.0
E7c,exact_control,directional_relation,directional_vs_exact,primary,MCR,clinical_complete,132,32,2,2,96,0.25757575757575757,0.25757575757575757,0.0,1.0,"[-0.030303, 0.030303]","[""MCR_seq200b/412"", ""MCR_seq200b/451""]","[""MCR_seq200b/348"", ""MCR_v1_seq100/21""]",1.0
E7c,directional_relation,bounded_inheritance,bounded_vs_directional,primary,MCR,compatible_partial,132,21,1,6,104,0.16666666666666666,0.20454545454545456,0.03787878787878788,0.125,"[0.0, 0.075758]","[""MCR_seq200b/345"", ""MCR_seq200b/451"", ""MCR_v1_seq100/114"", ""MCR_v1_seq100/28"", ""MCR_v2_seq100/179"", ""MCR_v2_seq100/204""]","[""MCR_v2_seq100/243""]",0.25
E7c,exact_control,directional_relation,directional_vs_exact,primary,MCR,compatible_partial,132,19,4,3,106,0.17424242424242425,0.16666666666666666,-0.007575757575757576,1.0,"[-0.045455, 0.030303]","[""MCR_seq200b/468"", ""MCR_v2_seq100/237"", ""MCR_v2_seq100/243""]","[""MCR_seq200b/323"", ""MCR_seq200b/451"", ""MCR_v2_seq100/170"", ""MCR_v2_seq100/204""]",1.0
E7c,directional_relation,bounded_inheritance,bounded_vs_directional,primary,MCR,complete_or_compatible_partial,132,54,2,6,70,0.42424242424242425,0.45454545454545453,0.030303030303030304,0.2890625,"[-0.007576, 0.075758]","[""MCR_seq200b/348"", ""MCR_v1_seq100/114"", ""MCR_v1_seq100/21"", ""MCR_v1_seq100/28"", ""MCR_v2_seq100/179"", ""MCR_v2_seq100/204""]","[""MCR_seq200b/326"", ""MCR_v2_seq100/243""]",0.578125
E7c,exact_control,directional_relation,directional_vs_exact,primary,MCR,complete_or_compatible_partial,132,52,5,4,71,0.4318181818181818,0.42424242424242425,-0.007575757575757576,1.0,"[-0.05303, 0.037879]","[""MCR_seq200b/412"", ""MCR_seq200b/468"", ""MCR_v2_seq100/237"", ""MCR_v2_seq100/243""]","[""MCR_seq200b/323"", ""MCR_seq200b/348"", ""MCR_v1_seq100/21"", ""MCR_v2_seq100/170"", ""MCR_v2_seq100/204""]",1.0
E7c,directional_relation,bounded_inheritance,bounded_vs_directional,primary,MCR,legacy_chain,132,27,1,5,99,0.21212121212121213,0.24242424242424243,0.030303030303030304,0.21875,"[0.0, 0.068182]","[""MCR_seq200b/348"", ""MCR_v1_seq100/21"", ""MCR_v1_seq100/28"", ""MCR_v2_seq100/179"", ""MCR_v2_seq100/237""]","[""MCR_seq200b/326""]",0.4375
E7c,exact_control,directional_relation,directional_vs_exact,primary,MCR,legacy_chain,132,27,3,1,101,0.22727272727272727,0.21212121212121213,-0.015151515151515152,0.625,"[-0.045455, 0.015152]","[""MCR_seq200b/412""]","[""MCR_seq200b/323"", ""MCR_seq200b/348"", ""MCR_v1_seq100/21""]",0.625
E7c,directional_relation,bounded_inheritance,bounded_vs_directional,primary,MCR,safe_exact,132,15,2,2,113,0.12878787878787878,0.12878787878787878,0.0,1.0,"[-0.030303, 0.030303]","[""MCR_seq200b/348"", ""MCR_v1_seq100/21""]","[""MCR_seq200b/326"", ""MCR_seq200b/345""]",1.0
E7c,exact_control,directional_relation,directional_vs_exact,primary,MCR,safe_exact,132,16,2,1,113,0.13636363636363635,0.12878787878787878,-0.007575757575757576,1.0,"[-0.030303, 0.015152]","[""MCR_seq200b/412""]","[""MCR_seq200b/348"", ""MCR_v1_seq100/21""]",1.0
E8,time_scope_soft_veto,time_scope_soft_invalid_time,invalid_vs_soft,primary,ALL,clinical_complete,220,23,12,2,183,0.1590909090909091,0.11363636363636363,-0.045454545454545456,0.012939453125,"[-0.077273, -0.013636]","[""MCR_seq200b/442"", ""MCR_seq200b/470""]","[""DA_d2_heldout100/314"", ""DA_d2_heldout100/334"", ""DA_d2_heldout200b/653"", ""DA_d2_heldout200b/740"", ""MCR_seq200b/283"", ""MCR_seq200b/334"", ""MCR_seq200b/336"", ""MCR_seq200b/383"", ""MCR_seq200b/441"", ""MCR_v1_seq100/50"", ""MCR_v1_seq100/67"", ""MCR_v1_seq100/69""]",0.038818359375
E8,time_scope_soft_veto,time_scope_soft_legal_order,legal_vs_soft,primary,ALL,clinical_complete,220,27,8,4,181,0.1590909090909091,0.1409090909090909,-0.01818181818181818,0.3876953125,"[-0.05, 0.013636]","[""DA_d2_heldout200b/486"", ""MCR_seq200b/339"", ""MCR_seq200b/442"", ""MCR_seq200b/470""]","[""DA_d2_heldout200b/653"", ""DA_d2_seq100/186"", ""MCR_seq200b/251"", ""MCR_seq200b/283"", ""MCR_seq200b/345"", ""MCR_v1_seq100/11"", ""MCR_v1_seq100/45"", ""MCR_v2_seq100/178""]",0.775390625
E8,atemporal_hard_veto,time_scope_soft_veto,soft_vs_hard,primary,ALL,clinical_complete,220,26,5,9,180,0.1409090909090909,0.1590909090909091,0.01818181818181818,0.4239501953125,"[-0.013636, 0.05]","[""DA_d2_heldout200b/653"", ""DA_d2_seq100/87"", ""MCR_seq200b/251"", ""MCR_seq200b/334"", ""MCR_seq200b/336"", ""MCR_seq200b/345"", ""MCR_seq200b/374"", ""MCR_v1_seq100/11"", ""MCR_v2_seq100/174""]","[""MCR_seq200b/294"", ""MCR_seq200b/339"", ""MCR_seq200b/442"", ""MCR_seq200b/470"", ""MCR_v2_seq100/220""]",0.775390625
E8,time_scope_soft_veto,time_scope_soft_invalid_time,invalid_vs_soft,primary,ALL,compatible_partial,220,37,25,2,156,0.2818181818181818,0.17727272727272728,-0.10454545454545454,5.647540092468262e-06,"[-0.15, -0.063636]","[""DA_d2_heldout200b/473"", ""MCR_seq200b/336""]","[""DA_d2_heldout100/255"", ""DA_d2_heldout100/289"", ""DA_d2_heldout100/330"", ""DA_d2_heldout100/368"", ""DA_d2_heldout100/415"", ""DA_d2_heldout200b/472"", ""DA_d2_heldout200b/485"", ""DA_d2_heldout200b/497"", ""DA_d2_heldout200b/501"", ""DA_d2_heldout200b/523"", ""DA_d2_heldout200b/548"", ""DA_d2_heldout200b/577"", ""DA_d2_heldout200b/587"", ""DA_d2_heldout200b/636"", ""DA_d2_heldout200b/666"", ""DA_d2_heldout200b/678"", ""DA_d2_heldout200b/736"", ""DA_d2_heldout200b/758"", ""DA_d2_seq100/118"", ""DA_d2_seq100/132"", ""DA_d2_seq100/57"", ""DA_d2_seq100/59"", ""MCR_seq200b/339"", ""MCR_v1_seq100/68"", ""MCR_v2_seq100/241""]",1.6942620277404785e-05
E8,time_scope_soft_veto,time_scope_soft_legal_order,legal_vs_soft,primary,ALL,compatible_partial,220,56,6,8,150,0.2818181818181818,0.2909090909090909,0.00909090909090909,0.79052734375,"[-0.022727, 0.040909]","[""DA_d2_heldout200b/473"", ""DA_d2_heldout200b/530"", ""DA_d2_heldout200b/563"", ""DA_d2_heldout200b/582"", ""DA_d2_heldout200b/766"", ""MCR_seq200b/251"", ""MCR_seq200b/345"", ""MCR_v1_seq100/112""]","[""DA_d2_heldout100/368"", ""DA_d2_heldout200b/486"", ""DA_d2_heldout200b/501"", ""DA_d2_heldout200b/758"", ""MCR_seq200b/339"", ""MCR_v1_seq100/6""]",1.0
E8,atemporal_hard_veto,time_scope_soft_veto,soft_vs_hard,primary,ALL,compatible_partial,220,46,15,16,143,0.2772727272727273,0.2818181818181818,0.004545454545454545,1.0,"[-0.045455, 0.054545]","[""DA_d2_heldout100/329"", ""DA_d2_heldout100/368"", ""DA_d2_heldout200b/486"", ""DA_d2_heldout200b/523"", ""DA_d2_heldout200b/596"", ""DA_d2_heldout200b/652"", ""DA_d2_heldout200b/721"", ""DA_d2_heldout200b/736"", ""DA_d2_heldout200b/746"", ""DA_d2_heldout200b/758"", ""DA_d2_seq100/15"", ""DA_d2_seq100/57"", ""MCR_seq200b/294"", ""MCR_seq200b/339"", ""MCR_seq200b/469"", ""MCR_v1_seq100/6""]","[""DA_d2_heldout200b/507"", ""DA_d2_heldout200b/530"", ""DA_d2_heldout200b/574"", ""DA_d2_heldout200b/619"", ""DA_d2_heldout200b/676"", ""DA_d2_heldout200b/773"", ""DA_d2_seq100/205"", ""DA_d2_seq100/21"", ""DA_d2_seq100/242"", ""DA_d2_seq100/87"", ""MCR_seq200b/251"", ""MCR_seq200b/336"", ""MCR_seq200b/345"", ""MCR_v2_seq100/196"", ""MCR_v2_seq100/244""]",1.0
E8,time_scope_soft_veto,time_scope_soft_invalid_time,invalid_vs_soft,primary,ALL,complete_or_compatible_partial,220,61,36,3,120,0.4409090909090909,0.2909090909090909,-0.15,3.608874976634979e-08,"[-0.204545, -0.1]","[""DA_d2_heldout200b/473"", ""MCR_seq200b/442"", ""MCR_seq200b/470""]","[""DA_d2_heldout100/255"", ""DA_d2_heldout100/289"", ""DA_d2_heldout100/314"", ""DA_d2_heldout100/330"", ""DA_d2_heldout100/334"", ""DA_d2_heldout100/368"", ""DA_d2_heldout100/415"", ""DA_d2_heldout200b/472"", ""DA_d2_heldout200b/485"", ""DA_d2_heldout200b/497"", ""DA_d2_heldout200b/501"", ""DA_d2_heldout200b/523"", ""DA_d2_heldout200b/548"", ""DA_d2_heldout200b/577"", ""DA_d2_heldout200b/587"", ""DA_d2_heldout200b/636"", ""DA_d2_heldout200b/653"", ""DA_d2_heldout200b/666"", ""DA_d2_heldout200b/678"", ""DA_d2_heldout200b/736"", ""DA_d2_heldout200b/740"", ""DA_d2_heldout200b/758"", ""DA_d2_seq100/118"", ""DA_d2_seq100/132"", ""DA_d2_seq100/57"", ""DA_d2_seq100/59"", ""MCR_seq200b/283"", ""MCR_seq200b/334"", ""MCR_seq200b/339"", ""MCR_seq200b/383"", ""MCR_seq200b/441"", ""MCR_v1_seq100/50"", ""MCR_v1_seq100/67"", ""MCR_v1_seq100/68"", ""MCR_v1_seq100/69"", ""MCR_v2_seq100/241""]",1.0826624929904938e-07
E8,time_scope_soft_veto,time_scope_soft_legal_order,legal_vs_soft,primary,ALL,complete_or_compatible_partial,220,87,10,8,115,0.4409090909090909,0.4318181818181818,-0.00909090909090909,0.8145294189453125,"[-0.045455, 0.027273]","[""DA_d2_heldout200b/473"", ""DA_d2_heldout200b/530"", ""DA_d2_heldout200b/563"", ""DA_d2_heldout200b/582"", ""DA_d2_heldout200b/766"", ""MCR_seq200b/442"", ""MCR_seq200b/470"", ""MCR_v1_seq100/112""]","[""DA_d2_heldout100/368"", ""DA_d2_heldout200b/501"", ""DA_d2_heldout200b/653"", ""DA_d2_heldout200b/758"", ""DA_d2_seq100/186"", ""MCR_seq200b/283"", ""MCR_v1_seq100/11"", ""MCR_v1_seq100/45"", ""MCR_v1_seq100/6"", ""MCR_v2_seq100/178""]",0.9737004833295941
E8,atemporal_hard_veto,time_scope_soft_veto,soft_vs_hard,primary,ALL,complete_or_compatible_partial,220,78,14,19,109,0.41818181818181815,0.4409090909090909,0.022727272727272728,0.48685024166479707,"[-0.027273, 0.072727]","[""DA_d2_heldout100/329"", ""DA_d2_heldout100/368"", ""DA_d2_heldout200b/486"", ""DA_d2_heldout200b/523"", ""DA_d2_heldout200b/596"", ""DA_d2_heldout200b/652"", ""DA_d2_heldout200b/653"", ""DA_d2_heldout200b/721"", ""DA_d2_heldout200b/736"", ""DA_d2_heldout200b/746"", ""DA_d2_heldout200b/758"", ""DA_d2_seq100/15"", ""DA_d2_seq100/57"", ""MCR_seq200b/334"", ""MCR_seq200b/374"", ""MCR_seq200b/469"", ""MCR_v1_seq100/11"", ""MCR_v1_seq100/6"", ""MCR_v2_seq100/174""]","[""DA_d2_heldout200b/507"", ""DA_d2_heldout200b/530"", ""DA_d2_heldout200b/574"", ""DA_d2_heldout200b/619"", ""DA_d2_heldout200b/676"", ""DA_d2_heldout200b/773"", ""DA_d2_seq100/205"", ""DA_d2_seq100/21"", ""DA_d2_seq100/242"", ""MCR_seq200b/442"", ""MCR_seq200b/470"", ""MCR_v2_seq100/196"", ""MCR_v2_seq100/220"", ""MCR_v2_seq100/244""]",0.9737004833295941
E8,time_scope_soft_veto,time_scope_soft_invalid_time,invalid_vs_soft,primary,ALL,legacy_chain,220,27,19,1,173,0.20909090909090908,0.12727272727272726,-0.08181818181818182,4.00543212890625e-05,"[-0.122727, -0.045455]","[""MCR_seq200b/470""]","[""DA_d2_heldout100/314"", ""DA_d2_heldout100/334"", ""DA_d2_heldout100/368"", ""DA_d2_heldout100/415"", ""DA_d2_heldout200b/485"", ""DA_d2_heldout200b/500"", ""DA_d2_heldout200b/523"", ""DA_d2_heldout200b/548"", ""DA_d2_heldout200b/577"", ""DA_d2_heldout200b/653"", ""DA_d2_heldout200b/666"", ""DA_d2_heldout200b/678"", ""MCR_seq200b/283"", ""MCR_seq200b/334"", ""MCR_seq200b/336"", ""MCR_seq200b/383"", ""MCR_seq200b/441"", ""MCR_v1_seq100/50"", ""MCR_v1_seq100/69""]",0.0001201629638671875
E8,time_scope_soft_veto,time_scope_soft_legal_order,legal_vs_soft,primary,ALL,legacy_chain,220,39,7,7,167,0.20909090909090908,0.20909090909090908,0.0,1.0,"[-0.031818, 0.031818]","[""DA_d2_heldout200b/486"", ""DA_d2_heldout200b/497"", ""DA_d2_heldout200b/536"", ""DA_d2_heldout200b/582"", ""DA_d2_heldout200b/766"", ""MCR_seq200b/339"", ""MCR_seq200b/470""]","[""DA_d2_heldout100/368"", ""DA_d2_heldout200b/500"", ""DA_d2_heldout200b/653"", ""MCR_seq200b/283"", ""MCR_v1_seq100/11"", ""MCR_v1_seq100/45"", ""MCR_v2_seq100/178""]",1.0
E8,atemporal_hard_veto,time_scope_soft_veto,soft_vs_hard,primary,ALL,legacy_chain,220,33,8,13,166,0.18636363636363637,0.20909090909090908,0.022727272727272728,0.38331031799316406,"[-0.018182, 0.063636]","[""DA_d2_heldout100/314"", ""DA_d2_heldout100/368"", ""DA_d2_heldout200b/500"", ""DA_d2_heldout200b/523"", ""DA_d2_heldout200b/596"", ""DA_d2_heldout200b/653"", ""DA_d2_seq100/15"", ""DA_d2_seq100/87"", ""MCR_seq200b/334"", ""MCR_seq200b/336"", ""MCR_seq200b/374"", ""MCR_v1_seq100/11"", ""MCR_v2_seq100/174""]","[""DA_d2_heldout100/281"", ""DA_d2_heldout200b/536"", ""DA_d2_heldout200b/574"", ""DA_d2_heldout200b/687"", ""DA_d2_seq100/242"", ""MCR_seq200b/339"", ""MCR_seq200b/470"", ""MCR_v2_seq100/220""]",0.7666206359863281
E8,time_scope_soft_veto,time_scope_soft_invalid_time,invalid_vs_soft,primary,ALL,safe_exact,220,14,8,1,197,0.1,0.06818181818181818,-0.031818181818181815,0.0390625,"[-0.059091, -0.004545]","[""MCR_seq200b/470""]","[""DA_d2_heldout100/334"", ""MCR_seq200b/283"", ""MCR_seq200b/334"", ""MCR_seq200b/336"", ""MCR_seq200b/383"", ""MCR_seq200b/441"", ""MCR_v1_seq100/50"", ""MCR_v1_seq100/69""]",0.1171875
E8,time_scope_soft_veto,time_scope_soft_legal_order,legal_vs_soft,primary,ALL,safe_exact,220,19,3,2,196,0.1,0.09545454545454546,-0.004545454545454545,1.0,"[-0.022727, 0.013636]","[""DA_d2_heldout200b/486"", ""MCR_seq200b/470""]","[""MCR_seq200b/283"", ""MCR_seq200b/345"", ""MCR_v2_seq100/178""]",1.0
E8,atemporal_hard_veto,time_scope_soft_veto,soft_vs_hard,primary,ALL,safe_exact,220,16,2,6,196,0.08181818181818182,0.1,0.01818181818181818,0.2890625,"[-0.004545, 0.045455]","[""DA_d2_seq100/87"", ""MCR_seq200b/334"", ""MCR_seq200b/336"", ""MCR_seq200b/345"", ""MCR_seq200b/374"", ""MCR_v2_seq100/174""]","[""MCR_seq200b/470"", ""MCR_v2_seq100/220""]",0.578125
E8,time_scope_soft_veto,time_scope_soft_invalid_time,invalid_vs_soft,primary,DA,clinical_complete,110,4,4,0,102,0.07272727272727272,0.03636363636363636,-0.03636363636363636,0.125,"[-0.072727, -0.009091]",[],"[""DA_d2_heldout100/314"", ""DA_d2_heldout100/334"", ""DA_d2_heldout200b/653"", ""DA_d2_heldout200b/740""]",0.375
E8,time_scope_soft_veto,time_scope_soft_legal_order,legal_vs_soft,primary,DA,clinical_complete,110,6,2,1,101,0.07272727272727272,0.06363636363636363,-0.00909090909090909,1.0,"[-0.045455, 0.018182]","[""DA_d2_heldout200b/486""]","[""DA_d2_heldout200b/653"", ""DA_d2_seq100/186""]",1.0
E8,atemporal_hard_veto,time_scope_soft_veto,soft_vs_hard,primary,DA,clinical_complete,110,6,0,2,102,0.05454545454545454,0.07272727272727272,0.01818181818181818,0.5,"[0.0, 0.045455]","[""DA_d2_heldout200b/653"", ""DA_d2_seq100/87""]",[],1.0
E8,time_scope_soft_veto,time_scope_soft_invalid_time,invalid_vs_soft,primary,DA,compatible_partial,110,26,22,1,61,0.43636363636363634,0.24545454545454545,-0.19090909090909092,5.7220458984375e-06,"[-0.272727, -0.118182]","[""DA_d2_heldout200b/473""]","[""DA_d2_heldout100/255"", ""DA_d2_heldout100/289"", ""DA_d2_heldout100/330"", ""DA_d2_heldout100/368"", ""DA_d2_heldout100/415"", ""DA_d2_heldout200b/472"", ""DA_d2_heldout200b/485"", ""DA_d2_heldout200b/497"", ""DA_d2_heldout200b/501"", ""DA_d2_heldout200b/523"", ""DA_d2_heldout200b/548"", ""DA_d2_heldout200b/577"", ""DA_d2_heldout200b/587"", ""DA_d2_heldout200b/636"", ""DA_d2_heldout200b/666"", ""DA_d2_heldout200b/678"", ""DA_d2_heldout200b/736"", ""DA_d2_heldout200b/758"", ""DA_d2_seq100/118"", ""DA_d2_seq100/132"", ""DA_d2_seq100/57"", ""DA_d2_seq100/59""]",1.71661376953125e-05
E8,time_scope_soft_veto,time_scope_soft_legal_order,legal_vs_soft,primary,DA,compatible_partial,110,44,4,5,57,0.43636363636363634,0.44545454545454544,0.00909090909090909,1.0,"[-0.045455, 0.063636]","[""DA_d2_heldout200b/473"", ""DA_d2_heldout200b/530"", ""DA_d2_heldout200b/563"", ""DA_d2_heldout200b/582"", ""DA_d2_heldout200b/766""]","[""DA_d2_heldout100/368"", ""DA_d2_heldout200b/486"", ""DA_d2_heldout200b/501"", ""DA_d2_heldout200b/758""]",1.0
E8,atemporal_hard_veto,time_scope_soft_veto,soft_vs_hard,primary,DA,compatible_partial,110,36,10,12,52,0.41818181818181815,0.43636363636363634,0.01818181818181818,0.8318119049072266,"[-0.063636, 0.1]","[""DA_d2_heldout100/329"", ""DA_d2_heldout100/368"", ""DA_d2_heldout200b/486"", ""DA_d2_heldout200b/523"", ""DA_d2_heldout200b/596"", ""DA_d2_heldout200b/652"", ""DA_d2_heldout200b/721"", ""DA_d2_heldout200b/736"", ""DA_d2_heldout200b/746"", ""DA_d2_heldout200b/758"", ""DA_d2_seq100/15"", ""DA_d2_seq100/57""]","[""DA_d2_heldout200b/507"", ""DA_d2_heldout200b/530"", ""DA_d2_heldout200b/574"", ""DA_d2_heldout200b/619"", ""DA_d2_heldout200b/676"", ""DA_d2_heldout200b/773"", ""DA_d2_seq100/205"", ""DA_d2_seq100/21"", ""DA_d2_seq100/242"", ""DA_d2_seq100/87""]",1.0
E8,time_scope_soft_veto,time_scope_soft_invalid_time,invalid_vs_soft,primary,DA,complete_or_compatible_partial,110,30,26,1,53,0.509090909090909,0.2818181818181818,-0.22727272727272727,4.172325134277344e-07,"[-0.309091, -0.145455]","[""DA_d2_heldout200b/473""]","[""DA_d2_heldout100/255"", ""DA_d2_heldout100/289"", ""DA_d2_heldout100/314"", ""DA_d2_heldout100/330"", ""DA_d2_heldout100/334"", ""DA_d2_heldout100/368"", ""DA_d2_heldout100/415"", ""DA_d2_heldout200b/472"", ""DA_d2_heldout200b/485"", ""DA_d2_heldout200b/497"", ""DA_d2_heldout200b/501"", ""DA_d2_heldout200b/523"", ""DA_d2_heldout200b/548"", ""DA_d2_heldout200b/577"", ""DA_d2_heldout200b/587"", ""DA_d2_heldout200b/636"", ""DA_d2_heldout200b/653"", ""DA_d2_heldout200b/666"", ""DA_d2_heldout200b/678"", ""DA_d2_heldout200b/736"", ""DA_d2_heldout200b/740"", ""DA_d2_heldout200b/758"", ""DA_d2_seq100/118"", ""DA_d2_seq100/132"", ""DA_d2_seq100/57"", ""DA_d2_seq100/59""]",1.2516975402832031e-06
E8,time_scope_soft_veto,time_scope_soft_legal_order,legal_vs_soft,primary,DA,complete_or_compatible_partial,110,51,5,5,49,0.509090909090909,0.509090909090909,0.0,1.0,"[-0.054545, 0.054545]","[""DA_d2_heldout200b/473"", ""DA_d2_heldout200b/530"", ""DA_d2_heldout200b/563"", ""DA_d2_heldout200b/582"", ""DA_d2_heldout200b/766""]","[""DA_d2_heldout100/368"", ""DA_d2_heldout200b/501"", ""DA_d2_heldout200b/653"", ""DA_d2_heldout200b/758"", ""DA_d2_seq100/186""]",1.0
E8,atemporal_hard_veto,time_scope_soft_veto,soft_vs_hard,primary,DA,complete_or_compatible_partial,110,43,9,13,45,0.4727272727272727,0.509090909090909,0.03636363636363636,0.5234670639038086,"[-0.045455, 0.118182]","[""DA_d2_heldout100/329"", ""DA_d2_heldout100/368"", ""DA_d2_heldout200b/486"", ""DA_d2_heldout200b/523"", ""DA_d2_heldout200b/596"", ""DA_d2_heldout200b/652"", ""DA_d2_heldout200b/653"", ""DA_d2_heldout200b/721"", ""DA_d2_heldout200b/736"", ""DA_d2_heldout200b/746"", ""DA_d2_heldout200b/758"", ""DA_d2_seq100/15"", ""DA_d2_seq100/57""]","[""DA_d2_heldout200b/507"", ""DA_d2_heldout200b/530"", ""DA_d2_heldout200b/574"", ""DA_d2_heldout200b/619"", ""DA_d2_heldout200b/676"", ""DA_d2_heldout200b/773"", ""DA_d2_seq100/205"", ""DA_d2_seq100/21"", ""DA_d2_seq100/242""]",1.0
E8,time_scope_soft_veto,time_scope_soft_invalid_time,invalid_vs_soft,primary,DA,legacy_chain,110,8,12,0,90,0.18181818181818182,0.07272727272727272,-0.10909090909090909,0.00048828125,"[-0.172727, -0.054545]",[],"[""DA_d2_heldout100/314"", ""DA_d2_heldout100/334"", ""DA_d2_heldout100/368"", ""DA_d2_heldout100/415"", ""DA_d2_heldout200b/485"", ""DA_d2_heldout200b/500"", ""DA_d2_heldout200b/523"", ""DA_d2_heldout200b/548"", ""DA_d2_heldout200b/577"", ""DA_d2_heldout200b/653"", ""DA_d2_heldout200b/666"", ""DA_d2_heldout200b/678""]",0.00146484375
E8,time_scope_soft_veto,time_scope_soft_legal_order,legal_vs_soft,primary,DA,legacy_chain,110,17,3,5,85,0.18181818181818182,0.2,0.01818181818181818,0.7265625,"[-0.027273, 0.072727]","[""DA_d2_heldout200b/486"", ""DA_d2_heldout200b/497"", ""DA_d2_heldout200b/536"", ""DA_d2_heldout200b/582"", ""DA_d2_heldout200b/766""]","[""DA_d2_heldout100/368"", ""DA_d2_heldout200b/500"", ""DA_d2_heldout200b/653""]",1.0
E8,atemporal_hard_veto,time_scope_soft_veto,soft_vs_hard,primary,DA,legacy_chain,110,12,5,8,85,0.15454545454545454,0.18181818181818182,0.02727272727272727,0.5810546875,"[-0.036364, 0.090909]","[""DA_d2_heldout100/314"", ""DA_d2_heldout100/368"", ""DA_d2_heldout200b/500"", ""DA_d2_heldout200b/523"", ""DA_d2_heldout200b/596"", ""DA_d2_heldout200b/653"", ""DA_d2_seq100/15"", ""DA_d2_seq100/87""]","[""DA_d2_heldout100/281"", ""DA_d2_heldout200b/536"", ""DA_d2_heldout200b/574"", ""DA_d2_heldout200b/687"", ""DA_d2_seq100/242""]",1.0
E8,time_scope_soft_veto,time_scope_soft_invalid_time,invalid_vs_soft,primary,DA,safe_exact,110,2,1,0,107,0.02727272727272727,0.01818181818181818,-0.00909090909090909,1.0,"[-0.027273, 0.0]",[],"[""DA_d2_heldout100/334""]",1.0
E8,time_scope_soft_veto,time_scope_soft_legal_order,legal_vs_soft,primary,DA,safe_exact,110,3,0,1,106,0.02727272727272727,0.03636363636363636,0.00909090909090909,1.0,"[0.0, 0.027273]","[""DA_d2_heldout200b/486""]",[],1.0
E8,atemporal_hard_veto,time_scope_soft_veto,soft_vs_hard,primary,DA,safe_exact,110,2,0,1,107,0.01818181818181818,0.02727272727272727,0.00909090909090909,1.0,"[0.0, 0.027273]","[""DA_d2_seq100/87""]",[],1.0
E8,time_scope_soft_veto,time_scope_soft_invalid_time,invalid_vs_soft,primary,MCR,clinical_complete,110,19,8,2,81,0.24545454545454545,0.19090909090909092,-0.05454545454545454,0.109375,"[-0.109091, 0.0]","[""MCR_seq200b/442"", ""MCR_seq200b/470""]","[""MCR_seq200b/283"", ""MCR_seq200b/334"", ""MCR_seq200b/336"", ""MCR_seq200b/383"", ""MCR_seq200b/441"", ""MCR_v1_seq100/50"", ""MCR_v1_seq100/67"", ""MCR_v1_seq100/69""]",0.328125
E8,time_scope_soft_veto,time_scope_soft_legal_order,legal_vs_soft,primary,MCR,clinical_complete,110,21,6,3,80,0.24545454545454545,0.21818181818181817,-0.02727272727272727,0.5078125,"[-0.081818, 0.027273]","[""MCR_seq200b/339"", ""MCR_seq200b/442"", ""MCR_seq200b/470""]","[""MCR_seq200b/251"", ""MCR_seq200b/283"", ""MCR_seq200b/345"", ""MCR_v1_seq100/11"", ""MCR_v1_seq100/45"", ""MCR_v2_seq100/178""]",1.0
E8,atemporal_hard_veto,time_scope_soft_veto,soft_vs_hard,primary,MCR,clinical_complete,110,20,5,7,78,0.22727272727272727,0.24545454545454545,0.01818181818181818,0.7744140625,"[-0.036364, 0.081818]","[""MCR_seq200b/251"", ""MCR_seq200b/334"", ""MCR_seq200b/336"", ""MCR_seq200b/345"", ""MCR_seq200b/374"", ""MCR_v1_seq100/11"", ""MCR_v2_seq100/174""]","[""MCR_seq200b/294"", ""MCR_seq200b/339"", ""MCR_seq200b/442"", ""MCR_seq200b/470"", ""MCR_v2_seq100/220""]",1.0
E8,time_scope_soft_veto,time_scope_soft_invalid_time,invalid_vs_soft,primary,MCR,compatible_partial,110,11,3,1,95,0.12727272727272726,0.10909090909090909,-0.01818181818181818,0.625,"[-0.054545, 0.018182]","[""MCR_seq200b/336""]","[""MCR_seq200b/339"", ""MCR_v1_seq100/68"", ""MCR_v2_seq100/241""]",1.0
E8,time_scope_soft_veto,time_scope_soft_legal_order,legal_vs_soft,primary,MCR,compatible_partial,110,12,2,3,93,0.12727272727272726,0.13636363636363635,0.00909090909090909,1.0,"[-0.027273, 0.054545]","[""MCR_seq200b/251"", ""MCR_seq200b/345"", ""MCR_v1_seq100/112""]","[""MCR_seq200b/339"", ""MCR_v1_seq100/6""]",1.0
E8,atemporal_hard_veto,time_scope_soft_veto,soft_vs_hard,primary,MCR,compatible_partial,110,10,5,4,91,0.13636363636363635,0.12727272727272726,-0.00909090909090909,1.0,"[-0.063636, 0.045455]","[""MCR_seq200b/294"", ""MCR_seq200b/339"", ""MCR_seq200b/469"", ""MCR_v1_seq100/6""]","[""MCR_seq200b/251"", ""MCR_seq200b/336"", ""MCR_seq200b/345"", ""MCR_v2_seq100/196"", ""MCR_v2_seq100/244""]",1.0
E8,time_scope_soft_veto,time_scope_soft_invalid_time,invalid_vs_soft,primary,MCR,complete_or_compatible_partial,110,31,10,2,67,0.37272727272727274,0.3,-0.07272727272727272,0.03857421875,"[-0.136364, -0.018182]","[""MCR_seq200b/442"", ""MCR_seq200b/470""]","[""MCR_seq200b/283"", ""MCR_seq200b/334"", ""MCR_seq200b/339"", ""MCR_seq200b/383"", ""MCR_seq200b/441"", ""MCR_v1_seq100/50"", ""MCR_v1_seq100/67"", ""MCR_v1_seq100/68"", ""MCR_v1_seq100/69"", ""MCR_v2_seq100/241""]",0.11572265625
E8,time_scope_soft_veto,time_scope_soft_legal_order,legal_vs_soft,primary,MCR,complete_or_compatible_partial,110,36,5,3,66,0.37272727272727274,0.35454545454545455,-0.01818181818181818,0.7265625,"[-0.072727, 0.027273]","[""MCR_seq200b/442"", ""MCR_seq200b/470"", ""MCR_v1_seq100/112""]","[""MCR_seq200b/283"", ""MCR_v1_seq100/11"", ""MCR_v1_seq100/45"", ""MCR_v1_seq100/6"", ""MCR_v2_seq100/178""]",1.0
E8,atemporal_hard_veto,time_scope_soft_veto,soft_vs_hard,primary,MCR,complete_or_compatible_partial,110,35,5,6,64,0.36363636363636365,0.37272727272727274,0.00909090909090909,1.0,"[-0.045455, 0.063636]","[""MCR_seq200b/334"", ""MCR_seq200b/374"", ""MCR_seq200b/469"", ""MCR_v1_seq100/11"", ""MCR_v1_seq100/6"", ""MCR_v2_seq100/174""]","[""MCR_seq200b/442"", ""MCR_seq200b/470"", ""MCR_v2_seq100/196"", ""MCR_v2_seq100/220"", ""MCR_v2_seq100/244""]",1.0
E8,time_scope_soft_veto,time_scope_soft_invalid_time,invalid_vs_soft,primary,MCR,legacy_chain,110,19,7,1,83,0.23636363636363636,0.18181818181818182,-0.05454545454545454,0.0703125,"[-0.109091, -0.009091]","[""MCR_seq200b/470""]","[""MCR_seq200b/283"", ""MCR_seq200b/334"", ""MCR_seq200b/336"", ""MCR_seq200b/383"", ""MCR_seq200b/441"", ""MCR_v1_seq100/50"", ""MCR_v1_seq100/69""]",0.2109375
E8,time_scope_soft_veto,time_scope_soft_legal_order,legal_vs_soft,primary,MCR,legacy_chain,110,22,4,2,82,0.23636363636363636,0.21818181818181817,-0.01818181818181818,0.6875,"[-0.063636, 0.027273]","[""MCR_seq200b/339"", ""MCR_seq200b/470""]","[""MCR_seq200b/283"", ""MCR_v1_seq100/11"", ""MCR_v1_seq100/45"", ""MCR_v2_seq100/178""]",1.0
E8,atemporal_hard_veto,time_scope_soft_veto,soft_vs_hard,primary,MCR,legacy_chain,110,21,3,5,81,0.21818181818181817,0.23636363636363636,0.01818181818181818,0.7265625,"[-0.027273, 0.072727]","[""MCR_seq200b/334"", ""MCR_seq200b/336"", ""MCR_seq200b/374"", ""MCR_v1_seq100/11"", ""MCR_v2_seq100/174""]","[""MCR_seq200b/339"", ""MCR_seq200b/470"", ""MCR_v2_seq100/220""]",1.0
E8,time_scope_soft_veto,time_scope_soft_invalid_time,invalid_vs_soft,primary,MCR,safe_exact,110,12,7,1,90,0.17272727272727273,0.11818181818181818,-0.05454545454545454,0.0703125,"[-0.109091, -0.009091]","[""MCR_seq200b/470""]","[""MCR_seq200b/283"", ""MCR_seq200b/334"", ""MCR_seq200b/336"", ""MCR_seq200b/383"", ""MCR_seq200b/441"", ""MCR_v1_seq100/50"", ""MCR_v1_seq100/69""]",0.2109375
E8,time_scope_soft_veto,time_scope_soft_legal_order,legal_vs_soft,primary,MCR,safe_exact,110,16,3,1,90,0.17272727272727273,0.15454545454545454,-0.01818181818181818,0.625,"[-0.054545, 0.018182]","[""MCR_seq200b/470""]","[""MCR_seq200b/283"", ""MCR_seq200b/345"", ""MCR_v2_seq100/178""]",0.90625
E8,atemporal_hard_veto,time_scope_soft_veto,soft_vs_hard,primary,MCR,safe_exact,110,14,2,5,89,0.14545454545454545,0.17272727272727273,0.02727272727272727,0.453125,"[-0.018182, 0.072727]","[""MCR_seq200b/334"", ""MCR_seq200b/336"", ""MCR_seq200b/345"", ""MCR_seq200b/374"", ""MCR_v2_seq100/174""]","[""MCR_seq200b/470"", ""MCR_v2_seq100/220""]",0.90625
E9,single_anchor,duplicate_anchor,duplicate_vs_single,primary,ALL,clinical_complete,400,43,5,4,348,0.12,0.1175,-0.0025,1.0,"[-0.0175, 0.0125]","[""DA_d2_seq100/150"", ""MCR_seq200b/252"", ""MCR_seq200b/406"", ""MCR_seq200b/458""]","[""MCR_seq200b/251"", ""MCR_seq200b/260"", ""MCR_seq200b/285"", ""MCR_seq200b/298"", ""MCR_seq200b/336""]",1.0
E9,duplicate_anchor,real_views,real_vs_duplicate,primary,ALL,clinical_complete,400,44,3,17,336,0.1175,0.1525,0.035,0.0025768280029296875,"[0.015, 0.0575]","[""DA_d2_heldout100/257"", ""DA_d2_heldout100/261"", ""DA_d2_heldout100/353"", ""DA_d2_heldout200b/490"", ""MCR_seq200b/260"", ""MCR_seq200b/285"", ""MCR_seq200b/298"", ""MCR_seq200b/312"", ""MCR_seq200b/326"", ""MCR_seq200b/336"", ""MCR_seq200b/339"", ""MCR_seq200b/345"", ""MCR_seq200b/383"", ""MCR_seq200b/407"", ""MCR_v1_seq100/52"", ""MCR_v1_seq100/56"", ""MCR_v1_seq100/69""]","[""DA_d2_seq100/150"", ""MCR_seq200b/317"", ""MCR_v1_seq100/73""]",0.01030731201171875
E9,single_anchor,real_views,real_vs_single,primary,ALL,clinical_complete,400,45,3,16,336,0.12,0.1525,0.0325,0.004425048828125,"[0.0125, 0.055]","[""DA_d2_heldout100/257"", ""DA_d2_heldout100/261"", ""DA_d2_heldout100/353"", ""DA_d2_heldout200b/490"", ""MCR_seq200b/252"", ""MCR_seq200b/312"", ""MCR_seq200b/326"", ""MCR_seq200b/339"", ""MCR_seq200b/345"", ""MCR_seq200b/383"", ""MCR_seq200b/406"", ""MCR_seq200b/407"", ""MCR_seq200b/458"", ""MCR_v1_seq100/52"", ""MCR_v1_seq100/56"", ""MCR_v1_seq100/69""]","[""MCR_seq200b/251"", ""MCR_seq200b/317"", ""MCR_v1_seq100/73""]",0.013275146484375
E9,real_views,role_rotated,role_rotated_vs_real,primary,ALL,clinical_complete,400,59,2,1,338,0.1525,0.15,-0.0025,1.0,"[-0.0125, 0.005]","[""MCR_seq200b/470""]","[""MCR_seq200b/298"", ""MCR_seq200b/458""]",1.0
E9,single_anchor,duplicate_anchor,duplicate_vs_single,primary,ALL,compatible_partial,400,138,7,11,244,0.3625,0.3725,0.01,0.480682373046875,"[-0.01, 0.03]","[""DA_d2_heldout100/259"", ""DA_d2_heldout100/361"", ""DA_d2_seq100/117"", ""DA_d2_seq100/22"", ""DA_d2_seq100/226"", ""DA_d2_seq100/243"", ""MCR_seq200b/260"", ""MCR_seq200b/312"", ""MCR_seq200b/336"", ""MCR_seq200b/362"", ""MCR_v2_seq100/179""]","[""DA_d2_heldout100/276"", ""DA_d2_heldout100/398"", ""DA_d2_seq100/150"", ""DA_d2_seq100/164"", ""MCR_seq200b/341"", ""MCR_v1_seq100/56"", ""MCR_v2_seq100/204""]",1.0
E9,duplicate_anchor,real_views,real_vs_duplicate,primary,ALL,compatible_partial,400,129,20,19,232,0.3725,0.37,-0.0025,1.0,"[-0.0325, 0.0275]","[""DA_d2_heldout100/255"", ""DA_d2_heldout100/276"", ""DA_d2_heldout100/284"", ""DA_d2_heldout100/321"", ""DA_d2_heldout200b/485"", ""DA_d2_heldout200b/489"", ""DA_d2_heldout200b/719"", ""DA_d2_heldout200b/746"", ""DA_d2_seq100/111"", ""DA_d2_seq100/150"", ""DA_d2_seq100/164"", ""DA_d2_seq100/4"", ""MCR_seq200b/251"", ""MCR_seq200b/301"", ""MCR_seq200b/451"", ""MCR_v1_seq100/50"", ""MCR_v1_seq100/73"", ""MCR_v2_seq100/170"", ""MCR_v2_seq100/244""]","[""DA_d2_heldout100/261"", ""DA_d2_heldout100/353"", ""DA_d2_heldout100/361"", ""DA_d2_heldout100/451"", ""DA_d2_heldout200b/548"", ""DA_d2_heldout200b/584"", ""DA_d2_heldout200b/735"", ""DA_d2_seq100/117"", ""MCR_seq200b/260"", ""MCR_seq200b/312"", ""MCR_seq200b/336"", ""MCR_seq200b/339"", ""MCR_seq200b/345"", ""MCR_seq200b/362"", ""MCR_seq200b/383"", ""MCR_seq200b/407"", ""MCR_seq200b/423"", ""MCR_v1_seq100/6"", ""MCR_v1_seq100/69"", ""MCR_v2_seq100/214""]",1.0
E9,single_anchor,real_views,real_vs_single,primary,ALL,compatible_partial,400,127,18,21,234,0.3625,0.37,0.0075,0.7492586247608415,"[-0.0225, 0.04]","[""DA_d2_heldout100/255"", ""DA_d2_heldout100/259"", ""DA_d2_heldout100/284"", ""DA_d2_heldout100/321"", ""DA_d2_heldout200b/485"", ""DA_d2_heldout200b/489"", ""DA_d2_heldout200b/719"", ""DA_d2_heldout200b/746"", ""DA_d2_seq100/111"", ""DA_d2_seq100/22"", ""DA_d2_seq100/226"", ""DA_d2_seq100/243"", ""DA_d2_seq100/4"", ""MCR_seq200b/251"", ""MCR_seq200b/301"", ""MCR_seq200b/451"", ""MCR_v1_seq100/50"", ""MCR_v1_seq100/73"", ""MCR_v2_seq100/170"", ""MCR_v2_seq100/179"", ""MCR_v2_seq100/244""]","[""DA_d2_heldout100/261"", ""DA_d2_heldout100/353"", ""DA_d2_heldout100/398"", ""DA_d2_heldout100/451"", ""DA_d2_heldout200b/548"", ""DA_d2_heldout200b/584"", ""DA_d2_heldout200b/735"", ""MCR_seq200b/339"", ""MCR_seq200b/341"", ""MCR_seq200b/345"", ""MCR_seq200b/383"", ""MCR_seq200b/407"", ""MCR_seq200b/423"", ""MCR_v1_seq100/56"", ""MCR_v1_seq100/6"", ""MCR_v1_seq100/69"", ""MCR_v2_seq100/204"", ""MCR_v2_seq100/214""]",1.0
E9,real_views,role_rotated,role_rotated_vs_real,primary,ALL,compatible_partial,400,138,10,9,243,0.37,0.3675,-0.0025,1.0,"[-0.025, 0.0175]","[""DA_d2_heldout100/289"", ""DA_d2_heldout100/451"", ""DA_d2_heldout200b/548"", ""DA_d2_heldout200b/604"", ""DA_d2_seq100/117"", ""DA_d2_seq100/57"", ""DA_d2_seq100/74"", ""MCR_v1_seq100/6"", ""MCR_v2_seq100/214""]","[""DA_d2_heldout100/270"", ""DA_d2_heldout200b/652"", ""DA_d2_heldout200b/746"", ""DA_d2_seq100/132"", ""DA_d2_seq100/190"", ""DA_d2_seq100/22"", ""DA_d2_seq100/226"", ""DA_d2_seq100/243"", ""DA_d2_seq100/76"", ""MCR_v2_seq100/170""]",1.0
E9,single_anchor,duplicate_anchor,duplicate_vs_single,primary,ALL,complete_or_compatible_partial,400,184,9,12,195,0.4825,0.49,0.0075,0.6636238098144531,"[-0.015, 0.03]","[""DA_d2_heldout100/259"", ""DA_d2_heldout100/361"", ""DA_d2_seq100/117"", ""DA_d2_seq100/22"", ""DA_d2_seq100/226"", ""DA_d2_seq100/243"", ""MCR_seq200b/252"", ""MCR_seq200b/312"", ""MCR_seq200b/362"", ""MCR_seq200b/406"", ""MCR_seq200b/458"", ""MCR_v2_seq100/179""]","[""DA_d2_heldout100/276"", ""DA_d2_heldout100/398"", ""DA_d2_seq100/164"", ""MCR_seq200b/251"", ""MCR_seq200b/285"", ""MCR_seq200b/298"", ""MCR_seq200b/341"", ""MCR_v1_seq100/56"", ""MCR_v2_seq100/204""]",1.0
E9,duplicate_anchor,real_views,real_vs_duplicate,primary,ALL,complete_or_compatible_partial,400,185,11,24,180,0.49,0.5225,0.0325,0.04095959151163697,"[0.005, 0.0625]","[""DA_d2_heldout100/255"", ""DA_d2_heldout100/257"", ""DA_d2_heldout100/276"", ""DA_d2_heldout100/284"", ""DA_d2_heldout100/321"", ""DA_d2_heldout200b/485"", ""DA_d2_heldout200b/489"", ""DA_d2_heldout200b/490"", ""DA_d2_heldout200b/719"", ""DA_d2_heldout200b/746"", ""DA_d2_seq100/111"", ""DA_d2_seq100/164"", ""DA_d2_seq100/4"", ""MCR_seq200b/251"", ""MCR_seq200b/285"", ""MCR_seq200b/298"", ""MCR_seq200b/301"", ""MCR_seq200b/326"", ""MCR_seq200b/451"", ""MCR_v1_seq100/50"", ""MCR_v1_seq100/52"", ""MCR_v1_seq100/56"", ""MCR_v2_seq100/170"", ""MCR_v2_seq100/244""]","[""DA_d2_heldout100/361"", ""DA_d2_heldout100/451"", ""DA_d2_heldout200b/548"", ""DA_d2_heldout200b/584"", ""DA_d2_heldout200b/735"", ""DA_d2_seq100/117"", ""MCR_seq200b/317"", ""MCR_seq200b/362"", ""MCR_seq200b/423"", ""MCR_v1_seq100/6"", ""MCR_v2_seq100/214""]",0.12287877453491092
E9,single_anchor,real_views,real_vs_single,primary,ALL,complete_or_compatible_partial,400,182,11,27,180,0.4825,0.5225,0.04,0.013852965261321515,"[0.01, 0.07]","[""DA_d2_heldout100/255"", ""DA_d2_heldout100/257"", ""DA_d2_heldout100/259"", ""DA_d2_heldout100/284"", ""DA_d2_heldout100/321"", ""DA_d2_heldout200b/485"", ""DA_d2_heldout200b/489"", ""DA_d2_heldout200b/490"", ""DA_d2_heldout200b/719"", ""DA_d2_heldout200b/746"", ""DA_d2_seq100/111"", ""DA_d2_seq100/22"", ""DA_d2_seq100/226"", ""DA_d2_seq100/243"", ""DA_d2_seq100/4"", ""MCR_seq200b/252"", ""MCR_seq200b/301"", ""MCR_seq200b/312"", ""MCR_seq200b/326"", ""MCR_seq200b/406"", ""MCR_seq200b/451"", ""MCR_seq200b/458"", ""MCR_v1_seq100/50"", ""MCR_v1_seq100/52"", ""MCR_v2_seq100/170"", ""MCR_v2_seq100/179"", ""MCR_v2_seq100/244""]","[""DA_d2_heldout100/398"", ""DA_d2_heldout100/451"", ""DA_d2_heldout200b/548"", ""DA_d2_heldout200b/584"", ""DA_d2_heldout200b/735"", ""MCR_seq200b/317"", ""MCR_seq200b/341"", ""MCR_seq200b/423"", ""MCR_v1_seq100/6"", ""MCR_v2_seq100/204"", ""MCR_v2_seq100/214""]",0.05541186104528606
E9,real_views,role_rotated,role_rotated_vs_real,primary,ALL,complete_or_compatible_partial,400,197,12,10,181,0.5225,0.5175,-0.005,0.8318119049072266,"[-0.0275, 0.0175]","[""DA_d2_heldout100/289"", ""DA_d2_heldout100/451"", ""DA_d2_heldout200b/548"", ""DA_d2_heldout200b/604"", ""DA_d2_seq100/117"", ""DA_d2_seq100/57"", ""DA_d2_seq100/74"", ""MCR_seq200b/470"", ""MCR_v1_seq100/6"", ""MCR_v2_seq100/214""]","[""DA_d2_heldout100/270"", ""DA_d2_heldout200b/652"", ""DA_d2_heldout200b/746"", ""DA_d2_seq100/132"", ""DA_d2_seq100/190"", ""DA_d2_seq100/22"", ""DA_d2_seq100/226"", ""DA_d2_seq100/243"", ""DA_d2_seq100/76"", ""MCR_seq200b/298"", ""MCR_seq200b/458"", ""MCR_v2_seq100/170""]",1.0
E9,single_anchor,duplicate_anchor,duplicate_vs_single,primary,ALL,legacy_chain,400,84,5,8,303,0.2225,0.23,0.0075,0.5810546875,"[-0.01, 0.025]","[""DA_d2_seq100/150"", ""DA_d2_seq100/22"", ""DA_d2_seq100/243"", ""MCR_seq200b/252"", ""MCR_seq200b/362"", ""MCR_seq200b/406"", ""MCR_seq200b/458"", ""MCR_v2_seq100/179""]","[""DA_d2_heldout100/398"", ""DA_d2_heldout200b/489"", ""MCR_seq200b/260"", ""MCR_seq200b/298"", ""MCR_seq200b/336""]",0.775390625
E9,duplicate_anchor,real_views,real_vs_duplicate,primary,ALL,legacy_chain,400,79,13,21,287,0.23,0.25,0.02,0.22948101302608848,"[-0.01, 0.05]","[""DA_d2_heldout100/255"", ""DA_d2_heldout100/276"", ""DA_d2_heldout100/321"", ""DA_d2_heldout100/353"", ""DA_d2_heldout200b/485"", ""DA_d2_heldout200b/489"", ""DA_d2_heldout200b/560"", ""DA_d2_heldout200b/719"", ""DA_d2_heldout200b/730"", ""DA_d2_heldout200b/738"", ""DA_d2_seq100/111"", ""DA_d2_seq100/140"", ""DA_d2_seq100/4"", ""MCR_seq200b/260"", ""MCR_seq200b/298"", ""MCR_seq200b/326"", ""MCR_seq200b/336"", ""MCR_seq200b/339"", ""MCR_seq200b/340"", ""MCR_v1_seq100/50"", ""MCR_v1_seq100/52""]","[""DA_d2_heldout100/284"", ""DA_d2_heldout100/451"", ""DA_d2_heldout200b/508"", ""DA_d2_heldout200b/553"", ""DA_d2_heldout200b/579"", ""DA_d2_heldout200b/584"", ""DA_d2_heldout200b/615"", ""DA_d2_heldout200b/735"", ""DA_d2_seq100/150"", ""DA_d2_seq100/237"", ""MCR_seq200b/317"", ""MCR_seq200b/362"", ""MCR_v2_seq100/179""]",0.6884430390782654
E9,single_anchor,real_views,real_vs_single,primary,ALL,legacy_chain,400,78,11,22,289,0.2225,0.25,0.0275,0.08014331245794892,"[0.0, 0.055]","[""DA_d2_heldout100/255"", ""DA_d2_heldout100/276"", ""DA_d2_heldout100/321"", ""DA_d2_heldout100/353"", ""DA_d2_heldout200b/485"", ""DA_d2_heldout200b/560"", ""DA_d2_heldout200b/719"", ""DA_d2_heldout200b/730"", ""DA_d2_heldout200b/738"", ""DA_d2_seq100/111"", ""DA_d2_seq100/140"", ""DA_d2_seq100/22"", ""DA_d2_seq100/243"", ""DA_d2_seq100/4"", ""MCR_seq200b/252"", ""MCR_seq200b/326"", ""MCR_seq200b/339"", ""MCR_seq200b/340"", ""MCR_seq200b/406"", ""MCR_seq200b/458"", ""MCR_v1_seq100/50"", ""MCR_v1_seq100/52""]","[""DA_d2_heldout100/284"", ""DA_d2_heldout100/398"", ""DA_d2_heldout100/451"", ""DA_d2_heldout200b/508"", ""DA_d2_heldout200b/553"", ""DA_d2_heldout200b/579"", ""DA_d2_heldout200b/584"", ""DA_d2_heldout200b/615"", ""DA_d2_heldout200b/735"", ""DA_d2_seq100/237"", ""MCR_seq200b/317""]",0.3205732498317957
E9,real_views,role_rotated,role_rotated_vs_real,primary,ALL,legacy_chain,400,92,8,4,296,0.25,0.24,-0.01,0.3876953125,"[-0.0275, 0.0075]","[""DA_d2_heldout200b/553"", ""DA_d2_heldout200b/604"", ""DA_d2_seq100/74"", ""MCR_seq200b/470""]","[""DA_d2_heldout200b/560"", ""DA_d2_heldout200b/730"", ""DA_d2_seq100/22"", ""DA_d2_seq100/243"", ""DA_d2_seq100/76"", ""MCR_seq200b/298"", ""MCR_seq200b/340"", ""MCR_seq200b/458""]",0.775390625
E9,single_anchor,duplicate_anchor,duplicate_vs_single,primary,ALL,safe_exact,400,26,3,3,368,0.0725,0.0725,0.0,1.0,"[-0.0125, 0.0125]","[""MCR_seq200b/252"", ""MCR_seq200b/406"", ""MCR_seq200b/458""]","[""MCR_seq200b/260"", ""MCR_seq200b/298"", ""MCR_seq200b/336""]",1.0
E9,duplicate_anchor,real_views,real_vs_duplicate,primary,ALL,safe_exact,400,28,1,10,361,0.0725,0.095,0.0225,0.01171875,"[0.0075, 0.04]","[""DA_d2_heldout100/261"", ""MCR_seq200b/260"", ""MCR_seq200b/298"", ""MCR_seq200b/326"", ""MCR_seq200b/336"", ""MCR_seq200b/340"", ""MCR_seq200b/345"", ""MCR_seq200b/407"", ""MCR_v1_seq100/52"", ""MCR_v1_seq100/69""]","[""MCR_seq200b/317""]",0.046875
E9,single_anchor,real_views,real_vs_single,primary,ALL,safe_exact,400,28,1,10,361,0.0725,0.095,0.0225,0.01171875,"[0.0075, 0.04]","[""DA_d2_heldout100/261"", ""MCR_seq200b/252"", ""MCR_seq200b/326"", ""MCR_seq200b/340"", ""MCR_seq200b/345"", ""MCR_seq200b/406"", ""MCR_seq200b/407"", ""MCR_seq200b/458"", ""MCR_v1_seq100/52"", ""MCR_v1_seq100/69""]","[""MCR_seq200b/317""]",0.046875
E9,real_views,role_rotated,role_rotated_vs_real,primary,ALL,safe_exact,400,35,3,1,361,0.095,0.09,-0.005,0.625,"[-0.015, 0.005]","[""MCR_seq200b/470""]","[""MCR_seq200b/298"", ""MCR_seq200b/340"", ""MCR_seq200b/458""]",1.0
E9,single_anchor,duplicate_anchor,duplicate_vs_single,primary,DA,clinical_complete,200,5,0,1,194,0.025,0.03,0.005,1.0,"[0.0, 0.015]","[""DA_d2_seq100/150""]",[],1.0
E9,duplicate_anchor,real_views,real_vs_duplicate,primary,DA,clinical_complete,200,5,1,4,190,0.03,0.045,0.015,0.375,"[-0.005, 0.04]","[""DA_d2_heldout100/257"", ""DA_d2_heldout100/261"", ""DA_d2_heldout100/353"", ""DA_d2_heldout200b/490""]","[""DA_d2_seq100/150""]",1.0
E9,single_anchor,real_views,real_vs_single,primary,DA,clinical_complete,200,5,0,4,191,0.025,0.045,0.02,0.125,"[0.005, 0.04]","[""DA_d2_heldout100/257"", ""DA_d2_heldout100/261"", ""DA_d2_heldout100/353"", ""DA_d2_heldout200b/490""]",[],0.5
E9,real_views,role_rotated,role_rotated_vs_real,primary,DA,clinical_complete,200,9,0,0,191,0.045,0.045,0.0,1.0,"[0.0, 0.0]",[],[],1.0
E9,single_anchor,duplicate_anchor,duplicate_vs_single,primary,DA,compatible_partial,200,108,4,6,82,0.56,0.57,0.01,0.75390625,"[-0.02, 0.04]","[""DA_d2_heldout100/259"", ""DA_d2_heldout100/361"", ""DA_d2_seq100/117"", ""DA_d2_seq100/22"", ""DA_d2_seq100/226"", ""DA_d2_seq100/243""]","[""DA_d2_heldout100/276"", ""DA_d2_heldout100/398"", ""DA_d2_seq100/150"", ""DA_d2_seq100/164""]",1.0
E9,duplicate_anchor,real_views,real_vs_duplicate,primary,DA,compatible_partial,200,106,8,12,74,0.57,0.59,0.02,0.5034446716308594,"[-0.025, 0.065]","[""DA_d2_heldout100/255"", ""DA_d2_heldout100/276"", ""DA_d2_heldout100/284"", ""DA_d2_heldout100/321"", ""DA_d2_heldout200b/485"", ""DA_d2_heldout200b/489"", ""DA_d2_heldout200b/719"", ""DA_d2_heldout200b/746"", ""DA_d2_seq100/111"", ""DA_d2_seq100/150"", ""DA_d2_seq100/164"", ""DA_d2_seq100/4""]","[""DA_d2_heldout100/261"", ""DA_d2_heldout100/353"", ""DA_d2_heldout100/361"", ""DA_d2_heldout100/451"", ""DA_d2_heldout200b/548"", ""DA_d2_heldout200b/584"", ""DA_d2_heldout200b/735"", ""DA_d2_seq100/117""]",1.0
E9,single_anchor,real_views,real_vs_single,primary,DA,compatible_partial,200,105,7,13,75,0.56,0.59,0.03,0.26317596435546875,"[-0.015, 0.075]","[""DA_d2_heldout100/255"", ""DA_d2_heldout100/259"", ""DA_d2_heldout100/284"", ""DA_d2_heldout100/321"", ""DA_d2_heldout200b/485"", ""DA_d2_heldout200b/489"", ""DA_d2_heldout200b/719"", ""DA_d2_heldout200b/746"", ""DA_d2_seq100/111"", ""DA_d2_seq100/22"", ""DA_d2_seq100/226"", ""DA_d2_seq100/243"", ""DA_d2_seq100/4""]","[""DA_d2_heldout100/261"", ""DA_d2_heldout100/353"", ""DA_d2_heldout100/398"", ""DA_d2_heldout100/451"", ""DA_d2_heldout200b/548"", ""DA_d2_heldout200b/584"", ""DA_d2_heldout200b/735""]",1.0
E9,real_views,role_rotated,role_rotated_vs_real,primary,DA,compatible_partial,200,109,9,7,75,0.59,0.58,-0.01,0.803619384765625,"[-0.05, 0.03]","[""DA_d2_heldout100/289"", ""DA_d2_heldout100/451"", ""DA_d2_heldout200b/548"", ""DA_d2_heldout200b/604"", ""DA_d2_seq100/117"", ""DA_d2_seq100/57"", ""DA_d2_seq100/74""]","[""DA_d2_heldout100/270"", ""DA_d2_heldout200b/652"", ""DA_d2_heldout200b/746"", ""DA_d2_seq100/132"", ""DA_d2_seq100/190"", ""DA_d2_seq100/22"", ""DA_d2_seq100/226"", ""DA_d2_seq100/243"", ""DA_d2_seq100/76""]",1.0
E9,single_anchor,duplicate_anchor,duplicate_vs_single,primary,DA,complete_or_compatible_partial,200,114,3,6,77,0.585,0.6,0.015,0.5078125,"[-0.015, 0.045]","[""DA_d2_heldout100/259"", ""DA_d2_heldout100/361"", ""DA_d2_seq100/117"", ""DA_d2_seq100/22"", ""DA_d2_seq100/226"", ""DA_d2_seq100/243""]","[""DA_d2_heldout100/276"", ""DA_d2_heldout100/398"", ""DA_d2_seq100/164""]",1.0
E9,duplicate_anchor,real_views,real_vs_duplicate,primary,DA,complete_or_compatible_partial,200,114,6,13,67,0.6,0.635,0.035,0.1670684814453125,"[-0.005, 0.08]","[""DA_d2_heldout100/255"", ""DA_d2_heldout100/257"", ""DA_d2_heldout100/276"", ""DA_d2_heldout100/284"", ""DA_d2_heldout100/321"", ""DA_d2_heldout200b/485"", ""DA_d2_heldout200b/489"", ""DA_d2_heldout200b/490"", ""DA_d2_heldout200b/719"", ""DA_d2_heldout200b/746"", ""DA_d2_seq100/111"", ""DA_d2_seq100/164"", ""DA_d2_seq100/4""]","[""DA_d2_heldout100/361"", ""DA_d2_heldout100/451"", ""DA_d2_heldout200b/548"", ""DA_d2_heldout200b/584"", ""DA_d2_heldout200b/735"", ""DA_d2_seq100/117""]",0.5012054443359375
E9,single_anchor,real_views,real_vs_single,primary,DA,complete_or_compatible_partial,200,112,5,15,68,0.585,0.635,0.05,0.04138946533203125,"[0.01, 0.095]","[""DA_d2_heldout100/255"", ""DA_d2_heldout100/257"", ""DA_d2_heldout100/259"", ""DA_d2_heldout100/284"", ""DA_d2_heldout100/321"", ""DA_d2_heldout200b/485"", ""DA_d2_heldout200b/489"", ""DA_d2_heldout200b/490"", ""DA_d2_heldout200b/719"", ""DA_d2_heldout200b/746"", ""DA_d2_seq100/111"", ""DA_d2_seq100/22"", ""DA_d2_seq100/226"", ""DA_d2_seq100/243"", ""DA_d2_seq100/4""]","[""DA_d2_heldout100/398"", ""DA_d2_heldout100/451"", ""DA_d2_heldout200b/548"", ""DA_d2_heldout200b/584"", ""DA_d2_heldout200b/735""]",0.165557861328125
E9,real_views,role_rotated,role_rotated_vs_real,primary,DA,complete_or_compatible_partial,200,118,9,7,66,0.635,0.625,-0.01,0.803619384765625,"[-0.05, 0.03]","[""DA_d2_heldout100/289"", ""DA_d2_heldout100/451"", ""DA_d2_heldout200b/548"", ""DA_d2_heldout200b/604"", ""DA_d2_seq100/117"", ""DA_d2_seq100/57"", ""DA_d2_seq100/74""]","[""DA_d2_heldout100/270"", ""DA_d2_heldout200b/652"", ""DA_d2_heldout200b/746"", ""DA_d2_seq100/132"", ""DA_d2_seq100/190"", ""DA_d2_seq100/22"", ""DA_d2_seq100/226"", ""DA_d2_seq100/243"", ""DA_d2_seq100/76""]",1.0
E9,single_anchor,duplicate_anchor,duplicate_vs_single,primary,DA,legacy_chain,200,48,2,3,147,0.25,0.255,0.005,1.0,"[-0.015, 0.025]","[""DA_d2_seq100/150"", ""DA_d2_seq100/22"", ""DA_d2_seq100/243""]","[""DA_d2_heldout100/398"", ""DA_d2_heldout200b/489""]",1.0
E9,duplicate_anchor,real_views,real_vs_duplicate,primary,DA,legacy_chain,200,41,10,13,136,0.255,0.27,0.015,0.6776394844055176,"[-0.03, 0.06]","[""DA_d2_heldout100/255"", ""DA_d2_heldout100/276"", ""DA_d2_heldout100/321"", ""DA_d2_heldout100/353"", ""DA_d2_heldout200b/485"", ""DA_d2_heldout200b/489"", ""DA_d2_heldout200b/560"", ""DA_d2_heldout200b/719"", ""DA_d2_heldout200b/730"", ""DA_d2_heldout200b/738"", ""DA_d2_seq100/111"", ""DA_d2_seq100/140"", ""DA_d2_seq100/4""]","[""DA_d2_heldout100/284"", ""DA_d2_heldout100/451"", ""DA_d2_heldout200b/508"", ""DA_d2_heldout200b/553"", ""DA_d2_heldout200b/579"", ""DA_d2_heldout200b/584"", ""DA_d2_heldout200b/615"", ""DA_d2_heldout200b/735"", ""DA_d2_seq100/150"", ""DA_d2_seq100/237""]",1.0
E9,single_anchor,real_views,real_vs_single,primary,DA,legacy_chain,200,40,10,14,136,0.25,0.27,0.02,0.5412561893463135,"[-0.03, 0.07]","[""DA_d2_heldout100/255"", ""DA_d2_heldout100/276"", ""DA_d2_heldout100/321"", ""DA_d2_heldout100/353"", ""DA_d2_heldout200b/485"", ""DA_d2_heldout200b/560"", ""DA_d2_heldout200b/719"", ""DA_d2_heldout200b/730"", ""DA_d2_heldout200b/738"", ""DA_d2_seq100/111"", ""DA_d2_seq100/140"", ""DA_d2_seq100/22"", ""DA_d2_seq100/243"", ""DA_d2_seq100/4""]","[""DA_d2_heldout100/284"", ""DA_d2_heldout100/398"", ""DA_d2_heldout100/451"", ""DA_d2_heldout200b/508"", ""DA_d2_heldout200b/553"", ""DA_d2_heldout200b/579"", ""DA_d2_heldout200b/584"", ""DA_d2_heldout200b/615"", ""DA_d2_heldout200b/735"", ""DA_d2_seq100/237""]",1.0
E9,real_views,role_rotated,role_rotated_vs_real,primary,DA,legacy_chain,200,49,5,3,143,0.27,0.26,-0.01,0.7265625,"[-0.04, 0.015]","[""DA_d2_heldout200b/553"", ""DA_d2_heldout200b/604"", ""DA_d2_seq100/74""]","[""DA_d2_heldout200b/560"", ""DA_d2_heldout200b/730"", ""DA_d2_seq100/22"", ""DA_d2_seq100/243"", ""DA_d2_seq100/76""]",1.0
E9,single_anchor,duplicate_anchor,duplicate_vs_single,primary,DA,safe_exact,200,2,0,0,198,0.01,0.01,0.0,1.0,"[0.0, 0.0]",[],[],1.0
E9,duplicate_anchor,real_views,real_vs_duplicate,primary,DA,safe_exact,200,2,0,1,197,0.01,0.015,0.005,1.0,"[0.0, 0.015]","[""DA_d2_heldout100/261""]",[],1.0
E9,single_anchor,real_views,real_vs_single,primary,DA,safe_exact,200,2,0,1,197,0.01,0.015,0.005,1.0,"[0.0, 0.015]","[""DA_d2_heldout100/261""]",[],1.0
E9,real_views,role_rotated,role_rotated_vs_real,primary,DA,safe_exact,200,3,0,0,197,0.015,0.015,0.0,1.0,"[0.0, 0.0]",[],[],1.0
E9,single_anchor,duplicate_anchor,duplicate_vs_single,primary,MCR,clinical_complete,200,38,5,3,154,0.215,0.205,-0.01,0.7265625,"[-0.04, 0.015]","[""MCR_seq200b/252"", ""MCR_seq200b/406"", ""MCR_seq200b/458""]","[""MCR_seq200b/251"", ""MCR_seq200b/260"", ""MCR_seq200b/285"", ""MCR_seq200b/298"", ""MCR_seq200b/336""]",1.0
E9,duplicate_anchor,real_views,real_vs_duplicate,primary,MCR,clinical_complete,200,39,2,13,146,0.205,0.26,0.055,0.00738525390625,"[0.02, 0.095]","[""MCR_seq200b/260"", ""MCR_seq200b/285"", ""MCR_seq200b/298"", ""MCR_seq200b/312"", ""MCR_seq200b/326"", ""MCR_seq200b/336"", ""MCR_seq200b/339"", ""MCR_seq200b/345"", ""MCR_seq200b/383"", ""MCR_seq200b/407"", ""MCR_v1_seq100/52"", ""MCR_v1_seq100/56"", ""MCR_v1_seq100/69""]","[""MCR_seq200b/317"", ""MCR_v1_seq100/73""]",0.029541015625
E9,single_anchor,real_views,real_vs_single,primary,MCR,clinical_complete,200,40,3,12,145,0.215,0.26,0.045,0.03515625,"[0.01, 0.085]","[""MCR_seq200b/252"", ""MCR_seq200b/312"", ""MCR_seq200b/326"", ""MCR_seq200b/339"", ""MCR_seq200b/345"", ""MCR_seq200b/383"", ""MCR_seq200b/406"", ""MCR_seq200b/407"", ""MCR_seq200b/458"", ""MCR_v1_seq100/52"", ""MCR_v1_seq100/56"", ""MCR_v1_seq100/69""]","[""MCR_seq200b/251"", ""MCR_seq200b/317"", ""MCR_v1_seq100/73""]",0.10546875
E9,real_views,role_rotated,role_rotated_vs_real,primary,MCR,clinical_complete,200,50,2,1,147,0.26,0.255,-0.005,1.0,"[-0.02, 0.01]","[""MCR_seq200b/470""]","[""MCR_seq200b/298"", ""MCR_seq200b/458""]",1.0
E9,single_anchor,duplicate_anchor,duplicate_vs_single,primary,MCR,compatible_partial,200,30,3,5,162,0.165,0.175,0.01,0.7265625,"[-0.015, 0.04]","[""MCR_seq200b/260"", ""MCR_seq200b/312"", ""MCR_seq200b/336"", ""MCR_seq200b/362"", ""MCR_v2_seq100/179""]","[""MCR_seq200b/341"", ""MCR_v1_seq100/56"", ""MCR_v2_seq100/204""]",1.0
E9,duplicate_anchor,real_views,real_vs_duplicate,primary,MCR,compatible_partial,200,23,12,7,158,0.175,0.15,-0.025,0.359283447265625,"[-0.065, 0.015]","[""MCR_seq200b/251"", ""MCR_seq200b/301"", ""MCR_seq200b/451"", ""MCR_v1_seq100/50"", ""MCR_v1_seq100/73"", ""MCR_v2_seq100/170"", ""MCR_v2_seq100/244""]","[""MCR_seq200b/260"", ""MCR_seq200b/312"", ""MCR_seq200b/336"", ""MCR_seq200b/339"", ""MCR_seq200b/345"", ""MCR_seq200b/362"", ""MCR_seq200b/383"", ""MCR_seq200b/407"", ""MCR_seq200b/423"", ""MCR_v1_seq100/6"", ""MCR_v1_seq100/69"", ""MCR_v2_seq100/214""]",1.0
E9,single_anchor,real_views,real_vs_single,primary,MCR,compatible_partial,200,22,11,8,159,0.165,0.15,-0.015,0.6476058959960938,"[-0.06, 0.025]","[""MCR_seq200b/251"", ""MCR_seq200b/301"", ""MCR_seq200b/451"", ""MCR_v1_seq100/50"", ""MCR_v1_seq100/73"", ""MCR_v2_seq100/170"", ""MCR_v2_seq100/179"", ""MCR_v2_seq100/244""]","[""MCR_seq200b/339"", ""MCR_seq200b/341"", ""MCR_seq200b/345"", ""MCR_seq200b/383"", ""MCR_seq200b/407"", ""MCR_seq200b/423"", ""MCR_v1_seq100/56"", ""MCR_v1_seq100/6"", ""MCR_v1_seq100/69"", ""MCR_v2_seq100/204"", ""MCR_v2_seq100/214""]",1.0
E9,real_views,role_rotated,role_rotated_vs_real,primary,MCR,compatible_partial,200,29,1,2,168,0.15,0.155,0.005,1.0,"[-0.01, 0.02]","[""MCR_v1_seq100/6"", ""MCR_v2_seq100/214""]","[""MCR_v2_seq100/170""]",1.0
E9,single_anchor,duplicate_anchor,duplicate_vs_single,primary,MCR,complete_or_compatible_partial,200,70,6,6,118,0.38,0.38,0.0,1.0,"[-0.035, 0.035]","[""MCR_seq200b/252"", ""MCR_seq200b/312"", ""MCR_seq200b/362"", ""MCR_seq200b/406"", ""MCR_seq200b/458"", ""MCR_v2_seq100/179""]","[""MCR_seq200b/251"", ""MCR_seq200b/285"", ""MCR_seq200b/298"", ""MCR_seq200b/341"", ""MCR_v1_seq100/56"", ""MCR_v2_seq100/204""]",1.0
E9,duplicate_anchor,real_views,real_vs_duplicate,primary,MCR,complete_or_compatible_partial,200,71,5,11,113,0.38,0.41,0.03,0.210113525390625,"[-0.01, 0.07]","[""MCR_seq200b/251"", ""MCR_seq200b/285"", ""MCR_seq200b/298"", ""MCR_seq200b/301"", ""MCR_seq200b/326"", ""MCR_seq200b/451"", ""MCR_v1_seq100/50"", ""MCR_v1_seq100/52"", ""MCR_v1_seq100/56"", ""MCR_v2_seq100/170"", ""MCR_v2_seq100/244""]","[""MCR_seq200b/317"", ""MCR_seq200b/362"", ""MCR_seq200b/423"", ""MCR_v1_seq100/6"", ""MCR_v2_seq100/214""]",0.8404541015625
E9,single_anchor,real_views,real_vs_single,primary,MCR,complete_or_compatible_partial,200,70,6,12,112,0.38,0.41,0.03,0.237884521484375,"[-0.01, 0.07]","[""MCR_seq200b/252"", ""MCR_seq200b/301"", ""MCR_seq200b/312"", ""MCR_seq200b/326"", ""MCR_seq200b/406"", ""MCR_seq200b/451"", ""MCR_seq200b/458"", ""MCR_v1_seq100/50"", ""MCR_v1_seq100/52"", ""MCR_v2_seq100/170"", ""MCR_v2_seq100/179"", ""MCR_v2_seq100/244""]","[""MCR_seq200b/317"", ""MCR_seq200b/341"", ""MCR_seq200b/423"", ""MCR_v1_seq100/6"", ""MCR_v2_seq100/204"", ""MCR_v2_seq100/214""]",0.8404541015625
E9,real_views,role_rotated,role_rotated_vs_real,primary,MCR,complete_or_compatible_partial,200,79,3,3,115,0.41,0.41,0.0,1.0,"[-0.025, 0.025]","[""MCR_seq200b/470"", ""MCR_v1_seq100/6"", ""MCR_v2_seq100/214""]","[""MCR_seq200b/298"", ""MCR_seq200b/458"", ""MCR_v2_seq100/170""]",1.0
E9,single_anchor,duplicate_anchor,duplicate_vs_single,primary,MCR,legacy_chain,200,36,3,5,156,0.195,0.205,0.01,0.7265625,"[-0.015, 0.04]","[""MCR_seq200b/252"", ""MCR_seq200b/362"", ""MCR_seq200b/406"", ""MCR_seq200b/458"", ""MCR_v2_seq100/179""]","[""MCR_seq200b/260"", ""MCR_seq200b/298"", ""MCR_seq200b/336""]",1.0
E9,duplicate_anchor,real_views,real_vs_duplicate,primary,MCR,legacy_chain,200,38,3,8,151,0.205,0.23,0.025,0.2265625,"[-0.005, 0.055]","[""MCR_seq200b/260"", ""MCR_seq200b/298"", ""MCR_seq200b/326"", ""MCR_seq200b/336"", ""MCR_seq200b/339"", ""MCR_seq200b/340"", ""MCR_v1_seq100/50"", ""MCR_v1_seq100/52""]","[""MCR_seq200b/317"", ""MCR_seq200b/362"", ""MCR_v2_seq100/179""]",0.6796875
E9,single_anchor,real_views,real_vs_single,primary,MCR,legacy_chain,200,38,1,8,153,0.195,0.23,0.035,0.0390625,"[0.01, 0.065]","[""MCR_seq200b/252"", ""MCR_seq200b/326"", ""MCR_seq200b/339"", ""MCR_seq200b/340"", ""MCR_seq200b/406"", ""MCR_seq200b/458"", ""MCR_v1_seq100/50"", ""MCR_v1_seq100/52""]","[""MCR_seq200b/317""]",0.15625
E9,real_views,role_rotated,role_rotated_vs_real,primary,MCR,legacy_chain,200,43,3,1,153,0.23,0.22,-0.01,0.625,"[-0.03, 0.01]","[""MCR_seq200b/470""]","[""MCR_seq200b/298"", ""MCR_seq200b/340"", ""MCR_seq200b/458""]",1.0
E9,single_anchor,duplicate_anchor,duplicate_vs_single,primary,MCR,safe_exact,200,24,3,3,170,0.135,0.135,0.0,1.0,"[-0.025, 0.025]","[""MCR_seq200b/252"", ""MCR_seq200b/406"", ""MCR_seq200b/458""]","[""MCR_seq200b/260"", ""MCR_seq200b/298"", ""MCR_seq200b/336""]",1.0
E9,duplicate_anchor,real_views,real_vs_duplicate,primary,MCR,safe_exact,200,26,1,9,164,0.135,0.175,0.04,0.021484375,"[0.01, 0.07]","[""MCR_seq200b/260"", ""MCR_seq200b/298"", ""MCR_seq200b/326"", ""MCR_seq200b/336"", ""MCR_seq200b/340"", ""MCR_seq200b/345"", ""MCR_seq200b/407"", ""MCR_v1_seq100/52"", ""MCR_v1_seq100/69""]","[""MCR_seq200b/317""]",0.0859375
E9,single_anchor,real_views,real_vs_single,primary,MCR,safe_exact,200,26,1,9,164,0.135,0.175,0.04,0.021484375,"[0.01, 0.075]","[""MCR_seq200b/252"", ""MCR_seq200b/326"", ""MCR_seq200b/340"", ""MCR_seq200b/345"", ""MCR_seq200b/406"", ""MCR_seq200b/407"", ""MCR_seq200b/458"", ""MCR_v1_seq100/52"", ""MCR_v1_seq100/69""]","[""MCR_seq200b/317""]",0.0859375
E9,real_views,role_rotated,role_rotated_vs_real,primary,MCR,safe_exact,200,32,3,1,164,0.175,0.165,-0.01,0.625,"[-0.03, 0.01]","[""MCR_seq200b/470""]","[""MCR_seq200b/298"", ""MCR_seq200b/340"", ""MCR_seq200b/458""]",1.0
RCR3,rcr3_default,compact4_true3gen,compact4_vs_rcr3,primary,ALL,clinical_complete,300,4,9,9,278,0.043333333333333335,0.043333333333333335,0.0,1.0,"[-0.026667, 0.026667]","[""MCR_seq200b/283"", ""MCR_seq200b/448"", ""MCR_seq200b/456"", ""MCR_seq200b/458"", ""MCR_v1_seq100/12"", ""MCR_v1_seq100/75"", ""MCR_v1_seq100/76"", ""MCR_v2_seq100/174"", ""MCR_v2_seq100/208""]","[""MCR_seq200b/328"", ""MCR_seq200b/376"", ""MCR_seq200b/411"", ""MCR_v1_seq100/117"", ""MCR_v1_seq100/24"", ""MCR_v1_seq100/8"", ""MCR_v1_seq100/95"", ""MCR_v2_seq100/154"", ""MCR_v2_seq100/169""]",1.0
RCR3,lite3_safe,rcr3_default,rcr3_vs_lite3_same_3call_budget,primary,ALL,clinical_complete,300,10,12,3,275,0.07333333333333333,0.043333333333333335,-0.03,0.03515625,"[-0.056667, -0.006667]","[""MCR_seq200b/376"", ""MCR_v1_seq100/117"", ""MCR_v1_seq100/95""]","[""MCR_seq200b/251"", ""MCR_seq200b/263"", ""MCR_seq200b/283"", ""MCR_seq200b/332"", ""MCR_seq200b/436"", ""MCR_seq200b/448"", ""MCR_seq200b/456"", ""MCR_v1_seq100/105"", ""MCR_v1_seq100/12"", ""MCR_v1_seq100/76"", ""MCR_v2_seq100/208"", ""MCR_v2_seq100/227""]",0.10546875
RCR3,lite3_safe,compact4_true3gen,third_generator_marginal_utility,primary,ALL,clinical_complete,300,10,12,3,275,0.07333333333333333,0.043333333333333335,-0.03,0.03515625,"[-0.056667, -0.006667]","[""MCR_seq200b/458"", ""MCR_v1_seq100/75"", ""MCR_v2_seq100/174""]","[""MCR_seq200b/251"", ""MCR_seq200b/263"", ""MCR_seq200b/328"", ""MCR_seq200b/332"", ""MCR_seq200b/411"", ""MCR_seq200b/436"", ""MCR_v1_seq100/105"", ""MCR_v1_seq100/24"", ""MCR_v1_seq100/8"", ""MCR_v2_seq100/154"", ""MCR_v2_seq100/169"", ""MCR_v2_seq100/227""]",0.10546875
RCR3,rcr3_default,compact4_true3gen,compact4_vs_rcr3,primary,ALL,compatible_partial,300,28,67,25,180,0.31666666666666665,0.17666666666666667,-0.14,1.3815919196387045e-05,"[-0.2, -0.08]","[""DA_d2_heldout100/268"", ""DA_d2_heldout100/372"", ""DA_d2_heldout100/437"", ""DA_d2_heldout200b/523"", ""DA_d2_heldout200b/532"", ""DA_d2_heldout200b/591"", ""DA_d2_heldout200b/600"", ""DA_d2_heldout200b/619"", ""DA_d2_heldout200b/622"", ""DA_d2_heldout200b/748"", ""DA_d2_heldout200b/766"", ""DA_d2_heldout200b/771"", ""DA_d2_heldout200b/774"", ""DA_d2_heldout200b/777"", ""DA_d2_seq100/11"", ""DA_d2_seq100/139"", ""DA_d2_seq100/164"", ""DA_d2_seq100/225"", ""DA_d2_seq100/243"", ""DA_d2_seq100/63"", ""MCR_seq200b/418"", ""MCR_seq200b/471"", ""MCR_v2_seq100/201"", ""MCR_v2_seq100/230"", ""MCR_v2_seq100/242""]","[""DA_d2_heldout100/259"", ""DA_d2_heldout100/262"", ""DA_d2_heldout100/266"", ""DA_d2_heldout100/273"", ""DA_d2_heldout100/281"", ""DA_d2_heldout100/310"", ""DA_d2_heldout100/318"", ""DA_d2_heldout100/359"", ""DA_d2_heldout100/379"", ""DA_d2_heldout100/420"", ""DA_d2_heldout200b/459"", ""DA_d2_heldout200b/484"", ""DA_d2_heldout200b/485"", ""DA_d2_heldout200b/497"", ""DA_d2_heldout200b/498"", ""DA_d2_heldout200b/548"", ""DA_d2_heldout200b/560"", ""DA_d2_heldout200b/565"", ""DA_d2_heldout200b/574"", ""DA_d2_heldout200b/578"", ""DA_d2_heldout200b/589"", ""DA_d2_heldout200b/601"", ""DA_d2_heldout200b/618"", ""DA_d2_heldout200b/636"", ""DA_d2_heldout200b/706"", ""DA_d2_heldout200b/713"", ""DA_d2_heldout200b/719"", ""DA_d2_heldout200b/736"", ""DA_d2_heldout200b/743"", ""DA_d2_heldout200b/753"", ""DA_d2_heldout200b/757"", ""DA_d2_heldout200b/763"", ""DA_d2_heldout200b/765"", ""DA_d2_seq100/118"", ""DA_d2_seq100/183"", ""DA_d2_seq100/186"", ""DA_d2_seq100/19"", ""DA_d2_seq100/206"", ""DA_d2_seq100/33"", ""DA_d2_seq100/45"", ""DA_d2_seq100/57"", ""DA_d2_seq100/59"", ""MCR_seq200b/251"", ""MCR_seq200b/261"", ""MCR_seq200b/283"", ""MCR_seq200b/297"", ""MCR_seq200b/332"", ""MCR_seq200b/337"", ""MCR_seq200b/338"", ""MCR_seq200b/345"", ""MCR_seq200b/364"", ""MCR_seq200b/384"", ""MCR_seq200b/436"", ""MCR_seq200b/478"", ""MCR_v1_seq100/119"", ""MCR_v1_seq100/43"", ""MCR_v1_seq100/46"", ""MCR_v1_seq100/47"", ""MCR_v1_seq100/54"", ""MCR_v1_seq100/58"", ""MCR_v1_seq100/68"", ""MCR_v1_seq100/75"", ""MCR_v1_seq100/78"", ""MCR_v2_seq100/139"", ""MCR_v2_seq100/213"", ""MCR_v2_seq100/221"", ""MCR_v2_seq100/244""]",2.763183839277409e-05
RCR3,lite3_safe,rcr3_default,rcr3_vs_lite3_same_3call_budget,primary,ALL,compatible_partial,300,60,48,35,157,0.36,0.31666666666666665,-0.043333333333333335,0.1874598679661928,"[-0.100083, 0.016667]","[""DA_d2_heldout100/259"", ""DA_d2_heldout100/273"", ""DA_d2_heldout100/318"", ""DA_d2_heldout100/359"", ""DA_d2_heldout200b/484"", ""DA_d2_heldout200b/485"", ""DA_d2_heldout200b/498"", ""DA_d2_heldout200b/560"", ""DA_d2_heldout200b/574"", ""DA_d2_heldout200b/589"", ""DA_d2_heldout200b/611"", ""DA_d2_heldout200b/618"", ""DA_d2_heldout200b/636"", ""DA_d2_heldout200b/743"", ""DA_d2_heldout200b/763"", ""DA_d2_heldout200b/765"", ""DA_d2_seq100/183"", ""DA_d2_seq100/33"", ""DA_d2_seq100/95"", ""MCR_seq200b/251"", ""MCR_seq200b/283"", ""MCR_seq200b/297"", ""MCR_seq200b/332"", ""MCR_seq200b/338"", ""MCR_seq200b/345"", ""MCR_seq200b/364"", ""MCR_seq200b/384"", ""MCR_seq200b/436"", ""MCR_v1_seq100/105"", ""MCR_v1_seq100/119"", ""MCR_v1_seq100/43"", ""MCR_v1_seq100/46"", ""MCR_v1_seq100/68"", ""MCR_v1_seq100/78"", ""MCR_v2_seq100/139""]","[""DA_d2_heldout100/268"", ""DA_d2_heldout100/330"", ""DA_d2_heldout100/372"", ""DA_d2_heldout100/404"", ""DA_d2_heldout100/437"", ""DA_d2_heldout200b/474"", ""DA_d2_heldout200b/508"", ""DA_d2_heldout200b/523"", ""DA_d2_heldout200b/524"", ""DA_d2_heldout200b/527"", ""DA_d2_heldout200b/591"", ""DA_d2_heldout200b/596"", ""DA_d2_heldout200b/600"", ""DA_d2_heldout200b/619"", ""DA_d2_heldout200b/622"", ""DA_d2_heldout200b/630"", ""DA_d2_heldout200b/660"", ""DA_d2_heldout200b/687"", ""DA_d2_heldout200b/698"", ""DA_d2_heldout200b/724"", ""DA_d2_heldout200b/738"", ""DA_d2_heldout200b/745"", ""DA_d2_heldout200b/748"", ""DA_d2_heldout200b/752"", ""DA_d2_heldout200b/756"", ""DA_d2_heldout200b/762"", ""DA_d2_heldout200b/766"", ""DA_d2_heldout200b/777"", ""DA_d2_heldout200b/778"", ""DA_d2_seq100/103"", ""DA_d2_seq100/11"", ""DA_d2_seq100/139"", ""DA_d2_seq100/156"", ""DA_d2_seq100/21"", ""DA_d2_seq100/225"", ""DA_d2_seq100/241"", ""DA_d2_seq100/243"", ""MCR_seq200b/265"", ""MCR_seq200b/321"", ""MCR_seq200b/369"", ""MCR_seq200b/418"", ""MCR_seq200b/471"", ""MCR_v1_seq100/6"", ""MCR_v1_seq100/86"", ""MCR_v2_seq100/174"", ""MCR_v2_seq100/197"", ""MCR_v2_seq100/201"", ""MCR_v2_seq100/230""]",0.1874598679661928
RCR3,lite3_safe,compact4_true3gen,third_generator_marginal_utility,primary,ALL,compatible_partial,300,44,64,9,183,0.36,0.17666666666666667,-0.18333333333333332,2.378889919863532e-11,"[-0.236667, -0.13]","[""DA_d2_heldout200b/532"", ""DA_d2_heldout200b/611"", ""DA_d2_heldout200b/771"", ""DA_d2_heldout200b/774"", ""DA_d2_seq100/164"", ""DA_d2_seq100/63"", ""DA_d2_seq100/95"", ""MCR_v1_seq100/105"", ""MCR_v2_seq100/242""]","[""DA_d2_heldout100/262"", ""DA_d2_heldout100/266"", ""DA_d2_heldout100/281"", ""DA_d2_heldout100/310"", ""DA_d2_heldout100/330"", ""DA_d2_heldout100/379"", ""DA_d2_heldout100/404"", ""DA_d2_heldout100/420"", ""DA_d2_heldout200b/459"", ""DA_d2_heldout200b/474"", ""DA_d2_heldout200b/497"", ""DA_d2_heldout200b/508"", ""DA_d2_heldout200b/524"", ""DA_d2_heldout200b/527"", ""DA_d2_heldout200b/548"", ""DA_d2_heldout200b/565"", ""DA_d2_heldout200b/578"", ""DA_d2_heldout200b/596"", ""DA_d2_heldout200b/601"", ""DA_d2_heldout200b/630"", ""DA_d2_heldout200b/660"", ""DA_d2_heldout200b/687"", ""DA_d2_heldout200b/698"", ""DA_d2_heldout200b/706"", ""DA_d2_heldout200b/713"", ""DA_d2_heldout200b/719"", ""DA_d2_heldout200b/724"", ""DA_d2_heldout200b/736"", ""DA_d2_heldout200b/738"", ""DA_d2_heldout200b/745"", ""DA_d2_heldout200b/752"", ""DA_d2_heldout200b/753"", ""DA_d2_heldout200b/756"", ""DA_d2_heldout200b/757"", ""DA_d2_heldout200b/762"", ""DA_d2_heldout200b/778"", ""DA_d2_seq100/103"", ""DA_d2_seq100/118"", ""DA_d2_seq100/156"", ""DA_d2_seq100/186"", ""DA_d2_seq100/19"", ""DA_d2_seq100/206"", ""DA_d2_seq100/21"", ""DA_d2_seq100/241"", ""DA_d2_seq100/45"", ""DA_d2_seq100/57"", ""DA_d2_seq100/59"", ""MCR_seq200b/261"", ""MCR_seq200b/265"", ""MCR_seq200b/321"", ""MCR_seq200b/337"", ""MCR_seq200b/369"", ""MCR_seq200b/478"", ""MCR_v1_seq100/47"", ""MCR_v1_seq100/54"", ""MCR_v1_seq100/58"", ""MCR_v1_seq100/6"", ""MCR_v1_seq100/75"", ""MCR_v1_seq100/86"", ""MCR_v2_seq100/174"", ""MCR_v2_seq100/197"", ""MCR_v2_seq100/213"", ""MCR_v2_seq100/221"", ""MCR_v2_seq100/244""]",7.136669759590596e-11
RCR3,rcr3_default,compact4_true3gen,compact4_vs_rcr3,primary,ALL,complete_or_compatible_partial,300,34,74,32,160,0.36,0.22,-0.14,5.541979465701251e-05,"[-0.206667, -0.073333]","[""DA_d2_heldout100/268"", ""DA_d2_heldout100/372"", ""DA_d2_heldout100/437"", ""DA_d2_heldout200b/523"", ""DA_d2_heldout200b/532"", ""DA_d2_heldout200b/591"", ""DA_d2_heldout200b/600"", ""DA_d2_heldout200b/619"", ""DA_d2_heldout200b/622"", ""DA_d2_heldout200b/748"", ""DA_d2_heldout200b/766"", ""DA_d2_heldout200b/771"", ""DA_d2_heldout200b/774"", ""DA_d2_heldout200b/777"", ""DA_d2_seq100/11"", ""DA_d2_seq100/139"", ""DA_d2_seq100/164"", ""DA_d2_seq100/225"", ""DA_d2_seq100/243"", ""DA_d2_seq100/63"", ""MCR_seq200b/418"", ""MCR_seq200b/448"", ""MCR_seq200b/456"", ""MCR_seq200b/458"", ""MCR_seq200b/471"", ""MCR_v1_seq100/12"", ""MCR_v1_seq100/76"", ""MCR_v2_seq100/174"", ""MCR_v2_seq100/201"", ""MCR_v2_seq100/208"", ""MCR_v2_seq100/230"", ""MCR_v2_seq100/242""]","[""DA_d2_heldout100/259"", ""DA_d2_heldout100/262"", ""DA_d2_heldout100/266"", ""DA_d2_heldout100/273"", ""DA_d2_heldout100/281"", ""DA_d2_heldout100/310"", ""DA_d2_heldout100/318"", ""DA_d2_heldout100/359"", ""DA_d2_heldout100/379"", ""DA_d2_heldout100/420"", ""DA_d2_heldout200b/459"", ""DA_d2_heldout200b/484"", ""DA_d2_heldout200b/485"", ""DA_d2_heldout200b/497"", ""DA_d2_heldout200b/498"", ""DA_d2_heldout200b/548"", ""DA_d2_heldout200b/560"", ""DA_d2_heldout200b/565"", ""DA_d2_heldout200b/574"", ""DA_d2_heldout200b/578"", ""DA_d2_heldout200b/589"", ""DA_d2_heldout200b/601"", ""DA_d2_heldout200b/618"", ""DA_d2_heldout200b/636"", ""DA_d2_heldout200b/706"", ""DA_d2_heldout200b/713"", ""DA_d2_heldout200b/719"", ""DA_d2_heldout200b/736"", ""DA_d2_heldout200b/743"", ""DA_d2_heldout200b/753"", ""DA_d2_heldout200b/757"", ""DA_d2_heldout200b/763"", ""DA_d2_heldout200b/765"", ""DA_d2_seq100/118"", ""DA_d2_seq100/183"", ""DA_d2_seq100/186"", ""DA_d2_seq100/19"", ""DA_d2_seq100/206"", ""DA_d2_seq100/33"", ""DA_d2_seq100/45"", ""DA_d2_seq100/57"", ""DA_d2_seq100/59"", ""MCR_seq200b/251"", ""MCR_seq200b/261"", ""MCR_seq200b/297"", ""MCR_seq200b/328"", ""MCR_seq200b/332"", ""MCR_seq200b/337"", ""MCR_seq200b/338"", ""MCR_seq200b/345"", ""MCR_seq200b/364"", ""MCR_seq200b/376"", ""MCR_seq200b/384"", ""MCR_seq200b/411"", ""MCR_seq200b/436"", ""MCR_seq200b/478"", ""MCR_v1_seq100/117"", ""MCR_v1_seq100/119"", ""MCR_v1_seq100/24"", ""MCR_v1_seq100/43"", ""MCR_v1_seq100/46"", ""MCR_v1_seq100/47"", ""MCR_v1_seq100/54"", ""MCR_v1_seq100/58"", ""MCR_v1_seq100/68"", ""MCR_v1_seq100/78"", ""MCR_v1_seq100/8"", ""MCR_v1_seq100/95"", ""MCR_v2_seq100/139"", ""MCR_v2_seq100/154"", ""MCR_v2_seq100/169"", ""MCR_v2_seq100/213"", ""MCR_v2_seq100/221"", ""MCR_v2_seq100/244""]",0.00011083958931402502
RCR3,lite3_safe,rcr3_default,rcr3_vs_lite3_same_3call_budget,primary,ALL,complete_or_compatible_partial,300,75,55,33,137,0.43333333333333335,0.36,-0.07333333333333333,0.02462283158179103,"[-0.133333, -0.013333]","[""DA_d2_heldout100/259"", ""DA_d2_heldout100/273"", ""DA_d2_heldout100/318"", ""DA_d2_heldout100/359"", ""DA_d2_heldout200b/484"", ""DA_d2_heldout200b/485"", ""DA_d2_heldout200b/498"", ""DA_d2_heldout200b/560"", ""DA_d2_heldout200b/574"", ""DA_d2_heldout200b/589"", ""DA_d2_heldout200b/611"", ""DA_d2_heldout200b/618"", ""DA_d2_heldout200b/636"", ""DA_d2_heldout200b/743"", ""DA_d2_heldout200b/763"", ""DA_d2_heldout200b/765"", ""DA_d2_seq100/183"", ""DA_d2_seq100/33"", ""DA_d2_seq100/95"", ""MCR_seq200b/297"", ""MCR_seq200b/338"", ""MCR_seq200b/345"", ""MCR_seq200b/364"", ""MCR_seq200b/376"", ""MCR_seq200b/384"", ""MCR_v1_seq100/117"", ""MCR_v1_seq100/119"", ""MCR_v1_seq100/43"", ""MCR_v1_seq100/46"", ""MCR_v1_seq100/68"", ""MCR_v1_seq100/78"", ""MCR_v1_seq100/95"", ""MCR_v2_seq100/139""]","[""DA_d2_heldout100/268"", ""DA_d2_heldout100/330"", ""DA_d2_heldout100/372"", ""DA_d2_heldout100/404"", ""DA_d2_heldout100/437"", ""DA_d2_heldout200b/474"", ""DA_d2_heldout200b/508"", ""DA_d2_heldout200b/523"", ""DA_d2_heldout200b/524"", ""DA_d2_heldout200b/527"", ""DA_d2_heldout200b/591"", ""DA_d2_heldout200b/596"", ""DA_d2_heldout200b/600"", ""DA_d2_heldout200b/619"", ""DA_d2_heldout200b/622"", ""DA_d2_heldout200b/630"", ""DA_d2_heldout200b/660"", ""DA_d2_heldout200b/687"", ""DA_d2_heldout200b/698"", ""DA_d2_heldout200b/724"", ""DA_d2_heldout200b/738"", ""DA_d2_heldout200b/745"", ""DA_d2_heldout200b/748"", ""DA_d2_heldout200b/752"", ""DA_d2_heldout200b/756"", ""DA_d2_heldout200b/762"", ""DA_d2_heldout200b/766"", ""DA_d2_heldout200b/777"", ""DA_d2_heldout200b/778"", ""DA_d2_seq100/103"", ""DA_d2_seq100/11"", ""DA_d2_seq100/139"", ""DA_d2_seq100/156"", ""DA_d2_seq100/21"", ""DA_d2_seq100/225"", ""DA_d2_seq100/241"", ""DA_d2_seq100/243"", ""MCR_seq200b/263"", ""MCR_seq200b/265"", ""MCR_seq200b/321"", ""MCR_seq200b/369"", ""MCR_seq200b/418"", ""MCR_seq200b/448"", ""MCR_seq200b/456"", ""MCR_seq200b/471"", ""MCR_v1_seq100/12"", ""MCR_v1_seq100/6"", ""MCR_v1_seq100/76"", ""MCR_v1_seq100/86"", ""MCR_v2_seq100/174"", ""MCR_v2_seq100/197"", ""MCR_v2_seq100/201"", ""MCR_v2_seq100/208"", ""MCR_v2_seq100/227"", ""MCR_v2_seq100/230""]",0.02462283158179103
RCR3,lite3_safe,compact4_true3gen,third_generator_marginal_utility,primary,ALL,complete_or_compatible_partial,300,57,73,9,161,0.43333333333333335,0.22,-0.21333333333333335,1.3767370902215938e-13,"[-0.266667, -0.16]","[""DA_d2_heldout200b/532"", ""DA_d2_heldout200b/611"", ""DA_d2_heldout200b/771"", ""DA_d2_heldout200b/774"", ""DA_d2_seq100/164"", ""DA_d2_seq100/63"", ""DA_d2_seq100/95"", ""MCR_seq200b/458"", ""MCR_v2_seq100/242""]","[""DA_d2_heldout100/262"", ""DA_d2_heldout100/266"", ""DA_d2_heldout100/281"", ""DA_d2_heldout100/310"", ""DA_d2_heldout100/330"", ""DA_d2_heldout100/379"", ""DA_d2_heldout100/404"", ""DA_d2_heldout100/420"", ""DA_d2_heldout200b/459"", ""DA_d2_heldout200b/474"", ""DA_d2_heldout200b/497"", ""DA_d2_heldout200b/508"", ""DA_d2_heldout200b/524"", ""DA_d2_heldout200b/527"", ""DA_d2_heldout200b/548"", ""DA_d2_heldout200b/565"", ""DA_d2_heldout200b/578"", ""DA_d2_heldout200b/596"", ""DA_d2_heldout200b/601"", ""DA_d2_heldout200b/630"", ""DA_d2_heldout200b/660"", ""DA_d2_heldout200b/687"", ""DA_d2_heldout200b/698"", ""DA_d2_heldout200b/706"", ""DA_d2_heldout200b/713"", ""DA_d2_heldout200b/719"", ""DA_d2_heldout200b/724"", ""DA_d2_heldout200b/736"", ""DA_d2_heldout200b/738"", ""DA_d2_heldout200b/745"", ""DA_d2_heldout200b/752"", ""DA_d2_heldout200b/753"", ""DA_d2_heldout200b/756"", ""DA_d2_heldout200b/757"", ""DA_d2_heldout200b/762"", ""DA_d2_heldout200b/778"", ""DA_d2_seq100/103"", ""DA_d2_seq100/118"", ""DA_d2_seq100/156"", ""DA_d2_seq100/186"", ""DA_d2_seq100/19"", ""DA_d2_seq100/206"", ""DA_d2_seq100/21"", ""DA_d2_seq100/241"", ""DA_d2_seq100/45"", ""DA_d2_seq100/57"", ""DA_d2_seq100/59"", ""MCR_seq200b/251"", ""MCR_seq200b/261"", ""MCR_seq200b/263"", ""MCR_seq200b/265"", ""MCR_seq200b/321"", ""MCR_seq200b/328"", ""MCR_seq200b/332"", ""MCR_seq200b/337"", ""MCR_seq200b/369"", ""MCR_seq200b/411"", ""MCR_seq200b/436"", ""MCR_seq200b/478"", ""MCR_v1_seq100/24"", ""MCR_v1_seq100/47"", ""MCR_v1_seq100/54"", ""MCR_v1_seq100/58"", ""MCR_v1_seq100/6"", ""MCR_v1_seq100/8"", ""MCR_v1_seq100/86"", ""MCR_v2_seq100/154"", ""MCR_v2_seq100/169"", ""MCR_v2_seq100/197"", ""MCR_v2_seq100/213"", ""MCR_v2_seq100/221"", ""MCR_v2_seq100/227"", ""MCR_v2_seq100/244""]",4.1302112706647815e-13
RCR3,rcr3_default,compact4_true3gen,compact4_vs_rcr3,primary,ALL,legacy_chain,300,8,22,20,250,0.1,0.09333333333333334,-0.006666666666666667,0.8776143287523155,"[-0.05, 0.033333]","[""DA_d2_heldout100/268"", ""DA_d2_heldout100/415"", ""DA_d2_heldout200b/477"", ""DA_d2_heldout200b/489"", ""DA_d2_heldout200b/523"", ""DA_d2_heldout200b/549"", ""DA_d2_heldout200b/600"", ""DA_d2_heldout200b/615"", ""DA_d2_heldout200b/748"", ""DA_d2_seq100/214"", ""DA_d2_seq100/243"", ""DA_d2_seq100/63"", ""MCR_seq200b/283"", ""MCR_seq200b/418"", ""MCR_seq200b/448"", ""MCR_seq200b/456"", ""MCR_seq200b/458"", ""MCR_v1_seq100/12"", ""MCR_v1_seq100/76"", ""MCR_v2_seq100/174""]","[""DA_d2_heldout100/269"", ""DA_d2_heldout100/273"", ""DA_d2_heldout100/431"", ""DA_d2_heldout200b/498"", ""DA_d2_heldout200b/574"", ""DA_d2_heldout200b/736"", ""DA_d2_heldout200b/746"", ""DA_d2_heldout200b/770"", ""DA_d2_seq100/186"", ""DA_d2_seq100/45"", ""DA_d2_seq100/59"", ""MCR_seq200b/328"", ""MCR_seq200b/376"", ""MCR_v1_seq100/117"", ""MCR_v1_seq100/24"", ""MCR_v1_seq100/46"", ""MCR_v1_seq100/54"", ""MCR_v1_seq100/8"", ""MCR_v1_seq100/95"", ""MCR_v2_seq100/139"", ""MCR_v2_seq100/154"", ""MCR_v2_seq100/169""]",0.8776143287523155
RCR3,lite3_safe,rcr3_default,rcr3_vs_lite3_same_3call_budget,primary,ALL,legacy_chain,300,17,33,13,237,0.16666666666666666,0.1,-0.06666666666666667,0.004533861582189047,"[-0.11, -0.023333]","[""DA_d2_heldout100/269"", ""DA_d2_heldout100/273"", ""DA_d2_heldout100/431"", ""DA_d2_heldout200b/498"", ""DA_d2_heldout200b/574"", ""DA_d2_heldout200b/736"", ""DA_d2_heldout200b/746"", ""MCR_seq200b/376"", ""MCR_v1_seq100/117"", ""MCR_v1_seq100/46"", ""MCR_v1_seq100/8"", ""MCR_v1_seq100/95"", ""MCR_v2_seq100/139""]","[""DA_d2_heldout100/268"", ""DA_d2_heldout100/310"", ""DA_d2_heldout100/415"", ""DA_d2_heldout100/420"", ""DA_d2_heldout200b/477"", ""DA_d2_heldout200b/508"", ""DA_d2_heldout200b/523"", ""DA_d2_heldout200b/549"", ""DA_d2_heldout200b/565"", ""DA_d2_heldout200b/578"", ""DA_d2_heldout200b/596"", ""DA_d2_heldout200b/600"", ""DA_d2_heldout200b/615"", ""DA_d2_heldout200b/619"", ""DA_d2_heldout200b/706"", ""DA_d2_heldout200b/724"", ""DA_d2_heldout200b/752"", ""DA_d2_seq100/206"", ""DA_d2_seq100/214"", ""DA_d2_seq100/241"", ""DA_d2_seq100/243"", ""MCR_seq200b/263"", ""MCR_seq200b/283"", ""MCR_seq200b/332"", ""MCR_seq200b/369"", ""MCR_seq200b/418"", ""MCR_seq200b/436"", ""MCR_seq200b/448"", ""MCR_seq200b/456"", ""MCR_v1_seq100/12"", ""MCR_v1_seq100/76"", ""MCR_v2_seq100/221"", ""MCR_v2_seq100/227""]",0.009067723164378094
RCR3,lite3_safe,compact4_true3gen,third_generator_marginal_utility,primary,ALL,legacy_chain,300,23,27,5,245,0.16666666666666666,0.09333333333333334,-0.07333333333333333,0.00011307420209050179,"[-0.11, -0.036667]","[""DA_d2_heldout200b/489"", ""DA_d2_heldout200b/748"", ""DA_d2_seq100/63"", ""MCR_seq200b/458"", ""MCR_v2_seq100/174""]","[""DA_d2_heldout100/310"", ""DA_d2_heldout100/420"", ""DA_d2_heldout200b/508"", ""DA_d2_heldout200b/565"", ""DA_d2_heldout200b/578"", ""DA_d2_heldout200b/596"", ""DA_d2_heldout200b/619"", ""DA_d2_heldout200b/706"", ""DA_d2_heldout200b/724"", ""DA_d2_heldout200b/752"", ""DA_d2_heldout200b/770"", ""DA_d2_seq100/186"", ""DA_d2_seq100/206"", ""DA_d2_seq100/241"", ""DA_d2_seq100/45"", ""DA_d2_seq100/59"", ""MCR_seq200b/263"", ""MCR_seq200b/328"", ""MCR_seq200b/332"", ""MCR_seq200b/369"", ""MCR_seq200b/436"", ""MCR_v1_seq100/24"", ""MCR_v1_seq100/54"", ""MCR_v2_seq100/154"", ""MCR_v2_seq100/169"", ""MCR_v2_seq100/221"", ""MCR_v2_seq100/227""]",0.00033922260627150536
RCR3,rcr3_default,compact4_true3gen,compact4_vs_rcr3,primary,ALL,safe_exact,300,2,5,6,287,0.023333333333333334,0.02666666666666667,0.0033333333333333335,1.0,"[-0.016667, 0.023333]","[""MCR_seq200b/448"", ""MCR_seq200b/456"", ""MCR_v1_seq100/12"", ""MCR_v1_seq100/76"", ""MCR_v2_seq100/174"", ""MCR_v2_seq100/208""]","[""MCR_seq200b/376"", ""MCR_v1_seq100/24"", ""MCR_v1_seq100/8"", ""MCR_v2_seq100/154"", ""MCR_v2_seq100/169""]",1.0
RCR3,lite3_safe,rcr3_default,rcr3_vs_lite3_same_3call_budget,primary,ALL,safe_exact,300,5,11,2,282,0.05333333333333334,0.023333333333333334,-0.03,0.0224609375,"[-0.053333, -0.006667]","[""MCR_seq200b/376"", ""MCR_v1_seq100/8""]","[""MCR_seq200b/263"", ""MCR_seq200b/283"", ""MCR_seq200b/328"", ""MCR_seq200b/332"", ""MCR_seq200b/448"", ""MCR_seq200b/456"", ""MCR_v1_seq100/105"", ""MCR_v1_seq100/12"", ""MCR_v1_seq100/76"", ""MCR_v2_seq100/208"", ""MCR_v2_seq100/227""]",0.064453125
RCR3,lite3_safe,compact4_true3gen,third_generator_marginal_utility,primary,ALL,safe_exact,300,7,9,1,283,0.05333333333333334,0.02666666666666667,-0.02666666666666667,0.021484375,"[-0.046667, -0.006667]","[""MCR_v2_seq100/174""]","[""MCR_seq200b/263"", ""MCR_seq200b/283"", ""MCR_seq200b/328"", ""MCR_seq200b/332"", ""MCR_v1_seq100/105"", ""MCR_v1_seq100/24"", ""MCR_v2_seq100/154"", ""MCR_v2_seq100/169"", ""MCR_v2_seq100/227""]",0.064453125
RCR3,rcr3_default,compact4_true3gen,compact4_vs_rcr3,primary,DA,clinical_complete,150,0,0,0,150,0.0,0.0,0.0,1.0,"[0.0, 0.0]",[],[],1.0
RCR3,lite3_safe,rcr3_default,rcr3_vs_lite3_same_3call_budget,primary,DA,clinical_complete,150,0,0,0,150,0.0,0.0,0.0,1.0,"[0.0, 0.0]",[],[],1.0
RCR3,lite3_safe,compact4_true3gen,third_generator_marginal_utility,primary,DA,clinical_complete,150,0,0,0,150,0.0,0.0,0.0,1.0,"[0.0, 0.0]",[],[],1.0
RCR3,rcr3_default,compact4_true3gen,compact4_vs_rcr3,primary,DA,compatible_partial,150,23,42,20,65,0.43333333333333335,0.2866666666666667,-0.14666666666666667,0.007148733833163067,"[-0.246667, -0.046667]","[""DA_d2_heldout100/268"", ""DA_d2_heldout100/372"", ""DA_d2_heldout100/437"", ""DA_d2_heldout200b/523"", ""DA_d2_heldout200b/532"", ""DA_d2_heldout200b/591"", ""DA_d2_heldout200b/600"", ""DA_d2_heldout200b/619"", ""DA_d2_heldout200b/622"", ""DA_d2_heldout200b/748"", ""DA_d2_heldout200b/766"", ""DA_d2_heldout200b/771"", ""DA_d2_heldout200b/774"", ""DA_d2_heldout200b/777"", ""DA_d2_seq100/11"", ""DA_d2_seq100/139"", ""DA_d2_seq100/164"", ""DA_d2_seq100/225"", ""DA_d2_seq100/243"", ""DA_d2_seq100/63""]","[""DA_d2_heldout100/259"", ""DA_d2_heldout100/262"", ""DA_d2_heldout100/266"", ""DA_d2_heldout100/273"", ""DA_d2_heldout100/281"", ""DA_d2_heldout100/310"", ""DA_d2_heldout100/318"", ""DA_d2_heldout100/359"", ""DA_d2_heldout100/379"", ""DA_d2_heldout100/420"", ""DA_d2_heldout200b/459"", ""DA_d2_heldout200b/484"", ""DA_d2_heldout200b/485"", ""DA_d2_heldout200b/497"", ""DA_d2_heldout200b/498"", ""DA_d2_heldout200b/548"", ""DA_d2_heldout200b/560"", ""DA_d2_heldout200b/565"", ""DA_d2_heldout200b/574"", ""DA_d2_heldout200b/578"", ""DA_d2_heldout200b/589"", ""DA_d2_heldout200b/601"", ""DA_d2_heldout200b/618"", ""DA_d2_heldout200b/636"", ""DA_d2_heldout200b/706"", ""DA_d2_heldout200b/713"", ""DA_d2_heldout200b/719"", ""DA_d2_heldout200b/736"", ""DA_d2_heldout200b/743"", ""DA_d2_heldout200b/753"", ""DA_d2_heldout200b/757"", ""DA_d2_heldout200b/763"", ""DA_d2_heldout200b/765"", ""DA_d2_seq100/118"", ""DA_d2_seq100/183"", ""DA_d2_seq100/186"", ""DA_d2_seq100/19"", ""DA_d2_seq100/206"", ""DA_d2_seq100/33"", ""DA_d2_seq100/45"", ""DA_d2_seq100/57"", ""DA_d2_seq100/59""]",0.014297467666326134
RCR3,lite3_safe,rcr3_default,rcr3_vs_lite3_same_3call_budget,primary,DA,compatible_partial,150,46,37,19,48,0.5533333333333333,0.43333333333333335,-0.12,0.022241389472860112,"[-0.213333, -0.02]","[""DA_d2_heldout100/259"", ""DA_d2_heldout100/273"", ""DA_d2_heldout100/318"", ""DA_d2_heldout100/359"", ""DA_d2_heldout200b/484"", ""DA_d2_heldout200b/485"", ""DA_d2_heldout200b/498"", ""DA_d2_heldout200b/560"", ""DA_d2_heldout200b/574"", ""DA_d2_heldout200b/589"", ""DA_d2_heldout200b/611"", ""DA_d2_heldout200b/618"", ""DA_d2_heldout200b/636"", ""DA_d2_heldout200b/743"", ""DA_d2_heldout200b/763"", ""DA_d2_heldout200b/765"", ""DA_d2_seq100/183"", ""DA_d2_seq100/33"", ""DA_d2_seq100/95""]","[""DA_d2_heldout100/268"", ""DA_d2_heldout100/330"", ""DA_d2_heldout100/372"", ""DA_d2_heldout100/404"", ""DA_d2_heldout100/437"", ""DA_d2_heldout200b/474"", ""DA_d2_heldout200b/508"", ""DA_d2_heldout200b/523"", ""DA_d2_heldout200b/524"", ""DA_d2_heldout200b/527"", ""DA_d2_heldout200b/591"", ""DA_d2_heldout200b/596"", ""DA_d2_heldout200b/600"", ""DA_d2_heldout200b/619"", ""DA_d2_heldout200b/622"", ""DA_d2_heldout200b/630"", ""DA_d2_heldout200b/660"", ""DA_d2_heldout200b/687"", ""DA_d2_heldout200b/698"", ""DA_d2_heldout200b/724"", ""DA_d2_heldout200b/738"", ""DA_d2_heldout200b/745"", ""DA_d2_heldout200b/748"", ""DA_d2_heldout200b/752"", ""DA_d2_heldout200b/756"", ""DA_d2_heldout200b/762"", ""DA_d2_heldout200b/766"", ""DA_d2_heldout200b/777"", ""DA_d2_heldout200b/778"", ""DA_d2_seq100/103"", ""DA_d2_seq100/11"", ""DA_d2_seq100/139"", ""DA_d2_seq100/156"", ""DA_d2_seq100/21"", ""DA_d2_seq100/225"", ""DA_d2_seq100/241"", ""DA_d2_seq100/243""]",0.022241389472860112
RCR3,lite3_safe,compact4_true3gen,third_generator_marginal_utility,primary,DA,compatible_partial,150,36,47,7,60,0.5533333333333333,0.2866666666666667,-0.26666666666666666,2.2918642095248742e-08,"[-0.353333, -0.18]","[""DA_d2_heldout200b/532"", ""DA_d2_heldout200b/611"", ""DA_d2_heldout200b/771"", ""DA_d2_heldout200b/774"", ""DA_d2_seq100/164"", ""DA_d2_seq100/63"", ""DA_d2_seq100/95""]","[""DA_d2_heldout100/262"", ""DA_d2_heldout100/266"", ""DA_d2_heldout100/281"", ""DA_d2_heldout100/310"", ""DA_d2_heldout100/330"", ""DA_d2_heldout100/379"", ""DA_d2_heldout100/404"", ""DA_d2_heldout100/420"", ""DA_d2_heldout200b/459"", ""DA_d2_heldout200b/474"", ""DA_d2_heldout200b/497"", ""DA_d2_heldout200b/508"", ""DA_d2_heldout200b/524"", ""DA_d2_heldout200b/527"", ""DA_d2_heldout200b/548"", ""DA_d2_heldout200b/565"", ""DA_d2_heldout200b/578"", ""DA_d2_heldout200b/596"", ""DA_d2_heldout200b/601"", ""DA_d2_heldout200b/630"", ""DA_d2_heldout200b/660"", ""DA_d2_heldout200b/687"", ""DA_d2_heldout200b/698"", ""DA_d2_heldout200b/706"", ""DA_d2_heldout200b/713"", ""DA_d2_heldout200b/719"", ""DA_d2_heldout200b/724"", ""DA_d2_heldout200b/736"", ""DA_d2_heldout200b/738"", ""DA_d2_heldout200b/745"", ""DA_d2_heldout200b/752"", ""DA_d2_heldout200b/753"", ""DA_d2_heldout200b/756"", ""DA_d2_heldout200b/757"", ""DA_d2_heldout200b/762"", ""DA_d2_heldout200b/778"", ""DA_d2_seq100/103"", ""DA_d2_seq100/118"", ""DA_d2_seq100/156"", ""DA_d2_seq100/186"", ""DA_d2_seq100/19"", ""DA_d2_seq100/206"", ""DA_d2_seq100/21"", ""DA_d2_seq100/241"", ""DA_d2_seq100/45"", ""DA_d2_seq100/57"", ""DA_d2_seq100/59""]",6.875592628574623e-08
RCR3,rcr3_default,compact4_true3gen,compact4_vs_rcr3,primary,DA,complete_or_compatible_partial,150,23,42,20,65,0.43333333333333335,0.2866666666666667,-0.14666666666666667,0.007148733833163067,"[-0.246667, -0.046667]","[""DA_d2_heldout100/268"", ""DA_d2_heldout100/372"", ""DA_d2_heldout100/437"", ""DA_d2_heldout200b/523"", ""DA_d2_heldout200b/532"", ""DA_d2_heldout200b/591"", ""DA_d2_heldout200b/600"", ""DA_d2_heldout200b/619"", ""DA_d2_heldout200b/622"", ""DA_d2_heldout200b/748"", ""DA_d2_heldout200b/766"", ""DA_d2_heldout200b/771"", ""DA_d2_heldout200b/774"", ""DA_d2_heldout200b/777"", ""DA_d2_seq100/11"", ""DA_d2_seq100/139"", ""DA_d2_seq100/164"", ""DA_d2_seq100/225"", ""DA_d2_seq100/243"", ""DA_d2_seq100/63""]","[""DA_d2_heldout100/259"", ""DA_d2_heldout100/262"", ""DA_d2_heldout100/266"", ""DA_d2_heldout100/273"", ""DA_d2_heldout100/281"", ""DA_d2_heldout100/310"", ""DA_d2_heldout100/318"", ""DA_d2_heldout100/359"", ""DA_d2_heldout100/379"", ""DA_d2_heldout100/420"", ""DA_d2_heldout200b/459"", ""DA_d2_heldout200b/484"", ""DA_d2_heldout200b/485"", ""DA_d2_heldout200b/497"", ""DA_d2_heldout200b/498"", ""DA_d2_heldout200b/548"", ""DA_d2_heldout200b/560"", ""DA_d2_heldout200b/565"", ""DA_d2_heldout200b/574"", ""DA_d2_heldout200b/578"", ""DA_d2_heldout200b/589"", ""DA_d2_heldout200b/601"", ""DA_d2_heldout200b/618"", ""DA_d2_heldout200b/636"", ""DA_d2_heldout200b/706"", ""DA_d2_heldout200b/713"", ""DA_d2_heldout200b/719"", ""DA_d2_heldout200b/736"", ""DA_d2_heldout200b/743"", ""DA_d2_heldout200b/753"", ""DA_d2_heldout200b/757"", ""DA_d2_heldout200b/763"", ""DA_d2_heldout200b/765"", ""DA_d2_seq100/118"", ""DA_d2_seq100/183"", ""DA_d2_seq100/186"", ""DA_d2_seq100/19"", ""DA_d2_seq100/206"", ""DA_d2_seq100/33"", ""DA_d2_seq100/45"", ""DA_d2_seq100/57"", ""DA_d2_seq100/59""]",0.014297467666326134
RCR3,lite3_safe,rcr3_default,rcr3_vs_lite3_same_3call_budget,primary,DA,complete_or_compatible_partial,150,46,37,19,48,0.5533333333333333,0.43333333333333335,-0.12,0.022241389472860112,"[-0.213333, -0.026667]","[""DA_d2_heldout100/259"", ""DA_d2_heldout100/273"", ""DA_d2_heldout100/318"", ""DA_d2_heldout100/359"", ""DA_d2_heldout200b/484"", ""DA_d2_heldout200b/485"", ""DA_d2_heldout200b/498"", ""DA_d2_heldout200b/560"", ""DA_d2_heldout200b/574"", ""DA_d2_heldout200b/589"", ""DA_d2_heldout200b/611"", ""DA_d2_heldout200b/618"", ""DA_d2_heldout200b/636"", ""DA_d2_heldout200b/743"", ""DA_d2_heldout200b/763"", ""DA_d2_heldout200b/765"", ""DA_d2_seq100/183"", ""DA_d2_seq100/33"", ""DA_d2_seq100/95""]","[""DA_d2_heldout100/268"", ""DA_d2_heldout100/330"", ""DA_d2_heldout100/372"", ""DA_d2_heldout100/404"", ""DA_d2_heldout100/437"", ""DA_d2_heldout200b/474"", ""DA_d2_heldout200b/508"", ""DA_d2_heldout200b/523"", ""DA_d2_heldout200b/524"", ""DA_d2_heldout200b/527"", ""DA_d2_heldout200b/591"", ""DA_d2_heldout200b/596"", ""DA_d2_heldout200b/600"", ""DA_d2_heldout200b/619"", ""DA_d2_heldout200b/622"", ""DA_d2_heldout200b/630"", ""DA_d2_heldout200b/660"", ""DA_d2_heldout200b/687"", ""DA_d2_heldout200b/698"", ""DA_d2_heldout200b/724"", ""DA_d2_heldout200b/738"", ""DA_d2_heldout200b/745"", ""DA_d2_heldout200b/748"", ""DA_d2_heldout200b/752"", ""DA_d2_heldout200b/756"", ""DA_d2_heldout200b/762"", ""DA_d2_heldout200b/766"", ""DA_d2_heldout200b/777"", ""DA_d2_heldout200b/778"", ""DA_d2_seq100/103"", ""DA_d2_seq100/11"", ""DA_d2_seq100/139"", ""DA_d2_seq100/156"", ""DA_d2_seq100/21"", ""DA_d2_seq100/225"", ""DA_d2_seq100/241"", ""DA_d2_seq100/243""]",0.022241389472860112
RCR3,lite3_safe,compact4_true3gen,third_generator_marginal_utility,primary,DA,complete_or_compatible_partial,150,36,47,7,60,0.5533333333333333,0.2866666666666667,-0.26666666666666666,2.2918642095248742e-08,"[-0.353333, -0.18]","[""DA_d2_heldout200b/532"", ""DA_d2_heldout200b/611"", ""DA_d2_heldout200b/771"", ""DA_d2_heldout200b/774"", ""DA_d2_seq100/164"", ""DA_d2_seq100/63"", ""DA_d2_seq100/95""]","[""DA_d2_heldout100/262"", ""DA_d2_heldout100/266"", ""DA_d2_heldout100/281"", ""DA_d2_heldout100/310"", ""DA_d2_heldout100/330"", ""DA_d2_heldout100/379"", ""DA_d2_heldout100/404"", ""DA_d2_heldout100/420"", ""DA_d2_heldout200b/459"", ""DA_d2_heldout200b/474"", ""DA_d2_heldout200b/497"", ""DA_d2_heldout200b/508"", ""DA_d2_heldout200b/524"", ""DA_d2_heldout200b/527"", ""DA_d2_heldout200b/548"", ""DA_d2_heldout200b/565"", ""DA_d2_heldout200b/578"", ""DA_d2_heldout200b/596"", ""DA_d2_heldout200b/601"", ""DA_d2_heldout200b/630"", ""DA_d2_heldout200b/660"", ""DA_d2_heldout200b/687"", ""DA_d2_heldout200b/698"", ""DA_d2_heldout200b/706"", ""DA_d2_heldout200b/713"", ""DA_d2_heldout200b/719"", ""DA_d2_heldout200b/724"", ""DA_d2_heldout200b/736"", ""DA_d2_heldout200b/738"", ""DA_d2_heldout200b/745"", ""DA_d2_heldout200b/752"", ""DA_d2_heldout200b/753"", ""DA_d2_heldout200b/756"", ""DA_d2_heldout200b/757"", ""DA_d2_heldout200b/762"", ""DA_d2_heldout200b/778"", ""DA_d2_seq100/103"", ""DA_d2_seq100/118"", ""DA_d2_seq100/156"", ""DA_d2_seq100/186"", ""DA_d2_seq100/19"", ""DA_d2_seq100/206"", ""DA_d2_seq100/21"", ""DA_d2_seq100/241"", ""DA_d2_seq100/45"", ""DA_d2_seq100/57"", ""DA_d2_seq100/59""]",6.875592628574623e-08
RCR3,rcr3_default,compact4_true3gen,compact4_vs_rcr3,primary,DA,legacy_chain,150,3,11,12,124,0.09333333333333334,0.1,0.006666666666666667,1.0,"[-0.053333, 0.066667]","[""DA_d2_heldout100/268"", ""DA_d2_heldout100/415"", ""DA_d2_heldout200b/477"", ""DA_d2_heldout200b/489"", ""DA_d2_heldout200b/523"", ""DA_d2_heldout200b/549"", ""DA_d2_heldout200b/600"", ""DA_d2_heldout200b/615"", ""DA_d2_heldout200b/748"", ""DA_d2_seq100/214"", ""DA_d2_seq100/243"", ""DA_d2_seq100/63""]","[""DA_d2_heldout100/269"", ""DA_d2_heldout100/273"", ""DA_d2_heldout100/431"", ""DA_d2_heldout200b/498"", ""DA_d2_heldout200b/574"", ""DA_d2_heldout200b/736"", ""DA_d2_heldout200b/746"", ""DA_d2_heldout200b/770"", ""DA_d2_seq100/186"", ""DA_d2_seq100/45"", ""DA_d2_seq100/59""]",1.0
RCR3,lite3_safe,rcr3_default,rcr3_vs_lite3_same_3call_budget,primary,DA,legacy_chain,150,7,21,7,115,0.18666666666666668,0.09333333333333334,-0.09333333333333334,0.012540951371192932,"[-0.16, -0.026667]","[""DA_d2_heldout100/269"", ""DA_d2_heldout100/273"", ""DA_d2_heldout100/431"", ""DA_d2_heldout200b/498"", ""DA_d2_heldout200b/574"", ""DA_d2_heldout200b/736"", ""DA_d2_heldout200b/746""]","[""DA_d2_heldout100/268"", ""DA_d2_heldout100/310"", ""DA_d2_heldout100/415"", ""DA_d2_heldout100/420"", ""DA_d2_heldout200b/477"", ""DA_d2_heldout200b/508"", ""DA_d2_heldout200b/523"", ""DA_d2_heldout200b/549"", ""DA_d2_heldout200b/565"", ""DA_d2_heldout200b/578"", ""DA_d2_heldout200b/596"", ""DA_d2_heldout200b/600"", ""DA_d2_heldout200b/615"", ""DA_d2_heldout200b/619"", ""DA_d2_heldout200b/706"", ""DA_d2_heldout200b/724"", ""DA_d2_heldout200b/752"", ""DA_d2_seq100/206"", ""DA_d2_seq100/214"", ""DA_d2_seq100/241"", ""DA_d2_seq100/243""]",0.025081902742385864
RCR3,lite3_safe,compact4_true3gen,third_generator_marginal_utility,primary,DA,legacy_chain,150,12,16,3,119,0.18666666666666668,0.1,-0.08666666666666667,0.004425048828125,"[-0.14, -0.033333]","[""DA_d2_heldout200b/489"", ""DA_d2_heldout200b/748"", ""DA_d2_seq100/63""]","[""DA_d2_heldout100/310"", ""DA_d2_heldout100/420"", ""DA_d2_heldout200b/508"", ""DA_d2_heldout200b/565"", ""DA_d2_heldout200b/578"", ""DA_d2_heldout200b/596"", ""DA_d2_heldout200b/619"", ""DA_d2_heldout200b/706"", ""DA_d2_heldout200b/724"", ""DA_d2_heldout200b/752"", ""DA_d2_heldout200b/770"", ""DA_d2_seq100/186"", ""DA_d2_seq100/206"", ""DA_d2_seq100/241"", ""DA_d2_seq100/45"", ""DA_d2_seq100/59""]",0.013275146484375
RCR3,rcr3_default,compact4_true3gen,compact4_vs_rcr3,primary,DA,safe_exact,150,0,0,0,150,0.0,0.0,0.0,1.0,"[0.0, 0.0]",[],[],1.0
RCR3,lite3_safe,rcr3_default,rcr3_vs_lite3_same_3call_budget,primary,DA,safe_exact,150,0,0,0,150,0.0,0.0,0.0,1.0,"[0.0, 0.0]",[],[],1.0
RCR3,lite3_safe,compact4_true3gen,third_generator_marginal_utility,primary,DA,safe_exact,150,0,0,0,150,0.0,0.0,0.0,1.0,"[0.0, 0.0]",[],[],1.0
RCR3,rcr3_default,compact4_true3gen,compact4_vs_rcr3,primary,MCR,clinical_complete,150,4,9,9,128,0.08666666666666667,0.08666666666666667,0.0,1.0,"[-0.053333, 0.053333]","[""MCR_seq200b/283"", ""MCR_seq200b/448"", ""MCR_seq200b/456"", ""MCR_seq200b/458"", ""MCR_v1_seq100/12"", ""MCR_v1_seq100/75"", ""MCR_v1_seq100/76"", ""MCR_v2_seq100/174"", ""MCR_v2_seq100/208""]","[""MCR_seq200b/328"", ""MCR_seq200b/376"", ""MCR_seq200b/411"", ""MCR_v1_seq100/117"", ""MCR_v1_seq100/24"", ""MCR_v1_seq100/8"", ""MCR_v1_seq100/95"", ""MCR_v2_seq100/154"", ""MCR_v2_seq100/169""]",1.0
RCR3,lite3_safe,rcr3_default,rcr3_vs_lite3_same_3call_budget,primary,MCR,clinical_complete,150,10,12,3,125,0.14666666666666667,0.08666666666666667,-0.06,0.03515625,"[-0.113333, -0.013333]","[""MCR_seq200b/376"", ""MCR_v1_seq100/117"", ""MCR_v1_seq100/95""]","[""MCR_seq200b/251"", ""MCR_seq200b/263"", ""MCR_seq200b/283"", ""MCR_seq200b/332"", ""MCR_seq200b/436"", ""MCR_seq200b/448"", ""MCR_seq200b/456"", ""MCR_v1_seq100/105"", ""MCR_v1_seq100/12"", ""MCR_v1_seq100/76"", ""MCR_v2_seq100/208"", ""MCR_v2_seq100/227""]",0.10546875
RCR3,lite3_safe,compact4_true3gen,third_generator_marginal_utility,primary,MCR,clinical_complete,150,10,12,3,125,0.14666666666666667,0.08666666666666667,-0.06,0.03515625,"[-0.113333, -0.013333]","[""MCR_seq200b/458"", ""MCR_v1_seq100/75"", ""MCR_v2_seq100/174""]","[""MCR_seq200b/251"", ""MCR_seq200b/263"", ""MCR_seq200b/328"", ""MCR_seq200b/332"", ""MCR_seq200b/411"", ""MCR_seq200b/436"", ""MCR_v1_seq100/105"", ""MCR_v1_seq100/24"", ""MCR_v1_seq100/8"", ""MCR_v2_seq100/154"", ""MCR_v2_seq100/169"", ""MCR_v2_seq100/227""]",0.10546875
RCR3,rcr3_default,compact4_true3gen,compact4_vs_rcr3,primary,MCR,compatible_partial,150,5,25,5,115,0.2,0.06666666666666667,-0.13333333333333333,0.00032491423189640045,"[-0.2, -0.066667]","[""MCR_seq200b/418"", ""MCR_seq200b/471"", ""MCR_v2_seq100/201"", ""MCR_v2_seq100/230"", ""MCR_v2_seq100/242""]","[""MCR_seq200b/251"", ""MCR_seq200b/261"", ""MCR_seq200b/283"", ""MCR_seq200b/297"", ""MCR_seq200b/332"", ""MCR_seq200b/337"", ""MCR_seq200b/338"", ""MCR_seq200b/345"", ""MCR_seq200b/364"", ""MCR_seq200b/384"", ""MCR_seq200b/436"", ""MCR_seq200b/478"", ""MCR_v1_seq100/119"", ""MCR_v1_seq100/43"", ""MCR_v1_seq100/46"", ""MCR_v1_seq100/47"", ""MCR_v1_seq100/54"", ""MCR_v1_seq100/58"", ""MCR_v1_seq100/68"", ""MCR_v1_seq100/75"", ""MCR_v1_seq100/78"", ""MCR_v2_seq100/139"", ""MCR_v2_seq100/213"", ""MCR_v2_seq100/221"", ""MCR_v2_seq100/244""]",0.0009747426956892014
RCR3,lite3_safe,rcr3_default,rcr3_vs_lite3_same_3call_budget,primary,MCR,compatible_partial,150,14,11,16,109,0.16666666666666666,0.2,0.03333333333333333,0.44206833839416504,"[-0.033333, 0.1]","[""MCR_seq200b/251"", ""MCR_seq200b/283"", ""MCR_seq200b/297"", ""MCR_seq200b/332"", ""MCR_seq200b/338"", ""MCR_seq200b/345"", ""MCR_seq200b/364"", ""MCR_seq200b/384"", ""MCR_seq200b/436"", ""MCR_v1_seq100/105"", ""MCR_v1_seq100/119"", ""MCR_v1_seq100/43"", ""MCR_v1_seq100/46"", ""MCR_v1_seq100/68"", ""MCR_v1_seq100/78"", ""MCR_v2_seq100/139""]","[""MCR_seq200b/265"", ""MCR_seq200b/321"", ""MCR_seq200b/369"", ""MCR_seq200b/418"", ""MCR_seq200b/471"", ""MCR_v1_seq100/6"", ""MCR_v1_seq100/86"", ""MCR_v2_seq100/174"", ""MCR_v2_seq100/197"", ""MCR_v2_seq100/201"", ""MCR_v2_seq100/230""]",0.44206833839416504
RCR3,lite3_safe,compact4_true3gen,third_generator_marginal_utility,primary,MCR,compatible_partial,150,8,17,2,123,0.16666666666666666,0.06666666666666667,-0.1,0.000728607177734375,"[-0.153333, -0.046667]","[""MCR_v1_seq100/105"", ""MCR_v2_seq100/242""]","[""MCR_seq200b/261"", ""MCR_seq200b/265"", ""MCR_seq200b/321"", ""MCR_seq200b/337"", ""MCR_seq200b/369"", ""MCR_seq200b/478"", ""MCR_v1_seq100/47"", ""MCR_v1_seq100/54"", ""MCR_v1_seq100/58"", ""MCR_v1_seq100/6"", ""MCR_v1_seq100/75"", ""MCR_v1_seq100/86"", ""MCR_v2_seq100/174"", ""MCR_v2_seq100/197"", ""MCR_v2_seq100/213"", ""MCR_v2_seq100/221"", ""MCR_v2_seq100/244""]",0.00145721435546875
RCR3,rcr3_default,compact4_true3gen,compact4_vs_rcr3,primary,MCR,complete_or_compatible_partial,150,11,32,12,95,0.2866666666666667,0.15333333333333332,-0.13333333333333333,0.003657766827927844,"[-0.213333, -0.046667]","[""MCR_seq200b/418"", ""MCR_seq200b/448"", ""MCR_seq200b/456"", ""MCR_seq200b/458"", ""MCR_seq200b/471"", ""MCR_v1_seq100/12"", ""MCR_v1_seq100/76"", ""MCR_v2_seq100/174"", ""MCR_v2_seq100/201"", ""MCR_v2_seq100/208"", ""MCR_v2_seq100/230"", ""MCR_v2_seq100/242""]","[""MCR_seq200b/251"", ""MCR_seq200b/261"", ""MCR_seq200b/297"", ""MCR_seq200b/328"", ""MCR_seq200b/332"", ""MCR_seq200b/337"", ""MCR_seq200b/338"", ""MCR_seq200b/345"", ""MCR_seq200b/364"", ""MCR_seq200b/376"", ""MCR_seq200b/384"", ""MCR_seq200b/411"", ""MCR_seq200b/436"", ""MCR_seq200b/478"", ""MCR_v1_seq100/117"", ""MCR_v1_seq100/119"", ""MCR_v1_seq100/24"", ""MCR_v1_seq100/43"", ""MCR_v1_seq100/46"", ""MCR_v1_seq100/47"", ""MCR_v1_seq100/54"", ""MCR_v1_seq100/58"", ""MCR_v1_seq100/68"", ""MCR_v1_seq100/78"", ""MCR_v1_seq100/8"", ""MCR_v1_seq100/95"", ""MCR_v2_seq100/139"", ""MCR_v2_seq100/154"", ""MCR_v2_seq100/169"", ""MCR_v2_seq100/213"", ""MCR_v2_seq100/221"", ""MCR_v2_seq100/244""]",0.007315533655855688
RCR3,lite3_safe,rcr3_default,rcr3_vs_lite3_same_3call_budget,primary,MCR,complete_or_compatible_partial,150,29,18,14,89,0.31333333333333335,0.2866666666666667,-0.02666666666666667,0.5966148958541453,"[-0.1, 0.046667]","[""MCR_seq200b/297"", ""MCR_seq200b/338"", ""MCR_seq200b/345"", ""MCR_seq200b/364"", ""MCR_seq200b/376"", ""MCR_seq200b/384"", ""MCR_v1_seq100/117"", ""MCR_v1_seq100/119"", ""MCR_v1_seq100/43"", ""MCR_v1_seq100/46"", ""MCR_v1_seq100/68"", ""MCR_v1_seq100/78"", ""MCR_v1_seq100/95"", ""MCR_v2_seq100/139""]","[""MCR_seq200b/263"", ""MCR_seq200b/265"", ""MCR_seq200b/321"", ""MCR_seq200b/369"", ""MCR_seq200b/418"", ""MCR_seq200b/448"", ""MCR_seq200b/456"", ""MCR_seq200b/471"", ""MCR_v1_seq100/12"", ""MCR_v1_seq100/6"", ""MCR_v1_seq100/76"", ""MCR_v1_seq100/86"", ""MCR_v2_seq100/174"", ""MCR_v2_seq100/197"", ""MCR_v2_seq100/201"", ""MCR_v2_seq100/208"", ""MCR_v2_seq100/227"", ""MCR_v2_seq100/230""]",0.5966148958541453
RCR3,lite3_safe,compact4_true3gen,third_generator_marginal_utility,primary,MCR,complete_or_compatible_partial,150,21,26,2,101,0.31333333333333335,0.15333333333333332,-0.16,3.032386302947998e-06,"[-0.226667, -0.1]","[""MCR_seq200b/458"", ""MCR_v2_seq100/242""]","[""MCR_seq200b/251"", ""MCR_seq200b/261"", ""MCR_seq200b/263"", ""MCR_seq200b/265"", ""MCR_seq200b/321"", ""MCR_seq200b/328"", ""MCR_seq200b/332"", ""MCR_seq200b/337"", ""MCR_seq200b/369"", ""MCR_seq200b/411"", ""MCR_seq200b/436"", ""MCR_seq200b/478"", ""MCR_v1_seq100/24"", ""MCR_v1_seq100/47"", ""MCR_v1_seq100/54"", ""MCR_v1_seq100/58"", ""MCR_v1_seq100/6"", ""MCR_v1_seq100/8"", ""MCR_v1_seq100/86"", ""MCR_v2_seq100/154"", ""MCR_v2_seq100/169"", ""MCR_v2_seq100/197"", ""MCR_v2_seq100/213"", ""MCR_v2_seq100/221"", ""MCR_v2_seq100/227"", ""MCR_v2_seq100/244""]",9.097158908843994e-06
RCR3,rcr3_default,compact4_true3gen,compact4_vs_rcr3,primary,MCR,legacy_chain,150,5,11,8,126,0.10666666666666667,0.08666666666666667,-0.02,0.6476058959960938,"[-0.073333, 0.033333]","[""MCR_seq200b/283"", ""MCR_seq200b/418"", ""MCR_seq200b/448"", ""MCR_seq200b/456"", ""MCR_seq200b/458"", ""MCR_v1_seq100/12"", ""MCR_v1_seq100/76"", ""MCR_v2_seq100/174""]","[""MCR_seq200b/328"", ""MCR_seq200b/376"", ""MCR_v1_seq100/117"", ""MCR_v1_seq100/24"", ""MCR_v1_seq100/46"", ""MCR_v1_seq100/54"", ""MCR_v1_seq100/8"", ""MCR_v1_seq100/95"", ""MCR_v2_seq100/139"", ""MCR_v2_seq100/154"", ""MCR_v2_seq100/169""]",0.6476058959960938
RCR3,lite3_safe,rcr3_default,rcr3_vs_lite3_same_3call_budget,primary,MCR,legacy_chain,150,10,12,6,122,0.14666666666666667,0.10666666666666667,-0.04,0.237884521484375,"[-0.093333, 0.013333]","[""MCR_seq200b/376"", ""MCR_v1_seq100/117"", ""MCR_v1_seq100/46"", ""MCR_v1_seq100/8"", ""MCR_v1_seq100/95"", ""MCR_v2_seq100/139""]","[""MCR_seq200b/263"", ""MCR_seq200b/283"", ""MCR_seq200b/332"", ""MCR_seq200b/369"", ""MCR_seq200b/418"", ""MCR_seq200b/436"", ""MCR_seq200b/448"", ""MCR_seq200b/456"", ""MCR_v1_seq100/12"", ""MCR_v1_seq100/76"", ""MCR_v2_seq100/221"", ""MCR_v2_seq100/227""]",0.47576904296875
RCR3,lite3_safe,compact4_true3gen,third_generator_marginal_utility,primary,MCR,legacy_chain,150,11,11,2,126,0.14666666666666667,0.08666666666666667,-0.06,0.0224609375,"[-0.106667, -0.013333]","[""MCR_seq200b/458"", ""MCR_v2_seq100/174""]","[""MCR_seq200b/263"", ""MCR_seq200b/328"", ""MCR_seq200b/332"", ""MCR_seq200b/369"", ""MCR_seq200b/436"", ""MCR_v1_seq100/24"", ""MCR_v1_seq100/54"", ""MCR_v2_seq100/154"", ""MCR_v2_seq100/169"", ""MCR_v2_seq100/221"", ""MCR_v2_seq100/227""]",0.0673828125
RCR3,rcr3_default,compact4_true3gen,compact4_vs_rcr3,primary,MCR,safe_exact,150,2,5,6,137,0.04666666666666667,0.05333333333333334,0.006666666666666667,1.0,"[-0.033333, 0.053333]","[""MCR_seq200b/448"", ""MCR_seq200b/456"", ""MCR_v1_seq100/12"", ""MCR_v1_seq100/76"", ""MCR_v2_seq100/174"", ""MCR_v2_seq100/208""]","[""MCR_seq200b/376"", ""MCR_v1_seq100/24"", ""MCR_v1_seq100/8"", ""MCR_v2_seq100/154"", ""MCR_v2_seq100/169""]",1.0
RCR3,lite3_safe,rcr3_default,rcr3_vs_lite3_same_3call_budget,primary,MCR,safe_exact,150,5,11,2,132,0.10666666666666667,0.04666666666666667,-0.06,0.0224609375,"[-0.106667, -0.013333]","[""MCR_seq200b/376"", ""MCR_v1_seq100/8""]","[""MCR_seq200b/263"", ""MCR_seq200b/283"", ""MCR_seq200b/328"", ""MCR_seq200b/332"", ""MCR_seq200b/448"", ""MCR_seq200b/456"", ""MCR_v1_seq100/105"", ""MCR_v1_seq100/12"", ""MCR_v1_seq100/76"", ""MCR_v2_seq100/208"", ""MCR_v2_seq100/227""]",0.064453125
RCR3,lite3_safe,compact4_true3gen,third_generator_marginal_utility,primary,MCR,safe_exact,150,7,9,1,133,0.10666666666666667,0.05333333333333334,-0.05333333333333334,0.021484375,"[-0.093333, -0.013333]","[""MCR_v2_seq100/174""]","[""MCR_seq200b/263"", ""MCR_seq200b/283"", ""MCR_seq200b/328"", ""MCR_seq200b/332"", ""MCR_v1_seq100/105"", ""MCR_v1_seq100/24"", ""MCR_v2_seq100/154"", ""MCR_v2_seq100/169"", ""MCR_v2_seq100/227""]",0.064453125
